Detected CPU features: neon
bpp v4.8.7_macos_aarch64, 18GB RAM, 11 cores
https://github.com/bpp/bpp

Auto-selected SIMD ISA: NEON


Starting timer..
Seed: 1426640355 (randomly generated)
Parsing species tree... Done
Parsing phylip file... Done

Summary of alignments *before* phasing sequences:
 Locus | Model | Sequences | Length | Ambiguous sites | Compressed | Base freqs 
-------+-------+-----------+--------+-----------------+------------+------------
     1 |  JC69 |         5 |    421 |             162 |          8 |      Fixed 
     2 |  JC69 |        20 |    292 |              54 |          8 |      Fixed 
     3 |  JC69 |        20 |    201 |              85 |          6 |      Fixed 
     4 |  JC69 |        20 |    158 |               1 |          2 |      Fixed 
     5 |  JC69 |        10 |   1558 |            1169 |         28 |      Fixed 
     6 |  JC69 |         5 |     58 |               1 |          2 |      Fixed 
     7 |  JC69 |        17 |    292 |              20 |         14 |      Fixed 
     8 |  JC69 |        15 |   1065 |             602 |         36 |      Fixed 
     9 |  JC69 |        19 |    529 |             387 |         23 |      Fixed 
    10 |  JC69 |        19 |    724 |             577 |         29 |      Fixed 
    11 |  JC69 |        16 |    794 |             528 |         22 |      Fixed 
    12 |  JC69 |        20 |   1252 |             920 |         65 |      Fixed 
    13 |  JC69 |        14 |    170 |               9 |          6 |      Fixed 
    14 |  JC69 |         2 |    166 |               2 |          3 |      Fixed 
    15 |  JC69 |        20 |    277 |               7 |          8 |      Fixed 
    16 |  JC69 |        15 |    440 |              21 |         15 |      Fixed 
    17 |  JC69 |         3 |    279 |              52 |          5 |      Fixed 
    18 |  JC69 |        18 |    397 |               9 |          8 |      Fixed 
    19 |  JC69 |         7 |    347 |             106 |          8 |      Fixed 
    20 |  JC69 |        13 |    253 |              24 |         10 |      Fixed 
    21 |  JC69 |        20 |    532 |             150 |          8 |      Fixed 
    22 |  JC69 |        20 |    336 |               5 |          6 |      Fixed 
    23 |  JC69 |         2 |    281 |               6 |          3 |      Fixed 
    24 |  JC69 |         8 |   1023 |             453 |          9 |      Fixed 
    25 |  JC69 |        18 |    502 |              16 |         13 |      Fixed 
    26 |  JC69 |        20 |    798 |             274 |         11 |      Fixed 
    27 |  JC69 |         3 |     85 |               0 |          1 |      Fixed 
    28 |  JC69 |         8 |    278 |              26 |         16 |      Fixed 
    29 |  JC69 |        19 |    287 |               1 |          2 |      Fixed 
    30 |  JC69 |         3 |    282 |              97 |          6 |      Fixed 
    31 |  JC69 |        17 |    286 |              17 |         11 |      Fixed 
    32 |  JC69 |         5 |    282 |              17 |         10 |      Fixed 
    33 |  JC69 |        12 |    435 |             104 |         34 |      Fixed 
    34 |  JC69 |        16 |     75 |               2 |          3 |      Fixed 
    35 |  JC69 |        20 |     85 |               1 |          2 |      Fixed 
    36 |  JC69 |         2 |    275 |               7 |          5 |      Fixed 
    37 |  JC69 |        19 |    271 |               6 |          7 |      Fixed 
    38 |  JC69 |        20 |    344 |               6 |          5 |      Fixed 
    39 |  JC69 |        19 |    216 |              27 |         16 |      Fixed 
    40 |  JC69 |        17 |    121 |               6 |          6 |      Fixed 
    41 |  JC69 |        13 |     76 |               2 |          3 |      Fixed 
    42 |  JC69 |        20 |    233 |              39 |         11 |      Fixed 
    43 |  JC69 |         8 |    196 |              20 |         10 |      Fixed 
    44 |  JC69 |        20 |    232 |               5 |          6 |      Fixed 
    45 |  JC69 |        20 |    203 |               4 |          5 |      Fixed 
    46 |  JC69 |        20 |     88 |               4 |          5 |      Fixed 
    47 |  JC69 |         5 |    144 |               3 |          3 |      Fixed 
    48 |  JC69 |         3 |     48 |               7 |          3 |      Fixed 
    49 |  JC69 |        12 |    170 |              13 |          8 |      Fixed 
    50 |  JC69 |        20 |    649 |             132 |         14 |      Fixed 
    51 |  JC69 |        19 |    104 |               2 |          3 |      Fixed 
    52 |  JC69 |         2 |    285 |               1 |          2 |      Fixed 
    53 |  JC69 |         5 |     57 |               0 |          2 |      Fixed 
    54 |  JC69 |         4 |    280 |               8 |          7 |      Fixed 
    55 |  JC69 |        12 |    122 |               1 |          2 |      Fixed 
    56 |  JC69 |         4 |    266 |               4 |          3 |      Fixed 
    57 |  JC69 |         2 |    378 |              22 |          4 |      Fixed 
    58 |  JC69 |        17 |     99 |               4 |          5 |      Fixed 
    59 |  JC69 |        16 |    675 |             675 |         41 |      Fixed 
    60 |  JC69 |        10 |    245 |              19 |         13 |      Fixed 
    61 |  JC69 |        17 |    292 |              29 |         19 |      Fixed 
    62 |  JC69 |        16 |    518 |             370 |         17 |      Fixed 
    63 |  JC69 |         3 |    285 |              17 |          8 |      Fixed 
    64 |  JC69 |         3 |    280 |              14 |          9 |      Fixed 
    65 |  JC69 |        19 |    753 |             753 |         27 |      Fixed 
    66 |  JC69 |        14 |    108 |              28 |         12 |      Fixed 
    67 |  JC69 |         5 |    282 |              15 |          9 |      Fixed 
    68 |  JC69 |         4 |    276 |               5 |          6 |      Fixed 
    69 |  JC69 |        14 |    286 |              73 |         19 |      Fixed 
    70 |  JC69 |         4 |    352 |              81 |          7 |      Fixed 
    71 |  JC69 |        18 |     94 |               7 |          4 |      Fixed 
    72 |  JC69 |         3 |    272 |               9 |          7 |      Fixed 
    73 |  JC69 |        12 |    112 |               1 |          2 |      Fixed 
    74 |  JC69 |        11 |    282 |              33 |         18 |      Fixed 
    75 |  JC69 |         2 |    279 |               8 |          4 |      Fixed 
    76 |  JC69 |        19 |    115 |              41 |          7 |      Fixed 
    77 |  JC69 |        16 |    118 |               5 |          5 |      Fixed 
    78 |  JC69 |         2 |    282 |               9 |          4 |      Fixed 
    79 |  JC69 |        19 |    538 |               6 |          7 |      Fixed 
    80 |  JC69 |        19 |    240 |               4 |          5 |      Fixed 
    81 |  JC69 |         9 |     54 |               1 |          2 |      Fixed 
    82 |  JC69 |        20 |    435 |              42 |         16 |      Fixed 
    83 |  JC69 |        20 |    214 |               8 |          9 |      Fixed 
    84 |  JC69 |         9 |    390 |             133 |         16 |      Fixed 
    85 |  JC69 |        20 |    213 |               7 |          8 |      Fixed 
    86 |  JC69 |        10 |    413 |             138 |         15 |      Fixed 
    87 |  JC69 |        20 |     97 |               2 |          3 |      Fixed 
    88 |  JC69 |         6 |     93 |               0 |          2 |      Fixed 
    89 |  JC69 |        18 |    180 |               1 |          2 |      Fixed 
    90 |  JC69 |         5 |    155 |               0 |          1 |      Fixed 
    91 |  JC69 |        16 |    300 |               4 |          5 |      Fixed 
    92 |  JC69 |         2 |    166 |              51 |          5 |      Fixed 
    93 |  JC69 |        19 |    209 |               1 |          2 |      Fixed 
    94 |  JC69 |        19 |    227 |               5 |          6 |      Fixed 
    95 |  JC69 |         8 |     74 |               9 |          8 |      Fixed 
    96 |  JC69 |        15 |    153 |               2 |          3 |      Fixed 
    97 |  JC69 |         2 |    218 |               6 |          4 |      Fixed 
    98 |  JC69 |         6 |    432 |             224 |         26 |      Fixed 
    99 |  JC69 |        13 |    355 |             113 |         26 |      Fixed 
   100 |  JC69 |        16 |    242 |              37 |         18 |      Fixed 
   101 |  JC69 |         8 |    280 |              14 |          7 |      Fixed 
   102 |  JC69 |        20 |    224 |               4 |          5 |      Fixed 
   103 |  JC69 |        18 |    335 |             128 |          8 |      Fixed 
   104 |  JC69 |         3 |    280 |              15 |          5 |      Fixed 
   105 |  JC69 |        20 |    227 |               3 |          4 |      Fixed 
   106 |  JC69 |        11 |     60 |               0 |          1 |      Fixed 
   107 |  JC69 |         9 |    214 |              12 |          7 |      Fixed 
   108 |  JC69 |         4 |    190 |               8 |          6 |      Fixed 
   109 |  JC69 |        18 |    478 |              96 |         17 |      Fixed 
   110 |  JC69 |        10 |     70 |               1 |          2 |      Fixed 
   111 |  JC69 |        19 |    203 |               6 |          6 |      Fixed 
   112 |  JC69 |         3 |     41 |               0 |          1 |      Fixed 
   113 |  JC69 |        20 |    223 |               4 |          5 |      Fixed 
   114 |  JC69 |        14 |    366 |              27 |         20 |      Fixed 
   115 |  JC69 |         3 |     93 |               0 |          1 |      Fixed 
   116 |  JC69 |        19 |    342 |              74 |         14 |      Fixed 
   117 |  JC69 |         6 |    278 |              13 |         10 |      Fixed 
   118 |  JC69 |        20 |    373 |               7 |          8 |      Fixed 
   119 |  JC69 |        20 |    163 |               2 |          3 |      Fixed 
   120 |  JC69 |        20 |    112 |               3 |          4 |      Fixed 
   121 |  JC69 |         5 |    277 |              68 |          6 |      Fixed 
   122 |  JC69 |         5 |    186 |               5 |          4 |      Fixed 
   123 |  JC69 |        20 |    292 |              25 |         16 |      Fixed 
   124 |  JC69 |        20 |    533 |              15 |         13 |      Fixed 
   125 |  JC69 |         2 |    214 |              60 |          4 |      Fixed 
   126 |  JC69 |        10 |    268 |              23 |         11 |      Fixed 
   127 |  JC69 |         9 |    434 |              11 |         11 |      Fixed 
   128 |  JC69 |        17 |    281 |              34 |         12 |      Fixed 
   129 |  JC69 |        19 |     73 |               5 |          4 |      Fixed 
   130 |  JC69 |        11 |    294 |              69 |          5 |      Fixed 
   131 |  JC69 |        20 |    126 |               5 |          6 |      Fixed 
   132 |  JC69 |         2 |    284 |              15 |          6 |      Fixed 
   133 |  JC69 |        20 |     73 |               2 |          3 |      Fixed 
   134 |  JC69 |        14 |    209 |              16 |          7 |      Fixed 
   135 |  JC69 |        16 |     82 |               2 |          3 |      Fixed 
   136 |  JC69 |        19 |    138 |               5 |          6 |      Fixed 
   137 |  JC69 |         2 |    138 |               3 |          2 |      Fixed 
   138 |  JC69 |        16 |     65 |               1 |          2 |      Fixed 
   139 |  JC69 |        20 |    126 |               3 |          4 |      Fixed 
   140 |  JC69 |         9 |    447 |              13 |          9 |      Fixed 
   141 |  JC69 |        13 |    225 |               8 |          7 |      Fixed 
   142 |  JC69 |        20 |     94 |               2 |          3 |      Fixed 
   143 |  JC69 |         4 |    248 |               4 |          7 |      Fixed 
   144 |  JC69 |         3 |     90 |               0 |          1 |      Fixed 
   145 |  JC69 |         5 |     85 |              22 |          3 |      Fixed 
   146 |  JC69 |         2 |    281 |               9 |          7 |      Fixed 
   147 |  JC69 |        13 |    192 |              93 |          6 |      Fixed 
   148 |  JC69 |         6 |    284 |              18 |          8 |      Fixed 
   149 |  JC69 |         2 |    278 |              12 |          5 |      Fixed 
   150 |  JC69 |        20 |    545 |             169 |         25 |      Fixed 
   151 |  JC69 |         2 |    350 |              64 |          4 |      Fixed 
   152 |  JC69 |        15 |    291 |              29 |         18 |      Fixed 
   153 |  JC69 |        20 |     65 |               2 |          3 |      Fixed 
   154 |  JC69 |         3 |    151 |               3 |          4 |      Fixed 
   155 |  JC69 |        15 |    277 |             119 |         11 |      Fixed 
   156 |  JC69 |        11 |     53 |               2 |          3 |      Fixed 
   157 |  JC69 |         2 |     78 |               1 |          2 |      Fixed 
   158 |  JC69 |         5 |    282 |             109 |         19 |      Fixed 
   159 |  JC69 |         2 |    281 |              37 |          5 |      Fixed 
   160 |  JC69 |         3 |    184 |               6 |          3 |      Fixed 
   161 |  JC69 |        15 |    512 |             251 |         15 |      Fixed 
   162 |  JC69 |         3 |    336 |             103 |          2 |      Fixed 
   163 |  JC69 |        19 |    258 |               6 |          7 |      Fixed 
   164 |  JC69 |         4 |    365 |              97 |          8 |      Fixed 
   165 |  JC69 |        20 |    236 |               5 |          6 |      Fixed 
   166 |  JC69 |        20 |    432 |             206 |         22 |      Fixed 
   167 |  JC69 |        15 |    432 |             110 |         15 |      Fixed 
   168 |  JC69 |        15 |    150 |              51 |         11 |      Fixed 
   169 |  JC69 |        10 |    834 |             588 |         18 |      Fixed 
   170 |  JC69 |        19 |    588 |             534 |         23 |      Fixed 
   171 |  JC69 |        19 |    658 |             503 |         39 |      Fixed 
   172 |  JC69 |        16 |    140 |               4 |          4 |      Fixed 
   173 |  JC69 |        19 |    108 |               9 |          7 |      Fixed 
   174 |  JC69 |        11 |    191 |               8 |          4 |      Fixed 
   175 |  JC69 |        13 |    292 |              19 |         14 |      Fixed 
   176 |  JC69 |        11 |    423 |              45 |         18 |      Fixed 
   177 |  JC69 |        18 |    322 |              87 |         14 |      Fixed 
   178 |  JC69 |         7 |    282 |              37 |          9 |      Fixed 
   179 |  JC69 |        15 |    415 |              18 |         18 |      Fixed 
   180 |  JC69 |         5 |     69 |               0 |          1 |      Fixed 
   181 |  JC69 |         9 |     57 |               8 |          6 |      Fixed 
   182 |  JC69 |         2 |    281 |              93 |          3 |      Fixed 
   183 |  JC69 |         3 |     46 |               0 |          1 |      Fixed 
   184 |  JC69 |        20 |     83 |               4 |          5 |      Fixed 
   185 |  JC69 |        15 |    213 |               8 |          7 |      Fixed 
   186 |  JC69 |         2 |    272 |               7 |          3 |      Fixed 
   187 |  JC69 |        20 |    145 |               7 |          7 |      Fixed 
   188 |  JC69 |         3 |    269 |               3 |          4 |      Fixed 
   189 |  JC69 |        14 |    132 |               3 |          4 |      Fixed 
   190 |  JC69 |        13 |    381 |             111 |         17 |      Fixed 
   191 |  JC69 |         9 |    281 |              71 |         17 |      Fixed 
   192 |  JC69 |        15 |    116 |               3 |          4 |      Fixed 
   193 |  JC69 |         4 |     57 |               0 |          1 |      Fixed 
   194 |  JC69 |        20 |    392 |              15 |         15 |      Fixed 
   195 |  JC69 |        20 |    167 |               2 |          3 |      Fixed 
   196 |  JC69 |        20 |    838 |             488 |         32 |      Fixed 
   197 |  JC69 |        20 |     89 |               2 |          3 |      Fixed 
   198 |  JC69 |        20 |    142 |               2 |          3 |      Fixed 
   199 |  JC69 |        20 |    105 |               2 |          3 |      Fixed 
   200 |  JC69 |        20 |    622 |             298 |         23 |      Fixed 
   201 |  JC69 |         2 |    239 |               1 |          2 |      Fixed 
   202 |  JC69 |        18 |    745 |             568 |         23 |      Fixed 
   203 |  JC69 |        20 |    255 |               7 |          8 |      Fixed 
   204 |  JC69 |        17 |     94 |              13 |          7 |      Fixed 
   205 |  JC69 |        16 |    284 |              60 |         22 |      Fixed 
   206 |  JC69 |        15 |    165 |               7 |          5 |      Fixed 
   207 |  JC69 |        20 |     76 |               6 |          4 |      Fixed 
   208 |  JC69 |        15 |     97 |              11 |          3 |      Fixed 
   209 |  JC69 |        20 |    166 |               5 |          6 |      Fixed 
   210 |  JC69 |        19 |    416 |             201 |         14 |      Fixed 
   211 |  JC69 |         4 |     51 |               4 |          2 |      Fixed 
   212 |  JC69 |         7 |    286 |              32 |         15 |      Fixed 
   213 |  JC69 |         9 |    215 |              12 |         10 |      Fixed 
   214 |  JC69 |        11 |    473 |              33 |         11 |      Fixed 
   215 |  JC69 |        20 |     62 |               3 |          4 |      Fixed 
   216 |  JC69 |        20 |     78 |               2 |          3 |      Fixed 
   217 |  JC69 |         3 |    255 |              47 |          9 |      Fixed 
   218 |  JC69 |        18 |    400 |             162 |         17 |      Fixed 
   219 |  JC69 |        19 |    220 |              13 |         10 |      Fixed 
   220 |  JC69 |        20 |    207 |               7 |          6 |      Fixed 
   221 |  JC69 |         8 |    151 |              11 |          3 |      Fixed 
   222 |  JC69 |        20 |     70 |               3 |          4 |      Fixed 
   223 |  JC69 |        10 |    251 |               9 |          8 |      Fixed 
   224 |  JC69 |         3 |     54 |               0 |          1 |      Fixed 
   225 |  JC69 |         3 |    141 |               3 |          3 |      Fixed 
   226 |  JC69 |        18 |    418 |             145 |         18 |      Fixed 
   227 |  JC69 |        16 |    435 |               4 |          6 |      Fixed 
   228 |  JC69 |        12 |    322 |              45 |         10 |      Fixed 
   229 |  JC69 |         3 |    151 |               0 |          2 |      Fixed 
   230 |  JC69 |         4 |    282 |              14 |          9 |      Fixed 
   231 |  JC69 |         4 |    105 |               1 |          2 |      Fixed 
   232 |  JC69 |         7 |    281 |              10 |         10 |      Fixed 
   233 |  JC69 |        19 |    191 |               2 |          3 |      Fixed 
   234 |  JC69 |         3 |    282 |              16 |          4 |      Fixed 
   235 |  JC69 |         3 |    280 |               7 |          6 |      Fixed 
   236 |  JC69 |        11 |    416 |             148 |         15 |      Fixed 
   237 |  JC69 |        18 |    284 |              81 |         13 |      Fixed 
   238 |  JC69 |         9 |    179 |              68 |          4 |      Fixed 
   239 |  JC69 |        16 |     87 |               1 |          2 |      Fixed 
   240 |  JC69 |        16 |    135 |               5 |          7 |      Fixed 
   241 |  JC69 |        11 |    260 |              16 |         14 |      Fixed 
   242 |  JC69 |        17 |     45 |               1 |          2 |      Fixed 
   243 |  JC69 |        19 |    205 |               7 |          8 |      Fixed 
   244 |  JC69 |        15 |    561 |             298 |         28 |      Fixed 
   245 |  JC69 |         2 |    278 |              10 |          4 |      Fixed 
   246 |  JC69 |        13 |    143 |              12 |         10 |      Fixed 
   247 |  JC69 |         8 |    126 |               8 |          6 |      Fixed 
   248 |  JC69 |         9 |    349 |              10 |          8 |      Fixed 
   249 |  JC69 |         6 |    280 |              23 |          8 |      Fixed 
   250 |  JC69 |        20 |    114 |               1 |          2 |      Fixed 
   251 |  JC69 |        20 |    128 |               2 |          3 |      Fixed 
   252 |  JC69 |        18 |    211 |              27 |         13 |      Fixed 
   253 |  JC69 |         2 |    268 |               3 |          4 |      Fixed 
   254 |  JC69 |        11 |    211 |               8 |          8 |      Fixed 
   255 |  JC69 |         8 |     72 |               6 |          4 |      Fixed 
   256 |  JC69 |        17 |    146 |               1 |          2 |      Fixed 
   257 |  JC69 |         2 |     57 |               3 |          2 |      Fixed 
   258 |  JC69 |        12 |    151 |              12 |          3 |      Fixed 
   259 |  JC69 |        20 |    147 |               2 |          3 |      Fixed 
   260 |  JC69 |        10 |    233 |              13 |          5 |      Fixed 
   261 |  JC69 |        15 |     74 |              25 |          8 |      Fixed 
   262 |  JC69 |        19 |     52 |               1 |          2 |      Fixed 
   263 |  JC69 |        20 |    212 |               7 |          8 |      Fixed 
   264 |  JC69 |         2 |     40 |               0 |          1 |      Fixed 
   265 |  JC69 |        11 |    357 |              98 |         15 |      Fixed 
   266 |  JC69 |        15 |    288 |              25 |         16 |      Fixed 
   267 |  JC69 |         9 |    289 |              17 |         15 |      Fixed 
   268 |  JC69 |         5 |    285 |              23 |          7 |      Fixed 
   269 |  JC69 |         4 |     87 |               5 |          2 |      Fixed 
   270 |  JC69 |        20 |    212 |              12 |          7 |      Fixed 
   271 |  JC69 |        20 |    171 |               0 |          1 |      Fixed 
   272 |  JC69 |        15 |     52 |               0 |          1 |      Fixed 
   273 |  JC69 |        13 |    435 |             243 |         13 |      Fixed 
   274 |  JC69 |        16 |    282 |              12 |         10 |      Fixed 
   275 |  JC69 |         2 |    411 |              23 |          5 |      Fixed 
   276 |  JC69 |         8 |    498 |              88 |         13 |      Fixed 
   277 |  JC69 |         3 |    278 |              11 |          4 |      Fixed 
   278 |  JC69 |        20 |     72 |               4 |          4 |      Fixed 
   279 |  JC69 |        12 |    532 |             264 |         15 |      Fixed 
   280 |  JC69 |        11 |    354 |             118 |         15 |      Fixed 
   281 |  JC69 |        20 |    269 |               5 |          6 |      Fixed 
   282 |  JC69 |        20 |     95 |               0 |          1 |      Fixed 
   283 |  JC69 |        10 |    128 |               6 |          4 |      Fixed 
   284 |  JC69 |         6 |    111 |               3 |          4 |      Fixed 
   285 |  JC69 |        20 |     72 |              10 |          8 |      Fixed 
   286 |  JC69 |         4 |    281 |              23 |          8 |      Fixed 
   287 |  JC69 |        19 |     60 |               0 |          1 |      Fixed 
   288 |  JC69 |        20 |    152 |               6 |          7 |      Fixed 
   289 |  JC69 |         4 |    280 |              16 |          9 |      Fixed 
   290 |  JC69 |        20 |    406 |              22 |         15 |      Fixed 
   291 |  JC69 |         4 |    275 |               9 |          7 |      Fixed 
   292 |  JC69 |         4 |    217 |              77 |         10 |      Fixed 
   293 |  JC69 |        16 |    164 |              26 |          5 |      Fixed 
   294 |  JC69 |        11 |    100 |              32 |          6 |      Fixed 
   295 |  JC69 |        18 |    249 |              21 |         19 |      Fixed 
   296 |  JC69 |         2 |    106 |               0 |          1 |      Fixed 
   297 |  JC69 |        16 |    854 |             480 |         33 |      Fixed 
   298 |  JC69 |         4 |    253 |               5 |          6 |      Fixed 
   299 |  JC69 |        20 |     95 |               0 |          1 |      Fixed 
   300 |  JC69 |        20 |    184 |               1 |          2 |      Fixed 
   301 |  JC69 |        12 |    110 |               2 |          3 |      Fixed 
   302 |  JC69 |        15 |    167 |              86 |          6 |      Fixed 
   303 |  JC69 |        20 |    324 |               6 |          7 |      Fixed 
   304 |  JC69 |        20 |    263 |             134 |          7 |      Fixed 
   305 |  JC69 |        20 |    158 |               5 |          4 |      Fixed 
   306 |  JC69 |         2 |    127 |               4 |          2 |      Fixed 
   307 |  JC69 |        16 |    102 |              19 |         12 |      Fixed 
   308 |  JC69 |         2 |    237 |               0 |          1 |      Fixed 
   309 |  JC69 |        11 |     98 |               3 |          4 |      Fixed 
   310 |  JC69 |        14 |    214 |              97 |          7 |      Fixed 
   311 |  JC69 |         8 |     60 |               0 |          1 |      Fixed 
   312 |  JC69 |         4 |    481 |             335 |          4 |      Fixed 
   313 |  JC69 |         7 |    150 |               9 |          6 |      Fixed 
   314 |  JC69 |        20 |    184 |               2 |          3 |      Fixed 
   315 |  JC69 |        15 |     95 |               3 |          4 |      Fixed 
   316 |  JC69 |        11 |    348 |              69 |         19 |      Fixed 
   317 |  JC69 |         4 |     44 |               0 |          1 |      Fixed 
   318 |  JC69 |         3 |    275 |              16 |          8 |      Fixed 
   319 |  JC69 |        17 |    212 |               6 |          7 |      Fixed 
   320 |  JC69 |         2 |     65 |               0 |          2 |      Fixed 
   321 |  JC69 |         2 |    286 |              34 |          5 |      Fixed 
   322 |  JC69 |         4 |    164 |               0 |          2 |      Fixed 
   323 |  JC69 |         6 |    317 |             128 |          7 |      Fixed 
   324 |  JC69 |        15 |    836 |             298 |         24 |      Fixed 
   325 |  JC69 |         5 |    279 |              10 |          8 |      Fixed 
   326 |  JC69 |        20 |    486 |             176 |         23 |      Fixed 
   327 |  JC69 |        18 |    291 |              32 |         18 |      Fixed 
   328 |  JC69 |        20 |     92 |               4 |          5 |      Fixed 
   329 |  JC69 |        20 |     97 |               3 |          4 |      Fixed 
   330 |  JC69 |        11 |    231 |              16 |          8 |      Fixed 
   331 |  JC69 |         2 |    277 |               7 |          4 |      Fixed 
   332 |  JC69 |        20 |    327 |             163 |          9 |      Fixed 
   333 |  JC69 |        16 |    111 |               3 |          4 |      Fixed 
   334 |  JC69 |        13 |    287 |              24 |         15 |      Fixed 
   335 |  JC69 |        16 |     80 |               3 |          3 |      Fixed 
   336 |  JC69 |        13 |    184 |               6 |          7 |      Fixed 
   337 |  JC69 |        16 |     72 |               3 |          4 |      Fixed 
   338 |  JC69 |        10 |    345 |              23 |         18 |      Fixed 
   339 |  JC69 |         8 |    103 |               8 |          9 |      Fixed 
   340 |  JC69 |        11 |    222 |              97 |         16 |      Fixed 
   341 |  JC69 |        19 |     96 |               1 |          2 |      Fixed 
   342 |  JC69 |        20 |     68 |               1 |          2 |      Fixed 
   343 |  JC69 |        10 |    282 |              17 |         14 |      Fixed 
   344 |  JC69 |         4 |     51 |               1 |          2 |      Fixed 
   345 |  JC69 |        19 |    810 |             364 |         17 |      Fixed 
   346 |  JC69 |        20 |    444 |             169 |         12 |      Fixed 
   347 |  JC69 |        20 |    422 |             144 |         14 |      Fixed 
   348 |  JC69 |         3 |    279 |              90 |          4 |      Fixed 
   349 |  JC69 |        16 |    291 |              22 |         14 |      Fixed 
   350 |  JC69 |        19 |    372 |             177 |         13 |      Fixed 
   351 |  JC69 |         3 |     40 |               0 |          1 |      Fixed 
   352 |  JC69 |        12 |    279 |              23 |         18 |      Fixed 
   353 |  JC69 |         6 |    280 |              40 |         16 |      Fixed 
   354 |  JC69 |         3 |     61 |               0 |          1 |      Fixed 
   355 |  JC69 |         3 |    239 |               8 |          5 |      Fixed 
   356 |  JC69 |        19 |     92 |               4 |          5 |      Fixed 
   357 |  JC69 |        20 |     81 |               2 |          3 |      Fixed 
   358 |  JC69 |        11 |    245 |              59 |         12 |      Fixed 
   359 |  JC69 |        19 |    114 |               2 |          3 |      Fixed 
   360 |  JC69 |         2 |    280 |               5 |          3 |      Fixed 
   361 |  JC69 |        15 |    279 |               7 |          7 |      Fixed 
   362 |  JC69 |         2 |    264 |               4 |          3 |      Fixed 
   363 |  JC69 |         2 |     44 |               0 |          1 |      Fixed 
   364 |  JC69 |        11 |     60 |               2 |          3 |      Fixed 
   365 |  JC69 |        20 |    239 |              11 |         12 |      Fixed 
   366 |  JC69 |        20 |     88 |               1 |          2 |      Fixed 
   367 |  JC69 |        13 |    153 |               5 |          6 |      Fixed 
   368 |  JC69 |        20 |    187 |               0 |          1 |      Fixed 
   369 |  JC69 |        19 |    183 |               1 |          2 |      Fixed 
   370 |  JC69 |        19 |     94 |              19 |          7 |      Fixed 
   371 |  JC69 |        17 |     79 |               4 |          5 |      Fixed 
   372 |  JC69 |        17 |    630 |             195 |         10 |      Fixed 
   373 |  JC69 |         5 |    187 |               0 |          1 |      Fixed 
   374 |  JC69 |        20 |    151 |               2 |          4 |      Fixed 
   375 |  JC69 |        20 |    107 |               4 |          5 |      Fixed 
   376 |  JC69 |        20 |    104 |               2 |          3 |      Fixed 
   377 |  JC69 |        19 |     77 |               0 |          1 |      Fixed 
   378 |  JC69 |        19 |     62 |               7 |          8 |      Fixed 
   379 |  JC69 |         3 |    118 |               6 |          2 |      Fixed 
   380 |  JC69 |        17 |    103 |               1 |          2 |      Fixed 
   381 |  JC69 |        16 |     55 |               7 |          6 |      Fixed 
   382 |  JC69 |        13 |    104 |               2 |          3 |      Fixed 
   383 |  JC69 |         6 |     52 |               2 |          3 |      Fixed 
   384 |  JC69 |        10 |    139 |               7 |          6 |      Fixed 
   385 |  JC69 |         3 |    275 |               9 |          5 |      Fixed 
   386 |  JC69 |         2 |     40 |               0 |          1 |      Fixed 
   387 |  JC69 |        16 |    185 |               8 |          9 |      Fixed 
   388 |  JC69 |         9 |     37 |               0 |          1 |      Fixed 
   389 |  JC69 |         3 |    278 |               8 |          5 |      Fixed 
   390 |  JC69 |        15 |     43 |               2 |          3 |      Fixed 
   391 |  JC69 |        11 |    554 |             286 |         21 |      Fixed 
   392 |  JC69 |        20 |    396 |              14 |          8 |      Fixed 
   393 |  JC69 |        13 |    150 |               5 |          4 |      Fixed 
   394 |  JC69 |        18 |     51 |               9 |          5 |      Fixed 
   395 |  JC69 |         4 |    200 |              34 |          7 |      Fixed 
   396 |  JC69 |        19 |     77 |               3 |          4 |      Fixed 
   397 |  JC69 |        13 |    120 |              10 |          9 |      Fixed 
   398 |  JC69 |         2 |     91 |               0 |          1 |      Fixed 
   399 |  JC69 |         2 |    257 |               1 |          2 |      Fixed 
   400 |  JC69 |        14 |     58 |               0 |          1 |      Fixed 
   401 |  JC69 |        15 |    238 |              64 |         10 |      Fixed 
   402 |  JC69 |        17 |    253 |               6 |          7 |      Fixed 
   403 |  JC69 |         3 |    239 |              54 |          3 |      Fixed 
   404 |  JC69 |        11 |     66 |               0 |          1 |      Fixed 
   405 |  JC69 |        12 |    101 |               1 |          3 |      Fixed 
   406 |  JC69 |        19 |    292 |              26 |         19 |      Fixed 
   407 |  JC69 |         9 |    280 |              15 |         14 |      Fixed 
   408 |  JC69 |        13 |    160 |              10 |          9 |      Fixed 
   409 |  JC69 |        20 |    391 |             248 |         20 |      Fixed 
   410 |  JC69 |        19 |     70 |               8 |          9 |      Fixed 
   411 |  JC69 |         4 |    276 |              22 |          9 |      Fixed 
   412 |  JC69 |        14 |    201 |              12 |         11 |      Fixed 
   413 |  JC69 |         3 |    255 |               3 |          2 |      Fixed 
   414 |  JC69 |        14 |    280 |               5 |          7 |      Fixed 
   415 |  JC69 |        13 |    546 |             312 |         22 |      Fixed 
   416 |  JC69 |        19 |    209 |              12 |          6 |      Fixed 
   417 |  JC69 |         5 |    184 |               2 |          3 |      Fixed 
   418 |  JC69 |        11 |    249 |               6 |          7 |      Fixed 
   419 |  JC69 |        16 |     45 |               3 |          3 |      Fixed 
   420 |  JC69 |        20 |    301 |              88 |         15 |      Fixed 
   421 |  JC69 |        20 |    634 |             500 |         24 |      Fixed 
   422 |  JC69 |        20 |     90 |               2 |          3 |      Fixed 
   423 |  JC69 |        12 |    353 |              92 |         22 |      Fixed 
   424 |  JC69 |        20 |     93 |               4 |          5 |      Fixed 
   425 |  JC69 |         2 |     38 |               0 |          1 |      Fixed 
   426 |  JC69 |        16 |    111 |              15 |          9 |      Fixed 
   427 |  JC69 |        20 |    197 |              12 |          8 |      Fixed 
   428 |  JC69 |         6 |    339 |              14 |         10 |      Fixed 
   429 |  JC69 |        16 |    153 |               1 |          2 |      Fixed 
   430 |  JC69 |         2 |     74 |               0 |          1 |      Fixed 
   431 |  JC69 |         6 |    124 |               2 |          3 |      Fixed 
   432 |  JC69 |        15 |    542 |             297 |         31 |      Fixed 
   433 |  JC69 |         3 |    278 |              15 |          6 |      Fixed 
   434 |  JC69 |         2 |    277 |              18 |          3 |      Fixed 
   435 |  JC69 |        10 |    121 |              17 |          9 |      Fixed 
   436 |  JC69 |        20 |    767 |             368 |         33 |      Fixed 
   437 |  JC69 |        20 |    178 |               6 |          7 |      Fixed 
   438 |  JC69 |        19 |    146 |               4 |          5 |      Fixed 
   439 |  JC69 |        18 |    214 |              10 |          6 |      Fixed 
   440 |  JC69 |        20 |    104 |              19 |         10 |      Fixed 
   441 |  JC69 |        16 |    259 |              37 |         26 |      Fixed 
   442 |  JC69 |        19 |     93 |               7 |          8 |      Fixed 
   443 |  JC69 |         2 |    277 |              44 |          5 |      Fixed 
   444 |  JC69 |        18 |    195 |              18 |         10 |      Fixed 
   445 |  JC69 |         7 |    279 |              22 |         12 |      Fixed 
   446 |  JC69 |        20 |    551 |             268 |         17 |      Fixed 
   447 |  JC69 |        20 |    395 |             165 |         13 |      Fixed 
   448 |  JC69 |         4 |    227 |               5 |          3 |      Fixed 
   449 |  JC69 |         2 |    282 |               7 |          3 |      Fixed 
   450 |  JC69 |         3 |    277 |               9 |          4 |      Fixed 
   451 |  JC69 |        11 |    258 |              21 |         15 |      Fixed 
   452 |  JC69 |        19 |    176 |               6 |          5 |      Fixed 
   453 |  JC69 |        19 |    222 |               1 |          2 |      Fixed 
   454 |  JC69 |         2 |    279 |              10 |          4 |      Fixed 
   455 |  JC69 |        13 |     41 |               3 |          4 |      Fixed 
   456 |  JC69 |        15 |    589 |             589 |         27 |      Fixed 
   457 |  JC69 |        20 |    174 |               2 |          3 |      Fixed 
   458 |  JC69 |        15 |    252 |              19 |         15 |      Fixed 
   459 |  JC69 |        20 |    164 |               4 |          5 |      Fixed 
   460 |  JC69 |         4 |     53 |               1 |          2 |      Fixed 
   461 |  JC69 |        16 |    530 |             396 |         17 |      Fixed 
   462 |  JC69 |        20 |     72 |               2 |          3 |      Fixed 
   463 |  JC69 |        17 |    146 |              74 |          9 |      Fixed 
   464 |  JC69 |        20 |    153 |              11 |         10 |      Fixed 
   465 |  JC69 |         5 |    271 |              40 |         12 |      Fixed 
   466 |  JC69 |        18 |    181 |              18 |          7 |      Fixed 
   467 |  JC69 |        19 |     82 |               6 |          7 |      Fixed 
   468 |  JC69 |        12 |    118 |              20 |          6 |      Fixed 
   469 |  JC69 |        18 |    288 |             150 |         10 |      Fixed 
   470 |  JC69 |        20 |    148 |              12 |          9 |      Fixed 
   471 |  JC69 |         2 |    145 |               0 |          1 |      Fixed 
   472 |  JC69 |        20 |     65 |               1 |          2 |      Fixed 
   473 |  JC69 |        20 |    292 |             144 |         11 |      Fixed 
   474 |  JC69 |         5 |    153 |              19 |          4 |      Fixed 
   475 |  JC69 |        20 |    116 |               4 |          5 |      Fixed 
   476 |  JC69 |        19 |    231 |              77 |         12 |      Fixed 
   477 |  JC69 |         2 |    258 |               4 |          3 |      Fixed 
   478 |  JC69 |        18 |     75 |               2 |          3 |      Fixed 
   479 |  JC69 |        16 |    332 |             132 |         15 |      Fixed 
   480 |  JC69 |         3 |    282 |              12 |          5 |      Fixed 
   481 |  JC69 |         3 |    134 |               0 |          1 |      Fixed 
   482 |  JC69 |        16 |    102 |              10 |          6 |      Fixed 
   483 |  JC69 |        12 |    131 |               2 |          3 |      Fixed 
   484 |  JC69 |        18 |    257 |               2 |          3 |      Fixed 
   485 |  JC69 |        16 |    183 |               6 |          7 |      Fixed 
   486 |  JC69 |        15 |     45 |               0 |          1 |      Fixed 
   487 |  JC69 |        20 |    219 |              16 |          2 |      Fixed 
   488 |  JC69 |        12 |    190 |               9 |          5 |      Fixed 
   489 |  JC69 |         5 |    520 |             252 |          8 |      Fixed 
   490 |  JC69 |        20 |     49 |               3 |          4 |      Fixed 
   491 |  JC69 |        20 |     89 |               2 |          3 |      Fixed 
   492 |  JC69 |         2 |    273 |              29 |          2 |      Fixed 
   493 |  JC69 |         5 |    286 |              92 |         14 |      Fixed 
   494 |  JC69 |        20 |    207 |              67 |          8 |      Fixed 
   495 |  JC69 |         9 |    285 |              21 |         14 |      Fixed 
   496 |  JC69 |         6 |    237 |              34 |          7 |      Fixed 
   497 |  JC69 |        13 |    952 |             608 |         24 |      Fixed 
   498 |  JC69 |        15 |     81 |              11 |          7 |      Fixed 
   499 |  JC69 |        14 |    377 |             106 |         17 |      Fixed 
   500 |  JC69 |         4 |    282 |              14 |          8 |      Fixed 
   501 |  JC69 |         8 |    271 |              18 |         11 |      Fixed 
   502 |  JC69 |        19 |     87 |               2 |          3 |      Fixed 
   503 |  JC69 |        20 |    168 |               2 |          3 |      Fixed 
   504 |  JC69 |        20 |    115 |               8 |          8 |      Fixed 
   505 |  JC69 |         3 |    182 |               0 |          1 |      Fixed 
   506 |  JC69 |        16 |    477 |              12 |         13 |      Fixed 
   507 |  JC69 |        20 |    332 |             147 |          9 |      Fixed 
   508 |  JC69 |        14 |    573 |             303 |         21 |      Fixed 
   509 |  JC69 |        19 |    215 |               1 |          2 |      Fixed 
   510 |  JC69 |         5 |     47 |               0 |          1 |      Fixed 
   511 |  JC69 |         7 |    522 |             253 |         11 |      Fixed 
   512 |  JC69 |         4 |    270 |               8 |          5 |      Fixed 
   513 |  JC69 |         9 |    281 |              14 |         13 |      Fixed 
   514 |  JC69 |        16 |    234 |               8 |          9 |      Fixed 
   515 |  JC69 |         2 |     37 |               0 |          1 |      Fixed 
   516 |  JC69 |         2 |    341 |               5 |          2 |      Fixed 
   517 |  JC69 |        14 |    218 |               6 |          7 |      Fixed 
   518 |  JC69 |        13 |    180 |               4 |          5 |      Fixed 
   519 |  JC69 |         7 |    119 |               1 |          2 |      Fixed 
   520 |  JC69 |         3 |    267 |             134 |          5 |      Fixed 
   521 |  JC69 |        13 |     90 |               1 |          2 |      Fixed 
   522 |  JC69 |        12 |    372 |             104 |         20 |      Fixed 
   523 |  JC69 |         2 |     57 |               0 |          1 |      Fixed 
   524 |  JC69 |        19 |    170 |               2 |          3 |      Fixed 
   525 |  JC69 |        20 |    275 |              79 |          5 |      Fixed 
   526 |  JC69 |        18 |    116 |               4 |          5 |      Fixed 
   527 |  JC69 |        20 |    406 |             277 |         45 |      Fixed 
   528 |  JC69 |        14 |    100 |              31 |          4 |      Fixed 
   529 |  JC69 |         5 |     61 |              27 |          3 |      Fixed 
   530 |  JC69 |        20 |    168 |               6 |          5 |      Fixed 
   531 |  JC69 |         8 |    280 |               9 |          6 |      Fixed 
   532 |  JC69 |        17 |    370 |              98 |         15 |      Fixed 
   533 |  JC69 |        14 |    259 |              84 |         14 |      Fixed 
   534 |  JC69 |         9 |    211 |               6 |          6 |      Fixed 
   535 |  JC69 |        20 |    647 |             295 |         14 |      Fixed 
   536 |  JC69 |         5 |    292 |               5 |          4 |      Fixed 
   537 |  JC69 |        20 |     89 |               4 |          4 |      Fixed 
   538 |  JC69 |        19 |    253 |               4 |          4 |      Fixed 
   539 |  JC69 |        18 |     95 |               2 |          3 |      Fixed 
   540 |  JC69 |        17 |    447 |             182 |         20 |      Fixed 
   541 |  JC69 |        20 |     74 |               1 |          2 |      Fixed 
   542 |  JC69 |         7 |    281 |              39 |          5 |      Fixed 
   543 |  JC69 |        18 |    404 |              16 |         11 |      Fixed 
   544 |  JC69 |        20 |     71 |               4 |          4 |      Fixed 
   545 |  JC69 |         3 |    280 |              19 |          4 |      Fixed 
   546 |  JC69 |         8 |    275 |             139 |          9 |      Fixed 
   547 |  JC69 |         2 |    278 |               6 |          4 |      Fixed 
   548 |  JC69 |         2 |    264 |               6 |          4 |      Fixed 
   549 |  JC69 |        18 |    272 |              15 |         12 |      Fixed 
   550 |  JC69 |        17 |    131 |               2 |          3 |      Fixed 
   551 |  JC69 |        19 |     62 |               3 |          5 |      Fixed 
   552 |  JC69 |        18 |    225 |              10 |         11 |      Fixed 
   553 |  JC69 |         4 |    136 |               7 |          5 |      Fixed 
   554 |  JC69 |        17 |    223 |              64 |          6 |      Fixed 
   555 |  JC69 |        14 |    156 |               2 |          3 |      Fixed 
   556 |  JC69 |         3 |    279 |              13 |          7 |      Fixed 
   557 |  JC69 |         3 |     93 |              11 |          5 |      Fixed 
   558 |  JC69 |        20 |    286 |              65 |         18 |      Fixed 
   559 |  JC69 |         3 |    105 |               0 |          1 |      Fixed 
   560 |  JC69 |         3 |    283 |              29 |         12 |      Fixed 
   561 |  JC69 |        19 |    225 |               6 |          7 |      Fixed 
   562 |  JC69 |         2 |    253 |               2 |          4 |      Fixed 
   563 |  JC69 |         4 |     57 |               0 |          1 |      Fixed 
   564 |  JC69 |        18 |    277 |              80 |         18 |      Fixed 
   565 |  JC69 |        13 |    642 |             487 |         21 |      Fixed 
   566 |  JC69 |        19 |    216 |               3 |          5 |      Fixed 
   567 |  JC69 |         3 |     58 |               1 |          2 |      Fixed 
   568 |  JC69 |         5 |     52 |               1 |          2 |      Fixed 
   569 |  JC69 |        14 |    178 |               6 |          7 |      Fixed 
   570 |  JC69 |         9 |    187 |              11 |          4 |      Fixed 
   571 |  JC69 |         6 |    281 |              19 |          9 |      Fixed 
   572 |  JC69 |        11 |    226 |               6 |          7 |      Fixed 
   573 |  JC69 |        13 |     56 |               0 |          1 |      Fixed 
   574 |  JC69 |         4 |    190 |               8 |          5 |      Fixed 
   575 |  JC69 |        11 |     86 |               7 |          8 |      Fixed 
   576 |  JC69 |        20 |    584 |             392 |         30 |      Fixed 
   577 |  JC69 |        20 |    218 |              17 |         12 |      Fixed 
   578 |  JC69 |        20 |     76 |               3 |          4 |      Fixed 
   579 |  JC69 |         2 |     55 |               0 |          1 |      Fixed 
   580 |  JC69 |        19 |    790 |             790 |         24 |      Fixed 
   581 |  JC69 |        20 |     91 |               7 |          7 |      Fixed 
   582 |  JC69 |        20 |    249 |             117 |         10 |      Fixed 
   583 |  JC69 |         3 |     41 |               0 |          1 |      Fixed 
   584 |  JC69 |        18 |    436 |             175 |         22 |      Fixed 
   585 |  JC69 |         3 |    279 |               0 |          2 |      Fixed 
   586 |  JC69 |        19 |    633 |             479 |         35 |      Fixed 
   587 |  JC69 |        10 |    251 |               9 |          8 |      Fixed 
   588 |  JC69 |        20 |     93 |               1 |          2 |      Fixed 
   589 |  JC69 |         2 |    279 |              22 |          5 |      Fixed 
   590 |  JC69 |         2 |     66 |               0 |          1 |      Fixed 
   591 |  JC69 |         5 |    282 |              14 |          9 |      Fixed 
   592 |  JC69 |        20 |    155 |               1 |          2 |      Fixed 
   593 |  JC69 |         3 |    177 |               2 |          4 |      Fixed 
   594 |  JC69 |         3 |    105 |               0 |          2 |      Fixed 
   595 |  JC69 |        20 |    303 |             140 |         10 |      Fixed 
   596 |  JC69 |        17 |    229 |               6 |          6 |      Fixed 
   597 |  JC69 |        19 |    602 |             455 |         15 |      Fixed 
   598 |  JC69 |         7 |    282 |              25 |         12 |      Fixed 
   599 |  JC69 |         2 |    115 |               0 |          1 |      Fixed 
   600 |  JC69 |        17 |     53 |               9 |          3 |      Fixed 
   601 |  JC69 |        15 |    141 |               3 |          3 |      Fixed 
   602 |  JC69 |        20 |     65 |               3 |          3 |      Fixed 
   603 |  JC69 |        19 |     67 |               1 |          2 |      Fixed 
   604 |  JC69 |        20 |    206 |              31 |         17 |      Fixed 
   605 |  JC69 |        18 |    508 |              26 |         21 |      Fixed 
   606 |  JC69 |        18 |     89 |               8 |          8 |      Fixed 
   607 |  JC69 |         2 |    286 |               5 |          4 |      Fixed 
   608 |  JC69 |        11 |    193 |              10 |          6 |      Fixed 
   609 |  JC69 |         2 |    217 |               0 |          1 |      Fixed 
   610 |  JC69 |        11 |    483 |             239 |         10 |      Fixed 
   611 |  JC69 |        10 |    282 |              50 |         12 |      Fixed 
   612 |  JC69 |         2 |    282 |               6 |          4 |      Fixed 
   613 |  JC69 |         2 |    134 |               0 |          1 |      Fixed 
   614 |  JC69 |        17 |    135 |              27 |         12 |      Fixed 
   615 |  JC69 |        11 |    461 |             200 |         26 |      Fixed 
   616 |  JC69 |         2 |     97 |               0 |          2 |      Fixed 
   617 |  JC69 |        18 |    289 |              19 |         12 |      Fixed 
   618 |  JC69 |        19 |    374 |              97 |         14 |      Fixed 
   619 |  JC69 |        20 |    567 |             282 |         20 |      Fixed 
   620 |  JC69 |        16 |     80 |               7 |          5 |      Fixed 
   621 |  JC69 |        19 |    292 |              29 |         21 |      Fixed 
   622 |  JC69 |         2 |    250 |              10 |          3 |      Fixed 
   623 |  JC69 |        20 |    156 |               8 |          9 |      Fixed 
   624 |  JC69 |         3 |    281 |              13 |          6 |      Fixed 
   625 |  JC69 |         9 |    414 |             414 |         14 |      Fixed 
   626 |  JC69 |        13 |    364 |             137 |         19 |      Fixed 
   627 |  JC69 |        20 |    210 |               6 |          7 |      Fixed 
   628 |  JC69 |         2 |    286 |              53 |          4 |      Fixed 
   629 |  JC69 |         8 |    100 |               0 |          3 |      Fixed 
   630 |  JC69 |        12 |     41 |               0 |          1 |      Fixed 
   631 |  JC69 |         5 |    285 |              14 |         11 |      Fixed 
   632 |  JC69 |         4 |    280 |              82 |          8 |      Fixed 
   633 |  JC69 |         7 |    389 |             256 |         12 |      Fixed 
   634 |  JC69 |        12 |     92 |               4 |          3 |      Fixed 
   635 |  JC69 |        19 |    126 |               2 |          2 |      Fixed 
   636 |  JC69 |         8 |    282 |             122 |         22 |      Fixed 
   637 |  JC69 |        15 |    251 |               2 |          3 |      Fixed 
   638 |  JC69 |        13 |    291 |              20 |         14 |      Fixed 
   639 |  JC69 |        19 |    406 |              54 |         16 |      Fixed 
   640 |  JC69 |         3 |    512 |             245 |          8 |      Fixed 
   641 |  JC69 |        16 |    424 |              32 |         23 |      Fixed 
   642 |  JC69 |        20 |    349 |               8 |          8 |      Fixed 
   643 |  JC69 |        17 |    528 |             170 |         17 |      Fixed 
   644 |  JC69 |        20 |    145 |              10 |          9 |      Fixed 
   645 |  JC69 |         2 |    275 |              13 |          5 |      Fixed 
   646 |  JC69 |         5 |    281 |              23 |         12 |      Fixed 
   647 |  JC69 |        19 |    107 |               4 |          4 |      Fixed 
   648 |  JC69 |         2 |    282 |              41 |          9 |      Fixed 
   649 |  JC69 |         2 |     41 |               4 |          2 |      Fixed 
   650 |  JC69 |        20 |    145 |               3 |          4 |      Fixed 
   651 |  JC69 |         2 |    253 |               4 |          2 |      Fixed 
   652 |  JC69 |         3 |    125 |               1 |          3 |      Fixed 
   653 |  JC69 |        20 |    221 |               5 |          4 |      Fixed 
   654 |  JC69 |         2 |    282 |              15 |          3 |      Fixed 
   655 |  JC69 |         2 |    503 |               8 |          3 |      Fixed 
   656 |  JC69 |        14 |    758 |             615 |         39 |      Fixed 
   657 |  JC69 |         2 |    191 |               0 |          1 |      Fixed 
   658 |  JC69 |        15 |    103 |               2 |          3 |      Fixed 
   659 |  JC69 |        13 |    354 |              95 |         14 |      Fixed 
   660 |  JC69 |        10 |     80 |               1 |          2 |      Fixed 
   661 |  JC69 |         2 |    282 |               8 |          2 |      Fixed 
   662 |  JC69 |        19 |    855 |             254 |         21 |      Fixed 
   663 |  JC69 |        19 |    536 |             356 |         19 |      Fixed 
   664 |  JC69 |        20 |    160 |               4 |          5 |      Fixed 
   665 |  JC69 |        20 |    300 |              43 |          8 |      Fixed 
   666 |  JC69 |        17 |    292 |              24 |         15 |      Fixed 
   667 |  JC69 |        20 |    135 |               3 |          4 |      Fixed 
   668 |  JC69 |         3 |    279 |              28 |          5 |      Fixed 
   669 |  JC69 |        19 |    539 |             193 |         31 |      Fixed 
   670 |  JC69 |        20 |    569 |             278 |         20 |      Fixed 
   671 |  JC69 |        15 |    291 |              23 |         14 |      Fixed 
   672 |  JC69 |         7 |    275 |               3 |          4 |      Fixed 
   673 |  JC69 |        16 |    292 |              23 |         14 |      Fixed 
   674 |  JC69 |        19 |    231 |              10 |         10 |      Fixed 
   675 |  JC69 |         9 |    280 |             111 |         19 |      Fixed 
   676 |  JC69 |         5 |    264 |             125 |          4 |      Fixed 
   677 |  JC69 |        16 |    112 |               8 |          5 |      Fixed 
   678 |  JC69 |         8 |    271 |              18 |         11 |      Fixed 
   679 |  JC69 |        14 |    292 |              21 |         16 |      Fixed 
   680 |  JC69 |        19 |     91 |               6 |          4 |      Fixed 
   681 |  JC69 |        18 |    292 |              54 |         15 |      Fixed 
   682 |  JC69 |        19 |    116 |               1 |          2 |      Fixed 
   683 |  JC69 |        20 |     53 |               2 |          3 |      Fixed 
   684 |  JC69 |        19 |     70 |               1 |          2 |      Fixed 
   685 |  JC69 |         9 |    163 |               1 |          2 |      Fixed 
   686 |  JC69 |        19 |    350 |             347 |         16 |      Fixed 
   687 |  JC69 |         2 |     73 |               0 |          1 |      Fixed 
   688 |  JC69 |        10 |    198 |               7 |          5 |      Fixed 
   689 |  JC69 |        18 |    114 |               5 |          6 |      Fixed 
   690 |  JC69 |        19 |    230 |               6 |          5 |      Fixed 
   691 |  JC69 |        15 |    291 |              25 |         19 |      Fixed 
   692 |  JC69 |        20 |    114 |               1 |          2 |      Fixed 
   693 |  JC69 |         6 |    287 |              97 |         18 |      Fixed 
   694 |  JC69 |        18 |    186 |               7 |          8 |      Fixed 
   695 |  JC69 |         8 |    286 |              21 |         17 |      Fixed 
   696 |  JC69 |        20 |     51 |               1 |          2 |      Fixed 
   697 |  JC69 |         7 |    155 |               1 |          2 |      Fixed 
   698 |  JC69 |        11 |    723 |             465 |         30 |      Fixed 
   699 |  JC69 |        19 |    275 |              17 |         11 |      Fixed 
   700 |  JC69 |         6 |     42 |               0 |          1 |      Fixed 
   701 |  JC69 |         7 |    282 |              49 |         11 |      Fixed 
   702 |  JC69 |        12 |   1010 |             705 |         24 |      Fixed 
   703 |  JC69 |        19 |     59 |               4 |          5 |      Fixed 
   704 |  JC69 |         9 |    280 |             106 |         11 |      Fixed 
   705 |  JC69 |        18 |    149 |              10 |          8 |      Fixed 
   706 |  JC69 |         2 |    115 |               0 |          1 |      Fixed 
   707 |  JC69 |         8 |    186 |               3 |          4 |      Fixed 
   708 |  JC69 |         2 |    276 |              47 |          9 |      Fixed 
   709 |  JC69 |         6 |    396 |             125 |          8 |      Fixed 
   710 |  JC69 |        19 |    185 |               5 |          6 |      Fixed 
   711 |  JC69 |        10 |     42 |               2 |          3 |      Fixed 
   712 |  JC69 |        20 |    210 |               5 |          6 |      Fixed 
   713 |  JC69 |        20 |    388 |             176 |         18 |      Fixed 
   714 |  JC69 |        17 |     74 |              14 |          5 |      Fixed 
   715 |  JC69 |        17 |    233 |              21 |         11 |      Fixed 
   716 |  JC69 |        20 |    243 |               3 |          4 |      Fixed 
   717 |  JC69 |         3 |    279 |               6 |          5 |      Fixed 
   718 |  JC69 |        13 |    259 |              20 |         15 |      Fixed 
   719 |  JC69 |         4 |     64 |               0 |          1 |      Fixed 
   720 |  JC69 |         2 |     41 |               0 |          1 |      Fixed 
   721 |  JC69 |        12 |    146 |               7 |          7 |      Fixed 
   722 |  JC69 |        15 |    119 |               1 |          2 |      Fixed 
   723 |  JC69 |         5 |    286 |              25 |          9 |      Fixed 
   724 |  JC69 |        18 |    174 |              38 |          9 |      Fixed 
   725 |  JC69 |        20 |    168 |              15 |         10 |      Fixed 
   726 |  JC69 |        17 |    613 |             240 |         17 |      Fixed 
   727 |  JC69 |         4 |    263 |              17 |          6 |      Fixed 
   728 |  JC69 |        10 |    121 |               4 |          4 |      Fixed 
   729 |  JC69 |        10 |    167 |               7 |          4 |      Fixed 
   730 |  JC69 |         8 |    282 |             115 |         16 |      Fixed 
   731 |  JC69 |        15 |    267 |              77 |         14 |      Fixed 
   732 |  JC69 |        14 |    291 |              22 |         18 |      Fixed 
   733 |  JC69 |        19 |     74 |               2 |          3 |      Fixed 
   734 |  JC69 |         3 |    170 |               3 |          3 |      Fixed 
   735 |  JC69 |        20 |    660 |             326 |         19 |      Fixed 
   736 |  JC69 |         5 |    316 |             102 |         11 |      Fixed 
   737 |  JC69 |         6 |     84 |               6 |          5 |      Fixed 
   738 |  JC69 |        12 |    183 |              49 |         12 |      Fixed 
   739 |  JC69 |         2 |    285 |              71 |          8 |      Fixed 
   740 |  JC69 |        19 |    343 |               8 |         10 |      Fixed 
   741 |  JC69 |         4 |    282 |               8 |          6 |      Fixed 
   742 |  JC69 |         9 |    208 |              13 |         10 |      Fixed 
   743 |  JC69 |         7 |    282 |              93 |         11 |      Fixed 
   744 |  JC69 |        18 |    247 |              39 |          5 |      Fixed 
   745 |  JC69 |        18 |    210 |               4 |          4 |      Fixed 
   746 |  JC69 |        11 |    285 |              33 |         20 |      Fixed 
   747 |  JC69 |        17 |    818 |             660 |         39 |      Fixed 
   748 |  JC69 |        20 |    150 |               6 |          4 |      Fixed 
   749 |  JC69 |         2 |     56 |               0 |          1 |      Fixed 
   750 |  JC69 |        20 |    575 |             289 |         17 |      Fixed 
   751 |  JC69 |         2 |    258 |               6 |          3 |      Fixed 
   752 |  JC69 |         6 |    203 |              17 |          3 |      Fixed 
   753 |  JC69 |        18 |    260 |               9 |          8 |      Fixed 
   754 |  JC69 |        14 |    535 |             271 |         24 |      Fixed 
   755 |  JC69 |         2 |    283 |               8 |          4 |      Fixed 
   756 |  JC69 |        16 |    529 |             263 |         19 |      Fixed 
   757 |  JC69 |         4 |    282 |              81 |         10 |      Fixed 
   758 |  JC69 |        17 |     81 |               7 |          4 |      Fixed 
   759 |  JC69 |         2 |     63 |               1 |          2 |      Fixed 
   760 |  JC69 |         2 |     63 |               0 |          1 |      Fixed 
   761 |  JC69 |         3 |    237 |              38 |          7 |      Fixed 
   762 |  JC69 |        20 |    135 |               3 |          4 |      Fixed 
   763 |  JC69 |         2 |     67 |               4 |          3 |      Fixed 
   764 |  JC69 |         2 |     51 |               0 |          1 |      Fixed 
   765 |  JC69 |        15 |    478 |              63 |          8 |      Fixed 
   766 |  JC69 |         5 |    132 |               4 |          4 |      Fixed 
   767 |  JC69 |        19 |     90 |               2 |          3 |      Fixed 
   768 |  JC69 |        11 |    146 |               4 |          5 |      Fixed 
   769 |  JC69 |         2 |    277 |               5 |          3 |      Fixed 
   770 |  JC69 |        20 |    705 |             442 |         31 |      Fixed 
   771 |  JC69 |         8 |     43 |               1 |          2 |      Fixed 
   772 |  JC69 |        11 |    253 |              47 |         22 |      Fixed 
   773 |  JC69 |         2 |    139 |               1 |          2 |      Fixed 
   774 |  JC69 |         3 |    415 |              25 |          6 |      Fixed 
   775 |  JC69 |         2 |    276 |               0 |          1 |      Fixed 
   776 |  JC69 |         3 |     38 |              19 |          4 |      Fixed 
   777 |  JC69 |         2 |    177 |               0 |          2 |      Fixed 
   778 |  JC69 |         3 |    147 |               0 |          2 |      Fixed 
   779 |  JC69 |         2 |    171 |               3 |          2 |      Fixed 
   780 |  JC69 |         4 |    199 |               0 |          3 |      Fixed 
   781 |  JC69 |         3 |    209 |               0 |          1 |      Fixed 
   782 |  JC69 |         7 |    337 |             152 |          7 |      Fixed 
   783 |  JC69 |        18 |    142 |              10 |          7 |      Fixed 
   784 |  JC69 |        14 |    146 |               2 |          3 |      Fixed 
   785 |  JC69 |        17 |    146 |              10 |         10 |      Fixed 
   786 |  JC69 |        19 |    146 |              13 |          8 |      Fixed 
   787 |  JC69 |        12 |    274 |               4 |          5 |      Fixed 
   788 |  JC69 |        20 |    157 |               7 |          7 |      Fixed 
   789 |  JC69 |        20 |    170 |               2 |          3 |      Fixed 
   790 |  JC69 |         3 |    282 |              22 |          8 |      Fixed 
   791 |  JC69 |         2 |    137 |               0 |          1 |      Fixed 
   792 |  JC69 |         3 |    281 |              36 |          8 |      Fixed 
   793 |  JC69 |        10 |    278 |              33 |         20 |      Fixed 
   794 |  JC69 |         6 |    280 |             104 |         13 |      Fixed 
   795 |  JC69 |         2 |    282 |               9 |          4 |      Fixed 
   796 |  JC69 |         2 |    285 |              32 |          4 |      Fixed 
   797 |  JC69 |        20 |    246 |              60 |          6 |      Fixed 
   798 |  JC69 |         7 |    181 |              10 |          9 |      Fixed 
   799 |  JC69 |        10 |    282 |              13 |         11 |      Fixed 
   800 |  JC69 |        15 |    209 |              31 |         16 |      Fixed 
   801 |  JC69 |         3 |     40 |               0 |          1 |      Fixed 
   802 |  JC69 |        20 |    303 |              86 |         14 |      Fixed 
   803 |  JC69 |         3 |    278 |              16 |         13 |      Fixed 
   804 |  JC69 |         5 |    226 |               7 |          7 |      Fixed 
   805 |  JC69 |         3 |    286 |              13 |          7 |      Fixed 
   806 |  JC69 |         2 |     66 |               0 |          1 |      Fixed 
   807 |  JC69 |         7 |    276 |              16 |         11 |      Fixed 
   808 |  JC69 |        15 |    130 |              16 |          4 |      Fixed 
   809 |  JC69 |        20 |    574 |             414 |         23 |      Fixed 
   810 |  JC69 |        16 |    282 |              17 |         17 |      Fixed 
   811 |  JC69 |        13 |    257 |               5 |          7 |      Fixed 
   812 |  JC69 |         7 |     65 |               6 |          4 |      Fixed 
   813 |  JC69 |        20 |    107 |               7 |          8 |      Fixed 
   814 |  JC69 |         2 |     45 |               0 |          1 |      Fixed 
   815 |  JC69 |        15 |     74 |              16 |          6 |      Fixed 
   816 |  JC69 |         7 |     49 |               1 |          3 |      Fixed 
   817 |  JC69 |         2 |    287 |               8 |          3 |      Fixed 
   818 |  JC69 |         9 |    435 |             185 |         17 |      Fixed 
   819 |  JC69 |        14 |     93 |              12 |          7 |      Fixed 
   820 |  JC69 |         6 |    214 |               0 |          2 |      Fixed 
   821 |  JC69 |        11 |    124 |               2 |          3 |      Fixed 
   822 |  JC69 |        20 |    123 |               4 |          5 |      Fixed 
   823 |  JC69 |        12 |    331 |             191 |         15 |      Fixed 
   824 |  JC69 |        17 |     91 |               1 |          2 |      Fixed 
   825 |  JC69 |        16 |    104 |               6 |          7 |      Fixed 
   826 |  JC69 |         7 |    284 |              23 |          8 |      Fixed 
   827 |  JC69 |        16 |    236 |               9 |          8 |      Fixed 
   828 |  JC69 |        12 |    383 |             134 |         24 |      Fixed 
   829 |  JC69 |        20 |    116 |               2 |          3 |      Fixed 
   830 |  JC69 |         9 |    281 |              22 |         16 |      Fixed 
   831 |  JC69 |         2 |    281 |              69 |          5 |      Fixed 
   832 |  JC69 |        11 |    213 |              11 |         10 |      Fixed 
   833 |  JC69 |         7 |    282 |              16 |          6 |      Fixed 
   834 |  JC69 |        20 |    108 |               1 |          2 |      Fixed 
   835 |  JC69 |        20 |     88 |               0 |          1 |      Fixed 
   836 |  JC69 |         2 |    284 |              35 |         11 |      Fixed 
   837 |  JC69 |        17 |    179 |               4 |          5 |      Fixed 
   838 |  JC69 |         3 |    280 |              22 |          5 |      Fixed 
   839 |  JC69 |         2 |    199 |               8 |          8 |      Fixed 
   840 |  JC69 |        12 |    104 |               3 |          2 |      Fixed 
   841 |  JC69 |        13 |    286 |              18 |         16 |      Fixed 
   842 |  JC69 |        16 |    266 |               6 |          5 |      Fixed 
   843 |  JC69 |         2 |    285 |              11 |          4 |      Fixed 
   844 |  JC69 |        19 |    108 |               2 |          4 |      Fixed 
   845 |  JC69 |        20 |    218 |               4 |          6 |      Fixed 
   846 |  JC69 |        20 |     99 |               5 |          4 |      Fixed 
   847 |  JC69 |        17 |     65 |               4 |          5 |      Fixed 
   848 |  JC69 |         6 |    222 |               5 |          5 |      Fixed 
   849 |  JC69 |        20 |    103 |               6 |          7 |      Fixed 
   850 |  JC69 |         2 |    285 |              15 |          5 |      Fixed 
   851 |  JC69 |        19 |    816 |             497 |         28 |      Fixed 
   852 |  JC69 |        20 |    633 |             378 |         31 |      Fixed 
   853 |  JC69 |         2 |    118 |               3 |          2 |      Fixed 
   854 |  JC69 |        20 |    247 |               6 |          5 |      Fixed 
   855 |  JC69 |         2 |    280 |              11 |          7 |      Fixed 
   856 |  JC69 |        17 |    262 |              89 |          4 |      Fixed 
   857 |  JC69 |         6 |    555 |             306 |         12 |      Fixed 
   858 |  JC69 |         7 |    197 |              11 |          9 |      Fixed 
   859 |  JC69 |        13 |    722 |             242 |         27 |      Fixed 
   860 |  JC69 |         2 |    279 |              10 |          3 |      Fixed 
   861 |  JC69 |        15 |     66 |               3 |          3 |      Fixed 
   862 |  JC69 |        20 |     73 |               3 |          4 |      Fixed 
   863 |  JC69 |        10 |    271 |              85 |         15 |      Fixed 
   864 |  JC69 |         3 |    283 |              44 |          5 |      Fixed 
   865 |  JC69 |         5 |    458 |             186 |         11 |      Fixed 
   866 |  JC69 |         3 |    213 |               4 |          4 |      Fixed 
   867 |  JC69 |         8 |    100 |              24 |          5 |      Fixed 
   868 |  JC69 |         9 |    251 |              91 |         11 |      Fixed 
   869 |  JC69 |         2 |    283 |              65 |          7 |      Fixed 
   870 |  JC69 |         8 |     59 |               3 |          3 |      Fixed 
   871 |  JC69 |         5 |    262 |              57 |          5 |      Fixed 
   872 |  JC69 |        20 |    150 |              74 |          9 |      Fixed 
   873 |  JC69 |        20 |    643 |             460 |         27 |      Fixed 
   874 |  JC69 |        15 |    214 |              18 |          8 |      Fixed 
   875 |  JC69 |        18 |    317 |              83 |         16 |      Fixed 
   876 |  JC69 |        19 |     91 |               3 |          4 |      Fixed 
   877 |  JC69 |         2 |    284 |              11 |          6 |      Fixed 
   878 |  JC69 |        19 |    974 |             676 |         32 |      Fixed 
   879 |  JC69 |         8 |    282 |              15 |         14 |      Fixed 
   880 |  JC69 |        18 |    211 |               4 |          5 |      Fixed 
   881 |  JC69 |        20 |    194 |              92 |         12 |      Fixed 
   882 |  JC69 |        14 |     82 |               0 |          1 |      Fixed 
   883 |  JC69 |        19 |    136 |              10 |         11 |      Fixed 
   884 |  JC69 |         2 |    279 |              32 |          9 |      Fixed 
   885 |  JC69 |         4 |    563 |             289 |         14 |      Fixed 
   886 |  JC69 |        20 |     86 |               2 |          2 |      Fixed 
   887 |  JC69 |        16 |     61 |               2 |          3 |      Fixed 
   888 |  JC69 |         3 |    279 |             100 |         11 |      Fixed 
   889 |  JC69 |        20 |    146 |               4 |          6 |      Fixed 
   890 |  JC69 |        10 |     80 |               5 |          6 |      Fixed 
   891 |  JC69 |         4 |    363 |              68 |          9 |      Fixed 
   892 |  JC69 |        16 |     84 |               3 |          4 |      Fixed 
   893 |  JC69 |         5 |    281 |              18 |         14 |      Fixed 
   894 |  JC69 |         5 |    154 |              11 |          4 |      Fixed 
   895 |  JC69 |         2 |    146 |               1 |          2 |      Fixed 
   896 |  JC69 |        10 |    277 |              18 |         15 |      Fixed 
   897 |  JC69 |        18 |     96 |               1 |          2 |      Fixed 
   898 |  JC69 |        20 |    150 |               1 |          2 |      Fixed 
   899 |  JC69 |        17 |    287 |              31 |         22 |      Fixed 
   900 |  JC69 |        18 |    152 |               3 |          2 |      Fixed 
   901 |  JC69 |         7 |    270 |              50 |         21 |      Fixed 
   902 |  JC69 |         7 |     60 |               1 |          2 |      Fixed 
   903 |  JC69 |        20 |    600 |             245 |         22 |      Fixed 
   904 |  JC69 |        10 |    211 |              75 |          7 |      Fixed 
   905 |  JC69 |        16 |    257 |               5 |          6 |      Fixed 
   906 |  JC69 |         2 |    228 |               0 |          2 |      Fixed 
   907 |  JC69 |        14 |     50 |               2 |          3 |      Fixed 
   908 |  JC69 |        20 |    278 |               5 |          6 |      Fixed 
   909 |  JC69 |         5 |    145 |              24 |          7 |      Fixed 
   910 |  JC69 |         2 |     47 |               0 |          1 |      Fixed 
   911 |  JC69 |         7 |     90 |               2 |          3 |      Fixed 
   912 |  JC69 |         3 |     51 |              10 |          2 |      Fixed 
   913 |  JC69 |        19 |    138 |              18 |          9 |      Fixed 
   914 |  JC69 |         6 |    388 |             115 |          7 |      Fixed 
   915 |  JC69 |         9 |    226 |               6 |          8 |      Fixed 
   916 |  JC69 |         4 |     52 |               0 |          2 |      Fixed 
   917 |  JC69 |         4 |    296 |             114 |          7 |      Fixed 
   918 |  JC69 |         2 |    105 |               0 |          1 |      Fixed 
   919 |  JC69 |         4 |    200 |               0 |          2 |      Fixed 
   920 |  JC69 |        14 |     94 |              16 |          8 |      Fixed 
   921 |  JC69 |        19 |    168 |              10 |         10 |      Fixed 
   922 |  JC69 |        18 |    455 |              76 |          9 |      Fixed 
   923 |  JC69 |         3 |    209 |              89 |         10 |      Fixed 
   924 |  JC69 |        20 |    196 |               8 |          8 |      Fixed 
   925 |  JC69 |        18 |     67 |               1 |          2 |      Fixed 
   926 |  JC69 |        20 |    126 |               2 |          3 |      Fixed 
   927 |  JC69 |        19 |     72 |               4 |          5 |      Fixed 
   928 |  JC69 |         5 |    279 |             119 |         10 |      Fixed 
   929 |  JC69 |        20 |    147 |               6 |          7 |      Fixed 
   930 |  JC69 |         3 |    283 |               7 |          4 |      Fixed 
   931 |  JC69 |        16 |    434 |             164 |         21 |      Fixed 
   932 |  JC69 |        19 |     81 |               2 |          3 |      Fixed 
   933 |  JC69 |        20 |    223 |               1 |          2 |      Fixed 
   934 |  JC69 |         4 |    280 |              29 |          9 |      Fixed 
   935 |  JC69 |         2 |    265 |               0 |          1 |      Fixed 
   936 |  JC69 |        11 |    689 |             689 |         11 |      Fixed 
   937 |  JC69 |         5 |     55 |               1 |          2 |      Fixed 
   938 |  JC69 |         6 |    132 |              26 |          6 |      Fixed 
   939 |  JC69 |        19 |    502 |               8 |          8 |      Fixed 
   940 |  JC69 |        20 |    622 |             382 |         24 |      Fixed 
   941 |  JC69 |         2 |    108 |               0 |          1 |      Fixed 
   942 |  JC69 |        18 |    206 |              16 |          7 |      Fixed 
   943 |  JC69 |        12 |    240 |              15 |         11 |      Fixed 
   944 |  JC69 |        19 |    214 |               5 |          5 |      Fixed 
   945 |  JC69 |        20 |    203 |               3 |          4 |      Fixed 
   946 |  JC69 |         2 |    278 |             135 |          4 |      Fixed 
   947 |  JC69 |         4 |    139 |               2 |          3 |      Fixed 
   948 |  JC69 |        19 |    219 |               3 |          4 |      Fixed 
   949 |  JC69 |        19 |    102 |               3 |          4 |      Fixed 
   950 |  JC69 |         2 |    131 |               0 |          1 |      Fixed 
   951 |  JC69 |        11 |    169 |               7 |          8 |      Fixed 
   952 |  JC69 |        17 |    549 |              23 |         15 |      Fixed 
   953 |  JC69 |        17 |    308 |             129 |          7 |      Fixed 
   954 |  JC69 |        20 |    233 |               5 |          6 |      Fixed 
   955 |  JC69 |         3 |    277 |              13 |          9 |      Fixed 
   956 |  JC69 |        10 |    292 |             141 |         11 |      Fixed 
   957 |  JC69 |        13 |    112 |               5 |          8 |      Fixed 
   958 |  JC69 |        19 |     72 |               4 |          4 |      Fixed 
   959 |  JC69 |         2 |    110 |               0 |          2 |      Fixed 
   960 |  JC69 |        20 |    125 |               1 |          2 |      Fixed 
   961 |  JC69 |        20 |    164 |               7 |          8 |      Fixed 
   962 |  JC69 |        20 |     76 |               2 |          3 |      Fixed 
   963 |  JC69 |        20 |     61 |               6 |          7 |      Fixed 
   964 |  JC69 |         3 |    280 |              12 |          9 |      Fixed 
   965 |  JC69 |        12 |    557 |             155 |         22 |      Fixed 
   966 |  JC69 |         6 |    276 |              21 |         14 |      Fixed 
   967 |  JC69 |         6 |    187 |               0 |          1 |      Fixed 
   968 |  JC69 |        17 |    231 |              63 |         12 |      Fixed 
   969 |  JC69 |        10 |    395 |             143 |         14 |      Fixed 
   970 |  JC69 |        20 |     64 |               3 |          4 |      Fixed 
   971 |  JC69 |        12 |     70 |               7 |          5 |      Fixed 
   972 |  JC69 |         2 |     56 |               0 |          1 |      Fixed 
   973 |  JC69 |         2 |    243 |              19 |          5 |      Fixed 
   974 |  JC69 |        20 |     95 |               1 |          2 |      Fixed 
   975 |  JC69 |        12 |    418 |              13 |         12 |      Fixed 
   976 |  JC69 |         2 |    283 |              24 |          4 |      Fixed 
   977 |  JC69 |        20 |     74 |               2 |          3 |      Fixed 
   978 |  JC69 |         9 |    279 |              17 |         12 |      Fixed 
   979 |  JC69 |         3 |    287 |              51 |         14 |      Fixed 
   980 |  JC69 |        10 |    178 |               7 |          6 |      Fixed 
   981 |  JC69 |         4 |    115 |               1 |          2 |      Fixed 
   982 |  JC69 |        13 |    780 |             563 |         27 |      Fixed 
   983 |  JC69 |        20 |     92 |               1 |          2 |      Fixed 
   984 |  JC69 |        20 |    191 |               1 |          2 |      Fixed 
   985 |  JC69 |         2 |    266 |               1 |          2 |      Fixed 
   986 |  JC69 |        16 |    188 |               0 |          1 |      Fixed 
   987 |  JC69 |        17 |    283 |               3 |          4 |      Fixed 
   988 |  JC69 |        20 |    187 |               2 |          3 |      Fixed 
   989 |  JC69 |         8 |     79 |               3 |          4 |      Fixed 
   990 |  JC69 |        13 |     75 |               3 |          4 |      Fixed 
   991 |  JC69 |         5 |    144 |               1 |          4 |      Fixed 
   992 |  JC69 |        19 |    359 |              98 |         20 |      Fixed 
   993 |  JC69 |         2 |    276 |              85 |          5 |      Fixed 
   994 |  JC69 |         9 |    146 |              18 |          4 |      Fixed 
   995 |  JC69 |        19 |     78 |              18 |          7 |      Fixed 
   996 |  JC69 |        16 |    282 |              43 |         28 |      Fixed 
   997 |  JC69 |         2 |    139 |               0 |          1 |      Fixed 
   998 |  JC69 |        12 |    137 |              36 |         11 |      Fixed 
   999 |  JC69 |         2 |     63 |               0 |          1 |      Fixed 
  1000 |  JC69 |         4 |    565 |             286 |         12 |      Fixed 
  1001 |  JC69 |        13 |    342 |             183 |          9 |      Fixed 
  1002 |  JC69 |        17 |    218 |               7 |          8 |      Fixed 
  1003 |  JC69 |         2 |    280 |               9 |          5 |      Fixed 
  1004 |  JC69 |        20 |    126 |               3 |          2 |      Fixed 
  1005 |  JC69 |         3 |     62 |               3 |          2 |      Fixed 
  1006 |  JC69 |        20 |    130 |               4 |          6 |      Fixed 
  1007 |  JC69 |        10 |    281 |              18 |         16 |      Fixed 
  1008 |  JC69 |        13 |    562 |             154 |         17 |      Fixed 
  1009 |  JC69 |        13 |    579 |             440 |         21 |      Fixed 
  1010 |  JC69 |         6 |    139 |               0 |          1 |      Fixed 
  1011 |  JC69 |        18 |     79 |               0 |          1 |      Fixed 
  1012 |  JC69 |         3 |     55 |               1 |          2 |      Fixed 
  1013 |  JC69 |        10 |    444 |              45 |         13 |      Fixed 
  1014 |  JC69 |        13 |     79 |               4 |          3 |      Fixed 
  1015 |  JC69 |        13 |    158 |               2 |          3 |      Fixed 
  1016 |  JC69 |        20 |    120 |              10 |          8 |      Fixed 
  1017 |  JC69 |        15 |     93 |               1 |          2 |      Fixed 
  1018 |  JC69 |         6 |    262 |             134 |          9 |      Fixed 
  1019 |  JC69 |         3 |    114 |               4 |          5 |      Fixed 
  1020 |  JC69 |         3 |     47 |               0 |          1 |      Fixed 
  1021 |  JC69 |         8 |     81 |               1 |          3 |      Fixed 
  1022 |  JC69 |         2 |    282 |              53 |          5 |      Fixed 
  1023 |  JC69 |         2 |    222 |               0 |          1 |      Fixed 
  1024 |  JC69 |        20 |    230 |               3 |          4 |      Fixed 
  1025 |  JC69 |        18 |    333 |              75 |         13 |      Fixed 
  1026 |  JC69 |        15 |    121 |               5 |          6 |      Fixed 
  1027 |  JC69 |        20 |    689 |             588 |         27 |      Fixed 
  1028 |  JC69 |        14 |    288 |              81 |         10 |      Fixed 
  1029 |  JC69 |         2 |     49 |               0 |          1 |      Fixed 
  1030 |  JC69 |        18 |    262 |              13 |         11 |      Fixed 
  1031 |  JC69 |         8 |     74 |               6 |          5 |      Fixed 
  1032 |  JC69 |         9 |    194 |              12 |          7 |      Fixed 
  1033 |  JC69 |         2 |    432 |               2 |          2 |      Fixed 
  1034 |  JC69 |         2 |    255 |               2 |          3 |      Fixed 
  1035 |  JC69 |         2 |    172 |              52 |          3 |      Fixed 
  1036 |  JC69 |        15 |    218 |              15 |         12 |      Fixed 
  1037 |  JC69 |        20 |    515 |             232 |         20 |      Fixed 
  1038 |  JC69 |        17 |    292 |              38 |         21 |      Fixed 
  1039 |  JC69 |         4 |     95 |               0 |          1 |      Fixed 
  1040 |  JC69 |         3 |     75 |               0 |          1 |      Fixed 
  1041 |  JC69 |        17 |    342 |             184 |         12 |      Fixed 
  1042 |  JC69 |         9 |    155 |               5 |          6 |      Fixed 
  1043 |  JC69 |        15 |    147 |               5 |          6 |      Fixed 
  1044 |  JC69 |        20 |    249 |              74 |         19 |      Fixed 
  1045 |  JC69 |        19 |     63 |               5 |          6 |      Fixed 
  1046 |  JC69 |        20 |    123 |               5 |          6 |      Fixed 
  1047 |  JC69 |         2 |    184 |              75 |          3 |      Fixed 
  1048 |  JC69 |        20 |    604 |             368 |         24 |      Fixed 
  1049 |  JC69 |         4 |    323 |              51 |          5 |      Fixed 
  1050 |  JC69 |        14 |     41 |               3 |          2 |      Fixed 
  1051 |  JC69 |         3 |     47 |               1 |          2 |      Fixed 
  1052 |  JC69 |         3 |    282 |              28 |          6 |      Fixed 
  1053 |  JC69 |         2 |    121 |               0 |          1 |      Fixed 
  1054 |  JC69 |        10 |     64 |               0 |          1 |      Fixed 
  1055 |  JC69 |         4 |    274 |              15 |          8 |      Fixed 
  1056 |  JC69 |         7 |     75 |               1 |          2 |      Fixed 
  1057 |  JC69 |        15 |    225 |              25 |         10 |      Fixed 
  1058 |  JC69 |         2 |    169 |               1 |          2 |      Fixed 
  1059 |  JC69 |         3 |    142 |               0 |          1 |      Fixed 
  1060 |  JC69 |        11 |    179 |              46 |          4 |      Fixed 
  1061 |  JC69 |        13 |    176 |               5 |          6 |      Fixed 
  1062 |  JC69 |        14 |    168 |               2 |          2 |      Fixed 
  1063 |  JC69 |        17 |    181 |              60 |         17 |      Fixed 
  1064 |  JC69 |        16 |    109 |               5 |          6 |      Fixed 
  1065 |  JC69 |        11 |     63 |               2 |          3 |      Fixed 
  1066 |  JC69 |        20 |    124 |               4 |          5 |      Fixed 
  1067 |  JC69 |         3 |     59 |               0 |          1 |      Fixed 
  1068 |  JC69 |        14 |     79 |               4 |          4 |      Fixed 
  1069 |  JC69 |         7 |    275 |              18 |         12 |      Fixed 
  1070 |  JC69 |         2 |     52 |               2 |          3 |      Fixed 
  1071 |  JC69 |         2 |    224 |              86 |          3 |      Fixed 
  1072 |  JC69 |        13 |    157 |               8 |          9 |      Fixed 
  1073 |  JC69 |         2 |    280 |               6 |          4 |      Fixed 
  1074 |  JC69 |         7 |    181 |               3 |          4 |      Fixed 
  1075 |  JC69 |        20 |    168 |               4 |          3 |      Fixed 
  1076 |  JC69 |        20 |     88 |               2 |          3 |      Fixed 
  1077 |  JC69 |        14 |     71 |               2 |          3 |      Fixed 
  1078 |  JC69 |         9 |    281 |             112 |         15 |      Fixed 
  1079 |  JC69 |         5 |    241 |              11 |          9 |      Fixed 
  1080 |  JC69 |         4 |    106 |               0 |          2 |      Fixed 
  1081 |  JC69 |        19 |    121 |              48 |          7 |      Fixed 
  1082 |  JC69 |        18 |     54 |               2 |          3 |      Fixed 
  1083 |  JC69 |         2 |    332 |              47 |          3 |      Fixed 
  1084 |  JC69 |         2 |     91 |               0 |          1 |      Fixed 
  1085 |  JC69 |         4 |    287 |             152 |         13 |      Fixed 
  1086 |  JC69 |        17 |    165 |               5 |          6 |      Fixed 
  1087 |  JC69 |        17 |    132 |               3 |          4 |      Fixed 
  1088 |  JC69 |         4 |    163 |              13 |          8 |      Fixed 
  1089 |  JC69 |        12 |     76 |               2 |          3 |      Fixed 
  1090 |  JC69 |         4 |    288 |              14 |          9 |      Fixed 
  1091 |  JC69 |        20 |    136 |               5 |          5 |      Fixed 
  1092 |  JC69 |         9 |    266 |               8 |         10 |      Fixed 
  1093 |  JC69 |         5 |    278 |              28 |         11 |      Fixed 
  1094 |  JC69 |        12 |    204 |               6 |          8 |      Fixed 
  1095 |  JC69 |        12 |    368 |             155 |         15 |      Fixed 
  1096 |  JC69 |        20 |    627 |             254 |         13 |      Fixed 
  1097 |  JC69 |        19 |     72 |               1 |          2 |      Fixed 
  1098 |  JC69 |        15 |    289 |              23 |         23 |      Fixed 
  1099 |  JC69 |         2 |    227 |              19 |          8 |      Fixed 
  1100 |  JC69 |        15 |    356 |               6 |          7 |      Fixed 
  1101 |  JC69 |         3 |    280 |              21 |          5 |      Fixed 
  1102 |  JC69 |        20 |    406 |              22 |         13 |      Fixed 
  1103 |  JC69 |        14 |    222 |               4 |          5 |      Fixed 
  1104 |  JC69 |         2 |    280 |               5 |          2 |      Fixed 
  1105 |  JC69 |        11 |    307 |             131 |          7 |      Fixed 
  1106 |  JC69 |         6 |    318 |               5 |          5 |      Fixed 
  1107 |  JC69 |        20 |    146 |              11 |         10 |      Fixed 
  1108 |  JC69 |        20 |    264 |             128 |          5 |      Fixed 
  1109 |  JC69 |         9 |    126 |               1 |          2 |      Fixed 
  1110 |  JC69 |        16 |    414 |              87 |         32 |      Fixed 
  1111 |  JC69 |        19 |    176 |              16 |          4 |      Fixed 
  1112 |  JC69 |         8 |    294 |              63 |         10 |      Fixed 
  1113 |  JC69 |        17 |    209 |              10 |          8 |      Fixed 
  1114 |  JC69 |        18 |    279 |              41 |          9 |      Fixed 
  1115 |  JC69 |        13 |    232 |              11 |          6 |      Fixed 
  1116 |  JC69 |         8 |    283 |              24 |         14 |      Fixed 
  1117 |  JC69 |        20 |    146 |               7 |          5 |      Fixed 
  1118 |  JC69 |        16 |    170 |               3 |          4 |      Fixed 
  1119 |  JC69 |         6 |    227 |              45 |         10 |      Fixed 
  1120 |  JC69 |        11 |    145 |               4 |          4 |      Fixed 
  1121 |  JC69 |         5 |     91 |               1 |          3 |      Fixed 
  1122 |  JC69 |        16 |    147 |               5 |          5 |      Fixed 
  1123 |  JC69 |         8 |    210 |               3 |          3 |      Fixed 
  1124 |  JC69 |         9 |    205 |               3 |          4 |      Fixed 
  1125 |  JC69 |        20 |    146 |               1 |          2 |      Fixed 
  1126 |  JC69 |         2 |    103 |              43 |          2 |      Fixed 
  1127 |  JC69 |        20 |    129 |               2 |          3 |      Fixed 
  1128 |  JC69 |        20 |     91 |               4 |          5 |      Fixed 
  1129 |  JC69 |         4 |    277 |              14 |          9 |      Fixed 
  1130 |  JC69 |        12 |    173 |               2 |          5 |      Fixed 
  1131 |  JC69 |        14 |    414 |             209 |         20 |      Fixed 
  1132 |  JC69 |         8 |    435 |               9 |          9 |      Fixed 
  1133 |  JC69 |         2 |    278 |               3 |          3 |      Fixed 
  1134 |  JC69 |         8 |    465 |             216 |         19 |      Fixed 
  1135 |  JC69 |         4 |    284 |              16 |          8 |      Fixed 
  1136 |  JC69 |        19 |    102 |               3 |          4 |      Fixed 
  1137 |  JC69 |         3 |     76 |               2 |          3 |      Fixed 
  1138 |  JC69 |        19 |    817 |             436 |         27 |      Fixed 
  1139 |  JC69 |         4 |     67 |               0 |          1 |      Fixed 
  1140 |  JC69 |        17 |    211 |              30 |         12 |      Fixed 
  1141 |  JC69 |         4 |     79 |               1 |          3 |      Fixed 
  1142 |  JC69 |        19 |     74 |               2 |          3 |      Fixed 
  1143 |  JC69 |         3 |    278 |               8 |          5 |      Fixed 
  1144 |  JC69 |        18 |    406 |             198 |         14 |      Fixed 
  1145 |  JC69 |        10 |    283 |              44 |         18 |      Fixed 
  1146 |  JC69 |         8 |    415 |              67 |         15 |      Fixed 
  1147 |  JC69 |        20 |     63 |               2 |          2 |      Fixed 
  1148 |  JC69 |        13 |    224 |              26 |         17 |      Fixed 
  1149 |  JC69 |        16 |    135 |               3 |          5 |      Fixed 
  1150 |  JC69 |         4 |    279 |              31 |         10 |      Fixed 
  1151 |  JC69 |        20 |    146 |               5 |          6 |      Fixed 
  1152 |  JC69 |        20 |    377 |              73 |          6 |      Fixed 
  1153 |  JC69 |        15 |     55 |              10 |          4 |      Fixed 
  1154 |  JC69 |        14 |    771 |             504 |         24 |      Fixed 
  1155 |  JC69 |        18 |    580 |             133 |         37 |      Fixed 
  1156 |  JC69 |         4 |    281 |               9 |          7 |      Fixed 
  1157 |  JC69 |         6 |    283 |              16 |         10 |      Fixed 
  1158 |  JC69 |        19 |    136 |               6 |          9 |      Fixed 
  1159 |  JC69 |         2 |    263 |              10 |          6 |      Fixed 
  1160 |  JC69 |        20 |     96 |               6 |          6 |      Fixed 
  1161 |  JC69 |        20 |     69 |               5 |          4 |      Fixed 
  1162 |  JC69 |         5 |    282 |               7 |          7 |      Fixed 
  1163 |  JC69 |        19 |    484 |             220 |         12 |      Fixed 
  1164 |  JC69 |        19 |     57 |               2 |          3 |      Fixed 
  1165 |  JC69 |        20 |    247 |               5 |          6 |      Fixed 
  1166 |  JC69 |        14 |    269 |              12 |          8 |      Fixed 
  1167 |  JC69 |         3 |     84 |              36 |          2 |      Fixed 
  1168 |  JC69 |        20 |    285 |               1 |          2 |      Fixed 
  1169 |  JC69 |        19 |     93 |               4 |          5 |      Fixed 
  1170 |  JC69 |        12 |    473 |             209 |         23 |      Fixed 
  1171 |  JC69 |        15 |     73 |               3 |          4 |      Fixed 
  1172 |  JC69 |         2 |    247 |              11 |          7 |      Fixed 
  1173 |  JC69 |         2 |     44 |               0 |          1 |      Fixed 
  1174 |  JC69 |         3 |     37 |               0 |          1 |      Fixed 
  1175 |  JC69 |         2 |     36 |               0 |          1 |      Fixed 
  1176 |  JC69 |        11 |    143 |              15 |         13 |      Fixed 
  1177 |  JC69 |        17 |    389 |             389 |         25 |      Fixed 
  1178 |  JC69 |         7 |    221 |               3 |          4 |      Fixed 
  1179 |  JC69 |        14 |    545 |             150 |         18 |      Fixed 
  1180 |  JC69 |         2 |    278 |               4 |          4 |      Fixed 
  1181 |  JC69 |        20 |    146 |               5 |          6 |      Fixed 
  1182 |  JC69 |         8 |    147 |              20 |          6 |      Fixed 
  1183 |  JC69 |         2 |    279 |              13 |          7 |      Fixed 
  1184 |  JC69 |        20 |    402 |             141 |         14 |      Fixed 
  1185 |  JC69 |         5 |    131 |               3 |          4 |      Fixed 
  1186 |  JC69 |        20 |    160 |               2 |          3 |      Fixed 
  1187 |  JC69 |         2 |     50 |               0 |          1 |      Fixed 
  1188 |  JC69 |        17 |    133 |               6 |          7 |      Fixed 
  1189 |  JC69 |         3 |    207 |               1 |          2 |      Fixed 
  1190 |  JC69 |        14 |    200 |               6 |          5 |      Fixed 
  1191 |  JC69 |        14 |    130 |               6 |          6 |      Fixed 
  1192 |  JC69 |        18 |    560 |             384 |         28 |      Fixed 
  1193 |  JC69 |         2 |     62 |               0 |          1 |      Fixed 
  1194 |  JC69 |         3 |    287 |              17 |          8 |      Fixed 
  1195 |  JC69 |        14 |    580 |             580 |         28 |      Fixed 
  1196 |  JC69 |         2 |     72 |               0 |          1 |      Fixed 
  1197 |  JC69 |        20 |    129 |               1 |          2 |      Fixed 
  1198 |  JC69 |        14 |    145 |               6 |          5 |      Fixed 
  1199 |  JC69 |         4 |     70 |               0 |          2 |      Fixed 
  1200 |  JC69 |         3 |    206 |               2 |          3 |      Fixed 
  1201 |  JC69 |        12 |     63 |               1 |          2 |      Fixed 
  1202 |  JC69 |        20 |    719 |              92 |         24 |      Fixed 
  1203 |  JC69 |        20 |    115 |               2 |          3 |      Fixed 
  1204 |  JC69 |         3 |    281 |              27 |          7 |      Fixed 
  1205 |  JC69 |        15 |    227 |               4 |          5 |      Fixed 
  1206 |  JC69 |         2 |    147 |               0 |          1 |      Fixed 
  1207 |  JC69 |         6 |    265 |               7 |          4 |      Fixed 
  1208 |  JC69 |        20 |    864 |             433 |         30 |      Fixed 
  1209 |  JC69 |        18 |    202 |               5 |          7 |      Fixed 
  1210 |  JC69 |        16 |    199 |               3 |          4 |      Fixed 
  1211 |  JC69 |         3 |    280 |              11 |          5 |      Fixed 
  1212 |  JC69 |         2 |    280 |              18 |          4 |      Fixed 
  1213 |  JC69 |         7 |    434 |              20 |         11 |      Fixed 
  1214 |  JC69 |        19 |    146 |               3 |          4 |      Fixed 
  1215 |  JC69 |         2 |    277 |               5 |          4 |      Fixed 
  1216 |  JC69 |         4 |     59 |               0 |          1 |      Fixed 
  1217 |  JC69 |        19 |     58 |               5 |          4 |      Fixed 
  1218 |  JC69 |        18 |     58 |               8 |          3 |      Fixed 
  1219 |  JC69 |        18 |    265 |               8 |          9 |      Fixed 
  1220 |  JC69 |        20 |    598 |             598 |         34 |      Fixed 
  1221 |  JC69 |        12 |    146 |              16 |         13 |      Fixed 
  1222 |  JC69 |        19 |    128 |              15 |         10 |      Fixed 
  1223 |  JC69 |         4 |    211 |               6 |          3 |      Fixed 
  1224 |  JC69 |         9 |    281 |              14 |         10 |      Fixed 
  1225 |  JC69 |        17 |    281 |               8 |          8 |      Fixed 
  1226 |  JC69 |         3 |     60 |               5 |          2 |      Fixed 
  1227 |  JC69 |        14 |    155 |              18 |         10 |      Fixed 
  1228 |  JC69 |        18 |    135 |               4 |          5 |      Fixed 
  1229 |  JC69 |         4 |    165 |               0 |          1 |      Fixed 
  1230 |  JC69 |        17 |     70 |               3 |          2 |      Fixed 
  1231 |  JC69 |        18 |    224 |              15 |          9 |      Fixed 
  1232 |  JC69 |         6 |    114 |               6 |          6 |      Fixed 
  1233 |  JC69 |         2 |    285 |              50 |          3 |      Fixed 
  1234 |  JC69 |        20 |    959 |             559 |         39 |      Fixed 
  1235 |  JC69 |         3 |    287 |              16 |          5 |      Fixed 
  1236 |  JC69 |        19 |    193 |               4 |          5 |      Fixed 
  1237 |  JC69 |        16 |    610 |             290 |         29 |      Fixed 
  1238 |  JC69 |        20 |    181 |               8 |          9 |      Fixed 
  1239 |  JC69 |        18 |    293 |              27 |         26 |      Fixed 
  1240 |  JC69 |        18 |    560 |              52 |         28 |      Fixed 
  1241 |  JC69 |         8 |    344 |             218 |         20 |      Fixed 
  1242 |  JC69 |         8 |    181 |               0 |          2 |      Fixed 
  1243 |  JC69 |         4 |    135 |              62 |          3 |      Fixed 
  1244 |  JC69 |         5 |    277 |              24 |         18 |      Fixed 
  1245 |  JC69 |         2 |    112 |               1 |          3 |      Fixed 
  1246 |  JC69 |         7 |    141 |               3 |          4 |      Fixed 
  1247 |  JC69 |         2 |    149 |              17 |          5 |      Fixed 
  1248 |  JC69 |         3 |    280 |               6 |          4 |      Fixed 
  1249 |  JC69 |         3 |    189 |              30 |         13 |      Fixed 
  1250 |  JC69 |         4 |    176 |              47 |          4 |      Fixed 
  1251 |  JC69 |         3 |     43 |               1 |          2 |      Fixed 
  1252 |  JC69 |         2 |    286 |             146 |          9 |      Fixed 
  1253 |  JC69 |        19 |     99 |               8 |          8 |      Fixed 
  1254 |  JC69 |         6 |     63 |               3 |          3 |      Fixed 
  1255 |  JC69 |         8 |    286 |              31 |         17 |      Fixed 
  1256 |  JC69 |        19 |    427 |              34 |         21 |      Fixed 
  1257 |  JC69 |        10 |    282 |              15 |         12 |      Fixed 
  1258 |  JC69 |        20 |    190 |               1 |          2 |      Fixed 
  1259 |  JC69 |        20 |    135 |              82 |         11 |      Fixed 
  1260 |  JC69 |         4 |    286 |              15 |          8 |      Fixed 
  1261 |  JC69 |        20 |     78 |               3 |          4 |      Fixed 
  1262 |  JC69 |         6 |    134 |               0 |          1 |      Fixed 
  1263 |  JC69 |        16 |     96 |              29 |          5 |      Fixed 
  1264 |  JC69 |        19 |     68 |               4 |          4 |      Fixed 
  1265 |  JC69 |        12 |     99 |              12 |          5 |      Fixed 
  1266 |  JC69 |        20 |    150 |              11 |          7 |      Fixed 
  1267 |  JC69 |         3 |    221 |               2 |          2 |      Fixed 
  1268 |  JC69 |        19 |    118 |               8 |          9 |      Fixed 
  1269 |  JC69 |         4 |    282 |               6 |          4 |      Fixed 
  1270 |  JC69 |        18 |    292 |              25 |         15 |      Fixed 
  1271 |  JC69 |         6 |    164 |               2 |          3 |      Fixed 
  1272 |  JC69 |        20 |    125 |               6 |          7 |      Fixed 
  1273 |  JC69 |        20 |     83 |               1 |          2 |      Fixed 
  1274 |  JC69 |        14 |    563 |             420 |         23 |      Fixed 
  1275 |  JC69 |         9 |    138 |               2 |          3 |      Fixed 
  1276 |  JC69 |         2 |    279 |               6 |          4 |      Fixed 
  1277 |  JC69 |         4 |    200 |               4 |          3 |      Fixed 
  1278 |  JC69 |         9 |    482 |              16 |         14 |      Fixed 
  1279 |  JC69 |        19 |    342 |             157 |         16 |      Fixed 
  1280 |  JC69 |        16 |    240 |              16 |         17 |      Fixed 
  1281 |  JC69 |        16 |     71 |               8 |          4 |      Fixed 
  1282 |  JC69 |        20 |     93 |               4 |          4 |      Fixed 
  1283 |  JC69 |        11 |    437 |               4 |          5 |      Fixed 
  1284 |  JC69 |         9 |    226 |               0 |          1 |      Fixed 
  1285 |  JC69 |        15 |    375 |              12 |         12 |      Fixed 
  1286 |  JC69 |        18 |    120 |              50 |          5 |      Fixed 
  1287 |  JC69 |        20 |     90 |               4 |          3 |      Fixed 
  1288 |  JC69 |        20 |    155 |               1 |          2 |      Fixed 
  1289 |  JC69 |         4 |    223 |               1 |          3 |      Fixed 
  1290 |  JC69 |         3 |     95 |              10 |          5 |      Fixed 
  1291 |  JC69 |         2 |     70 |              21 |          2 |      Fixed 
  1292 |  JC69 |        15 |    260 |              16 |         16 |      Fixed 
  1293 |  JC69 |         3 |    281 |              58 |          6 |      Fixed 
  1294 |  JC69 |        18 |    211 |              67 |         10 |      Fixed 
  1295 |  JC69 |         4 |    119 |               0 |          1 |      Fixed 
  1296 |  JC69 |        20 |    125 |               5 |          6 |      Fixed 
  1297 |  JC69 |        20 |     98 |               1 |          2 |      Fixed 
  1298 |  JC69 |        10 |    374 |             170 |         17 |      Fixed 
  1299 |  JC69 |         4 |    286 |              14 |          8 |      Fixed 
  1300 |  JC69 |        16 |    146 |               2 |          3 |      Fixed 
  1301 |  JC69 |        16 |    175 |               9 |         10 |      Fixed 
  1302 |  JC69 |         4 |    282 |              10 |          6 |      Fixed 
  1303 |  JC69 |        20 |    129 |               3 |          4 |      Fixed 
  1304 |  JC69 |         9 |    274 |               5 |          6 |      Fixed 
  1305 |  JC69 |         2 |    280 |              12 |          5 |      Fixed 
  1306 |  JC69 |        20 |    112 |              35 |          5 |      Fixed 
  1307 |  JC69 |        15 |    262 |              80 |          6 |      Fixed 
  1308 |  JC69 |         2 |    357 |              85 |          5 |      Fixed 
  1309 |  JC69 |         8 |     78 |               4 |          5 |      Fixed 
  1310 |  JC69 |         8 |    278 |              21 |          6 |      Fixed 
  1311 |  JC69 |        20 |    104 |               3 |          4 |      Fixed 
  1312 |  JC69 |        19 |    200 |               3 |          4 |      Fixed 
  1313 |  JC69 |        17 |    314 |               9 |          7 |      Fixed 
  1314 |  JC69 |         8 |     77 |               4 |          4 |      Fixed 
  1315 |  JC69 |         9 |    531 |             340 |         17 |      Fixed 
  1316 |  JC69 |         9 |    292 |              19 |         10 |      Fixed 
  1317 |  JC69 |         4 |     84 |               0 |          1 |      Fixed 
  1318 |  JC69 |        19 |    140 |              11 |         10 |      Fixed 
  1319 |  JC69 |         2 |    278 |              25 |          7 |      Fixed 
  1320 |  JC69 |        19 |    101 |               1 |          2 |      Fixed 
  1321 |  JC69 |         2 |    279 |               9 |          4 |      Fixed 
  1322 |  JC69 |         2 |    226 |               4 |          5 |      Fixed 
  1323 |  JC69 |        19 |    102 |               5 |          6 |      Fixed 
  1324 |  JC69 |        15 |    132 |              14 |          9 |      Fixed 
  1325 |  JC69 |         3 |    100 |               0 |          1 |      Fixed 
  1326 |  JC69 |        14 |    216 |              15 |         10 |      Fixed 
  1327 |  JC69 |         4 |    166 |              83 |          8 |      Fixed 
  1328 |  JC69 |         6 |    217 |              13 |          4 |      Fixed 
  1329 |  JC69 |         9 |    133 |               0 |          1 |      Fixed 
  1330 |  JC69 |        15 |    137 |               2 |          3 |      Fixed 
  1331 |  JC69 |         9 |    377 |             155 |         13 |      Fixed 
  1332 |  JC69 |        19 |     90 |               5 |          6 |      Fixed 
  1333 |  JC69 |         6 |     73 |               1 |          2 |      Fixed 
  1334 |  JC69 |        19 |    111 |               2 |          3 |      Fixed 
  1335 |  JC69 |        12 |    273 |              13 |         13 |      Fixed 
  1336 |  JC69 |         3 |     45 |               0 |          1 |      Fixed 
  1337 |  JC69 |        20 |     70 |               2 |          3 |      Fixed 
  1338 |  JC69 |         5 |    280 |              12 |         10 |      Fixed 
  1339 |  JC69 |        19 |    225 |              22 |          8 |      Fixed 
  1340 |  JC69 |        20 |     96 |               1 |          2 |      Fixed 
  1341 |  JC69 |         9 |    282 |              35 |         19 |      Fixed 
  1342 |  JC69 |         2 |     90 |               0 |          1 |      Fixed 
  1343 |  JC69 |        20 |    183 |               9 |         10 |      Fixed 
  1344 |  JC69 |        17 |     50 |               4 |          4 |      Fixed 
  1345 |  JC69 |        20 |     67 |               1 |          2 |      Fixed 
  1346 |  JC69 |        16 |    263 |               8 |          8 |      Fixed 
  1347 |  JC69 |         5 |    242 |              35 |          7 |      Fixed 
  1348 |  JC69 |         3 |     53 |               0 |          1 |      Fixed 
  1349 |  JC69 |        16 |     90 |               4 |          5 |      Fixed 
  1350 |  JC69 |         5 |    386 |             236 |         11 |      Fixed 
  1351 |  JC69 |        17 |    161 |              19 |         11 |      Fixed 
  1352 |  JC69 |         2 |    276 |              60 |          5 |      Fixed 
  1353 |  JC69 |        20 |    164 |               2 |          3 |      Fixed 
  1354 |  JC69 |         2 |     47 |               8 |          2 |      Fixed 
  1355 |  JC69 |        19 |    226 |             106 |         11 |      Fixed 
  1356 |  JC69 |        17 |     78 |               7 |          8 |      Fixed 
  1357 |  JC69 |         3 |    276 |              12 |          5 |      Fixed 
  1358 |  JC69 |        20 |    213 |              19 |         17 |      Fixed 
  1359 |  JC69 |        20 |    281 |             128 |         10 |      Fixed 
  1360 |  JC69 |         2 |    279 |             108 |          4 |      Fixed 
  1361 |  JC69 |        18 |    102 |              37 |         13 |      Fixed 
  1362 |  JC69 |         7 |    259 |             148 |         16 |      Fixed 
  1363 |  JC69 |         2 |    108 |               0 |          1 |      Fixed 
  1364 |  JC69 |         2 |    195 |               0 |          1 |      Fixed 
  1365 |  JC69 |        14 |    106 |               3 |          3 |      Fixed 
  1366 |  JC69 |         2 |     53 |               2 |          2 |      Fixed 
  1367 |  JC69 |        12 |    263 |              12 |         12 |      Fixed 
  1368 |  JC69 |         2 |    279 |               5 |          3 |      Fixed 
  1369 |  JC69 |         4 |    272 |              14 |          9 |      Fixed 
  1370 |  JC69 |        10 |    155 |               0 |          1 |      Fixed 
  1371 |  JC69 |        16 |    133 |               3 |          4 |      Fixed 
  1372 |  JC69 |        15 |    238 |               7 |          7 |      Fixed 
  1373 |  JC69 |         2 |    282 |              53 |          5 |      Fixed 
  1374 |  JC69 |        16 |    148 |               5 |          7 |      Fixed 
  1375 |  JC69 |        19 |    146 |               3 |          4 |      Fixed 
  1376 |  JC69 |         2 |     45 |               0 |          1 |      Fixed 
  1377 |  JC69 |         8 |    438 |              70 |         15 |      Fixed 
  1378 |  JC69 |        16 |     81 |               7 |          2 |      Fixed 
  1379 |  JC69 |        10 |    274 |              13 |         15 |      Fixed 
  1380 |  JC69 |        20 |     85 |               4 |          5 |      Fixed 
  1381 |  JC69 |         4 |     91 |               1 |          3 |      Fixed 
  1382 |  JC69 |        20 |    230 |               3 |          4 |      Fixed 
  1383 |  JC69 |         4 |    150 |               1 |          2 |      Fixed 
  1384 |  JC69 |         5 |    206 |              35 |         16 |      Fixed 
  1385 |  JC69 |        16 |    109 |              12 |          7 |      Fixed 
  1386 |  JC69 |        10 |    129 |              12 |         12 |      Fixed 
  1387 |  JC69 |         5 |    282 |               1 |          3 |      Fixed 
  1388 |  JC69 |         5 |    281 |               9 |          6 |      Fixed 
  1389 |  JC69 |         6 |    266 |               3 |          4 |      Fixed 
  1390 |  JC69 |        17 |     87 |               7 |          5 |      Fixed 
  1391 |  JC69 |        20 |     87 |               1 |          2 |      Fixed 
  1392 |  JC69 |        20 |    297 |              14 |         14 |      Fixed 
  1393 |  JC69 |        20 |    105 |               5 |          6 |      Fixed 
  1394 |  JC69 |         2 |    236 |               0 |          1 |      Fixed 
  1395 |  JC69 |        10 |    174 |               4 |          4 |      Fixed 
  1396 |  JC69 |        16 |    151 |               1 |          3 |      Fixed 
  1397 |  JC69 |        16 |    283 |              46 |         25 |      Fixed 
  1398 |  JC69 |        16 |     91 |               2 |          2 |      Fixed 
  1399 |  JC69 |        17 |    185 |              10 |         11 |      Fixed 
  1400 |  JC69 |        19 |    288 |             129 |         16 |      Fixed 
  1401 |  JC69 |        11 |    207 |               5 |          7 |      Fixed 
  1402 |  JC69 |         3 |     56 |               0 |          1 |      Fixed 
  1403 |  JC69 |         8 |    108 |               2 |          3 |      Fixed 
  1404 |  JC69 |        14 |    184 |              16 |         12 |      Fixed 
  1405 |  JC69 |         6 |    118 |               1 |          2 |      Fixed 
  1406 |  JC69 |        20 |    234 |               5 |          6 |      Fixed 
  1407 |  JC69 |        18 |    733 |             541 |         19 |      Fixed 
  1408 |  JC69 |         2 |    280 |              95 |          5 |      Fixed 
  1409 |  JC69 |        20 |    140 |               3 |          4 |      Fixed 
  1410 |  JC69 |         2 |     66 |              17 |          3 |      Fixed 
  1411 |  JC69 |        18 |     64 |               4 |          5 |      Fixed 
  1412 |  JC69 |        12 |    205 |              22 |         10 |      Fixed 
  1413 |  JC69 |         2 |    281 |              30 |          4 |      Fixed 
  1414 |  JC69 |        20 |    194 |               2 |          3 |      Fixed 
  1415 |  JC69 |        18 |    457 |             322 |          9 |      Fixed 
  1416 |  JC69 |         5 |    255 |              17 |         12 |      Fixed 
  1417 |  JC69 |        18 |     87 |               6 |          7 |      Fixed 
  1418 |  JC69 |        19 |    130 |              46 |          5 |      Fixed 
  1419 |  JC69 |         8 |    234 |               6 |          7 |      Fixed 
  1420 |  JC69 |        18 |    397 |               5 |          6 |      Fixed 
  1421 |  JC69 |         5 |    282 |              16 |          9 |      Fixed 
  1422 |  JC69 |        13 |    253 |              23 |         15 |      Fixed 
  1423 |  JC69 |        17 |    265 |             119 |         10 |      Fixed 
  1424 |  JC69 |        13 |    116 |               6 |          7 |      Fixed 
  1425 |  JC69 |         8 |     67 |               1 |          3 |      Fixed 
  1426 |  JC69 |        15 |     79 |               2 |          3 |      Fixed 
  1427 |  JC69 |        17 |    236 |              14 |         11 |      Fixed 
  1428 |  JC69 |        20 |    146 |               5 |          6 |      Fixed 
  1429 |  JC69 |        16 |    251 |              72 |         13 |      Fixed 
  1430 |  JC69 |         2 |     46 |               0 |          1 |      Fixed 
  1431 |  JC69 |        20 |     56 |               1 |          2 |      Fixed 
  1432 |  JC69 |        18 |    218 |              82 |          6 |      Fixed 
  1433 |  JC69 |        19 |   1053 |             754 |         26 |      Fixed 
  1434 |  JC69 |         7 |    493 |             224 |         12 |      Fixed 
  1435 |  JC69 |         2 |    278 |              15 |          4 |      Fixed 
  1436 |  JC69 |         3 |    273 |              10 |          5 |      Fixed 
  1437 |  JC69 |         3 |    142 |               1 |          2 |      Fixed 
  1438 |  JC69 |        20 |     94 |               3 |          4 |      Fixed 
  1439 |  JC69 |         8 |     56 |              13 |          6 |      Fixed 
  1440 |  JC69 |         5 |    280 |              35 |         12 |      Fixed 
  1441 |  JC69 |        11 |    207 |              99 |         14 |      Fixed 
  1442 |  JC69 |         5 |    149 |              19 |          7 |      Fixed 
  1443 |  JC69 |        20 |    203 |               7 |          6 |      Fixed 
  1444 |  JC69 |        20 |    275 |              91 |         11 |      Fixed 
  1445 |  JC69 |        20 |     74 |               1 |          2 |      Fixed 
  1446 |  JC69 |         6 |    266 |             138 |         22 |      Fixed 
  1447 |  JC69 |        18 |    262 |               6 |          9 |      Fixed 
  1448 |  JC69 |         6 |    179 |              15 |          8 |      Fixed 
  1449 |  JC69 |        20 |    213 |               2 |          3 |      Fixed 
  1450 |  JC69 |        20 |    110 |               5 |          6 |      Fixed 
  1451 |  JC69 |        20 |    148 |               2 |          3 |      Fixed 
  1452 |  JC69 |        11 |     91 |               0 |          1 |      Fixed 
  1453 |  JC69 |        19 |    143 |               7 |          7 |      Fixed 
  1454 |  JC69 |         6 |    442 |             199 |          6 |      Fixed 
  1455 |  JC69 |        19 |    105 |               2 |          3 |      Fixed 
  1456 |  JC69 |        20 |    108 |               2 |          3 |      Fixed 
  1457 |  JC69 |         7 |    358 |             158 |          6 |      Fixed 
  1458 |  JC69 |        20 |    290 |             149 |         16 |      Fixed 
  1459 |  JC69 |         2 |     37 |               0 |          1 |      Fixed 
  1460 |  JC69 |         2 |    277 |               8 |          6 |      Fixed 
  1461 |  JC69 |         4 |    288 |              68 |         11 |      Fixed 
  1462 |  JC69 |         6 |    140 |               2 |          3 |      Fixed 
  1463 |  JC69 |         2 |    267 |               4 |          5 |      Fixed 
  1464 |  JC69 |        10 |    273 |             111 |         15 |      Fixed 
  1465 |  JC69 |         5 |     50 |               1 |          3 |      Fixed 
  1466 |  JC69 |        19 |     73 |               2 |          3 |      Fixed 
  1467 |  JC69 |        11 |    282 |              29 |         24 |      Fixed 
  1468 |  JC69 |        10 |    151 |               2 |          4 |      Fixed 
  1469 |  JC69 |        19 |    218 |              30 |         13 |      Fixed 
  1470 |  JC69 |         2 |    228 |               1 |          2 |      Fixed 
  1471 |  JC69 |        13 |    187 |              20 |          9 |      Fixed 
  1472 |  JC69 |         2 |     54 |               1 |          2 |      Fixed 
  1473 |  JC69 |         2 |    187 |               1 |          2 |      Fixed 
  1474 |  JC69 |        10 |    146 |              16 |          8 |      Fixed 
  1475 |  JC69 |        16 |    103 |               6 |          7 |      Fixed 
  1476 |  JC69 |         8 |    188 |               1 |          3 |      Fixed 
  1477 |  JC69 |         3 |     67 |               1 |          2 |      Fixed 
  1478 |  JC69 |         2 |    276 |               6 |          3 |      Fixed 
  1479 |  JC69 |         3 |    182 |               0 |          1 |      Fixed 
  1480 |  JC69 |        17 |    222 |               7 |          8 |      Fixed 
  1481 |  JC69 |        20 |     93 |               0 |          1 |      Fixed 
  1482 |  JC69 |        19 |    114 |               4 |          4 |      Fixed 
  1483 |  JC69 |        18 |    213 |               9 |         10 |      Fixed 
  1484 |  JC69 |        20 |    257 |               9 |          6 |      Fixed 
  1485 |  JC69 |         8 |    118 |              12 |          8 |      Fixed 
  1486 |  JC69 |         3 |    253 |               0 |          1 |      Fixed 
  1487 |  JC69 |        17 |     78 |               2 |          3 |      Fixed 
  1488 |  JC69 |        18 |    430 |             167 |         15 |      Fixed 
  1489 |  JC69 |        20 |     66 |               2 |          3 |      Fixed 
  1490 |  JC69 |        15 |    336 |             180 |         24 |      Fixed 
  1491 |  JC69 |        20 |    108 |               1 |          2 |      Fixed 
  1492 |  JC69 |         2 |    260 |               1 |          3 |      Fixed 
  1493 |  JC69 |         4 |    215 |               8 |         10 |      Fixed 
  1494 |  JC69 |        12 |    149 |              17 |          7 |      Fixed 
  1495 |  JC69 |        16 |    249 |               9 |          8 |      Fixed 
  1496 |  JC69 |        13 |    249 |              55 |         10 |      Fixed 
  1497 |  JC69 |        15 |    101 |              12 |          7 |      Fixed 
  1498 |  JC69 |         2 |    145 |              81 |          3 |      Fixed 
  1499 |  JC69 |         6 |    287 |              13 |         10 |      Fixed 
  1500 |  JC69 |        19 |    228 |               4 |          5 |      Fixed 
  1501 |  JC69 |         2 |    236 |              11 |          3 |      Fixed 
  1502 |  JC69 |        14 |     86 |               0 |          1 |      Fixed 
  1503 |  JC69 |         5 |     82 |               1 |          2 |      Fixed 
  1504 |  JC69 |        20 |    161 |               0 |          1 |      Fixed 
  1505 |  JC69 |         3 |    101 |               2 |          3 |      Fixed 
  1506 |  JC69 |        16 |    161 |               1 |          4 |      Fixed 
  1507 |  JC69 |         7 |     85 |               0 |          1 |      Fixed 
  1508 |  JC69 |         2 |    282 |              49 |          5 |      Fixed 
  1509 |  JC69 |        20 |    367 |             117 |         13 |      Fixed 
  1510 |  JC69 |        20 |    434 |             153 |          9 |      Fixed 
  1511 |  JC69 |         2 |    201 |              10 |          5 |      Fixed 
  1512 |  JC69 |        10 |    211 |              88 |         10 |      Fixed 
  1513 |  JC69 |        18 |    661 |             486 |         36 |      Fixed 
  1514 |  JC69 |        11 |    261 |              12 |         12 |      Fixed 
  1515 |  JC69 |        18 |    231 |              50 |          8 |      Fixed 
  1516 |  JC69 |         8 |    261 |              77 |         14 |      Fixed 
  1517 |  JC69 |         9 |    266 |              18 |          9 |      Fixed 
  1518 |  JC69 |         2 |     44 |               0 |          1 |      Fixed 
  1519 |  JC69 |         3 |    274 |              13 |          7 |      Fixed 
  1520 |  JC69 |         9 |    258 |              31 |         11 |      Fixed 
  1521 |  JC69 |        11 |    286 |              26 |         16 |      Fixed 
  1522 |  JC69 |        20 |    126 |               2 |          3 |      Fixed 
  1523 |  JC69 |         9 |    220 |               4 |          5 |      Fixed 
  1524 |  JC69 |         5 |    266 |              17 |          9 |      Fixed 
  1525 |  JC69 |        19 |    548 |              66 |         21 |      Fixed 
  1526 |  JC69 |        20 |    499 |              65 |         16 |      Fixed 
  1527 |  JC69 |         3 |    202 |              10 |          8 |      Fixed 
  1528 |  JC69 |         8 |    189 |              23 |          7 |      Fixed 
  1529 |  JC69 |        18 |    282 |              18 |         16 |      Fixed 
  1530 |  JC69 |         2 |    167 |               4 |          3 |      Fixed 
  1531 |  JC69 |        19 |    240 |               3 |          4 |      Fixed 
  1532 |  JC69 |        20 |    152 |               1 |          2 |      Fixed 
  1533 |  JC69 |         3 |    282 |              11 |          5 |      Fixed 
  1534 |  JC69 |         2 |    282 |               8 |          5 |      Fixed 
  1535 |  JC69 |        15 |     90 |               5 |          5 |      Fixed 
  1536 |  JC69 |        11 |    478 |             259 |         23 |      Fixed 
  1537 |  JC69 |        19 |    393 |              39 |         26 |      Fixed 
  1538 |  JC69 |        19 |    186 |              14 |         15 |      Fixed 
  1539 |  JC69 |         4 |    278 |              74 |         11 |      Fixed 
  1540 |  JC69 |        20 |    164 |              10 |         10 |      Fixed 
  1541 |  JC69 |        20 |    154 |               2 |          3 |      Fixed 
  1542 |  JC69 |         5 |     99 |               9 |          7 |      Fixed 
  1543 |  JC69 |        19 |    272 |              10 |          6 |      Fixed 
  1544 |  JC69 |         5 |    548 |             271 |          8 |      Fixed 
  1545 |  JC69 |         7 |    123 |              14 |          8 |      Fixed 
  1546 |  JC69 |        18 |    292 |              20 |         12 |      Fixed 
  1547 |  JC69 |        13 |     88 |               9 |          4 |      Fixed 
  1548 |  JC69 |        20 |     69 |               4 |          4 |      Fixed 
  1549 |  JC69 |         4 |     76 |               2 |          3 |      Fixed 
  1550 |  JC69 |         7 |    496 |             233 |         18 |      Fixed 
  1551 |  JC69 |        16 |    129 |               8 |          6 |      Fixed 
  1552 |  JC69 |         3 |    277 |              14 |          6 |      Fixed 
  1553 |  JC69 |        14 |     79 |              11 |          4 |      Fixed 
  1554 |  JC69 |         3 |    163 |               0 |          1 |      Fixed 
  1555 |  JC69 |        19 |    190 |               6 |          7 |      Fixed 
  1556 |  JC69 |         3 |    281 |              16 |          7 |      Fixed 
  1557 |  JC69 |        15 |    288 |              25 |         17 |      Fixed 
  1558 |  JC69 |         7 |     94 |              13 |          7 |      Fixed 
  1559 |  JC69 |         9 |    281 |              53 |         19 |      Fixed 
  1560 |  JC69 |        19 |    116 |               1 |          2 |      Fixed 
  1561 |  JC69 |         9 |    213 |               7 |          6 |      Fixed 
  1562 |  JC69 |        13 |    251 |              83 |         19 |      Fixed 
  1563 |  JC69 |        12 |    274 |              28 |         12 |      Fixed 
  1564 |  JC69 |        20 |     91 |               3 |          4 |      Fixed 
  1565 |  JC69 |         3 |     59 |               1 |          2 |      Fixed 
  1566 |  JC69 |        14 |    123 |               9 |          6 |      Fixed 
  1567 |  JC69 |         4 |    245 |               5 |          5 |      Fixed 
  1568 |  JC69 |         9 |    344 |              25 |         14 |      Fixed 
  1569 |  JC69 |        19 |    578 |             265 |         17 |      Fixed 
  1570 |  JC69 |         8 |    282 |              91 |         18 |      Fixed 
  1571 |  JC69 |         2 |    195 |               2 |          3 |      Fixed 
  1572 |  JC69 |        11 |    148 |               2 |          3 |      Fixed 
  1573 |  JC69 |         4 |    180 |               5 |          4 |      Fixed 
  1574 |  JC69 |         4 |    274 |              11 |          3 |      Fixed 
  1575 |  JC69 |         8 |    192 |               7 |          4 |      Fixed 
  1576 |  JC69 |        11 |    286 |              21 |         17 |      Fixed 
  1577 |  JC69 |        14 |    171 |               9 |         11 |      Fixed 
  1578 |  JC69 |         9 |    467 |              27 |          9 |      Fixed 
  1579 |  JC69 |         8 |    559 |             343 |         14 |      Fixed 
  1580 |  JC69 |        20 |    147 |               8 |          9 |      Fixed 
  1581 |  JC69 |        10 |     55 |               1 |          2 |      Fixed 
  1582 |  JC69 |        18 |    291 |              48 |         29 |      Fixed 
  1583 |  JC69 |        20 |    186 |               7 |          5 |      Fixed 
  1584 |  JC69 |         4 |    281 |              27 |         10 |      Fixed 
  1585 |  JC69 |        20 |    279 |               6 |          7 |      Fixed 
  1586 |  JC69 |        20 |    157 |               5 |          4 |      Fixed 
  1587 |  JC69 |        14 |    365 |             133 |         15 |      Fixed 
  1588 |  JC69 |        17 |    205 |               5 |          6 |      Fixed 
  1589 |  JC69 |         2 |    282 |               7 |          4 |      Fixed 
  1590 |  JC69 |        19 |     93 |               9 |          5 |      Fixed 
  1591 |  JC69 |        10 |     91 |              40 |          4 |      Fixed 
  1592 |  JC69 |         4 |    106 |               0 |          1 |      Fixed 
  1593 |  JC69 |        18 |     53 |               3 |          4 |      Fixed 
  1594 |  JC69 |         3 |    249 |               4 |          5 |      Fixed 
  1595 |  JC69 |        11 |     63 |               0 |          1 |      Fixed 
  1596 |  JC69 |         3 |    121 |               0 |          1 |      Fixed 
  1597 |  JC69 |        16 |     75 |               4 |          6 |      Fixed 
  1598 |  JC69 |        17 |     68 |               6 |          4 |      Fixed 
  1599 |  JC69 |        20 |     61 |               4 |          3 |      Fixed 
  1600 |  JC69 |        19 |    246 |             104 |          7 |      Fixed 
  1601 |  JC69 |         3 |     40 |               0 |          1 |      Fixed 
  1602 |  JC69 |        11 |    373 |             112 |         14 |      Fixed 
  1603 |  JC69 |         2 |    197 |               2 |          3 |      Fixed 
  1604 |  JC69 |         5 |    569 |             397 |         18 |      Fixed 
  1605 |  JC69 |        18 |     92 |               7 |          4 |      Fixed 
  1606 |  JC69 |         5 |    236 |              14 |          7 |      Fixed 
  1607 |  JC69 |        19 |    135 |               5 |          6 |      Fixed 
  1608 |  JC69 |        10 |    199 |              15 |         11 |      Fixed 
  1609 |  JC69 |        14 |    197 |              56 |          6 |      Fixed 
  1610 |  JC69 |         4 |    282 |               4 |          5 |      Fixed 
  1611 |  JC69 |         3 |     80 |               1 |          2 |      Fixed 
  1612 |  JC69 |         2 |    264 |              36 |          4 |      Fixed 
  1613 |  JC69 |        13 |    292 |              15 |          9 |      Fixed 
  1614 |  JC69 |        11 |    495 |             225 |         18 |      Fixed 
  1615 |  JC69 |         2 |    282 |               6 |          3 |      Fixed 
  1616 |  JC69 |         2 |     86 |               0 |          1 |      Fixed 
  1617 |  JC69 |         3 |    240 |              12 |          2 |      Fixed 
  1618 |  JC69 |         3 |     64 |               1 |          2 |      Fixed 
  1619 |  JC69 |        20 |    118 |               7 |          8 |      Fixed 
  1620 |  JC69 |         2 |     43 |               0 |          1 |      Fixed 
  1621 |  JC69 |        18 |    352 |             111 |         26 |      Fixed 
  1622 |  JC69 |        14 |     58 |               7 |          4 |      Fixed 
  1623 |  JC69 |         2 |    126 |               2 |          3 |      Fixed 
  1624 |  JC69 |        14 |     66 |              13 |          6 |      Fixed 
  1625 |  JC69 |        11 |    162 |              47 |          9 |      Fixed 
  1626 |  JC69 |         8 |    282 |              33 |         14 |      Fixed 
  1627 |  JC69 |        17 |     78 |               4 |          5 |      Fixed 
  1628 |  JC69 |         5 |     59 |               6 |          5 |      Fixed 
  1629 |  JC69 |        18 |    292 |              22 |         16 |      Fixed 
  1630 |  JC69 |         6 |    281 |             128 |         18 |      Fixed 
  1631 |  JC69 |        20 |    138 |               4 |          5 |      Fixed 
  1632 |  JC69 |        20 |    238 |               9 |          9 |      Fixed 
  1633 |  JC69 |         7 |    124 |               1 |          2 |      Fixed 
  1634 |  JC69 |         8 |    504 |             245 |         12 |      Fixed 
  1635 |  JC69 |        13 |    101 |               3 |          4 |      Fixed 
  1636 |  JC69 |         5 |     59 |               8 |          3 |      Fixed 
  1637 |  JC69 |        11 |    211 |               7 |          8 |      Fixed 
  1638 |  JC69 |        20 |    203 |               3 |          4 |      Fixed 
  1639 |  JC69 |        19 |    115 |               3 |          4 |      Fixed 
  1640 |  JC69 |         2 |    276 |              29 |          7 |      Fixed 
  1641 |  JC69 |         8 |    105 |               2 |          3 |      Fixed 
  1642 |  JC69 |         7 |    184 |               3 |          4 |      Fixed 
  1643 |  JC69 |        19 |     81 |               7 |          7 |      Fixed 
  1644 |  JC69 |        17 |     65 |               3 |          4 |      Fixed 
  1645 |  JC69 |         2 |    281 |               9 |          3 |      Fixed 
  1646 |  JC69 |        20 |    241 |               4 |          5 |      Fixed 
  1647 |  JC69 |        20 |    172 |               2 |          3 |      Fixed 
  1648 |  JC69 |         3 |     92 |               1 |          2 |      Fixed 
  1649 |  JC69 |        14 |     69 |               4 |          4 |      Fixed 
  1650 |  JC69 |        15 |    169 |              10 |          5 |      Fixed 
  1651 |  JC69 |         2 |    147 |              26 |          3 |      Fixed 
  1652 |  JC69 |        17 |    286 |              24 |         22 |      Fixed 
  1653 |  JC69 |         6 |    276 |              24 |         13 |      Fixed 
  1654 |  JC69 |        19 |    522 |              50 |         14 |      Fixed 
  1655 |  JC69 |        12 |    242 |              14 |          8 |      Fixed 
  1656 |  JC69 |        12 |    292 |              22 |         11 |      Fixed 
  1657 |  JC69 |         9 |    367 |             115 |         14 |      Fixed 
  1658 |  JC69 |         8 |     64 |               0 |          1 |      Fixed 
  1659 |  JC69 |        19 |    300 |              16 |         10 |      Fixed 
  1660 |  JC69 |         4 |    202 |               6 |          3 |      Fixed 
  1661 |  JC69 |        13 |     83 |               4 |          4 |      Fixed 
  1662 |  JC69 |         3 |    284 |              22 |         11 |      Fixed 
  1663 |  JC69 |        20 |    232 |               7 |          8 |      Fixed 
  1664 |  JC69 |         7 |    257 |              95 |          3 |      Fixed 
  1665 |  JC69 |         3 |    281 |              91 |         10 |      Fixed 
  1666 |  JC69 |         4 |     47 |               1 |          2 |      Fixed 
  1667 |  JC69 |        19 |    142 |              10 |         10 |      Fixed 
  1668 |  JC69 |         8 |    199 |               5 |          6 |      Fixed 
  1669 |  JC69 |         7 |    130 |              13 |          7 |      Fixed 
  1670 |  JC69 |        20 |    179 |               7 |          7 |      Fixed 
  1671 |  JC69 |         2 |    112 |              11 |          4 |      Fixed 
  1672 |  JC69 |         2 |    279 |              11 |          5 |      Fixed 
  1673 |  JC69 |        16 |    154 |              18 |         12 |      Fixed 
  1674 |  JC69 |         4 |     60 |               2 |          3 |      Fixed 
  1675 |  JC69 |         5 |    208 |               2 |          3 |      Fixed 
  1676 |  JC69 |        14 |    106 |               1 |          2 |      Fixed 
  1677 |  JC69 |        18 |    378 |             114 |         18 |      Fixed 
  1678 |  JC69 |         5 |    365 |              14 |          4 |      Fixed 
  1679 |  JC69 |         9 |    188 |              32 |         14 |      Fixed 
  1680 |  JC69 |        18 |    584 |              16 |         10 |      Fixed 
  1681 |  JC69 |        14 |    116 |               2 |          3 |      Fixed 
  1682 |  JC69 |        11 |    186 |               8 |          6 |      Fixed 
  1683 |  JC69 |         2 |     60 |               2 |          4 |      Fixed 
  1684 |  JC69 |         4 |     98 |               4 |          5 |      Fixed 
  1685 |  JC69 |         6 |     47 |               0 |          1 |      Fixed 
  1686 |  JC69 |         2 |    206 |              22 |         10 |      Fixed 
  1687 |  JC69 |         9 |    285 |              33 |         20 |      Fixed 
  1688 |  JC69 |        18 |    171 |              13 |         14 |      Fixed 
  1689 |  JC69 |         5 |    187 |               4 |          7 |      Fixed 
  1690 |  JC69 |         2 |    189 |              58 |          3 |      Fixed 
  1691 |  JC69 |        15 |    180 |               4 |          5 |      Fixed 
  1692 |  JC69 |         2 |    107 |               0 |          1 |      Fixed 
  1693 |  JC69 |         3 |     39 |               1 |          2 |      Fixed 
  1694 |  JC69 |         3 |    279 |              16 |          7 |      Fixed 
  1695 |  JC69 |        20 |     75 |               3 |          4 |      Fixed 
  1696 |  JC69 |        13 |    308 |              35 |         16 |      Fixed 
  1697 |  JC69 |        18 |    181 |              68 |          5 |      Fixed 
  1698 |  JC69 |         5 |    282 |               5 |          7 |      Fixed 
  1699 |  JC69 |        10 |     80 |              28 |          6 |      Fixed 
  1700 |  JC69 |         3 |    209 |               0 |          1 |      Fixed 
  1701 |  JC69 |        19 |    103 |               3 |          5 |      Fixed 
  1702 |  JC69 |        19 |     89 |               6 |          6 |      Fixed 
  1703 |  JC69 |        12 |    285 |              24 |         22 |      Fixed 
  1704 |  JC69 |        16 |     99 |              14 |         10 |      Fixed 
  1705 |  JC69 |        18 |    152 |              18 |         12 |      Fixed 
  1706 |  JC69 |         5 |    194 |              57 |          9 |      Fixed 
  1707 |  JC69 |         3 |    269 |              23 |         16 |      Fixed 
  1708 |  JC69 |        20 |    177 |               3 |          4 |      Fixed 
  1709 |  JC69 |        20 |    125 |               2 |          3 |      Fixed 
  1710 |  JC69 |         4 |    288 |              15 |          5 |      Fixed 
  1711 |  JC69 |         2 |    278 |               7 |          4 |      Fixed 
  1712 |  JC69 |        20 |    135 |               3 |          4 |      Fixed 
  1713 |  JC69 |        16 |    158 |               3 |          4 |      Fixed 
  1714 |  JC69 |        12 |    290 |             156 |         16 |      Fixed 
  1715 |  JC69 |         4 |    251 |              15 |          5 |      Fixed 
  1716 |  JC69 |        12 |    229 |              23 |         16 |      Fixed 
  1717 |  JC69 |         2 |    232 |              16 |          4 |      Fixed 
  1718 |  JC69 |        19 |     96 |               1 |          2 |      Fixed 
  1719 |  JC69 |        17 |    147 |               9 |          8 |      Fixed 
  1720 |  JC69 |         2 |     50 |               0 |          1 |      Fixed 
  1721 |  JC69 |         6 |    280 |              12 |          7 |      Fixed 
  1722 |  JC69 |        16 |     90 |               4 |          2 |      Fixed 
  1723 |  JC69 |         8 |    285 |              29 |         19 |      Fixed 
  1724 |  JC69 |        12 |    203 |              22 |         14 |      Fixed 
  1725 |  JC69 |         2 |    282 |              11 |          5 |      Fixed 
  1726 |  JC69 |         2 |    256 |              28 |         11 |      Fixed 
  1727 |  JC69 |        18 |    178 |               5 |          6 |      Fixed 
  1728 |  JC69 |        20 |    146 |               3 |          3 |      Fixed 
  1729 |  JC69 |        19 |     69 |               3 |          3 |      Fixed 
  1730 |  JC69 |         2 |    260 |               2 |          3 |      Fixed 
  1731 |  JC69 |         2 |    242 |               7 |          6 |      Fixed 
  1732 |  JC69 |         2 |    204 |              65 |          3 |      Fixed 
  1733 |  JC69 |         4 |    141 |               7 |          7 |      Fixed 
  1734 |  JC69 |         8 |    296 |              95 |         16 |      Fixed 
  1735 |  JC69 |         2 |    279 |             137 |          5 |      Fixed 
  1736 |  JC69 |        20 |    112 |               4 |          5 |      Fixed 
  1737 |  JC69 |        16 |    292 |              25 |         17 |      Fixed 
  1738 |  JC69 |        20 |    406 |             151 |         12 |      Fixed 
  1739 |  JC69 |         2 |    178 |               0 |          1 |      Fixed 
  1740 |  JC69 |         2 |     55 |               0 |          1 |      Fixed 
  1741 |  JC69 |         4 |    342 |             124 |          8 |      Fixed 
  1742 |  JC69 |        15 |    283 |              15 |         14 |      Fixed 
  1743 |  JC69 |         4 |    280 |               9 |          5 |      Fixed 
  1744 |  JC69 |         4 |    281 |              18 |          9 |      Fixed 
  1745 |  JC69 |         6 |    281 |              43 |         10 |      Fixed 
  1746 |  JC69 |        16 |    151 |               5 |          6 |      Fixed 
  1747 |  JC69 |        20 |     80 |               3 |          4 |      Fixed 
  1748 |  JC69 |         4 |    129 |               2 |          3 |      Fixed 
  1749 |  JC69 |         5 |    281 |               7 |          6 |      Fixed 
  1750 |  JC69 |         8 |    189 |               8 |         10 |      Fixed 
  1751 |  JC69 |         5 |    268 |              82 |          8 |      Fixed 
  1752 |  JC69 |         3 |    114 |               0 |          1 |      Fixed 
  1753 |  JC69 |         6 |    283 |              50 |         22 |      Fixed 
  1754 |  JC69 |        19 |    379 |             296 |         31 |      Fixed 
  1755 |  JC69 |        10 |    229 |              52 |         20 |      Fixed 
  1756 |  JC69 |        14 |    225 |              12 |          9 |      Fixed 
  1757 |  JC69 |         2 |     90 |               0 |          1 |      Fixed 
  1758 |  JC69 |        11 |    146 |              39 |          7 |      Fixed 
  1759 |  JC69 |         2 |    224 |               1 |          2 |      Fixed 
  1760 |  JC69 |         5 |    280 |              31 |         11 |      Fixed 
  1761 |  JC69 |         4 |     61 |               0 |          1 |      Fixed 
  1762 |  JC69 |         9 |    285 |             105 |         20 |      Fixed 
  1763 |  JC69 |        13 |    228 |               6 |          7 |      Fixed 
  1764 |  JC69 |         2 |     67 |               0 |          1 |      Fixed 
  1765 |  JC69 |         3 |    106 |               8 |          5 |      Fixed 
  1766 |  JC69 |         2 |    486 |             215 |          3 |      Fixed 
  1767 |  JC69 |        16 |    181 |               4 |          5 |      Fixed 
  1768 |  JC69 |         4 |    255 |              21 |          5 |      Fixed 
  1769 |  JC69 |        17 |     72 |               1 |          2 |      Fixed 
  1770 |  JC69 |         3 |    257 |              10 |         10 |      Fixed 
  1771 |  JC69 |        20 |    146 |               2 |          3 |      Fixed 
  1772 |  JC69 |        13 |    481 |             244 |         25 |      Fixed 
  1773 |  JC69 |        20 |    146 |               4 |          3 |      Fixed 
  1774 |  JC69 |         3 |    275 |              25 |         13 |      Fixed 
  1775 |  JC69 |         2 |    277 |               8 |          7 |      Fixed 
  1776 |  JC69 |         2 |    276 |              49 |          5 |      Fixed 
  1777 |  JC69 |        20 |    292 |              30 |         23 |      Fixed 
  1778 |  JC69 |        13 |    124 |              10 |         11 |      Fixed 
  1779 |  JC69 |        19 |    234 |              83 |         11 |      Fixed 
  1780 |  JC69 |         2 |     90 |               1 |          3 |      Fixed 
  1781 |  JC69 |         2 |    222 |               2 |          3 |      Fixed 
  1782 |  JC69 |        16 |     75 |               4 |          5 |      Fixed 
  1783 |  JC69 |        19 |    323 |             155 |         14 |      Fixed 
  1784 |  JC69 |        15 |    292 |              31 |         16 |      Fixed 
  1785 |  JC69 |        20 |     76 |              17 |          8 |      Fixed 
  1786 |  JC69 |         2 |    212 |               1 |          3 |      Fixed 
  1787 |  JC69 |         2 |    404 |             123 |          6 |      Fixed 
  1788 |  JC69 |        13 |     90 |               2 |          4 |      Fixed 
  1789 |  JC69 |        20 |    103 |               2 |          3 |      Fixed 
  1790 |  JC69 |         2 |    276 |               7 |          7 |      Fixed 
  1791 |  JC69 |        16 |     57 |               0 |          1 |      Fixed 
  1792 |  JC69 |        19 |    126 |               5 |          6 |      Fixed 
  1793 |  JC69 |        20 |    125 |               2 |          3 |      Fixed 
  1794 |  JC69 |        12 |    253 |              15 |          9 |      Fixed 
  1795 |  JC69 |         7 |    300 |              71 |         11 |      Fixed 
  1796 |  JC69 |        20 |    134 |               3 |          4 |      Fixed 
  1797 |  JC69 |        19 |    251 |               8 |          7 |      Fixed 
  1798 |  JC69 |         4 |     59 |               2 |          2 |      Fixed 
  1799 |  JC69 |         3 |     73 |               0 |          1 |      Fixed 
  1800 |  JC69 |        20 |    114 |              21 |          9 |      Fixed 
  1801 |  JC69 |        19 |    296 |             100 |         23 |      Fixed 
  1802 |  JC69 |        19 |    133 |               5 |          6 |      Fixed 
  1803 |  JC69 |        12 |     81 |              49 |         15 |      Fixed 
  1804 |  JC69 |         3 |     48 |               0 |          1 |      Fixed 
  1805 |  JC69 |        10 |    163 |               7 |          5 |      Fixed 
  1806 |  JC69 |         8 |    174 |               8 |          6 |      Fixed 
  1807 |  JC69 |         9 |    263 |              69 |         10 |      Fixed 
  1808 |  JC69 |         3 |     75 |               1 |          2 |      Fixed 
  1809 |  JC69 |         2 |     38 |               1 |          2 |      Fixed 
  1810 |  JC69 |         3 |     92 |               2 |          3 |      Fixed 
  1811 |  JC69 |         8 |    172 |              18 |         11 |      Fixed 
  1812 |  JC69 |         4 |    282 |              78 |         10 |      Fixed 
  1813 |  JC69 |         4 |     89 |               5 |          6 |      Fixed 
  1814 |  JC69 |         2 |    160 |               8 |          5 |      Fixed 
  1815 |  JC69 |         6 |    108 |              15 |         10 |      Fixed 
  1816 |  JC69 |        17 |    334 |             150 |          6 |      Fixed 
  1817 |  JC69 |         2 |    281 |              12 |          7 |      Fixed 
  1818 |  JC69 |        19 |    356 |              24 |         17 |      Fixed 
  1819 |  JC69 |         8 |    114 |              40 |          9 |      Fixed 
  1820 |  JC69 |         5 |    120 |               5 |          4 |      Fixed 
  1821 |  JC69 |        19 |     52 |               4 |          5 |      Fixed 
  1822 |  JC69 |         5 |    257 |              11 |          5 |      Fixed 
  1823 |  JC69 |         8 |    285 |              18 |         12 |      Fixed 
  1824 |  JC69 |        12 |    282 |              33 |         19 |      Fixed 
  1825 |  JC69 |         5 |    277 |               5 |          6 |      Fixed 
  1826 |  JC69 |        16 |     81 |               1 |          2 |      Fixed 
  1827 |  JC69 |        20 |    109 |              10 |         11 |      Fixed 
  1828 |  JC69 |         3 |    179 |               2 |          5 |      Fixed 
  1829 |  JC69 |         5 |    273 |              10 |          7 |      Fixed 
  1830 |  JC69 |         8 |    126 |              13 |         12 |      Fixed 
  1831 |  JC69 |        20 |    195 |               7 |          7 |      Fixed 
  1832 |  JC69 |         2 |     66 |               1 |          2 |      Fixed 
  1833 |  JC69 |         2 |    167 |               0 |          1 |      Fixed 
  1834 |  JC69 |         6 |     57 |               3 |          4 |      Fixed 
  1835 |  JC69 |         2 |    199 |               1 |          2 |      Fixed 
  1836 |  JC69 |         2 |     92 |               0 |          1 |      Fixed 
  1837 |  JC69 |         5 |     73 |               3 |          2 |      Fixed 
  1838 |  JC69 |         4 |    280 |              77 |         13 |      Fixed 
  1839 |  JC69 |         2 |     72 |               0 |          1 |      Fixed 
  1840 |  JC69 |        13 |    586 |             201 |         17 |      Fixed 
  1841 |  JC69 |         3 |    111 |               1 |          2 |      Fixed 
  1842 |  JC69 |        17 |    139 |               2 |          3 |      Fixed 
  1843 |  JC69 |         8 |    279 |              17 |         14 |      Fixed 
  1844 |  JC69 |         2 |    122 |              10 |          7 |      Fixed 
  1845 |  JC69 |         7 |    282 |              14 |          9 |      Fixed 
  1846 |  JC69 |        14 |    136 |               2 |          3 |      Fixed 
  1847 |  JC69 |         6 |    261 |              22 |          7 |      Fixed 
  1848 |  JC69 |        20 |    176 |              12 |          8 |      Fixed 
  1849 |  JC69 |         4 |     82 |               5 |          2 |      Fixed 
  1850 |  JC69 |        20 |    167 |               4 |          5 |      Fixed 
  1851 |  JC69 |         5 |    282 |              72 |         10 |      Fixed 
  1852 |  JC69 |         2 |    283 |               7 |          3 |      Fixed 
  1853 |  JC69 |         2 |    286 |              16 |          6 |      Fixed 
  1854 |  JC69 |         2 |    231 |               0 |          2 |      Fixed 
  1855 |  JC69 |         3 |    257 |              15 |          6 |      Fixed 
  1856 |  JC69 |         7 |    195 |              91 |         25 |      Fixed 
  1857 |  JC69 |         3 |    116 |               9 |          4 |      Fixed 
  1858 |  JC69 |        20 |    109 |               6 |          7 |      Fixed 
  1859 |  JC69 |        15 |    286 |              21 |         17 |      Fixed 
  1860 |  JC69 |        20 |    240 |              64 |          9 |      Fixed 
  1861 |  JC69 |        20 |    137 |               4 |          5 |      Fixed 
  1862 |  JC69 |         3 |     61 |               4 |          3 |      Fixed 
  1863 |  JC69 |         4 |     63 |               4 |          6 |      Fixed 
  1864 |  JC69 |        17 |    189 |               6 |          7 |      Fixed 
  1865 |  JC69 |        15 |     54 |               1 |          2 |      Fixed 
  1866 |  JC69 |        12 |    192 |              16 |         11 |      Fixed 
  1867 |  JC69 |         8 |    281 |              58 |         15 |      Fixed 
  1868 |  JC69 |         6 |    282 |              77 |         11 |      Fixed 
  1869 |  JC69 |         3 |     41 |               0 |          1 |      Fixed 
  1870 |  JC69 |         4 |    183 |               6 |          6 |      Fixed 
  1871 |  JC69 |         7 |     71 |               0 |          2 |      Fixed 
  1872 |  JC69 |         4 |    277 |              15 |         11 |      Fixed 
  1873 |  JC69 |        15 |    366 |              12 |         13 |      Fixed 
  1874 |  JC69 |         4 |     38 |               1 |          2 |      Fixed 
  1875 |  JC69 |         4 |     69 |               7 |          3 |      Fixed 
  1876 |  JC69 |         9 |    102 |              14 |         10 |      Fixed 
  1877 |  JC69 |         9 |    186 |               6 |          6 |      Fixed 
  1878 |  JC69 |         6 |    144 |               5 |          7 |      Fixed 
  1879 |  JC69 |         2 |    281 |               9 |          5 |      Fixed 
  1880 |  JC69 |        18 |    292 |              30 |         23 |      Fixed 
  1881 |  JC69 |         3 |    259 |              17 |          5 |      Fixed 
  1882 |  JC69 |        15 |    137 |              13 |          6 |      Fixed 
  1883 |  JC69 |        10 |    282 |              95 |         19 |      Fixed 
  1884 |  JC69 |         9 |    261 |              28 |         19 |      Fixed 
  1885 |  JC69 |         3 |    286 |              18 |         12 |      Fixed 
  1886 |  JC69 |         4 |     46 |               0 |          1 |      Fixed 
  1887 |  JC69 |         4 |     65 |              22 |          3 |      Fixed 
  1888 |  JC69 |        15 |    568 |             548 |         23 |      Fixed 
  1889 |  JC69 |         3 |    278 |             138 |          2 |      Fixed 
  1890 |  JC69 |         3 |    270 |               0 |          1 |      Fixed 
  1891 |  JC69 |         2 |    139 |               0 |          1 |      Fixed 
  1892 |  JC69 |         8 |     62 |               1 |          2 |      Fixed 
  1893 |  JC69 |        14 |    157 |               5 |          6 |      Fixed 
  1894 |  JC69 |         2 |    281 |              23 |          4 |      Fixed 
  1895 |  JC69 |         3 |    278 |             138 |          6 |      Fixed 
  1896 |  JC69 |         9 |    416 |             150 |         10 |      Fixed 
  1897 |  JC69 |         4 |    262 |               4 |          6 |      Fixed 
  1898 |  JC69 |        19 |     85 |               2 |          3 |      Fixed 
  1899 |  JC69 |        20 |     43 |               3 |          4 |      Fixed 
  1900 |  JC69 |        13 |    147 |              29 |         18 |      Fixed 
  1901 |  JC69 |         5 |     83 |               6 |          6 |      Fixed 
  1902 |  JC69 |        11 |     99 |               5 |          7 |      Fixed 
  1903 |  JC69 |         4 |    275 |             153 |         12 |      Fixed 
  1904 |  JC69 |         2 |     80 |               0 |          1 |      Fixed 
  1905 |  JC69 |         6 |    414 |             176 |         13 |      Fixed 
  1906 |  JC69 |        20 |    404 |              16 |         13 |      Fixed 
  1907 |  JC69 |        20 |     54 |               1 |          2 |      Fixed 
  1908 |  JC69 |         4 |    284 |              12 |          9 |      Fixed 
  1909 |  JC69 |         4 |     74 |               2 |          3 |      Fixed 
  1910 |  JC69 |        10 |    243 |             134 |         17 |      Fixed 
  1911 |  JC69 |        18 |    140 |               5 |          7 |      Fixed 
  1912 |  JC69 |        10 |     68 |               8 |          8 |      Fixed 
  1913 |  JC69 |         3 |     61 |               0 |          1 |      Fixed 
  1914 |  JC69 |        16 |    103 |              11 |          8 |      Fixed 
  1915 |  JC69 |        17 |    445 |             263 |         19 |      Fixed 
  1916 |  JC69 |         2 |    278 |              15 |          7 |      Fixed 
  1917 |  JC69 |         8 |    121 |               2 |          4 |      Fixed 
  1918 |  JC69 |        19 |    144 |              24 |         22 |      Fixed 
  1919 |  JC69 |        20 |     50 |               3 |          4 |      Fixed 
  1920 |  JC69 |        16 |     76 |               3 |          4 |      Fixed 
  1921 |  JC69 |         2 |    379 |              55 |          8 |      Fixed 
  1922 |  JC69 |         7 |    190 |              52 |         12 |      Fixed 
  1923 |  JC69 |        20 |    106 |               5 |          6 |      Fixed 
  1924 |  JC69 |         6 |    153 |               0 |          1 |      Fixed 
  1925 |  JC69 |        19 |    326 |              18 |         16 |      Fixed 
  1926 |  JC69 |         2 |    282 |              15 |          7 |      Fixed 
  1927 |  JC69 |        19 |    602 |             295 |         22 |      Fixed 
  1928 |  JC69 |         3 |     61 |               0 |          1 |      Fixed 
  1929 |  JC69 |         2 |     62 |               0 |          1 |      Fixed 
  1930 |  JC69 |         7 |    144 |               8 |          4 |      Fixed 
  1931 |  JC69 |         8 |     97 |              39 |          9 |      Fixed 
  1932 |  JC69 |         5 |    107 |               3 |          2 |      Fixed 
  1933 |  JC69 |         2 |    115 |               2 |          3 |      Fixed 
  1934 |  JC69 |         2 |    108 |              47 |          5 |      Fixed 
  1935 |  JC69 |         6 |     90 |              39 |          8 |      Fixed 
  1936 |  JC69 |         2 |     59 |               0 |          1 |      Fixed 
  1937 |  JC69 |         2 |    159 |               1 |          3 |      Fixed 
  1938 |  JC69 |         3 |    138 |               4 |          6 |      Fixed 
  1939 |  JC69 |         4 |     58 |              19 |          4 |      Fixed 
  1940 |  JC69 |         2 |    164 |               0 |          2 |      Fixed 
  1941 |  JC69 |         2 |    210 |              71 |          3 |      Fixed 
  1942 |  JC69 |         4 |    140 |               0 |          1 |      Fixed 
  1943 |  JC69 |         3 |     70 |               5 |          5 |      Fixed 
  1944 |  JC69 |         5 |    139 |              18 |          5 |      Fixed 
  1945 |  JC69 |         3 |     40 |               2 |          3 |      Fixed 
  1946 |  JC69 |         3 |     59 |               4 |          4 |      Fixed 
  1947 |  JC69 |         6 |    154 |               9 |          8 |      Fixed 
  1948 |  JC69 |         2 |    129 |               5 |          3 |      Fixed 
  1949 |  JC69 |         2 |    280 |              11 |          7 |      Fixed 
  1950 |  JC69 |         2 |    141 |              89 |          5 |      Fixed 
  1951 |  JC69 |         4 |    105 |              16 |          3 |      Fixed 
  1952 |  JC69 |         2 |     89 |               7 |          7 |      Fixed 
  1953 |  JC69 |         9 |    141 |               3 |          4 |      Fixed 
  1954 |  JC69 |         3 |     93 |               9 |          5 |      Fixed 
  1955 |  JC69 |         6 |     41 |               0 |          1 |      Fixed 
  1956 |  JC69 |         2 |    114 |               1 |          2 |      Fixed 
  1957 |  JC69 |         2 |    260 |              34 |          4 |      Fixed 
  1958 |  JC69 |        17 |    375 |              56 |         37 |      Fixed 
  1959 |  JC69 |        12 |    277 |              13 |         13 |      Fixed 
  1960 |  JC69 |         3 |    282 |               9 |          4 |      Fixed 
  1961 |  JC69 |         2 |    186 |               0 |          1 |      Fixed 
  1962 |  JC69 |        13 |     62 |               3 |          4 |      Fixed 
  1963 |  JC69 |         3 |    103 |               0 |          1 |      Fixed 
  1964 |  JC69 |        13 |    243 |              23 |         14 |      Fixed 
  1965 |  JC69 |         2 |    135 |               0 |          1 |      Fixed 
  1966 |  JC69 |         2 |     42 |              12 |          4 |      Fixed 
  1967 |  JC69 |         9 |     86 |              14 |          8 |      Fixed 
  1968 |  JC69 |         2 |    303 |              11 |          6 |      Fixed 
  1969 |  JC69 |        20 |    217 |              53 |         11 |      Fixed 
  1970 |  JC69 |        13 |    151 |              17 |         11 |      Fixed 
  1971 |  JC69 |        18 |    163 |               2 |          3 |      Fixed 
  1972 |  JC69 |        17 |    123 |              26 |          6 |      Fixed 
  1973 |  JC69 |         4 |    128 |               3 |          3 |      Fixed 
  1974 |  JC69 |         3 |    208 |               2 |          5 |      Fixed 
  1975 |  JC69 |         3 |    280 |              12 |          2 |      Fixed 
  1976 |  JC69 |         2 |    340 |             136 |          3 |      Fixed 
  1977 |  JC69 |         3 |     59 |               0 |          1 |      Fixed 
  1978 |  JC69 |         3 |    281 |              78 |          5 |      Fixed 
  1979 |  JC69 |         2 |    161 |               2 |          3 |      Fixed 
  1980 |  JC69 |         2 |    202 |               2 |          3 |      Fixed 
  1981 |  JC69 |        20 |    276 |             104 |          7 |      Fixed 
  1982 |  JC69 |        20 |    111 |               3 |          4 |      Fixed 
  1983 |  JC69 |         2 |    145 |               9 |          4 |      Fixed 
  1984 |  JC69 |        10 |    333 |             127 |         19 |      Fixed 
  1985 |  JC69 |         3 |     44 |               1 |          2 |      Fixed 
  1986 |  JC69 |         2 |     76 |               2 |          3 |      Fixed 
  1987 |  JC69 |        20 |    260 |              12 |         13 |      Fixed 
  1988 |  JC69 |         3 |    162 |               2 |          3 |      Fixed 
  1989 |  JC69 |         3 |    286 |               8 |          4 |      Fixed 
  1990 |  JC69 |         2 |    280 |               8 |          7 |      Fixed 
  1991 |  JC69 |         3 |     78 |               1 |          2 |      Fixed 
  1992 |  JC69 |         6 |    280 |             121 |         16 |      Fixed 
  1993 |  JC69 |         3 |     67 |               0 |          2 |      Fixed 
  1994 |  JC69 |        19 |    223 |             100 |         14 |      Fixed 
  1995 |  JC69 |        15 |     82 |               6 |          6 |      Fixed 
  1996 |  JC69 |        13 |    282 |              21 |         17 |      Fixed 
  1997 |  JC69 |         2 |    119 |               1 |          3 |      Fixed 
  1998 |  JC69 |        20 |     77 |               2 |          3 |      Fixed 
  1999 |  JC69 |         2 |    538 |             261 |          4 |      Fixed 
  2000 |  JC69 |         2 |     87 |               4 |          2 |      Fixed 

Parsing map file...
ajan_BABY6724 ajan
ajan_DW655 ajan
ajan_DW663 ajan
ajan_esa36 ajan
ajan_wdb38 ajan
ajan_ODP48916 ajan
ajancf_SLM01 ajan
ajancf_SLM05 ajan
ajancf_SLM10 ajan
alas_BABY422 alas
alas_BABY4577 alas
alas_BABY6558 alas
alas_DW641 alas
alas_DW646 alas
alas_ODP43138 alas
alas_ODP7414 alas
alas_ODP7415 alas
alas_ODP7424 alas
alas_ODP7429 alas
alas_ODP7432 alas
 Done
Writing multilocus alignments with compressed site patterns in fit/output/ch1.compressed-aln.phy

diploid_resolve_locus      1:         5      421        8 ->         8
diploid_resolve_locus      2:        20      292        8 ->         8
diploid_resolve_locus      3:        20      201        6 ->         7
diploid_resolve_locus      4:        20      158        2 ->         2
diploid_resolve_locus      5:        10     1558       28 ->        33
diploid_resolve_locus      6:         5       58        2 ->         2
diploid_resolve_locus      7:        17      292       14 ->        15
diploid_resolve_locus      8:        15     1065       36 ->        71
diploid_resolve_locus      9:        19      529       23 ->        29
diploid_resolve_locus     10:        19      724       29 ->        31
diploid_resolve_locus     11:        16      794       22 ->        35
diploid_resolve_locus     12:        20     1252       65 ->       109
diploid_resolve_locus     13:        14      170        6 ->         6
diploid_resolve_locus     14:         2      166        3 ->         3
diploid_resolve_locus     15:        20      277        8 ->        14
diploid_resolve_locus     16:        15      440       15 ->        19
diploid_resolve_locus     17:         3      279        5 ->         5
diploid_resolve_locus     18:        18      397        8 ->         8
diploid_resolve_locus     19:         7      347        8 ->         8
diploid_resolve_locus     20:        13      253       10 ->        10
diploid_resolve_locus     21:        20      532        8 ->        15
diploid_resolve_locus     22:        20      336        6 ->        14
diploid_resolve_locus     23:         2      281        3 ->         3
diploid_resolve_locus     24:         8     1023        9 ->         9
diploid_resolve_locus     25:        18      502       13 ->        13
diploid_resolve_locus     26:        20      798       11 ->        13
diploid_resolve_locus     27:         3       85        1 ->         1
diploid_resolve_locus     28:         8      278       16 ->        16
diploid_resolve_locus     29:        19      287        2 ->         2
diploid_resolve_locus     30:         3      282        6 ->         6
diploid_resolve_locus     31:        17      286       11 ->        11
diploid_resolve_locus     32:         5      282       10 ->        10
diploid_resolve_locus     33:        12      435       34 ->        49
diploid_resolve_locus     34:        16       75        3 ->         3
diploid_resolve_locus     35:        20       85        2 ->         2
diploid_resolve_locus     36:         2      275        5 ->         8
diploid_resolve_locus     37:        19      271        7 ->        17
diploid_resolve_locus     38:        20      344        5 ->         5
diploid_resolve_locus     39:        19      216       16 ->        36
diploid_resolve_locus     40:        17      121        6 ->        14
diploid_resolve_locus     41:        13       76        3 ->         3
diploid_resolve_locus     42:        20      233       11 ->        11
diploid_resolve_locus     43:         8      196       10 ->        12
diploid_resolve_locus     44:        20      232        6 ->         9
diploid_resolve_locus     45:        20      203        5 ->         9
diploid_resolve_locus     46:        20       88        5 ->        39
diploid_resolve_locus     47:         5      144        3 ->         3
diploid_resolve_locus     48:         3       48        3 ->         3
diploid_resolve_locus     49:        12      170        8 ->         8
diploid_resolve_locus     50:        20      649       14 ->        28
diploid_resolve_locus     51:        19      104        3 ->         3
diploid_resolve_locus     52:         2      285        2 ->         2
diploid_resolve_locus     53:         5       57        2 ->         2
diploid_resolve_locus     54:         4      280        7 ->         7
diploid_resolve_locus     55:        12      122        2 ->         2
diploid_resolve_locus     56:         4      266        3 ->         3
diploid_resolve_locus     57:         2      378        4 ->         4
diploid_resolve_locus     58:        17       99        5 ->        52
diploid_resolve_locus     59:        16      675       41 ->        75
diploid_resolve_locus     60:        10      245       13 ->        40
diploid_resolve_locus     61:        17      292       19 ->        32
diploid_resolve_locus     62:        16      518       17 ->        19
diploid_resolve_locus     63:         3      285        8 ->         8
diploid_resolve_locus     64:         3      280        9 ->        12
diploid_resolve_locus     65:        19      753       27 ->        60
diploid_resolve_locus     66:        14      108       12 ->        14
diploid_resolve_locus     67:         5      282        9 ->         9
diploid_resolve_locus     68:         4      276        6 ->         8
diploid_resolve_locus     69:        14      286       19 ->        28
diploid_resolve_locus     70:         4      352        7 ->         7
diploid_resolve_locus     71:        18       94        4 ->         5
diploid_resolve_locus     72:         3      272        7 ->        10
diploid_resolve_locus     73:        12      112        2 ->         2
diploid_resolve_locus     74:        11      282       18 ->        22
diploid_resolve_locus     75:         2      279        4 ->         4
diploid_resolve_locus     76:        19      115        7 ->        11
diploid_resolve_locus     77:        16      118        5 ->         5
diploid_resolve_locus     78:         2      282        4 ->         4
diploid_resolve_locus     79:        19      538        7 ->        11
diploid_resolve_locus     80:        19      240        5 ->         6
diploid_resolve_locus     81:         9       54        2 ->         2
diploid_resolve_locus     82:        20      435       16 ->        37
diploid_resolve_locus     83:        20      214        9 ->        10
diploid_resolve_locus     84:         9      390       16 ->        28
diploid_resolve_locus     85:        20      213        8 ->        37
diploid_resolve_locus     86:        10      413       15 ->        17
diploid_resolve_locus     87:        20       97        3 ->         3
diploid_resolve_locus     88:         6       93        2 ->         2
diploid_resolve_locus     89:        18      180        2 ->         2
diploid_resolve_locus     90:         5      155        1 ->         1
diploid_resolve_locus     91:        16      300        5 ->         6
diploid_resolve_locus     92:         2      166        5 ->         6
diploid_resolve_locus     93:        19      209        2 ->         2
diploid_resolve_locus     94:        19      227        6 ->         6
diploid_resolve_locus     95:         8       74        8 ->         8
diploid_resolve_locus     96:        15      153        3 ->         3
diploid_resolve_locus     97:         2      218        4 ->         4
diploid_resolve_locus     98:         6      432       26 ->        52
diploid_resolve_locus     99:        13      355       26 ->        51
diploid_resolve_locus    100:        16      242       18 ->        35
diploid_resolve_locus    101:         8      280        7 ->         7
diploid_resolve_locus    102:        20      224        5 ->        11
diploid_resolve_locus    103:        18      335        8 ->         8
diploid_resolve_locus    104:         3      280        5 ->         5
diploid_resolve_locus    105:        20      227        4 ->         4
diploid_resolve_locus    106:        11       60        1 ->         1
diploid_resolve_locus    107:         9      214        7 ->         8
diploid_resolve_locus    108:         4      190        6 ->         6
diploid_resolve_locus    109:        18      478       17 ->        20
diploid_resolve_locus    110:        10       70        2 ->         2
diploid_resolve_locus    111:        19      203        6 ->         7
diploid_resolve_locus    112:         3       41        1 ->         1
diploid_resolve_locus    113:        20      223        5 ->         5
diploid_resolve_locus    114:        14      366       20 ->        21
diploid_resolve_locus    115:         3       93        1 ->         1
diploid_resolve_locus    116:        19      342       14 ->        33
diploid_resolve_locus    117:         6      278       10 ->        10
diploid_resolve_locus    118:        20      373        8 ->         8
diploid_resolve_locus    119:        20      163        3 ->        13
diploid_resolve_locus    120:        20      112        4 ->         6
diploid_resolve_locus    121:         5      277        6 ->         6
diploid_resolve_locus    122:         5      186        4 ->         5
diploid_resolve_locus    123:        20      292       16 ->        16
diploid_resolve_locus    124:        20      533       13 ->        15
diploid_resolve_locus    125:         2      214        4 ->         4
diploid_resolve_locus    126:        10      268       11 ->        12
diploid_resolve_locus    127:         9      434       11 ->        11
diploid_resolve_locus    128:        17      281       12 ->        29
diploid_resolve_locus    129:        19       73        4 ->         4
diploid_resolve_locus    130:        11      294        5 ->         5
diploid_resolve_locus    131:        20      126        6 ->         7
diploid_resolve_locus    132:         2      284        6 ->         7
diploid_resolve_locus    133:        20       73        3 ->         3
diploid_resolve_locus    134:        14      209        7 ->         8
diploid_resolve_locus    135:        16       82        3 ->         4
diploid_resolve_locus    136:        19      138        6 ->         8
diploid_resolve_locus    137:         2      138        2 ->         2
diploid_resolve_locus    138:        16       65        2 ->         2
diploid_resolve_locus    139:        20      126        4 ->         6
diploid_resolve_locus    140:         9      447        9 ->        25
diploid_resolve_locus    141:        13      225        7 ->         7
diploid_resolve_locus    142:        20       94        3 ->         3
diploid_resolve_locus    143:         4      248        7 ->         7
diploid_resolve_locus    144:         3       90        1 ->         1
diploid_resolve_locus    145:         5       85        3 ->         3
diploid_resolve_locus    146:         2      281        7 ->        11
diploid_resolve_locus    147:        13      192        6 ->         7
diploid_resolve_locus    148:         6      284        8 ->         8
diploid_resolve_locus    149:         2      278        5 ->         5
diploid_resolve_locus    150:        20      545       25 ->        73
diploid_resolve_locus    151:         2      350        4 ->         4
diploid_resolve_locus    152:        15      291       18 ->        25
diploid_resolve_locus    153:        20       65        3 ->         3
diploid_resolve_locus    154:         3      151        4 ->         4
diploid_resolve_locus    155:        15      277       11 ->        17
diploid_resolve_locus    156:        11       53        3 ->         3
diploid_resolve_locus    157:         2       78        2 ->         2
diploid_resolve_locus    158:         5      282       19 ->        26
diploid_resolve_locus    159:         2      281        5 ->         6
diploid_resolve_locus    160:         3      184        3 ->         3
diploid_resolve_locus    161:        15      512       15 ->        16
diploid_resolve_locus    162:         3      336        2 ->         2
diploid_resolve_locus    163:        19      258        7 ->         8
diploid_resolve_locus    164:         4      365        8 ->         8
diploid_resolve_locus    165:        20      236        6 ->         7
diploid_resolve_locus    166:        20      432       22 ->        53
diploid_resolve_locus    167:        15      432       15 ->        36
diploid_resolve_locus    168:        15      150       11 ->        14
diploid_resolve_locus    169:        10      834       18 ->        18
diploid_resolve_locus    170:        19      588       23 ->        41
diploid_resolve_locus    171:        19      658       39 ->        42
diploid_resolve_locus    172:        16      140        4 ->         7
diploid_resolve_locus    173:        19      108        7 ->         7
diploid_resolve_locus    174:        11      191        4 ->         4
diploid_resolve_locus    175:        13      292       14 ->        14
diploid_resolve_locus    176:        11      423       18 ->        19
diploid_resolve_locus    177:        18      322       14 ->        15
diploid_resolve_locus    178:         7      282        9 ->        10
diploid_resolve_locus    179:        15      415       18 ->        24
diploid_resolve_locus    180:         5       69        1 ->         1
diploid_resolve_locus    181:         9       57        6 ->         6
diploid_resolve_locus    182:         2      281        3 ->         3
diploid_resolve_locus    183:         3       46        1 ->         1
diploid_resolve_locus    184:        20       83        5 ->         5
diploid_resolve_locus    185:        15      213        7 ->         7
diploid_resolve_locus    186:         2      272        3 ->         3
diploid_resolve_locus    187:        20      145        7 ->         9
diploid_resolve_locus    188:         3      269        4 ->         4
diploid_resolve_locus    189:        14      132        4 ->         4
diploid_resolve_locus    190:        13      381       17 ->        34
diploid_resolve_locus    191:         9      281       17 ->        20
diploid_resolve_locus    192:        15      116        4 ->         5
diploid_resolve_locus    193:         4       57        1 ->         1
diploid_resolve_locus    194:        20      392       15 ->        35
diploid_resolve_locus    195:        20      167        3 ->         3
diploid_resolve_locus    196:        20      838       32 ->        62
diploid_resolve_locus    197:        20       89        3 ->         3
diploid_resolve_locus    198:        20      142        3 ->         3
diploid_resolve_locus    199:        20      105        3 ->         3
diploid_resolve_locus    200:        20      622       23 ->        36
diploid_resolve_locus    201:         2      239        2 ->         2
diploid_resolve_locus    202:        18      745       23 ->        25
diploid_resolve_locus    203:        20      255        8 ->        13
diploid_resolve_locus    204:        17       94        7 ->         7
diploid_resolve_locus    205:        16      284       22 ->        29
diploid_resolve_locus    206:        15      165        5 ->         5
diploid_resolve_locus    207:        20       76        4 ->         5
diploid_resolve_locus    208:        15       97        3 ->         3
diploid_resolve_locus    209:        20      166        6 ->         8
diploid_resolve_locus    210:        19      416       14 ->        17
diploid_resolve_locus    211:         4       51        2 ->         2
diploid_resolve_locus    212:         7      286       15 ->        15
diploid_resolve_locus    213:         9      215       10 ->        14
diploid_resolve_locus    214:        11      473       11 ->        11
diploid_resolve_locus    215:        20       62        4 ->         4
diploid_resolve_locus    216:        20       78        3 ->         3
diploid_resolve_locus    217:         3      255        9 ->        11
diploid_resolve_locus    218:        18      400       17 ->        22
diploid_resolve_locus    219:        19      220       10 ->        10
diploid_resolve_locus    220:        20      207        6 ->         6
diploid_resolve_locus    221:         8      151        3 ->         3
diploid_resolve_locus    222:        20       70        4 ->         4
diploid_resolve_locus    223:        10      251        8 ->         8
diploid_resolve_locus    224:         3       54        1 ->         1
diploid_resolve_locus    225:         3      141        3 ->         3
diploid_resolve_locus    226:        18      418       18 ->        18
diploid_resolve_locus    227:        16      435        6 ->         6
diploid_resolve_locus    228:        12      322       10 ->        14
diploid_resolve_locus    229:         3      151        2 ->         2
diploid_resolve_locus    230:         4      282        9 ->        10
diploid_resolve_locus    231:         4      105        2 ->         2
diploid_resolve_locus    232:         7      281       10 ->        17
diploid_resolve_locus    233:        19      191        3 ->         3
diploid_resolve_locus    234:         3      282        4 ->         4
diploid_resolve_locus    235:         3      280        6 ->         7
diploid_resolve_locus    236:        11      416       15 ->        17
diploid_resolve_locus    237:        18      284       13 ->        17
diploid_resolve_locus    238:         9      179        4 ->         4
diploid_resolve_locus    239:        16       87        2 ->         2
diploid_resolve_locus    240:        16      135        7 ->         9
diploid_resolve_locus    241:        11      260       14 ->        20
diploid_resolve_locus    242:        17       45        2 ->         2
diploid_resolve_locus    243:        19      205        8 ->        18
diploid_resolve_locus    244:        15      561       28 ->        29
diploid_resolve_locus    245:         2      278        4 ->         4
diploid_resolve_locus    246:        13      143       10 ->        11
diploid_resolve_locus    247:         8      126        6 ->         9
diploid_resolve_locus    248:         9      349        8 ->         9
diploid_resolve_locus    249:         6      280        8 ->         8
diploid_resolve_locus    250:        20      114        2 ->         2
diploid_resolve_locus    251:        20      128        3 ->         4
diploid_resolve_locus    252:        18      211       13 ->        18
diploid_resolve_locus    253:         2      268        4 ->         6
diploid_resolve_locus    254:        11      211        8 ->        14
diploid_resolve_locus    255:         8       72        4 ->         4
diploid_resolve_locus    256:        17      146        2 ->         2
diploid_resolve_locus    257:         2       57        2 ->         2
diploid_resolve_locus    258:        12      151        3 ->         3
diploid_resolve_locus    259:        20      147        3 ->         3
diploid_resolve_locus    260:        10      233        5 ->         6
diploid_resolve_locus    261:        15       74        8 ->         9
diploid_resolve_locus    262:        19       52        2 ->         2
diploid_resolve_locus    263:        20      212        8 ->        12
diploid_resolve_locus    264:         2       40        1 ->         1
diploid_resolve_locus    265:        11      357       15 ->        22
diploid_resolve_locus    266:        15      288       16 ->        21
diploid_resolve_locus    267:         9      289       15 ->        17
diploid_resolve_locus    268:         5      285        7 ->         7
diploid_resolve_locus    269:         4       87        2 ->         2
diploid_resolve_locus    270:        20      212        7 ->         7
diploid_resolve_locus    271:        20      171        1 ->         1
diploid_resolve_locus    272:        15       52        1 ->         1
diploid_resolve_locus    273:        13      435       13 ->        13
diploid_resolve_locus    274:        16      282       10 ->        10
diploid_resolve_locus    275:         2      411        5 ->         5
diploid_resolve_locus    276:         8      498       13 ->        14
diploid_resolve_locus    277:         3      278        4 ->         4
diploid_resolve_locus    278:        20       72        4 ->         4
diploid_resolve_locus    279:        12      532       15 ->        16
diploid_resolve_locus    280:        11      354       15 ->        15
diploid_resolve_locus    281:        20      269        6 ->         8
diploid_resolve_locus    282:        20       95        1 ->         1
diploid_resolve_locus    283:        10      128        4 ->         4
diploid_resolve_locus    284:         6      111        4 ->         6
diploid_resolve_locus    285:        20       72        8 ->        10
diploid_resolve_locus    286:         4      281        8 ->         9
diploid_resolve_locus    287:        19       60        1 ->         1
diploid_resolve_locus    288:        20      152        7 ->        37
diploid_resolve_locus    289:         4      280        9 ->         9
diploid_resolve_locus    290:        20      406       15 ->        16
diploid_resolve_locus    291:         4      275        7 ->         7
diploid_resolve_locus    292:         4      217       10 ->        16
diploid_resolve_locus    293:        16      164        5 ->         5
diploid_resolve_locus    294:        11      100        6 ->         6
diploid_resolve_locus    295:        18      249       19 ->        67
diploid_resolve_locus    296:         2      106        1 ->         1
diploid_resolve_locus    297:        16      854       33 ->        63
diploid_resolve_locus    298:         4      253        6 ->        11
diploid_resolve_locus    299:        20       95        1 ->         1
diploid_resolve_locus    300:        20      184        2 ->         2
diploid_resolve_locus    301:        12      110        3 ->         3
diploid_resolve_locus    302:        15      167        6 ->         6
diploid_resolve_locus    303:        20      324        7 ->        10
diploid_resolve_locus    304:        20      263        7 ->        10
diploid_resolve_locus    305:        20      158        4 ->         4
diploid_resolve_locus    306:         2      127        2 ->         2
diploid_resolve_locus    307:        16      102       12 ->        28
diploid_resolve_locus    308:         2      237        1 ->         1
diploid_resolve_locus    309:        11       98        4 ->         4
diploid_resolve_locus    310:        14      214        7 ->        29
diploid_resolve_locus    311:         8       60        1 ->         1
diploid_resolve_locus    312:         4      481        4 ->         4
diploid_resolve_locus    313:         7      150        6 ->         6
diploid_resolve_locus    314:        20      184        3 ->         3
diploid_resolve_locus    315:        15       95        4 ->         4
diploid_resolve_locus    316:        11      348       19 ->        20
diploid_resolve_locus    317:         4       44        1 ->         1
diploid_resolve_locus    318:         3      275        8 ->         9
diploid_resolve_locus    319:        17      212        7 ->         7
diploid_resolve_locus    320:         2       65        2 ->         2
diploid_resolve_locus    321:         2      286        5 ->         5
diploid_resolve_locus    322:         4      164        2 ->         2
diploid_resolve_locus    323:         6      317        7 ->         7
diploid_resolve_locus    324:        15      836       24 ->        55
diploid_resolve_locus    325:         5      279        8 ->        11
diploid_resolve_locus    326:        20      486       23 ->        31
diploid_resolve_locus    327:        18      291       18 ->        18
diploid_resolve_locus    328:        20       92        5 ->         5
diploid_resolve_locus    329:        20       97        4 ->         5
diploid_resolve_locus    330:        11      231        8 ->         8
diploid_resolve_locus    331:         2      277        4 ->         4
diploid_resolve_locus    332:        20      327        9 ->        12
diploid_resolve_locus    333:        16      111        4 ->         5
diploid_resolve_locus    334:        13      287       15 ->        16
diploid_resolve_locus    335:        16       80        3 ->         3
diploid_resolve_locus    336:        13      184        7 ->        17
diploid_resolve_locus    337:        16       72        4 ->         5
diploid_resolve_locus    338:        10      345       18 ->        68
diploid_resolve_locus    339:         8      103        9 ->        22
diploid_resolve_locus    340:        11      222       16 ->        19
diploid_resolve_locus    341:        19       96        2 ->         2
diploid_resolve_locus    342:        20       68        2 ->         2
diploid_resolve_locus    343:        10      282       14 ->        15
diploid_resolve_locus    344:         4       51        2 ->         2
diploid_resolve_locus    345:        19      810       17 ->        28
diploid_resolve_locus    346:        20      444       12 ->        12
diploid_resolve_locus    347:        20      422       14 ->        14
diploid_resolve_locus    348:         3      279        4 ->         4
diploid_resolve_locus    349:        16      291       14 ->        17
diploid_resolve_locus    350:        19      372       13 ->        15
diploid_resolve_locus    351:         3       40        1 ->         1
diploid_resolve_locus    352:        12      279       18 ->        22
diploid_resolve_locus    353:         6      280       16 ->        25
diploid_resolve_locus    354:         3       61        1 ->         1
diploid_resolve_locus    355:         3      239        5 ->         6
diploid_resolve_locus    356:        19       92        5 ->         7
diploid_resolve_locus    357:        20       81        3 ->         3
diploid_resolve_locus    358:        11      245       12 ->        24
diploid_resolve_locus    359:        19      114        3 ->         3
diploid_resolve_locus    360:         2      280        3 ->         3
diploid_resolve_locus    361:        15      279        7 ->         8
diploid_resolve_locus    362:         2      264        3 ->         3
diploid_resolve_locus    363:         2       44        1 ->         1
diploid_resolve_locus    364:        11       60        3 ->         3
diploid_resolve_locus    365:        20      239       12 ->        18
diploid_resolve_locus    366:        20       88        2 ->         2
diploid_resolve_locus    367:        13      153        6 ->         6
diploid_resolve_locus    368:        20      187        1 ->         1
diploid_resolve_locus    369:        19      183        2 ->         2
diploid_resolve_locus    370:        19       94        7 ->         9
diploid_resolve_locus    371:        17       79        5 ->         5
diploid_resolve_locus    372:        17      630       10 ->        12
diploid_resolve_locus    373:         5      187        1 ->         1
diploid_resolve_locus    374:        20      151        4 ->         4
diploid_resolve_locus    375:        20      107        5 ->         5
diploid_resolve_locus    376:        20      104        3 ->        13
diploid_resolve_locus    377:        19       77        1 ->         1
diploid_resolve_locus    378:        19       62        8 ->        16
diploid_resolve_locus    379:         3      118        2 ->         2
diploid_resolve_locus    380:        17      103        2 ->         2
diploid_resolve_locus    381:        16       55        6 ->         6
diploid_resolve_locus    382:        13      104        3 ->         3
diploid_resolve_locus    383:         6       52        3 ->         3
diploid_resolve_locus    384:        10      139        6 ->        21
diploid_resolve_locus    385:         3      275        5 ->         5
diploid_resolve_locus    386:         2       40        1 ->         1
diploid_resolve_locus    387:        16      185        9 ->        15
diploid_resolve_locus    388:         9       37        1 ->         1
diploid_resolve_locus    389:         3      278        5 ->         5
diploid_resolve_locus    390:        15       43        3 ->         3
diploid_resolve_locus    391:        11      554       21 ->        25
diploid_resolve_locus    392:        20      396        8 ->         8
diploid_resolve_locus    393:        13      150        4 ->         4
diploid_resolve_locus    394:        18       51        5 ->         5
diploid_resolve_locus    395:         4      200        7 ->         8
diploid_resolve_locus    396:        19       77        4 ->         5
diploid_resolve_locus    397:        13      120        9 ->        10
diploid_resolve_locus    398:         2       91        1 ->         1
diploid_resolve_locus    399:         2      257        2 ->         2
diploid_resolve_locus    400:        14       58        1 ->         1
diploid_resolve_locus    401:        15      238       10 ->        10
diploid_resolve_locus    402:        17      253        7 ->        15
diploid_resolve_locus    403:         3      239        3 ->         3
diploid_resolve_locus    404:        11       66        1 ->         1
diploid_resolve_locus    405:        12      101        3 ->         3
diploid_resolve_locus    406:        19      292       19 ->        20
diploid_resolve_locus    407:         9      280       14 ->        15
diploid_resolve_locus    408:        13      160        9 ->        18
diploid_resolve_locus    409:        20      391       20 ->        46
diploid_resolve_locus    410:        19       70        9 ->        11
diploid_resolve_locus    411:         4      276        9 ->         9
diploid_resolve_locus    412:        14      201       11 ->        12
diploid_resolve_locus    413:         3      255        2 ->         2
diploid_resolve_locus    414:        14      280        7 ->        11
diploid_resolve_locus    415:        13      546       22 ->        28
diploid_resolve_locus    416:        19      209        6 ->         8
diploid_resolve_locus    417:         5      184        3 ->         3
diploid_resolve_locus    418:        11      249        7 ->         7
diploid_resolve_locus    419:        16       45        3 ->         3
diploid_resolve_locus    420:        20      301       15 ->        22
diploid_resolve_locus    421:        20      634       24 ->        26
diploid_resolve_locus    422:        20       90        3 ->         3
diploid_resolve_locus    423:        12      353       22 ->        22
diploid_resolve_locus    424:        20       93        5 ->         6
diploid_resolve_locus    425:         2       38        1 ->         1
diploid_resolve_locus    426:        16      111        9 ->        10
diploid_resolve_locus    427:        20      197        8 ->         9
diploid_resolve_locus    428:         6      339       10 ->        10
diploid_resolve_locus    429:        16      153        2 ->         2
diploid_resolve_locus    430:         2       74        1 ->         1
diploid_resolve_locus    431:         6      124        3 ->         3
diploid_resolve_locus    432:        15      542       31 ->        39
diploid_resolve_locus    433:         3      278        6 ->         6
diploid_resolve_locus    434:         2      277        3 ->         3
diploid_resolve_locus    435:        10      121        9 ->        11
diploid_resolve_locus    436:        20      767       33 ->        83
diploid_resolve_locus    437:        20      178        7 ->         8
diploid_resolve_locus    438:        19      146        5 ->         6
diploid_resolve_locus    439:        18      214        6 ->         6
diploid_resolve_locus    440:        20      104       10 ->        12
diploid_resolve_locus    441:        16      259       26 ->        33
diploid_resolve_locus    442:        19       93        8 ->        11
diploid_resolve_locus    443:         2      277        5 ->         5
diploid_resolve_locus    444:        18      195       10 ->        11
diploid_resolve_locus    445:         7      279       12 ->        13
diploid_resolve_locus    446:        20      551       17 ->        17
diploid_resolve_locus    447:        20      395       13 ->        14
diploid_resolve_locus    448:         4      227        3 ->         3
diploid_resolve_locus    449:         2      282        3 ->         3
diploid_resolve_locus    450:         3      277        4 ->         4
diploid_resolve_locus    451:        11      258       15 ->        18
diploid_resolve_locus    452:        19      176        5 ->         5
diploid_resolve_locus    453:        19      222        2 ->         2
diploid_resolve_locus    454:         2      279        4 ->         4
diploid_resolve_locus    455:        13       41        4 ->         5
diploid_resolve_locus    456:        15      589       27 ->        30
diploid_resolve_locus    457:        20      174        3 ->         3
diploid_resolve_locus    458:        15      252       15 ->        33
diploid_resolve_locus    459:        20      164        5 ->        10
diploid_resolve_locus    460:         4       53        2 ->         2
diploid_resolve_locus    461:        16      530       17 ->        19
diploid_resolve_locus    462:        20       72        3 ->         3
diploid_resolve_locus    463:        17      146        9 ->        10
diploid_resolve_locus    464:        20      153       10 ->        16
diploid_resolve_locus    465:         5      271       12 ->        19
diploid_resolve_locus    466:        18      181        7 ->         9
diploid_resolve_locus    467:        19       82        7 ->         9
diploid_resolve_locus    468:        12      118        6 ->         6
diploid_resolve_locus    469:        18      288       10 ->        10
diploid_resolve_locus    470:        20      148        9 ->        11
diploid_resolve_locus    471:         2      145        1 ->         1
diploid_resolve_locus    472:        20       65        2 ->         2
diploid_resolve_locus    473:        20      292       11 ->        11
diploid_resolve_locus    474:         5      153        4 ->         4
diploid_resolve_locus    475:        20      116        5 ->         6
diploid_resolve_locus    476:        19      231       12 ->        13
diploid_resolve_locus    477:         2      258        3 ->         3
diploid_resolve_locus    478:        18       75        3 ->         3
diploid_resolve_locus    479:        16      332       15 ->        16
diploid_resolve_locus    480:         3      282        5 ->         5
diploid_resolve_locus    481:         3      134        1 ->         1
diploid_resolve_locus    482:        16      102        6 ->        11
diploid_resolve_locus    483:        12      131        3 ->         3
diploid_resolve_locus    484:        18      257        3 ->         3
diploid_resolve_locus    485:        16      183        7 ->         8
diploid_resolve_locus    486:        15       45        1 ->         1
diploid_resolve_locus    487:        20      219        2 ->         2
diploid_resolve_locus    488:        12      190        5 ->         5
diploid_resolve_locus    489:         5      520        8 ->         8
diploid_resolve_locus    490:        20       49        4 ->         4
diploid_resolve_locus    491:        20       89        3 ->         3
diploid_resolve_locus    492:         2      273        2 ->         2
diploid_resolve_locus    493:         5      286       14 ->        14
diploid_resolve_locus    494:        20      207        8 ->         8
diploid_resolve_locus    495:         9      285       14 ->        18
diploid_resolve_locus    496:         6      237        7 ->         7
diploid_resolve_locus    497:        13      952       24 ->        26
diploid_resolve_locus    498:        15       81        7 ->        21
diploid_resolve_locus    499:        14      377       17 ->        19
diploid_resolve_locus    500:         4      282        8 ->         8
diploid_resolve_locus    501:         8      271       11 ->        11
diploid_resolve_locus    502:        19       87        3 ->         3
diploid_resolve_locus    503:        20      168        3 ->         3
diploid_resolve_locus    504:        20      115        8 ->         8
diploid_resolve_locus    505:         3      182        1 ->         1
diploid_resolve_locus    506:        16      477       13 ->        16
diploid_resolve_locus    507:        20      332        9 ->         9
diploid_resolve_locus    508:        14      573       21 ->        23
diploid_resolve_locus    509:        19      215        2 ->         2
diploid_resolve_locus    510:         5       47        1 ->         1
diploid_resolve_locus    511:         7      522       11 ->        12
diploid_resolve_locus    512:         4      270        5 ->         5
diploid_resolve_locus    513:         9      281       13 ->        16
diploid_resolve_locus    514:        16      234        9 ->        14
diploid_resolve_locus    515:         2       37        1 ->         1
diploid_resolve_locus    516:         2      341        2 ->         2
diploid_resolve_locus    517:        14      218        7 ->         9
diploid_resolve_locus    518:        13      180        5 ->         6
diploid_resolve_locus    519:         7      119        2 ->         2
diploid_resolve_locus    520:         3      267        5 ->         5
diploid_resolve_locus    521:        13       90        2 ->         2
diploid_resolve_locus    522:        12      372       20 ->        26
diploid_resolve_locus    523:         2       57        1 ->         1
diploid_resolve_locus    524:        19      170        3 ->         3
diploid_resolve_locus    525:        20      275        5 ->         5
diploid_resolve_locus    526:        18      116        5 ->         5
diploid_resolve_locus    527:        20      406       45 ->      3099
diploid_resolve_locus    528:        14      100        4 ->         4
diploid_resolve_locus    529:         5       61        3 ->         3
diploid_resolve_locus    530:        20      168        5 ->         5
diploid_resolve_locus    531:         8      280        6 ->         6
diploid_resolve_locus    532:        17      370       15 ->        15
diploid_resolve_locus    533:        14      259       14 ->        15
diploid_resolve_locus    534:         9      211        6 ->         7
diploid_resolve_locus    535:        20      647       14 ->        15
diploid_resolve_locus    536:         5      292        4 ->         4
diploid_resolve_locus    537:        20       89        4 ->         4
diploid_resolve_locus    538:        19      253        4 ->         4
diploid_resolve_locus    539:        18       95        3 ->         5
diploid_resolve_locus    540:        17      447       20 ->        48
diploid_resolve_locus    541:        20       74        2 ->         2
diploid_resolve_locus    542:         7      281        5 ->         5
diploid_resolve_locus    543:        18      404       11 ->        13
diploid_resolve_locus    544:        20       71        4 ->         4
diploid_resolve_locus    545:         3      280        4 ->         4
diploid_resolve_locus    546:         8      275        9 ->        11
diploid_resolve_locus    547:         2      278        4 ->         4
diploid_resolve_locus    548:         2      264        4 ->         5
diploid_resolve_locus    549:        18      272       12 ->        13
diploid_resolve_locus    550:        17      131        3 ->         3
diploid_resolve_locus    551:        19       62        5 ->         7
diploid_resolve_locus    552:        18      225       11 ->        16
diploid_resolve_locus    553:         4      136        5 ->         7
diploid_resolve_locus    554:        17      223        6 ->         6
diploid_resolve_locus    555:        14      156        3 ->         3
diploid_resolve_locus    556:         3      279        7 ->         7
diploid_resolve_locus    557:         3       93        5 ->         6
diploid_resolve_locus    558:        20      286       18 ->        22
diploid_resolve_locus    559:         3      105        1 ->         1
diploid_resolve_locus    560:         3      283       12 ->        29
diploid_resolve_locus    561:        19      225        7 ->         9
diploid_resolve_locus    562:         2      253        4 ->         4
diploid_resolve_locus    563:         4       57        1 ->         1
diploid_resolve_locus    564:        18      277       18 ->        99
diploid_resolve_locus    565:        13      642       21 ->        22
diploid_resolve_locus    566:        19      216        5 ->         6
diploid_resolve_locus    567:         3       58        2 ->         2
diploid_resolve_locus    568:         5       52        2 ->         2
diploid_resolve_locus    569:        14      178        7 ->        59
diploid_resolve_locus    570:         9      187        4 ->         4
diploid_resolve_locus    571:         6      281        9 ->         9
diploid_resolve_locus    572:        11      226        7 ->        10
diploid_resolve_locus    573:        13       56        1 ->         1
diploid_resolve_locus    574:         4      190        5 ->         6
diploid_resolve_locus    575:        11       86        8 ->        14
diploid_resolve_locus    576:        20      584       30 ->        52
diploid_resolve_locus    577:        20      218       12 ->        13
diploid_resolve_locus    578:        20       76        4 ->         4
diploid_resolve_locus    579:         2       55        1 ->         1
diploid_resolve_locus    580:        19      790       24 ->        35
diploid_resolve_locus    581:        20       91        7 ->         7
diploid_resolve_locus    582:        20      249       10 ->        13
diploid_resolve_locus    583:         3       41        1 ->         1
diploid_resolve_locus    584:        18      436       22 ->        30
diploid_resolve_locus    585:         3      279        2 ->         2
diploid_resolve_locus    586:        19      633       35 ->       154
diploid_resolve_locus    587:        10      251        8 ->        18
diploid_resolve_locus    588:        20       93        2 ->         2
diploid_resolve_locus    589:         2      279        5 ->         6
diploid_resolve_locus    590:         2       66        1 ->         1
diploid_resolve_locus    591:         5      282        9 ->         9
diploid_resolve_locus    592:        20      155        2 ->         2
diploid_resolve_locus    593:         3      177        4 ->         4
diploid_resolve_locus    594:         3      105        2 ->         2
diploid_resolve_locus    595:        20      303       10 ->        11
diploid_resolve_locus    596:        17      229        6 ->        20
diploid_resolve_locus    597:        19      602       15 ->        15
diploid_resolve_locus    598:         7      282       12 ->        15
diploid_resolve_locus    599:         2      115        1 ->         1
diploid_resolve_locus    600:        17       53        3 ->         3
diploid_resolve_locus    601:        15      141        3 ->         3
diploid_resolve_locus    602:        20       65        3 ->         3
diploid_resolve_locus    603:        19       67        2 ->         2
diploid_resolve_locus    604:        20      206       17 ->        24
diploid_resolve_locus    605:        18      508       21 ->        27
diploid_resolve_locus    606:        18       89        8 ->        10
diploid_resolve_locus    607:         2      286        4 ->         5
diploid_resolve_locus    608:        11      193        6 ->        16
diploid_resolve_locus    609:         2      217        1 ->         1
diploid_resolve_locus    610:        11      483       10 ->        15
diploid_resolve_locus    611:        10      282       12 ->        13
diploid_resolve_locus    612:         2      282        4 ->         4
diploid_resolve_locus    613:         2      134        1 ->         1
diploid_resolve_locus    614:        17      135       12 ->        13
diploid_resolve_locus    615:        11      461       26 ->        31
diploid_resolve_locus    616:         2       97        2 ->         2
diploid_resolve_locus    617:        18      289       12 ->        12
diploid_resolve_locus    618:        19      374       14 ->        22
diploid_resolve_locus    619:        20      567       20 ->        46
diploid_resolve_locus    620:        16       80        5 ->         5
diploid_resolve_locus    621:        19      292       21 ->        23
diploid_resolve_locus    622:         2      250        3 ->         3
diploid_resolve_locus    623:        20      156        9 ->        21
diploid_resolve_locus    624:         3      281        6 ->         6
diploid_resolve_locus    625:         9      414       14 ->        14
diploid_resolve_locus    626:        13      364       19 ->        25
diploid_resolve_locus    627:        20      210        7 ->         8
diploid_resolve_locus    628:         2      286        4 ->         4
diploid_resolve_locus    629:         8      100        3 ->         3
diploid_resolve_locus    630:        12       41        1 ->         1
diploid_resolve_locus    631:         5      285       11 ->        14
diploid_resolve_locus    632:         4      280        8 ->        11
diploid_resolve_locus    633:         7      389       12 ->        13
diploid_resolve_locus    634:        12       92        3 ->         3
diploid_resolve_locus    635:        19      126        2 ->         2
diploid_resolve_locus    636:         8      282       22 ->        35
diploid_resolve_locus    637:        15      251        3 ->         3
diploid_resolve_locus    638:        13      291       14 ->        14
diploid_resolve_locus    639:        19      406       16 ->        23
diploid_resolve_locus    640:         3      512        8 ->         8
diploid_resolve_locus    641:        16      424       23 ->        36
diploid_resolve_locus    642:        20      349        8 ->        48
diploid_resolve_locus    643:        17      528       17 ->        37
diploid_resolve_locus    644:        20      145        9 ->        10
diploid_resolve_locus    645:         2      275        5 ->         5
diploid_resolve_locus    646:         5      281       12 ->        15
diploid_resolve_locus    647:        19      107        4 ->         4
diploid_resolve_locus    648:         2      282        9 ->        12
diploid_resolve_locus    649:         2       41        2 ->         2
diploid_resolve_locus    650:        20      145        4 ->         4
diploid_resolve_locus    651:         2      253        2 ->         2
diploid_resolve_locus    652:         3      125        3 ->         3
diploid_resolve_locus    653:        20      221        4 ->         4
diploid_resolve_locus    654:         2      282        3 ->         3
diploid_resolve_locus    655:         2      503        3 ->         3
diploid_resolve_locus    656:        14      758       39 ->        69
diploid_resolve_locus    657:         2      191        1 ->         1
diploid_resolve_locus    658:        15      103        3 ->         4
diploid_resolve_locus    659:        13      354       14 ->        15
diploid_resolve_locus    660:        10       80        2 ->         2
diploid_resolve_locus    661:         2      282        2 ->         2
diploid_resolve_locus    662:        19      855       21 ->        28
diploid_resolve_locus    663:        19      536       19 ->        23
diploid_resolve_locus    664:        20      160        5 ->        15
diploid_resolve_locus    665:        20      300        8 ->         9
diploid_resolve_locus    666:        17      292       15 ->        15
diploid_resolve_locus    667:        20      135        4 ->         4
diploid_resolve_locus    668:         3      279        5 ->         5
diploid_resolve_locus    669:        19      539       31 ->        34
diploid_resolve_locus    670:        20      569       20 ->        27
diploid_resolve_locus    671:        15      291       14 ->        14
diploid_resolve_locus    672:         7      275        4 ->         4
diploid_resolve_locus    673:        16      292       14 ->        19
diploid_resolve_locus    674:        19      231       10 ->        34
diploid_resolve_locus    675:         9      280       19 ->        30
diploid_resolve_locus    676:         5      264        4 ->         4
diploid_resolve_locus    677:        16      112        5 ->         5
diploid_resolve_locus    678:         8      271       11 ->        14
diploid_resolve_locus    679:        14      292       16 ->        24
diploid_resolve_locus    680:        19       91        4 ->         4
diploid_resolve_locus    681:        18      292       15 ->        21
diploid_resolve_locus    682:        19      116        2 ->         2
diploid_resolve_locus    683:        20       53        3 ->         3
diploid_resolve_locus    684:        19       70        2 ->         2
diploid_resolve_locus    685:         9      163        2 ->         2
diploid_resolve_locus    686:        19      350       16 ->        16
diploid_resolve_locus    687:         2       73        1 ->         1
diploid_resolve_locus    688:        10      198        5 ->         5
diploid_resolve_locus    689:        18      114        6 ->        14
diploid_resolve_locus    690:        19      230        5 ->         5
diploid_resolve_locus    691:        15      291       19 ->        23
diploid_resolve_locus    692:        20      114        2 ->         2
diploid_resolve_locus    693:         6      287       18 ->        74
diploid_resolve_locus    694:        18      186        8 ->      1038
diploid_resolve_locus    695:         8      286       17 ->        35
diploid_resolve_locus    696:        20       51        2 ->         2
diploid_resolve_locus    697:         7      155        2 ->         2
diploid_resolve_locus    698:        11      723       30 ->        38
diploid_resolve_locus    699:        19      275       11 ->        15
diploid_resolve_locus    700:         6       42        1 ->         1
diploid_resolve_locus    701:         7      282       11 ->        22
diploid_resolve_locus    702:        12     1010       24 ->        29
diploid_resolve_locus    703:        19       59        5 ->         5
diploid_resolve_locus    704:         9      280       11 ->        12
diploid_resolve_locus    705:        18      149        8 ->         8
diploid_resolve_locus    706:         2      115        1 ->         1
diploid_resolve_locus    707:         8      186        4 ->         4
diploid_resolve_locus    708:         2      276        9 ->        12
diploid_resolve_locus    709:         6      396        8 ->         8
diploid_resolve_locus    710:        19      185        6 ->         8
diploid_resolve_locus    711:        10       42        3 ->         3
diploid_resolve_locus    712:        20      210        6 ->         6
diploid_resolve_locus    713:        20      388       18 ->        22
diploid_resolve_locus    714:        17       74        5 ->         5
diploid_resolve_locus    715:        17      233       11 ->        17
diploid_resolve_locus    716:        20      243        4 ->         4
diploid_resolve_locus    717:         3      279        5 ->         5
diploid_resolve_locus    718:        13      259       15 ->        32
diploid_resolve_locus    719:         4       64        1 ->         1
diploid_resolve_locus    720:         2       41        1 ->         1
diploid_resolve_locus    721:        12      146        7 ->         7
diploid_resolve_locus    722:        15      119        2 ->         2
diploid_resolve_locus    723:         5      286        9 ->         9
diploid_resolve_locus    724:        18      174        9 ->        31
diploid_resolve_locus    725:        20      168       10 ->        13
diploid_resolve_locus    726:        17      613       17 ->        22
diploid_resolve_locus    727:         4      263        6 ->         6
diploid_resolve_locus    728:        10      121        4 ->         4
diploid_resolve_locus    729:        10      167        4 ->         4
diploid_resolve_locus    730:         8      282       16 ->        16
diploid_resolve_locus    731:        15      267       14 ->        14
diploid_resolve_locus    732:        14      291       18 ->        18
diploid_resolve_locus    733:        19       74        3 ->         3
diploid_resolve_locus    734:         3      170        3 ->         3
diploid_resolve_locus    735:        20      660       19 ->        19
diploid_resolve_locus    736:         5      316       11 ->        14
diploid_resolve_locus    737:         6       84        5 ->         5
diploid_resolve_locus    738:        12      183       12 ->        13
diploid_resolve_locus    739:         2      285        8 ->        11
diploid_resolve_locus    740:        19      343       10 ->        22
diploid_resolve_locus    741:         4      282        6 ->         6
diploid_resolve_locus    742:         9      208       10 ->        10
diploid_resolve_locus    743:         7      282       11 ->        11
diploid_resolve_locus    744:        18      247        5 ->         6
diploid_resolve_locus    745:        18      210        4 ->         4
diploid_resolve_locus    746:        11      285       20 ->        23
diploid_resolve_locus    747:        17      818       39 ->        59
diploid_resolve_locus    748:        20      150        4 ->         6
diploid_resolve_locus    749:         2       56        1 ->         1
diploid_resolve_locus    750:        20      575       17 ->        18
diploid_resolve_locus    751:         2      258        3 ->         4
diploid_resolve_locus    752:         6      203        3 ->         3
diploid_resolve_locus    753:        18      260        8 ->        19
diploid_resolve_locus    754:        14      535       24 ->        41
diploid_resolve_locus    755:         2      283        4 ->         4
diploid_resolve_locus    756:        16      529       19 ->        20
diploid_resolve_locus    757:         4      282       10 ->        10
diploid_resolve_locus    758:        17       81        4 ->         5
diploid_resolve_locus    759:         2       63        2 ->         2
diploid_resolve_locus    760:         2       63        1 ->         1
diploid_resolve_locus    761:         3      237        7 ->        12
diploid_resolve_locus    762:        20      135        4 ->         4
diploid_resolve_locus    763:         2       67        3 ->         3
diploid_resolve_locus    764:         2       51        1 ->         1
diploid_resolve_locus    765:        15      478        8 ->        16
diploid_resolve_locus    766:         5      132        4 ->         5
diploid_resolve_locus    767:        19       90        3 ->         3
diploid_resolve_locus    768:        11      146        5 ->         7
diploid_resolve_locus    769:         2      277        3 ->         3
diploid_resolve_locus    770:        20      705       31 ->        45
diploid_resolve_locus    771:         8       43        2 ->         2
diploid_resolve_locus    772:        11      253       22 ->        40
diploid_resolve_locus    773:         2      139        2 ->         2
diploid_resolve_locus    774:         3      415        6 ->         6
diploid_resolve_locus    775:         2      276        1 ->         1
diploid_resolve_locus    776:         3       38        4 ->         4
diploid_resolve_locus    777:         2      177        2 ->         2
diploid_resolve_locus    778:         3      147        2 ->         2
diploid_resolve_locus    779:         2      171        2 ->         2
diploid_resolve_locus    780:         4      199        3 ->         3
diploid_resolve_locus    781:         3      209        1 ->         1
diploid_resolve_locus    782:         7      337        7 ->        12
diploid_resolve_locus    783:        18      142        7 ->         7
diploid_resolve_locus    784:        14      146        3 ->         4
diploid_resolve_locus    785:        17      146       10 ->        11
diploid_resolve_locus    786:        19      146        8 ->         9
diploid_resolve_locus    787:        12      274        5 ->         5
diploid_resolve_locus    788:        20      157        7 ->         7
diploid_resolve_locus    789:        20      170        3 ->         3
diploid_resolve_locus    790:         3      282        8 ->        11
diploid_resolve_locus    791:         2      137        1 ->         1
diploid_resolve_locus    792:         3      281        8 ->        11
diploid_resolve_locus    793:        10      278       20 ->        23
diploid_resolve_locus    794:         6      280       13 ->        13
diploid_resolve_locus    795:         2      282        4 ->         4
diploid_resolve_locus    796:         2      285        4 ->         4
diploid_resolve_locus    797:        20      246        6 ->         6
diploid_resolve_locus    798:         7      181        9 ->         9
diploid_resolve_locus    799:        10      282       11 ->        12
diploid_resolve_locus    800:        15      209       16 ->        16
diploid_resolve_locus    801:         3       40        1 ->         1
diploid_resolve_locus    802:        20      303       14 ->        16
diploid_resolve_locus    803:         3      278       13 ->        20
diploid_resolve_locus    804:         5      226        7 ->         7
diploid_resolve_locus    805:         3      286        7 ->         7
diploid_resolve_locus    806:         2       66        1 ->         1
diploid_resolve_locus    807:         7      276       11 ->        13
diploid_resolve_locus    808:        15      130        4 ->         4
diploid_resolve_locus    809:        20      574       23 ->       348
diploid_resolve_locus    810:        16      282       17 ->        25
diploid_resolve_locus    811:        13      257        7 ->         7
diploid_resolve_locus    812:         7       65        4 ->         4
diploid_resolve_locus    813:        20      107        8 ->        16
diploid_resolve_locus    814:         2       45        1 ->         1
diploid_resolve_locus    815:        15       74        6 ->         6
diploid_resolve_locus    816:         7       49        3 ->         3
diploid_resolve_locus    817:         2      287        3 ->         3
diploid_resolve_locus    818:         9      435       17 ->        24
diploid_resolve_locus    819:        14       93        7 ->         7
diploid_resolve_locus    820:         6      214        2 ->         2
diploid_resolve_locus    821:        11      124        3 ->         3
diploid_resolve_locus    822:        20      123        5 ->         5
diploid_resolve_locus    823:        12      331       15 ->        17
diploid_resolve_locus    824:        17       91        2 ->         2
diploid_resolve_locus    825:        16      104        7 ->        24
diploid_resolve_locus    826:         7      284        8 ->         8
diploid_resolve_locus    827:        16      236        8 ->         8
diploid_resolve_locus    828:        12      383       24 ->        26
diploid_resolve_locus    829:        20      116        3 ->         3
diploid_resolve_locus    830:         9      281       16 ->        20
diploid_resolve_locus    831:         2      281        5 ->         5
diploid_resolve_locus    832:        11      213       10 ->        10
diploid_resolve_locus    833:         7      282        6 ->         6
diploid_resolve_locus    834:        20      108        2 ->         2
diploid_resolve_locus    835:        20       88        1 ->         1
diploid_resolve_locus    836:         2      284       11 ->        19
diploid_resolve_locus    837:        17      179        5 ->         6
diploid_resolve_locus    838:         3      280        5 ->         5
diploid_resolve_locus    839:         2      199        8 ->        13
diploid_resolve_locus    840:        12      104        2 ->         2
diploid_resolve_locus    841:        13      286       16 ->        19
diploid_resolve_locus    842:        16      266        5 ->         5
diploid_resolve_locus    843:         2      285        4 ->         4
diploid_resolve_locus    844:        19      108        4 ->         4
diploid_resolve_locus    845:        20      218        6 ->        13
diploid_resolve_locus    846:        20       99        4 ->         4
diploid_resolve_locus    847:        17       65        5 ->        13
diploid_resolve_locus    848:         6      222        5 ->         5
diploid_resolve_locus    849:        20      103        7 ->         8
diploid_resolve_locus    850:         2      285        5 ->         6
diploid_resolve_locus    851:        19      816       28 ->        28
diploid_resolve_locus    852:        20      633       31 ->        47
diploid_resolve_locus    853:         2      118        2 ->         2
diploid_resolve_locus    854:        20      247        5 ->        35
diploid_resolve_locus    855:         2      280        7 ->         9
diploid_resolve_locus    856:        17      262        4 ->         4
diploid_resolve_locus    857:         6      555       12 ->        13
diploid_resolve_locus    858:         7      197        9 ->        12
diploid_resolve_locus    859:        13      722       27 ->        29
diploid_resolve_locus    860:         2      279        3 ->         3
diploid_resolve_locus    861:        15       66        3 ->         3
diploid_resolve_locus    862:        20       73        4 ->         8
diploid_resolve_locus    863:        10      271       15 ->        16
diploid_resolve_locus    864:         3      283        5 ->         5
diploid_resolve_locus    865:         5      458       11 ->        12
diploid_resolve_locus    866:         3      213        4 ->         4
diploid_resolve_locus    867:         8      100        5 ->         5
diploid_resolve_locus    868:         9      251       11 ->        13
diploid_resolve_locus    869:         2      283        7 ->        12
diploid_resolve_locus    870:         8       59        3 ->         3
diploid_resolve_locus    871:         5      262        5 ->         5
diploid_resolve_locus    872:        20      150        9 ->        12
diploid_resolve_locus    873:        20      643       27 ->        30
diploid_resolve_locus    874:        15      214        8 ->         8
diploid_resolve_locus    875:        18      317       16 ->        31
diploid_resolve_locus    876:        19       91        4 ->         4
diploid_resolve_locus    877:         2      284        6 ->         7
diploid_resolve_locus    878:        19      974       32 ->        48
diploid_resolve_locus    879:         8      282       14 ->        15
diploid_resolve_locus    880:        18      211        5 ->         7
diploid_resolve_locus    881:        20      194       12 ->        17
diploid_resolve_locus    882:        14       82        1 ->         1
diploid_resolve_locus    883:        19      136       11 ->        60
diploid_resolve_locus    884:         2      279        9 ->        12
diploid_resolve_locus    885:         4      563       14 ->        19
diploid_resolve_locus    886:        20       86        2 ->         5
diploid_resolve_locus    887:        16       61        3 ->         4
diploid_resolve_locus    888:         3      279       11 ->        15
diploid_resolve_locus    889:        20      146        6 ->         6
diploid_resolve_locus    890:        10       80        6 ->         6
diploid_resolve_locus    891:         4      363        9 ->         9
diploid_resolve_locus    892:        16       84        4 ->         4
diploid_resolve_locus    893:         5      281       14 ->        18
diploid_resolve_locus    894:         5      154        4 ->         4
diploid_resolve_locus    895:         2      146        2 ->         2
diploid_resolve_locus    896:        10      277       15 ->        23
diploid_resolve_locus    897:        18       96        2 ->         2
diploid_resolve_locus    898:        20      150        2 ->         2
diploid_resolve_locus    899:        17      287       22 ->        24
diploid_resolve_locus    900:        18      152        2 ->         2
diploid_resolve_locus    901:         7      270       21 ->        23
diploid_resolve_locus    902:         7       60        2 ->         2
diploid_resolve_locus    903:        20      600       22 ->        27
diploid_resolve_locus    904:        10      211        7 ->         7
diploid_resolve_locus    905:        16      257        6 ->         7
diploid_resolve_locus    906:         2      228        2 ->         2
diploid_resolve_locus    907:        14       50        3 ->         3
diploid_resolve_locus    908:        20      278        6 ->         6
diploid_resolve_locus    909:         5      145        7 ->         7
diploid_resolve_locus    910:         2       47        1 ->         1
diploid_resolve_locus    911:         7       90        3 ->         3
diploid_resolve_locus    912:         3       51        2 ->         2
diploid_resolve_locus    913:        19      138        9 ->        11
diploid_resolve_locus    914:         6      388        7 ->        10
diploid_resolve_locus    915:         9      226        8 ->         9
diploid_resolve_locus    916:         4       52        2 ->         2
diploid_resolve_locus    917:         4      296        7 ->         8
diploid_resolve_locus    918:         2      105        1 ->         1
diploid_resolve_locus    919:         4      200        2 ->         2
diploid_resolve_locus    920:        14       94        8 ->        11
diploid_resolve_locus    921:        19      168       10 ->        14
diploid_resolve_locus    922:        18      455        9 ->        16
diploid_resolve_locus    923:         3      209       10 ->        16
diploid_resolve_locus    924:        20      196        8 ->         9
diploid_resolve_locus    925:        18       67        2 ->         2
diploid_resolve_locus    926:        20      126        3 ->         3
diploid_resolve_locus    927:        19       72        5 ->         5
diploid_resolve_locus    928:         5      279       10 ->        13
diploid_resolve_locus    929:        20      147        7 ->         9
diploid_resolve_locus    930:         3      283        4 ->         4
diploid_resolve_locus    931:        16      434       21 ->        29
diploid_resolve_locus    932:        19       81        3 ->         4
diploid_resolve_locus    933:        20      223        2 ->         2
diploid_resolve_locus    934:         4      280        9 ->        12
diploid_resolve_locus    935:         2      265        1 ->         1
diploid_resolve_locus    936:        11      689       11 ->        11
diploid_resolve_locus    937:         5       55        2 ->         2
diploid_resolve_locus    938:         6      132        6 ->         6
diploid_resolve_locus    939:        19      502        8 ->         8
diploid_resolve_locus    940:        20      622       24 ->        26
diploid_resolve_locus    941:         2      108        1 ->         1
diploid_resolve_locus    942:        18      206        7 ->         8
diploid_resolve_locus    943:        12      240       11 ->        17
diploid_resolve_locus    944:        19      214        5 ->         8
diploid_resolve_locus    945:        20      203        4 ->         4
diploid_resolve_locus    946:         2      278        4 ->         5
diploid_resolve_locus    947:         4      139        3 ->         3
diploid_resolve_locus    948:        19      219        4 ->         4
diploid_resolve_locus    949:        19      102        4 ->         4
diploid_resolve_locus    950:         2      131        1 ->         1
diploid_resolve_locus    951:        11      169        8 ->         9
diploid_resolve_locus    952:        17      549       15 ->        16
diploid_resolve_locus    953:        17      308        7 ->         7
diploid_resolve_locus    954:        20      233        6 ->         6
diploid_resolve_locus    955:         3      277        9 ->        10
diploid_resolve_locus    956:        10      292       11 ->        13
diploid_resolve_locus    957:        13      112        8 ->        10
diploid_resolve_locus    958:        19       72        4 ->         4
diploid_resolve_locus    959:         2      110        2 ->         2
diploid_resolve_locus    960:        20      125        2 ->         2
diploid_resolve_locus    961:        20      164        8 ->        15
diploid_resolve_locus    962:        20       76        3 ->         4
diploid_resolve_locus    963:        20       61        7 ->         7
diploid_resolve_locus    964:         3      280        9 ->        14
diploid_resolve_locus    965:        12      557       22 ->        22
diploid_resolve_locus    966:         6      276       14 ->        16
diploid_resolve_locus    967:         6      187        1 ->         1
diploid_resolve_locus    968:        17      231       12 ->        12
diploid_resolve_locus    969:        10      395       14 ->        18
diploid_resolve_locus    970:        20       64        4 ->         4
diploid_resolve_locus    971:        12       70        5 ->         5
diploid_resolve_locus    972:         2       56        1 ->         1
diploid_resolve_locus    973:         2      243        5 ->         6
diploid_resolve_locus    974:        20       95        2 ->         2
diploid_resolve_locus    975:        12      418       12 ->        19
diploid_resolve_locus    976:         2      283        4 ->         4
diploid_resolve_locus    977:        20       74        3 ->         3
diploid_resolve_locus    978:         9      279       12 ->        17
diploid_resolve_locus    979:         3      287       14 ->        23
diploid_resolve_locus    980:        10      178        6 ->         6
diploid_resolve_locus    981:         4      115        2 ->         2
diploid_resolve_locus    982:        13      780       27 ->        36
diploid_resolve_locus    983:        20       92        2 ->         2
diploid_resolve_locus    984:        20      191        2 ->         2
diploid_resolve_locus    985:         2      266        2 ->         2
diploid_resolve_locus    986:        16      188        1 ->         1
diploid_resolve_locus    987:        17      283        4 ->         5
diploid_resolve_locus    988:        20      187        3 ->         3
diploid_resolve_locus    989:         8       79        4 ->         4
diploid_resolve_locus    990:        13       75        4 ->         6
diploid_resolve_locus    991:         5      144        4 ->         4
diploid_resolve_locus    992:        19      359       20 ->        24
diploid_resolve_locus    993:         2      276        5 ->         5
diploid_resolve_locus    994:         9      146        4 ->         7
diploid_resolve_locus    995:        19       78        7 ->         8
diploid_resolve_locus    996:        16      282       28 ->        32
diploid_resolve_locus    997:         2      139        1 ->         1
diploid_resolve_locus    998:        12      137       11 ->        12
diploid_resolve_locus    999:         2       63        1 ->         1
diploid_resolve_locus   1000:         4      565       12 ->        19
diploid_resolve_locus   1001:        13      342        9 ->        10
diploid_resolve_locus   1002:        17      218        8 ->         9
diploid_resolve_locus   1003:         2      280        5 ->         5
diploid_resolve_locus   1004:        20      126        2 ->         2
diploid_resolve_locus   1005:         3       62        2 ->         2
diploid_resolve_locus   1006:        20      130        6 ->         7
diploid_resolve_locus   1007:        10      281       16 ->        18
diploid_resolve_locus   1008:        13      562       17 ->        20
diploid_resolve_locus   1009:        13      579       21 ->        23
diploid_resolve_locus   1010:         6      139        1 ->         1
diploid_resolve_locus   1011:        18       79        1 ->         1
diploid_resolve_locus   1012:         3       55        2 ->         2
diploid_resolve_locus   1013:        10      444       13 ->        14
diploid_resolve_locus   1014:        13       79        3 ->         3
diploid_resolve_locus   1015:        13      158        3 ->         3
diploid_resolve_locus   1016:        20      120        8 ->        11
diploid_resolve_locus   1017:        15       93        2 ->         2
diploid_resolve_locus   1018:         6      262        9 ->        12
diploid_resolve_locus   1019:         3      114        5 ->         5
diploid_resolve_locus   1020:         3       47        1 ->         1
diploid_resolve_locus   1021:         8       81        3 ->         3
diploid_resolve_locus   1022:         2      282        5 ->         6
diploid_resolve_locus   1023:         2      222        1 ->         1
diploid_resolve_locus   1024:        20      230        4 ->         4
diploid_resolve_locus   1025:        18      333       13 ->        14
diploid_resolve_locus   1026:        15      121        6 ->         6
diploid_resolve_locus   1027:        20      689       27 ->        46
diploid_resolve_locus   1028:        14      288       10 ->        10
diploid_resolve_locus   1029:         2       49        1 ->         1
diploid_resolve_locus   1030:        18      262       11 ->        11
diploid_resolve_locus   1031:         8       74        5 ->         6
diploid_resolve_locus   1032:         9      194        7 ->         8
diploid_resolve_locus   1033:         2      432        2 ->         2
diploid_resolve_locus   1034:         2      255        3 ->         4
diploid_resolve_locus   1035:         2      172        3 ->         3
diploid_resolve_locus   1036:        15      218       12 ->        15
diploid_resolve_locus   1037:        20      515       20 ->        22
diploid_resolve_locus   1038:        17      292       21 ->        21
diploid_resolve_locus   1039:         4       95        1 ->         1
diploid_resolve_locus   1040:         3       75        1 ->         1
diploid_resolve_locus   1041:        17      342       12 ->        20
diploid_resolve_locus   1042:         9      155        6 ->         8
diploid_resolve_locus   1043:        15      147        6 ->        10
diploid_resolve_locus   1044:        20      249       19 ->        36
diploid_resolve_locus   1045:        19       63        6 ->        12
diploid_resolve_locus   1046:        20      123        6 ->         7
diploid_resolve_locus   1047:         2      184        3 ->         3
diploid_resolve_locus   1048:        20      604       24 ->        26
diploid_resolve_locus   1049:         4      323        5 ->         5
diploid_resolve_locus   1050:        14       41        2 ->         2
diploid_resolve_locus   1051:         3       47        2 ->         2
diploid_resolve_locus   1052:         3      282        6 ->         7
diploid_resolve_locus   1053:         2      121        1 ->         1
diploid_resolve_locus   1054:        10       64        1 ->         1
diploid_resolve_locus   1055:         4      274        8 ->         9
diploid_resolve_locus   1056:         7       75        2 ->         2
diploid_resolve_locus   1057:        15      225       10 ->        13
diploid_resolve_locus   1058:         2      169        2 ->         2
diploid_resolve_locus   1059:         3      142        1 ->         1
diploid_resolve_locus   1060:        11      179        4 ->         4
diploid_resolve_locus   1061:        13      176        6 ->        11
diploid_resolve_locus   1062:        14      168        2 ->         2
diploid_resolve_locus   1063:        17      181       17 ->        39
diploid_resolve_locus   1064:        16      109        6 ->         6
diploid_resolve_locus   1065:        11       63        3 ->         3
diploid_resolve_locus   1066:        20      124        5 ->         7
diploid_resolve_locus   1067:         3       59        1 ->         1
diploid_resolve_locus   1068:        14       79        4 ->         4
diploid_resolve_locus   1069:         7      275       12 ->        17
diploid_resolve_locus   1070:         2       52        3 ->         3
diploid_resolve_locus   1071:         2      224        3 ->         3
diploid_resolve_locus   1072:        13      157        9 ->        10
diploid_resolve_locus   1073:         2      280        4 ->         5
diploid_resolve_locus   1074:         7      181        4 ->         5
diploid_resolve_locus   1075:        20      168        3 ->         3
diploid_resolve_locus   1076:        20       88        3 ->         3
diploid_resolve_locus   1077:        14       71        3 ->         3
diploid_resolve_locus   1078:         9      281       15 ->        24
diploid_resolve_locus   1079:         5      241        9 ->        13
diploid_resolve_locus   1080:         4      106        2 ->         2
diploid_resolve_locus   1081:        19      121        7 ->         7
diploid_resolve_locus   1082:        18       54        3 ->         3
diploid_resolve_locus   1083:         2      332        3 ->         3
diploid_resolve_locus   1084:         2       91        1 ->         1
diploid_resolve_locus   1085:         4      287       13 ->        22
diploid_resolve_locus   1086:        17      165        6 ->         8
diploid_resolve_locus   1087:        17      132        4 ->         6
diploid_resolve_locus   1088:         4      163        8 ->         8
diploid_resolve_locus   1089:        12       76        3 ->         3
diploid_resolve_locus   1090:         4      288        9 ->        14
diploid_resolve_locus   1091:        20      136        5 ->         5
diploid_resolve_locus   1092:         9      266       10 ->        14
diploid_resolve_locus   1093:         5      278       11 ->        11
diploid_resolve_locus   1094:        12      204        8 ->        11
diploid_resolve_locus   1095:        12      368       15 ->        15
diploid_resolve_locus   1096:        20      627       13 ->        22
diploid_resolve_locus   1097:        19       72        2 ->         2
diploid_resolve_locus   1098:        15      289       23 ->        29
diploid_resolve_locus   1099:         2      227        8 ->        11
diploid_resolve_locus   1100:        15      356        7 ->         9
diploid_resolve_locus   1101:         3      280        5 ->         5
diploid_resolve_locus   1102:        20      406       13 ->        17
diploid_resolve_locus   1103:        14      222        5 ->         5
diploid_resolve_locus   1104:         2      280        2 ->         2
diploid_resolve_locus   1105:        11      307        7 ->         8
diploid_resolve_locus   1106:         6      318        5 ->         6
diploid_resolve_locus   1107:        20      146       10 ->        11
diploid_resolve_locus   1108:        20      264        5 ->         5
diploid_resolve_locus   1109:         9      126        2 ->         2
diploid_resolve_locus   1110:        16      414       32 ->       355
diploid_resolve_locus   1111:        19      176        4 ->         4
diploid_resolve_locus   1112:         8      294       10 ->        19
diploid_resolve_locus   1113:        17      209        8 ->        11
diploid_resolve_locus   1114:        18      279        9 ->         9
diploid_resolve_locus   1115:        13      232        6 ->         6
diploid_resolve_locus   1116:         8      283       14 ->        19
diploid_resolve_locus   1117:        20      146        5 ->         5
diploid_resolve_locus   1118:        16      170        4 ->         4
diploid_resolve_locus   1119:         6      227       10 ->        10
diploid_resolve_locus   1120:        11      145        4 ->         4
diploid_resolve_locus   1121:         5       91        3 ->         3
diploid_resolve_locus   1122:        16      147        5 ->         5
diploid_resolve_locus   1123:         8      210        3 ->         3
diploid_resolve_locus   1124:         9      205        4 ->         4
diploid_resolve_locus   1125:        20      146        2 ->         2
diploid_resolve_locus   1126:         2      103        2 ->         2
diploid_resolve_locus   1127:        20      129        3 ->         9
diploid_resolve_locus   1128:        20       91        5 ->         6
diploid_resolve_locus   1129:         4      277        9 ->        13
diploid_resolve_locus   1130:        12      173        5 ->         5
diploid_resolve_locus   1131:        14      414       20 ->        27
diploid_resolve_locus   1132:         8      435        9 ->        10
diploid_resolve_locus   1133:         2      278        3 ->         3
diploid_resolve_locus   1134:         8      465       19 ->        77
diploid_resolve_locus   1135:         4      284        8 ->         9
diploid_resolve_locus   1136:        19      102        4 ->         4
diploid_resolve_locus   1137:         3       76        3 ->         4
diploid_resolve_locus   1138:        19      817       27 ->       106
diploid_resolve_locus   1139:         4       67        1 ->         1
diploid_resolve_locus   1140:        17      211       12 ->        17
diploid_resolve_locus   1141:         4       79        3 ->         3
diploid_resolve_locus   1142:        19       74        3 ->         3
diploid_resolve_locus   1143:         3      278        5 ->         5
diploid_resolve_locus   1144:        18      406       14 ->        22
diploid_resolve_locus   1145:        10      283       18 ->        21
diploid_resolve_locus   1146:         8      415       15 ->        20
diploid_resolve_locus   1147:        20       63        2 ->         2
diploid_resolve_locus   1148:        13      224       17 ->        19
diploid_resolve_locus   1149:        16      135        5 ->         5
diploid_resolve_locus   1150:         4      279       10 ->        10
diploid_resolve_locus   1151:        20      146        6 ->        12
diploid_resolve_locus   1152:        20      377        6 ->         7
diploid_resolve_locus   1153:        15       55        4 ->         4
diploid_resolve_locus   1154:        14      771       24 ->        35
diploid_resolve_locus   1155:        18      580       37 ->        71
diploid_resolve_locus   1156:         4      281        7 ->         7
diploid_resolve_locus   1157:         6      283       10 ->        10
diploid_resolve_locus   1158:        19      136        9 ->        11
diploid_resolve_locus   1159:         2      263        6 ->         7
diploid_resolve_locus   1160:        20       96        6 ->         8
diploid_resolve_locus   1161:        20       69        4 ->         4
diploid_resolve_locus   1162:         5      282        7 ->         7
diploid_resolve_locus   1163:        19      484       12 ->        15
diploid_resolve_locus   1164:        19       57        3 ->         3
diploid_resolve_locus   1165:        20      247        6 ->         7
diploid_resolve_locus   1166:        14      269        8 ->         8
diploid_resolve_locus   1167:         3       84        2 ->         2
diploid_resolve_locus   1168:        20      285        2 ->         2
diploid_resolve_locus   1169:        19       93        5 ->        10
diploid_resolve_locus   1170:        12      473       23 ->        26
diploid_resolve_locus   1171:        15       73        4 ->         4
diploid_resolve_locus   1172:         2      247        7 ->         8
diploid_resolve_locus   1173:         2       44        1 ->         1
diploid_resolve_locus   1174:         3       37        1 ->         1
diploid_resolve_locus   1175:         2       36        1 ->         1
diploid_resolve_locus   1176:        11      143       13 ->        22
diploid_resolve_locus   1177:        17      389       25 ->        26
diploid_resolve_locus   1178:         7      221        4 ->         4
diploid_resolve_locus   1179:        14      545       18 ->        20
diploid_resolve_locus   1180:         2      278        4 ->         4
diploid_resolve_locus   1181:        20      146        6 ->         7
diploid_resolve_locus   1182:         8      147        6 ->         6
diploid_resolve_locus   1183:         2      279        7 ->         8
diploid_resolve_locus   1184:        20      402       14 ->        17
diploid_resolve_locus   1185:         5      131        4 ->         4
diploid_resolve_locus   1186:        20      160        3 ->         3
diploid_resolve_locus   1187:         2       50        1 ->         1
diploid_resolve_locus   1188:        17      133        7 ->         8
diploid_resolve_locus   1189:         3      207        2 ->         2
diploid_resolve_locus   1190:        14      200        5 ->         5
diploid_resolve_locus   1191:        14      130        6 ->         6
diploid_resolve_locus   1192:        18      560       28 ->        53
diploid_resolve_locus   1193:         2       62        1 ->         1
diploid_resolve_locus   1194:         3      287        8 ->         8
diploid_resolve_locus   1195:        14      580       28 ->        44
diploid_resolve_locus   1196:         2       72        1 ->         1
diploid_resolve_locus   1197:        20      129        2 ->         2
diploid_resolve_locus   1198:        14      145        5 ->         5
diploid_resolve_locus   1199:         4       70        2 ->         2
diploid_resolve_locus   1200:         3      206        3 ->         3
diploid_resolve_locus   1201:        12       63        2 ->         2
diploid_resolve_locus   1202:        20      719       24 ->        31
diploid_resolve_locus   1203:        20      115        3 ->         3
diploid_resolve_locus   1204:         3      281        7 ->         9
diploid_resolve_locus   1205:        15      227        5 ->         5
diploid_resolve_locus   1206:         2      147        1 ->         1
diploid_resolve_locus   1207:         6      265        4 ->         4
diploid_resolve_locus   1208:        20      864       30 ->        51
diploid_resolve_locus   1209:        18      202        7 ->        11
diploid_resolve_locus   1210:        16      199        4 ->         8
diploid_resolve_locus   1211:         3      280        5 ->         6
diploid_resolve_locus   1212:         2      280        4 ->         4
diploid_resolve_locus   1213:         7      434       11 ->        11
diploid_resolve_locus   1214:        19      146        4 ->         5
diploid_resolve_locus   1215:         2      277        4 ->         4
diploid_resolve_locus   1216:         4       59        1 ->         1
diploid_resolve_locus   1217:        19       58        4 ->         4
diploid_resolve_locus   1218:        18       58        3 ->         3
diploid_resolve_locus   1219:        18      265        9 ->        11
diploid_resolve_locus   1220:        20      598       34 ->        44
diploid_resolve_locus   1221:        12      146       13 ->        17
diploid_resolve_locus   1222:        19      128       10 ->        10
diploid_resolve_locus   1223:         4      211        3 ->         3
diploid_resolve_locus   1224:         9      281       10 ->        10
diploid_resolve_locus   1225:        17      281        8 ->        14
diploid_resolve_locus   1226:         3       60        2 ->         2
diploid_resolve_locus   1227:        14      155       10 ->        11
diploid_resolve_locus   1228:        18      135        5 ->         7
diploid_resolve_locus   1229:         4      165        1 ->         1
diploid_resolve_locus   1230:        17       70        2 ->         2
diploid_resolve_locus   1231:        18      224        9 ->        17
diploid_resolve_locus   1232:         6      114        6 ->         6
diploid_resolve_locus   1233:         2      285        3 ->         3
diploid_resolve_locus   1234:        20      959       39 ->        83
diploid_resolve_locus   1235:         3      287        5 ->         5
diploid_resolve_locus   1236:        19      193        5 ->         6
diploid_resolve_locus   1237:        16      610       29 ->        64
diploid_resolve_locus   1238:        20      181        9 ->        12
diploid_resolve_locus   1239:        18      293       26 ->       375
diploid_resolve_locus   1240:        18      560       28 ->        82
diploid_resolve_locus   1241:         8      344       20 ->        24
diploid_resolve_locus   1242:         8      181        2 ->         2
diploid_resolve_locus   1243:         4      135        3 ->         3
diploid_resolve_locus   1244:         5      277       18 ->        43
diploid_resolve_locus   1245:         2      112        3 ->         3
diploid_resolve_locus   1246:         7      141        4 ->         4
diploid_resolve_locus   1247:         2      149        5 ->         5
diploid_resolve_locus   1248:         3      280        4 ->         4
diploid_resolve_locus   1249:         3      189       13 ->        35
diploid_resolve_locus   1250:         4      176        4 ->         4
diploid_resolve_locus   1251:         3       43        2 ->         2
diploid_resolve_locus   1252:         2      286        9 ->        13
diploid_resolve_locus   1253:        19       99        8 ->         8
diploid_resolve_locus   1254:         6       63        3 ->         3
diploid_resolve_locus   1255:         8      286       17 ->        34
diploid_resolve_locus   1256:        19      427       21 ->        21
diploid_resolve_locus   1257:        10      282       12 ->        12
diploid_resolve_locus   1258:        20      190        2 ->         2
diploid_resolve_locus   1259:        20      135       11 ->        12
diploid_resolve_locus   1260:         4      286        8 ->         9
diploid_resolve_locus   1261:        20       78        4 ->         4
diploid_resolve_locus   1262:         6      134        1 ->         1
diploid_resolve_locus   1263:        16       96        5 ->         6
diploid_resolve_locus   1264:        19       68        4 ->         4
diploid_resolve_locus   1265:        12       99        5 ->         5
diploid_resolve_locus   1266:        20      150        7 ->        12
diploid_resolve_locus   1267:         3      221        2 ->         2
diploid_resolve_locus   1268:        19      118        9 ->        22
diploid_resolve_locus   1269:         4      282        4 ->         4
diploid_resolve_locus   1270:        18      292       15 ->        17
diploid_resolve_locus   1271:         6      164        3 ->         3
diploid_resolve_locus   1272:        20      125        7 ->        12
diploid_resolve_locus   1273:        20       83        2 ->         2
diploid_resolve_locus   1274:        14      563       23 ->        29
diploid_resolve_locus   1275:         9      138        3 ->         3
diploid_resolve_locus   1276:         2      279        4 ->         4
diploid_resolve_locus   1277:         4      200        3 ->         3
diploid_resolve_locus   1278:         9      482       14 ->        25
diploid_resolve_locus   1279:        19      342       16 ->        27
diploid_resolve_locus   1280:        16      240       17 ->        51
diploid_resolve_locus   1281:        16       71        4 ->         5
diploid_resolve_locus   1282:        20       93        4 ->         4
diploid_resolve_locus   1283:        11      437        5 ->         5
diploid_resolve_locus   1284:         9      226        1 ->         1
diploid_resolve_locus   1285:        15      375       12 ->        12
diploid_resolve_locus   1286:        18      120        5 ->         5
diploid_resolve_locus   1287:        20       90        3 ->         3
diploid_resolve_locus   1288:        20      155        2 ->         2
diploid_resolve_locus   1289:         4      223        3 ->         3
diploid_resolve_locus   1290:         3       95        5 ->         6
diploid_resolve_locus   1291:         2       70        2 ->         2
diploid_resolve_locus   1292:        15      260       16 ->        34
diploid_resolve_locus   1293:         3      281        6 ->         8
diploid_resolve_locus   1294:        18      211       10 ->        24
diploid_resolve_locus   1295:         4      119        1 ->         1
diploid_resolve_locus   1296:        20      125        6 ->        10
diploid_resolve_locus   1297:        20       98        2 ->         2
diploid_resolve_locus   1298:        10      374       17 ->        20
diploid_resolve_locus   1299:         4      286        8 ->         8
diploid_resolve_locus   1300:        16      146        3 ->         3
diploid_resolve_locus   1301:        16      175       10 ->        12
diploid_resolve_locus   1302:         4      282        6 ->         6
diploid_resolve_locus   1303:        20      129        4 ->         4
diploid_resolve_locus   1304:         9      274        6 ->         8
diploid_resolve_locus   1305:         2      280        5 ->         6
diploid_resolve_locus   1306:        20      112        5 ->         5
diploid_resolve_locus   1307:        15      262        6 ->         7
diploid_resolve_locus   1308:         2      357        5 ->         5
diploid_resolve_locus   1309:         8       78        5 ->         6
diploid_resolve_locus   1310:         8      278        6 ->         6
diploid_resolve_locus   1311:        20      104        4 ->         4
diploid_resolve_locus   1312:        19      200        4 ->         5
diploid_resolve_locus   1313:        17      314        7 ->         7
diploid_resolve_locus   1314:         8       77        4 ->         4
diploid_resolve_locus   1315:         9      531       17 ->        20
diploid_resolve_locus   1316:         9      292       10 ->        12
diploid_resolve_locus   1317:         4       84        1 ->         1
diploid_resolve_locus   1318:        19      140       10 ->        10
diploid_resolve_locus   1319:         2      278        7 ->         9
diploid_resolve_locus   1320:        19      101        2 ->         2
diploid_resolve_locus   1321:         2      279        4 ->         5
diploid_resolve_locus   1322:         2      226        5 ->         5
diploid_resolve_locus   1323:        19      102        6 ->         6
diploid_resolve_locus   1324:        15      132        9 ->        10
diploid_resolve_locus   1325:         3      100        1 ->         1
diploid_resolve_locus   1326:        14      216       10 ->        14
diploid_resolve_locus   1327:         4      166        8 ->        12
diploid_resolve_locus   1328:         6      217        4 ->         4
diploid_resolve_locus   1329:         9      133        1 ->         1
diploid_resolve_locus   1330:        15      137        3 ->         3
diploid_resolve_locus   1331:         9      377       13 ->        37
diploid_resolve_locus   1332:        19       90        6 ->         7
diploid_resolve_locus   1333:         6       73        2 ->         2
diploid_resolve_locus   1334:        19      111        3 ->         4
diploid_resolve_locus   1335:        12      273       13 ->        14
diploid_resolve_locus   1336:         3       45        1 ->         1
diploid_resolve_locus   1337:        20       70        3 ->         3
diploid_resolve_locus   1338:         5      280       10 ->        10
diploid_resolve_locus   1339:        19      225        8 ->         8
diploid_resolve_locus   1340:        20       96        2 ->         2
diploid_resolve_locus   1341:         9      282       19 ->        30
diploid_resolve_locus   1342:         2       90        1 ->         1
diploid_resolve_locus   1343:        20      183       10 ->        13
diploid_resolve_locus   1344:        17       50        4 ->         4
diploid_resolve_locus   1345:        20       67        2 ->         2
diploid_resolve_locus   1346:        16      263        8 ->         9
diploid_resolve_locus   1347:         5      242        7 ->         7
diploid_resolve_locus   1348:         3       53        1 ->         1
diploid_resolve_locus   1349:        16       90        5 ->         6
diploid_resolve_locus   1350:         5      386       11 ->        11
diploid_resolve_locus   1351:        17      161       11 ->        13
diploid_resolve_locus   1352:         2      276        5 ->         5
diploid_resolve_locus   1353:        20      164        3 ->         3
diploid_resolve_locus   1354:         2       47        2 ->         2
diploid_resolve_locus   1355:        19      226       11 ->        15
diploid_resolve_locus   1356:        17       78        8 ->        11
diploid_resolve_locus   1357:         3      276        5 ->         5
diploid_resolve_locus   1358:        20      213       17 ->        36
diploid_resolve_locus   1359:        20      281       10 ->        12
diploid_resolve_locus   1360:         2      279        4 ->         4
diploid_resolve_locus   1361:        18      102       13 ->        14
diploid_resolve_locus   1362:         7      259       16 ->        19
diploid_resolve_locus   1363:         2      108        1 ->         1
diploid_resolve_locus   1364:         2      195        1 ->         1
diploid_resolve_locus   1365:        14      106        3 ->         3
diploid_resolve_locus   1366:         2       53        2 ->         2
diploid_resolve_locus   1367:        12      263       12 ->        20
diploid_resolve_locus   1368:         2      279        3 ->         3
diploid_resolve_locus   1369:         4      272        9 ->         9
diploid_resolve_locus   1370:        10      155        1 ->         1
diploid_resolve_locus   1371:        16      133        4 ->         4
diploid_resolve_locus   1372:        15      238        7 ->        12
diploid_resolve_locus   1373:         2      282        5 ->         5
diploid_resolve_locus   1374:        16      148        7 ->        20
diploid_resolve_locus   1375:        19      146        4 ->         4
diploid_resolve_locus   1376:         2       45        1 ->         1
diploid_resolve_locus   1377:         8      438       15 ->        21
diploid_resolve_locus   1378:        16       81        2 ->         2
diploid_resolve_locus   1379:        10      274       15 ->        16
diploid_resolve_locus   1380:        20       85        5 ->         6
diploid_resolve_locus   1381:         4       91        3 ->         3
diploid_resolve_locus   1382:        20      230        4 ->         4
diploid_resolve_locus   1383:         4      150        2 ->         2
diploid_resolve_locus   1384:         5      206       16 ->        25
diploid_resolve_locus   1385:        16      109        7 ->        12
diploid_resolve_locus   1386:        10      129       12 ->        46
diploid_resolve_locus   1387:         5      282        3 ->         3
diploid_resolve_locus   1388:         5      281        6 ->         6
diploid_resolve_locus   1389:         6      266        4 ->         4
diploid_resolve_locus   1390:        17       87        5 ->         5
diploid_resolve_locus   1391:        20       87        2 ->         2
diploid_resolve_locus   1392:        20      297       14 ->        30
diploid_resolve_locus   1393:        20      105        6 ->         6
diploid_resolve_locus   1394:         2      236        1 ->         1
diploid_resolve_locus   1395:        10      174        4 ->         4
diploid_resolve_locus   1396:        16      151        3 ->         3
diploid_resolve_locus   1397:        16      283       25 ->        72
diploid_resolve_locus   1398:        16       91        2 ->         2
diploid_resolve_locus   1399:        17      185       11 ->        23
diploid_resolve_locus   1400:        19      288       16 ->        18
diploid_resolve_locus   1401:        11      207        7 ->         9
diploid_resolve_locus   1402:         3       56        1 ->         1
diploid_resolve_locus   1403:         8      108        3 ->         3
diploid_resolve_locus   1404:        14      184       12 ->        18
diploid_resolve_locus   1405:         6      118        2 ->         2
diploid_resolve_locus   1406:        20      234        6 ->         7
diploid_resolve_locus   1407:        18      733       19 ->        21
diploid_resolve_locus   1408:         2      280        5 ->         5
diploid_resolve_locus   1409:        20      140        4 ->        10
diploid_resolve_locus   1410:         2       66        3 ->         3
diploid_resolve_locus   1411:        18       64        5 ->         6
diploid_resolve_locus   1412:        12      205       10 ->        10
diploid_resolve_locus   1413:         2      281        4 ->         4
diploid_resolve_locus   1414:        20      194        3 ->         4
diploid_resolve_locus   1415:        18      457        9 ->         9
diploid_resolve_locus   1416:         5      255       12 ->        15
diploid_resolve_locus   1417:        18       87        7 ->         9
diploid_resolve_locus   1418:        19      130        5 ->         5
diploid_resolve_locus   1419:         8      234        7 ->        13
diploid_resolve_locus   1420:        18      397        6 ->         6
diploid_resolve_locus   1421:         5      282        9 ->        11
diploid_resolve_locus   1422:        13      253       15 ->        29
diploid_resolve_locus   1423:        17      265       10 ->        14
diploid_resolve_locus   1424:        13      116        7 ->        12
diploid_resolve_locus   1425:         8       67        3 ->         3
diploid_resolve_locus   1426:        15       79        3 ->         3
diploid_resolve_locus   1427:        17      236       11 ->        11
diploid_resolve_locus   1428:        20      146        6 ->         9
diploid_resolve_locus   1429:        16      251       13 ->        13
diploid_resolve_locus   1430:         2       46        1 ->         1
diploid_resolve_locus   1431:        20       56        2 ->         2
diploid_resolve_locus   1432:        18      218        6 ->         6
diploid_resolve_locus   1433:        19     1053       26 ->        29
diploid_resolve_locus   1434:         7      493       12 ->        13
diploid_resolve_locus   1435:         2      278        4 ->         4
diploid_resolve_locus   1436:         3      273        5 ->         5
diploid_resolve_locus   1437:         3      142        2 ->         2
diploid_resolve_locus   1438:        20       94        4 ->        14
diploid_resolve_locus   1439:         8       56        6 ->         6
diploid_resolve_locus   1440:         5      280       12 ->        15
diploid_resolve_locus   1441:        11      207       14 ->        41
diploid_resolve_locus   1442:         5      149        7 ->        13
diploid_resolve_locus   1443:        20      203        6 ->         9
diploid_resolve_locus   1444:        20      275       11 ->        22
diploid_resolve_locus   1445:        20       74        2 ->         2
diploid_resolve_locus   1446:         6      266       22 ->        26
diploid_resolve_locus   1447:        18      262        9 ->        11
diploid_resolve_locus   1448:         6      179        8 ->        10
diploid_resolve_locus   1449:        20      213        3 ->         3
diploid_resolve_locus   1450:        20      110        6 ->         9
diploid_resolve_locus   1451:        20      148        3 ->         5
diploid_resolve_locus   1452:        11       91        1 ->         1
diploid_resolve_locus   1453:        19      143        7 ->        15
diploid_resolve_locus   1454:         6      442        6 ->         6
diploid_resolve_locus   1455:        19      105        3 ->         3
diploid_resolve_locus   1456:        20      108        3 ->         3
diploid_resolve_locus   1457:         7      358        6 ->         6
diploid_resolve_locus   1458:        20      290       16 ->        29
diploid_resolve_locus   1459:         2       37        1 ->         1
diploid_resolve_locus   1460:         2      277        6 ->         7
diploid_resolve_locus   1461:         4      288       11 ->        11
diploid_resolve_locus   1462:         6      140        3 ->         3
diploid_resolve_locus   1463:         2      267        5 ->         6
diploid_resolve_locus   1464:        10      273       15 ->        42
diploid_resolve_locus   1465:         5       50        3 ->         3
diploid_resolve_locus   1466:        19       73        3 ->         3
diploid_resolve_locus   1467:        11      282       24 ->        33
diploid_resolve_locus   1468:        10      151        4 ->         4
diploid_resolve_locus   1469:        19      218       13 ->        43
diploid_resolve_locus   1470:         2      228        2 ->         2
diploid_resolve_locus   1471:        13      187        9 ->        67
diploid_resolve_locus   1472:         2       54        2 ->         2
diploid_resolve_locus   1473:         2      187        2 ->         2
diploid_resolve_locus   1474:        10      146        8 ->         8
diploid_resolve_locus   1475:        16      103        7 ->         8
diploid_resolve_locus   1476:         8      188        3 ->         3
diploid_resolve_locus   1477:         3       67        2 ->         2
diploid_resolve_locus   1478:         2      276        3 ->         3
diploid_resolve_locus   1479:         3      182        1 ->         1
diploid_resolve_locus   1480:        17      222        8 ->         9
diploid_resolve_locus   1481:        20       93        1 ->         1
diploid_resolve_locus   1482:        19      114        4 ->         4
diploid_resolve_locus   1483:        18      213       10 ->        10
diploid_resolve_locus   1484:        20      257        6 ->         7
diploid_resolve_locus   1485:         8      118        8 ->         9
diploid_resolve_locus   1486:         3      253        1 ->         1
diploid_resolve_locus   1487:        17       78        3 ->         3
diploid_resolve_locus   1488:        18      430       15 ->       531
diploid_resolve_locus   1489:        20       66        3 ->         3
diploid_resolve_locus   1490:        15      336       24 ->        30
diploid_resolve_locus   1491:        20      108        2 ->         2
diploid_resolve_locus   1492:         2      260        3 ->         3
diploid_resolve_locus   1493:         4      215       10 ->        13
diploid_resolve_locus   1494:        12      149        7 ->         7
diploid_resolve_locus   1495:        16      249        8 ->         8
diploid_resolve_locus   1496:        13      249       10 ->        11
diploid_resolve_locus   1497:        15      101        7 ->         8
diploid_resolve_locus   1498:         2      145        3 ->         3
diploid_resolve_locus   1499:         6      287       10 ->        10
diploid_resolve_locus   1500:        19      228        5 ->         5
diploid_resolve_locus   1501:         2      236        3 ->         3
diploid_resolve_locus   1502:        14       86        1 ->         1
diploid_resolve_locus   1503:         5       82        2 ->         2
diploid_resolve_locus   1504:        20      161        1 ->         1
diploid_resolve_locus   1505:         3      101        3 ->         3
diploid_resolve_locus   1506:        16      161        4 ->         4
diploid_resolve_locus   1507:         7       85        1 ->         1
diploid_resolve_locus   1508:         2      282        5 ->         5
diploid_resolve_locus   1509:        20      367       13 ->        14
diploid_resolve_locus   1510:        20      434        9 ->        10
diploid_resolve_locus   1511:         2      201        5 ->         5
diploid_resolve_locus   1512:        10      211       10 ->        16
diploid_resolve_locus   1513:        18      661       36 ->        56
diploid_resolve_locus   1514:        11      261       12 ->        14
diploid_resolve_locus   1515:        18      231        8 ->         8
diploid_resolve_locus   1516:         8      261       14 ->        16
diploid_resolve_locus   1517:         9      266        9 ->        14
diploid_resolve_locus   1518:         2       44        1 ->         1
diploid_resolve_locus   1519:         3      274        7 ->         7
diploid_resolve_locus   1520:         9      258       11 ->        13
diploid_resolve_locus   1521:        11      286       16 ->        17
diploid_resolve_locus   1522:        20      126        3 ->         3
diploid_resolve_locus   1523:         9      220        5 ->        12
diploid_resolve_locus   1524:         5      266        9 ->        11
diploid_resolve_locus   1525:        19      548       21 ->        31
diploid_resolve_locus   1526:        20      499       16 ->        21
diploid_resolve_locus   1527:         3      202        8 ->        11
diploid_resolve_locus   1528:         8      189        7 ->         9
diploid_resolve_locus   1529:        18      282       16 ->        20
diploid_resolve_locus   1530:         2      167        3 ->         3
diploid_resolve_locus   1531:        19      240        4 ->         4
diploid_resolve_locus   1532:        20      152        2 ->         2
diploid_resolve_locus   1533:         3      282        5 ->         6
diploid_resolve_locus   1534:         2      282        5 ->         6
diploid_resolve_locus   1535:        15       90        5 ->         5
diploid_resolve_locus   1536:        11      478       23 ->        36
diploid_resolve_locus   1537:        19      393       26 ->        30
diploid_resolve_locus   1538:        19      186       15 ->        63
diploid_resolve_locus   1539:         4      278       11 ->        13
diploid_resolve_locus   1540:        20      164       10 ->        13
diploid_resolve_locus   1541:        20      154        3 ->         3
diploid_resolve_locus   1542:         5       99        7 ->        18
diploid_resolve_locus   1543:        19      272        6 ->         6
diploid_resolve_locus   1544:         5      548        8 ->         8
diploid_resolve_locus   1545:         7      123        8 ->         9
diploid_resolve_locus   1546:        18      292       12 ->        12
diploid_resolve_locus   1547:        13       88        4 ->         4
diploid_resolve_locus   1548:        20       69        4 ->         4
diploid_resolve_locus   1549:         4       76        3 ->         3
diploid_resolve_locus   1550:         7      496       18 ->        28
diploid_resolve_locus   1551:        16      129        6 ->         7
diploid_resolve_locus   1552:         3      277        6 ->         7
diploid_resolve_locus   1553:        14       79        4 ->         4
diploid_resolve_locus   1554:         3      163        1 ->         1
diploid_resolve_locus   1555:        19      190        7 ->         8
diploid_resolve_locus   1556:         3      281        7 ->         9
diploid_resolve_locus   1557:        15      288       17 ->        18
diploid_resolve_locus   1558:         7       94        7 ->         7
diploid_resolve_locus   1559:         9      281       19 ->        25
diploid_resolve_locus   1560:        19      116        2 ->         2
diploid_resolve_locus   1561:         9      213        6 ->         6
diploid_resolve_locus   1562:        13      251       19 ->        48
diploid_resolve_locus   1563:        12      274       12 ->        17
diploid_resolve_locus   1564:        20       91        4 ->         4
diploid_resolve_locus   1565:         3       59        2 ->         2
diploid_resolve_locus   1566:        14      123        6 ->         9
diploid_resolve_locus   1567:         4      245        5 ->         5
diploid_resolve_locus   1568:         9      344       14 ->        63
diploid_resolve_locus   1569:        19      578       17 ->        24
diploid_resolve_locus   1570:         8      282       18 ->        21
diploid_resolve_locus   1571:         2      195        3 ->         3
diploid_resolve_locus   1572:        11      148        3 ->         3
diploid_resolve_locus   1573:         4      180        4 ->         5
diploid_resolve_locus   1574:         4      274        3 ->         3
diploid_resolve_locus   1575:         8      192        4 ->         4
diploid_resolve_locus   1576:        11      286       17 ->        18
diploid_resolve_locus   1577:        14      171       11 ->        20
diploid_resolve_locus   1578:         9      467        9 ->        14
diploid_resolve_locus   1579:         8      559       14 ->        14
diploid_resolve_locus   1580:        20      147        9 ->         9
diploid_resolve_locus   1581:        10       55        2 ->         2
diploid_resolve_locus   1582:        18      291       29 ->        81
diploid_resolve_locus   1583:        20      186        5 ->         6
diploid_resolve_locus   1584:         4      281       10 ->        11
diploid_resolve_locus   1585:        20      279        7 ->        11
diploid_resolve_locus   1586:        20      157        4 ->         4
diploid_resolve_locus   1587:        14      365       15 ->        19
diploid_resolve_locus   1588:        17      205        6 ->         9
diploid_resolve_locus   1589:         2      282        4 ->         4
diploid_resolve_locus   1590:        19       93        5 ->         5
diploid_resolve_locus   1591:        10       91        4 ->         4
diploid_resolve_locus   1592:         4      106        1 ->         1
diploid_resolve_locus   1593:        18       53        4 ->         4
diploid_resolve_locus   1594:         3      249        5 ->         5
diploid_resolve_locus   1595:        11       63        1 ->         1
diploid_resolve_locus   1596:         3      121        1 ->         1
diploid_resolve_locus   1597:        16       75        6 ->         6
diploid_resolve_locus   1598:        17       68        4 ->         4
diploid_resolve_locus   1599:        20       61        3 ->         3
diploid_resolve_locus   1600:        19      246        7 ->         8
diploid_resolve_locus   1601:         3       40        1 ->         1
diploid_resolve_locus   1602:        11      373       14 ->        15
diploid_resolve_locus   1603:         2      197        3 ->         3
diploid_resolve_locus   1604:         5      569       18 ->        19
diploid_resolve_locus   1605:        18       92        4 ->         4
diploid_resolve_locus   1606:         5      236        7 ->         8
diploid_resolve_locus   1607:        19      135        6 ->         8
diploid_resolve_locus   1608:        10      199       11 ->        91
diploid_resolve_locus   1609:        14      197        6 ->         6
diploid_resolve_locus   1610:         4      282        5 ->         5
diploid_resolve_locus   1611:         3       80        2 ->         2
diploid_resolve_locus   1612:         2      264        4 ->         4
diploid_resolve_locus   1613:        13      292        9 ->         9
diploid_resolve_locus   1614:        11      495       18 ->        19
diploid_resolve_locus   1615:         2      282        3 ->         3
diploid_resolve_locus   1616:         2       86        1 ->         1
diploid_resolve_locus   1617:         3      240        2 ->         2
diploid_resolve_locus   1618:         3       64        2 ->         2
diploid_resolve_locus   1619:        20      118        8 ->        24
diploid_resolve_locus   1620:         2       43        1 ->         1
diploid_resolve_locus   1621:        18      352       26 ->        47
diploid_resolve_locus   1622:        14       58        4 ->         4
diploid_resolve_locus   1623:         2      126        3 ->         4
diploid_resolve_locus   1624:        14       66        6 ->         6
diploid_resolve_locus   1625:        11      162        9 ->        10
diploid_resolve_locus   1626:         8      282       14 ->        22
diploid_resolve_locus   1627:        17       78        5 ->         6
diploid_resolve_locus   1628:         5       59        5 ->         6
diploid_resolve_locus   1629:        18      292       16 ->        18
diploid_resolve_locus   1630:         6      281       18 ->        20
diploid_resolve_locus   1631:        20      138        5 ->         5
diploid_resolve_locus   1632:        20      238        9 ->        35
diploid_resolve_locus   1633:         7      124        2 ->         2
diploid_resolve_locus   1634:         8      504       12 ->        13
diploid_resolve_locus   1635:        13      101        4 ->         5
diploid_resolve_locus   1636:         5       59        3 ->         3
diploid_resolve_locus   1637:        11      211        8 ->         9
diploid_resolve_locus   1638:        20      203        4 ->         4
diploid_resolve_locus   1639:        19      115        4 ->         5
diploid_resolve_locus   1640:         2      276        7 ->        10
diploid_resolve_locus   1641:         8      105        3 ->         3
diploid_resolve_locus   1642:         7      184        4 ->         5
diploid_resolve_locus   1643:        19       81        7 ->         7
diploid_resolve_locus   1644:        17       65        4 ->         4
diploid_resolve_locus   1645:         2      281        3 ->         3
diploid_resolve_locus   1646:        20      241        5 ->         6
diploid_resolve_locus   1647:        20      172        3 ->         3
diploid_resolve_locus   1648:         3       92        2 ->         2
diploid_resolve_locus   1649:        14       69        4 ->         4
diploid_resolve_locus   1650:        15      169        5 ->         5
diploid_resolve_locus   1651:         2      147        3 ->         3
diploid_resolve_locus   1652:        17      286       22 ->        23
diploid_resolve_locus   1653:         6      276       13 ->        15
diploid_resolve_locus   1654:        19      522       14 ->        16
diploid_resolve_locus   1655:        12      242        8 ->         9
diploid_resolve_locus   1656:        12      292       11 ->        12
diploid_resolve_locus   1657:         9      367       14 ->        15
diploid_resolve_locus   1658:         8       64        1 ->         1
diploid_resolve_locus   1659:        19      300       10 ->        15
diploid_resolve_locus   1660:         4      202        3 ->         3
diploid_resolve_locus   1661:        13       83        4 ->         5
diploid_resolve_locus   1662:         3      284       11 ->        16
diploid_resolve_locus   1663:        20      232        8 ->         9
diploid_resolve_locus   1664:         7      257        3 ->         3
diploid_resolve_locus   1665:         3      281       10 ->        12
diploid_resolve_locus   1666:         4       47        2 ->         2
diploid_resolve_locus   1667:        19      142       10 ->        15
diploid_resolve_locus   1668:         8      199        6 ->         7
diploid_resolve_locus   1669:         7      130        7 ->         8
diploid_resolve_locus   1670:        20      179        7 ->         9
diploid_resolve_locus   1671:         2      112        4 ->         4
diploid_resolve_locus   1672:         2      279        5 ->         6
diploid_resolve_locus   1673:        16      154       12 ->        15
diploid_resolve_locus   1674:         4       60        3 ->         3
diploid_resolve_locus   1675:         5      208        3 ->         3
diploid_resolve_locus   1676:        14      106        2 ->         2
diploid_resolve_locus   1677:        18      378       18 ->        18
diploid_resolve_locus   1678:         5      365        4 ->         4
diploid_resolve_locus   1679:         9      188       14 ->        20
diploid_resolve_locus   1680:        18      584       10 ->        13
diploid_resolve_locus   1681:        14      116        3 ->         5
diploid_resolve_locus   1682:        11      186        6 ->         8
diploid_resolve_locus   1683:         2       60        4 ->         5
diploid_resolve_locus   1684:         4       98        5 ->         5
diploid_resolve_locus   1685:         6       47        1 ->         1
diploid_resolve_locus   1686:         2      206       10 ->        18
diploid_resolve_locus   1687:         9      285       20 ->        24
diploid_resolve_locus   1688:        18      171       14 ->        60
diploid_resolve_locus   1689:         5      187        7 ->         8
diploid_resolve_locus   1690:         2      189        3 ->         3
diploid_resolve_locus   1691:        15      180        5 ->         5
diploid_resolve_locus   1692:         2      107        1 ->         1
diploid_resolve_locus   1693:         3       39        2 ->         2
diploid_resolve_locus   1694:         3      279        7 ->         7
diploid_resolve_locus   1695:        20       75        4 ->         4
diploid_resolve_locus   1696:        13      308       16 ->        23
diploid_resolve_locus   1697:        18      181        5 ->         5
diploid_resolve_locus   1698:         5      282        7 ->         7
diploid_resolve_locus   1699:        10       80        6 ->         9
diploid_resolve_locus   1700:         3      209        1 ->         1
diploid_resolve_locus   1701:        19      103        5 ->         7
diploid_resolve_locus   1702:        19       89        6 ->        12
diploid_resolve_locus   1703:        12      285       22 ->        24
diploid_resolve_locus   1704:        16       99       10 ->        14
diploid_resolve_locus   1705:        18      152       12 ->        49
diploid_resolve_locus   1706:         5      194        9 ->         9
diploid_resolve_locus   1707:         3      269       16 ->        34
diploid_resolve_locus   1708:        20      177        4 ->         4
diploid_resolve_locus   1709:        20      125        3 ->         3
diploid_resolve_locus   1710:         4      288        5 ->         5
diploid_resolve_locus   1711:         2      278        4 ->         4
diploid_resolve_locus   1712:        20      135        4 ->         4
diploid_resolve_locus   1713:        16      158        4 ->         5
diploid_resolve_locus   1714:        12      290       16 ->        16
diploid_resolve_locus   1715:         4      251        5 ->         5
diploid_resolve_locus   1716:        12      229       16 ->        18
diploid_resolve_locus   1717:         2      232        4 ->         4
diploid_resolve_locus   1718:        19       96        2 ->         2
diploid_resolve_locus   1719:        17      147        8 ->         8
diploid_resolve_locus   1720:         2       50        1 ->         1
diploid_resolve_locus   1721:         6      280        7 ->         7
diploid_resolve_locus   1722:        16       90        2 ->         2
diploid_resolve_locus   1723:         8      285       19 ->        28
diploid_resolve_locus   1724:        12      203       14 ->        15
diploid_resolve_locus   1725:         2      282        5 ->         5
diploid_resolve_locus   1726:         2      256       11 ->        17
diploid_resolve_locus   1727:        18      178        6 ->        10
diploid_resolve_locus   1728:        20      146        3 ->         3
diploid_resolve_locus   1729:        19       69        3 ->         3
diploid_resolve_locus   1730:         2      260        3 ->         4
diploid_resolve_locus   1731:         2      242        6 ->         7
diploid_resolve_locus   1732:         2      204        3 ->         3
diploid_resolve_locus   1733:         4      141        7 ->         9
diploid_resolve_locus   1734:         8      296       16 ->        40
diploid_resolve_locus   1735:         2      279        5 ->         7
diploid_resolve_locus   1736:        20      112        5 ->         5
diploid_resolve_locus   1737:        16      292       17 ->        17
diploid_resolve_locus   1738:        20      406       12 ->        13
diploid_resolve_locus   1739:         2      178        1 ->         1
diploid_resolve_locus   1740:         2       55        1 ->         1
diploid_resolve_locus   1741:         4      342        8 ->         8
diploid_resolve_locus   1742:        15      283       14 ->        60
diploid_resolve_locus   1743:         4      280        5 ->         5
diploid_resolve_locus   1744:         4      281        9 ->        11
diploid_resolve_locus   1745:         6      281       10 ->        12
diploid_resolve_locus   1746:        16      151        6 ->         8
diploid_resolve_locus   1747:        20       80        4 ->         4
diploid_resolve_locus   1748:         4      129        3 ->         3
diploid_resolve_locus   1749:         5      281        6 ->         7
diploid_resolve_locus   1750:         8      189       10 ->        13
diploid_resolve_locus   1751:         5      268        8 ->         8
diploid_resolve_locus   1752:         3      114        1 ->         1
diploid_resolve_locus   1753:         6      283       22 ->        50
diploid_resolve_locus   1754:        19      379       31 ->       120
diploid_resolve_locus   1755:        10      229       20 ->        39
diploid_resolve_locus   1756:        14      225        9 ->        13
diploid_resolve_locus   1757:         2       90        1 ->         1
diploid_resolve_locus   1758:        11      146        7 ->         7
diploid_resolve_locus   1759:         2      224        2 ->         2
diploid_resolve_locus   1760:         5      280       11 ->        12
diploid_resolve_locus   1761:         4       61        1 ->         1
diploid_resolve_locus   1762:         9      285       20 ->        26
diploid_resolve_locus   1763:        13      228        7 ->         8
diploid_resolve_locus   1764:         2       67        1 ->         1
diploid_resolve_locus   1765:         3      106        5 ->         6
diploid_resolve_locus   1766:         2      486        3 ->         3
diploid_resolve_locus   1767:        16      181        5 ->         5
diploid_resolve_locus   1768:         4      255        5 ->         5
diploid_resolve_locus   1769:        17       72        2 ->         2
diploid_resolve_locus   1770:         3      257       10 ->        15
diploid_resolve_locus   1771:        20      146        3 ->         3
diploid_resolve_locus   1772:        13      481       25 ->        46
diploid_resolve_locus   1773:        20      146        3 ->         3
diploid_resolve_locus   1774:         3      275       13 ->        18
diploid_resolve_locus   1775:         2      277        7 ->        10
diploid_resolve_locus   1776:         2      276        5 ->         5
diploid_resolve_locus   1777:        20      292       23 ->        33
diploid_resolve_locus   1778:        13      124       11 ->        12
diploid_resolve_locus   1779:        19      234       11 ->        63
diploid_resolve_locus   1780:         2       90        3 ->         3
diploid_resolve_locus   1781:         2      222        3 ->         3
diploid_resolve_locus   1782:        16       75        5 ->         6
diploid_resolve_locus   1783:        19      323       14 ->        18
diploid_resolve_locus   1784:        15      292       16 ->        16
diploid_resolve_locus   1785:        20       76        8 ->        11
diploid_resolve_locus   1786:         2      212        3 ->         3
diploid_resolve_locus   1787:         2      404        6 ->         8
diploid_resolve_locus   1788:        13       90        4 ->         4
diploid_resolve_locus   1789:        20      103        3 ->         3
diploid_resolve_locus   1790:         2      276        7 ->        10
diploid_resolve_locus   1791:        16       57        1 ->         1
diploid_resolve_locus   1792:        19      126        6 ->         8
diploid_resolve_locus   1793:        20      125        3 ->         3
diploid_resolve_locus   1794:        12      253        9 ->        10
diploid_resolve_locus   1795:         7      300       11 ->        14
diploid_resolve_locus   1796:        20      134        4 ->         4
diploid_resolve_locus   1797:        19      251        7 ->       134
diploid_resolve_locus   1798:         4       59        2 ->         2
diploid_resolve_locus   1799:         3       73        1 ->         1
diploid_resolve_locus   1800:        20      114        9 ->        16
diploid_resolve_locus   1801:        19      296       23 ->        40
diploid_resolve_locus   1802:        19      133        6 ->         7
diploid_resolve_locus   1803:        12       81       15 ->        15
diploid_resolve_locus   1804:         3       48        1 ->         1
diploid_resolve_locus   1805:        10      163        5 ->         5
diploid_resolve_locus   1806:         8      174        6 ->         7
diploid_resolve_locus   1807:         9      263       10 ->        10
diploid_resolve_locus   1808:         3       75        2 ->         2
diploid_resolve_locus   1809:         2       38        2 ->         2
diploid_resolve_locus   1810:         3       92        3 ->         3
diploid_resolve_locus   1811:         8      172       11 ->        16
diploid_resolve_locus   1812:         4      282       10 ->        15
diploid_resolve_locus   1813:         4       89        6 ->        14
diploid_resolve_locus   1814:         2      160        5 ->         7
diploid_resolve_locus   1815:         6      108       10 ->        17
diploid_resolve_locus   1816:        17      334        6 ->         7
diploid_resolve_locus   1817:         2      281        7 ->         8
diploid_resolve_locus   1818:        19      356       17 ->        20
diploid_resolve_locus   1819:         8      114        9 ->         9
diploid_resolve_locus   1820:         5      120        4 ->         5
diploid_resolve_locus   1821:        19       52        5 ->         5
diploid_resolve_locus   1822:         5      257        5 ->         5
diploid_resolve_locus   1823:         8      285       12 ->        14
diploid_resolve_locus   1824:        12      282       19 ->        37
diploid_resolve_locus   1825:         5      277        6 ->         6
diploid_resolve_locus   1826:        16       81        2 ->         2
diploid_resolve_locus   1827:        20      109       11 ->        14
diploid_resolve_locus   1828:         3      179        5 ->         5
diploid_resolve_locus   1829:         5      273        7 ->         7
diploid_resolve_locus   1830:         8      126       12 ->        26
diploid_resolve_locus   1831:        20      195        7 ->        12
diploid_resolve_locus   1832:         2       66        2 ->         2
diploid_resolve_locus   1833:         2      167        1 ->         1
diploid_resolve_locus   1834:         6       57        4 ->         4
diploid_resolve_locus   1835:         2      199        2 ->         2
diploid_resolve_locus   1836:         2       92        1 ->         1
diploid_resolve_locus   1837:         5       73        2 ->         2
diploid_resolve_locus   1838:         4      280       13 ->        15
diploid_resolve_locus   1839:         2       72        1 ->         1
diploid_resolve_locus   1840:        13      586       17 ->        22
diploid_resolve_locus   1841:         3      111        2 ->         2
diploid_resolve_locus   1842:        17      139        3 ->         3
diploid_resolve_locus   1843:         8      279       14 ->        21
diploid_resolve_locus   1844:         2      122        7 ->        10
diploid_resolve_locus   1845:         7      282        9 ->         9
diploid_resolve_locus   1846:        14      136        3 ->         3
diploid_resolve_locus   1847:         6      261        7 ->         7
diploid_resolve_locus   1848:        20      176        8 ->         8
diploid_resolve_locus   1849:         4       82        2 ->         2
diploid_resolve_locus   1850:        20      167        5 ->         5
diploid_resolve_locus   1851:         5      282       10 ->        15
diploid_resolve_locus   1852:         2      283        3 ->         3
diploid_resolve_locus   1853:         2      286        6 ->         8
diploid_resolve_locus   1854:         2      231        2 ->         2
diploid_resolve_locus   1855:         3      257        6 ->         6
diploid_resolve_locus   1856:         7      195       25 ->        37
diploid_resolve_locus   1857:         3      116        4 ->         4
diploid_resolve_locus   1858:        20      109        7 ->         8
diploid_resolve_locus   1859:        15      286       17 ->        18
diploid_resolve_locus   1860:        20      240        9 ->        12
diploid_resolve_locus   1861:        20      137        5 ->         5
diploid_resolve_locus   1862:         3       61        3 ->         3
diploid_resolve_locus   1863:         4       63        6 ->         6
diploid_resolve_locus   1864:        17      189        7 ->         7
diploid_resolve_locus   1865:        15       54        2 ->         2
diploid_resolve_locus   1866:        12      192       11 ->        17
diploid_resolve_locus   1867:         8      281       15 ->        18
diploid_resolve_locus   1868:         6      282       11 ->        11
diploid_resolve_locus   1869:         3       41        1 ->         1
diploid_resolve_locus   1870:         4      183        6 ->         6
diploid_resolve_locus   1871:         7       71        2 ->         2
diploid_resolve_locus   1872:         4      277       11 ->        14
diploid_resolve_locus   1873:        15      366       13 ->        28
diploid_resolve_locus   1874:         4       38        2 ->         2
diploid_resolve_locus   1875:         4       69        3 ->         3
diploid_resolve_locus   1876:         9      102       10 ->        11
diploid_resolve_locus   1877:         9      186        6 ->         6
diploid_resolve_locus   1878:         6      144        7 ->        10
diploid_resolve_locus   1879:         2      281        5 ->         5
diploid_resolve_locus   1880:        18      292       23 ->        25
diploid_resolve_locus   1881:         3      259        5 ->         5
diploid_resolve_locus   1882:        15      137        6 ->         6
diploid_resolve_locus   1883:        10      282       19 ->        19
diploid_resolve_locus   1884:         9      261       19 ->        37
diploid_resolve_locus   1885:         3      286       12 ->        18
diploid_resolve_locus   1886:         4       46        1 ->         1
diploid_resolve_locus   1887:         4       65        3 ->         3
diploid_resolve_locus   1888:        15      568       23 ->        54
diploid_resolve_locus   1889:         3      278        2 ->         2
diploid_resolve_locus   1890:         3      270        1 ->         1
diploid_resolve_locus   1891:         2      139        1 ->         1
diploid_resolve_locus   1892:         8       62        2 ->         2
diploid_resolve_locus   1893:        14      157        6 ->         6
diploid_resolve_locus   1894:         2      281        4 ->         4
diploid_resolve_locus   1895:         3      278        6 ->         6
diploid_resolve_locus   1896:         9      416       10 ->        10
diploid_resolve_locus   1897:         4      262        6 ->         7
diploid_resolve_locus   1898:        19       85        3 ->         3
diploid_resolve_locus   1899:        20       43        4 ->         5
diploid_resolve_locus   1900:        13      147       18 ->        33
diploid_resolve_locus   1901:         5       83        6 ->         8
diploid_resolve_locus   1902:        11       99        7 ->        20
diploid_resolve_locus   1903:         4      275       12 ->        12
diploid_resolve_locus   1904:         2       80        1 ->         1
diploid_resolve_locus   1905:         6      414       13 ->        21
diploid_resolve_locus   1906:        20      404       13 ->        17
diploid_resolve_locus   1907:        20       54        2 ->         2
diploid_resolve_locus   1908:         4      284        9 ->         9
diploid_resolve_locus   1909:         4       74        3 ->         3
diploid_resolve_locus   1910:        10      243       17 ->        19
diploid_resolve_locus   1911:        18      140        7 ->        30
diploid_resolve_locus   1912:        10       68        8 ->        13
diploid_resolve_locus   1913:         3       61        1 ->         1
diploid_resolve_locus   1914:        16      103        8 ->         8
diploid_resolve_locus   1915:        17      445       19 ->        55
diploid_resolve_locus   1916:         2      278        7 ->         9
diploid_resolve_locus   1917:         8      121        4 ->         4
diploid_resolve_locus   1918:        19      144       22 ->        23
diploid_resolve_locus   1919:        20       50        4 ->         5
diploid_resolve_locus   1920:        16       76        4 ->         6
diploid_resolve_locus   1921:         2      379        8 ->        10
diploid_resolve_locus   1922:         7      190       12 ->        15
diploid_resolve_locus   1923:        20      106        6 ->         6
diploid_resolve_locus   1924:         6      153        1 ->         1
diploid_resolve_locus   1925:        19      326       16 ->        23
diploid_resolve_locus   1926:         2      282        7 ->        11
diploid_resolve_locus   1927:        19      602       22 ->        22
diploid_resolve_locus   1928:         3       61        1 ->         1
diploid_resolve_locus   1929:         2       62        1 ->         1
diploid_resolve_locus   1930:         7      144        4 ->         4
diploid_resolve_locus   1931:         8       97        9 ->         9
diploid_resolve_locus   1932:         5      107        2 ->         2
diploid_resolve_locus   1933:         2      115        3 ->         3
diploid_resolve_locus   1934:         2      108        5 ->         5
diploid_resolve_locus   1935:         6       90        8 ->        10
diploid_resolve_locus   1936:         2       59        1 ->         1
diploid_resolve_locus   1937:         2      159        3 ->         3
diploid_resolve_locus   1938:         3      138        6 ->         8
diploid_resolve_locus   1939:         4       58        4 ->         4
diploid_resolve_locus   1940:         2      164        2 ->         2
diploid_resolve_locus   1941:         2      210        3 ->         3
diploid_resolve_locus   1942:         4      140        1 ->         1
diploid_resolve_locus   1943:         3       70        5 ->         6
diploid_resolve_locus   1944:         5      139        5 ->         5
diploid_resolve_locus   1945:         3       40        3 ->         4
diploid_resolve_locus   1946:         3       59        4 ->         4
diploid_resolve_locus   1947:         6      154        8 ->        19
diploid_resolve_locus   1948:         2      129        3 ->         3
diploid_resolve_locus   1949:         2      280        7 ->        10
diploid_resolve_locus   1950:         2      141        5 ->         5
diploid_resolve_locus   1951:         4      105        3 ->         3
diploid_resolve_locus   1952:         2       89        7 ->        10
diploid_resolve_locus   1953:         9      141        4 ->         4
diploid_resolve_locus   1954:         3       93        5 ->         5
diploid_resolve_locus   1955:         6       41        1 ->         1
diploid_resolve_locus   1956:         2      114        2 ->         2
diploid_resolve_locus   1957:         2      260        4 ->         4
diploid_resolve_locus   1958:        17      375       37 ->        52
diploid_resolve_locus   1959:        12      277       13 ->        24
diploid_resolve_locus   1960:         3      282        4 ->         4
diploid_resolve_locus   1961:         2      186        1 ->         1
diploid_resolve_locus   1962:        13       62        4 ->         4
diploid_resolve_locus   1963:         3      103        1 ->         1
diploid_resolve_locus   1964:        13      243       14 ->        16
diploid_resolve_locus   1965:         2      135        1 ->         1
diploid_resolve_locus   1966:         2       42        4 ->         4
diploid_resolve_locus   1967:         9       86        8 ->        13
diploid_resolve_locus   1968:         2      303        6 ->         9
diploid_resolve_locus   1969:        20      217       11 ->        16
diploid_resolve_locus   1970:        13      151       11 ->        14
diploid_resolve_locus   1971:        18      163        3 ->         3
diploid_resolve_locus   1972:        17      123        6 ->         6
diploid_resolve_locus   1973:         4      128        3 ->         3
diploid_resolve_locus   1974:         3      208        5 ->         5
diploid_resolve_locus   1975:         3      280        2 ->         2
diploid_resolve_locus   1976:         2      340        3 ->         3
diploid_resolve_locus   1977:         3       59        1 ->         1
diploid_resolve_locus   1978:         3      281        5 ->         5
diploid_resolve_locus   1979:         2      161        3 ->         3
diploid_resolve_locus   1980:         2      202        3 ->         3
diploid_resolve_locus   1981:        20      276        7 ->         9
diploid_resolve_locus   1982:        20      111        4 ->         6
diploid_resolve_locus   1983:         2      145        4 ->         4
diploid_resolve_locus   1984:        10      333       19 ->        21
diploid_resolve_locus   1985:         3       44        2 ->         2
diploid_resolve_locus   1986:         2       76        3 ->         3
diploid_resolve_locus   1987:        20      260       13 ->       143
diploid_resolve_locus   1988:         3      162        3 ->         3
diploid_resolve_locus   1989:         3      286        4 ->         4
diploid_resolve_locus   1990:         2      280        7 ->         9
diploid_resolve_locus   1991:         3       78        2 ->         2
diploid_resolve_locus   1992:         6      280       16 ->        18
diploid_resolve_locus   1993:         3       67        2 ->         2
diploid_resolve_locus   1994:        19      223       14 ->        43
diploid_resolve_locus   1995:        15       82        6 ->         7
diploid_resolve_locus   1996:        13      282       17 ->        21
diploid_resolve_locus   1997:         2      119        3 ->         3
diploid_resolve_locus   1998:        20       77        3 ->         3
diploid_resolve_locus   1999:         2      538        4 ->         4
diploid_resolve_locus   2000:         2       87        2 ->         2
ajan_BABY6724 -> ajan (diploid=1)
ajan_DW655 -> ajan (diploid=1)
ajan_DW663 -> ajan (diploid=1)
ajan_esa36 -> ajan (diploid=1)
ajan_wdb38 -> ajan (diploid=1)
ajan_ODP48916 -> ajan (diploid=1)
ajancf_SLM01 -> ajan (diploid=1)
ajancf_SLM05 -> ajan (diploid=1)
ajancf_SLM10 -> ajan (diploid=1)
alas_BABY422 -> alas (diploid=1)
alas_BABY4577 -> alas (diploid=1)
alas_BABY6558 -> alas (diploid=1)
alas_DW641 -> alas (diploid=1)
alas_DW646 -> alas (diploid=1)
alas_ODP43138 -> alas (diploid=1)
alas_ODP7414 -> alas (diploid=1)
alas_ODP7415 -> alas (diploid=1)
alas_ODP7424 -> alas (diploid=1)
alas_ODP7429 -> alas (diploid=1)
alas_ODP7432 -> alas (diploid=1)


ajan_BABY6724.1 -> ajan (diploid=1)
ajan_BABY6724.2 -> ajan (diploid=1)
ajan_DW655.1 -> ajan (diploid=1)
ajan_DW655.2 -> ajan (diploid=1)
ajan_DW663.1 -> ajan (diploid=1)
ajan_DW663.2 -> ajan (diploid=1)
ajan_esa36.1 -> ajan (diploid=1)
ajan_esa36.2 -> ajan (diploid=1)
ajan_wdb38.1 -> ajan (diploid=1)
ajan_wdb38.2 -> ajan (diploid=1)
ajan_ODP48916.1 -> ajan (diploid=1)
ajan_ODP48916.2 -> ajan (diploid=1)
ajancf_SLM01.1 -> ajan (diploid=1)
ajancf_SLM01.2 -> ajan (diploid=1)
ajancf_SLM05.1 -> ajan (diploid=1)
ajancf_SLM05.2 -> ajan (diploid=1)
ajancf_SLM10.1 -> ajan (diploid=1)
ajancf_SLM10.2 -> ajan (diploid=1)
alas_BABY422.1 -> alas (diploid=1)
alas_BABY422.2 -> alas (diploid=1)
alas_BABY4577.1 -> alas (diploid=1)
alas_BABY4577.2 -> alas (diploid=1)
alas_BABY6558.1 -> alas (diploid=1)
alas_BABY6558.2 -> alas (diploid=1)
alas_DW641.1 -> alas (diploid=1)
alas_DW641.2 -> alas (diploid=1)
alas_DW646.1 -> alas (diploid=1)
alas_DW646.2 -> alas (diploid=1)
alas_ODP43138.1 -> alas (diploid=1)
alas_ODP43138.2 -> alas (diploid=1)
alas_ODP7414.1 -> alas (diploid=1)
alas_ODP7414.2 -> alas (diploid=1)
alas_ODP7415.1 -> alas (diploid=1)
alas_ODP7415.2 -> alas (diploid=1)
alas_ODP7424.1 -> alas (diploid=1)
alas_ODP7424.2 -> alas (diploid=1)
alas_ODP7429.1 -> alas (diploid=1)
alas_ODP7429.2 -> alas (diploid=1)
alas_ODP7432.1 -> alas (diploid=1)
alas_ODP7432.2 -> alas (diploid=1)

Summary of alignments *after* phasing sequences:
 Locus | Model | Sequences | Length | Ambiguous sites | Compressed | Base freqs 
-------+-------+-----------+--------+-----------------+------------+------------
     1 |  JC69 |        10 |    421 |             162 |          8 |      Fixed 
     2 |  JC69 |        40 |    292 |              54 |          8 |      Fixed 
     3 |  JC69 |        40 |    201 |              85 |          7 |      Fixed 
     4 |  JC69 |        40 |    158 |               1 |          2 |      Fixed 
     5 |  JC69 |        20 |   1558 |            1169 |         33 |      Fixed 
     6 |  JC69 |        10 |     58 |               1 |          2 |      Fixed 
     7 |  JC69 |        34 |    292 |              20 |         15 |      Fixed 
     8 |  JC69 |        30 |   1065 |             602 |         71 |      Fixed 
     9 |  JC69 |        38 |    529 |             387 |         27 |      Fixed 
    10 |  JC69 |        38 |    724 |             577 |         31 |      Fixed 
    11 |  JC69 |        32 |    794 |             528 |         35 |      Fixed 
    12 |  JC69 |        40 |   1252 |             920 |        107 |      Fixed 
    13 |  JC69 |        28 |    170 |               9 |          6 |      Fixed 
    14 |  JC69 |         4 |    166 |               2 |          3 |      Fixed 
    15 |  JC69 |        40 |    277 |               7 |         14 |      Fixed 
    16 |  JC69 |        30 |    440 |              21 |         19 |      Fixed 
    17 |  JC69 |         6 |    279 |              52 |          5 |      Fixed 
    18 |  JC69 |        36 |    397 |               9 |          8 |      Fixed 
    19 |  JC69 |        14 |    347 |             106 |          8 |      Fixed 
    20 |  JC69 |        26 |    253 |              24 |         10 |      Fixed 
    21 |  JC69 |        40 |    532 |             150 |         15 |      Fixed 
    22 |  JC69 |        40 |    336 |               5 |         14 |      Fixed 
    23 |  JC69 |         4 |    281 |               6 |          3 |      Fixed 
    24 |  JC69 |        16 |   1023 |             453 |          9 |      Fixed 
    25 |  JC69 |        36 |    502 |              16 |         13 |      Fixed 
    26 |  JC69 |        40 |    798 |             274 |         13 |      Fixed 
    27 |  JC69 |         6 |     85 |               0 |          1 |      Fixed 
    28 |  JC69 |        16 |    278 |              26 |         16 |      Fixed 
    29 |  JC69 |        38 |    287 |               1 |          2 |      Fixed 
    30 |  JC69 |         6 |    282 |              97 |          6 |      Fixed 
    31 |  JC69 |        34 |    286 |              17 |         11 |      Fixed 
    32 |  JC69 |        10 |    282 |              17 |         10 |      Fixed 
    33 |  JC69 |        24 |    435 |             104 |         47 |      Fixed 
    34 |  JC69 |        32 |     75 |               2 |          3 |      Fixed 
    35 |  JC69 |        40 |     85 |               1 |          2 |      Fixed 
    36 |  JC69 |         4 |    275 |               7 |          6 |      Fixed 
    37 |  JC69 |        38 |    271 |               6 |         17 |      Fixed 
    38 |  JC69 |        40 |    344 |               6 |          5 |      Fixed 
    39 |  JC69 |        38 |    216 |              27 |         32 |      Fixed 
    40 |  JC69 |        34 |    121 |               6 |          8 |      Fixed 
    41 |  JC69 |        26 |     76 |               2 |          3 |      Fixed 
    42 |  JC69 |        40 |    233 |              39 |         11 |      Fixed 
    43 |  JC69 |        16 |    196 |              20 |         12 |      Fixed 
    44 |  JC69 |        40 |    232 |               5 |          7 |      Fixed 
    45 |  JC69 |        40 |    203 |               4 |          8 |      Fixed 
    46 |  JC69 |        40 |     88 |               4 |         39 |      Fixed 
    47 |  JC69 |        10 |    144 |               3 |          3 |      Fixed 
    48 |  JC69 |         6 |     48 |               7 |          3 |      Fixed 
    49 |  JC69 |        24 |    170 |              13 |          8 |      Fixed 
    50 |  JC69 |        40 |    649 |             132 |         28 |      Fixed 
    51 |  JC69 |        38 |    104 |               2 |          3 |      Fixed 
    52 |  JC69 |         4 |    285 |               1 |          2 |      Fixed 
    53 |  JC69 |        10 |     57 |               0 |          2 |      Fixed 
    54 |  JC69 |         8 |    280 |               8 |          7 |      Fixed 
    55 |  JC69 |        24 |    122 |               1 |          2 |      Fixed 
    56 |  JC69 |         8 |    266 |               4 |          3 |      Fixed 
    57 |  JC69 |         4 |    378 |              22 |          4 |      Fixed 
    58 |  JC69 |        34 |     99 |               4 |         51 |      Fixed 
    59 |  JC69 |        32 |    675 |             675 |         73 |      Fixed 
    60 |  JC69 |        20 |    245 |              19 |         40 |      Fixed 
    61 |  JC69 |        34 |    292 |              29 |         30 |      Fixed 
    62 |  JC69 |        32 |    518 |             370 |         19 |      Fixed 
    63 |  JC69 |         6 |    285 |              17 |          8 |      Fixed 
    64 |  JC69 |         6 |    280 |              14 |         10 |      Fixed 
    65 |  JC69 |        38 |    753 |             753 |         58 |      Fixed 
    66 |  JC69 |        28 |    108 |              28 |         14 |      Fixed 
    67 |  JC69 |        10 |    282 |              15 |          9 |      Fixed 
    68 |  JC69 |         8 |    276 |               5 |          7 |      Fixed 
    69 |  JC69 |        28 |    286 |              73 |         24 |      Fixed 
    70 |  JC69 |         8 |    352 |              81 |          7 |      Fixed 
    71 |  JC69 |        36 |     94 |               7 |          5 |      Fixed 
    72 |  JC69 |         6 |    272 |               9 |          8 |      Fixed 
    73 |  JC69 |        24 |    112 |               1 |          2 |      Fixed 
    74 |  JC69 |        22 |    282 |              33 |         21 |      Fixed 
    75 |  JC69 |         4 |    279 |               8 |          4 |      Fixed 
    76 |  JC69 |        38 |    115 |              41 |         10 |      Fixed 
    77 |  JC69 |        32 |    118 |               5 |          5 |      Fixed 
    78 |  JC69 |         4 |    282 |               9 |          4 |      Fixed 
    79 |  JC69 |        38 |    538 |               6 |         11 |      Fixed 
    80 |  JC69 |        38 |    240 |               4 |          6 |      Fixed 
    81 |  JC69 |        18 |     54 |               1 |          2 |      Fixed 
    82 |  JC69 |        40 |    435 |              42 |         33 |      Fixed 
    83 |  JC69 |        40 |    214 |               8 |         10 |      Fixed 
    84 |  JC69 |        18 |    390 |             133 |         27 |      Fixed 
    85 |  JC69 |        40 |    213 |               7 |         35 |      Fixed 
    86 |  JC69 |        20 |    413 |             138 |         17 |      Fixed 
    87 |  JC69 |        40 |     97 |               2 |          3 |      Fixed 
    88 |  JC69 |        12 |     93 |               0 |          2 |      Fixed 
    89 |  JC69 |        36 |    180 |               1 |          2 |      Fixed 
    90 |  JC69 |        10 |    155 |               0 |          1 |      Fixed 
    91 |  JC69 |        32 |    300 |               4 |          6 |      Fixed 
    92 |  JC69 |         4 |    166 |              51 |          5 |      Fixed 
    93 |  JC69 |        38 |    209 |               1 |          2 |      Fixed 
    94 |  JC69 |        38 |    227 |               5 |          6 |      Fixed 
    95 |  JC69 |        16 |     74 |               9 |          8 |      Fixed 
    96 |  JC69 |        30 |    153 |               2 |          3 |      Fixed 
    97 |  JC69 |         4 |    218 |               6 |          4 |      Fixed 
    98 |  JC69 |        12 |    432 |             224 |         38 |      Fixed 
    99 |  JC69 |        26 |    355 |             113 |         50 |      Fixed 
   100 |  JC69 |        32 |    242 |              37 |         31 |      Fixed 
   101 |  JC69 |        16 |    280 |              14 |          7 |      Fixed 
   102 |  JC69 |        40 |    224 |               4 |         10 |      Fixed 
   103 |  JC69 |        36 |    335 |             128 |          8 |      Fixed 
   104 |  JC69 |         6 |    280 |              15 |          5 |      Fixed 
   105 |  JC69 |        40 |    227 |               3 |          4 |      Fixed 
   106 |  JC69 |        22 |     60 |               0 |          1 |      Fixed 
   107 |  JC69 |        18 |    214 |              12 |          8 |      Fixed 
   108 |  JC69 |         8 |    190 |               8 |          6 |      Fixed 
   109 |  JC69 |        36 |    478 |              96 |         20 |      Fixed 
   110 |  JC69 |        20 |     70 |               1 |          2 |      Fixed 
   111 |  JC69 |        38 |    203 |               6 |          7 |      Fixed 
   112 |  JC69 |         6 |     41 |               0 |          1 |      Fixed 
   113 |  JC69 |        40 |    223 |               4 |          5 |      Fixed 
   114 |  JC69 |        28 |    366 |              27 |         21 |      Fixed 
   115 |  JC69 |         6 |     93 |               0 |          1 |      Fixed 
   116 |  JC69 |        38 |    342 |              74 |         29 |      Fixed 
   117 |  JC69 |        12 |    278 |              13 |         10 |      Fixed 
   118 |  JC69 |        40 |    373 |               7 |          8 |      Fixed 
   119 |  JC69 |        40 |    163 |               2 |         13 |      Fixed 
   120 |  JC69 |        40 |    112 |               3 |          5 |      Fixed 
   121 |  JC69 |        10 |    277 |              68 |          6 |      Fixed 
   122 |  JC69 |        10 |    186 |               5 |          5 |      Fixed 
   123 |  JC69 |        40 |    292 |              25 |         16 |      Fixed 
   124 |  JC69 |        40 |    533 |              15 |         15 |      Fixed 
   125 |  JC69 |         4 |    214 |              60 |          4 |      Fixed 
   126 |  JC69 |        20 |    268 |              23 |         11 |      Fixed 
   127 |  JC69 |        18 |    434 |              11 |         11 |      Fixed 
   128 |  JC69 |        34 |    281 |              34 |         29 |      Fixed 
   129 |  JC69 |        38 |     73 |               5 |          4 |      Fixed 
   130 |  JC69 |        22 |    294 |              69 |          5 |      Fixed 
   131 |  JC69 |        40 |    126 |               5 |          7 |      Fixed 
   132 |  JC69 |         4 |    284 |              15 |          6 |      Fixed 
   133 |  JC69 |        40 |     73 |               2 |          3 |      Fixed 
   134 |  JC69 |        28 |    209 |              16 |          8 |      Fixed 
   135 |  JC69 |        32 |     82 |               2 |          3 |      Fixed 
   136 |  JC69 |        38 |    138 |               5 |          8 |      Fixed 
   137 |  JC69 |         4 |    138 |               3 |          2 |      Fixed 
   138 |  JC69 |        32 |     65 |               1 |          2 |      Fixed 
   139 |  JC69 |        40 |    126 |               3 |          4 |      Fixed 
   140 |  JC69 |        18 |    447 |              13 |         25 |      Fixed 
   141 |  JC69 |        26 |    225 |               8 |          7 |      Fixed 
   142 |  JC69 |        40 |     94 |               2 |          3 |      Fixed 
   143 |  JC69 |         8 |    248 |               4 |          7 |      Fixed 
   144 |  JC69 |         6 |     90 |               0 |          1 |      Fixed 
   145 |  JC69 |        10 |     85 |              22 |          3 |      Fixed 
   146 |  JC69 |         4 |    281 |               9 |          4 |      Fixed 
   147 |  JC69 |        26 |    192 |              93 |          6 |      Fixed 
   148 |  JC69 |        12 |    284 |              18 |          8 |      Fixed 
   149 |  JC69 |         4 |    278 |              12 |          5 |      Fixed 
   150 |  JC69 |        40 |    545 |             169 |         57 |      Fixed 
   151 |  JC69 |         4 |    350 |              64 |          4 |      Fixed 
   152 |  JC69 |        30 |    291 |              29 |         23 |      Fixed 
   153 |  JC69 |        40 |     65 |               2 |          3 |      Fixed 
   154 |  JC69 |         6 |    151 |               3 |          4 |      Fixed 
   155 |  JC69 |        30 |    277 |             119 |         16 |      Fixed 
   156 |  JC69 |        22 |     53 |               2 |          3 |      Fixed 
   157 |  JC69 |         4 |     78 |               1 |          2 |      Fixed 
   158 |  JC69 |        10 |    282 |             109 |         26 |      Fixed 
   159 |  JC69 |         4 |    281 |              37 |          5 |      Fixed 
   160 |  JC69 |         6 |    184 |               6 |          3 |      Fixed 
   161 |  JC69 |        30 |    512 |             251 |         16 |      Fixed 
   162 |  JC69 |         6 |    336 |             103 |          2 |      Fixed 
   163 |  JC69 |        38 |    258 |               6 |          8 |      Fixed 
   164 |  JC69 |         8 |    365 |              97 |          8 |      Fixed 
   165 |  JC69 |        40 |    236 |               5 |          6 |      Fixed 
   166 |  JC69 |        40 |    432 |             206 |         45 |      Fixed 
   167 |  JC69 |        30 |    432 |             110 |         32 |      Fixed 
   168 |  JC69 |        30 |    150 |              51 |         12 |      Fixed 
   169 |  JC69 |        20 |    834 |             588 |         18 |      Fixed 
   170 |  JC69 |        38 |    588 |             534 |         41 |      Fixed 
   171 |  JC69 |        38 |    658 |             503 |         42 |      Fixed 
   172 |  JC69 |        32 |    140 |               4 |          7 |      Fixed 
   173 |  JC69 |        38 |    108 |               9 |          7 |      Fixed 
   174 |  JC69 |        22 |    191 |               8 |          4 |      Fixed 
   175 |  JC69 |        26 |    292 |              19 |         14 |      Fixed 
   176 |  JC69 |        22 |    423 |              45 |         18 |      Fixed 
   177 |  JC69 |        36 |    322 |              87 |         15 |      Fixed 
   178 |  JC69 |        14 |    282 |              37 |         10 |      Fixed 
   179 |  JC69 |        30 |    415 |              18 |         24 |      Fixed 
   180 |  JC69 |        10 |     69 |               0 |          1 |      Fixed 
   181 |  JC69 |        18 |     57 |               8 |          6 |      Fixed 
   182 |  JC69 |         4 |    281 |              93 |          3 |      Fixed 
   183 |  JC69 |         6 |     46 |               0 |          1 |      Fixed 
   184 |  JC69 |        40 |     83 |               4 |          5 |      Fixed 
   185 |  JC69 |        30 |    213 |               8 |          7 |      Fixed 
   186 |  JC69 |         4 |    272 |               7 |          3 |      Fixed 
   187 |  JC69 |        40 |    145 |               7 |          9 |      Fixed 
   188 |  JC69 |         6 |    269 |               3 |          4 |      Fixed 
   189 |  JC69 |        28 |    132 |               3 |          4 |      Fixed 
   190 |  JC69 |        26 |    381 |             111 |         34 |      Fixed 
   191 |  JC69 |        18 |    281 |              71 |         20 |      Fixed 
   192 |  JC69 |        30 |    116 |               3 |          5 |      Fixed 
   193 |  JC69 |         8 |     57 |               0 |          1 |      Fixed 
   194 |  JC69 |        40 |    392 |              15 |         32 |      Fixed 
   195 |  JC69 |        40 |    167 |               2 |          3 |      Fixed 
   196 |  JC69 |        40 |    838 |             488 |         50 |      Fixed 
   197 |  JC69 |        40 |     89 |               2 |          3 |      Fixed 
   198 |  JC69 |        40 |    142 |               2 |          3 |      Fixed 
   199 |  JC69 |        40 |    105 |               2 |          3 |      Fixed 
   200 |  JC69 |        40 |    622 |             298 |         26 |      Fixed 
   201 |  JC69 |         4 |    239 |               1 |          2 |      Fixed 
   202 |  JC69 |        36 |    745 |             568 |         25 |      Fixed 
   203 |  JC69 |        40 |    255 |               7 |         11 |      Fixed 
   204 |  JC69 |        34 |     94 |              13 |          7 |      Fixed 
   205 |  JC69 |        32 |    284 |              60 |         27 |      Fixed 
   206 |  JC69 |        30 |    165 |               7 |          5 |      Fixed 
   207 |  JC69 |        40 |     76 |               6 |          5 |      Fixed 
   208 |  JC69 |        30 |     97 |              11 |          3 |      Fixed 
   209 |  JC69 |        40 |    166 |               5 |          7 |      Fixed 
   210 |  JC69 |        38 |    416 |             201 |         17 |      Fixed 
   211 |  JC69 |         8 |     51 |               4 |          2 |      Fixed 
   212 |  JC69 |        14 |    286 |              32 |         15 |      Fixed 
   213 |  JC69 |        18 |    215 |              12 |          9 |      Fixed 
   214 |  JC69 |        22 |    473 |              33 |         11 |      Fixed 
   215 |  JC69 |        40 |     62 |               3 |          4 |      Fixed 
   216 |  JC69 |        40 |     78 |               2 |          3 |      Fixed 
   217 |  JC69 |         6 |    255 |              47 |         10 |      Fixed 
   218 |  JC69 |        36 |    400 |             162 |         22 |      Fixed 
   219 |  JC69 |        38 |    220 |              13 |         10 |      Fixed 
   220 |  JC69 |        40 |    207 |               7 |          6 |      Fixed 
   221 |  JC69 |        16 |    151 |              11 |          3 |      Fixed 
   222 |  JC69 |        40 |     70 |               3 |          4 |      Fixed 
   223 |  JC69 |        20 |    251 |               9 |          8 |      Fixed 
   224 |  JC69 |         6 |     54 |               0 |          1 |      Fixed 
   225 |  JC69 |         6 |    141 |               3 |          3 |      Fixed 
   226 |  JC69 |        36 |    418 |             145 |         18 |      Fixed 
   227 |  JC69 |        32 |    435 |               4 |          6 |      Fixed 
   228 |  JC69 |        24 |    322 |              45 |         14 |      Fixed 
   229 |  JC69 |         6 |    151 |               0 |          2 |      Fixed 
   230 |  JC69 |         8 |    282 |              14 |          9 |      Fixed 
   231 |  JC69 |         8 |    105 |               1 |          2 |      Fixed 
   232 |  JC69 |        14 |    281 |              10 |         16 |      Fixed 
   233 |  JC69 |        38 |    191 |               2 |          3 |      Fixed 
   234 |  JC69 |         6 |    282 |              16 |          4 |      Fixed 
   235 |  JC69 |         6 |    280 |               7 |          7 |      Fixed 
   236 |  JC69 |        22 |    416 |             148 |         16 |      Fixed 
   237 |  JC69 |        36 |    284 |              81 |         14 |      Fixed 
   238 |  JC69 |        18 |    179 |              68 |          4 |      Fixed 
   239 |  JC69 |        32 |     87 |               1 |          2 |      Fixed 
   240 |  JC69 |        32 |    135 |               5 |          9 |      Fixed 
   241 |  JC69 |        22 |    260 |              16 |         17 |      Fixed 
   242 |  JC69 |        34 |     45 |               1 |          2 |      Fixed 
   243 |  JC69 |        38 |    205 |               7 |         14 |      Fixed 
   244 |  JC69 |        30 |    561 |             298 |         29 |      Fixed 
   245 |  JC69 |         4 |    278 |              10 |          4 |      Fixed 
   246 |  JC69 |        26 |    143 |              12 |         11 |      Fixed 
   247 |  JC69 |        16 |    126 |               8 |          7 |      Fixed 
   248 |  JC69 |        18 |    349 |              10 |          9 |      Fixed 
   249 |  JC69 |        12 |    280 |              23 |          8 |      Fixed 
   250 |  JC69 |        40 |    114 |               1 |          2 |      Fixed 
   251 |  JC69 |        40 |    128 |               2 |          4 |      Fixed 
   252 |  JC69 |        36 |    211 |              27 |         18 |      Fixed 
   253 |  JC69 |         4 |    268 |               3 |          3 |      Fixed 
   254 |  JC69 |        22 |    211 |               8 |         13 |      Fixed 
   255 |  JC69 |        16 |     72 |               6 |          4 |      Fixed 
   256 |  JC69 |        34 |    146 |               1 |          2 |      Fixed 
   257 |  JC69 |         4 |     57 |               3 |          2 |      Fixed 
   258 |  JC69 |        24 |    151 |              12 |          3 |      Fixed 
   259 |  JC69 |        40 |    147 |               2 |          3 |      Fixed 
   260 |  JC69 |        20 |    233 |              13 |          6 |      Fixed 
   261 |  JC69 |        30 |     74 |              25 |          8 |      Fixed 
   262 |  JC69 |        38 |     52 |               1 |          2 |      Fixed 
   263 |  JC69 |        40 |    212 |               7 |         11 |      Fixed 
   264 |  JC69 |         4 |     40 |               0 |          1 |      Fixed 
   265 |  JC69 |        22 |    357 |              98 |         17 |      Fixed 
   266 |  JC69 |        30 |    288 |              25 |         19 |      Fixed 
   267 |  JC69 |        18 |    289 |              17 |         17 |      Fixed 
   268 |  JC69 |        10 |    285 |              23 |          7 |      Fixed 
   269 |  JC69 |         8 |     87 |               5 |          2 |      Fixed 
   270 |  JC69 |        40 |    212 |              12 |          7 |      Fixed 
   271 |  JC69 |        40 |    171 |               0 |          1 |      Fixed 
   272 |  JC69 |        30 |     52 |               0 |          1 |      Fixed 
   273 |  JC69 |        26 |    435 |             243 |         13 |      Fixed 
   274 |  JC69 |        32 |    282 |              12 |         10 |      Fixed 
   275 |  JC69 |         4 |    411 |              23 |          5 |      Fixed 
   276 |  JC69 |        16 |    498 |              88 |         13 |      Fixed 
   277 |  JC69 |         6 |    278 |              11 |          4 |      Fixed 
   278 |  JC69 |        40 |     72 |               4 |          4 |      Fixed 
   279 |  JC69 |        24 |    532 |             264 |         15 |      Fixed 
   280 |  JC69 |        22 |    354 |             118 |         15 |      Fixed 
   281 |  JC69 |        40 |    269 |               5 |          8 |      Fixed 
   282 |  JC69 |        40 |     95 |               0 |          1 |      Fixed 
   283 |  JC69 |        20 |    128 |               6 |          4 |      Fixed 
   284 |  JC69 |        12 |    111 |               3 |          5 |      Fixed 
   285 |  JC69 |        40 |     72 |              10 |         10 |      Fixed 
   286 |  JC69 |         8 |    281 |              23 |          9 |      Fixed 
   287 |  JC69 |        38 |     60 |               0 |          1 |      Fixed 
   288 |  JC69 |        40 |    152 |               6 |         37 |      Fixed 
   289 |  JC69 |         8 |    280 |              16 |          9 |      Fixed 
   290 |  JC69 |        40 |    406 |              22 |         16 |      Fixed 
   291 |  JC69 |         8 |    275 |               9 |          7 |      Fixed 
   292 |  JC69 |         8 |    217 |              77 |          7 |      Fixed 
   293 |  JC69 |        32 |    164 |              26 |          5 |      Fixed 
   294 |  JC69 |        22 |    100 |              32 |          6 |      Fixed 
   295 |  JC69 |        36 |    249 |              21 |         45 |      Fixed 
   296 |  JC69 |         4 |    106 |               0 |          1 |      Fixed 
   297 |  JC69 |        32 |    854 |             480 |         43 |      Fixed 
   298 |  JC69 |         8 |    253 |               5 |          7 |      Fixed 
   299 |  JC69 |        40 |     95 |               0 |          1 |      Fixed 
   300 |  JC69 |        40 |    184 |               1 |          2 |      Fixed 
   301 |  JC69 |        24 |    110 |               2 |          3 |      Fixed 
   302 |  JC69 |        30 |    167 |              86 |          6 |      Fixed 
   303 |  JC69 |        40 |    324 |               6 |         10 |      Fixed 
   304 |  JC69 |        40 |    263 |             134 |         10 |      Fixed 
   305 |  JC69 |        40 |    158 |               5 |          4 |      Fixed 
   306 |  JC69 |         4 |    127 |               4 |          2 |      Fixed 
   307 |  JC69 |        32 |    102 |              19 |         28 |      Fixed 
   308 |  JC69 |         4 |    237 |               0 |          1 |      Fixed 
   309 |  JC69 |        22 |     98 |               3 |          4 |      Fixed 
   310 |  JC69 |        28 |    214 |              97 |         21 |      Fixed 
   311 |  JC69 |        16 |     60 |               0 |          1 |      Fixed 
   312 |  JC69 |         8 |    481 |             335 |          4 |      Fixed 
   313 |  JC69 |        14 |    150 |               9 |          6 |      Fixed 
   314 |  JC69 |        40 |    184 |               2 |          3 |      Fixed 
   315 |  JC69 |        30 |     95 |               3 |          4 |      Fixed 
   316 |  JC69 |        22 |    348 |              69 |         19 |      Fixed 
   317 |  JC69 |         8 |     44 |               0 |          1 |      Fixed 
   318 |  JC69 |         6 |    275 |              16 |          8 |      Fixed 
   319 |  JC69 |        34 |    212 |               6 |          7 |      Fixed 
   320 |  JC69 |         4 |     65 |               0 |          2 |      Fixed 
   321 |  JC69 |         4 |    286 |              34 |          5 |      Fixed 
   322 |  JC69 |         8 |    164 |               0 |          2 |      Fixed 
   323 |  JC69 |        12 |    317 |             128 |          7 |      Fixed 
   324 |  JC69 |        30 |    836 |             298 |         46 |      Fixed 
   325 |  JC69 |        10 |    279 |              10 |         11 |      Fixed 
   326 |  JC69 |        40 |    486 |             176 |         30 |      Fixed 
   327 |  JC69 |        36 |    291 |              32 |         18 |      Fixed 
   328 |  JC69 |        40 |     92 |               4 |          5 |      Fixed 
   329 |  JC69 |        40 |     97 |               3 |          4 |      Fixed 
   330 |  JC69 |        22 |    231 |              16 |          8 |      Fixed 
   331 |  JC69 |         4 |    277 |               7 |          4 |      Fixed 
   332 |  JC69 |        40 |    327 |             163 |         12 |      Fixed 
   333 |  JC69 |        32 |    111 |               3 |          5 |      Fixed 
   334 |  JC69 |        26 |    287 |              24 |         16 |      Fixed 
   335 |  JC69 |        32 |     80 |               3 |          3 |      Fixed 
   336 |  JC69 |        26 |    184 |               6 |         17 |      Fixed 
   337 |  JC69 |        32 |     72 |               3 |          5 |      Fixed 
   338 |  JC69 |        20 |    345 |              23 |         60 |      Fixed 
   339 |  JC69 |        16 |    103 |               8 |         18 |      Fixed 
   340 |  JC69 |        22 |    222 |              97 |         19 |      Fixed 
   341 |  JC69 |        38 |     96 |               1 |          2 |      Fixed 
   342 |  JC69 |        40 |     68 |               1 |          2 |      Fixed 
   343 |  JC69 |        20 |    282 |              17 |         15 |      Fixed 
   344 |  JC69 |         8 |     51 |               1 |          2 |      Fixed 
   345 |  JC69 |        38 |    810 |             364 |         28 |      Fixed 
   346 |  JC69 |        40 |    444 |             169 |         12 |      Fixed 
   347 |  JC69 |        40 |    422 |             144 |         14 |      Fixed 
   348 |  JC69 |         6 |    279 |              90 |          4 |      Fixed 
   349 |  JC69 |        32 |    291 |              22 |         17 |      Fixed 
   350 |  JC69 |        38 |    372 |             177 |         15 |      Fixed 
   351 |  JC69 |         6 |     40 |               0 |          1 |      Fixed 
   352 |  JC69 |        24 |    279 |              23 |         21 |      Fixed 
   353 |  JC69 |        12 |    280 |              40 |         13 |      Fixed 
   354 |  JC69 |         6 |     61 |               0 |          1 |      Fixed 
   355 |  JC69 |         6 |    239 |               8 |          6 |      Fixed 
   356 |  JC69 |        38 |     92 |               4 |          7 |      Fixed 
   357 |  JC69 |        40 |     81 |               2 |          3 |      Fixed 
   358 |  JC69 |        22 |    245 |              59 |         18 |      Fixed 
   359 |  JC69 |        38 |    114 |               2 |          3 |      Fixed 
   360 |  JC69 |         4 |    280 |               5 |          3 |      Fixed 
   361 |  JC69 |        30 |    279 |               7 |          7 |      Fixed 
   362 |  JC69 |         4 |    264 |               4 |          3 |      Fixed 
   363 |  JC69 |         4 |     44 |               0 |          1 |      Fixed 
   364 |  JC69 |        22 |     60 |               2 |          3 |      Fixed 
   365 |  JC69 |        40 |    239 |              11 |         15 |      Fixed 
   366 |  JC69 |        40 |     88 |               1 |          2 |      Fixed 
   367 |  JC69 |        26 |    153 |               5 |          6 |      Fixed 
   368 |  JC69 |        40 |    187 |               0 |          1 |      Fixed 
   369 |  JC69 |        38 |    183 |               1 |          2 |      Fixed 
   370 |  JC69 |        38 |     94 |              19 |          7 |      Fixed 
   371 |  JC69 |        34 |     79 |               4 |          5 |      Fixed 
   372 |  JC69 |        34 |    630 |             195 |         12 |      Fixed 
   373 |  JC69 |        10 |    187 |               0 |          1 |      Fixed 
   374 |  JC69 |        40 |    151 |               2 |          4 |      Fixed 
   375 |  JC69 |        40 |    107 |               4 |          5 |      Fixed 
   376 |  JC69 |        40 |    104 |               2 |         13 |      Fixed 
   377 |  JC69 |        38 |     77 |               0 |          1 |      Fixed 
   378 |  JC69 |        38 |     62 |               7 |         15 |      Fixed 
   379 |  JC69 |         6 |    118 |               6 |          2 |      Fixed 
   380 |  JC69 |        34 |    103 |               1 |          2 |      Fixed 
   381 |  JC69 |        32 |     55 |               7 |          6 |      Fixed 
   382 |  JC69 |        26 |    104 |               2 |          3 |      Fixed 
   383 |  JC69 |        12 |     52 |               2 |          3 |      Fixed 
   384 |  JC69 |        20 |    139 |               7 |         21 |      Fixed 
   385 |  JC69 |         6 |    275 |               9 |          5 |      Fixed 
   386 |  JC69 |         4 |     40 |               0 |          1 |      Fixed 
   387 |  JC69 |        32 |    185 |               8 |         11 |      Fixed 
   388 |  JC69 |        18 |     37 |               0 |          1 |      Fixed 
   389 |  JC69 |         6 |    278 |               8 |          5 |      Fixed 
   390 |  JC69 |        30 |     43 |               2 |          3 |      Fixed 
   391 |  JC69 |        22 |    554 |             286 |         22 |      Fixed 
   392 |  JC69 |        40 |    396 |              14 |          8 |      Fixed 
   393 |  JC69 |        26 |    150 |               5 |          4 |      Fixed 
   394 |  JC69 |        36 |     51 |               9 |          5 |      Fixed 
   395 |  JC69 |         8 |    200 |              34 |          7 |      Fixed 
   396 |  JC69 |        38 |     77 |               3 |          5 |      Fixed 
   397 |  JC69 |        26 |    120 |              10 |         10 |      Fixed 
   398 |  JC69 |         4 |     91 |               0 |          1 |      Fixed 
   399 |  JC69 |         4 |    257 |               1 |          2 |      Fixed 
   400 |  JC69 |        28 |     58 |               0 |          1 |      Fixed 
   401 |  JC69 |        30 |    238 |              64 |         10 |      Fixed 
   402 |  JC69 |        34 |    253 |               6 |         14 |      Fixed 
   403 |  JC69 |         6 |    239 |              54 |          3 |      Fixed 
   404 |  JC69 |        22 |     66 |               0 |          1 |      Fixed 
   405 |  JC69 |        24 |    101 |               1 |          3 |      Fixed 
   406 |  JC69 |        38 |    292 |              26 |         20 |      Fixed 
   407 |  JC69 |        18 |    280 |              15 |         14 |      Fixed 
   408 |  JC69 |        26 |    160 |              10 |         18 |      Fixed 
   409 |  JC69 |        40 |    391 |             248 |         44 |      Fixed 
   410 |  JC69 |        38 |     70 |               8 |         11 |      Fixed 
   411 |  JC69 |         8 |    276 |              22 |          9 |      Fixed 
   412 |  JC69 |        28 |    201 |              12 |         12 |      Fixed 
   413 |  JC69 |         6 |    255 |               3 |          2 |      Fixed 
   414 |  JC69 |        28 |    280 |               5 |         11 |      Fixed 
   415 |  JC69 |        26 |    546 |             312 |         28 |      Fixed 
   416 |  JC69 |        38 |    209 |              12 |          8 |      Fixed 
   417 |  JC69 |        10 |    184 |               2 |          3 |      Fixed 
   418 |  JC69 |        22 |    249 |               6 |          7 |      Fixed 
   419 |  JC69 |        32 |     45 |               3 |          3 |      Fixed 
   420 |  JC69 |        40 |    301 |              88 |         19 |      Fixed 
   421 |  JC69 |        40 |    634 |             500 |         26 |      Fixed 
   422 |  JC69 |        40 |     90 |               2 |          3 |      Fixed 
   423 |  JC69 |        24 |    353 |              92 |         22 |      Fixed 
   424 |  JC69 |        40 |     93 |               4 |          6 |      Fixed 
   425 |  JC69 |         4 |     38 |               0 |          1 |      Fixed 
   426 |  JC69 |        32 |    111 |              15 |         10 |      Fixed 
   427 |  JC69 |        40 |    197 |              12 |          9 |      Fixed 
   428 |  JC69 |        12 |    339 |              14 |         10 |      Fixed 
   429 |  JC69 |        32 |    153 |               1 |          2 |      Fixed 
   430 |  JC69 |         4 |     74 |               0 |          1 |      Fixed 
   431 |  JC69 |        12 |    124 |               2 |          3 |      Fixed 
   432 |  JC69 |        30 |    542 |             297 |         39 |      Fixed 
   433 |  JC69 |         6 |    278 |              15 |          6 |      Fixed 
   434 |  JC69 |         4 |    277 |              18 |          3 |      Fixed 
   435 |  JC69 |        20 |    121 |              17 |         11 |      Fixed 
   436 |  JC69 |        40 |    767 |             368 |         65 |      Fixed 
   437 |  JC69 |        40 |    178 |               6 |          8 |      Fixed 
   438 |  JC69 |        38 |    146 |               4 |          6 |      Fixed 
   439 |  JC69 |        36 |    214 |              10 |          6 |      Fixed 
   440 |  JC69 |        40 |    104 |              19 |         12 |      Fixed 
   441 |  JC69 |        32 |    259 |              37 |         29 |      Fixed 
   442 |  JC69 |        38 |     93 |               7 |         10 |      Fixed 
   443 |  JC69 |         4 |    277 |              44 |          5 |      Fixed 
   444 |  JC69 |        36 |    195 |              18 |         10 |      Fixed 
   445 |  JC69 |        14 |    279 |              22 |         12 |      Fixed 
   446 |  JC69 |        40 |    551 |             268 |         17 |      Fixed 
   447 |  JC69 |        40 |    395 |             165 |         13 |      Fixed 
   448 |  JC69 |         8 |    227 |               5 |          3 |      Fixed 
   449 |  JC69 |         4 |    282 |               7 |          3 |      Fixed 
   450 |  JC69 |         6 |    277 |               9 |          4 |      Fixed 
   451 |  JC69 |        22 |    258 |              21 |         16 |      Fixed 
   452 |  JC69 |        38 |    176 |               6 |          5 |      Fixed 
   453 |  JC69 |        38 |    222 |               1 |          2 |      Fixed 
   454 |  JC69 |         4 |    279 |              10 |          4 |      Fixed 
   455 |  JC69 |        26 |     41 |               3 |          4 |      Fixed 
   456 |  JC69 |        30 |    589 |             589 |         30 |      Fixed 
   457 |  JC69 |        40 |    174 |               2 |          3 |      Fixed 
   458 |  JC69 |        30 |    252 |              19 |         33 |      Fixed 
   459 |  JC69 |        40 |    164 |               4 |          9 |      Fixed 
   460 |  JC69 |         8 |     53 |               1 |          2 |      Fixed 
   461 |  JC69 |        32 |    530 |             396 |         18 |      Fixed 
   462 |  JC69 |        40 |     72 |               2 |          3 |      Fixed 
   463 |  JC69 |        34 |    146 |              74 |         10 |      Fixed 
   464 |  JC69 |        40 |    153 |              11 |         15 |      Fixed 
   465 |  JC69 |        10 |    271 |              40 |         17 |      Fixed 
   466 |  JC69 |        36 |    181 |              18 |          9 |      Fixed 
   467 |  JC69 |        38 |     82 |               6 |          9 |      Fixed 
   468 |  JC69 |        24 |    118 |              20 |          6 |      Fixed 
   469 |  JC69 |        36 |    288 |             150 |         10 |      Fixed 
   470 |  JC69 |        40 |    148 |              12 |         11 |      Fixed 
   471 |  JC69 |         4 |    145 |               0 |          1 |      Fixed 
   472 |  JC69 |        40 |     65 |               1 |          2 |      Fixed 
   473 |  JC69 |        40 |    292 |             144 |         11 |      Fixed 
   474 |  JC69 |        10 |    153 |              19 |          4 |      Fixed 
   475 |  JC69 |        40 |    116 |               4 |          5 |      Fixed 
   476 |  JC69 |        38 |    231 |              77 |         13 |      Fixed 
   477 |  JC69 |         4 |    258 |               4 |          3 |      Fixed 
   478 |  JC69 |        36 |     75 |               2 |          3 |      Fixed 
   479 |  JC69 |        32 |    332 |             132 |         16 |      Fixed 
   480 |  JC69 |         6 |    282 |              12 |          5 |      Fixed 
   481 |  JC69 |         6 |    134 |               0 |          1 |      Fixed 
   482 |  JC69 |        32 |    102 |              10 |         11 |      Fixed 
   483 |  JC69 |        24 |    131 |               2 |          3 |      Fixed 
   484 |  JC69 |        36 |    257 |               2 |          3 |      Fixed 
   485 |  JC69 |        32 |    183 |               6 |          8 |      Fixed 
   486 |  JC69 |        30 |     45 |               0 |          1 |      Fixed 
   487 |  JC69 |        40 |    219 |              16 |          2 |      Fixed 
   488 |  JC69 |        24 |    190 |               9 |          5 |      Fixed 
   489 |  JC69 |        10 |    520 |             252 |          8 |      Fixed 
   490 |  JC69 |        40 |     49 |               3 |          4 |      Fixed 
   491 |  JC69 |        40 |     89 |               2 |          3 |      Fixed 
   492 |  JC69 |         4 |    273 |              29 |          2 |      Fixed 
   493 |  JC69 |        10 |    286 |              92 |         14 |      Fixed 
   494 |  JC69 |        40 |    207 |              67 |          8 |      Fixed 
   495 |  JC69 |        18 |    285 |              21 |         16 |      Fixed 
   496 |  JC69 |        12 |    237 |              34 |          7 |      Fixed 
   497 |  JC69 |        26 |    952 |             608 |         26 |      Fixed 
   498 |  JC69 |        30 |     81 |              11 |         21 |      Fixed 
   499 |  JC69 |        28 |    377 |             106 |         19 |      Fixed 
   500 |  JC69 |         8 |    282 |              14 |          8 |      Fixed 
   501 |  JC69 |        16 |    271 |              18 |         11 |      Fixed 
   502 |  JC69 |        38 |     87 |               2 |          3 |      Fixed 
   503 |  JC69 |        40 |    168 |               2 |          3 |      Fixed 
   504 |  JC69 |        40 |    115 |               8 |          8 |      Fixed 
   505 |  JC69 |         6 |    182 |               0 |          1 |      Fixed 
   506 |  JC69 |        32 |    477 |              12 |         15 |      Fixed 
   507 |  JC69 |        40 |    332 |             147 |          9 |      Fixed 
   508 |  JC69 |        28 |    573 |             303 |         23 |      Fixed 
   509 |  JC69 |        38 |    215 |               1 |          2 |      Fixed 
   510 |  JC69 |        10 |     47 |               0 |          1 |      Fixed 
   511 |  JC69 |        14 |    522 |             253 |         11 |      Fixed 
   512 |  JC69 |         8 |    270 |               8 |          5 |      Fixed 
   513 |  JC69 |        18 |    281 |              14 |         15 |      Fixed 
   514 |  JC69 |        32 |    234 |               8 |         13 |      Fixed 
   515 |  JC69 |         4 |     37 |               0 |          1 |      Fixed 
   516 |  JC69 |         4 |    341 |               5 |          2 |      Fixed 
   517 |  JC69 |        28 |    218 |               6 |          6 |      Fixed 
   518 |  JC69 |        26 |    180 |               4 |          6 |      Fixed 
   519 |  JC69 |        14 |    119 |               1 |          2 |      Fixed 
   520 |  JC69 |         6 |    267 |             134 |          5 |      Fixed 
   521 |  JC69 |        26 |     90 |               1 |          2 |      Fixed 
   522 |  JC69 |        24 |    372 |             104 |         26 |      Fixed 
   523 |  JC69 |         4 |     57 |               0 |          1 |      Fixed 
   524 |  JC69 |        38 |    170 |               2 |          3 |      Fixed 
   525 |  JC69 |        40 |    275 |              79 |          5 |      Fixed 
   526 |  JC69 |        36 |    116 |               4 |          5 |      Fixed 
   527 |  JC69 |        40 |    406 |             277 |       2579 |      Fixed 
   528 |  JC69 |        28 |    100 |              31 |          4 |      Fixed 
   529 |  JC69 |        10 |     61 |              27 |          3 |      Fixed 
   530 |  JC69 |        40 |    168 |               6 |          5 |      Fixed 
   531 |  JC69 |        16 |    280 |               9 |          6 |      Fixed 
   532 |  JC69 |        34 |    370 |              98 |         15 |      Fixed 
   533 |  JC69 |        28 |    259 |              84 |         15 |      Fixed 
   534 |  JC69 |        18 |    211 |               6 |          7 |      Fixed 
   535 |  JC69 |        40 |    647 |             295 |         15 |      Fixed 
   536 |  JC69 |        10 |    292 |               5 |          4 |      Fixed 
   537 |  JC69 |        40 |     89 |               4 |          4 |      Fixed 
   538 |  JC69 |        38 |    253 |               4 |          4 |      Fixed 
   539 |  JC69 |        36 |     95 |               2 |          5 |      Fixed 
   540 |  JC69 |        34 |    447 |             182 |         46 |      Fixed 
   541 |  JC69 |        40 |     74 |               1 |          2 |      Fixed 
   542 |  JC69 |        14 |    281 |              39 |          5 |      Fixed 
   543 |  JC69 |        36 |    404 |              16 |         13 |      Fixed 
   544 |  JC69 |        40 |     71 |               4 |          4 |      Fixed 
   545 |  JC69 |         6 |    280 |              19 |          4 |      Fixed 
   546 |  JC69 |        16 |    275 |             139 |          9 |      Fixed 
   547 |  JC69 |         4 |    278 |               6 |          4 |      Fixed 
   548 |  JC69 |         4 |    264 |               6 |          4 |      Fixed 
   549 |  JC69 |        36 |    272 |              15 |         12 |      Fixed 
   550 |  JC69 |        34 |    131 |               2 |          3 |      Fixed 
   551 |  JC69 |        38 |     62 |               3 |          7 |      Fixed 
   552 |  JC69 |        36 |    225 |              10 |         15 |      Fixed 
   553 |  JC69 |         8 |    136 |               7 |          6 |      Fixed 
   554 |  JC69 |        34 |    223 |              64 |          6 |      Fixed 
   555 |  JC69 |        28 |    156 |               2 |          3 |      Fixed 
   556 |  JC69 |         6 |    279 |              13 |          7 |      Fixed 
   557 |  JC69 |         6 |     93 |              11 |          5 |      Fixed 
   558 |  JC69 |        40 |    286 |              65 |         21 |      Fixed 
   559 |  JC69 |         6 |    105 |               0 |          1 |      Fixed 
   560 |  JC69 |         6 |    283 |              29 |         17 |      Fixed 
   561 |  JC69 |        38 |    225 |               6 |          8 |      Fixed 
   562 |  JC69 |         4 |    253 |               2 |          4 |      Fixed 
   563 |  JC69 |         8 |     57 |               0 |          1 |      Fixed 
   564 |  JC69 |        36 |    277 |              80 |         83 |      Fixed 
   565 |  JC69 |        26 |    642 |             487 |         22 |      Fixed 
   566 |  JC69 |        38 |    216 |               3 |          6 |      Fixed 
   567 |  JC69 |         6 |     58 |               1 |          2 |      Fixed 
   568 |  JC69 |        10 |     52 |               1 |          2 |      Fixed 
   569 |  JC69 |        28 |    178 |               6 |         55 |      Fixed 
   570 |  JC69 |        18 |    187 |              11 |          4 |      Fixed 
   571 |  JC69 |        12 |    281 |              19 |          9 |      Fixed 
   572 |  JC69 |        22 |    226 |               6 |         10 |      Fixed 
   573 |  JC69 |        26 |     56 |               0 |          1 |      Fixed 
   574 |  JC69 |         8 |    190 |               8 |          6 |      Fixed 
   575 |  JC69 |        22 |     86 |               7 |         13 |      Fixed 
   576 |  JC69 |        40 |    584 |             392 |         48 |      Fixed 
   577 |  JC69 |        40 |    218 |              17 |         12 |      Fixed 
   578 |  JC69 |        40 |     76 |               3 |          4 |      Fixed 
   579 |  JC69 |         4 |     55 |               0 |          1 |      Fixed 
   580 |  JC69 |        38 |    790 |             790 |         33 |      Fixed 
   581 |  JC69 |        40 |     91 |               7 |          7 |      Fixed 
   582 |  JC69 |        40 |    249 |             117 |         13 |      Fixed 
   583 |  JC69 |         6 |     41 |               0 |          1 |      Fixed 
   584 |  JC69 |        36 |    436 |             175 |         27 |      Fixed 
   585 |  JC69 |         6 |    279 |               0 |          2 |      Fixed 
   586 |  JC69 |        38 |    633 |             479 |        134 |      Fixed 
   587 |  JC69 |        20 |    251 |               9 |         16 |      Fixed 
   588 |  JC69 |        40 |     93 |               1 |          2 |      Fixed 
   589 |  JC69 |         4 |    279 |              22 |          6 |      Fixed 
   590 |  JC69 |         4 |     66 |               0 |          1 |      Fixed 
   591 |  JC69 |        10 |    282 |              14 |          9 |      Fixed 
   592 |  JC69 |        40 |    155 |               1 |          2 |      Fixed 
   593 |  JC69 |         6 |    177 |               2 |          4 |      Fixed 
   594 |  JC69 |         6 |    105 |               0 |          2 |      Fixed 
   595 |  JC69 |        40 |    303 |             140 |         11 |      Fixed 
   596 |  JC69 |        34 |    229 |               6 |         20 |      Fixed 
   597 |  JC69 |        38 |    602 |             455 |         15 |      Fixed 
   598 |  JC69 |        14 |    282 |              25 |         12 |      Fixed 
   599 |  JC69 |         4 |    115 |               0 |          1 |      Fixed 
   600 |  JC69 |        34 |     53 |               9 |          3 |      Fixed 
   601 |  JC69 |        30 |    141 |               3 |          3 |      Fixed 
   602 |  JC69 |        40 |     65 |               3 |          3 |      Fixed 
   603 |  JC69 |        38 |     67 |               1 |          2 |      Fixed 
   604 |  JC69 |        40 |    206 |              31 |         19 |      Fixed 
   605 |  JC69 |        36 |    508 |              26 |         27 |      Fixed 
   606 |  JC69 |        36 |     89 |               8 |         10 |      Fixed 
   607 |  JC69 |         4 |    286 |               5 |          4 |      Fixed 
   608 |  JC69 |        22 |    193 |              10 |         15 |      Fixed 
   609 |  JC69 |         4 |    217 |               0 |          1 |      Fixed 
   610 |  JC69 |        22 |    483 |             239 |         13 |      Fixed 
   611 |  JC69 |        20 |    282 |              50 |         13 |      Fixed 
   612 |  JC69 |         4 |    282 |               6 |          4 |      Fixed 
   613 |  JC69 |         4 |    134 |               0 |          1 |      Fixed 
   614 |  JC69 |        34 |    135 |              27 |         13 |      Fixed 
   615 |  JC69 |        22 |    461 |             200 |         29 |      Fixed 
   616 |  JC69 |         4 |     97 |               0 |          2 |      Fixed 
   617 |  JC69 |        36 |    289 |              19 |         12 |      Fixed 
   618 |  JC69 |        38 |    374 |              97 |         20 |      Fixed 
   619 |  JC69 |        40 |    567 |             282 |         43 |      Fixed 
   620 |  JC69 |        32 |     80 |               7 |          5 |      Fixed 
   621 |  JC69 |        38 |    292 |              29 |         23 |      Fixed 
   622 |  JC69 |         4 |    250 |              10 |          3 |      Fixed 
   623 |  JC69 |        40 |    156 |               8 |         19 |      Fixed 
   624 |  JC69 |         6 |    281 |              13 |          6 |      Fixed 
   625 |  JC69 |        18 |    414 |             414 |         14 |      Fixed 
   626 |  JC69 |        26 |    364 |             137 |         24 |      Fixed 
   627 |  JC69 |        40 |    210 |               6 |          7 |      Fixed 
   628 |  JC69 |         4 |    286 |              53 |          4 |      Fixed 
   629 |  JC69 |        16 |    100 |               0 |          3 |      Fixed 
   630 |  JC69 |        24 |     41 |               0 |          1 |      Fixed 
   631 |  JC69 |        10 |    285 |              14 |         12 |      Fixed 
   632 |  JC69 |         8 |    280 |              82 |         11 |      Fixed 
   633 |  JC69 |        14 |    389 |             256 |         13 |      Fixed 
   634 |  JC69 |        24 |     92 |               4 |          3 |      Fixed 
   635 |  JC69 |        38 |    126 |               2 |          2 |      Fixed 
   636 |  JC69 |        16 |    282 |             122 |         27 |      Fixed 
   637 |  JC69 |        30 |    251 |               2 |          3 |      Fixed 
   638 |  JC69 |        26 |    291 |              20 |         14 |      Fixed 
   639 |  JC69 |        38 |    406 |              54 |         21 |      Fixed 
   640 |  JC69 |         6 |    512 |             245 |          8 |      Fixed 
   641 |  JC69 |        32 |    424 |              32 |         28 |      Fixed 
   642 |  JC69 |        40 |    349 |               8 |         48 |      Fixed 
   643 |  JC69 |        34 |    528 |             170 |         37 |      Fixed 
   644 |  JC69 |        40 |    145 |              10 |         10 |      Fixed 
   645 |  JC69 |         4 |    275 |              13 |          5 |      Fixed 
   646 |  JC69 |        10 |    281 |              23 |         15 |      Fixed 
   647 |  JC69 |        38 |    107 |               4 |          4 |      Fixed 
   648 |  JC69 |         4 |    282 |              41 |          7 |      Fixed 
   649 |  JC69 |         4 |     41 |               4 |          2 |      Fixed 
   650 |  JC69 |        40 |    145 |               3 |          4 |      Fixed 
   651 |  JC69 |         4 |    253 |               4 |          2 |      Fixed 
   652 |  JC69 |         6 |    125 |               1 |          3 |      Fixed 
   653 |  JC69 |        40 |    221 |               5 |          4 |      Fixed 
   654 |  JC69 |         4 |    282 |              15 |          3 |      Fixed 
   655 |  JC69 |         4 |    503 |               8 |          3 |      Fixed 
   656 |  JC69 |        28 |    758 |             615 |         67 |      Fixed 
   657 |  JC69 |         4 |    191 |               0 |          1 |      Fixed 
   658 |  JC69 |        30 |    103 |               2 |          4 |      Fixed 
   659 |  JC69 |        26 |    354 |              95 |         15 |      Fixed 
   660 |  JC69 |        20 |     80 |               1 |          2 |      Fixed 
   661 |  JC69 |         4 |    282 |               8 |          2 |      Fixed 
   662 |  JC69 |        38 |    855 |             254 |         28 |      Fixed 
   663 |  JC69 |        38 |    536 |             356 |         23 |      Fixed 
   664 |  JC69 |        40 |    160 |               4 |         14 |      Fixed 
   665 |  JC69 |        40 |    300 |              43 |          8 |      Fixed 
   666 |  JC69 |        34 |    292 |              24 |         15 |      Fixed 
   667 |  JC69 |        40 |    135 |               3 |          4 |      Fixed 
   668 |  JC69 |         6 |    279 |              28 |          5 |      Fixed 
   669 |  JC69 |        38 |    539 |             193 |         34 |      Fixed 
   670 |  JC69 |        40 |    569 |             278 |         25 |      Fixed 
   671 |  JC69 |        30 |    291 |              23 |         14 |      Fixed 
   672 |  JC69 |        14 |    275 |               3 |          4 |      Fixed 
   673 |  JC69 |        32 |    292 |              23 |         19 |      Fixed 
   674 |  JC69 |        38 |    231 |              10 |         33 |      Fixed 
   675 |  JC69 |        18 |    280 |             111 |         28 |      Fixed 
   676 |  JC69 |        10 |    264 |             125 |          4 |      Fixed 
   677 |  JC69 |        32 |    112 |               8 |          5 |      Fixed 
   678 |  JC69 |        16 |    271 |              18 |         14 |      Fixed 
   679 |  JC69 |        28 |    292 |              21 |         24 |      Fixed 
   680 |  JC69 |        38 |     91 |               6 |          4 |      Fixed 
   681 |  JC69 |        36 |    292 |              54 |         21 |      Fixed 
   682 |  JC69 |        38 |    116 |               1 |          2 |      Fixed 
   683 |  JC69 |        40 |     53 |               2 |          3 |      Fixed 
   684 |  JC69 |        38 |     70 |               1 |          2 |      Fixed 
   685 |  JC69 |        18 |    163 |               1 |          2 |      Fixed 
   686 |  JC69 |        38 |    350 |             347 |         16 |      Fixed 
   687 |  JC69 |         4 |     73 |               0 |          1 |      Fixed 
   688 |  JC69 |        20 |    198 |               7 |          5 |      Fixed 
   689 |  JC69 |        36 |    114 |               5 |         13 |      Fixed 
   690 |  JC69 |        38 |    230 |               6 |          5 |      Fixed 
   691 |  JC69 |        30 |    291 |              25 |         18 |      Fixed 
   692 |  JC69 |        40 |    114 |               1 |          2 |      Fixed 
   693 |  JC69 |        12 |    287 |              97 |         60 |      Fixed 
   694 |  JC69 |        36 |    186 |               7 |       1022 |      Fixed 
   695 |  JC69 |        16 |    286 |              21 |         35 |      Fixed 
   696 |  JC69 |        40 |     51 |               1 |          2 |      Fixed 
   697 |  JC69 |        14 |    155 |               1 |          2 |      Fixed 
   698 |  JC69 |        22 |    723 |             465 |         31 |      Fixed 
   699 |  JC69 |        38 |    275 |              17 |         13 |      Fixed 
   700 |  JC69 |        12 |     42 |               0 |          1 |      Fixed 
   701 |  JC69 |        14 |    282 |              49 |         20 |      Fixed 
   702 |  JC69 |        24 |   1010 |             705 |         27 |      Fixed 
   703 |  JC69 |        38 |     59 |               4 |          5 |      Fixed 
   704 |  JC69 |        18 |    280 |             106 |         12 |      Fixed 
   705 |  JC69 |        36 |    149 |              10 |          8 |      Fixed 
   706 |  JC69 |         4 |    115 |               0 |          1 |      Fixed 
   707 |  JC69 |        16 |    186 |               3 |          4 |      Fixed 
   708 |  JC69 |         4 |    276 |              47 |          8 |      Fixed 
   709 |  JC69 |        12 |    396 |             125 |          8 |      Fixed 
   710 |  JC69 |        38 |    185 |               5 |          8 |      Fixed 
   711 |  JC69 |        20 |     42 |               2 |          3 |      Fixed 
   712 |  JC69 |        40 |    210 |               5 |          6 |      Fixed 
   713 |  JC69 |        40 |    388 |             176 |         22 |      Fixed 
   714 |  JC69 |        34 |     74 |              14 |          5 |      Fixed 
   715 |  JC69 |        34 |    233 |              21 |         15 |      Fixed 
   716 |  JC69 |        40 |    243 |               3 |          4 |      Fixed 
   717 |  JC69 |         6 |    279 |               6 |          5 |      Fixed 
   718 |  JC69 |        26 |    259 |              20 |         28 |      Fixed 
   719 |  JC69 |         8 |     64 |               0 |          1 |      Fixed 
   720 |  JC69 |         4 |     41 |               0 |          1 |      Fixed 
   721 |  JC69 |        24 |    146 |               7 |          7 |      Fixed 
   722 |  JC69 |        30 |    119 |               1 |          2 |      Fixed 
   723 |  JC69 |        10 |    286 |              25 |          9 |      Fixed 
   724 |  JC69 |        36 |    174 |              38 |         27 |      Fixed 
   725 |  JC69 |        40 |    168 |              15 |         11 |      Fixed 
   726 |  JC69 |        34 |    613 |             240 |         20 |      Fixed 
   727 |  JC69 |         8 |    263 |              17 |          6 |      Fixed 
   728 |  JC69 |        20 |    121 |               4 |          4 |      Fixed 
   729 |  JC69 |        20 |    167 |               7 |          4 |      Fixed 
   730 |  JC69 |        16 |    282 |             115 |         16 |      Fixed 
   731 |  JC69 |        30 |    267 |              77 |         14 |      Fixed 
   732 |  JC69 |        28 |    291 |              22 |         18 |      Fixed 
   733 |  JC69 |        38 |     74 |               2 |          3 |      Fixed 
   734 |  JC69 |         6 |    170 |               3 |          3 |      Fixed 
   735 |  JC69 |        40 |    660 |             326 |         19 |      Fixed 
   736 |  JC69 |        10 |    316 |             102 |         14 |      Fixed 
   737 |  JC69 |        12 |     84 |               6 |          5 |      Fixed 
   738 |  JC69 |        24 |    183 |              49 |         13 |      Fixed 
   739 |  JC69 |         4 |    285 |              71 |          6 |      Fixed 
   740 |  JC69 |        38 |    343 |               8 |         22 |      Fixed 
   741 |  JC69 |         8 |    282 |               8 |          6 |      Fixed 
   742 |  JC69 |        18 |    208 |              13 |         10 |      Fixed 
   743 |  JC69 |        14 |    282 |              93 |         11 |      Fixed 
   744 |  JC69 |        36 |    247 |              39 |          6 |      Fixed 
   745 |  JC69 |        36 |    210 |               4 |          4 |      Fixed 
   746 |  JC69 |        22 |    285 |              33 |         20 |      Fixed 
   747 |  JC69 |        34 |    818 |             660 |         59 |      Fixed 
   748 |  JC69 |        40 |    150 |               6 |          6 |      Fixed 
   749 |  JC69 |         4 |     56 |               0 |          1 |      Fixed 
   750 |  JC69 |        40 |    575 |             289 |         18 |      Fixed 
   751 |  JC69 |         4 |    258 |               6 |          4 |      Fixed 
   752 |  JC69 |        12 |    203 |              17 |          3 |      Fixed 
   753 |  JC69 |        36 |    260 |               9 |         18 |      Fixed 
   754 |  JC69 |        28 |    535 |             271 |         40 |      Fixed 
   755 |  JC69 |         4 |    283 |               8 |          4 |      Fixed 
   756 |  JC69 |        32 |    529 |             263 |         20 |      Fixed 
   757 |  JC69 |         8 |    282 |              81 |         10 |      Fixed 
   758 |  JC69 |        34 |     81 |               7 |          5 |      Fixed 
   759 |  JC69 |         4 |     63 |               1 |          2 |      Fixed 
   760 |  JC69 |         4 |     63 |               0 |          1 |      Fixed 
   761 |  JC69 |         6 |    237 |              38 |         11 |      Fixed 
   762 |  JC69 |        40 |    135 |               3 |          4 |      Fixed 
   763 |  JC69 |         4 |     67 |               4 |          3 |      Fixed 
   764 |  JC69 |         4 |     51 |               0 |          1 |      Fixed 
   765 |  JC69 |        30 |    478 |              63 |         16 |      Fixed 
   766 |  JC69 |        10 |    132 |               4 |          5 |      Fixed 
   767 |  JC69 |        38 |     90 |               2 |          3 |      Fixed 
   768 |  JC69 |        22 |    146 |               4 |          7 |      Fixed 
   769 |  JC69 |         4 |    277 |               5 |          3 |      Fixed 
   770 |  JC69 |        40 |    705 |             442 |         45 |      Fixed 
   771 |  JC69 |        16 |     43 |               1 |          2 |      Fixed 
   772 |  JC69 |        22 |    253 |              47 |         25 |      Fixed 
   773 |  JC69 |         4 |    139 |               1 |          2 |      Fixed 
   774 |  JC69 |         6 |    415 |              25 |          6 |      Fixed 
   775 |  JC69 |         4 |    276 |               0 |          1 |      Fixed 
   776 |  JC69 |         6 |     38 |              19 |          4 |      Fixed 
   777 |  JC69 |         4 |    177 |               0 |          2 |      Fixed 
   778 |  JC69 |         6 |    147 |               0 |          2 |      Fixed 
   779 |  JC69 |         4 |    171 |               3 |          2 |      Fixed 
   780 |  JC69 |         8 |    199 |               0 |          3 |      Fixed 
   781 |  JC69 |         6 |    209 |               0 |          1 |      Fixed 
   782 |  JC69 |        14 |    337 |             152 |         12 |      Fixed 
   783 |  JC69 |        36 |    142 |              10 |          7 |      Fixed 
   784 |  JC69 |        28 |    146 |               2 |          4 |      Fixed 
   785 |  JC69 |        34 |    146 |              10 |         11 |      Fixed 
   786 |  JC69 |        38 |    146 |              13 |          9 |      Fixed 
   787 |  JC69 |        24 |    274 |               4 |          5 |      Fixed 
   788 |  JC69 |        40 |    157 |               7 |          7 |      Fixed 
   789 |  JC69 |        40 |    170 |               2 |          3 |      Fixed 
   790 |  JC69 |         6 |    282 |              22 |         10 |      Fixed 
   791 |  JC69 |         4 |    137 |               0 |          1 |      Fixed 
   792 |  JC69 |         6 |    281 |              36 |         10 |      Fixed 
   793 |  JC69 |        20 |    278 |              33 |         19 |      Fixed 
   794 |  JC69 |        12 |    280 |             104 |         13 |      Fixed 
   795 |  JC69 |         4 |    282 |               9 |          4 |      Fixed 
   796 |  JC69 |         4 |    285 |              32 |          4 |      Fixed 
   797 |  JC69 |        40 |    246 |              60 |          6 |      Fixed 
   798 |  JC69 |        14 |    181 |              10 |          9 |      Fixed 
   799 |  JC69 |        20 |    282 |              13 |         12 |      Fixed 
   800 |  JC69 |        30 |    209 |              31 |         16 |      Fixed 
   801 |  JC69 |         6 |     40 |               0 |          1 |      Fixed 
   802 |  JC69 |        40 |    303 |              86 |         16 |      Fixed 
   803 |  JC69 |         6 |    278 |              16 |         11 |      Fixed 
   804 |  JC69 |        10 |    226 |               7 |          7 |      Fixed 
   805 |  JC69 |         6 |    286 |              13 |          7 |      Fixed 
   806 |  JC69 |         4 |     66 |               0 |          1 |      Fixed 
   807 |  JC69 |        14 |    276 |              16 |         10 |      Fixed 
   808 |  JC69 |        30 |    130 |              16 |          4 |      Fixed 
   809 |  JC69 |        40 |    574 |             414 |        340 |      Fixed 
   810 |  JC69 |        32 |    282 |              17 |         25 |      Fixed 
   811 |  JC69 |        26 |    257 |               5 |          7 |      Fixed 
   812 |  JC69 |        14 |     65 |               6 |          4 |      Fixed 
   813 |  JC69 |        40 |    107 |               7 |         16 |      Fixed 
   814 |  JC69 |         4 |     45 |               0 |          1 |      Fixed 
   815 |  JC69 |        30 |     74 |              16 |          6 |      Fixed 
   816 |  JC69 |        14 |     49 |               1 |          3 |      Fixed 
   817 |  JC69 |         4 |    287 |               8 |          3 |      Fixed 
   818 |  JC69 |        18 |    435 |             185 |         24 |      Fixed 
   819 |  JC69 |        28 |     93 |              12 |          7 |      Fixed 
   820 |  JC69 |        12 |    214 |               0 |          2 |      Fixed 
   821 |  JC69 |        22 |    124 |               2 |          3 |      Fixed 
   822 |  JC69 |        40 |    123 |               4 |          5 |      Fixed 
   823 |  JC69 |        24 |    331 |             191 |         17 |      Fixed 
   824 |  JC69 |        34 |     91 |               1 |          2 |      Fixed 
   825 |  JC69 |        32 |    104 |               6 |         24 |      Fixed 
   826 |  JC69 |        14 |    284 |              23 |          8 |      Fixed 
   827 |  JC69 |        32 |    236 |               9 |          8 |      Fixed 
   828 |  JC69 |        24 |    383 |             134 |         26 |      Fixed 
   829 |  JC69 |        40 |    116 |               2 |          3 |      Fixed 
   830 |  JC69 |        18 |    281 |              22 |         20 |      Fixed 
   831 |  JC69 |         4 |    281 |              69 |          5 |      Fixed 
   832 |  JC69 |        22 |    213 |              11 |         10 |      Fixed 
   833 |  JC69 |        14 |    282 |              16 |          6 |      Fixed 
   834 |  JC69 |        40 |    108 |               1 |          2 |      Fixed 
   835 |  JC69 |        40 |     88 |               0 |          1 |      Fixed 
   836 |  JC69 |         4 |    284 |              35 |         10 |      Fixed 
   837 |  JC69 |        34 |    179 |               4 |          5 |      Fixed 
   838 |  JC69 |         6 |    280 |              22 |          5 |      Fixed 
   839 |  JC69 |         4 |    199 |               8 |          4 |      Fixed 
   840 |  JC69 |        24 |    104 |               3 |          2 |      Fixed 
   841 |  JC69 |        26 |    286 |              18 |         19 |      Fixed 
   842 |  JC69 |        32 |    266 |               6 |          5 |      Fixed 
   843 |  JC69 |         4 |    285 |              11 |          4 |      Fixed 
   844 |  JC69 |        38 |    108 |               2 |          4 |      Fixed 
   845 |  JC69 |        40 |    218 |               4 |         13 |      Fixed 
   846 |  JC69 |        40 |     99 |               5 |          4 |      Fixed 
   847 |  JC69 |        34 |     65 |               4 |         12 |      Fixed 
   848 |  JC69 |        12 |    222 |               5 |          5 |      Fixed 
   849 |  JC69 |        40 |    103 |               6 |          8 |      Fixed 
   850 |  JC69 |         4 |    285 |              15 |          5 |      Fixed 
   851 |  JC69 |        38 |    816 |             497 |         28 |      Fixed 
   852 |  JC69 |        40 |    633 |             378 |         47 |      Fixed 
   853 |  JC69 |         4 |    118 |               3 |          2 |      Fixed 
   854 |  JC69 |        40 |    247 |               6 |         34 |      Fixed 
   855 |  JC69 |         4 |    280 |              11 |          9 |      Fixed 
   856 |  JC69 |        34 |    262 |              89 |          4 |      Fixed 
   857 |  JC69 |        12 |    555 |             306 |         12 |      Fixed 
   858 |  JC69 |        14 |    197 |              11 |         12 |      Fixed 
   859 |  JC69 |        26 |    722 |             242 |         29 |      Fixed 
   860 |  JC69 |         4 |    279 |              10 |          3 |      Fixed 
   861 |  JC69 |        30 |     66 |               3 |          3 |      Fixed 
   862 |  JC69 |        40 |     73 |               3 |          8 |      Fixed 
   863 |  JC69 |        20 |    271 |              85 |         15 |      Fixed 
   864 |  JC69 |         6 |    283 |              44 |          5 |      Fixed 
   865 |  JC69 |        10 |    458 |             186 |         11 |      Fixed 
   866 |  JC69 |         6 |    213 |               4 |          4 |      Fixed 
   867 |  JC69 |        16 |    100 |              24 |          5 |      Fixed 
   868 |  JC69 |        18 |    251 |              91 |         12 |      Fixed 
   869 |  JC69 |         4 |    283 |              65 |          6 |      Fixed 
   870 |  JC69 |        16 |     59 |               3 |          3 |      Fixed 
   871 |  JC69 |        10 |    262 |              57 |          5 |      Fixed 
   872 |  JC69 |        40 |    150 |              74 |         11 |      Fixed 
   873 |  JC69 |        40 |    643 |             460 |         29 |      Fixed 
   874 |  JC69 |        30 |    214 |              18 |          8 |      Fixed 
   875 |  JC69 |        36 |    317 |              83 |         31 |      Fixed 
   876 |  JC69 |        38 |     91 |               3 |          4 |      Fixed 
   877 |  JC69 |         4 |    284 |              11 |          6 |      Fixed 
   878 |  JC69 |        38 |    974 |             676 |         43 |      Fixed 
   879 |  JC69 |        16 |    282 |              15 |         15 |      Fixed 
   880 |  JC69 |        36 |    211 |               4 |          7 |      Fixed 
   881 |  JC69 |        40 |    194 |              92 |         15 |      Fixed 
   882 |  JC69 |        28 |     82 |               0 |          1 |      Fixed 
   883 |  JC69 |        38 |    136 |              10 |         47 |      Fixed 
   884 |  JC69 |         4 |    279 |              32 |          7 |      Fixed 
   885 |  JC69 |         8 |    563 |             289 |         13 |      Fixed 
   886 |  JC69 |        40 |     86 |               2 |          5 |      Fixed 
   887 |  JC69 |        32 |     61 |               2 |          3 |      Fixed 
   888 |  JC69 |         6 |    279 |             100 |         10 |      Fixed 
   889 |  JC69 |        40 |    146 |               4 |          6 |      Fixed 
   890 |  JC69 |        20 |     80 |               5 |          6 |      Fixed 
   891 |  JC69 |         8 |    363 |              68 |          9 |      Fixed 
   892 |  JC69 |        32 |     84 |               3 |          4 |      Fixed 
   893 |  JC69 |        10 |    281 |              18 |         15 |      Fixed 
   894 |  JC69 |        10 |    154 |              11 |          4 |      Fixed 
   895 |  JC69 |         4 |    146 |               1 |          2 |      Fixed 
   896 |  JC69 |        20 |    277 |              18 |         20 |      Fixed 
   897 |  JC69 |        36 |     96 |               1 |          2 |      Fixed 
   898 |  JC69 |        40 |    150 |               1 |          2 |      Fixed 
   899 |  JC69 |        34 |    287 |              31 |         24 |      Fixed 
   900 |  JC69 |        36 |    152 |               3 |          2 |      Fixed 
   901 |  JC69 |        14 |    270 |              50 |         22 |      Fixed 
   902 |  JC69 |        14 |     60 |               1 |          2 |      Fixed 
   903 |  JC69 |        40 |    600 |             245 |         27 |      Fixed 
   904 |  JC69 |        20 |    211 |              75 |          7 |      Fixed 
   905 |  JC69 |        32 |    257 |               5 |          7 |      Fixed 
   906 |  JC69 |         4 |    228 |               0 |          2 |      Fixed 
   907 |  JC69 |        28 |     50 |               2 |          3 |      Fixed 
   908 |  JC69 |        40 |    278 |               5 |          6 |      Fixed 
   909 |  JC69 |        10 |    145 |              24 |          7 |      Fixed 
   910 |  JC69 |         4 |     47 |               0 |          1 |      Fixed 
   911 |  JC69 |        14 |     90 |               2 |          3 |      Fixed 
   912 |  JC69 |         6 |     51 |              10 |          2 |      Fixed 
   913 |  JC69 |        38 |    138 |              18 |         11 |      Fixed 
   914 |  JC69 |        12 |    388 |             115 |          8 |      Fixed 
   915 |  JC69 |        18 |    226 |               6 |          9 |      Fixed 
   916 |  JC69 |         8 |     52 |               0 |          2 |      Fixed 
   917 |  JC69 |         8 |    296 |             114 |          7 |      Fixed 
   918 |  JC69 |         4 |    105 |               0 |          1 |      Fixed 
   919 |  JC69 |         8 |    200 |               0 |          2 |      Fixed 
   920 |  JC69 |        28 |     94 |              16 |         11 |      Fixed 
   921 |  JC69 |        38 |    168 |              10 |         14 |      Fixed 
   922 |  JC69 |        36 |    455 |              76 |         14 |      Fixed 
   923 |  JC69 |         6 |    209 |              89 |         10 |      Fixed 
   924 |  JC69 |        40 |    196 |               8 |          8 |      Fixed 
   925 |  JC69 |        36 |     67 |               1 |          2 |      Fixed 
   926 |  JC69 |        40 |    126 |               2 |          3 |      Fixed 
   927 |  JC69 |        38 |     72 |               4 |          5 |      Fixed 
   928 |  JC69 |        10 |    279 |             119 |         11 |      Fixed 
   929 |  JC69 |        40 |    147 |               6 |          9 |      Fixed 
   930 |  JC69 |         6 |    283 |               7 |          4 |      Fixed 
   931 |  JC69 |        32 |    434 |             164 |         29 |      Fixed 
   932 |  JC69 |        38 |     81 |               2 |          4 |      Fixed 
   933 |  JC69 |        40 |    223 |               1 |          2 |      Fixed 
   934 |  JC69 |         8 |    280 |              29 |         11 |      Fixed 
   935 |  JC69 |         4 |    265 |               0 |          1 |      Fixed 
   936 |  JC69 |        22 |    689 |             689 |         11 |      Fixed 
   937 |  JC69 |        10 |     55 |               1 |          2 |      Fixed 
   938 |  JC69 |        12 |    132 |              26 |          6 |      Fixed 
   939 |  JC69 |        38 |    502 |               8 |          8 |      Fixed 
   940 |  JC69 |        40 |    622 |             382 |         26 |      Fixed 
   941 |  JC69 |         4 |    108 |               0 |          1 |      Fixed 
   942 |  JC69 |        36 |    206 |              16 |          8 |      Fixed 
   943 |  JC69 |        24 |    240 |              15 |         17 |      Fixed 
   944 |  JC69 |        38 |    214 |               5 |          7 |      Fixed 
   945 |  JC69 |        40 |    203 |               3 |          4 |      Fixed 
   946 |  JC69 |         4 |    278 |             135 |          4 |      Fixed 
   947 |  JC69 |         8 |    139 |               2 |          3 |      Fixed 
   948 |  JC69 |        38 |    219 |               3 |          4 |      Fixed 
   949 |  JC69 |        38 |    102 |               3 |          4 |      Fixed 
   950 |  JC69 |         4 |    131 |               0 |          1 |      Fixed 
   951 |  JC69 |        22 |    169 |               7 |          9 |      Fixed 
   952 |  JC69 |        34 |    549 |              23 |         16 |      Fixed 
   953 |  JC69 |        34 |    308 |             129 |          7 |      Fixed 
   954 |  JC69 |        40 |    233 |               5 |          6 |      Fixed 
   955 |  JC69 |         6 |    277 |              13 |          9 |      Fixed 
   956 |  JC69 |        20 |    292 |             141 |         13 |      Fixed 
   957 |  JC69 |        26 |    112 |               5 |         10 |      Fixed 
   958 |  JC69 |        38 |     72 |               4 |          4 |      Fixed 
   959 |  JC69 |         4 |    110 |               0 |          2 |      Fixed 
   960 |  JC69 |        40 |    125 |               1 |          2 |      Fixed 
   961 |  JC69 |        40 |    164 |               7 |         14 |      Fixed 
   962 |  JC69 |        40 |     76 |               2 |          4 |      Fixed 
   963 |  JC69 |        40 |     61 |               6 |          7 |      Fixed 
   964 |  JC69 |         6 |    280 |              12 |         10 |      Fixed 
   965 |  JC69 |        24 |    557 |             155 |         22 |      Fixed 
   966 |  JC69 |        12 |    276 |              21 |         14 |      Fixed 
   967 |  JC69 |        12 |    187 |               0 |          1 |      Fixed 
   968 |  JC69 |        34 |    231 |              63 |         12 |      Fixed 
   969 |  JC69 |        20 |    395 |             143 |         18 |      Fixed 
   970 |  JC69 |        40 |     64 |               3 |          4 |      Fixed 
   971 |  JC69 |        24 |     70 |               7 |          5 |      Fixed 
   972 |  JC69 |         4 |     56 |               0 |          1 |      Fixed 
   973 |  JC69 |         4 |    243 |              19 |          5 |      Fixed 
   974 |  JC69 |        40 |     95 |               1 |          2 |      Fixed 
   975 |  JC69 |        24 |    418 |              13 |         19 |      Fixed 
   976 |  JC69 |         4 |    283 |              24 |          4 |      Fixed 
   977 |  JC69 |        40 |     74 |               2 |          3 |      Fixed 
   978 |  JC69 |        18 |    279 |              17 |         17 |      Fixed 
   979 |  JC69 |         6 |    287 |              51 |         10 |      Fixed 
   980 |  JC69 |        20 |    178 |               7 |          6 |      Fixed 
   981 |  JC69 |         8 |    115 |               1 |          2 |      Fixed 
   982 |  JC69 |        26 |    780 |             563 |         36 |      Fixed 
   983 |  JC69 |        40 |     92 |               1 |          2 |      Fixed 
   984 |  JC69 |        40 |    191 |               1 |          2 |      Fixed 
   985 |  JC69 |         4 |    266 |               1 |          2 |      Fixed 
   986 |  JC69 |        32 |    188 |               0 |          1 |      Fixed 
   987 |  JC69 |        34 |    283 |               3 |          5 |      Fixed 
   988 |  JC69 |        40 |    187 |               2 |          3 |      Fixed 
   989 |  JC69 |        16 |     79 |               3 |          4 |      Fixed 
   990 |  JC69 |        26 |     75 |               3 |          4 |      Fixed 
   991 |  JC69 |        10 |    144 |               1 |          4 |      Fixed 
   992 |  JC69 |        38 |    359 |              98 |         24 |      Fixed 
   993 |  JC69 |         4 |    276 |              85 |          5 |      Fixed 
   994 |  JC69 |        18 |    146 |              18 |          7 |      Fixed 
   995 |  JC69 |        38 |     78 |              18 |          8 |      Fixed 
   996 |  JC69 |        32 |    282 |              43 |         29 |      Fixed 
   997 |  JC69 |         4 |    139 |               0 |          1 |      Fixed 
   998 |  JC69 |        24 |    137 |              36 |         11 |      Fixed 
   999 |  JC69 |         4 |     63 |               0 |          1 |      Fixed 
  1000 |  JC69 |         8 |    565 |             286 |          9 |      Fixed 
  1001 |  JC69 |        26 |    342 |             183 |         10 |      Fixed 
  1002 |  JC69 |        34 |    218 |               7 |          9 |      Fixed 
  1003 |  JC69 |         4 |    280 |               9 |          5 |      Fixed 
  1004 |  JC69 |        40 |    126 |               3 |          2 |      Fixed 
  1005 |  JC69 |         6 |     62 |               3 |          2 |      Fixed 
  1006 |  JC69 |        40 |    130 |               4 |          7 |      Fixed 
  1007 |  JC69 |        20 |    281 |              18 |         18 |      Fixed 
  1008 |  JC69 |        26 |    562 |             154 |         19 |      Fixed 
  1009 |  JC69 |        26 |    579 |             440 |         23 |      Fixed 
  1010 |  JC69 |        12 |    139 |               0 |          1 |      Fixed 
  1011 |  JC69 |        36 |     79 |               0 |          1 |      Fixed 
  1012 |  JC69 |         6 |     55 |               1 |          2 |      Fixed 
  1013 |  JC69 |        20 |    444 |              45 |         14 |      Fixed 
  1014 |  JC69 |        26 |     79 |               4 |          3 |      Fixed 
  1015 |  JC69 |        26 |    158 |               2 |          3 |      Fixed 
  1016 |  JC69 |        40 |    120 |              10 |          7 |      Fixed 
  1017 |  JC69 |        30 |     93 |               1 |          2 |      Fixed 
  1018 |  JC69 |        12 |    262 |             134 |         12 |      Fixed 
  1019 |  JC69 |         6 |    114 |               4 |          5 |      Fixed 
  1020 |  JC69 |         6 |     47 |               0 |          1 |      Fixed 
  1021 |  JC69 |        16 |     81 |               1 |          3 |      Fixed 
  1022 |  JC69 |         4 |    282 |              53 |          6 |      Fixed 
  1023 |  JC69 |         4 |    222 |               0 |          1 |      Fixed 
  1024 |  JC69 |        40 |    230 |               3 |          4 |      Fixed 
  1025 |  JC69 |        36 |    333 |              75 |         14 |      Fixed 
  1026 |  JC69 |        30 |    121 |               5 |          6 |      Fixed 
  1027 |  JC69 |        40 |    689 |             588 |         46 |      Fixed 
  1028 |  JC69 |        28 |    288 |              81 |         10 |      Fixed 
  1029 |  JC69 |         4 |     49 |               0 |          1 |      Fixed 
  1030 |  JC69 |        36 |    262 |              13 |         11 |      Fixed 
  1031 |  JC69 |        16 |     74 |               6 |          6 |      Fixed 
  1032 |  JC69 |        18 |    194 |              12 |          8 |      Fixed 
  1033 |  JC69 |         4 |    432 |               2 |          2 |      Fixed 
  1034 |  JC69 |         4 |    255 |               2 |          3 |      Fixed 
  1035 |  JC69 |         4 |    172 |              52 |          3 |      Fixed 
  1036 |  JC69 |        30 |    218 |              15 |         15 |      Fixed 
  1037 |  JC69 |        40 |    515 |             232 |         22 |      Fixed 
  1038 |  JC69 |        34 |    292 |              38 |         21 |      Fixed 
  1039 |  JC69 |         8 |     95 |               0 |          1 |      Fixed 
  1040 |  JC69 |         6 |     75 |               0 |          1 |      Fixed 
  1041 |  JC69 |        34 |    342 |             184 |         18 |      Fixed 
  1042 |  JC69 |        18 |    155 |               5 |          7 |      Fixed 
  1043 |  JC69 |        30 |    147 |               5 |          9 |      Fixed 
  1044 |  JC69 |        40 |    249 |              74 |         32 |      Fixed 
  1045 |  JC69 |        38 |     63 |               5 |         12 |      Fixed 
  1046 |  JC69 |        40 |    123 |               5 |          7 |      Fixed 
  1047 |  JC69 |         4 |    184 |              75 |          3 |      Fixed 
  1048 |  JC69 |        40 |    604 |             368 |         25 |      Fixed 
  1049 |  JC69 |         8 |    323 |              51 |          5 |      Fixed 
  1050 |  JC69 |        28 |     41 |               3 |          2 |      Fixed 
  1051 |  JC69 |         6 |     47 |               1 |          2 |      Fixed 
  1052 |  JC69 |         6 |    282 |              28 |          6 |      Fixed 
  1053 |  JC69 |         4 |    121 |               0 |          1 |      Fixed 
  1054 |  JC69 |        20 |     64 |               0 |          1 |      Fixed 
  1055 |  JC69 |         8 |    274 |              15 |          8 |      Fixed 
  1056 |  JC69 |        14 |     75 |               1 |          2 |      Fixed 
  1057 |  JC69 |        30 |    225 |              25 |         10 |      Fixed 
  1058 |  JC69 |         4 |    169 |               1 |          2 |      Fixed 
  1059 |  JC69 |         6 |    142 |               0 |          1 |      Fixed 
  1060 |  JC69 |        22 |    179 |              46 |          4 |      Fixed 
  1061 |  JC69 |        26 |    176 |               5 |          9 |      Fixed 
  1062 |  JC69 |        28 |    168 |               2 |          2 |      Fixed 
  1063 |  JC69 |        34 |    181 |              60 |         29 |      Fixed 
  1064 |  JC69 |        32 |    109 |               5 |          6 |      Fixed 
  1065 |  JC69 |        22 |     63 |               2 |          3 |      Fixed 
  1066 |  JC69 |        40 |    124 |               4 |          6 |      Fixed 
  1067 |  JC69 |         6 |     59 |               0 |          1 |      Fixed 
  1068 |  JC69 |        28 |     79 |               4 |          4 |      Fixed 
  1069 |  JC69 |        14 |    275 |              18 |         15 |      Fixed 
  1070 |  JC69 |         4 |     52 |               2 |          3 |      Fixed 
  1071 |  JC69 |         4 |    224 |              86 |          3 |      Fixed 
  1072 |  JC69 |        26 |    157 |               8 |         10 |      Fixed 
  1073 |  JC69 |         4 |    280 |               6 |          5 |      Fixed 
  1074 |  JC69 |        14 |    181 |               3 |          4 |      Fixed 
  1075 |  JC69 |        40 |    168 |               4 |          3 |      Fixed 
  1076 |  JC69 |        40 |     88 |               2 |          3 |      Fixed 
  1077 |  JC69 |        28 |     71 |               2 |          3 |      Fixed 
  1078 |  JC69 |        18 |    281 |             112 |         23 |      Fixed 
  1079 |  JC69 |        10 |    241 |              11 |         11 |      Fixed 
  1080 |  JC69 |         8 |    106 |               0 |          2 |      Fixed 
  1081 |  JC69 |        38 |    121 |              48 |          7 |      Fixed 
  1082 |  JC69 |        36 |     54 |               2 |          3 |      Fixed 
  1083 |  JC69 |         4 |    332 |              47 |          3 |      Fixed 
  1084 |  JC69 |         4 |     91 |               0 |          1 |      Fixed 
  1085 |  JC69 |         8 |    287 |             152 |         18 |      Fixed 
  1086 |  JC69 |        34 |    165 |               5 |          8 |      Fixed 
  1087 |  JC69 |        34 |    132 |               3 |          6 |      Fixed 
  1088 |  JC69 |         8 |    163 |              13 |          8 |      Fixed 
  1089 |  JC69 |        24 |     76 |               2 |          3 |      Fixed 
  1090 |  JC69 |         8 |    288 |              14 |         13 |      Fixed 
  1091 |  JC69 |        40 |    136 |               5 |          5 |      Fixed 
  1092 |  JC69 |        18 |    266 |               8 |         14 |      Fixed 
  1093 |  JC69 |        10 |    278 |              28 |         11 |      Fixed 
  1094 |  JC69 |        24 |    204 |               6 |         10 |      Fixed 
  1095 |  JC69 |        24 |    368 |             155 |         15 |      Fixed 
  1096 |  JC69 |        40 |    627 |             254 |         22 |      Fixed 
  1097 |  JC69 |        38 |     72 |               1 |          2 |      Fixed 
  1098 |  JC69 |        30 |    289 |              23 |         28 |      Fixed 
  1099 |  JC69 |         4 |    227 |              19 |          7 |      Fixed 
  1100 |  JC69 |        30 |    356 |               6 |          9 |      Fixed 
  1101 |  JC69 |         6 |    280 |              21 |          5 |      Fixed 
  1102 |  JC69 |        40 |    406 |              22 |         17 |      Fixed 
  1103 |  JC69 |        28 |    222 |               4 |          5 |      Fixed 
  1104 |  JC69 |         4 |    280 |               5 |          2 |      Fixed 
  1105 |  JC69 |        22 |    307 |             131 |          8 |      Fixed 
  1106 |  JC69 |        12 |    318 |               5 |          6 |      Fixed 
  1107 |  JC69 |        40 |    146 |              11 |         10 |      Fixed 
  1108 |  JC69 |        40 |    264 |             128 |          5 |      Fixed 
  1109 |  JC69 |        18 |    126 |               1 |          2 |      Fixed 
  1110 |  JC69 |        32 |    414 |              87 |        299 |      Fixed 
  1111 |  JC69 |        38 |    176 |              16 |          4 |      Fixed 
  1112 |  JC69 |        16 |    294 |              63 |         18 |      Fixed 
  1113 |  JC69 |        34 |    209 |              10 |         11 |      Fixed 
  1114 |  JC69 |        36 |    279 |              41 |          9 |      Fixed 
  1115 |  JC69 |        26 |    232 |              11 |          6 |      Fixed 
  1116 |  JC69 |        16 |    283 |              24 |         13 |      Fixed 
  1117 |  JC69 |        40 |    146 |               7 |          5 |      Fixed 
  1118 |  JC69 |        32 |    170 |               3 |          4 |      Fixed 
  1119 |  JC69 |        12 |    227 |              45 |         10 |      Fixed 
  1120 |  JC69 |        22 |    145 |               4 |          4 |      Fixed 
  1121 |  JC69 |        10 |     91 |               1 |          3 |      Fixed 
  1122 |  JC69 |        32 |    147 |               5 |          5 |      Fixed 
  1123 |  JC69 |        16 |    210 |               3 |          3 |      Fixed 
  1124 |  JC69 |        18 |    205 |               3 |          4 |      Fixed 
  1125 |  JC69 |        40 |    146 |               1 |          2 |      Fixed 
  1126 |  JC69 |         4 |    103 |              43 |          2 |      Fixed 
  1127 |  JC69 |        40 |    129 |               2 |          9 |      Fixed 
  1128 |  JC69 |        40 |     91 |               4 |          6 |      Fixed 
  1129 |  JC69 |         8 |    277 |              14 |          9 |      Fixed 
  1130 |  JC69 |        24 |    173 |               2 |          5 |      Fixed 
  1131 |  JC69 |        28 |    414 |             209 |         27 |      Fixed 
  1132 |  JC69 |        16 |    435 |               9 |         10 |      Fixed 
  1133 |  JC69 |         4 |    278 |               3 |          3 |      Fixed 
  1134 |  JC69 |        16 |    465 |             216 |         47 |      Fixed 
  1135 |  JC69 |         8 |    284 |              16 |          8 |      Fixed 
  1136 |  JC69 |        38 |    102 |               3 |          4 |      Fixed 
  1137 |  JC69 |         6 |     76 |               2 |          3 |      Fixed 
  1138 |  JC69 |        38 |    817 |             436 |        106 |      Fixed 
  1139 |  JC69 |         8 |     67 |               0 |          1 |      Fixed 
  1140 |  JC69 |        34 |    211 |              30 |         17 |      Fixed 
  1141 |  JC69 |         8 |     79 |               1 |          3 |      Fixed 
  1142 |  JC69 |        38 |     74 |               2 |          3 |      Fixed 
  1143 |  JC69 |         6 |    278 |               8 |          5 |      Fixed 
  1144 |  JC69 |        36 |    406 |             198 |         20 |      Fixed 
  1145 |  JC69 |        20 |    283 |              44 |         20 |      Fixed 
  1146 |  JC69 |        16 |    415 |              67 |         20 |      Fixed 
  1147 |  JC69 |        40 |     63 |               2 |          2 |      Fixed 
  1148 |  JC69 |        26 |    224 |              26 |         19 |      Fixed 
  1149 |  JC69 |        32 |    135 |               3 |          5 |      Fixed 
  1150 |  JC69 |         8 |    279 |              31 |         10 |      Fixed 
  1151 |  JC69 |        40 |    146 |               5 |         12 |      Fixed 
  1152 |  JC69 |        40 |    377 |              73 |          7 |      Fixed 
  1153 |  JC69 |        30 |     55 |              10 |          4 |      Fixed 
  1154 |  JC69 |        28 |    771 |             504 |         34 |      Fixed 
  1155 |  JC69 |        36 |    580 |             133 |         65 |      Fixed 
  1156 |  JC69 |         8 |    281 |               9 |          7 |      Fixed 
  1157 |  JC69 |        12 |    283 |              16 |         10 |      Fixed 
  1158 |  JC69 |        38 |    136 |               6 |         11 |      Fixed 
  1159 |  JC69 |         4 |    263 |              10 |          6 |      Fixed 
  1160 |  JC69 |        40 |     96 |               6 |          8 |      Fixed 
  1161 |  JC69 |        40 |     69 |               5 |          4 |      Fixed 
  1162 |  JC69 |        10 |    282 |               7 |          7 |      Fixed 
  1163 |  JC69 |        38 |    484 |             220 |         14 |      Fixed 
  1164 |  JC69 |        38 |     57 |               2 |          3 |      Fixed 
  1165 |  JC69 |        40 |    247 |               5 |          7 |      Fixed 
  1166 |  JC69 |        28 |    269 |              12 |          8 |      Fixed 
  1167 |  JC69 |         6 |     84 |              36 |          2 |      Fixed 
  1168 |  JC69 |        40 |    285 |               1 |          2 |      Fixed 
  1169 |  JC69 |        38 |     93 |               4 |         10 |      Fixed 
  1170 |  JC69 |        24 |    473 |             209 |         25 |      Fixed 
  1171 |  JC69 |        30 |     73 |               3 |          4 |      Fixed 
  1172 |  JC69 |         4 |    247 |              11 |          8 |      Fixed 
  1173 |  JC69 |         4 |     44 |               0 |          1 |      Fixed 
  1174 |  JC69 |         6 |     37 |               0 |          1 |      Fixed 
  1175 |  JC69 |         4 |     36 |               0 |          1 |      Fixed 
  1176 |  JC69 |        22 |    143 |              15 |         19 |      Fixed 
  1177 |  JC69 |        34 |    389 |             389 |         25 |      Fixed 
  1178 |  JC69 |        14 |    221 |               3 |          4 |      Fixed 
  1179 |  JC69 |        28 |    545 |             150 |         20 |      Fixed 
  1180 |  JC69 |         4 |    278 |               4 |          4 |      Fixed 
  1181 |  JC69 |        40 |    146 |               5 |          7 |      Fixed 
  1182 |  JC69 |        16 |    147 |              20 |          6 |      Fixed 
  1183 |  JC69 |         4 |    279 |              13 |          7 |      Fixed 
  1184 |  JC69 |        40 |    402 |             141 |         15 |      Fixed 
  1185 |  JC69 |        10 |    131 |               3 |          4 |      Fixed 
  1186 |  JC69 |        40 |    160 |               2 |          3 |      Fixed 
  1187 |  JC69 |         4 |     50 |               0 |          1 |      Fixed 
  1188 |  JC69 |        34 |    133 |               6 |          8 |      Fixed 
  1189 |  JC69 |         6 |    207 |               1 |          2 |      Fixed 
  1190 |  JC69 |        28 |    200 |               6 |          5 |      Fixed 
  1191 |  JC69 |        28 |    130 |               6 |          6 |      Fixed 
  1192 |  JC69 |        36 |    560 |             384 |         49 |      Fixed 
  1193 |  JC69 |         4 |     62 |               0 |          1 |      Fixed 
  1194 |  JC69 |         6 |    287 |              17 |          8 |      Fixed 
  1195 |  JC69 |        28 |    580 |             580 |         40 |      Fixed 
  1196 |  JC69 |         4 |     72 |               0 |          1 |      Fixed 
  1197 |  JC69 |        40 |    129 |               1 |          2 |      Fixed 
  1198 |  JC69 |        28 |    145 |               6 |          5 |      Fixed 
  1199 |  JC69 |         8 |     70 |               0 |          2 |      Fixed 
  1200 |  JC69 |         6 |    206 |               2 |          3 |      Fixed 
  1201 |  JC69 |        24 |     63 |               1 |          2 |      Fixed 
  1202 |  JC69 |        40 |    719 |              92 |         31 |      Fixed 
  1203 |  JC69 |        40 |    115 |               2 |          3 |      Fixed 
  1204 |  JC69 |         6 |    281 |              27 |          6 |      Fixed 
  1205 |  JC69 |        30 |    227 |               4 |          5 |      Fixed 
  1206 |  JC69 |         4 |    147 |               0 |          1 |      Fixed 
  1207 |  JC69 |        12 |    265 |               7 |          4 |      Fixed 
  1208 |  JC69 |        40 |    864 |             433 |         51 |      Fixed 
  1209 |  JC69 |        36 |    202 |               5 |         11 |      Fixed 
  1210 |  JC69 |        32 |    199 |               3 |          8 |      Fixed 
  1211 |  JC69 |         6 |    280 |              11 |          6 |      Fixed 
  1212 |  JC69 |         4 |    280 |              18 |          4 |      Fixed 
  1213 |  JC69 |        14 |    434 |              20 |         11 |      Fixed 
  1214 |  JC69 |        38 |    146 |               3 |          5 |      Fixed 
  1215 |  JC69 |         4 |    277 |               5 |          4 |      Fixed 
  1216 |  JC69 |         8 |     59 |               0 |          1 |      Fixed 
  1217 |  JC69 |        38 |     58 |               5 |          4 |      Fixed 
  1218 |  JC69 |        36 |     58 |               8 |          3 |      Fixed 
  1219 |  JC69 |        36 |    265 |               8 |         11 |      Fixed 
  1220 |  JC69 |        40 |    598 |             598 |         38 |      Fixed 
  1221 |  JC69 |        24 |    146 |              16 |         16 |      Fixed 
  1222 |  JC69 |        38 |    128 |              15 |         10 |      Fixed 
  1223 |  JC69 |         8 |    211 |               6 |          3 |      Fixed 
  1224 |  JC69 |        18 |    281 |              14 |         10 |      Fixed 
  1225 |  JC69 |        34 |    281 |               8 |         14 |      Fixed 
  1226 |  JC69 |         6 |     60 |               5 |          2 |      Fixed 
  1227 |  JC69 |        28 |    155 |              18 |         11 |      Fixed 
  1228 |  JC69 |        36 |    135 |               4 |          7 |      Fixed 
  1229 |  JC69 |         8 |    165 |               0 |          1 |      Fixed 
  1230 |  JC69 |        34 |     70 |               3 |          2 |      Fixed 
  1231 |  JC69 |        36 |    224 |              15 |         16 |      Fixed 
  1232 |  JC69 |        12 |    114 |               6 |          6 |      Fixed 
  1233 |  JC69 |         4 |    285 |              50 |          3 |      Fixed 
  1234 |  JC69 |        40 |    959 |             559 |         69 |      Fixed 
  1235 |  JC69 |         6 |    287 |              16 |          5 |      Fixed 
  1236 |  JC69 |        38 |    193 |               4 |          6 |      Fixed 
  1237 |  JC69 |        32 |    610 |             290 |         62 |      Fixed 
  1238 |  JC69 |        40 |    181 |               8 |         11 |      Fixed 
  1239 |  JC69 |        36 |    293 |              27 |        355 |      Fixed 
  1240 |  JC69 |        36 |    560 |              52 |         71 |      Fixed 
  1241 |  JC69 |        16 |    344 |             218 |         24 |      Fixed 
  1242 |  JC69 |        16 |    181 |               0 |          2 |      Fixed 
  1243 |  JC69 |         8 |    135 |              62 |          3 |      Fixed 
  1244 |  JC69 |        10 |    277 |              24 |         29 |      Fixed 
  1245 |  JC69 |         4 |    112 |               1 |          3 |      Fixed 
  1246 |  JC69 |        14 |    141 |               3 |          4 |      Fixed 
  1247 |  JC69 |         4 |    149 |              17 |          5 |      Fixed 
  1248 |  JC69 |         6 |    280 |               6 |          4 |      Fixed 
  1249 |  JC69 |         6 |    189 |              30 |         15 |      Fixed 
  1250 |  JC69 |         8 |    176 |              47 |          4 |      Fixed 
  1251 |  JC69 |         6 |     43 |               1 |          2 |      Fixed 
  1252 |  JC69 |         4 |    286 |             146 |          7 |      Fixed 
  1253 |  JC69 |        38 |     99 |               8 |          8 |      Fixed 
  1254 |  JC69 |        12 |     63 |               3 |          3 |      Fixed 
  1255 |  JC69 |        16 |    286 |              31 |         28 |      Fixed 
  1256 |  JC69 |        38 |    427 |              34 |         21 |      Fixed 
  1257 |  JC69 |        20 |    282 |              15 |         12 |      Fixed 
  1258 |  JC69 |        40 |    190 |               1 |          2 |      Fixed 
  1259 |  JC69 |        40 |    135 |              82 |         12 |      Fixed 
  1260 |  JC69 |         8 |    286 |              15 |          8 |      Fixed 
  1261 |  JC69 |        40 |     78 |               3 |          4 |      Fixed 
  1262 |  JC69 |        12 |    134 |               0 |          1 |      Fixed 
  1263 |  JC69 |        32 |     96 |              29 |          6 |      Fixed 
  1264 |  JC69 |        38 |     68 |               4 |          4 |      Fixed 
  1265 |  JC69 |        24 |     99 |              12 |          5 |      Fixed 
  1266 |  JC69 |        40 |    150 |              11 |         12 |      Fixed 
  1267 |  JC69 |         6 |    221 |               2 |          2 |      Fixed 
  1268 |  JC69 |        38 |    118 |               8 |         22 |      Fixed 
  1269 |  JC69 |         8 |    282 |               6 |          4 |      Fixed 
  1270 |  JC69 |        36 |    292 |              25 |         17 |      Fixed 
  1271 |  JC69 |        12 |    164 |               2 |          3 |      Fixed 
  1272 |  JC69 |        40 |    125 |               6 |         10 |      Fixed 
  1273 |  JC69 |        40 |     83 |               1 |          2 |      Fixed 
  1274 |  JC69 |        28 |    563 |             420 |         29 |      Fixed 
  1275 |  JC69 |        18 |    138 |               2 |          3 |      Fixed 
  1276 |  JC69 |         4 |    279 |               6 |          4 |      Fixed 
  1277 |  JC69 |         8 |    200 |               4 |          3 |      Fixed 
  1278 |  JC69 |        18 |    482 |              16 |         22 |      Fixed 
  1279 |  JC69 |        38 |    342 |             157 |         25 |      Fixed 
  1280 |  JC69 |        32 |    240 |              16 |         46 |      Fixed 
  1281 |  JC69 |        32 |     71 |               8 |          5 |      Fixed 
  1282 |  JC69 |        40 |     93 |               4 |          4 |      Fixed 
  1283 |  JC69 |        22 |    437 |               4 |          5 |      Fixed 
  1284 |  JC69 |        18 |    226 |               0 |          1 |      Fixed 
  1285 |  JC69 |        30 |    375 |              12 |         12 |      Fixed 
  1286 |  JC69 |        36 |    120 |              50 |          5 |      Fixed 
  1287 |  JC69 |        40 |     90 |               4 |          3 |      Fixed 
  1288 |  JC69 |        40 |    155 |               1 |          2 |      Fixed 
  1289 |  JC69 |         8 |    223 |               1 |          3 |      Fixed 
  1290 |  JC69 |         6 |     95 |              10 |          6 |      Fixed 
  1291 |  JC69 |         4 |     70 |              21 |          2 |      Fixed 
  1292 |  JC69 |        30 |    260 |              16 |         32 |      Fixed 
  1293 |  JC69 |         6 |    281 |              58 |          8 |      Fixed 
  1294 |  JC69 |        36 |    211 |              67 |         24 |      Fixed 
  1295 |  JC69 |         8 |    119 |               0 |          1 |      Fixed 
  1296 |  JC69 |        40 |    125 |               5 |          9 |      Fixed 
  1297 |  JC69 |        40 |     98 |               1 |          2 |      Fixed 
  1298 |  JC69 |        20 |    374 |             170 |         20 |      Fixed 
  1299 |  JC69 |         8 |    286 |              14 |          8 |      Fixed 
  1300 |  JC69 |        32 |    146 |               2 |          3 |      Fixed 
  1301 |  JC69 |        32 |    175 |               9 |         10 |      Fixed 
  1302 |  JC69 |         8 |    282 |              10 |          6 |      Fixed 
  1303 |  JC69 |        40 |    129 |               3 |          4 |      Fixed 
  1304 |  JC69 |        18 |    274 |               5 |          7 |      Fixed 
  1305 |  JC69 |         4 |    280 |              12 |          6 |      Fixed 
  1306 |  JC69 |        40 |    112 |              35 |          5 |      Fixed 
  1307 |  JC69 |        30 |    262 |              80 |          7 |      Fixed 
  1308 |  JC69 |         4 |    357 |              85 |          5 |      Fixed 
  1309 |  JC69 |        16 |     78 |               4 |          6 |      Fixed 
  1310 |  JC69 |        16 |    278 |              21 |          6 |      Fixed 
  1311 |  JC69 |        40 |    104 |               3 |          4 |      Fixed 
  1312 |  JC69 |        38 |    200 |               3 |          4 |      Fixed 
  1313 |  JC69 |        34 |    314 |               9 |          7 |      Fixed 
  1314 |  JC69 |        16 |     77 |               4 |          4 |      Fixed 
  1315 |  JC69 |        18 |    531 |             340 |         20 |      Fixed 
  1316 |  JC69 |        18 |    292 |              19 |         12 |      Fixed 
  1317 |  JC69 |         8 |     84 |               0 |          1 |      Fixed 
  1318 |  JC69 |        38 |    140 |              11 |         10 |      Fixed 
  1319 |  JC69 |         4 |    278 |              25 |          6 |      Fixed 
  1320 |  JC69 |        38 |    101 |               1 |          2 |      Fixed 
  1321 |  JC69 |         4 |    279 |               9 |          5 |      Fixed 
  1322 |  JC69 |         4 |    226 |               4 |          5 |      Fixed 
  1323 |  JC69 |        38 |    102 |               5 |          6 |      Fixed 
  1324 |  JC69 |        30 |    132 |              14 |          9 |      Fixed 
  1325 |  JC69 |         6 |    100 |               0 |          1 |      Fixed 
  1326 |  JC69 |        28 |    216 |              15 |         14 |      Fixed 
  1327 |  JC69 |         8 |    166 |              83 |          6 |      Fixed 
  1328 |  JC69 |        12 |    217 |              13 |          4 |      Fixed 
  1329 |  JC69 |        18 |    133 |               0 |          1 |      Fixed 
  1330 |  JC69 |        30 |    137 |               2 |          3 |      Fixed 
  1331 |  JC69 |        18 |    377 |             155 |         37 |      Fixed 
  1332 |  JC69 |        38 |     90 |               5 |          7 |      Fixed 
  1333 |  JC69 |        12 |     73 |               1 |          2 |      Fixed 
  1334 |  JC69 |        38 |    111 |               2 |          4 |      Fixed 
  1335 |  JC69 |        24 |    273 |              13 |         14 |      Fixed 
  1336 |  JC69 |         6 |     45 |               0 |          1 |      Fixed 
  1337 |  JC69 |        40 |     70 |               2 |          3 |      Fixed 
  1338 |  JC69 |        10 |    280 |              12 |         10 |      Fixed 
  1339 |  JC69 |        38 |    225 |              22 |          8 |      Fixed 
  1340 |  JC69 |        40 |     96 |               1 |          2 |      Fixed 
  1341 |  JC69 |        18 |    282 |              35 |         30 |      Fixed 
  1342 |  JC69 |         4 |     90 |               0 |          1 |      Fixed 
  1343 |  JC69 |        40 |    183 |               9 |         13 |      Fixed 
  1344 |  JC69 |        34 |     50 |               4 |          4 |      Fixed 
  1345 |  JC69 |        40 |     67 |               1 |          2 |      Fixed 
  1346 |  JC69 |        32 |    263 |               8 |          9 |      Fixed 
  1347 |  JC69 |        10 |    242 |              35 |          7 |      Fixed 
  1348 |  JC69 |         6 |     53 |               0 |          1 |      Fixed 
  1349 |  JC69 |        32 |     90 |               4 |          6 |      Fixed 
  1350 |  JC69 |        10 |    386 |             236 |         11 |      Fixed 
  1351 |  JC69 |        34 |    161 |              19 |         12 |      Fixed 
  1352 |  JC69 |         4 |    276 |              60 |          5 |      Fixed 
  1353 |  JC69 |        40 |    164 |               2 |          3 |      Fixed 
  1354 |  JC69 |         4 |     47 |               8 |          2 |      Fixed 
  1355 |  JC69 |        38 |    226 |             106 |         15 |      Fixed 
  1356 |  JC69 |        34 |     78 |               7 |         11 |      Fixed 
  1357 |  JC69 |         6 |    276 |              12 |          5 |      Fixed 
  1358 |  JC69 |        40 |    213 |              19 |         33 |      Fixed 
  1359 |  JC69 |        40 |    281 |             128 |         12 |      Fixed 
  1360 |  JC69 |         4 |    279 |             108 |          4 |      Fixed 
  1361 |  JC69 |        36 |    102 |              37 |         13 |      Fixed 
  1362 |  JC69 |        14 |    259 |             148 |         17 |      Fixed 
  1363 |  JC69 |         4 |    108 |               0 |          1 |      Fixed 
  1364 |  JC69 |         4 |    195 |               0 |          1 |      Fixed 
  1365 |  JC69 |        28 |    106 |               3 |          3 |      Fixed 
  1366 |  JC69 |         4 |     53 |               2 |          2 |      Fixed 
  1367 |  JC69 |        24 |    263 |              12 |         19 |      Fixed 
  1368 |  JC69 |         4 |    279 |               5 |          3 |      Fixed 
  1369 |  JC69 |         8 |    272 |              14 |          9 |      Fixed 
  1370 |  JC69 |        20 |    155 |               0 |          1 |      Fixed 
  1371 |  JC69 |        32 |    133 |               3 |          4 |      Fixed 
  1372 |  JC69 |        30 |    238 |               7 |         11 |      Fixed 
  1373 |  JC69 |         4 |    282 |              53 |          5 |      Fixed 
  1374 |  JC69 |        32 |    148 |               5 |         20 |      Fixed 
  1375 |  JC69 |        38 |    146 |               3 |          4 |      Fixed 
  1376 |  JC69 |         4 |     45 |               0 |          1 |      Fixed 
  1377 |  JC69 |        16 |    438 |              70 |         19 |      Fixed 
  1378 |  JC69 |        32 |     81 |               7 |          2 |      Fixed 
  1379 |  JC69 |        20 |    274 |              13 |         15 |      Fixed 
  1380 |  JC69 |        40 |     85 |               4 |          6 |      Fixed 
  1381 |  JC69 |         8 |     91 |               1 |          3 |      Fixed 
  1382 |  JC69 |        40 |    230 |               3 |          4 |      Fixed 
  1383 |  JC69 |         8 |    150 |               1 |          2 |      Fixed 
  1384 |  JC69 |        10 |    206 |              35 |         14 |      Fixed 
  1385 |  JC69 |        32 |    109 |              12 |         12 |      Fixed 
  1386 |  JC69 |        20 |    129 |              12 |         42 |      Fixed 
  1387 |  JC69 |        10 |    282 |               1 |          3 |      Fixed 
  1388 |  JC69 |        10 |    281 |               9 |          6 |      Fixed 
  1389 |  JC69 |        12 |    266 |               3 |          4 |      Fixed 
  1390 |  JC69 |        34 |     87 |               7 |          5 |      Fixed 
  1391 |  JC69 |        40 |     87 |               1 |          2 |      Fixed 
  1392 |  JC69 |        40 |    297 |              14 |         27 |      Fixed 
  1393 |  JC69 |        40 |    105 |               5 |          6 |      Fixed 
  1394 |  JC69 |         4 |    236 |               0 |          1 |      Fixed 
  1395 |  JC69 |        20 |    174 |               4 |          4 |      Fixed 
  1396 |  JC69 |        32 |    151 |               1 |          3 |      Fixed 
  1397 |  JC69 |        32 |    283 |              46 |         47 |      Fixed 
  1398 |  JC69 |        32 |     91 |               2 |          2 |      Fixed 
  1399 |  JC69 |        34 |    185 |              10 |         19 |      Fixed 
  1400 |  JC69 |        38 |    288 |             129 |         18 |      Fixed 
  1401 |  JC69 |        22 |    207 |               5 |          9 |      Fixed 
  1402 |  JC69 |         6 |     56 |               0 |          1 |      Fixed 
  1403 |  JC69 |        16 |    108 |               2 |          3 |      Fixed 
  1404 |  JC69 |        28 |    184 |              16 |         16 |      Fixed 
  1405 |  JC69 |        12 |    118 |               1 |          2 |      Fixed 
  1406 |  JC69 |        40 |    234 |               5 |          7 |      Fixed 
  1407 |  JC69 |        36 |    733 |             541 |         19 |      Fixed 
  1408 |  JC69 |         4 |    280 |              95 |          5 |      Fixed 
  1409 |  JC69 |        40 |    140 |               3 |         10 |      Fixed 
  1410 |  JC69 |         4 |     66 |              17 |          3 |      Fixed 
  1411 |  JC69 |        36 |     64 |               4 |          6 |      Fixed 
  1412 |  JC69 |        24 |    205 |              22 |         10 |      Fixed 
  1413 |  JC69 |         4 |    281 |              30 |          4 |      Fixed 
  1414 |  JC69 |        40 |    194 |               2 |          4 |      Fixed 
  1415 |  JC69 |        36 |    457 |             322 |          9 |      Fixed 
  1416 |  JC69 |        10 |    255 |              17 |         10 |      Fixed 
  1417 |  JC69 |        36 |     87 |               6 |          9 |      Fixed 
  1418 |  JC69 |        38 |    130 |              46 |          5 |      Fixed 
  1419 |  JC69 |        16 |    234 |               6 |         11 |      Fixed 
  1420 |  JC69 |        36 |    397 |               5 |          6 |      Fixed 
  1421 |  JC69 |        10 |    282 |              16 |          8 |      Fixed 
  1422 |  JC69 |        26 |    253 |              23 |         28 |      Fixed 
  1423 |  JC69 |        34 |    265 |             119 |         12 |      Fixed 
  1424 |  JC69 |        26 |    116 |               6 |          8 |      Fixed 
  1425 |  JC69 |        16 |     67 |               1 |          3 |      Fixed 
  1426 |  JC69 |        30 |     79 |               2 |          3 |      Fixed 
  1427 |  JC69 |        34 |    236 |              14 |         11 |      Fixed 
  1428 |  JC69 |        40 |    146 |               5 |          9 |      Fixed 
  1429 |  JC69 |        32 |    251 |              72 |         13 |      Fixed 
  1430 |  JC69 |         4 |     46 |               0 |          1 |      Fixed 
  1431 |  JC69 |        40 |     56 |               1 |          2 |      Fixed 
  1432 |  JC69 |        36 |    218 |              82 |          6 |      Fixed 
  1433 |  JC69 |        38 |   1053 |             754 |         28 |      Fixed 
  1434 |  JC69 |        14 |    493 |             224 |         13 |      Fixed 
  1435 |  JC69 |         4 |    278 |              15 |          4 |      Fixed 
  1436 |  JC69 |         6 |    273 |              10 |          5 |      Fixed 
  1437 |  JC69 |         6 |    142 |               1 |          2 |      Fixed 
  1438 |  JC69 |        40 |     94 |               3 |         14 |      Fixed 
  1439 |  JC69 |        16 |     56 |              13 |          6 |      Fixed 
  1440 |  JC69 |        10 |    280 |              35 |         13 |      Fixed 
  1441 |  JC69 |        22 |    207 |              99 |         41 |      Fixed 
  1442 |  JC69 |        10 |    149 |              19 |         13 |      Fixed 
  1443 |  JC69 |        40 |    203 |               7 |          9 |      Fixed 
  1444 |  JC69 |        40 |    275 |              91 |         22 |      Fixed 
  1445 |  JC69 |        40 |     74 |               1 |          2 |      Fixed 
  1446 |  JC69 |        12 |    266 |             138 |         26 |      Fixed 
  1447 |  JC69 |        36 |    262 |               6 |         11 |      Fixed 
  1448 |  JC69 |        12 |    179 |              15 |         10 |      Fixed 
  1449 |  JC69 |        40 |    213 |               2 |          3 |      Fixed 
  1450 |  JC69 |        40 |    110 |               5 |          8 |      Fixed 
  1451 |  JC69 |        40 |    148 |               2 |          5 |      Fixed 
  1452 |  JC69 |        22 |     91 |               0 |          1 |      Fixed 
  1453 |  JC69 |        38 |    143 |               7 |         15 |      Fixed 
  1454 |  JC69 |        12 |    442 |             199 |          6 |      Fixed 
  1455 |  JC69 |        38 |    105 |               2 |          3 |      Fixed 
  1456 |  JC69 |        40 |    108 |               2 |          3 |      Fixed 
  1457 |  JC69 |        14 |    358 |             158 |          6 |      Fixed 
  1458 |  JC69 |        40 |    290 |             149 |         27 |      Fixed 
  1459 |  JC69 |         4 |     37 |               0 |          1 |      Fixed 
  1460 |  JC69 |         4 |    277 |               8 |          6 |      Fixed 
  1461 |  JC69 |         8 |    288 |              68 |         11 |      Fixed 
  1462 |  JC69 |        12 |    140 |               2 |          3 |      Fixed 
  1463 |  JC69 |         4 |    267 |               4 |          5 |      Fixed 
  1464 |  JC69 |        20 |    273 |             111 |         34 |      Fixed 
  1465 |  JC69 |        10 |     50 |               1 |          3 |      Fixed 
  1466 |  JC69 |        38 |     73 |               2 |          3 |      Fixed 
  1467 |  JC69 |        22 |    282 |              29 |         24 |      Fixed 
  1468 |  JC69 |        20 |    151 |               2 |          4 |      Fixed 
  1469 |  JC69 |        38 |    218 |              30 |         42 |      Fixed 
  1470 |  JC69 |         4 |    228 |               1 |          2 |      Fixed 
  1471 |  JC69 |        26 |    187 |              20 |         19 |      Fixed 
  1472 |  JC69 |         4 |     54 |               1 |          2 |      Fixed 
  1473 |  JC69 |         4 |    187 |               1 |          2 |      Fixed 
  1474 |  JC69 |        20 |    146 |              16 |          8 |      Fixed 
  1475 |  JC69 |        32 |    103 |               6 |          7 |      Fixed 
  1476 |  JC69 |        16 |    188 |               1 |          3 |      Fixed 
  1477 |  JC69 |         6 |     67 |               1 |          2 |      Fixed 
  1478 |  JC69 |         4 |    276 |               6 |          3 |      Fixed 
  1479 |  JC69 |         6 |    182 |               0 |          1 |      Fixed 
  1480 |  JC69 |        34 |    222 |               7 |          9 |      Fixed 
  1481 |  JC69 |        40 |     93 |               0 |          1 |      Fixed 
  1482 |  JC69 |        38 |    114 |               4 |          4 |      Fixed 
  1483 |  JC69 |        36 |    213 |               9 |         10 |      Fixed 
  1484 |  JC69 |        40 |    257 |               9 |          6 |      Fixed 
  1485 |  JC69 |        16 |    118 |              12 |          9 |      Fixed 
  1486 |  JC69 |         6 |    253 |               0 |          1 |      Fixed 
  1487 |  JC69 |        34 |     78 |               2 |          3 |      Fixed 
  1488 |  JC69 |        36 |    430 |             167 |        530 |      Fixed 
  1489 |  JC69 |        40 |     66 |               2 |          3 |      Fixed 
  1490 |  JC69 |        30 |    336 |             180 |         29 |      Fixed 
  1491 |  JC69 |        40 |    108 |               1 |          2 |      Fixed 
  1492 |  JC69 |         4 |    260 |               1 |          3 |      Fixed 
  1493 |  JC69 |         8 |    215 |               8 |          9 |      Fixed 
  1494 |  JC69 |        24 |    149 |              17 |          7 |      Fixed 
  1495 |  JC69 |        32 |    249 |               9 |          8 |      Fixed 
  1496 |  JC69 |        26 |    249 |              55 |         10 |      Fixed 
  1497 |  JC69 |        30 |    101 |              12 |          8 |      Fixed 
  1498 |  JC69 |         4 |    145 |              81 |          3 |      Fixed 
  1499 |  JC69 |        12 |    287 |              13 |         10 |      Fixed 
  1500 |  JC69 |        38 |    228 |               4 |          5 |      Fixed 
  1501 |  JC69 |         4 |    236 |              11 |          3 |      Fixed 
  1502 |  JC69 |        28 |     86 |               0 |          1 |      Fixed 
  1503 |  JC69 |        10 |     82 |               1 |          2 |      Fixed 
  1504 |  JC69 |        40 |    161 |               0 |          1 |      Fixed 
  1505 |  JC69 |         6 |    101 |               2 |          3 |      Fixed 
  1506 |  JC69 |        32 |    161 |               1 |          4 |      Fixed 
  1507 |  JC69 |        14 |     85 |               0 |          1 |      Fixed 
  1508 |  JC69 |         4 |    282 |              49 |          5 |      Fixed 
  1509 |  JC69 |        40 |    367 |             117 |         14 |      Fixed 
  1510 |  JC69 |        40 |    434 |             153 |         10 |      Fixed 
  1511 |  JC69 |         4 |    201 |              10 |          5 |      Fixed 
  1512 |  JC69 |        20 |    211 |              88 |         16 |      Fixed 
  1513 |  JC69 |        36 |    661 |             486 |         48 |      Fixed 
  1514 |  JC69 |        22 |    261 |              12 |         14 |      Fixed 
  1515 |  JC69 |        36 |    231 |              50 |          8 |      Fixed 
  1516 |  JC69 |        16 |    261 |              77 |         15 |      Fixed 
  1517 |  JC69 |        18 |    266 |              18 |         13 |      Fixed 
  1518 |  JC69 |         4 |     44 |               0 |          1 |      Fixed 
  1519 |  JC69 |         6 |    274 |              13 |          7 |      Fixed 
  1520 |  JC69 |        18 |    258 |              31 |         13 |      Fixed 
  1521 |  JC69 |        22 |    286 |              26 |         17 |      Fixed 
  1522 |  JC69 |        40 |    126 |               2 |          3 |      Fixed 
  1523 |  JC69 |        18 |    220 |               4 |         12 |      Fixed 
  1524 |  JC69 |        10 |    266 |              17 |         10 |      Fixed 
  1525 |  JC69 |        38 |    548 |              66 |         29 |      Fixed 
  1526 |  JC69 |        40 |    499 |              65 |         20 |      Fixed 
  1527 |  JC69 |         6 |    202 |              10 |          6 |      Fixed 
  1528 |  JC69 |        16 |    189 |              23 |          9 |      Fixed 
  1529 |  JC69 |        36 |    282 |              18 |         19 |      Fixed 
  1530 |  JC69 |         4 |    167 |               4 |          3 |      Fixed 
  1531 |  JC69 |        38 |    240 |               3 |          4 |      Fixed 
  1532 |  JC69 |        40 |    152 |               1 |          2 |      Fixed 
  1533 |  JC69 |         6 |    282 |              11 |          6 |      Fixed 
  1534 |  JC69 |         4 |    282 |               8 |          5 |      Fixed 
  1535 |  JC69 |        30 |     90 |               5 |          5 |      Fixed 
  1536 |  JC69 |        22 |    478 |             259 |         35 |      Fixed 
  1537 |  JC69 |        38 |    393 |              39 |         29 |      Fixed 
  1538 |  JC69 |        38 |    186 |              14 |         54 |      Fixed 
  1539 |  JC69 |         8 |    278 |              74 |         10 |      Fixed 
  1540 |  JC69 |        40 |    164 |              10 |          9 |      Fixed 
  1541 |  JC69 |        40 |    154 |               2 |          3 |      Fixed 
  1542 |  JC69 |        10 |     99 |               9 |         16 |      Fixed 
  1543 |  JC69 |        38 |    272 |              10 |          6 |      Fixed 
  1544 |  JC69 |        10 |    548 |             271 |          8 |      Fixed 
  1545 |  JC69 |        14 |    123 |              14 |          8 |      Fixed 
  1546 |  JC69 |        36 |    292 |              20 |         12 |      Fixed 
  1547 |  JC69 |        26 |     88 |               9 |          4 |      Fixed 
  1548 |  JC69 |        40 |     69 |               4 |          4 |      Fixed 
  1549 |  JC69 |         8 |     76 |               2 |          3 |      Fixed 
  1550 |  JC69 |        14 |    496 |             233 |         28 |      Fixed 
  1551 |  JC69 |        32 |    129 |               8 |          7 |      Fixed 
  1552 |  JC69 |         6 |    277 |              14 |          7 |      Fixed 
  1553 |  JC69 |        28 |     79 |              11 |          4 |      Fixed 
  1554 |  JC69 |         6 |    163 |               0 |          1 |      Fixed 
  1555 |  JC69 |        38 |    190 |               6 |          8 |      Fixed 
  1556 |  JC69 |         6 |    281 |              16 |          8 |      Fixed 
  1557 |  JC69 |        30 |    288 |              25 |         17 |      Fixed 
  1558 |  JC69 |        14 |     94 |              13 |          7 |      Fixed 
  1559 |  JC69 |        18 |    281 |              53 |         22 |      Fixed 
  1560 |  JC69 |        38 |    116 |               1 |          2 |      Fixed 
  1561 |  JC69 |        18 |    213 |               7 |          6 |      Fixed 
  1562 |  JC69 |        26 |    251 |              83 |         47 |      Fixed 
  1563 |  JC69 |        24 |    274 |              28 |         17 |      Fixed 
  1564 |  JC69 |        40 |     91 |               3 |          4 |      Fixed 
  1565 |  JC69 |         6 |     59 |               1 |          2 |      Fixed 
  1566 |  JC69 |        28 |    123 |               9 |          9 |      Fixed 
  1567 |  JC69 |         8 |    245 |               5 |          5 |      Fixed 
  1568 |  JC69 |        18 |    344 |              25 |         43 |      Fixed 
  1569 |  JC69 |        38 |    578 |             265 |         22 |      Fixed 
  1570 |  JC69 |        16 |    282 |              91 |         21 |      Fixed 
  1571 |  JC69 |         4 |    195 |               2 |          3 |      Fixed 
  1572 |  JC69 |        22 |    148 |               2 |          3 |      Fixed 
  1573 |  JC69 |         8 |    180 |               5 |          5 |      Fixed 
  1574 |  JC69 |         8 |    274 |              11 |          3 |      Fixed 
  1575 |  JC69 |        16 |    192 |               7 |          4 |      Fixed 
  1576 |  JC69 |        22 |    286 |              21 |         18 |      Fixed 
  1577 |  JC69 |        28 |    171 |               9 |         20 |      Fixed 
  1578 |  JC69 |        18 |    467 |              27 |         13 |      Fixed 
  1579 |  JC69 |        16 |    559 |             343 |         14 |      Fixed 
  1580 |  JC69 |        40 |    147 |               8 |          9 |      Fixed 
  1581 |  JC69 |        20 |     55 |               1 |          2 |      Fixed 
  1582 |  JC69 |        36 |    291 |              48 |         57 |      Fixed 
  1583 |  JC69 |        40 |    186 |               7 |          6 |      Fixed 
  1584 |  JC69 |         8 |    281 |              27 |         11 |      Fixed 
  1585 |  JC69 |        40 |    279 |               6 |         11 |      Fixed 
  1586 |  JC69 |        40 |    157 |               5 |          4 |      Fixed 
  1587 |  JC69 |        28 |    365 |             133 |         17 |      Fixed 
  1588 |  JC69 |        34 |    205 |               5 |          9 |      Fixed 
  1589 |  JC69 |         4 |    282 |               7 |          4 |      Fixed 
  1590 |  JC69 |        38 |     93 |               9 |          5 |      Fixed 
  1591 |  JC69 |        20 |     91 |              40 |          4 |      Fixed 
  1592 |  JC69 |         8 |    106 |               0 |          1 |      Fixed 
  1593 |  JC69 |        36 |     53 |               3 |          4 |      Fixed 
  1594 |  JC69 |         6 |    249 |               4 |          5 |      Fixed 
  1595 |  JC69 |        22 |     63 |               0 |          1 |      Fixed 
  1596 |  JC69 |         6 |    121 |               0 |          1 |      Fixed 
  1597 |  JC69 |        32 |     75 |               4 |          6 |      Fixed 
  1598 |  JC69 |        34 |     68 |               6 |          4 |      Fixed 
  1599 |  JC69 |        40 |     61 |               4 |          3 |      Fixed 
  1600 |  JC69 |        38 |    246 |             104 |          7 |      Fixed 
  1601 |  JC69 |         6 |     40 |               0 |          1 |      Fixed 
  1602 |  JC69 |        22 |    373 |             112 |         15 |      Fixed 
  1603 |  JC69 |         4 |    197 |               2 |          3 |      Fixed 
  1604 |  JC69 |        10 |    569 |             397 |         19 |      Fixed 
  1605 |  JC69 |        36 |     92 |               7 |          4 |      Fixed 
  1606 |  JC69 |        10 |    236 |              14 |          8 |      Fixed 
  1607 |  JC69 |        38 |    135 |               5 |          8 |      Fixed 
  1608 |  JC69 |        20 |    199 |              15 |         89 |      Fixed 
  1609 |  JC69 |        28 |    197 |              56 |          6 |      Fixed 
  1610 |  JC69 |         8 |    282 |               4 |          5 |      Fixed 
  1611 |  JC69 |         6 |     80 |               1 |          2 |      Fixed 
  1612 |  JC69 |         4 |    264 |              36 |          4 |      Fixed 
  1613 |  JC69 |        26 |    292 |              15 |          9 |      Fixed 
  1614 |  JC69 |        22 |    495 |             225 |         19 |      Fixed 
  1615 |  JC69 |         4 |    282 |               6 |          3 |      Fixed 
  1616 |  JC69 |         4 |     86 |               0 |          1 |      Fixed 
  1617 |  JC69 |         6 |    240 |              12 |          2 |      Fixed 
  1618 |  JC69 |         6 |     64 |               1 |          2 |      Fixed 
  1619 |  JC69 |        40 |    118 |               7 |         24 |      Fixed 
  1620 |  JC69 |         4 |     43 |               0 |          1 |      Fixed 
  1621 |  JC69 |        36 |    352 |             111 |         47 |      Fixed 
  1622 |  JC69 |        28 |     58 |               7 |          4 |      Fixed 
  1623 |  JC69 |         4 |    126 |               2 |          4 |      Fixed 
  1624 |  JC69 |        28 |     66 |              13 |          6 |      Fixed 
  1625 |  JC69 |        22 |    162 |              47 |         10 |      Fixed 
  1626 |  JC69 |        16 |    282 |              33 |         18 |      Fixed 
  1627 |  JC69 |        34 |     78 |               4 |          5 |      Fixed 
  1628 |  JC69 |        10 |     59 |               6 |          5 |      Fixed 
  1629 |  JC69 |        36 |    292 |              22 |         18 |      Fixed 
  1630 |  JC69 |        12 |    281 |             128 |         19 |      Fixed 
  1631 |  JC69 |        40 |    138 |               4 |          5 |      Fixed 
  1632 |  JC69 |        40 |    238 |               9 |         34 |      Fixed 
  1633 |  JC69 |        14 |    124 |               1 |          2 |      Fixed 
  1634 |  JC69 |        16 |    504 |             245 |         13 |      Fixed 
  1635 |  JC69 |        26 |    101 |               3 |          5 |      Fixed 
  1636 |  JC69 |        10 |     59 |               8 |          3 |      Fixed 
  1637 |  JC69 |        22 |    211 |               7 |          8 |      Fixed 
  1638 |  JC69 |        40 |    203 |               3 |          4 |      Fixed 
  1639 |  JC69 |        38 |    115 |               3 |          5 |      Fixed 
  1640 |  JC69 |         4 |    276 |              29 |          5 |      Fixed 
  1641 |  JC69 |        16 |    105 |               2 |          3 |      Fixed 
  1642 |  JC69 |        14 |    184 |               3 |          4 |      Fixed 
  1643 |  JC69 |        38 |     81 |               7 |          7 |      Fixed 
  1644 |  JC69 |        34 |     65 |               3 |          4 |      Fixed 
  1645 |  JC69 |         4 |    281 |               9 |          3 |      Fixed 
  1646 |  JC69 |        40 |    241 |               4 |          6 |      Fixed 
  1647 |  JC69 |        40 |    172 |               2 |          3 |      Fixed 
  1648 |  JC69 |         6 |     92 |               1 |          2 |      Fixed 
  1649 |  JC69 |        28 |     69 |               4 |          4 |      Fixed 
  1650 |  JC69 |        30 |    169 |              10 |          5 |      Fixed 
  1651 |  JC69 |         4 |    147 |              26 |          3 |      Fixed 
  1652 |  JC69 |        34 |    286 |              24 |         22 |      Fixed 
  1653 |  JC69 |        12 |    276 |              24 |         13 |      Fixed 
  1654 |  JC69 |        38 |    522 |              50 |         15 |      Fixed 
  1655 |  JC69 |        24 |    242 |              14 |          8 |      Fixed 
  1656 |  JC69 |        24 |    292 |              22 |         11 |      Fixed 
  1657 |  JC69 |        18 |    367 |             115 |         14 |      Fixed 
  1658 |  JC69 |        16 |     64 |               0 |          1 |      Fixed 
  1659 |  JC69 |        38 |    300 |              16 |         12 |      Fixed 
  1660 |  JC69 |         8 |    202 |               6 |          3 |      Fixed 
  1661 |  JC69 |        26 |     83 |               4 |          5 |      Fixed 
  1662 |  JC69 |         6 |    284 |              22 |         10 |      Fixed 
  1663 |  JC69 |        40 |    232 |               7 |          9 |      Fixed 
  1664 |  JC69 |        14 |    257 |              95 |          3 |      Fixed 
  1665 |  JC69 |         6 |    281 |              91 |         10 |      Fixed 
  1666 |  JC69 |         8 |     47 |               1 |          2 |      Fixed 
  1667 |  JC69 |        38 |    142 |              10 |         15 |      Fixed 
  1668 |  JC69 |        16 |    199 |               5 |          7 |      Fixed 
  1669 |  JC69 |        14 |    130 |              13 |          8 |      Fixed 
  1670 |  JC69 |        40 |    179 |               7 |          8 |      Fixed 
  1671 |  JC69 |         4 |    112 |              11 |          4 |      Fixed 
  1672 |  JC69 |         4 |    279 |              11 |          5 |      Fixed 
  1673 |  JC69 |        32 |    154 |              18 |         14 |      Fixed 
  1674 |  JC69 |         8 |     60 |               2 |          3 |      Fixed 
  1675 |  JC69 |        10 |    208 |               2 |          3 |      Fixed 
  1676 |  JC69 |        28 |    106 |               1 |          2 |      Fixed 
  1677 |  JC69 |        36 |    378 |             114 |         18 |      Fixed 
  1678 |  JC69 |        10 |    365 |              14 |          4 |      Fixed 
  1679 |  JC69 |        18 |    188 |              32 |         18 |      Fixed 
  1680 |  JC69 |        36 |    584 |              16 |         12 |      Fixed 
  1681 |  JC69 |        28 |    116 |               2 |          5 |      Fixed 
  1682 |  JC69 |        22 |    186 |               8 |          8 |      Fixed 
  1683 |  JC69 |         4 |     60 |               2 |          4 |      Fixed 
  1684 |  JC69 |         8 |     98 |               4 |          5 |      Fixed 
  1685 |  JC69 |        12 |     47 |               0 |          1 |      Fixed 
  1686 |  JC69 |         4 |    206 |              22 |          4 |      Fixed 
  1687 |  JC69 |        18 |    285 |              33 |         24 |      Fixed 
  1688 |  JC69 |        36 |    171 |              13 |         54 |      Fixed 
  1689 |  JC69 |        10 |    187 |               4 |          7 |      Fixed 
  1690 |  JC69 |         4 |    189 |              58 |          3 |      Fixed 
  1691 |  JC69 |        30 |    180 |               4 |          5 |      Fixed 
  1692 |  JC69 |         4 |    107 |               0 |          1 |      Fixed 
  1693 |  JC69 |         6 |     39 |               1 |          2 |      Fixed 
  1694 |  JC69 |         6 |    279 |              16 |          7 |      Fixed 
  1695 |  JC69 |        40 |     75 |               3 |          4 |      Fixed 
  1696 |  JC69 |        26 |    308 |              35 |         21 |      Fixed 
  1697 |  JC69 |        36 |    181 |              68 |          5 |      Fixed 
  1698 |  JC69 |        10 |    282 |               5 |          7 |      Fixed 
  1699 |  JC69 |        20 |     80 |              28 |          8 |      Fixed 
  1700 |  JC69 |         6 |    209 |               0 |          1 |      Fixed 
  1701 |  JC69 |        38 |    103 |               3 |          7 |      Fixed 
  1702 |  JC69 |        38 |     89 |               6 |         12 |      Fixed 
  1703 |  JC69 |        24 |    285 |              24 |         24 |      Fixed 
  1704 |  JC69 |        32 |     99 |              14 |         13 |      Fixed 
  1705 |  JC69 |        36 |    152 |              18 |         49 |      Fixed 
  1706 |  JC69 |        10 |    194 |              57 |          9 |      Fixed 
  1707 |  JC69 |         6 |    269 |              23 |         10 |      Fixed 
  1708 |  JC69 |        40 |    177 |               3 |          4 |      Fixed 
  1709 |  JC69 |        40 |    125 |               2 |          3 |      Fixed 
  1710 |  JC69 |         8 |    288 |              15 |          5 |      Fixed 
  1711 |  JC69 |         4 |    278 |               7 |          4 |      Fixed 
  1712 |  JC69 |        40 |    135 |               3 |          4 |      Fixed 
  1713 |  JC69 |        32 |    158 |               3 |          5 |      Fixed 
  1714 |  JC69 |        24 |    290 |             156 |         16 |      Fixed 
  1715 |  JC69 |         8 |    251 |              15 |          5 |      Fixed 
  1716 |  JC69 |        24 |    229 |              23 |         18 |      Fixed 
  1717 |  JC69 |         4 |    232 |              16 |          4 |      Fixed 
  1718 |  JC69 |        38 |     96 |               1 |          2 |      Fixed 
  1719 |  JC69 |        34 |    147 |               9 |          8 |      Fixed 
  1720 |  JC69 |         4 |     50 |               0 |          1 |      Fixed 
  1721 |  JC69 |        12 |    280 |              12 |          7 |      Fixed 
  1722 |  JC69 |        32 |     90 |               4 |          2 |      Fixed 
  1723 |  JC69 |        16 |    285 |              29 |         19 |      Fixed 
  1724 |  JC69 |        24 |    203 |              22 |         15 |      Fixed 
  1725 |  JC69 |         4 |    282 |              11 |          5 |      Fixed 
  1726 |  JC69 |         4 |    256 |              28 |          6 |      Fixed 
  1727 |  JC69 |        36 |    178 |               5 |          6 |      Fixed 
  1728 |  JC69 |        40 |    146 |               3 |          3 |      Fixed 
  1729 |  JC69 |        38 |     69 |               3 |          3 |      Fixed 
  1730 |  JC69 |         4 |    260 |               2 |          2 |      Fixed 
  1731 |  JC69 |         4 |    242 |               7 |          7 |      Fixed 
  1732 |  JC69 |         4 |    204 |              65 |          3 |      Fixed 
  1733 |  JC69 |         8 |    141 |               7 |          9 |      Fixed 
  1734 |  JC69 |        16 |    296 |              95 |         26 |      Fixed 
  1735 |  JC69 |         4 |    279 |             137 |          4 |      Fixed 
  1736 |  JC69 |        40 |    112 |               4 |          5 |      Fixed 
  1737 |  JC69 |        32 |    292 |              25 |         17 |      Fixed 
  1738 |  JC69 |        40 |    406 |             151 |         12 |      Fixed 
  1739 |  JC69 |         4 |    178 |               0 |          1 |      Fixed 
  1740 |  JC69 |         4 |     55 |               0 |          1 |      Fixed 
  1741 |  JC69 |         8 |    342 |             124 |          8 |      Fixed 
  1742 |  JC69 |        30 |    283 |              15 |         54 |      Fixed 
  1743 |  JC69 |         8 |    280 |               9 |          5 |      Fixed 
  1744 |  JC69 |         8 |    281 |              18 |          8 |      Fixed 
  1745 |  JC69 |        12 |    281 |              43 |         10 |      Fixed 
  1746 |  JC69 |        32 |    151 |               5 |          8 |      Fixed 
  1747 |  JC69 |        40 |     80 |               3 |          4 |      Fixed 
  1748 |  JC69 |         8 |    129 |               2 |          3 |      Fixed 
  1749 |  JC69 |        10 |    281 |               7 |          7 |      Fixed 
  1750 |  JC69 |        16 |    189 |               8 |         12 |      Fixed 
  1751 |  JC69 |        10 |    268 |              82 |          8 |      Fixed 
  1752 |  JC69 |         6 |    114 |               0 |          1 |      Fixed 
  1753 |  JC69 |        12 |    283 |              50 |         34 |      Fixed 
  1754 |  JC69 |        38 |    379 |             296 |        100 |      Fixed 
  1755 |  JC69 |        20 |    229 |              52 |         32 |      Fixed 
  1756 |  JC69 |        28 |    225 |              12 |         13 |      Fixed 
  1757 |  JC69 |         4 |     90 |               0 |          1 |      Fixed 
  1758 |  JC69 |        22 |    146 |              39 |          7 |      Fixed 
  1759 |  JC69 |         4 |    224 |               1 |          2 |      Fixed 
  1760 |  JC69 |        10 |    280 |              31 |         11 |      Fixed 
  1761 |  JC69 |         8 |     61 |               0 |          1 |      Fixed 
  1762 |  JC69 |        18 |    285 |             105 |         26 |      Fixed 
  1763 |  JC69 |        26 |    228 |               6 |          8 |      Fixed 
  1764 |  JC69 |         4 |     67 |               0 |          1 |      Fixed 
  1765 |  JC69 |         6 |    106 |               8 |          5 |      Fixed 
  1766 |  JC69 |         4 |    486 |             215 |          3 |      Fixed 
  1767 |  JC69 |        32 |    181 |               4 |          5 |      Fixed 
  1768 |  JC69 |         8 |    255 |              21 |          5 |      Fixed 
  1769 |  JC69 |        34 |     72 |               1 |          2 |      Fixed 
  1770 |  JC69 |         6 |    257 |              10 |          6 |      Fixed 
  1771 |  JC69 |        40 |    146 |               2 |          3 |      Fixed 
  1772 |  JC69 |        26 |    481 |             244 |         37 |      Fixed 
  1773 |  JC69 |        40 |    146 |               4 |          3 |      Fixed 
  1774 |  JC69 |         6 |    275 |              25 |         12 |      Fixed 
  1775 |  JC69 |         4 |    277 |               8 |          5 |      Fixed 
  1776 |  JC69 |         4 |    276 |              49 |          5 |      Fixed 
  1777 |  JC69 |        40 |    292 |              30 |         33 |      Fixed 
  1778 |  JC69 |        26 |    124 |              10 |         12 |      Fixed 
  1779 |  JC69 |        38 |    234 |              83 |         63 |      Fixed 
  1780 |  JC69 |         4 |     90 |               1 |          3 |      Fixed 
  1781 |  JC69 |         4 |    222 |               2 |          3 |      Fixed 
  1782 |  JC69 |        32 |     75 |               4 |          5 |      Fixed 
  1783 |  JC69 |        38 |    323 |             155 |         18 |      Fixed 
  1784 |  JC69 |        30 |    292 |              31 |         16 |      Fixed 
  1785 |  JC69 |        40 |     76 |              17 |         11 |      Fixed 
  1786 |  JC69 |         4 |    212 |               1 |          3 |      Fixed 
  1787 |  JC69 |         4 |    404 |             123 |          5 |      Fixed 
  1788 |  JC69 |        26 |     90 |               2 |          4 |      Fixed 
  1789 |  JC69 |        40 |    103 |               2 |          3 |      Fixed 
  1790 |  JC69 |         4 |    276 |               7 |          5 |      Fixed 
  1791 |  JC69 |        32 |     57 |               0 |          1 |      Fixed 
  1792 |  JC69 |        38 |    126 |               5 |          7 |      Fixed 
  1793 |  JC69 |        40 |    125 |               2 |          3 |      Fixed 
  1794 |  JC69 |        24 |    253 |              15 |          9 |      Fixed 
  1795 |  JC69 |        14 |    300 |              71 |         11 |      Fixed 
  1796 |  JC69 |        40 |    134 |               3 |          4 |      Fixed 
  1797 |  JC69 |        38 |    251 |               8 |        134 |      Fixed 
  1798 |  JC69 |         8 |     59 |               2 |          2 |      Fixed 
  1799 |  JC69 |         6 |     73 |               0 |          1 |      Fixed 
  1800 |  JC69 |        40 |    114 |              21 |         16 |      Fixed 
  1801 |  JC69 |        38 |    296 |             100 |         40 |      Fixed 
  1802 |  JC69 |        38 |    133 |               5 |          7 |      Fixed 
  1803 |  JC69 |        24 |     81 |              49 |         15 |      Fixed 
  1804 |  JC69 |         6 |     48 |               0 |          1 |      Fixed 
  1805 |  JC69 |        20 |    163 |               7 |          5 |      Fixed 
  1806 |  JC69 |        16 |    174 |               8 |          6 |      Fixed 
  1807 |  JC69 |        18 |    263 |              69 |         10 |      Fixed 
  1808 |  JC69 |         6 |     75 |               1 |          2 |      Fixed 
  1809 |  JC69 |         4 |     38 |               1 |          2 |      Fixed 
  1810 |  JC69 |         6 |     92 |               2 |          3 |      Fixed 
  1811 |  JC69 |        16 |    172 |              18 |         12 |      Fixed 
  1812 |  JC69 |         8 |    282 |              78 |         14 |      Fixed 
  1813 |  JC69 |         8 |     89 |               5 |         10 |      Fixed 
  1814 |  JC69 |         4 |    160 |               8 |          5 |      Fixed 
  1815 |  JC69 |        12 |    108 |              15 |         16 |      Fixed 
  1816 |  JC69 |        34 |    334 |             150 |          6 |      Fixed 
  1817 |  JC69 |         4 |    281 |              12 |          7 |      Fixed 
  1818 |  JC69 |        38 |    356 |              24 |         17 |      Fixed 
  1819 |  JC69 |        16 |    114 |              40 |          9 |      Fixed 
  1820 |  JC69 |        10 |    120 |               5 |          5 |      Fixed 
  1821 |  JC69 |        38 |     52 |               4 |          5 |      Fixed 
  1822 |  JC69 |        10 |    257 |              11 |          5 |      Fixed 
  1823 |  JC69 |        16 |    285 |              18 |         13 |      Fixed 
  1824 |  JC69 |        24 |    282 |              33 |         27 |      Fixed 
  1825 |  JC69 |        10 |    277 |               5 |          6 |      Fixed 
  1826 |  JC69 |        32 |     81 |               1 |          2 |      Fixed 
  1827 |  JC69 |        40 |    109 |              10 |         11 |      Fixed 
  1828 |  JC69 |         6 |    179 |               2 |          5 |      Fixed 
  1829 |  JC69 |        10 |    273 |              10 |          7 |      Fixed 
  1830 |  JC69 |        16 |    126 |              13 |         20 |      Fixed 
  1831 |  JC69 |        40 |    195 |               7 |         11 |      Fixed 
  1832 |  JC69 |         4 |     66 |               1 |          2 |      Fixed 
  1833 |  JC69 |         4 |    167 |               0 |          1 |      Fixed 
  1834 |  JC69 |        12 |     57 |               3 |          4 |      Fixed 
  1835 |  JC69 |         4 |    199 |               1 |          2 |      Fixed 
  1836 |  JC69 |         4 |     92 |               0 |          1 |      Fixed 
  1837 |  JC69 |        10 |     73 |               3 |          2 |      Fixed 
  1838 |  JC69 |         8 |    280 |              77 |         12 |      Fixed 
  1839 |  JC69 |         4 |     72 |               0 |          1 |      Fixed 
  1840 |  JC69 |        26 |    586 |             201 |         20 |      Fixed 
  1841 |  JC69 |         6 |    111 |               1 |          2 |      Fixed 
  1842 |  JC69 |        34 |    139 |               2 |          3 |      Fixed 
  1843 |  JC69 |        16 |    279 |              17 |         19 |      Fixed 
  1844 |  JC69 |         4 |    122 |              10 |          5 |      Fixed 
  1845 |  JC69 |        14 |    282 |              14 |          9 |      Fixed 
  1846 |  JC69 |        28 |    136 |               2 |          3 |      Fixed 
  1847 |  JC69 |        12 |    261 |              22 |          7 |      Fixed 
  1848 |  JC69 |        40 |    176 |              12 |          8 |      Fixed 
  1849 |  JC69 |         8 |     82 |               5 |          2 |      Fixed 
  1850 |  JC69 |        40 |    167 |               4 |          5 |      Fixed 
  1851 |  JC69 |        10 |    282 |              72 |         13 |      Fixed 
  1852 |  JC69 |         4 |    283 |               7 |          3 |      Fixed 
  1853 |  JC69 |         4 |    286 |              16 |          6 |      Fixed 
  1854 |  JC69 |         4 |    231 |               0 |          2 |      Fixed 
  1855 |  JC69 |         6 |    257 |              15 |          6 |      Fixed 
  1856 |  JC69 |        14 |    195 |              91 |         35 |      Fixed 
  1857 |  JC69 |         6 |    116 |               9 |          4 |      Fixed 
  1858 |  JC69 |        40 |    109 |               6 |          7 |      Fixed 
  1859 |  JC69 |        30 |    286 |              21 |         18 |      Fixed 
  1860 |  JC69 |        40 |    240 |              64 |         12 |      Fixed 
  1861 |  JC69 |        40 |    137 |               4 |          5 |      Fixed 
  1862 |  JC69 |         6 |     61 |               4 |          3 |      Fixed 
  1863 |  JC69 |         8 |     63 |               4 |          6 |      Fixed 
  1864 |  JC69 |        34 |    189 |               6 |          7 |      Fixed 
  1865 |  JC69 |        30 |     54 |               1 |          2 |      Fixed 
  1866 |  JC69 |        24 |    192 |              16 |         16 |      Fixed 
  1867 |  JC69 |        16 |    281 |              58 |         16 |      Fixed 
  1868 |  JC69 |        12 |    282 |              77 |         11 |      Fixed 
  1869 |  JC69 |         6 |     41 |               0 |          1 |      Fixed 
  1870 |  JC69 |         8 |    183 |               6 |          6 |      Fixed 
  1871 |  JC69 |        14 |     71 |               0 |          2 |      Fixed 
  1872 |  JC69 |         8 |    277 |              15 |         10 |      Fixed 
  1873 |  JC69 |        30 |    366 |              12 |         25 |      Fixed 
  1874 |  JC69 |         8 |     38 |               1 |          2 |      Fixed 
  1875 |  JC69 |         8 |     69 |               7 |          3 |      Fixed 
  1876 |  JC69 |        18 |    102 |              14 |         10 |      Fixed 
  1877 |  JC69 |        18 |    186 |               6 |          6 |      Fixed 
  1878 |  JC69 |        12 |    144 |               5 |          9 |      Fixed 
  1879 |  JC69 |         4 |    281 |               9 |          5 |      Fixed 
  1880 |  JC69 |        36 |    292 |              30 |         24 |      Fixed 
  1881 |  JC69 |         6 |    259 |              17 |          5 |      Fixed 
  1882 |  JC69 |        30 |    137 |              13 |          6 |      Fixed 
  1883 |  JC69 |        20 |    282 |              95 |         19 |      Fixed 
  1884 |  JC69 |        18 |    261 |              28 |         29 |      Fixed 
  1885 |  JC69 |         6 |    286 |              18 |         13 |      Fixed 
  1886 |  JC69 |         8 |     46 |               0 |          1 |      Fixed 
  1887 |  JC69 |         8 |     65 |              22 |          3 |      Fixed 
  1888 |  JC69 |        30 |    568 |             548 |         54 |      Fixed 
  1889 |  JC69 |         6 |    278 |             138 |          2 |      Fixed 
  1890 |  JC69 |         6 |    270 |               0 |          1 |      Fixed 
  1891 |  JC69 |         4 |    139 |               0 |          1 |      Fixed 
  1892 |  JC69 |        16 |     62 |               1 |          2 |      Fixed 
  1893 |  JC69 |        28 |    157 |               5 |          6 |      Fixed 
  1894 |  JC69 |         4 |    281 |              23 |          4 |      Fixed 
  1895 |  JC69 |         6 |    278 |             138 |          6 |      Fixed 
  1896 |  JC69 |        18 |    416 |             150 |         10 |      Fixed 
  1897 |  JC69 |         8 |    262 |               4 |          6 |      Fixed 
  1898 |  JC69 |        38 |     85 |               2 |          3 |      Fixed 
  1899 |  JC69 |        40 |     43 |               3 |          5 |      Fixed 
  1900 |  JC69 |        26 |    147 |              29 |         33 |      Fixed 
  1901 |  JC69 |        10 |     83 |               6 |          5 |      Fixed 
  1902 |  JC69 |        22 |     99 |               5 |         15 |      Fixed 
  1903 |  JC69 |         8 |    275 |             153 |         12 |      Fixed 
  1904 |  JC69 |         4 |     80 |               0 |          1 |      Fixed 
  1905 |  JC69 |        12 |    414 |             176 |         16 |      Fixed 
  1906 |  JC69 |        40 |    404 |              16 |         17 |      Fixed 
  1907 |  JC69 |        40 |     54 |               1 |          2 |      Fixed 
  1908 |  JC69 |         8 |    284 |              12 |          9 |      Fixed 
  1909 |  JC69 |         8 |     74 |               2 |          3 |      Fixed 
  1910 |  JC69 |        20 |    243 |             134 |         18 |      Fixed 
  1911 |  JC69 |        36 |    140 |               5 |         30 |      Fixed 
  1912 |  JC69 |        20 |     68 |               8 |          9 |      Fixed 
  1913 |  JC69 |         6 |     61 |               0 |          1 |      Fixed 
  1914 |  JC69 |        32 |    103 |              11 |          8 |      Fixed 
  1915 |  JC69 |        34 |    445 |             263 |         55 |      Fixed 
  1916 |  JC69 |         4 |    278 |              15 |          7 |      Fixed 
  1917 |  JC69 |        16 |    121 |               2 |          4 |      Fixed 
  1918 |  JC69 |        38 |    144 |              24 |         23 |      Fixed 
  1919 |  JC69 |        40 |     50 |               3 |          5 |      Fixed 
  1920 |  JC69 |        32 |     76 |               3 |          6 |      Fixed 
  1921 |  JC69 |         4 |    379 |              55 |          7 |      Fixed 
  1922 |  JC69 |        14 |    190 |              52 |         14 |      Fixed 
  1923 |  JC69 |        40 |    106 |               5 |          6 |      Fixed 
  1924 |  JC69 |        12 |    153 |               0 |          1 |      Fixed 
  1925 |  JC69 |        38 |    326 |              18 |         21 |      Fixed 
  1926 |  JC69 |         4 |    282 |              15 |          4 |      Fixed 
  1927 |  JC69 |        38 |    602 |             295 |         22 |      Fixed 
  1928 |  JC69 |         6 |     61 |               0 |          1 |      Fixed 
  1929 |  JC69 |         4 |     62 |               0 |          1 |      Fixed 
  1930 |  JC69 |        14 |    144 |               8 |          4 |      Fixed 
  1931 |  JC69 |        16 |     97 |              39 |          9 |      Fixed 
  1932 |  JC69 |        10 |    107 |               3 |          2 |      Fixed 
  1933 |  JC69 |         4 |    115 |               2 |          3 |      Fixed 
  1934 |  JC69 |         4 |    108 |              47 |          5 |      Fixed 
  1935 |  JC69 |        12 |     90 |              39 |         10 |      Fixed 
  1936 |  JC69 |         4 |     59 |               0 |          1 |      Fixed 
  1937 |  JC69 |         4 |    159 |               1 |          3 |      Fixed 
  1938 |  JC69 |         6 |    138 |               4 |          7 |      Fixed 
  1939 |  JC69 |         8 |     58 |              19 |          4 |      Fixed 
  1940 |  JC69 |         4 |    164 |               0 |          2 |      Fixed 
  1941 |  JC69 |         4 |    210 |              71 |          3 |      Fixed 
  1942 |  JC69 |         8 |    140 |               0 |          1 |      Fixed 
  1943 |  JC69 |         6 |     70 |               5 |          5 |      Fixed 
  1944 |  JC69 |        10 |    139 |              18 |          5 |      Fixed 
  1945 |  JC69 |         6 |     40 |               2 |          3 |      Fixed 
  1946 |  JC69 |         6 |     59 |               4 |          4 |      Fixed 
  1947 |  JC69 |        12 |    154 |               9 |         17 |      Fixed 
  1948 |  JC69 |         4 |    129 |               5 |          3 |      Fixed 
  1949 |  JC69 |         4 |    280 |              11 |          6 |      Fixed 
  1950 |  JC69 |         4 |    141 |              89 |          5 |      Fixed 
  1951 |  JC69 |         8 |    105 |              16 |          3 |      Fixed 
  1952 |  JC69 |         4 |     89 |               7 |          6 |      Fixed 
  1953 |  JC69 |        18 |    141 |               3 |          4 |      Fixed 
  1954 |  JC69 |         6 |     93 |               9 |          5 |      Fixed 
  1955 |  JC69 |        12 |     41 |               0 |          1 |      Fixed 
  1956 |  JC69 |         4 |    114 |               1 |          2 |      Fixed 
  1957 |  JC69 |         4 |    260 |              34 |          4 |      Fixed 
  1958 |  JC69 |        34 |    375 |              56 |         49 |      Fixed 
  1959 |  JC69 |        24 |    277 |              13 |         22 |      Fixed 
  1960 |  JC69 |         6 |    282 |               9 |          4 |      Fixed 
  1961 |  JC69 |         4 |    186 |               0 |          1 |      Fixed 
  1962 |  JC69 |        26 |     62 |               3 |          4 |      Fixed 
  1963 |  JC69 |         6 |    103 |               0 |          1 |      Fixed 
  1964 |  JC69 |        26 |    243 |              23 |         16 |      Fixed 
  1965 |  JC69 |         4 |    135 |               0 |          1 |      Fixed 
  1966 |  JC69 |         4 |     42 |              12 |          4 |      Fixed 
  1967 |  JC69 |        18 |     86 |              14 |         11 |      Fixed 
  1968 |  JC69 |         4 |    303 |              11 |          4 |      Fixed 
  1969 |  JC69 |        40 |    217 |              53 |         16 |      Fixed 
  1970 |  JC69 |        26 |    151 |              17 |         13 |      Fixed 
  1971 |  JC69 |        36 |    163 |               2 |          3 |      Fixed 
  1972 |  JC69 |        34 |    123 |              26 |          6 |      Fixed 
  1973 |  JC69 |         8 |    128 |               3 |          3 |      Fixed 
  1974 |  JC69 |         6 |    208 |               2 |          5 |      Fixed 
  1975 |  JC69 |         6 |    280 |              12 |          2 |      Fixed 
  1976 |  JC69 |         4 |    340 |             136 |          3 |      Fixed 
  1977 |  JC69 |         6 |     59 |               0 |          1 |      Fixed 
  1978 |  JC69 |         6 |    281 |              78 |          5 |      Fixed 
  1979 |  JC69 |         4 |    161 |               2 |          3 |      Fixed 
  1980 |  JC69 |         4 |    202 |               2 |          3 |      Fixed 
  1981 |  JC69 |        40 |    276 |             104 |          9 |      Fixed 
  1982 |  JC69 |        40 |    111 |               3 |          6 |      Fixed 
  1983 |  JC69 |         4 |    145 |               9 |          4 |      Fixed 
  1984 |  JC69 |        20 |    333 |             127 |         21 |      Fixed 
  1985 |  JC69 |         6 |     44 |               1 |          2 |      Fixed 
  1986 |  JC69 |         4 |     76 |               2 |          3 |      Fixed 
  1987 |  JC69 |        40 |    260 |              12 |        115 |      Fixed 
  1988 |  JC69 |         6 |    162 |               2 |          3 |      Fixed 
  1989 |  JC69 |         6 |    286 |               8 |          4 |      Fixed 
  1990 |  JC69 |         4 |    280 |               8 |          6 |      Fixed 
  1991 |  JC69 |         6 |     78 |               1 |          2 |      Fixed 
  1992 |  JC69 |        12 |    280 |             121 |         18 |      Fixed 
  1993 |  JC69 |         6 |     67 |               0 |          2 |      Fixed 
  1994 |  JC69 |        38 |    223 |             100 |         41 |      Fixed 
  1995 |  JC69 |        30 |     82 |               6 |          7 |      Fixed 
  1996 |  JC69 |        26 |    282 |              21 |         20 |      Fixed 
  1997 |  JC69 |         4 |    119 |               1 |          3 |      Fixed 
  1998 |  JC69 |        40 |     77 |               2 |          3 |      Fixed 
  1999 |  JC69 |         4 |    538 |             261 |          4 |      Fixed 
  2000 |  JC69 |         4 |     87 |               4 |          2 |      Fixed 


Per-locus sequences in data and 'species&tree' tag:
C.File | Data |                Status                | Population
-------+------+--------------------------------------+-----------
    18 |   18 | [OK]                                 | ajan      
    22 |   22 | [OK]                                 | alas      


Map of populations and ancestors (1 in map indicates ancestor):
  Species   1  2  3
1 ajan      1  0  1
2 alas      0  1  1
3 R         0  0  1

Generating gene trees.... Done

Initial MSC density and log-likelihood of observing data:
log-PG0 = 221075.363264   log-L0 = -782336.860894


bitmatrix for MSC-M
 0 ajan         0.00000   0  1  0
 1 alas         0.00000   1  0  0
 2 R            0.00500   0  0  0
[EXPERIMENTAL] - New extended IM rubberband algorithm
Theta proposal: Mixed: Sliding window (0.10) + Inv-G approx Gibbs (0.90))
Linked thetas: none
0:00 taken to read and process data..
Restarting timer...


-*- Terms index -*-

  Prgs: progress of MCMC run (negative progress means burnin)
  Gage: gene-tree age proposal
  Gspr: gene-tree SPR proposal
   th1: species tree theta proposal (tips)   (sliding window)
   th2: species tree theta proposal (inner)  (sliding window)
   thg: species tree theta proposal (inner)  (gibbs sampler)
   tau: species tree tau proposal
   mix: mixing proposal
   wr1: migration rates proposal (sliding window)
   wrg: migration rates proposal (gibbs sampler)
  mrte: migration rates proposal
theta1: mean theta of node 1
theta2: mean theta of node 2
theta3: mean theta of node 3
  tau1: root node mean tau
    W1: mean migration rate ajan -> alas
    W2: mean migration rate alas -> ajan
log-PG: log-probability of gene trees (MSC)
 log-L: mean log-L of observing data

     |            Acceptance proportions            |
Prgs | Gage Gspr  th1  th2  thg  tau  mix wr1  wrg  | theta1 theta2 theta3    tau1      W1     W2         log-PG          log-L
-------------------------------------------------------------------------------------------------------------------------------


                      Gage    Gspr     th1     th2     tau     mix     wr1  
Current Pjump:      0.70431 0.66429 0.02075 0.00000 0.00440 0.02160 0.03661
Current finetune:   5.00000 0.00100 0.00050 0.00200 0.00100 0.30000 0.10000
New finetune:      19.58608 0.00337 0.00003 0.00002 0.00001 0.01998 0.01130

=> 'finetune = 1 Gage:19.586081 Gspr:0.003370 th1:0.000032 th2:0.000020 tau:0.000014 mix:0.019985 wr1:0.011300'

  -0%  0.71 0.67 0.86 0.66 1.00 0.27 0.47 0.72 1.00   0.0069 0.0088 0.0029  0.0005  301.1613 887.7123   247367.94504  -684444.28703

                      Gage    Gspr     th1     th2     tau     mix     wr1  
Current Pjump:      0.71041 0.66572 0.86164 0.66116 0.26640 0.46840 0.71957
Current finetune:  19.58608 0.00337 0.00003 0.00002 0.00001 0.01998 0.01130
New finetune:      78.59226 0.01142 0.00028 0.00007 0.00001 0.03551 0.04705

=> 'finetune = 1 Gage:78.592263 Gspr:0.011417 th1:0.000284 th2:0.000067 tau:0.000012 mix:0.035509 wr1:0.047045'



                      Gage    Gspr     th1     th2     tau     mix     wr1  
Current Pjump:      0.71052 0.66611 0.19013 0.22951 0.31680 0.21680 0.29113
Current finetune:  78.59226 0.01142 0.00028 0.00007 0.00001 0.03551 0.04705
New finetune:      99.00000 0.03873 0.00017 0.00005 0.00001 0.02470 0.04544

=> 'finetune = 1 Gage:99.000000 Gspr:0.038732 th1:0.000172 th2:0.000049 tau:0.000013 mix:0.024695 wr1:0.045436'

   0%  0.71 0.67 0.34 0.33 1.00 0.28 0.38 0.29 1.00   0.0067 0.0093 0.0030  0.0005  186.8788 971.6910   263764.71657  -684448.18501  54:02


                      Gage    Gspr     th1     th2     tau     mix     wr1  
Current Pjump:      0.71024 0.66582 0.33921 0.33466 0.27840 0.37640 0.29158
Current finetune:  99.00000 0.03873 0.00017 0.00005 0.00001 0.02470 0.04544
New finetune:      99.00000 0.13126 0.00020 0.00006 0.00001 0.03254 0.04396

=> 'finetune = 1 Gage:99.000000 Gspr:0.131260 th1:0.000199 th2:0.000056 tau:0.000012 mix:0.032539 wr1:0.043960'

   1%  0.71 0.67 0.31 0.30 1.00 0.33 0.26 0.27 1.00   0.0078 0.0088 0.0030  0.0005  407.3107 584.7736   253150.72051  -684435.01557   1%  0.71 0.67 0.33 0.28 1.00 0.33 0.27 0.27 1.00   0.0077 0.0090 0.0030  0.0005  342.8501 622.2820   252385.30307  -684430.56715   2%  0.71 0.67 0.32 0.27 1.00 0.33 0.26 0.28 1.00   0.0075 0.0091 0.0030  0.0005  304.1771 680.1092   247534.43635  -684415.22886   2%  0.71 0.67 0.32 0.26 1.00 0.33 0.26 0.28 1.00   0.0075 0.0091 0.0030  0.0005  296.9011 687.0864   248561.01324  -684397.47669   3%  0.71 0.67 0.31 0.26 1.00 0.33 0.26 0.28 1.00   0.0075 0.0090 0.0030  0.0005  303.5583 701.8292   263790.02754  -684384.51518   3%  0.71 0.67 0.31 0.26 1.00 0.32 0.26 0.28 1.00   0.0075 0.0089 0.0030  0.0005  329.8147 691.7691   259366.94111  -684373.15500   4%  0.71 0.67 0.31 0.27 1.00 0.32 0.26 0.27 1.00   0.0075 0.0089 0.0030  0.0005  339.0663 686.4170   257071.60259  -684366.98582   4%  0.71 0.67 0.31 0.26 1.00 0.32 0.26 0.27 1.00   0.0075 0.0088 0.0030  0.0005  340.0262 681.8716   246416.07253  -684363.41455   5%  0.71 0.67 0.31 0.26 1.00 0.32 0.27 0.27 1.00   0.0076 0.0088 0.0030  0.0005  343.6035 667.2508   253931.94292  -684358.68465   5%  0.71 0.67 0.31 0.26 1.00 0.32 0.27 0.27 1.00   0.0076 0.0088 0.0030  0.0005  350.1403 651.0927   258810.43517  -684354.13080  7:07:14
   6%  0.71 0.67 0.31 0.26 1.00 0.32 0.27 0.27 1.00   0.0076 0.0088 0.0030  0.0005  351.3015 656.2749   261776.92115  -684348.05082   6%  0.71 0.67 0.31 0.26 1.00 0.32 0.27 0.28 1.00   0.0076 0.0088 0.0030  0.0005  347.6139 663.3555   261553.59934  -684343.98138   7%  0.71 0.67 0.31 0.26 1.00 0.32 0.27 0.27 1.00   0.0076 0.0088 0.0030  0.0005  351.5838 664.7741   250059.35719  -684340.48207   7%  0.71 0.67 0.31 0.26 1.00 0.32 0.27 0.27 1.00   0.0076 0.0088 0.0030  0.0005  355.8279 657.1138   255875.95194  -684337.58531   8%  0.71 0.67 0.31 0.26 1.00 0.32 0.27 0.27 1.00   0.0076 0.0088 0.0030  0.0005  357.7070 654.1528   248881.30003  -684335.36291   8%  0.71 0.67 0.30 0.26 1.00 0.32 0.27 0.27 1.00   0.0076 0.0088 0.0030  0.0005  349.1379 668.9279   256564.89699  -684332.83266   9%  0.71 0.67 0.31 0.25 1.00 0.32 0.27 0.28 1.00   0.0076 0.0088 0.0030  0.0005  343.2065 676.5903   250682.29336  -684330.04486   9%  0.71 0.67 0.31 0.25 1.00 0.32 0.27 0.28 1.00   0.0076 0.0088 0.0030  0.0005  346.0750 668.7045   257543.19993  -684327.97995  10%  0.71 0.67 0.31 0.25 1.00 0.32 0.27 0.28 1.00   0.0076 0.0088 0.0030  0.0005  346.7198 667.1499   259546.97572  -684326.16023  10%  0.71 0.67 0.31 0.25 1.00 0.32 0.27 0.28 1.00   0.0076 0.0088 0.0030  0.0005  340.4403 677.1089   261189.58091  -684324.51100  11:10:40
  11%  0.71 0.67 0.31 0.25 1.00 0.32 0.27 0.28 1.00   0.0076 0.0088 0.0030  0.0005  341.6374 675.9837   247861.58044  -684322.84944  11%  0.71 0.67 0.31 0.25 1.00 0.32 0.27 0.28 1.00   0.0076 0.0088 0.0030  0.0005  346.9927 667.3848   265831.12190  -684321.58285  12%  0.71 0.67 0.31 0.25 1.00 0.32 0.27 0.28 1.00   0.0076 0.0088 0.0030  0.0005  343.2097 673.0031   250249.52803  -684320.40820  12%  0.71 0.67 0.31 0.25 1.00 0.32 0.27 0.28 1.00   0.0076 0.0088 0.0030  0.0005  339.1878 674.8777   254717.56689  -684319.32177