Detected CPU features: mmx sse sse2 sse3 ssse3 sse4.1 sse4.2 popcnt avx avx2
bpp v4.8.7_macos_x86_64, 128GB RAM, 36 cores
https://github.com/bpp/bpp

Auto-selected SIMD ISA: AVX2


Starting timer..
Seed: 543957099 (randomly generated)
Parsing species tree... Done
Parsing phylip file... Done

Summary of alignments *before* phasing sequences:
 Locus | Model | Sequences | Length | Ambiguous sites | Compressed | Base freqs 
-------+-------+-----------+--------+-----------------+------------+------------
     1 |  JC69 |         3 |    118 |               4 |          2 |      Fixed 
     2 |  JC69 |        13 |    125 |              13 |          4 |      Fixed 
     3 |  JC69 |         2 |    295 |             216 |          5 |      Fixed 
     4 |  JC69 |        14 |    155 |               7 |          5 |      Fixed 
     5 |  JC69 |        19 |     57 |               4 |          5 |      Fixed 
     6 |  JC69 |         2 |    282 |              19 |          6 |      Fixed 
     7 |  JC69 |        16 |    292 |              42 |         25 |      Fixed 
     8 |  JC69 |        20 |    127 |               0 |          1 |      Fixed 
     9 |  JC69 |         2 |     72 |              15 |          2 |      Fixed 
    10 |  JC69 |        20 |     65 |               2 |          3 |      Fixed 
    11 |  JC69 |        14 |    260 |              16 |         13 |      Fixed 
    12 |  JC69 |        11 |    141 |               4 |          4 |      Fixed 
    13 |  JC69 |        20 |    152 |               3 |          4 |      Fixed 
    14 |  JC69 |        19 |    105 |               6 |          6 |      Fixed 
    15 |  JC69 |         9 |    399 |             141 |         12 |      Fixed 
    16 |  JC69 |        18 |     55 |               2 |          3 |      Fixed 
    17 |  JC69 |         3 |    167 |               1 |          4 |      Fixed 
    18 |  JC69 |         2 |    141 |               0 |          1 |      Fixed 
    19 |  JC69 |        16 |    139 |               1 |          2 |      Fixed 
    20 |  JC69 |         7 |    322 |             120 |         10 |      Fixed 
    21 |  JC69 |         7 |    285 |              41 |         12 |      Fixed 
    22 |  JC69 |         6 |    284 |              13 |          9 |      Fixed 
    23 |  JC69 |        11 |    231 |              17 |         13 |      Fixed 
    24 |  JC69 |         3 |    242 |              12 |         12 |      Fixed 
    25 |  JC69 |         6 |    194 |               0 |          1 |      Fixed 
    26 |  JC69 |         3 |    188 |              12 |          5 |      Fixed 
    27 |  JC69 |        15 |    463 |             337 |         22 |      Fixed 
    28 |  JC69 |         2 |    134 |               5 |          2 |      Fixed 
    29 |  JC69 |         5 |    116 |               3 |          5 |      Fixed 
    30 |  JC69 |        19 |    369 |             124 |         28 |      Fixed 
    31 |  JC69 |        20 |    167 |               7 |          8 |      Fixed 
    32 |  JC69 |        17 |    126 |              22 |          7 |      Fixed 
    33 |  JC69 |         2 |    146 |               8 |          6 |      Fixed 
    34 |  JC69 |         4 |    282 |              22 |         14 |      Fixed 
    35 |  JC69 |        10 |     87 |              40 |         15 |      Fixed 
    36 |  JC69 |         2 |    213 |              14 |          4 |      Fixed 
    37 |  JC69 |        10 |     89 |               7 |          3 |      Fixed 
    38 |  JC69 |         4 |    263 |              15 |          3 |      Fixed 
    39 |  JC69 |         7 |    175 |              12 |          9 |      Fixed 
    40 |  JC69 |         5 |    209 |             195 |          9 |      Fixed 
    41 |  JC69 |         2 |    282 |               0 |          2 |      Fixed 
    42 |  JC69 |         7 |    274 |              20 |         16 |      Fixed 
    43 |  JC69 |        20 |     71 |               3 |          4 |      Fixed 
    44 |  JC69 |         2 |    389 |             142 |          5 |      Fixed 
    45 |  JC69 |         3 |    111 |               4 |          4 |      Fixed 
    46 |  JC69 |         2 |    146 |              12 |          3 |      Fixed 
    47 |  JC69 |         9 |    135 |               5 |          6 |      Fixed 
    48 |  JC69 |        20 |    278 |             115 |         13 |      Fixed 
    49 |  JC69 |         3 |    193 |              16 |          7 |      Fixed 
    50 |  JC69 |        19 |    771 |             588 |         28 |      Fixed 
    51 |  JC69 |        16 |     95 |               3 |          4 |      Fixed 
    52 |  JC69 |        17 |     96 |               6 |          3 |      Fixed 
    53 |  JC69 |        16 |     96 |               2 |          3 |      Fixed 
    54 |  JC69 |         9 |    272 |             114 |         17 |      Fixed 
    55 |  JC69 |        16 |     98 |              28 |         14 |      Fixed 
    56 |  JC69 |         2 |    282 |             112 |          4 |      Fixed 
    57 |  JC69 |        18 |    121 |               7 |          6 |      Fixed 
    58 |  JC69 |        15 |     48 |               0 |          1 |      Fixed 
    59 |  JC69 |         4 |    325 |             101 |          6 |      Fixed 
    60 |  JC69 |        20 |    220 |              27 |         17 |      Fixed 
    61 |  JC69 |         5 |    152 |               4 |          5 |      Fixed 
    62 |  JC69 |        17 |    334 |             111 |          7 |      Fixed 
    63 |  JC69 |        17 |     50 |               1 |          2 |      Fixed 
    64 |  JC69 |        18 |    292 |              27 |         21 |      Fixed 
    65 |  JC69 |         7 |    148 |              36 |         14 |      Fixed 
    66 |  JC69 |         2 |    272 |               0 |          1 |      Fixed 
    67 |  JC69 |        16 |    861 |             604 |         24 |      Fixed 
    68 |  JC69 |        19 |    417 |              29 |         18 |      Fixed 
    69 |  JC69 |         2 |    108 |               0 |          1 |      Fixed 
    70 |  JC69 |        16 |    254 |               3 |          4 |      Fixed 
    71 |  JC69 |        19 |    110 |               5 |          6 |      Fixed 
    72 |  JC69 |        16 |     69 |               8 |          3 |      Fixed 
    73 |  JC69 |        13 |    104 |              10 |          6 |      Fixed 
    74 |  JC69 |         9 |    171 |               5 |          6 |      Fixed 
    75 |  JC69 |        11 |    114 |              46 |         12 |      Fixed 
    76 |  JC69 |         6 |    204 |              49 |          7 |      Fixed 
    77 |  JC69 |         3 |    110 |               0 |          1 |      Fixed 
    78 |  JC69 |         3 |     61 |               0 |          1 |      Fixed 
    79 |  JC69 |        20 |    181 |              21 |         13 |      Fixed 
    80 |  JC69 |        15 |    210 |               8 |          9 |      Fixed 
    81 |  JC69 |         2 |    101 |               2 |          3 |      Fixed 
    82 |  JC69 |         8 |     73 |              13 |          8 |      Fixed 
    83 |  JC69 |         5 |     86 |               4 |          6 |      Fixed 
    84 |  JC69 |         2 |    147 |              44 |          6 |      Fixed 
    85 |  JC69 |         5 |     47 |               0 |          1 |      Fixed 
    86 |  JC69 |         9 |    265 |               5 |          5 |      Fixed 
    87 |  JC69 |        20 |    160 |               2 |          3 |      Fixed 
    88 |  JC69 |         2 |    128 |               0 |          2 |      Fixed 
    89 |  JC69 |         3 |     46 |               1 |          2 |      Fixed 
    90 |  JC69 |         3 |    282 |               5 |          6 |      Fixed 
    91 |  JC69 |         2 |    106 |               0 |          1 |      Fixed 
    92 |  JC69 |         2 |    118 |               0 |          1 |      Fixed 
    93 |  JC69 |        18 |     95 |               9 |          9 |      Fixed 
    94 |  JC69 |         2 |    227 |              50 |          3 |      Fixed 
    95 |  JC69 |         2 |     60 |               0 |          1 |      Fixed 
    96 |  JC69 |         2 |    104 |              28 |          2 |      Fixed 
    97 |  JC69 |         2 |    111 |               0 |          1 |      Fixed 
    98 |  JC69 |         7 |    174 |              18 |          7 |      Fixed 
    99 |  JC69 |         7 |    129 |               2 |          5 |      Fixed 
   100 |  JC69 |         8 |     93 |               8 |          6 |      Fixed 
   101 |  JC69 |         2 |     50 |               1 |          2 |      Fixed 
   102 |  JC69 |         2 |    108 |               0 |          1 |      Fixed 
   103 |  JC69 |        11 |    106 |               4 |          5 |      Fixed 
   104 |  JC69 |        17 |    374 |             156 |         14 |      Fixed 
   105 |  JC69 |        12 |    389 |             167 |         21 |      Fixed 
   106 |  JC69 |        16 |     54 |               9 |          7 |      Fixed 
   107 |  JC69 |         5 |     75 |               2 |          3 |      Fixed 
   108 |  JC69 |         2 |     80 |               2 |          3 |      Fixed 
   109 |  JC69 |         2 |    283 |              14 |         10 |      Fixed 
   110 |  JC69 |         8 |     95 |               1 |          3 |      Fixed 
   111 |  JC69 |         2 |    248 |              24 |          4 |      Fixed 
   112 |  JC69 |        15 |    212 |               9 |          5 |      Fixed 
   113 |  JC69 |        20 |    171 |              75 |          8 |      Fixed 
   114 |  JC69 |         6 |     72 |               5 |          5 |      Fixed 
   115 |  JC69 |        16 |    130 |               5 |          5 |      Fixed 
   116 |  JC69 |         6 |     97 |               7 |          4 |      Fixed 
   117 |  JC69 |         2 |    246 |               9 |          5 |      Fixed 
   118 |  JC69 |        17 |    287 |              31 |         20 |      Fixed 
   119 |  JC69 |         2 |    133 |              29 |          3 |      Fixed 
   120 |  JC69 |        20 |    166 |               3 |          4 |      Fixed 
   121 |  JC69 |         3 |    259 |               9 |          7 |      Fixed 
   122 |  JC69 |         8 |    462 |              22 |         19 |      Fixed 
   123 |  JC69 |        10 |    229 |              22 |         12 |      Fixed 
   124 |  JC69 |         2 |    283 |               7 |          6 |      Fixed 
   125 |  JC69 |        20 |    171 |               5 |          6 |      Fixed 
   126 |  JC69 |         3 |    280 |               9 |          6 |      Fixed 
   127 |  JC69 |         3 |    220 |               7 |          3 |      Fixed 
   128 |  JC69 |        14 |    239 |              12 |          9 |      Fixed 
   129 |  JC69 |        20 |    263 |               3 |          4 |      Fixed 
   130 |  JC69 |        11 |    528 |             528 |         15 |      Fixed 
   131 |  JC69 |         2 |    123 |               3 |          3 |      Fixed 
   132 |  JC69 |         4 |    187 |               2 |          4 |      Fixed 
   133 |  JC69 |         2 |     55 |               0 |          1 |      Fixed 
   134 |  JC69 |         4 |    242 |               5 |          6 |      Fixed 
   135 |  JC69 |        19 |    217 |              10 |         11 |      Fixed 
   136 |  JC69 |         2 |    141 |               0 |          1 |      Fixed 
   137 |  JC69 |        18 |    374 |             298 |         13 |      Fixed 
   138 |  JC69 |        20 |    203 |               6 |          6 |      Fixed 
   139 |  JC69 |        18 |    208 |              48 |         26 |      Fixed 
   140 |  JC69 |         2 |    106 |               1 |          2 |      Fixed 
   141 |  JC69 |        12 |     71 |               2 |          3 |      Fixed 
   142 |  JC69 |         4 |    266 |             123 |          2 |      Fixed 
   143 |  JC69 |         3 |     60 |               5 |          2 |      Fixed 
   144 |  JC69 |         3 |     60 |               1 |          2 |      Fixed 
   145 |  JC69 |        20 |    129 |               3 |          4 |      Fixed 
   146 |  JC69 |        18 |    292 |              49 |         27 |      Fixed 
   147 |  JC69 |         7 |    282 |              66 |          8 |      Fixed 
   148 |  JC69 |        19 |     49 |               1 |          2 |      Fixed 
   149 |  JC69 |         3 |     97 |               8 |          3 |      Fixed 
   150 |  JC69 |         5 |     66 |               3 |          5 |      Fixed 
   151 |  JC69 |        20 |    172 |               5 |          6 |      Fixed 
   152 |  JC69 |         6 |    166 |              77 |          5 |      Fixed 
   153 |  JC69 |         4 |     58 |              15 |          2 |      Fixed 
   154 |  JC69 |         2 |    125 |               0 |          2 |      Fixed 
   155 |  JC69 |        17 |     67 |               0 |          1 |      Fixed 
   156 |  JC69 |        10 |    519 |             278 |         17 |      Fixed 
   157 |  JC69 |         2 |    255 |               2 |          2 |      Fixed 
   158 |  JC69 |         2 |    276 |              58 |          8 |      Fixed 
   159 |  JC69 |        14 |    497 |             307 |         30 |      Fixed 
   160 |  JC69 |        14 |    201 |               9 |         12 |      Fixed 
   161 |  JC69 |         4 |    136 |               2 |          3 |      Fixed 
   162 |  JC69 |         9 |    133 |               9 |          5 |      Fixed 
   163 |  JC69 |         6 |     80 |               5 |          6 |      Fixed 
   164 |  JC69 |        16 |     83 |               2 |          3 |      Fixed 
   165 |  JC69 |         7 |    281 |              47 |         22 |      Fixed 
   166 |  JC69 |         4 |    281 |              22 |         14 |      Fixed 
   167 |  JC69 |        17 |    117 |               1 |          2 |      Fixed 
   168 |  JC69 |         2 |     68 |              12 |          2 |      Fixed 
   169 |  JC69 |        20 |     53 |               3 |          4 |      Fixed 
   170 |  JC69 |        14 |    231 |              20 |         19 |      Fixed 
   171 |  JC69 |        19 |    131 |               8 |          8 |      Fixed 
   172 |  JC69 |         2 |    192 |               0 |          2 |      Fixed 
   173 |  JC69 |         9 |    271 |              24 |         19 |      Fixed 
   174 |  JC69 |        18 |     93 |              12 |          7 |      Fixed 
   175 |  JC69 |         4 |    138 |               8 |          5 |      Fixed 
   176 |  JC69 |         2 |     88 |               0 |          1 |      Fixed 
   177 |  JC69 |         8 |    227 |              23 |          6 |      Fixed 
   178 |  JC69 |         9 |    102 |               0 |          2 |      Fixed 
   179 |  JC69 |         6 |    184 |               0 |          3 |      Fixed 
   180 |  JC69 |        19 |     86 |              10 |          9 |      Fixed 
   181 |  JC69 |         5 |    188 |              57 |         19 |      Fixed 
   182 |  JC69 |         2 |     79 |               0 |          1 |      Fixed 
   183 |  JC69 |        20 |     95 |               5 |          6 |      Fixed 
   184 |  JC69 |         2 |    134 |               3 |          2 |      Fixed 
   185 |  JC69 |        19 |     81 |              12 |          9 |      Fixed 
   186 |  JC69 |        15 |    168 |              13 |         12 |      Fixed 
   187 |  JC69 |        14 |     87 |               2 |          3 |      Fixed 
   188 |  JC69 |         3 |     76 |               1 |          2 |      Fixed 
   189 |  JC69 |        19 |    186 |               7 |          8 |      Fixed 
   190 |  JC69 |        13 |    131 |              14 |         10 |      Fixed 
   191 |  JC69 |         3 |    279 |              19 |          7 |      Fixed 
   192 |  JC69 |        18 |    635 |             343 |         26 |      Fixed 
   193 |  JC69 |         8 |     88 |              23 |          6 |      Fixed 
   194 |  JC69 |         4 |    277 |             124 |          9 |      Fixed 
   195 |  JC69 |         2 |    264 |             144 |          8 |      Fixed 
   196 |  JC69 |        10 |     40 |              10 |          7 |      Fixed 
   197 |  JC69 |         2 |    108 |               4 |          2 |      Fixed 
   198 |  JC69 |        17 |     96 |               2 |          3 |      Fixed 
   199 |  JC69 |         3 |    287 |              15 |          6 |      Fixed 
   200 |  JC69 |         6 |     83 |              29 |          4 |      Fixed 
   201 |  JC69 |        16 |    115 |               8 |          7 |      Fixed 
   202 |  JC69 |         2 |    156 |              10 |          3 |      Fixed 
   203 |  JC69 |         2 |     70 |               2 |          3 |      Fixed 
   204 |  JC69 |         2 |    507 |             240 |          5 |      Fixed 
   205 |  JC69 |         8 |    278 |              80 |         22 |      Fixed 
   206 |  JC69 |        11 |    214 |              30 |         12 |      Fixed 
   207 |  JC69 |         2 |    142 |              54 |          7 |      Fixed 
   208 |  JC69 |         8 |    264 |              14 |         12 |      Fixed 
   209 |  JC69 |         2 |     86 |               0 |          1 |      Fixed 
   210 |  JC69 |         7 |    115 |              11 |          5 |      Fixed 
   211 |  JC69 |        14 |    433 |              28 |         24 |      Fixed 
   212 |  JC69 |         6 |    131 |               9 |         15 |      Fixed 
   213 |  JC69 |         4 |    129 |               0 |          2 |      Fixed 
   214 |  JC69 |         3 |    284 |              59 |          9 |      Fixed 
   215 |  JC69 |         2 |    146 |              39 |          5 |      Fixed 
   216 |  JC69 |         2 |    279 |             129 |          5 |      Fixed 
   217 |  JC69 |         4 |    215 |              39 |          4 |      Fixed 
   218 |  JC69 |        16 |    282 |              38 |         22 |      Fixed 
   219 |  JC69 |         3 |    116 |               3 |          3 |      Fixed 
   220 |  JC69 |        20 |    135 |               5 |          6 |      Fixed 
   221 |  JC69 |        19 |    247 |              13 |         13 |      Fixed 
   222 |  JC69 |         3 |     64 |               0 |          1 |      Fixed 
   223 |  JC69 |         5 |    325 |              60 |         12 |      Fixed 
   224 |  JC69 |        11 |     53 |               4 |          5 |      Fixed 
   225 |  JC69 |        11 |     86 |               5 |          5 |      Fixed 
   226 |  JC69 |         2 |    243 |               2 |          3 |      Fixed 
   227 |  JC69 |         7 |    275 |              22 |         14 |      Fixed 
   228 |  JC69 |         3 |    258 |             127 |          4 |      Fixed 
   229 |  JC69 |         3 |     71 |               3 |          4 |      Fixed 
   230 |  JC69 |         3 |    125 |              12 |          9 |      Fixed 
   231 |  JC69 |         4 |    281 |              43 |          7 |      Fixed 
   232 |  JC69 |         7 |    208 |               5 |          5 |      Fixed 
   233 |  JC69 |         4 |     79 |               0 |          1 |      Fixed 
   234 |  JC69 |        17 |    140 |              12 |         10 |      Fixed 
   235 |  JC69 |        10 |    260 |              13 |         12 |      Fixed 
   236 |  JC69 |         4 |    108 |               6 |          6 |      Fixed 
   237 |  JC69 |        14 |     61 |               1 |          2 |      Fixed 
   238 |  JC69 |         5 |    183 |               8 |          7 |      Fixed 
   239 |  JC69 |        13 |    251 |             104 |          3 |      Fixed 
   240 |  JC69 |         3 |     41 |               3 |          4 |      Fixed 
   241 |  JC69 |         2 |     58 |               0 |          1 |      Fixed 
   242 |  JC69 |         2 |    280 |               8 |          3 |      Fixed 
   243 |  JC69 |        10 |    485 |             226 |         25 |      Fixed 
   244 |  JC69 |        20 |    132 |               7 |          8 |      Fixed 
   245 |  JC69 |         4 |    152 |               1 |          2 |      Fixed 
   246 |  JC69 |        15 |     57 |               3 |          6 |      Fixed 
   247 |  JC69 |         5 |    263 |              19 |         11 |      Fixed 
   248 |  JC69 |         2 |    281 |              30 |         10 |      Fixed 
   249 |  JC69 |        19 |    149 |               3 |          2 |      Fixed 
   250 |  JC69 |         7 |    281 |              47 |          7 |      Fixed 
   251 |  JC69 |        20 |    107 |               5 |          7 |      Fixed 
   252 |  JC69 |         7 |     47 |               4 |          3 |      Fixed 
   253 |  JC69 |         6 |     55 |               7 |          2 |      Fixed 
   254 |  JC69 |         3 |     57 |               3 |          2 |      Fixed 
   255 |  JC69 |        11 |    552 |             121 |         27 |      Fixed 
   256 |  JC69 |         3 |    179 |               0 |          2 |      Fixed 
   257 |  JC69 |         8 |    121 |              12 |         11 |      Fixed 
   258 |  JC69 |        18 |    280 |              16 |         14 |      Fixed 
   259 |  JC69 |         5 |     63 |               3 |          3 |      Fixed 
   260 |  JC69 |         3 |     65 |               1 |          2 |      Fixed 
   261 |  JC69 |         2 |    259 |              18 |         13 |      Fixed 
   262 |  JC69 |         5 |    237 |              17 |         13 |      Fixed 
   263 |  JC69 |        16 |    145 |              20 |          3 |      Fixed 
   264 |  JC69 |         5 |     49 |               3 |          4 |      Fixed 
   265 |  JC69 |        19 |    101 |              24 |          9 |      Fixed 
   266 |  JC69 |         4 |     53 |               0 |          1 |      Fixed 
   267 |  JC69 |         3 |    277 |              23 |          6 |      Fixed 
   268 |  JC69 |         3 |    236 |               3 |          5 |      Fixed 
   269 |  JC69 |        12 |    172 |               7 |          8 |      Fixed 
   270 |  JC69 |         6 |    106 |              12 |          7 |      Fixed 
   271 |  JC69 |        11 |    175 |               2 |          5 |      Fixed 
   272 |  JC69 |         8 |    175 |               1 |          3 |      Fixed 
   273 |  JC69 |         3 |    284 |              16 |          5 |      Fixed 
   274 |  JC69 |         3 |     50 |               1 |          2 |      Fixed 
   275 |  JC69 |         3 |    185 |               5 |          5 |      Fixed 
   276 |  JC69 |         3 |     77 |               0 |          1 |      Fixed 
   277 |  JC69 |        14 |    106 |              12 |          8 |      Fixed 
   278 |  JC69 |         4 |     90 |               4 |          5 |      Fixed 
   279 |  JC69 |        12 |    138 |              21 |         10 |      Fixed 
   280 |  JC69 |         2 |    161 |               5 |          3 |      Fixed 
   281 |  JC69 |         2 |    267 |               7 |          4 |      Fixed 
   282 |  JC69 |        15 |     48 |               4 |          3 |      Fixed 
   283 |  JC69 |         6 |    166 |               5 |          4 |      Fixed 
   284 |  JC69 |         5 |    135 |               2 |          3 |      Fixed 
   285 |  JC69 |         4 |    108 |               3 |          4 |      Fixed 
   286 |  JC69 |         5 |     74 |              10 |          6 |      Fixed 
   287 |  JC69 |         2 |     62 |               0 |          2 |      Fixed 
   288 |  JC69 |         2 |    278 |              68 |          5 |      Fixed 
   289 |  JC69 |         2 |    260 |             129 |          4 |      Fixed 
   290 |  JC69 |         3 |    252 |             111 |          6 |      Fixed 
   291 |  JC69 |         2 |    103 |               1 |          2 |      Fixed 
   292 |  JC69 |         2 |     70 |               0 |          1 |      Fixed 
   293 |  JC69 |         2 |    137 |               2 |          2 |      Fixed 
   294 |  JC69 |         2 |     61 |              25 |          4 |      Fixed 
   295 |  JC69 |         2 |     48 |               0 |          1 |      Fixed 
   296 |  JC69 |         4 |    239 |               3 |          4 |      Fixed 
   297 |  JC69 |         2 |    247 |               4 |          4 |      Fixed 
   298 |  JC69 |         2 |    202 |              11 |          7 |      Fixed 
   299 |  JC69 |         3 |    199 |               0 |          3 |      Fixed 
   300 |  JC69 |        19 |    210 |               4 |          6 |      Fixed 
   301 |  JC69 |         2 |    135 |              27 |          2 |      Fixed 
   302 |  JC69 |         2 |     36 |               1 |          2 |      Fixed 
   303 |  JC69 |         4 |     57 |               0 |          3 |      Fixed 
   304 |  JC69 |         3 |    117 |               9 |          4 |      Fixed 
   305 |  JC69 |         5 |    115 |              22 |         10 |      Fixed 
   306 |  JC69 |         2 |     80 |               0 |          1 |      Fixed 
   307 |  JC69 |         6 |     61 |               1 |          5 |      Fixed 
   308 |  JC69 |         3 |    213 |               6 |          6 |      Fixed 
   309 |  JC69 |         5 |    169 |              21 |          6 |      Fixed 
   310 |  JC69 |         6 |    127 |              64 |          7 |      Fixed 
   311 |  JC69 |         3 |    144 |               0 |          3 |      Fixed 
   312 |  JC69 |         4 |    106 |               3 |          6 |      Fixed 
   313 |  JC69 |         4 |    118 |               6 |          7 |      Fixed 
   314 |  JC69 |         7 |    142 |              23 |          7 |      Fixed 
   315 |  JC69 |         2 |    117 |               1 |          2 |      Fixed 
   316 |  JC69 |         3 |    146 |              20 |          7 |      Fixed 
   317 |  JC69 |         5 |    166 |               7 |          9 |      Fixed 
   318 |  JC69 |         2 |    341 |             112 |          3 |      Fixed 
   319 |  JC69 |         2 |    143 |               0 |          2 |      Fixed 
   320 |  JC69 |         2 |    186 |               0 |          2 |      Fixed 
   321 |  JC69 |         3 |     70 |               1 |          2 |      Fixed 
   322 |  JC69 |         2 |     90 |               0 |          1 |      Fixed 
   323 |  JC69 |         8 |    115 |              10 |          4 |      Fixed 
   324 |  JC69 |        19 |    142 |               8 |          9 |      Fixed 
   325 |  JC69 |         7 |    196 |               9 |         10 |      Fixed 
   326 |  JC69 |         3 |     79 |               0 |          1 |      Fixed 
   327 |  JC69 |         4 |    122 |               6 |          7 |      Fixed 
   328 |  JC69 |         4 |    108 |               4 |          4 |      Fixed 
   329 |  JC69 |         2 |    114 |               1 |          2 |      Fixed 
   330 |  JC69 |         4 |    235 |               0 |          3 |      Fixed 
   331 |  JC69 |         2 |    111 |               1 |          2 |      Fixed 
   332 |  JC69 |         2 |     71 |               1 |          2 |      Fixed 
   333 |  JC69 |         2 |    209 |               0 |          2 |      Fixed 
   334 |  JC69 |         4 |    113 |               0 |          1 |      Fixed 
   335 |  JC69 |         4 |    111 |               2 |          3 |      Fixed 
   336 |  JC69 |         5 |     94 |               3 |          2 |      Fixed 
   337 |  JC69 |         5 |    254 |               5 |          6 |      Fixed 
   338 |  JC69 |         3 |    140 |              54 |          4 |      Fixed 
   339 |  JC69 |         6 |    281 |              20 |         16 |      Fixed 
   340 |  JC69 |         3 |    153 |               0 |          1 |      Fixed 
   341 |  JC69 |         3 |    110 |               3 |          4 |      Fixed 
   342 |  JC69 |         2 |    236 |              97 |          3 |      Fixed 
   343 |  JC69 |         8 |    372 |              11 |         12 |      Fixed 
   344 |  JC69 |         9 |     81 |               1 |          2 |      Fixed 
   345 |  JC69 |         9 |    165 |               6 |          5 |      Fixed 
   346 |  JC69 |        13 |    158 |              17 |         16 |      Fixed 
   347 |  JC69 |         5 |     61 |               6 |          6 |      Fixed 
   348 |  JC69 |        10 |     59 |               2 |          3 |      Fixed 
   349 |  JC69 |        10 |    146 |               6 |          5 |      Fixed 
   350 |  JC69 |         3 |    147 |               0 |          2 |      Fixed 
   351 |  JC69 |         2 |    285 |               7 |          2 |      Fixed 
   352 |  JC69 |         2 |    165 |               0 |          1 |      Fixed 
   353 |  JC69 |         2 |    101 |               0 |          1 |      Fixed 
   354 |  JC69 |         5 |     76 |               1 |          2 |      Fixed 
   355 |  JC69 |         8 |    269 |              40 |         21 |      Fixed 
   356 |  JC69 |        11 |    146 |               9 |         10 |      Fixed 
   357 |  JC69 |        18 |     98 |               2 |          4 |      Fixed 
   358 |  JC69 |         2 |     66 |               0 |          1 |      Fixed 
   359 |  JC69 |         6 |    247 |             131 |         15 |      Fixed 
   360 |  JC69 |         5 |    135 |               6 |          6 |      Fixed 
   361 |  JC69 |        16 |     80 |               4 |          3 |      Fixed 
   362 |  JC69 |         9 |    497 |             110 |         24 |      Fixed 
   363 |  JC69 |        16 |    224 |               7 |          7 |      Fixed 
   364 |  JC69 |         6 |    133 |               0 |          1 |      Fixed 
   365 |  JC69 |        17 |    291 |              11 |         11 |      Fixed 
   366 |  JC69 |         2 |     88 |               0 |          2 |      Fixed 
   367 |  JC69 |         2 |    139 |               0 |          2 |      Fixed 
   368 |  JC69 |         6 |    236 |               2 |          5 |      Fixed 
   369 |  JC69 |         2 |    278 |               7 |          5 |      Fixed 
   370 |  JC69 |         9 |     72 |              12 |          8 |      Fixed 
   371 |  JC69 |         4 |    278 |              31 |         11 |      Fixed 
   372 |  JC69 |         2 |    192 |              11 |          3 |      Fixed 
   373 |  JC69 |         5 |    116 |               1 |          2 |      Fixed 
   374 |  JC69 |        20 |    149 |              12 |         10 |      Fixed 
   375 |  JC69 |         7 |    281 |              14 |          9 |      Fixed 
   376 |  JC69 |         4 |    287 |              25 |         11 |      Fixed 
   377 |  JC69 |        17 |    115 |               4 |          6 |      Fixed 
   378 |  JC69 |         4 |    263 |              19 |         15 |      Fixed 
   379 |  JC69 |         2 |    144 |               0 |          2 |      Fixed 
   380 |  JC69 |         2 |    279 |              16 |          7 |      Fixed 
   381 |  JC69 |         3 |    110 |               0 |          1 |      Fixed 
   382 |  JC69 |         7 |     98 |               6 |          5 |      Fixed 
   383 |  JC69 |         6 |     54 |               0 |          3 |      Fixed 
   384 |  JC69 |         5 |     98 |               2 |          2 |      Fixed 
   385 |  JC69 |         3 |    278 |               8 |          4 |      Fixed 
   386 |  JC69 |         2 |    279 |               6 |          3 |      Fixed 
   387 |  JC69 |         7 |    192 |               2 |          3 |      Fixed 
   388 |  JC69 |         2 |     69 |               0 |          1 |      Fixed 
   389 |  JC69 |        20 |     58 |               6 |          7 |      Fixed 
   390 |  JC69 |         4 |    237 |             102 |          9 |      Fixed 
   391 |  JC69 |         2 |    287 |               8 |          4 |      Fixed 
   392 |  JC69 |        16 |    108 |               0 |          1 |      Fixed 
   393 |  JC69 |        20 |    106 |               3 |          4 |      Fixed 
   394 |  JC69 |         2 |    275 |              10 |          5 |      Fixed 
   395 |  JC69 |         3 |     52 |               1 |          2 |      Fixed 
   396 |  JC69 |         3 |    225 |              19 |          5 |      Fixed 
   397 |  JC69 |         6 |     55 |               1 |          2 |      Fixed 
   398 |  JC69 |        17 |    292 |              29 |         19 |      Fixed 
   399 |  JC69 |         8 |    195 |               7 |          6 |      Fixed 
   400 |  JC69 |         3 |    228 |               7 |          8 |      Fixed 
   401 |  JC69 |        20 |     76 |               2 |          3 |      Fixed 
   402 |  JC69 |         9 |     94 |               8 |          9 |      Fixed 
   403 |  JC69 |        17 |    129 |               3 |          5 |      Fixed 
   404 |  JC69 |         9 |     73 |               6 |          7 |      Fixed 
   405 |  JC69 |         7 |    143 |              64 |         24 |      Fixed 
   406 |  JC69 |         2 |     48 |               0 |          1 |      Fixed 
   407 |  JC69 |         2 |    200 |               4 |          5 |      Fixed 
   408 |  JC69 |         3 |    276 |               9 |          6 |      Fixed 
   409 |  JC69 |         2 |    280 |               6 |          4 |      Fixed 
   410 |  JC69 |        13 |    101 |               5 |          6 |      Fixed 
   411 |  JC69 |        11 |    156 |               3 |          4 |      Fixed 
   412 |  JC69 |         5 |    281 |               9 |          5 |      Fixed 
   413 |  JC69 |         6 |    302 |             151 |         12 |      Fixed 
   414 |  JC69 |         2 |    214 |               1 |          2 |      Fixed 
   415 |  JC69 |         2 |    163 |               1 |          2 |      Fixed 
   416 |  JC69 |        10 |     77 |               0 |          1 |      Fixed 
   417 |  JC69 |         2 |     92 |               1 |          2 |      Fixed 
   418 |  JC69 |         3 |     64 |               1 |          2 |      Fixed 
   419 |  JC69 |         2 |     96 |              15 |          3 |      Fixed 
   420 |  JC69 |         6 |    241 |              50 |         15 |      Fixed 
   421 |  JC69 |         5 |    283 |              37 |         15 |      Fixed 
   422 |  JC69 |         9 |    145 |               3 |          4 |      Fixed 
   423 |  JC69 |         4 |    112 |               0 |          2 |      Fixed 
   424 |  JC69 |         2 |    268 |               7 |          4 |      Fixed 
   425 |  JC69 |         8 |    173 |              81 |          9 |      Fixed 
   426 |  JC69 |         4 |    159 |               0 |          2 |      Fixed 
   427 |  JC69 |         6 |    235 |             160 |         16 |      Fixed 
   428 |  JC69 |        10 |    259 |              52 |         14 |      Fixed 
   429 |  JC69 |         5 |    261 |              53 |          9 |      Fixed 
   430 |  JC69 |         2 |     99 |               1 |          2 |      Fixed 
   431 |  JC69 |        15 |    116 |              47 |         16 |      Fixed 
   432 |  JC69 |         2 |    268 |               0 |          2 |      Fixed 
   433 |  JC69 |         2 |     90 |               4 |          3 |      Fixed 
   434 |  JC69 |         7 |    281 |               9 |          7 |      Fixed 
   435 |  JC69 |         2 |    274 |               0 |          1 |      Fixed 
   436 |  JC69 |         3 |    382 |               1 |          2 |      Fixed 
   437 |  JC69 |         3 |    282 |               9 |          5 |      Fixed 
   438 |  JC69 |         7 |     78 |               7 |          7 |      Fixed 
   439 |  JC69 |         3 |    233 |               5 |          7 |      Fixed 
   440 |  JC69 |         2 |     99 |               7 |          3 |      Fixed 
   441 |  JC69 |         5 |    373 |             142 |         13 |      Fixed 
   442 |  JC69 |        20 |     94 |               5 |          6 |      Fixed 
   443 |  JC69 |        14 |     50 |               2 |          3 |      Fixed 
   444 |  JC69 |         5 |    181 |              14 |          5 |      Fixed 
   445 |  JC69 |        12 |    223 |               5 |          6 |      Fixed 
   446 |  JC69 |        16 |     62 |               5 |          4 |      Fixed 
   447 |  JC69 |         5 |     52 |               3 |          4 |      Fixed 
   448 |  JC69 |         6 |     84 |               1 |          2 |      Fixed 
   449 |  JC69 |        18 |     97 |               5 |          8 |      Fixed 
   450 |  JC69 |         2 |    282 |               7 |          4 |      Fixed 
   451 |  JC69 |         2 |     52 |               0 |          1 |      Fixed 
   452 |  JC69 |        20 |     71 |               9 |          7 |      Fixed 
   453 |  JC69 |        15 |    131 |               7 |          6 |      Fixed 
   454 |  JC69 |        14 |    122 |               9 |          7 |      Fixed 
   455 |  JC69 |         5 |    271 |              18 |          9 |      Fixed 
   456 |  JC69 |         4 |    282 |              15 |         10 |      Fixed 
   457 |  JC69 |        11 |     77 |              14 |         11 |      Fixed 
   458 |  JC69 |         8 |     63 |               2 |          3 |      Fixed 
   459 |  JC69 |         3 |    173 |               1 |          3 |      Fixed 
   460 |  JC69 |         2 |    146 |              10 |          7 |      Fixed 
   461 |  JC69 |         8 |    113 |               4 |          5 |      Fixed 
   462 |  JC69 |         8 |    321 |               7 |          8 |      Fixed 
   463 |  JC69 |        12 |    191 |               6 |          7 |      Fixed 
   464 |  JC69 |         2 |     45 |               0 |          1 |      Fixed 
   465 |  JC69 |         2 |    125 |               0 |          1 |      Fixed 
   466 |  JC69 |        18 |    335 |             143 |         24 |      Fixed 
   467 |  JC69 |         3 |    125 |              19 |          3 |      Fixed 
   468 |  JC69 |         2 |    280 |              16 |          9 |      Fixed 
   469 |  JC69 |         5 |     94 |              12 |          2 |      Fixed 
   470 |  JC69 |        11 |    130 |              62 |          4 |      Fixed 
   471 |  JC69 |        18 |    116 |               3 |          5 |      Fixed 
   472 |  JC69 |         3 |    281 |              15 |         11 |      Fixed 
   473 |  JC69 |        13 |    172 |               5 |          6 |      Fixed 
   474 |  JC69 |         3 |    281 |               8 |          6 |      Fixed 
   475 |  JC69 |        20 |    160 |               0 |          1 |      Fixed 
   476 |  JC69 |        20 |    167 |              14 |          8 |      Fixed 
   477 |  JC69 |         3 |     92 |              50 |          5 |      Fixed 
   478 |  JC69 |         6 |     91 |               3 |          4 |      Fixed 
   479 |  JC69 |         4 |    123 |               4 |          2 |      Fixed 
   480 |  JC69 |         5 |     48 |               1 |          3 |      Fixed 
   481 |  JC69 |         2 |     66 |               7 |          4 |      Fixed 
   482 |  JC69 |         4 |     52 |               0 |          1 |      Fixed 
   483 |  JC69 |         2 |    213 |               1 |          2 |      Fixed 
   484 |  JC69 |         3 |    246 |               3 |          4 |      Fixed 
   485 |  JC69 |         5 |    118 |              17 |          4 |      Fixed 
   486 |  JC69 |        19 |    288 |              29 |         23 |      Fixed 
   487 |  JC69 |         2 |     66 |               0 |          1 |      Fixed 
   488 |  JC69 |        11 |    124 |              19 |         11 |      Fixed 
   489 |  JC69 |         4 |    156 |               0 |          1 |      Fixed 
   490 |  JC69 |        14 |    198 |              29 |         10 |      Fixed 
   491 |  JC69 |        11 |    130 |               6 |          7 |      Fixed 
   492 |  JC69 |        11 |    413 |             175 |         23 |      Fixed 
   493 |  JC69 |         2 |     63 |               0 |          1 |      Fixed 
   494 |  JC69 |         7 |    107 |              16 |         16 |      Fixed 
   495 |  JC69 |        11 |    211 |               4 |          5 |      Fixed 
   496 |  JC69 |         5 |    283 |              16 |         11 |      Fixed 
   497 |  JC69 |         3 |    280 |              14 |          3 |      Fixed 
   498 |  JC69 |         6 |    439 |             175 |          8 |      Fixed 
   499 |  JC69 |         3 |    275 |               7 |          2 |      Fixed 
   500 |  JC69 |         2 |    188 |              13 |          6 |      Fixed 
   501 |  JC69 |         3 |    486 |              76 |          9 |      Fixed 
   502 |  JC69 |         8 |     74 |              20 |          3 |      Fixed 
   503 |  JC69 |         3 |    289 |               5 |          5 |      Fixed 
   504 |  JC69 |        20 |     95 |               4 |          5 |      Fixed 
   505 |  JC69 |         2 |    281 |             142 |          5 |      Fixed 
   506 |  JC69 |         8 |    139 |               3 |          3 |      Fixed 
   507 |  JC69 |         7 |     80 |               0 |          1 |      Fixed 
   508 |  JC69 |        14 |    156 |               8 |          9 |      Fixed 
   509 |  JC69 |         4 |     71 |               7 |          4 |      Fixed 
   510 |  JC69 |         3 |    282 |              16 |          9 |      Fixed 
   511 |  JC69 |        20 |     61 |               1 |          2 |      Fixed 
   512 |  JC69 |         2 |    285 |               8 |          5 |      Fixed 
   513 |  JC69 |        20 |    183 |               1 |          2 |      Fixed 
   514 |  JC69 |        18 |     58 |               2 |          3 |      Fixed 
   515 |  JC69 |         6 |    139 |              24 |          8 |      Fixed 
   516 |  JC69 |         2 |     78 |               0 |          1 |      Fixed 
   517 |  JC69 |        19 |    105 |               9 |          9 |      Fixed 
   518 |  JC69 |         4 |     81 |               4 |          3 |      Fixed 
   519 |  JC69 |         7 |    151 |               8 |          8 |      Fixed 
   520 |  JC69 |        14 |    233 |              21 |         12 |      Fixed 
   521 |  JC69 |        18 |     52 |               1 |          2 |      Fixed 
   522 |  JC69 |         5 |    254 |               9 |          8 |      Fixed 
   523 |  JC69 |         2 |    105 |               1 |          2 |      Fixed 
   524 |  JC69 |        17 |    205 |               9 |         12 |      Fixed 
   525 |  JC69 |         5 |     81 |              37 |          3 |      Fixed 
   526 |  JC69 |         2 |    229 |               1 |          2 |      Fixed 
   527 |  JC69 |        20 |    151 |               4 |          5 |      Fixed 
   528 |  JC69 |        10 |     93 |              11 |          6 |      Fixed 
   529 |  JC69 |         4 |    286 |              36 |         14 |      Fixed 
   530 |  JC69 |        11 |    263 |              18 |         15 |      Fixed 
   531 |  JC69 |         2 |    278 |              72 |          3 |      Fixed 
   532 |  JC69 |         4 |    112 |               1 |          2 |      Fixed 
   533 |  JC69 |         6 |    248 |              20 |          8 |      Fixed 
   534 |  JC69 |        11 |    147 |               9 |          7 |      Fixed 
   535 |  JC69 |         6 |    146 |               3 |          3 |      Fixed 
   536 |  JC69 |         7 |    146 |               9 |          4 |      Fixed 
   537 |  JC69 |         2 |    107 |               0 |          1 |      Fixed 
   538 |  JC69 |        20 |    229 |               8 |          8 |      Fixed 
   539 |  JC69 |        20 |    158 |               3 |          4 |      Fixed 
   540 |  JC69 |        20 |    173 |               0 |          1 |      Fixed 
   541 |  JC69 |        11 |    401 |             320 |         22 |      Fixed 
   542 |  JC69 |         6 |    534 |               7 |          5 |      Fixed 
   543 |  JC69 |        19 |    146 |              18 |         13 |      Fixed 
   544 |  JC69 |        20 |    130 |               9 |          9 |      Fixed 
   545 |  JC69 |        20 |    146 |               1 |          2 |      Fixed 
   546 |  JC69 |         4 |    184 |               9 |          8 |      Fixed 
   547 |  JC69 |         9 |    126 |               8 |          8 |      Fixed 
   548 |  JC69 |         2 |    271 |               1 |          2 |      Fixed 
   549 |  JC69 |         2 |    119 |               0 |          1 |      Fixed 
   550 |  JC69 |        15 |    586 |             411 |         19 |      Fixed 
   551 |  JC69 |         2 |    280 |              10 |          3 |      Fixed 
   552 |  JC69 |        16 |    323 |             151 |         17 |      Fixed 
   553 |  JC69 |         2 |     54 |               0 |          1 |      Fixed 
   554 |  JC69 |        20 |    134 |              10 |          8 |      Fixed 
   555 |  JC69 |         4 |    203 |               4 |          6 |      Fixed 
   556 |  JC69 |         4 |    454 |             234 |         11 |      Fixed 
   557 |  JC69 |        18 |     60 |               3 |          4 |      Fixed 
   558 |  JC69 |        17 |     52 |               9 |          8 |      Fixed 
   559 |  JC69 |         2 |    119 |               9 |          3 |      Fixed 
   560 |  JC69 |         2 |    116 |               0 |          1 |      Fixed 
   561 |  JC69 |        14 |    192 |             106 |         14 |      Fixed 
   562 |  JC69 |         5 |     96 |               3 |          4 |      Fixed 
   563 |  JC69 |         7 |    202 |              34 |         14 |      Fixed 
   564 |  JC69 |        18 |    211 |              28 |         17 |      Fixed 
   565 |  JC69 |         3 |     65 |               5 |          3 |      Fixed 
   566 |  JC69 |         2 |    151 |               0 |          1 |      Fixed 
   567 |  JC69 |         4 |    225 |              10 |          6 |      Fixed 
   568 |  JC69 |        20 |    172 |              13 |         14 |      Fixed 
   569 |  JC69 |         3 |    417 |               5 |          5 |      Fixed 
   570 |  JC69 |         6 |    280 |              52 |         15 |      Fixed 
   571 |  JC69 |         2 |    271 |               2 |          3 |      Fixed 
   572 |  JC69 |         9 |    246 |              12 |         10 |      Fixed 
   573 |  JC69 |         5 |    285 |              95 |         10 |      Fixed 
   574 |  JC69 |         2 |    123 |               1 |          2 |      Fixed 
   575 |  JC69 |         6 |    174 |               7 |          6 |      Fixed 
   576 |  JC69 |         2 |     95 |               2 |          3 |      Fixed 
   577 |  JC69 |         5 |    280 |             110 |         10 |      Fixed 
   578 |  JC69 |         2 |     47 |               0 |          1 |      Fixed 
   579 |  JC69 |        16 |    121 |               2 |          3 |      Fixed 
   580 |  JC69 |        19 |    108 |               4 |          5 |      Fixed 
   581 |  JC69 |        17 |    147 |              18 |          8 |      Fixed 
   582 |  JC69 |         5 |     43 |               1 |          2 |      Fixed 
   583 |  JC69 |        20 |    129 |              13 |          6 |      Fixed 
   584 |  JC69 |        16 |    126 |               1 |          2 |      Fixed 
   585 |  JC69 |         6 |     96 |               4 |          2 |      Fixed 
   586 |  JC69 |         2 |    235 |               0 |          2 |      Fixed 
   587 |  JC69 |         6 |    280 |              44 |         10 |      Fixed 
   588 |  JC69 |         3 |     46 |               0 |          1 |      Fixed 
   589 |  JC69 |        20 |    102 |               3 |          3 |      Fixed 
   590 |  JC69 |         2 |    281 |              30 |          7 |      Fixed 
   591 |  JC69 |         4 |    280 |               8 |          9 |      Fixed 
   592 |  JC69 |        19 |    292 |              22 |         17 |      Fixed 
   593 |  JC69 |        17 |    161 |               3 |          4 |      Fixed 
   594 |  JC69 |         7 |    521 |              27 |         20 |      Fixed 
   595 |  JC69 |         2 |    155 |               0 |          1 |      Fixed 
   596 |  JC69 |        12 |    154 |               2 |          5 |      Fixed 
   597 |  JC69 |         3 |    234 |               1 |          2 |      Fixed 
   598 |  JC69 |        20 |    164 |               6 |          7 |      Fixed 
   599 |  JC69 |         7 |     76 |               1 |          2 |      Fixed 
   600 |  JC69 |        20 |    269 |              82 |         18 |      Fixed 
   601 |  JC69 |        20 |    196 |              31 |         13 |      Fixed 
   602 |  JC69 |        13 |     57 |               2 |          2 |      Fixed 
   603 |  JC69 |        19 |    150 |              12 |         10 |      Fixed 
   604 |  JC69 |        13 |    169 |              82 |         10 |      Fixed 
   605 |  JC69 |        16 |    177 |               7 |          8 |      Fixed 
   606 |  JC69 |         2 |     55 |               0 |          1 |      Fixed 
   607 |  JC69 |         2 |    257 |               3 |          3 |      Fixed 
   608 |  JC69 |        15 |    233 |              16 |         11 |      Fixed 
   609 |  JC69 |         9 |     44 |               1 |          2 |      Fixed 
   610 |  JC69 |         4 |     90 |               0 |          1 |      Fixed 
   611 |  JC69 |         6 |    187 |              70 |         12 |      Fixed 
   612 |  JC69 |         9 |     88 |               0 |          1 |      Fixed 
   613 |  JC69 |         3 |    140 |              20 |         11 |      Fixed 
   614 |  JC69 |        19 |    123 |              12 |         12 |      Fixed 
   615 |  JC69 |        15 |    111 |               2 |          3 |      Fixed 
   616 |  JC69 |        17 |    275 |              90 |         10 |      Fixed 
   617 |  JC69 |        17 |    490 |              31 |         20 |      Fixed 
   618 |  JC69 |         3 |    275 |              54 |          9 |      Fixed 
   619 |  JC69 |        17 |    391 |             118 |         15 |      Fixed 
   620 |  JC69 |        14 |    215 |              18 |         14 |      Fixed 
   621 |  JC69 |        19 |    150 |               8 |          8 |      Fixed 
   622 |  JC69 |         2 |    248 |               1 |          2 |      Fixed 
   623 |  JC69 |        13 |    109 |              28 |          4 |      Fixed 
   624 |  JC69 |         6 |    281 |              12 |          9 |      Fixed 
   625 |  JC69 |        16 |     91 |               1 |          2 |      Fixed 
   626 |  JC69 |        10 |    290 |               9 |          6 |      Fixed 
   627 |  JC69 |         3 |    110 |               4 |          6 |      Fixed 
   628 |  JC69 |         2 |     52 |               0 |          1 |      Fixed 
   629 |  JC69 |        11 |    201 |              15 |          9 |      Fixed 
   630 |  JC69 |         6 |    266 |             133 |         15 |      Fixed 
   631 |  JC69 |         9 |     82 |               3 |          3 |      Fixed 
   632 |  JC69 |         3 |     57 |               0 |          1 |      Fixed 
   633 |  JC69 |        20 |    188 |               5 |          6 |      Fixed 
   634 |  JC69 |        19 |     50 |               3 |          4 |      Fixed 
   635 |  JC69 |        10 |     44 |               2 |          3 |      Fixed 
   636 |  JC69 |         3 |     44 |               0 |          1 |      Fixed 
   637 |  JC69 |         8 |    281 |              23 |         11 |      Fixed 
   638 |  JC69 |        20 |    465 |             125 |         14 |      Fixed 
   639 |  JC69 |         2 |    117 |               7 |          4 |      Fixed 
   640 |  JC69 |        20 |     57 |               0 |          1 |      Fixed 
   641 |  JC69 |        20 |    129 |               5 |          6 |      Fixed 
   642 |  JC69 |         3 |    274 |              11 |          6 |      Fixed 
   643 |  JC69 |         2 |    276 |               7 |          5 |      Fixed 
   644 |  JC69 |         8 |    156 |               2 |          2 |      Fixed 
   645 |  JC69 |         8 |    281 |             140 |         21 |      Fixed 
   646 |  JC69 |         5 |    102 |               4 |          2 |      Fixed 
   647 |  JC69 |         3 |     40 |               0 |          1 |      Fixed 
   648 |  JC69 |         8 |     73 |               2 |          3 |      Fixed 
   649 |  JC69 |         9 |    286 |              24 |         14 |      Fixed 
   650 |  JC69 |        19 |    141 |               5 |          6 |      Fixed 
   651 |  JC69 |         5 |     50 |               0 |          1 |      Fixed 
   652 |  JC69 |         3 |    233 |               8 |          7 |      Fixed 
   653 |  JC69 |         3 |     54 |               0 |          1 |      Fixed 
   654 |  JC69 |        18 |     64 |               2 |          3 |      Fixed 
   655 |  JC69 |        11 |    233 |               1 |          4 |      Fixed 
   656 |  JC69 |        10 |    165 |               3 |          2 |      Fixed 
   657 |  JC69 |         9 |     99 |               4 |          3 |      Fixed 
   658 |  JC69 |        17 |     90 |               0 |          1 |      Fixed 
   659 |  JC69 |         2 |    158 |               2 |          3 |      Fixed 
   660 |  JC69 |        20 |     84 |              12 |          2 |      Fixed 
   661 |  JC69 |        20 |     90 |               1 |          2 |      Fixed 
   662 |  JC69 |         5 |    270 |              32 |          9 |      Fixed 
   663 |  JC69 |        16 |    292 |              37 |         19 |      Fixed 
   664 |  JC69 |        13 |    352 |             107 |         10 |      Fixed 
   665 |  JC69 |        18 |    475 |             206 |         22 |      Fixed 
   666 |  JC69 |        18 |     64 |               2 |          3 |      Fixed 
   667 |  JC69 |         2 |     53 |               0 |          1 |      Fixed 
   668 |  JC69 |         2 |     48 |               0 |          1 |      Fixed 
   669 |  JC69 |         2 |    276 |              12 |          6 |      Fixed 
   670 |  JC69 |        20 |    175 |               3 |          4 |      Fixed 
   671 |  JC69 |        17 |    228 |              18 |          9 |      Fixed 
   672 |  JC69 |        20 |    206 |               8 |          7 |      Fixed 
   673 |  JC69 |         7 |    357 |              11 |          9 |      Fixed 
   674 |  JC69 |        14 |    383 |             115 |         12 |      Fixed 
   675 |  JC69 |         9 |    261 |             115 |         19 |      Fixed 
   676 |  JC69 |        20 |    186 |               3 |          4 |      Fixed 
   677 |  JC69 |        11 |     84 |               1 |          2 |      Fixed 
   678 |  JC69 |         4 |    285 |              23 |          9 |      Fixed 
   679 |  JC69 |        15 |    117 |               7 |          6 |      Fixed 
   680 |  JC69 |        15 |    135 |               3 |          4 |      Fixed 
   681 |  JC69 |        14 |    214 |              17 |         14 |      Fixed 
   682 |  JC69 |        13 |    166 |               3 |          4 |      Fixed 
   683 |  JC69 |         3 |    286 |              38 |         16 |      Fixed 
   684 |  JC69 |        20 |     95 |               7 |          8 |      Fixed 
   685 |  JC69 |        20 |    159 |               7 |          8 |      Fixed 
   686 |  JC69 |         6 |    282 |              52 |         16 |      Fixed 
   687 |  JC69 |        15 |    292 |              25 |         16 |      Fixed 
   688 |  JC69 |         2 |     96 |               0 |          1 |      Fixed 
   689 |  JC69 |         6 |    432 |              23 |         12 |      Fixed 
   690 |  JC69 |         5 |    281 |              53 |         13 |      Fixed 
   691 |  JC69 |        10 |     98 |               1 |          2 |      Fixed 
   692 |  JC69 |        20 |     55 |               3 |          4 |      Fixed 
   693 |  JC69 |         2 |    130 |               0 |          1 |      Fixed 
   694 |  JC69 |         3 |     79 |               3 |          2 |      Fixed 
   695 |  JC69 |         5 |    282 |              12 |          9 |      Fixed 
   696 |  JC69 |        19 |     93 |               5 |          6 |      Fixed 
   697 |  JC69 |        19 |    147 |              20 |         17 |      Fixed 
   698 |  JC69 |        12 |    208 |              31 |          6 |      Fixed 
   699 |  JC69 |         7 |    205 |               6 |          6 |      Fixed 
   700 |  JC69 |        16 |    265 |             137 |         13 |      Fixed 
   701 |  JC69 |         4 |    279 |              10 |         10 |      Fixed 
   702 |  JC69 |        17 |    110 |              21 |          4 |      Fixed 
   703 |  JC69 |        20 |    145 |               7 |          6 |      Fixed 
   704 |  JC69 |        20 |    118 |               3 |          4 |      Fixed 
   705 |  JC69 |        17 |    170 |              11 |         12 |      Fixed 
   706 |  JC69 |         2 |    203 |               0 |          2 |      Fixed 
   707 |  JC69 |        13 |    194 |              11 |          6 |      Fixed 
   708 |  JC69 |        19 |    188 |               3 |          4 |      Fixed 
   709 |  JC69 |         4 |    267 |               8 |          4 |      Fixed 
   710 |  JC69 |         5 |    556 |             318 |         17 |      Fixed 
   711 |  JC69 |        14 |    271 |              17 |         13 |      Fixed 
   712 |  JC69 |        16 |    211 |              12 |         11 |      Fixed 
   713 |  JC69 |         4 |    282 |              17 |         11 |      Fixed 
   714 |  JC69 |         9 |    281 |               9 |          8 |      Fixed 
   715 |  JC69 |         4 |    354 |             162 |          4 |      Fixed 
   716 |  JC69 |         9 |    271 |              12 |         13 |      Fixed 
   717 |  JC69 |        19 |    561 |             216 |         13 |      Fixed 
   718 |  JC69 |         8 |    268 |              17 |          9 |      Fixed 
   719 |  JC69 |        20 |    194 |               4 |          5 |      Fixed 
   720 |  JC69 |         4 |     57 |              21 |          4 |      Fixed 
   721 |  JC69 |        16 |    121 |               3 |          4 |      Fixed 
   722 |  JC69 |         2 |    283 |               9 |          6 |      Fixed 
   723 |  JC69 |         6 |    214 |              17 |          9 |      Fixed 
   724 |  JC69 |        20 |    181 |               5 |          6 |      Fixed 
   725 |  JC69 |         2 |     62 |               1 |          2 |      Fixed 
   726 |  JC69 |        20 |     91 |               9 |          9 |      Fixed 
   727 |  JC69 |         6 |    280 |              25 |         10 |      Fixed 
   728 |  JC69 |         3 |    236 |               1 |          3 |      Fixed 
   729 |  JC69 |        20 |    105 |              10 |          9 |      Fixed 
   730 |  JC69 |        14 |    192 |               6 |          7 |      Fixed 
   731 |  JC69 |         7 |    337 |             148 |         12 |      Fixed 
   732 |  JC69 |         5 |    131 |              10 |          7 |      Fixed 
   733 |  JC69 |        19 |    220 |               7 |          8 |      Fixed 
   734 |  JC69 |        20 |    212 |             107 |          9 |      Fixed 
   735 |  JC69 |        20 |    115 |               7 |          6 |      Fixed 
   736 |  JC69 |        17 |    295 |              90 |         13 |      Fixed 
   737 |  JC69 |        20 |    218 |               8 |          7 |      Fixed 
   738 |  JC69 |         3 |     47 |               0 |          1 |      Fixed 
   739 |  JC69 |         3 |     66 |               0 |          1 |      Fixed 
   740 |  JC69 |        16 |     80 |               1 |          2 |      Fixed 
   741 |  JC69 |         2 |     60 |               0 |          1 |      Fixed 
   742 |  JC69 |        20 |    116 |               4 |          5 |      Fixed 
   743 |  JC69 |         4 |    283 |              11 |          8 |      Fixed 
   744 |  JC69 |        14 |    387 |             132 |         26 |      Fixed 
   745 |  JC69 |        19 |    219 |              50 |         16 |      Fixed 
   746 |  JC69 |         5 |    339 |              70 |          7 |      Fixed 
   747 |  JC69 |        10 |    170 |               6 |          5 |      Fixed 
   748 |  JC69 |         8 |     63 |               1 |          3 |      Fixed 
   749 |  JC69 |        18 |    292 |              26 |         22 |      Fixed 
   750 |  JC69 |        17 |    104 |               5 |          6 |      Fixed 
   751 |  JC69 |        20 |    118 |               3 |          4 |      Fixed 
   752 |  JC69 |        17 |    169 |              20 |          8 |      Fixed 
   753 |  JC69 |         2 |    284 |               3 |          2 |      Fixed 
   754 |  JC69 |         9 |    128 |              11 |         11 |      Fixed 
   755 |  JC69 |        20 |    274 |              10 |         11 |      Fixed 
   756 |  JC69 |        20 |    307 |               8 |          9 |      Fixed 
   757 |  JC69 |         4 |     85 |               0 |          1 |      Fixed 
   758 |  JC69 |         3 |    112 |               3 |          4 |      Fixed 
   759 |  JC69 |        19 |    545 |             268 |         14 |      Fixed 
   760 |  JC69 |        19 |    355 |              49 |         22 |      Fixed 
   761 |  JC69 |        15 |    163 |              56 |          7 |      Fixed 
   762 |  JC69 |        19 |     83 |               5 |          6 |      Fixed 
   763 |  JC69 |         3 |    279 |              17 |          8 |      Fixed 
   764 |  JC69 |         3 |    282 |              10 |          5 |      Fixed 
   765 |  JC69 |        19 |    183 |               5 |          5 |      Fixed 
   766 |  JC69 |        20 |    150 |               3 |          3 |      Fixed 
   767 |  JC69 |        20 |    149 |              10 |          8 |      Fixed 
   768 |  JC69 |        15 |    128 |              20 |         12 |      Fixed 
   769 |  JC69 |        18 |    108 |               2 |          3 |      Fixed 
   770 |  JC69 |        20 |    113 |               4 |          5 |      Fixed 
   771 |  JC69 |        10 |    321 |             104 |         11 |      Fixed 
   772 |  JC69 |         2 |    280 |              87 |          2 |      Fixed 
   773 |  JC69 |         7 |    168 |              16 |         10 |      Fixed 
   774 |  JC69 |        18 |    125 |              11 |         11 |      Fixed 
   775 |  JC69 |        20 |    338 |             129 |          8 |      Fixed 
   776 |  JC69 |         5 |    202 |               7 |          8 |      Fixed 
   777 |  JC69 |         5 |    281 |              93 |         11 |      Fixed 
   778 |  JC69 |        19 |     69 |               3 |          4 |      Fixed 
   779 |  JC69 |        20 |    248 |              67 |         11 |      Fixed 
   780 |  JC69 |        20 |    305 |              47 |          6 |      Fixed 
   781 |  JC69 |        18 |    167 |               5 |          6 |      Fixed 
   782 |  JC69 |         4 |    195 |              15 |          5 |      Fixed 
   783 |  JC69 |         5 |    276 |              41 |         11 |      Fixed 
   784 |  JC69 |         3 |    280 |               4 |          3 |      Fixed 
   785 |  JC69 |        19 |    207 |               7 |          8 |      Fixed 
   786 |  JC69 |        14 |    361 |              96 |         16 |      Fixed 
   787 |  JC69 |        11 |     58 |               1 |          2 |      Fixed 
   788 |  JC69 |        19 |     66 |               1 |          2 |      Fixed 
   789 |  JC69 |        19 |    555 |             499 |         31 |      Fixed 
   790 |  JC69 |         2 |    115 |               0 |          1 |      Fixed 
   791 |  JC69 |        20 |    126 |               3 |          4 |      Fixed 
   792 |  JC69 |         2 |    284 |              25 |          5 |      Fixed 
   793 |  JC69 |         2 |     87 |               0 |          1 |      Fixed 
   794 |  JC69 |         2 |    244 |               0 |          1 |      Fixed 
   795 |  JC69 |         2 |    111 |               0 |          1 |      Fixed 
   796 |  JC69 |        20 |    195 |               9 |          7 |      Fixed 
   797 |  JC69 |         5 |    429 |             160 |          6 |      Fixed 
   798 |  JC69 |        20 |    239 |               7 |          5 |      Fixed 
   799 |  JC69 |        19 |    364 |             188 |          8 |      Fixed 
   800 |  JC69 |         7 |     91 |               0 |          1 |      Fixed 
   801 |  JC69 |         5 |    286 |               2 |          4 |      Fixed 
   802 |  JC69 |        15 |    174 |             101 |         16 |      Fixed 
   803 |  JC69 |        20 |    284 |              52 |         14 |      Fixed 
   804 |  JC69 |         7 |    151 |              23 |          4 |      Fixed 
   805 |  JC69 |        20 |     80 |               0 |          3 |      Fixed 
   806 |  JC69 |         2 |    246 |               4 |          3 |      Fixed 
   807 |  JC69 |        11 |     50 |               1 |          2 |      Fixed 
   808 |  JC69 |        18 |    449 |             238 |         15 |      Fixed 
   809 |  JC69 |        19 |    147 |              12 |         10 |      Fixed 
   810 |  JC69 |        20 |    260 |               6 |          7 |      Fixed 
   811 |  JC69 |        19 |     65 |               6 |          5 |      Fixed 
   812 |  JC69 |         3 |     73 |               1 |          2 |      Fixed 
   813 |  JC69 |        15 |    148 |               2 |          5 |      Fixed 
   814 |  JC69 |         8 |     78 |               4 |          5 |      Fixed 
   815 |  JC69 |         2 |    280 |               6 |          3 |      Fixed 
   816 |  JC69 |         3 |    138 |               1 |          2 |      Fixed 
   817 |  JC69 |        11 |    348 |             269 |         29 |      Fixed 
   818 |  JC69 |         2 |     37 |               0 |          1 |      Fixed 
   819 |  JC69 |        20 |    158 |              16 |          5 |      Fixed 
   820 |  JC69 |         5 |    276 |              46 |         11 |      Fixed 
   821 |  JC69 |        14 |    133 |              18 |         11 |      Fixed 
   822 |  JC69 |        20 |    161 |              59 |         13 |      Fixed 
   823 |  JC69 |         2 |     44 |               0 |          1 |      Fixed 
   824 |  JC69 |         2 |    275 |             134 |          2 |      Fixed 
   825 |  JC69 |        19 |    360 |              15 |          7 |      Fixed 
   826 |  JC69 |        20 |    147 |               7 |          8 |      Fixed 
   827 |  JC69 |        14 |    110 |               2 |          4 |      Fixed 
   828 |  JC69 |         6 |     50 |               1 |          2 |      Fixed 
   829 |  JC69 |         3 |    188 |              14 |          5 |      Fixed 
   830 |  JC69 |         2 |    281 |              13 |          5 |      Fixed 
   831 |  JC69 |        20 |    354 |              10 |         11 |      Fixed 
   832 |  JC69 |         9 |    197 |              80 |          6 |      Fixed 
   833 |  JC69 |        14 |    356 |              19 |         16 |      Fixed 
   834 |  JC69 |         4 |     45 |               0 |          1 |      Fixed 
   835 |  JC69 |        15 |     93 |               0 |          1 |      Fixed 
   836 |  JC69 |        15 |    263 |              41 |         18 |      Fixed 
   837 |  JC69 |        13 |    181 |               2 |          3 |      Fixed 
   838 |  JC69 |         7 |    114 |               1 |          2 |      Fixed 
   839 |  JC69 |        18 |    738 |             307 |         27 |      Fixed 
   840 |  JC69 |        15 |    292 |              23 |         17 |      Fixed 
   841 |  JC69 |        18 |    119 |               5 |          6 |      Fixed 
   842 |  JC69 |        18 |    221 |               3 |          3 |      Fixed 
   843 |  JC69 |        16 |    205 |               5 |          7 |      Fixed 
   844 |  JC69 |         4 |    195 |              62 |          3 |      Fixed 
   845 |  JC69 |        20 |    143 |               7 |          7 |      Fixed 
   846 |  JC69 |         2 |    215 |               7 |          3 |      Fixed 
   847 |  JC69 |         3 |    167 |               1 |          2 |      Fixed 
   848 |  JC69 |        14 |    198 |              32 |          7 |      Fixed 
   849 |  JC69 |         5 |     90 |               4 |          2 |      Fixed 
   850 |  JC69 |        19 |    177 |               5 |          6 |      Fixed 
   851 |  JC69 |         8 |    282 |             132 |         16 |      Fixed 
   852 |  JC69 |        20 |    345 |               9 |          9 |      Fixed 
   853 |  JC69 |        20 |    127 |               2 |          3 |      Fixed 
   854 |  JC69 |         8 |    143 |               6 |          4 |      Fixed 
   855 |  JC69 |        16 |    325 |              84 |         12 |      Fixed 
   856 |  JC69 |         4 |    114 |               0 |          1 |      Fixed 
   857 |  JC69 |        17 |     64 |               7 |          6 |      Fixed 
   858 |  JC69 |        20 |    146 |              11 |          9 |      Fixed 
   859 |  JC69 |        16 |    260 |             130 |         10 |      Fixed 
   860 |  JC69 |        11 |    235 |              43 |          5 |      Fixed 
   861 |  JC69 |         3 |    276 |               6 |          4 |      Fixed 
   862 |  JC69 |         2 |     50 |               0 |          1 |      Fixed 
   863 |  JC69 |        11 |    130 |               0 |          1 |      Fixed 
   864 |  JC69 |         8 |    282 |              22 |         12 |      Fixed 
   865 |  JC69 |         2 |     46 |               0 |          1 |      Fixed 
   866 |  JC69 |        20 |    545 |             173 |         26 |      Fixed 
   867 |  JC69 |        15 |    348 |              23 |         15 |      Fixed 
   868 |  JC69 |         2 |    282 |              22 |          5 |      Fixed 
   869 |  JC69 |         9 |     56 |               0 |          1 |      Fixed 
   870 |  JC69 |         3 |    355 |             124 |          4 |      Fixed 
   871 |  JC69 |         4 |    439 |             102 |          4 |      Fixed 
   872 |  JC69 |        18 |     71 |               7 |          6 |      Fixed 
   873 |  JC69 |         2 |    171 |              20 |          3 |      Fixed 
   874 |  JC69 |        11 |    276 |              23 |         10 |      Fixed 
   875 |  JC69 |        10 |    366 |             104 |         15 |      Fixed 
   876 |  JC69 |        13 |    226 |              15 |         13 |      Fixed 
   877 |  JC69 |        20 |     76 |               2 |          3 |      Fixed 
   878 |  JC69 |         2 |    259 |              15 |          7 |      Fixed 
   879 |  JC69 |         7 |    421 |              74 |         12 |      Fixed 
   880 |  JC69 |         7 |    345 |             150 |         14 |      Fixed 
   881 |  JC69 |        20 |    136 |               3 |          4 |      Fixed 
   882 |  JC69 |         3 |    251 |               1 |          2 |      Fixed 
   883 |  JC69 |         4 |     55 |               8 |          4 |      Fixed 
   884 |  JC69 |        20 |    124 |               3 |          4 |      Fixed 
   885 |  JC69 |        18 |    146 |               9 |          6 |      Fixed 
   886 |  JC69 |        15 |     83 |               8 |          7 |      Fixed 
   887 |  JC69 |         3 |    281 |              67 |          5 |      Fixed 
   888 |  JC69 |        19 |    190 |               5 |          6 |      Fixed 
   889 |  JC69 |        11 |    217 |              42 |          5 |      Fixed 
   890 |  JC69 |        20 |     99 |               2 |          3 |      Fixed 
   891 |  JC69 |        20 |    451 |             149 |         13 |      Fixed 
   892 |  JC69 |         9 |    262 |              17 |          9 |      Fixed 
   893 |  JC69 |        18 |    152 |               5 |          6 |      Fixed 
   894 |  JC69 |        19 |     83 |               6 |          7 |      Fixed 
   895 |  JC69 |        19 |     54 |               0 |          1 |      Fixed 
   896 |  JC69 |        20 |    112 |               0 |          1 |      Fixed 
   897 |  JC69 |         3 |     59 |               2 |          3 |      Fixed 
   898 |  JC69 |        20 |    167 |               1 |          2 |      Fixed 
   899 |  JC69 |        20 |    326 |              17 |         17 |      Fixed 
   900 |  JC69 |        17 |    146 |              68 |         11 |      Fixed 
   901 |  JC69 |         2 |    283 |              22 |          6 |      Fixed 
   902 |  JC69 |        20 |    307 |              21 |         15 |      Fixed 
   903 |  JC69 |         9 |    283 |              31 |         21 |      Fixed 
   904 |  JC69 |        19 |    256 |              31 |         11 |      Fixed 
   905 |  JC69 |         4 |    183 |               8 |          3 |      Fixed 
   906 |  JC69 |         5 |    400 |             132 |          9 |      Fixed 
   907 |  JC69 |         6 |    149 |              14 |          2 |      Fixed 
   908 |  JC69 |         3 |    278 |              12 |          7 |      Fixed 
   909 |  JC69 |        15 |    231 |               7 |          8 |      Fixed 
   910 |  JC69 |        14 |    146 |              11 |         12 |      Fixed 
   911 |  JC69 |        20 |    115 |               7 |          7 |      Fixed 
   912 |  JC69 |         6 |    286 |              22 |         10 |      Fixed 
   913 |  JC69 |        20 |    241 |               6 |          5 |      Fixed 
   914 |  JC69 |         5 |     78 |               0 |          1 |      Fixed 
   915 |  JC69 |        19 |    181 |               3 |          4 |      Fixed 
   916 |  JC69 |         8 |    161 |               4 |          3 |      Fixed 
   917 |  JC69 |        20 |     82 |               2 |          3 |      Fixed 
   918 |  JC69 |        20 |    146 |               3 |          4 |      Fixed 
   919 |  JC69 |        15 |    272 |               5 |          4 |      Fixed 
   920 |  JC69 |        19 |    210 |               6 |          7 |      Fixed 
   921 |  JC69 |         3 |    147 |               2 |          3 |      Fixed 
   922 |  JC69 |        16 |     82 |               1 |          2 |      Fixed 
   923 |  JC69 |        15 |    291 |              68 |         20 |      Fixed 
   924 |  JC69 |        20 |    575 |             312 |         21 |      Fixed 
   925 |  JC69 |         2 |     67 |               1 |          2 |      Fixed 
   926 |  JC69 |        17 |    102 |               3 |          4 |      Fixed 
   927 |  JC69 |         5 |    356 |             247 |         10 |      Fixed 
   928 |  JC69 |         9 |    284 |              58 |         21 |      Fixed 
   929 |  JC69 |        13 |    289 |              39 |         29 |      Fixed 
   930 |  JC69 |        18 |    292 |              25 |         17 |      Fixed 
   931 |  JC69 |        20 |    149 |               6 |          7 |      Fixed 
   932 |  JC69 |         2 |    282 |              10 |          2 |      Fixed 
   933 |  JC69 |         3 |    279 |              15 |          7 |      Fixed 
   934 |  JC69 |        16 |    188 |              11 |          6 |      Fixed 
   935 |  JC69 |        19 |    289 |               8 |          9 |      Fixed 
   936 |  JC69 |        20 |    462 |             200 |         13 |      Fixed 
   937 |  JC69 |        15 |    265 |               7 |          6 |      Fixed 
   938 |  JC69 |         2 |     42 |               0 |          1 |      Fixed 
   939 |  JC69 |        20 |     91 |               1 |          2 |      Fixed 
   940 |  JC69 |         2 |    269 |               8 |          8 |      Fixed 
   941 |  JC69 |         2 |    286 |              87 |          4 |      Fixed 
   942 |  JC69 |         3 |     56 |               4 |          2 |      Fixed 
   943 |  JC69 |        20 |    132 |               0 |          1 |      Fixed 
   944 |  JC69 |        20 |    200 |              15 |         14 |      Fixed 
   945 |  JC69 |         4 |    280 |              58 |          8 |      Fixed 
   946 |  JC69 |        17 |    193 |             142 |         12 |      Fixed 
   947 |  JC69 |         2 |     62 |               1 |          3 |      Fixed 
   948 |  JC69 |         9 |    146 |              33 |          3 |      Fixed 
   949 |  JC69 |         4 |    119 |               0 |          1 |      Fixed 
   950 |  JC69 |        11 |    278 |              14 |         10 |      Fixed 
   951 |  JC69 |         6 |    211 |               2 |          4 |      Fixed 
   952 |  JC69 |        19 |     48 |               1 |          2 |      Fixed 
   953 |  JC69 |         3 |     43 |               1 |          2 |      Fixed 
   954 |  JC69 |        20 |    232 |               1 |          2 |      Fixed 
   955 |  JC69 |        16 |    116 |               8 |          7 |      Fixed 
   956 |  JC69 |         5 |    288 |              15 |          7 |      Fixed 
   957 |  JC69 |        16 |    121 |               3 |          4 |      Fixed 
   958 |  JC69 |        17 |    262 |               9 |          8 |      Fixed 
   959 |  JC69 |        19 |    189 |              10 |         10 |      Fixed 
   960 |  JC69 |        11 |    284 |              25 |         18 |      Fixed 
   961 |  JC69 |         2 |    282 |               1 |          2 |      Fixed 
   962 |  JC69 |         3 |     41 |               0 |          1 |      Fixed 
   963 |  JC69 |        20 |    632 |             279 |         24 |      Fixed 
   964 |  JC69 |         4 |    273 |               5 |          6 |      Fixed 
   965 |  JC69 |        19 |    268 |              11 |          9 |      Fixed 
   966 |  JC69 |        20 |    161 |               9 |         10 |      Fixed 
   967 |  JC69 |        20 |     87 |               3 |          4 |      Fixed 
   968 |  JC69 |         8 |     78 |               2 |          3 |      Fixed 
   969 |  JC69 |         6 |    227 |               3 |          4 |      Fixed 
   970 |  JC69 |         5 |    282 |              48 |         12 |      Fixed 
   971 |  JC69 |         7 |    324 |              59 |         14 |      Fixed 
   972 |  JC69 |        12 |    237 |               2 |          3 |      Fixed 
   973 |  JC69 |         3 |    237 |               2 |          3 |      Fixed 
   974 |  JC69 |         4 |    237 |               0 |          1 |      Fixed 
   975 |  JC69 |         5 |    237 |              23 |          6 |      Fixed 
   976 |  JC69 |        15 |    290 |              84 |         13 |      Fixed 
   977 |  JC69 |        20 |    140 |               7 |          6 |      Fixed 
   978 |  JC69 |        20 |    122 |               2 |          3 |      Fixed 
   979 |  JC69 |        19 |    217 |               5 |          7 |      Fixed 
   980 |  JC69 |        15 |    193 |               3 |          4 |      Fixed 
   981 |  JC69 |        10 |    357 |             147 |         12 |      Fixed 
   982 |  JC69 |         2 |    280 |              12 |          7 |      Fixed 
   983 |  JC69 |        19 |    527 |             370 |         14 |      Fixed 
   984 |  JC69 |        19 |    748 |             308 |         15 |      Fixed 
   985 |  JC69 |        20 |    378 |              52 |         11 |      Fixed 
   986 |  JC69 |        19 |    294 |              87 |          5 |      Fixed 
   987 |  JC69 |         2 |    276 |               4 |          4 |      Fixed 
   988 |  JC69 |         3 |    146 |               6 |          3 |      Fixed 
   989 |  JC69 |        20 |    239 |              98 |          5 |      Fixed 
   990 |  JC69 |        20 |    198 |               1 |          2 |      Fixed 
   991 |  JC69 |        19 |    174 |               7 |          5 |      Fixed 
   992 |  JC69 |        10 |    145 |               8 |          5 |      Fixed 
   993 |  JC69 |        17 |     59 |               3 |          2 |      Fixed 
   994 |  JC69 |        19 |    269 |              64 |          8 |      Fixed 
   995 |  JC69 |        14 |    402 |              22 |         17 |      Fixed 
   996 |  JC69 |        20 |    185 |               4 |          5 |      Fixed 
   997 |  JC69 |         5 |    176 |               8 |          6 |      Fixed 
   998 |  JC69 |        20 |    242 |               2 |          3 |      Fixed 
   999 |  JC69 |         5 |    202 |               4 |          3 |      Fixed 
  1000 |  JC69 |        19 |    120 |               3 |          4 |      Fixed 
  1001 |  JC69 |         2 |    280 |               6 |          3 |      Fixed 
  1002 |  JC69 |        20 |    353 |             138 |          8 |      Fixed 
  1003 |  JC69 |        19 |    954 |             646 |         48 |      Fixed 
  1004 |  JC69 |         3 |    277 |              11 |          7 |      Fixed 
  1005 |  JC69 |         2 |    285 |              13 |          3 |      Fixed 
  1006 |  JC69 |         3 |    247 |               2 |          3 |      Fixed 
  1007 |  JC69 |        20 |     86 |              11 |          6 |      Fixed 
  1008 |  JC69 |        20 |    180 |               5 |          5 |      Fixed 
  1009 |  JC69 |        11 |    413 |             183 |         24 |      Fixed 
  1010 |  JC69 |         3 |    269 |              11 |          3 |      Fixed 
  1011 |  JC69 |        20 |    365 |              96 |         23 |      Fixed 
  1012 |  JC69 |        12 |    286 |              30 |         19 |      Fixed 
  1013 |  JC69 |        19 |    321 |              23 |         15 |      Fixed 
  1014 |  JC69 |        17 |     59 |               4 |          3 |      Fixed 
  1015 |  JC69 |        12 |     63 |               7 |          6 |      Fixed 
  1016 |  JC69 |         5 |    279 |              17 |          9 |      Fixed 
  1017 |  JC69 |        20 |    160 |               3 |          4 |      Fixed 
  1018 |  JC69 |        19 |    147 |              14 |         13 |      Fixed 
  1019 |  JC69 |         3 |    224 |               4 |          2 |      Fixed 
  1020 |  JC69 |        20 |    365 |              92 |          6 |      Fixed 
  1021 |  JC69 |        14 |    178 |              12 |          8 |      Fixed 
  1022 |  JC69 |        20 |    260 |             119 |          7 |      Fixed 
  1023 |  JC69 |        20 |    148 |               3 |          4 |      Fixed 
  1024 |  JC69 |        20 |     87 |               0 |          1 |      Fixed 
  1025 |  JC69 |        19 |    122 |               6 |          7 |      Fixed 
  1026 |  JC69 |        13 |    165 |               2 |          3 |      Fixed 
  1027 |  JC69 |        17 |    287 |              46 |         25 |      Fixed 
  1028 |  JC69 |        20 |    245 |               4 |          5 |      Fixed 
  1029 |  JC69 |        20 |    125 |               7 |          8 |      Fixed 
  1030 |  JC69 |        20 |     69 |               2 |          3 |      Fixed 
  1031 |  JC69 |        17 |    528 |             528 |         25 |      Fixed 
  1032 |  JC69 |        20 |    125 |               3 |          3 |      Fixed 
  1033 |  JC69 |        18 |    138 |               1 |          2 |      Fixed 
  1034 |  JC69 |         7 |     93 |              40 |          2 |      Fixed 
  1035 |  JC69 |        19 |     67 |               4 |          5 |      Fixed 
  1036 |  JC69 |        18 |    170 |               8 |          8 |      Fixed 
  1037 |  JC69 |         4 |     44 |               0 |          1 |      Fixed 
  1038 |  JC69 |        20 |     83 |               0 |          1 |      Fixed 
  1039 |  JC69 |         4 |    281 |              17 |          8 |      Fixed 
  1040 |  JC69 |        20 |    149 |               2 |          3 |      Fixed 
  1041 |  JC69 |         4 |    484 |             218 |         11 |      Fixed 
  1042 |  JC69 |         8 |    283 |              26 |         18 |      Fixed 
  1043 |  JC69 |        20 |     93 |               1 |          2 |      Fixed 
  1044 |  JC69 |         5 |     83 |               1 |          2 |      Fixed 
  1045 |  JC69 |         7 |     95 |               0 |          2 |      Fixed 
  1046 |  JC69 |        12 |    446 |             232 |         14 |      Fixed 
  1047 |  JC69 |        20 |    454 |              20 |         17 |      Fixed 
  1048 |  JC69 |        19 |    146 |              19 |          6 |      Fixed 
  1049 |  JC69 |         3 |    161 |               1 |          2 |      Fixed 
  1050 |  JC69 |        20 |    317 |             184 |         11 |      Fixed 
  1051 |  JC69 |         6 |    395 |             130 |          9 |      Fixed 
  1052 |  JC69 |        20 |    102 |               2 |          3 |      Fixed 
  1053 |  JC69 |        20 |     76 |               0 |          1 |      Fixed 
  1054 |  JC69 |         3 |    524 |             256 |         10 |      Fixed 
  1055 |  JC69 |        19 |    362 |              96 |         28 |      Fixed 
  1056 |  JC69 |        14 |     85 |               4 |          4 |      Fixed 
  1057 |  JC69 |        15 |    126 |               9 |          7 |      Fixed 
  1058 |  JC69 |         9 |     69 |               9 |          6 |      Fixed 
  1059 |  JC69 |         4 |    125 |               0 |          1 |      Fixed 
  1060 |  JC69 |        18 |    211 |              67 |         15 |      Fixed 
  1061 |  JC69 |        20 |    170 |              68 |         10 |      Fixed 
  1062 |  JC69 |        18 |    232 |              35 |         10 |      Fixed 
  1063 |  JC69 |        19 |     86 |               3 |          3 |      Fixed 
  1064 |  JC69 |        17 |    193 |              71 |         20 |      Fixed 
  1065 |  JC69 |         9 |     47 |               0 |          1 |      Fixed 
  1066 |  JC69 |        18 |     71 |               7 |          6 |      Fixed 
  1067 |  JC69 |         5 |    279 |              24 |          7 |      Fixed 
  1068 |  JC69 |        20 |    217 |               4 |          5 |      Fixed 
  1069 |  JC69 |         7 |    285 |              26 |         14 |      Fixed 
  1070 |  JC69 |         2 |    114 |               4 |          5 |      Fixed 
  1071 |  JC69 |        20 |    265 |             116 |         11 |      Fixed 
  1072 |  JC69 |         3 |    281 |               8 |          5 |      Fixed 
  1073 |  JC69 |         6 |    281 |              34 |         12 |      Fixed 
  1074 |  JC69 |        20 |     99 |               6 |          7 |      Fixed 
  1075 |  JC69 |        18 |    343 |             343 |          5 |      Fixed 
  1076 |  JC69 |         2 |    286 |              43 |          4 |      Fixed 
  1077 |  JC69 |        20 |    512 |             364 |         18 |      Fixed 
  1078 |  JC69 |         5 |     50 |               1 |          2 |      Fixed 
  1079 |  JC69 |         2 |     50 |               0 |          1 |      Fixed 
  1080 |  JC69 |         8 |    281 |              22 |         20 |      Fixed 
  1081 |  JC69 |        20 |    118 |               3 |          4 |      Fixed 
  1082 |  JC69 |        20 |    141 |               1 |          2 |      Fixed 
  1083 |  JC69 |        19 |     93 |               1 |          2 |      Fixed 
  1084 |  JC69 |         9 |    259 |              77 |          6 |      Fixed 
  1085 |  JC69 |         4 |    249 |              15 |          8 |      Fixed 
  1086 |  JC69 |         6 |    279 |              18 |         12 |      Fixed 
  1087 |  JC69 |         5 |     78 |               2 |          2 |      Fixed 
  1088 |  JC69 |        20 |    339 |               8 |          9 |      Fixed 
  1089 |  JC69 |         2 |     73 |               0 |          1 |      Fixed 
  1090 |  JC69 |        19 |    246 |              16 |         13 |      Fixed 
  1091 |  JC69 |         5 |    276 |              31 |         15 |      Fixed 
  1092 |  JC69 |        18 |    372 |              10 |          9 |      Fixed 
  1093 |  JC69 |        18 |    662 |             450 |         20 |      Fixed 
  1094 |  JC69 |        10 |    172 |              17 |         16 |      Fixed 
  1095 |  JC69 |        10 |    282 |              29 |         12 |      Fixed 
  1096 |  JC69 |        20 |    296 |              65 |          7 |      Fixed 
  1097 |  JC69 |         5 |     60 |               0 |          1 |      Fixed 
  1098 |  JC69 |        20 |    154 |               2 |          3 |      Fixed 
  1099 |  JC69 |        20 |    181 |               2 |          3 |      Fixed 
  1100 |  JC69 |        20 |    102 |               6 |          7 |      Fixed 
  1101 |  JC69 |        20 |    146 |               6 |          7 |      Fixed 
  1102 |  JC69 |        19 |    662 |             464 |         23 |      Fixed 
  1103 |  JC69 |        17 |    107 |               1 |          2 |      Fixed 
  1104 |  JC69 |        11 |    379 |              18 |         15 |      Fixed 
  1105 |  JC69 |         6 |    167 |               2 |          3 |      Fixed 
  1106 |  JC69 |        15 |    284 |              23 |         20 |      Fixed 
  1107 |  JC69 |        19 |     53 |               1 |          2 |      Fixed 
  1108 |  JC69 |         5 |    280 |              32 |         10 |      Fixed 
  1109 |  JC69 |         3 |    147 |               3 |          4 |      Fixed 
  1110 |  JC69 |        12 |    282 |             109 |         16 |      Fixed 
  1111 |  JC69 |        19 |    523 |             282 |         27 |      Fixed 
  1112 |  JC69 |         2 |    284 |               2 |          2 |      Fixed 
  1113 |  JC69 |        17 |    125 |               7 |          5 |      Fixed 
  1114 |  JC69 |        18 |    454 |             230 |         13 |      Fixed 
  1115 |  JC69 |         2 |    283 |               2 |          3 |      Fixed 
  1116 |  JC69 |        16 |    410 |              64 |         10 |      Fixed 
  1117 |  JC69 |        16 |   1154 |             682 |         33 |      Fixed 
  1118 |  JC69 |        20 |    466 |             208 |         18 |      Fixed 
  1119 |  JC69 |        20 |    632 |             632 |         32 |      Fixed 
  1120 |  JC69 |        20 |    381 |              25 |         17 |      Fixed 
  1121 |  JC69 |        20 |    237 |              12 |         11 |      Fixed 
  1122 |  JC69 |         2 |    483 |               9 |          7 |      Fixed 
  1123 |  JC69 |        20 |    115 |               4 |          5 |      Fixed 
  1124 |  JC69 |         8 |     53 |               5 |          3 |      Fixed 
  1125 |  JC69 |        20 |     75 |               0 |          1 |      Fixed 
  1126 |  JC69 |        20 |    544 |              65 |         14 |      Fixed 
  1127 |  JC69 |        10 |    359 |             120 |         16 |      Fixed 
  1128 |  JC69 |        20 |    308 |             148 |          7 |      Fixed 
  1129 |  JC69 |         6 |    282 |              30 |         11 |      Fixed 
  1130 |  JC69 |         3 |    243 |               4 |          5 |      Fixed 
  1131 |  JC69 |        15 |    175 |               4 |          4 |      Fixed 
  1132 |  JC69 |        10 |    145 |               5 |          7 |      Fixed 
  1133 |  JC69 |        17 |    294 |              14 |         14 |      Fixed 
  1134 |  JC69 |        15 |    157 |              12 |         10 |      Fixed 
  1135 |  JC69 |        20 |    347 |             117 |          7 |      Fixed 
  1136 |  JC69 |         2 |    281 |               7 |          3 |      Fixed 
  1137 |  JC69 |        15 |    292 |              21 |         14 |      Fixed 
  1138 |  JC69 |        15 |    149 |              57 |          5 |      Fixed 
  1139 |  JC69 |         2 |    277 |               9 |          5 |      Fixed 
  1140 |  JC69 |         4 |    282 |              14 |          7 |      Fixed 
  1141 |  JC69 |        11 |    291 |             126 |         15 |      Fixed 
  1142 |  JC69 |        17 |    281 |              88 |          6 |      Fixed 
  1143 |  JC69 |        19 |    228 |               3 |          4 |      Fixed 
  1144 |  JC69 |        20 |    378 |             170 |          7 |      Fixed 
  1145 |  JC69 |        20 |    308 |               4 |          5 |      Fixed 
  1146 |  JC69 |        18 |    290 |              28 |         22 |      Fixed 
  1147 |  JC69 |        17 |    451 |              22 |         16 |      Fixed 
  1148 |  JC69 |        13 |     57 |               1 |          2 |      Fixed 
  1149 |  JC69 |         2 |    142 |               4 |          3 |      Fixed 
  1150 |  JC69 |         5 |     47 |               2 |          2 |      Fixed 
  1151 |  JC69 |         8 |    427 |             168 |         22 |      Fixed 
  1152 |  JC69 |         9 |    278 |             118 |         11 |      Fixed 
  1153 |  JC69 |         3 |     50 |               0 |          1 |      Fixed 
  1154 |  JC69 |        20 |    102 |               5 |          6 |      Fixed 
  1155 |  JC69 |        19 |    141 |              38 |          7 |      Fixed 
  1156 |  JC69 |        10 |    286 |              24 |         16 |      Fixed 
  1157 |  JC69 |        10 |    280 |              41 |         15 |      Fixed 
  1158 |  JC69 |         3 |     56 |               0 |          1 |      Fixed 
  1159 |  JC69 |        20 |    216 |               3 |          4 |      Fixed 
  1160 |  JC69 |         4 |    320 |             161 |          9 |      Fixed 
  1161 |  JC69 |        20 |    161 |               2 |          3 |      Fixed 
  1162 |  JC69 |        20 |    106 |               0 |          1 |      Fixed 
  1163 |  JC69 |         6 |    280 |              16 |         10 |      Fixed 
  1164 |  JC69 |        20 |    106 |               3 |          4 |      Fixed 
  1165 |  JC69 |        20 |    112 |               7 |          8 |      Fixed 
  1166 |  JC69 |        19 |    117 |               3 |          4 |      Fixed 
  1167 |  JC69 |        20 |    148 |               2 |          3 |      Fixed 
  1168 |  JC69 |         8 |    188 |               9 |          8 |      Fixed 
  1169 |  JC69 |         4 |    122 |               0 |          1 |      Fixed 
  1170 |  JC69 |        20 |    134 |              10 |          7 |      Fixed 
  1171 |  JC69 |        11 |    168 |               4 |          5 |      Fixed 
  1172 |  JC69 |        19 |     87 |               7 |          7 |      Fixed 
  1173 |  JC69 |         3 |     56 |               0 |          1 |      Fixed 
  1174 |  JC69 |        20 |    536 |             130 |         18 |      Fixed 
  1175 |  JC69 |        20 |    191 |              12 |         10 |      Fixed 
  1176 |  JC69 |         4 |    268 |               8 |          9 |      Fixed 
  1177 |  JC69 |        15 |    169 |               4 |          4 |      Fixed 
  1178 |  JC69 |        17 |    334 |             156 |          8 |      Fixed 
  1179 |  JC69 |        18 |    320 |             246 |         13 |      Fixed 
  1180 |  JC69 |        16 |    628 |             416 |         20 |      Fixed 
  1181 |  JC69 |         3 |    170 |              56 |          5 |      Fixed 
  1182 |  JC69 |        19 |    146 |              11 |          9 |      Fixed 
  1183 |  JC69 |        11 |    359 |              66 |         17 |      Fixed 
  1184 |  JC69 |        20 |    176 |              12 |          8 |      Fixed 
  1185 |  JC69 |         7 |    376 |             124 |          5 |      Fixed 
  1186 |  JC69 |        20 |    555 |             281 |         18 |      Fixed 
  1187 |  JC69 |        20 |    218 |               5 |          6 |      Fixed 
  1188 |  JC69 |         3 |    275 |              17 |          3 |      Fixed 
  1189 |  JC69 |        20 |    102 |              11 |          9 |      Fixed 
  1190 |  JC69 |        15 |    237 |              13 |         12 |      Fixed 
  1191 |  JC69 |        19 |     62 |               2 |          3 |      Fixed 
  1192 |  JC69 |         2 |    274 |               1 |          2 |      Fixed 
  1193 |  JC69 |         3 |    280 |              10 |          6 |      Fixed 
  1194 |  JC69 |         9 |    283 |              27 |         17 |      Fixed 
  1195 |  JC69 |        12 |    252 |              11 |          9 |      Fixed 
  1196 |  JC69 |        15 |    260 |              12 |          9 |      Fixed 
  1197 |  JC69 |        20 |    267 |               4 |          6 |      Fixed 
  1198 |  JC69 |         8 |    169 |               5 |          7 |      Fixed 
  1199 |  JC69 |        16 |     73 |               1 |          2 |      Fixed 
  1200 |  JC69 |         6 |    362 |             113 |          6 |      Fixed 
  1201 |  JC69 |        19 |    251 |               3 |          4 |      Fixed 
  1202 |  JC69 |        17 |    402 |             286 |         31 |      Fixed 
  1203 |  JC69 |        19 |     82 |               7 |          8 |      Fixed 
  1204 |  JC69 |         4 |    255 |               1 |          2 |      Fixed 
  1205 |  JC69 |        13 |    717 |             481 |         11 |      Fixed 
  1206 |  JC69 |        20 |    361 |             156 |         10 |      Fixed 
  1207 |  JC69 |        18 |    292 |              37 |         19 |      Fixed 
  1208 |  JC69 |         2 |    286 |              13 |          4 |      Fixed 
  1209 |  JC69 |         4 |    287 |              25 |          9 |      Fixed 
  1210 |  JC69 |        18 |    503 |             306 |          9 |      Fixed 
  1211 |  JC69 |         4 |    183 |               0 |          1 |      Fixed 
  1212 |  JC69 |        16 |     74 |              10 |          4 |      Fixed 
  1213 |  JC69 |         8 |    410 |             301 |         16 |      Fixed 
  1214 |  JC69 |        11 |    133 |               2 |          3 |      Fixed 
  1215 |  JC69 |         2 |     65 |               2 |          2 |      Fixed 
  1216 |  JC69 |        20 |     98 |               6 |          6 |      Fixed 
  1217 |  JC69 |        20 |    360 |              13 |          9 |      Fixed 
  1218 |  JC69 |        20 |    163 |               7 |          9 |      Fixed 
  1219 |  JC69 |         2 |    185 |               1 |          2 |      Fixed 
  1220 |  JC69 |        20 |    146 |               0 |          1 |      Fixed 
  1221 |  JC69 |        16 |    281 |              24 |         15 |      Fixed 
  1222 |  JC69 |        20 |    154 |              47 |          5 |      Fixed 
  1223 |  JC69 |        20 |    169 |               8 |          8 |      Fixed 
  1224 |  JC69 |        20 |    488 |             106 |         10 |      Fixed 
  1225 |  JC69 |        10 |    132 |               1 |          2 |      Fixed 
  1226 |  JC69 |        11 |    288 |              24 |         16 |      Fixed 
  1227 |  JC69 |        20 |    429 |             201 |         24 |      Fixed 
  1228 |  JC69 |         7 |    282 |              27 |         12 |      Fixed 
  1229 |  JC69 |         3 |     49 |               0 |          1 |      Fixed 
  1230 |  JC69 |        12 |    378 |              96 |         16 |      Fixed 
  1231 |  JC69 |         4 |    134 |               6 |          3 |      Fixed 
  1232 |  JC69 |        19 |    231 |              13 |          9 |      Fixed 
  1233 |  JC69 |         4 |    276 |              20 |          8 |      Fixed 
  1234 |  JC69 |        20 |     72 |               2 |          3 |      Fixed 
  1235 |  JC69 |        10 |    410 |             175 |         25 |      Fixed 
  1236 |  JC69 |         4 |    282 |              97 |          7 |      Fixed 
  1237 |  JC69 |        18 |     65 |               6 |          4 |      Fixed 
  1238 |  JC69 |        19 |     79 |               4 |          5 |      Fixed 
  1239 |  JC69 |        19 |    111 |               4 |          5 |      Fixed 
  1240 |  JC69 |        18 |    625 |             337 |         33 |      Fixed 
  1241 |  JC69 |         2 |    279 |               6 |          5 |      Fixed 
  1242 |  JC69 |        20 |     55 |               3 |          4 |      Fixed 
  1243 |  JC69 |        19 |    292 |              20 |         15 |      Fixed 
  1244 |  JC69 |        10 |    282 |              54 |         16 |      Fixed 
  1245 |  JC69 |         3 |    105 |               7 |          2 |      Fixed 
  1246 |  JC69 |        10 |    106 |              15 |          8 |      Fixed 
  1247 |  JC69 |         2 |     59 |               1 |          2 |      Fixed 
  1248 |  JC69 |         4 |    279 |               7 |          6 |      Fixed 
  1249 |  JC69 |         7 |    286 |              22 |         13 |      Fixed 
  1250 |  JC69 |         7 |     71 |               2 |          3 |      Fixed 
  1251 |  JC69 |         2 |     85 |               0 |          1 |      Fixed 
  1252 |  JC69 |        11 |    287 |              26 |         16 |      Fixed 
  1253 |  JC69 |        20 |    127 |               5 |          7 |      Fixed 
  1254 |  JC69 |        16 |    403 |             178 |         15 |      Fixed 
  1255 |  JC69 |         9 |    410 |             162 |         12 |      Fixed 
  1256 |  JC69 |        20 |    240 |             110 |         17 |      Fixed 
  1257 |  JC69 |        17 |    208 |               6 |          8 |      Fixed 
  1258 |  JC69 |        20 |    115 |               3 |          4 |      Fixed 
  1259 |  JC69 |        16 |    287 |              26 |         17 |      Fixed 
  1260 |  JC69 |        16 |    135 |               4 |          5 |      Fixed 
  1261 |  JC69 |         9 |    129 |               5 |          5 |      Fixed 
  1262 |  JC69 |        17 |     81 |               5 |          5 |      Fixed 
  1263 |  JC69 |        20 |    322 |             127 |         10 |      Fixed 
  1264 |  JC69 |         3 |     52 |               2 |          2 |      Fixed 
  1265 |  JC69 |        12 |    494 |              92 |         18 |      Fixed 
  1266 |  JC69 |        19 |    443 |             272 |         16 |      Fixed 
  1267 |  JC69 |         7 |    171 |               4 |          6 |      Fixed 
  1268 |  JC69 |        20 |    143 |               6 |          6 |      Fixed 
  1269 |  JC69 |        20 |     90 |               4 |          5 |      Fixed 
  1270 |  JC69 |         3 |    256 |               4 |          4 |      Fixed 
  1271 |  JC69 |        14 |     59 |               2 |          3 |      Fixed 
  1272 |  JC69 |         4 |    281 |              10 |          5 |      Fixed 
  1273 |  JC69 |        19 |     62 |               1 |          2 |      Fixed 
  1274 |  JC69 |        20 |    197 |               5 |          5 |      Fixed 
  1275 |  JC69 |         5 |    272 |              52 |          5 |      Fixed 
  1276 |  JC69 |        19 |    332 |              38 |         16 |      Fixed 
  1277 |  JC69 |         4 |    265 |              38 |          7 |      Fixed 
  1278 |  JC69 |        20 |    262 |             129 |          7 |      Fixed 
  1279 |  JC69 |        17 |   1174 |             992 |         50 |      Fixed 
  1280 |  JC69 |         5 |    220 |              16 |          8 |      Fixed 
  1281 |  JC69 |        19 |    217 |              12 |          7 |      Fixed 
  1282 |  JC69 |        17 |    200 |              34 |          8 |      Fixed 
  1283 |  JC69 |        10 |    307 |             120 |          5 |      Fixed 
  1284 |  JC69 |         3 |     52 |               0 |          1 |      Fixed 
  1285 |  JC69 |        10 |    131 |               4 |          5 |      Fixed 
  1286 |  JC69 |         6 |    270 |              38 |         15 |      Fixed 
  1287 |  JC69 |        20 |    150 |               7 |          6 |      Fixed 
  1288 |  JC69 |        20 |    149 |               9 |          9 |      Fixed 
  1289 |  JC69 |        18 |    572 |             349 |         24 |      Fixed 
  1290 |  JC69 |        12 |    647 |             456 |         16 |      Fixed 
  1291 |  JC69 |         3 |    280 |              46 |          6 |      Fixed 
  1292 |  JC69 |        20 |    148 |               5 |          6 |      Fixed 
  1293 |  JC69 |        20 |    216 |               2 |          3 |      Fixed 
  1294 |  JC69 |         9 |    377 |             108 |         14 |      Fixed 
  1295 |  JC69 |        14 |    435 |             153 |         18 |      Fixed 
  1296 |  JC69 |         8 |    260 |             176 |         11 |      Fixed 
  1297 |  JC69 |         9 |    200 |               4 |          5 |      Fixed 
  1298 |  JC69 |        17 |    191 |              47 |          8 |      Fixed 
  1299 |  JC69 |        10 |    279 |              50 |         19 |      Fixed 
  1300 |  JC69 |        10 |     70 |               7 |          5 |      Fixed 
  1301 |  JC69 |         2 |     58 |               0 |          1 |      Fixed 
  1302 |  JC69 |        13 |    219 |              86 |         13 |      Fixed 
  1303 |  JC69 |        18 |    373 |             161 |         19 |      Fixed 
  1304 |  JC69 |        15 |    540 |             281 |         22 |      Fixed 
  1305 |  JC69 |        19 |    189 |               3 |          5 |      Fixed 
  1306 |  JC69 |        20 |     94 |               7 |          6 |      Fixed 
  1307 |  JC69 |        19 |     75 |               0 |          1 |      Fixed 
  1308 |  JC69 |        20 |    375 |              10 |          7 |      Fixed 
  1309 |  JC69 |         3 |    281 |              14 |          4 |      Fixed 
  1310 |  JC69 |        20 |     84 |              40 |          7 |      Fixed 
  1311 |  JC69 |        20 |    125 |               3 |          4 |      Fixed 
  1312 |  JC69 |        20 |    265 |             109 |          7 |      Fixed 
  1313 |  JC69 |         9 |    413 |             168 |         16 |      Fixed 
  1314 |  JC69 |         7 |     37 |               0 |          1 |      Fixed 
  1315 |  JC69 |        17 |    217 |               8 |          9 |      Fixed 
  1316 |  JC69 |        11 |    325 |             158 |         13 |      Fixed 
  1317 |  JC69 |        18 |    174 |               0 |          1 |      Fixed 
  1318 |  JC69 |        20 |    316 |               6 |          7 |      Fixed 
  1319 |  JC69 |        16 |    146 |              10 |         10 |      Fixed 
  1320 |  JC69 |        13 |    130 |               4 |          6 |      Fixed 
  1321 |  JC69 |         6 |    282 |              48 |         10 |      Fixed 
  1322 |  JC69 |        16 |    146 |               9 |          9 |      Fixed 
  1323 |  JC69 |         2 |    230 |               0 |          1 |      Fixed 
  1324 |  JC69 |         6 |    279 |              13 |         12 |      Fixed 
  1325 |  JC69 |        19 |    452 |               4 |          5 |      Fixed 
  1326 |  JC69 |        18 |    106 |               3 |          4 |      Fixed 
  1327 |  JC69 |        16 |    195 |              10 |          6 |      Fixed 
  1328 |  JC69 |         5 |    286 |              14 |          9 |      Fixed 
  1329 |  JC69 |        10 |     97 |              10 |          8 |      Fixed 
  1330 |  JC69 |        20 |     59 |               1 |          2 |      Fixed 
  1331 |  JC69 |         9 |    468 |              20 |         15 |      Fixed 
  1332 |  JC69 |         2 |     63 |               0 |          1 |      Fixed 
  1333 |  JC69 |        20 |    302 |               8 |          8 |      Fixed 
  1334 |  JC69 |        15 |    256 |             123 |          6 |      Fixed 
  1335 |  JC69 |        10 |    259 |              18 |         11 |      Fixed 
  1336 |  JC69 |         2 |     54 |               0 |          1 |      Fixed 
  1337 |  JC69 |         5 |    275 |              18 |         15 |      Fixed 
  1338 |  JC69 |         4 |    282 |              19 |          7 |      Fixed 
  1339 |  JC69 |         6 |    420 |               8 |          9 |      Fixed 
  1340 |  JC69 |         7 |    280 |              31 |          8 |      Fixed 
  1341 |  JC69 |        20 |    256 |               9 |         10 |      Fixed 
  1342 |  JC69 |        17 |    768 |             515 |         36 |      Fixed 
  1343 |  JC69 |        14 |    134 |               4 |          5 |      Fixed 
  1344 |  JC69 |        18 |     89 |               5 |          2 |      Fixed 
  1345 |  JC69 |        14 |     78 |               0 |          1 |      Fixed 
  1346 |  JC69 |         4 |    279 |               8 |          7 |      Fixed 
  1347 |  JC69 |        20 |    102 |               6 |          7 |      Fixed 
  1348 |  JC69 |        18 |    387 |              11 |         12 |      Fixed 
  1349 |  JC69 |        16 |    122 |              59 |          5 |      Fixed 
  1350 |  JC69 |         3 |     51 |               0 |          1 |      Fixed 
  1351 |  JC69 |        19 |    453 |             197 |         23 |      Fixed 
  1352 |  JC69 |        17 |    292 |              31 |         26 |      Fixed 
  1353 |  JC69 |        20 |    438 |             174 |         27 |      Fixed 
  1354 |  JC69 |        20 |     69 |               2 |          3 |      Fixed 
  1355 |  JC69 |        20 |    102 |               2 |          3 |      Fixed 
  1356 |  JC69 |         2 |    280 |              10 |          3 |      Fixed 
  1357 |  JC69 |         2 |     47 |               1 |          2 |      Fixed 
  1358 |  JC69 |        19 |     69 |               3 |          4 |      Fixed 
  1359 |  JC69 |         2 |    279 |               5 |          3 |      Fixed 
  1360 |  JC69 |        20 |    394 |             127 |         21 |      Fixed 
  1361 |  JC69 |         6 |    275 |              86 |         19 |      Fixed 
  1362 |  JC69 |        19 |    163 |              16 |         12 |      Fixed 
  1363 |  JC69 |         3 |     43 |               0 |          1 |      Fixed 
  1364 |  JC69 |         3 |     47 |               0 |          1 |      Fixed 
  1365 |  JC69 |         4 |    379 |             139 |         10 |      Fixed 
  1366 |  JC69 |        18 |     79 |               6 |          6 |      Fixed 
  1367 |  JC69 |         3 |    283 |              12 |          7 |      Fixed 
  1368 |  JC69 |         7 |    276 |              94 |          6 |      Fixed 
  1369 |  JC69 |        18 |    123 |               5 |          4 |      Fixed 
  1370 |  JC69 |        14 |    287 |               9 |          8 |      Fixed 
  1371 |  JC69 |         2 |    160 |              32 |          4 |      Fixed 
  1372 |  JC69 |        19 |     77 |               0 |          1 |      Fixed 
  1373 |  JC69 |         4 |    278 |              13 |          4 |      Fixed 
  1374 |  JC69 |         9 |    257 |              10 |          9 |      Fixed 
  1375 |  JC69 |        20 |     94 |               1 |          2 |      Fixed 
  1376 |  JC69 |         8 |    471 |             213 |         20 |      Fixed 
  1377 |  JC69 |        20 |    130 |               3 |          4 |      Fixed 
  1378 |  JC69 |        19 |    208 |              15 |          9 |      Fixed 
  1379 |  JC69 |         4 |    265 |              39 |          4 |      Fixed 
  1380 |  JC69 |        16 |     53 |               4 |          3 |      Fixed 
  1381 |  JC69 |        14 |     84 |               8 |          6 |      Fixed 
  1382 |  JC69 |        10 |    377 |             164 |          9 |      Fixed 
  1383 |  JC69 |        18 |    193 |               4 |          6 |      Fixed 
  1384 |  JC69 |         3 |    277 |              71 |          4 |      Fixed 
  1385 |  JC69 |        20 |    156 |               4 |          5 |      Fixed 
  1386 |  JC69 |         3 |     69 |               0 |          1 |      Fixed 
  1387 |  JC69 |        20 |    292 |              22 |         17 |      Fixed 
  1388 |  JC69 |        19 |    150 |               1 |          2 |      Fixed 
  1389 |  JC69 |        20 |     89 |               3 |          4 |      Fixed 
  1390 |  JC69 |        20 |    358 |             254 |         11 |      Fixed 
  1391 |  JC69 |         2 |    200 |               0 |          2 |      Fixed 
  1392 |  JC69 |         4 |     41 |               0 |          1 |      Fixed 
  1393 |  JC69 |         2 |    200 |               0 |          1 |      Fixed 
  1394 |  JC69 |        10 |    292 |              52 |         12 |      Fixed 
  1395 |  JC69 |         5 |    221 |               4 |          5 |      Fixed 
  1396 |  JC69 |        16 |    249 |              14 |         12 |      Fixed 
  1397 |  JC69 |        13 |    270 |              25 |         20 |      Fixed 
  1398 |  JC69 |        20 |    152 |               2 |          3 |      Fixed 
  1399 |  JC69 |         2 |    223 |               8 |          3 |      Fixed 
  1400 |  JC69 |        12 |    286 |              20 |         14 |      Fixed 
  1401 |  JC69 |        17 |    216 |              33 |         16 |      Fixed 
  1402 |  JC69 |        20 |    342 |              87 |         17 |      Fixed 
  1403 |  JC69 |        13 |    151 |               1 |          3 |      Fixed 
  1404 |  JC69 |        14 |    249 |              23 |         14 |      Fixed 
  1405 |  JC69 |        20 |    133 |              58 |          4 |      Fixed 
  1406 |  JC69 |         2 |     68 |               3 |          2 |      Fixed 
  1407 |  JC69 |         6 |    265 |              18 |         11 |      Fixed 
  1408 |  JC69 |        20 |    260 |              60 |          7 |      Fixed 
  1409 |  JC69 |        19 |    217 |               2 |          3 |      Fixed 
  1410 |  JC69 |        20 |    550 |             141 |         11 |      Fixed 
  1411 |  JC69 |        20 |    277 |             105 |          6 |      Fixed 
  1412 |  JC69 |        19 |    640 |             198 |         21 |      Fixed 
  1413 |  JC69 |         4 |    164 |               0 |          1 |      Fixed 
  1414 |  JC69 |        17 |    288 |              31 |         18 |      Fixed 
  1415 |  JC69 |        19 |    393 |               8 |          9 |      Fixed 
  1416 |  JC69 |         6 |    482 |             233 |          9 |      Fixed 
  1417 |  JC69 |        12 |    414 |             161 |         14 |      Fixed 
  1418 |  JC69 |        11 |    153 |               3 |          4 |      Fixed 
  1419 |  JC69 |        19 |    226 |              13 |         10 |      Fixed 
  1420 |  JC69 |         9 |    188 |               3 |          4 |      Fixed 
  1421 |  JC69 |         3 |     93 |               1 |          3 |      Fixed 
  1422 |  JC69 |        12 |     72 |               6 |          4 |      Fixed 
  1423 |  JC69 |        18 |    356 |             125 |          8 |      Fixed 
  1424 |  JC69 |        20 |    148 |               4 |          6 |      Fixed 
  1425 |  JC69 |        18 |    195 |              11 |         12 |      Fixed 
  1426 |  JC69 |        19 |     72 |               4 |          2 |      Fixed 
  1427 |  JC69 |         4 |    213 |               1 |          3 |      Fixed 
  1428 |  JC69 |         6 |    104 |               3 |          2 |      Fixed 
  1429 |  JC69 |        15 |    377 |              14 |         13 |      Fixed 
  1430 |  JC69 |         3 |    539 |               4 |          4 |      Fixed 
  1431 |  JC69 |         3 |    204 |              11 |          4 |      Fixed 
  1432 |  JC69 |        20 |     47 |               3 |          4 |      Fixed 
  1433 |  JC69 |         3 |     46 |               3 |          2 |      Fixed 
  1434 |  JC69 |         2 |    208 |              75 |          4 |      Fixed 
  1435 |  JC69 |         2 |    234 |              10 |          9 |      Fixed 
  1436 |  JC69 |         6 |    255 |              17 |         10 |      Fixed 
  1437 |  JC69 |        10 |     58 |               1 |          2 |      Fixed 
  1438 |  JC69 |        18 |    188 |               1 |          2 |      Fixed 
  1439 |  JC69 |        18 |    419 |              15 |         10 |      Fixed 
  1440 |  JC69 |        11 |    154 |               1 |          4 |      Fixed 
  1441 |  JC69 |         3 |    263 |               7 |          6 |      Fixed 
  1442 |  JC69 |         5 |    422 |              17 |          8 |      Fixed 
  1443 |  JC69 |        20 |    279 |               6 |          7 |      Fixed 
  1444 |  JC69 |        10 |     74 |               2 |          3 |      Fixed 
  1445 |  JC69 |        20 |     75 |               1 |          2 |      Fixed 
  1446 |  JC69 |        18 |    118 |              54 |         12 |      Fixed 
  1447 |  JC69 |         2 |    351 |              86 |          5 |      Fixed 
  1448 |  JC69 |         3 |    284 |               2 |          3 |      Fixed 
  1449 |  JC69 |        15 |    240 |              66 |          9 |      Fixed 
  1450 |  JC69 |        19 |     50 |               5 |          5 |      Fixed 
  1451 |  JC69 |        19 |    110 |               4 |          5 |      Fixed 
  1452 |  JC69 |        17 |    548 |              26 |         14 |      Fixed 
  1453 |  JC69 |         3 |    278 |               7 |          5 |      Fixed 
  1454 |  JC69 |         3 |    278 |              20 |          6 |      Fixed 
  1455 |  JC69 |        20 |    143 |               2 |          4 |      Fixed 
  1456 |  JC69 |         2 |     62 |              12 |          5 |      Fixed 
  1457 |  JC69 |        14 |     85 |               0 |          1 |      Fixed 
  1458 |  JC69 |        19 |    203 |               5 |          6 |      Fixed 
  1459 |  JC69 |        15 |    239 |               6 |          5 |      Fixed 
  1460 |  JC69 |        20 |    191 |               7 |          8 |      Fixed 
  1461 |  JC69 |        20 |    221 |               5 |          6 |      Fixed 
  1462 |  JC69 |        16 |    216 |               4 |          5 |      Fixed 
  1463 |  JC69 |        20 |     74 |               2 |          3 |      Fixed 
  1464 |  JC69 |         7 |     70 |               1 |          2 |      Fixed 
  1465 |  JC69 |        20 |    187 |               9 |          9 |      Fixed 
  1466 |  JC69 |         2 |    280 |               6 |          5 |      Fixed 
  1467 |  JC69 |        12 |    139 |               4 |          6 |      Fixed 
  1468 |  JC69 |        11 |    248 |               6 |          6 |      Fixed 
  1469 |  JC69 |        18 |    111 |              44 |          5 |      Fixed 
  1470 |  JC69 |         3 |    172 |               0 |          2 |      Fixed 
  1471 |  JC69 |        10 |    267 |              24 |         15 |      Fixed 
  1472 |  JC69 |        19 |    683 |             562 |         24 |      Fixed 
  1473 |  JC69 |        14 |    205 |              96 |          8 |      Fixed 
  1474 |  JC69 |         7 |    266 |              18 |         15 |      Fixed 
  1475 |  JC69 |        19 |    231 |               9 |          8 |      Fixed 
  1476 |  JC69 |         8 |    179 |               1 |          2 |      Fixed 
  1477 |  JC69 |         5 |     78 |               0 |          1 |      Fixed 
  1478 |  JC69 |        12 |    185 |               3 |          4 |      Fixed 
  1479 |  JC69 |        11 |    295 |             155 |         10 |      Fixed 
  1480 |  JC69 |         2 |    280 |              33 |          4 |      Fixed 
  1481 |  JC69 |         3 |    102 |               0 |          1 |      Fixed 
  1482 |  JC69 |        19 |    564 |             205 |         14 |      Fixed 
  1483 |  JC69 |         7 |    111 |               1 |          2 |      Fixed 
  1484 |  JC69 |        19 |    152 |               1 |          2 |      Fixed 
  1485 |  JC69 |        19 |    191 |              15 |         10 |      Fixed 
  1486 |  JC69 |         7 |    348 |               7 |          3 |      Fixed 
  1487 |  JC69 |        20 |    147 |               2 |          2 |      Fixed 
  1488 |  JC69 |         3 |    273 |              13 |          6 |      Fixed 
  1489 |  JC69 |         8 |    223 |              18 |         16 |      Fixed 
  1490 |  JC69 |         7 |    534 |             275 |         18 |      Fixed 
  1491 |  JC69 |        20 |    374 |              20 |         12 |      Fixed 
  1492 |  JC69 |        18 |    393 |              31 |         23 |      Fixed 
  1493 |  JC69 |        20 |    212 |               7 |          8 |      Fixed 
  1494 |  JC69 |         2 |    179 |              42 |          5 |      Fixed 
  1495 |  JC69 |        19 |    462 |               8 |          8 |      Fixed 
  1496 |  JC69 |        20 |     85 |               4 |          4 |      Fixed 
  1497 |  JC69 |        16 |    200 |               3 |          4 |      Fixed 
  1498 |  JC69 |         3 |    474 |             209 |         10 |      Fixed 
  1499 |  JC69 |        20 |    233 |               3 |          4 |      Fixed 
  1500 |  JC69 |        16 |    628 |             302 |         29 |      Fixed 
  1501 |  JC69 |        17 |    199 |              78 |         16 |      Fixed 
  1502 |  JC69 |         4 |    177 |               6 |          6 |      Fixed 
  1503 |  JC69 |         2 |     56 |               0 |          1 |      Fixed 
  1504 |  JC69 |        19 |     81 |               2 |          3 |      Fixed 
  1505 |  JC69 |        13 |    355 |             134 |         13 |      Fixed 
  1506 |  JC69 |        11 |    419 |              50 |          7 |      Fixed 
  1507 |  JC69 |         5 |     54 |               0 |          2 |      Fixed 
  1508 |  JC69 |         4 |    412 |              58 |         11 |      Fixed 
  1509 |  JC69 |        14 |    256 |             126 |          8 |      Fixed 
  1510 |  JC69 |         2 |    274 |               7 |          4 |      Fixed 
  1511 |  JC69 |        20 |    194 |               2 |          3 |      Fixed 
  1512 |  JC69 |        13 |    122 |               7 |          6 |      Fixed 
  1513 |  JC69 |         2 |     51 |               1 |          2 |      Fixed 
  1514 |  JC69 |         2 |    279 |              36 |          4 |      Fixed 
  1515 |  JC69 |        12 |    355 |               3 |          4 |      Fixed 
  1516 |  JC69 |        15 |    247 |              14 |         11 |      Fixed 
  1517 |  JC69 |        20 |    496 |             367 |          8 |      Fixed 
  1518 |  JC69 |         2 |     56 |               0 |          1 |      Fixed 
  1519 |  JC69 |         3 |    150 |               0 |          1 |      Fixed 
  1520 |  JC69 |        19 |     53 |               1 |          2 |      Fixed 
  1521 |  JC69 |         3 |    275 |              50 |          9 |      Fixed 
  1522 |  JC69 |        20 |    182 |              94 |         10 |      Fixed 
  1523 |  JC69 |         4 |     56 |               7 |          5 |      Fixed 
  1524 |  JC69 |        18 |    476 |             229 |         12 |      Fixed 
  1525 |  JC69 |        14 |    534 |             198 |         21 |      Fixed 
  1526 |  JC69 |        20 |    211 |              19 |          9 |      Fixed 
  1527 |  JC69 |        18 |     51 |               0 |          1 |      Fixed 
  1528 |  JC69 |        10 |    271 |              12 |          7 |      Fixed 
  1529 |  JC69 |        20 |    485 |              90 |         22 |      Fixed 
  1530 |  JC69 |         2 |    236 |              33 |          5 |      Fixed 
  1531 |  JC69 |         8 |    279 |             168 |         17 |      Fixed 
  1532 |  JC69 |         2 |    279 |               8 |          5 |      Fixed 
  1533 |  JC69 |        11 |    145 |               5 |          4 |      Fixed 
  1534 |  JC69 |         5 |    248 |              18 |          8 |      Fixed 
  1535 |  JC69 |        14 |    286 |              43 |         15 |      Fixed 
  1536 |  JC69 |         3 |    280 |               5 |          5 |      Fixed 
  1537 |  JC69 |         2 |    173 |               0 |          1 |      Fixed 
  1538 |  JC69 |         4 |    286 |              20 |         13 |      Fixed 
  1539 |  JC69 |         2 |    348 |              76 |          5 |      Fixed 
  1540 |  JC69 |        20 |    573 |             290 |         21 |      Fixed 
  1541 |  JC69 |        20 |     74 |               1 |          2 |      Fixed 
  1542 |  JC69 |         2 |    279 |               3 |          4 |      Fixed 
  1543 |  JC69 |        18 |    257 |             189 |         15 |      Fixed 
  1544 |  JC69 |         3 |    281 |               8 |          3 |      Fixed 
  1545 |  JC69 |         2 |    280 |               9 |          6 |      Fixed 
  1546 |  JC69 |         5 |    233 |              53 |          7 |      Fixed 
  1547 |  JC69 |        17 |    291 |              34 |         22 |      Fixed 
  1548 |  JC69 |         7 |    330 |             111 |         11 |      Fixed 
  1549 |  JC69 |        10 |     59 |               5 |          5 |      Fixed 
  1550 |  JC69 |        20 |     89 |               1 |          2 |      Fixed 
  1551 |  JC69 |        12 |    154 |               2 |          3 |      Fixed 
  1552 |  JC69 |         4 |    150 |              10 |          2 |      Fixed 
  1553 |  JC69 |        15 |     81 |               4 |          3 |      Fixed 
  1554 |  JC69 |         3 |    281 |              10 |          4 |      Fixed 
  1555 |  JC69 |        18 |    111 |               1 |          2 |      Fixed 
  1556 |  JC69 |        12 |    349 |             170 |         12 |      Fixed 
  1557 |  JC69 |         6 |    281 |             107 |         11 |      Fixed 
  1558 |  JC69 |        13 |    366 |              10 |          7 |      Fixed 
  1559 |  JC69 |         5 |     83 |               2 |          3 |      Fixed 
  1560 |  JC69 |         2 |    282 |              10 |          3 |      Fixed 
  1561 |  JC69 |         2 |    276 |               6 |          5 |      Fixed 
  1562 |  JC69 |        20 |    119 |               4 |          5 |      Fixed 
  1563 |  JC69 |         3 |    173 |               6 |          4 |      Fixed 
  1564 |  JC69 |         9 |    178 |              39 |         12 |      Fixed 
  1565 |  JC69 |         5 |     44 |               0 |          2 |      Fixed 
  1566 |  JC69 |        18 |    138 |               5 |          6 |      Fixed 
  1567 |  JC69 |         6 |    127 |               1 |          3 |      Fixed 
  1568 |  JC69 |        19 |    124 |              61 |          8 |      Fixed 
  1569 |  JC69 |         3 |    283 |              74 |          7 |      Fixed 
  1570 |  JC69 |        15 |    226 |               6 |          5 |      Fixed 
  1571 |  JC69 |        14 |    243 |              59 |         13 |      Fixed 
  1572 |  JC69 |         3 |    279 |               6 |          5 |      Fixed 
  1573 |  JC69 |        13 |     61 |               2 |          2 |      Fixed 
  1574 |  JC69 |         4 |     65 |               3 |          3 |      Fixed 
  1575 |  JC69 |         3 |    281 |              83 |          7 |      Fixed 
  1576 |  JC69 |        10 |    102 |               0 |          2 |      Fixed 
  1577 |  JC69 |         5 |    282 |              71 |         16 |      Fixed 
  1578 |  JC69 |         2 |    178 |               3 |          2 |      Fixed 
  1579 |  JC69 |         6 |    406 |             126 |         14 |      Fixed 
  1580 |  JC69 |         2 |     56 |               0 |          1 |      Fixed 
  1581 |  JC69 |        14 |    133 |               1 |          3 |      Fixed 
  1582 |  JC69 |        19 |    172 |               2 |          4 |      Fixed 
  1583 |  JC69 |         9 |    361 |              15 |         16 |      Fixed 
  1584 |  JC69 |        18 |    292 |              48 |         19 |      Fixed 
  1585 |  JC69 |        11 |    280 |              13 |         11 |      Fixed 
  1586 |  JC69 |        20 |     72 |               2 |          3 |      Fixed 
  1587 |  JC69 |        18 |    201 |               5 |          6 |      Fixed 
  1588 |  JC69 |        16 |    164 |              21 |          6 |      Fixed 
  1589 |  JC69 |         2 |    280 |               5 |          4 |      Fixed 
  1590 |  JC69 |        14 |    282 |              21 |         20 |      Fixed 
  1591 |  JC69 |        13 |    225 |               4 |          5 |      Fixed 
  1592 |  JC69 |        20 |    175 |              35 |         13 |      Fixed 
  1593 |  JC69 |        20 |    132 |               4 |          5 |      Fixed 
  1594 |  JC69 |        10 |    282 |              24 |         14 |      Fixed 
  1595 |  JC69 |        19 |    322 |              16 |         12 |      Fixed 
  1596 |  JC69 |         7 |    280 |              30 |         17 |      Fixed 
  1597 |  JC69 |         4 |    285 |               9 |          5 |      Fixed 
  1598 |  JC69 |        17 |    823 |             720 |         23 |      Fixed 
  1599 |  JC69 |        19 |     65 |              10 |          8 |      Fixed 
  1600 |  JC69 |        17 |     56 |               1 |          2 |      Fixed 
  1601 |  JC69 |         4 |    238 |               8 |          7 |      Fixed 
  1602 |  JC69 |        20 |    257 |             107 |         13 |      Fixed 
  1603 |  JC69 |        15 |    164 |               6 |          4 |      Fixed 
  1604 |  JC69 |        17 |    145 |              15 |         12 |      Fixed 
  1605 |  JC69 |        18 |    227 |              28 |         10 |      Fixed 
  1606 |  JC69 |         2 |     59 |               1 |          2 |      Fixed 
  1607 |  JC69 |         8 |    151 |              40 |          6 |      Fixed 
  1608 |  JC69 |         4 |    282 |              10 |          7 |      Fixed 
  1609 |  JC69 |        20 |     75 |               1 |          2 |      Fixed 
  1610 |  JC69 |         2 |    288 |              16 |          8 |      Fixed 
  1611 |  JC69 |         7 |    280 |             123 |         10 |      Fixed 
  1612 |  JC69 |        20 |    272 |              10 |          6 |      Fixed 
  1613 |  JC69 |        14 |    372 |              88 |         11 |      Fixed 
  1614 |  JC69 |        15 |     94 |              10 |          8 |      Fixed 
  1615 |  JC69 |         3 |     46 |               0 |          1 |      Fixed 
  1616 |  JC69 |         5 |    234 |              14 |          4 |      Fixed 
  1617 |  JC69 |        20 |    248 |              12 |         11 |      Fixed 
  1618 |  JC69 |        10 |    222 |              14 |          6 |      Fixed 
  1619 |  JC69 |         4 |     65 |               0 |          1 |      Fixed 
  1620 |  JC69 |         7 |    280 |              17 |          8 |      Fixed 
  1621 |  JC69 |         2 |     86 |               2 |          3 |      Fixed 
  1622 |  JC69 |         4 |    277 |              11 |          6 |      Fixed 
  1623 |  JC69 |         8 |    222 |              14 |          9 |      Fixed 
  1624 |  JC69 |        20 |    147 |               4 |          5 |      Fixed 
  1625 |  JC69 |         2 |    381 |             107 |          4 |      Fixed 
  1626 |  JC69 |        20 |     63 |               3 |          4 |      Fixed 
  1627 |  JC69 |        18 |    196 |               4 |          6 |      Fixed 
  1628 |  JC69 |        16 |    468 |             261 |         33 |      Fixed 
  1629 |  JC69 |         6 |    254 |               4 |          6 |      Fixed 
  1630 |  JC69 |         6 |    285 |              77 |         16 |      Fixed 
  1631 |  JC69 |         9 |    180 |               6 |          4 |      Fixed 
  1632 |  JC69 |         2 |    276 |               2 |          3 |      Fixed 
  1633 |  JC69 |        20 |    142 |               3 |          4 |      Fixed 
  1634 |  JC69 |        20 |    150 |               3 |          3 |      Fixed 
  1635 |  JC69 |        20 |    182 |               5 |          6 |      Fixed 
  1636 |  JC69 |        18 |    139 |               7 |          8 |      Fixed 
  1637 |  JC69 |        15 |    105 |              59 |          6 |      Fixed 
  1638 |  JC69 |         8 |    283 |              26 |         14 |      Fixed 
  1639 |  JC69 |        16 |     46 |               5 |          5 |      Fixed 
  1640 |  JC69 |        20 |    454 |             173 |         13 |      Fixed 
  1641 |  JC69 |         2 |    143 |               0 |          1 |      Fixed 
  1642 |  JC69 |        18 |    258 |              23 |         12 |      Fixed 
  1643 |  JC69 |        15 |     65 |               3 |          5 |      Fixed 
  1644 |  JC69 |        19 |     58 |               2 |          3 |      Fixed 
  1645 |  JC69 |         4 |    161 |               0 |          1 |      Fixed 
  1646 |  JC69 |        20 |    140 |               3 |          5 |      Fixed 
  1647 |  JC69 |        20 |    177 |               7 |          8 |      Fixed 
  1648 |  JC69 |         4 |    116 |              15 |          8 |      Fixed 
  1649 |  JC69 |         3 |    280 |               9 |          8 |      Fixed 
  1650 |  JC69 |         3 |    277 |              14 |          5 |      Fixed 
  1651 |  JC69 |        20 |    116 |               4 |          5 |      Fixed 
  1652 |  JC69 |         2 |    286 |              14 |          2 |      Fixed 
  1653 |  JC69 |         5 |    172 |               0 |          1 |      Fixed 
  1654 |  JC69 |         6 |    274 |              13 |          9 |      Fixed 
  1655 |  JC69 |         2 |    138 |               1 |          3 |      Fixed 
  1656 |  JC69 |         4 |     60 |               1 |          3 |      Fixed 
  1657 |  JC69 |        17 |    212 |              28 |         10 |      Fixed 
  1658 |  JC69 |        20 |    182 |               8 |          4 |      Fixed 
  1659 |  JC69 |        13 |    270 |              16 |          8 |      Fixed 
  1660 |  JC69 |         3 |    280 |              15 |          6 |      Fixed 
  1661 |  JC69 |         3 |    505 |               8 |          7 |      Fixed 
  1662 |  JC69 |        13 |    283 |              24 |         15 |      Fixed 
  1663 |  JC69 |        17 |    268 |              51 |         19 |      Fixed 
  1664 |  JC69 |         2 |    277 |              11 |          8 |      Fixed 
  1665 |  JC69 |         8 |    277 |              81 |         11 |      Fixed 
  1666 |  JC69 |         2 |    282 |              16 |          3 |      Fixed 
  1667 |  JC69 |        11 |    385 |              15 |          8 |      Fixed 
  1668 |  JC69 |        20 |    334 |              81 |         11 |      Fixed 
  1669 |  JC69 |         6 |    103 |               5 |          2 |      Fixed 
  1670 |  JC69 |        16 |    116 |               3 |          4 |      Fixed 
  1671 |  JC69 |         2 |    195 |               8 |          4 |      Fixed 
  1672 |  JC69 |        20 |     53 |               1 |          2 |      Fixed 
  1673 |  JC69 |        20 |     71 |               1 |          2 |      Fixed 
  1674 |  JC69 |        20 |    388 |             188 |         11 |      Fixed 
  1675 |  JC69 |         4 |     80 |              13 |          7 |      Fixed 
  1676 |  JC69 |         8 |    280 |             125 |         13 |      Fixed 
  1677 |  JC69 |        20 |    108 |               1 |          2 |      Fixed 
  1678 |  JC69 |        16 |    142 |               2 |          3 |      Fixed 
  1679 |  JC69 |        20 |     88 |               1 |          2 |      Fixed 
  1680 |  JC69 |        19 |    312 |             137 |          6 |      Fixed 
  1681 |  JC69 |         5 |    170 |               1 |          2 |      Fixed 
  1682 |  JC69 |        15 |    104 |               3 |          3 |      Fixed 
  1683 |  JC69 |        10 |    329 |             120 |         15 |      Fixed 
  1684 |  JC69 |        20 |    169 |               3 |          4 |      Fixed 
  1685 |  JC69 |        14 |    202 |              10 |          9 |      Fixed 
  1686 |  JC69 |        16 |     87 |               3 |          4 |      Fixed 
  1687 |  JC69 |        20 |    132 |               1 |          2 |      Fixed 
  1688 |  JC69 |        20 |    196 |               7 |          8 |      Fixed 
  1689 |  JC69 |         3 |    281 |              10 |          5 |      Fixed 
  1690 |  JC69 |         7 |    283 |              25 |         12 |      Fixed 
  1691 |  JC69 |        20 |    259 |              97 |          7 |      Fixed 
  1692 |  JC69 |        20 |    386 |             186 |         11 |      Fixed 
  1693 |  JC69 |         4 |    274 |              23 |          7 |      Fixed 
  1694 |  JC69 |        13 |    108 |               3 |          4 |      Fixed 
  1695 |  JC69 |        20 |     96 |               4 |          5 |      Fixed 
  1696 |  JC69 |         8 |    362 |             138 |          9 |      Fixed 
  1697 |  JC69 |         5 |    102 |               5 |          2 |      Fixed 
  1698 |  JC69 |         2 |    280 |              17 |          6 |      Fixed 
  1699 |  JC69 |        16 |    441 |             154 |         15 |      Fixed 
  1700 |  JC69 |         5 |    282 |              14 |         12 |      Fixed 
  1701 |  JC69 |        13 |    251 |              23 |         12 |      Fixed 
  1702 |  JC69 |        20 |    204 |               4 |          5 |      Fixed 
  1703 |  JC69 |         2 |    272 |               5 |          4 |      Fixed 
  1704 |  JC69 |        13 |    292 |              69 |         20 |      Fixed 
  1705 |  JC69 |        20 |    162 |              79 |          6 |      Fixed 
  1706 |  JC69 |        16 |     55 |               3 |          3 |      Fixed 
  1707 |  JC69 |         4 |    279 |              20 |          8 |      Fixed 
  1708 |  JC69 |        15 |     52 |              12 |          5 |      Fixed 
  1709 |  JC69 |        20 |    113 |               1 |          2 |      Fixed 
  1710 |  JC69 |        19 |    120 |               9 |          9 |      Fixed 
  1711 |  JC69 |        10 |    422 |              17 |          9 |      Fixed 
  1712 |  JC69 |         2 |    274 |               3 |          4 |      Fixed 
  1713 |  JC69 |         2 |    197 |              37 |          3 |      Fixed 
  1714 |  JC69 |         8 |     80 |               1 |          2 |      Fixed 
  1715 |  JC69 |        19 |    148 |              10 |          4 |      Fixed 
  1716 |  JC69 |        15 |    282 |               7 |          7 |      Fixed 
  1717 |  JC69 |         7 |    283 |              57 |         16 |      Fixed 
  1718 |  JC69 |        15 |     98 |               5 |          6 |      Fixed 
  1719 |  JC69 |        16 |    190 |              17 |          4 |      Fixed 
  1720 |  JC69 |         2 |    278 |              50 |          7 |      Fixed 
  1721 |  JC69 |         7 |    279 |             120 |         16 |      Fixed 
  1722 |  JC69 |        12 |    354 |               9 |          9 |      Fixed 
  1723 |  JC69 |        20 |    185 |               3 |          4 |      Fixed 
  1724 |  JC69 |         3 |    221 |              25 |          3 |      Fixed 
  1725 |  JC69 |        15 |    122 |               1 |          2 |      Fixed 
  1726 |  JC69 |        15 |    562 |             424 |         22 |      Fixed 
  1727 |  JC69 |        20 |    271 |              58 |         13 |      Fixed 
  1728 |  JC69 |        20 |    106 |               2 |          4 |      Fixed 
  1729 |  JC69 |        18 |    131 |               3 |          5 |      Fixed 
  1730 |  JC69 |         2 |    279 |               3 |          4 |      Fixed 
  1731 |  JC69 |         3 |    100 |               9 |          5 |      Fixed 
  1732 |  JC69 |        12 |    170 |               7 |          8 |      Fixed 
  1733 |  JC69 |         3 |    119 |               0 |          1 |      Fixed 
  1734 |  JC69 |        17 |    234 |               3 |          4 |      Fixed 
  1735 |  JC69 |         4 |    278 |              11 |          7 |      Fixed 
  1736 |  JC69 |        19 |    523 |             359 |         21 |      Fixed 
  1737 |  JC69 |         7 |    108 |               0 |          1 |      Fixed 
  1738 |  JC69 |        10 |    456 |              82 |         16 |      Fixed 
  1739 |  JC69 |         6 |    135 |               1 |          2 |      Fixed 
  1740 |  JC69 |        20 |    147 |               0 |          1 |      Fixed 
  1741 |  JC69 |        20 |    483 |             167 |         18 |      Fixed 
  1742 |  JC69 |         3 |    282 |              14 |          6 |      Fixed 
  1743 |  JC69 |        20 |    214 |              74 |          7 |      Fixed 
  1744 |  JC69 |        19 |    416 |              14 |         12 |      Fixed 
  1745 |  JC69 |         8 |    258 |              85 |          9 |      Fixed 
  1746 |  JC69 |        16 |     82 |               0 |          1 |      Fixed 
  1747 |  JC69 |        16 |    167 |               6 |          7 |      Fixed 
  1748 |  JC69 |        18 |    155 |               7 |          5 |      Fixed 
  1749 |  JC69 |         2 |     98 |               0 |          1 |      Fixed 
  1750 |  JC69 |         8 |    281 |             145 |         18 |      Fixed 
  1751 |  JC69 |        20 |     78 |               4 |          5 |      Fixed 
  1752 |  JC69 |        19 |    142 |               5 |          6 |      Fixed 
  1753 |  JC69 |        20 |    309 |             158 |         14 |      Fixed 
  1754 |  JC69 |         8 |    286 |              21 |         12 |      Fixed 
  1755 |  JC69 |         3 |     50 |               0 |          1 |      Fixed 
  1756 |  JC69 |        13 |    254 |               7 |          6 |      Fixed 
  1757 |  JC69 |        18 |    374 |             103 |         15 |      Fixed 
  1758 |  JC69 |        20 |    448 |             224 |         15 |      Fixed 
  1759 |  JC69 |        17 |    149 |               1 |          2 |      Fixed 
  1760 |  JC69 |        20 |    257 |             108 |          8 |      Fixed 
  1761 |  JC69 |        20 |    162 |               7 |          8 |      Fixed 
  1762 |  JC69 |        19 |     63 |               1 |          2 |      Fixed 
  1763 |  JC69 |        20 |    138 |               6 |          7 |      Fixed 
  1764 |  JC69 |         2 |    146 |               0 |          1 |      Fixed 
  1765 |  JC69 |        16 |    145 |               6 |          6 |      Fixed 
  1766 |  JC69 |         5 |    168 |               0 |          1 |      Fixed 
  1767 |  JC69 |         7 |    190 |               2 |          3 |      Fixed 
  1768 |  JC69 |        10 |    107 |              18 |          4 |      Fixed 
  1769 |  JC69 |         4 |     54 |               2 |          3 |      Fixed 
  1770 |  JC69 |        19 |    194 |               5 |          5 |      Fixed 
  1771 |  JC69 |        15 |    188 |               2 |          3 |      Fixed 
  1772 |  JC69 |         2 |    282 |              13 |          5 |      Fixed 
  1773 |  JC69 |         3 |    149 |               1 |          2 |      Fixed 
  1774 |  JC69 |         5 |     84 |               7 |          2 |      Fixed 
  1775 |  JC69 |        20 |    144 |               4 |          5 |      Fixed 
  1776 |  JC69 |        10 |    286 |              16 |          9 |      Fixed 
  1777 |  JC69 |        20 |    114 |               1 |          2 |      Fixed 
  1778 |  JC69 |        20 |    326 |             137 |          7 |      Fixed 
  1779 |  JC69 |        19 |    209 |             118 |          9 |      Fixed 
  1780 |  JC69 |         8 |    282 |              13 |         13 |      Fixed 
  1781 |  JC69 |        17 |     72 |               1 |          2 |      Fixed 
  1782 |  JC69 |        20 |    185 |               5 |          5 |      Fixed 
  1783 |  JC69 |         7 |    281 |              52 |         13 |      Fixed 
  1784 |  JC69 |        20 |    194 |               5 |          5 |      Fixed 
  1785 |  JC69 |        20 |    675 |             287 |         24 |      Fixed 
  1786 |  JC69 |         2 |    275 |              18 |          4 |      Fixed 
  1787 |  JC69 |         5 |    281 |              41 |         10 |      Fixed 
  1788 |  JC69 |        20 |    374 |               8 |         10 |      Fixed 
  1789 |  JC69 |        16 |     91 |               2 |          3 |      Fixed 
  1790 |  JC69 |        13 |    742 |             742 |         36 |      Fixed 
  1791 |  JC69 |        20 |    149 |               4 |          2 |      Fixed 
  1792 |  JC69 |         6 |    275 |              12 |          7 |      Fixed 
  1793 |  JC69 |        13 |     81 |               8 |          6 |      Fixed 
  1794 |  JC69 |         7 |    232 |              17 |         10 |      Fixed 
  1795 |  JC69 |        20 |    109 |               0 |          1 |      Fixed 
  1796 |  JC69 |        11 |    539 |             112 |         20 |      Fixed 
  1797 |  JC69 |         9 |    171 |               7 |          5 |      Fixed 
  1798 |  JC69 |        18 |    836 |             415 |         23 |      Fixed 
  1799 |  JC69 |        10 |     61 |              16 |          3 |      Fixed 
  1800 |  JC69 |        17 |    379 |             116 |         26 |      Fixed 
  1801 |  JC69 |         3 |    147 |               0 |          1 |      Fixed 
  1802 |  JC69 |         2 |    281 |               1 |          2 |      Fixed 
  1803 |  JC69 |         8 |    233 |              99 |          7 |      Fixed 
  1804 |  JC69 |         8 |    121 |               0 |          1 |      Fixed 
  1805 |  JC69 |        16 |     88 |               1 |          2 |      Fixed 
  1806 |  JC69 |        20 |    228 |              97 |         15 |      Fixed 
  1807 |  JC69 |         2 |     50 |               0 |          1 |      Fixed 
  1808 |  JC69 |        19 |    259 |               5 |          5 |      Fixed 
  1809 |  JC69 |         2 |     46 |               0 |          1 |      Fixed 
  1810 |  JC69 |         4 |    392 |              12 |         10 |      Fixed 
  1811 |  JC69 |        10 |    109 |               2 |          3 |      Fixed 
  1812 |  JC69 |         2 |     57 |               4 |          2 |      Fixed 
  1813 |  JC69 |         2 |    281 |               6 |          3 |      Fixed 
  1814 |  JC69 |        17 |     77 |               3 |          4 |      Fixed 
  1815 |  JC69 |        18 |    145 |              12 |         10 |      Fixed 
  1816 |  JC69 |        20 |    168 |               4 |          5 |      Fixed 
  1817 |  JC69 |        20 |    230 |               6 |          7 |      Fixed 
  1818 |  JC69 |        19 |    143 |               6 |          8 |      Fixed 
  1819 |  JC69 |        20 |    180 |               3 |          4 |      Fixed 
  1820 |  JC69 |         2 |     53 |               0 |          1 |      Fixed 
  1821 |  JC69 |        19 |     57 |               1 |          2 |      Fixed 
  1822 |  JC69 |         7 |     70 |               3 |          4 |      Fixed 
  1823 |  JC69 |         2 |    255 |              11 |          6 |      Fixed 
  1824 |  JC69 |        19 |    292 |              20 |         14 |      Fixed 
  1825 |  JC69 |         4 |    281 |              50 |          8 |      Fixed 
  1826 |  JC69 |        18 |    158 |              16 |          8 |      Fixed 
  1827 |  JC69 |         2 |    359 |               4 |          4 |      Fixed 
  1828 |  JC69 |        19 |     83 |               4 |          5 |      Fixed 
  1829 |  JC69 |        20 |    223 |               4 |          5 |      Fixed 
  1830 |  JC69 |        19 |    790 |             282 |         22 |      Fixed 
  1831 |  JC69 |         3 |    114 |               2 |          3 |      Fixed 
  1832 |  JC69 |        10 |    158 |               2 |          4 |      Fixed 
  1833 |  JC69 |        20 |    281 |               3 |          4 |      Fixed 
  1834 |  JC69 |        17 |    207 |              84 |          9 |      Fixed 
  1835 |  JC69 |        18 |    633 |             507 |         16 |      Fixed 
  1836 |  JC69 |         2 |     85 |               0 |          1 |      Fixed 
  1837 |  JC69 |        13 |    272 |              15 |         11 |      Fixed 
  1838 |  JC69 |        13 |    270 |              10 |         11 |      Fixed 
  1839 |  JC69 |        20 |    251 |              11 |         12 |      Fixed 
  1840 |  JC69 |        20 |    104 |               1 |          2 |      Fixed 
  1841 |  JC69 |         3 |     60 |               0 |          1 |      Fixed 
  1842 |  JC69 |        18 |    122 |               3 |          3 |      Fixed 
  1843 |  JC69 |         7 |    285 |              26 |         17 |      Fixed 
  1844 |  JC69 |         2 |    277 |               6 |          6 |      Fixed 
  1845 |  JC69 |         2 |    282 |              30 |          5 |      Fixed 
  1846 |  JC69 |         4 |    359 |             139 |          5 |      Fixed 
  1847 |  JC69 |        20 |    114 |               1 |          2 |      Fixed 
  1848 |  JC69 |        16 |    335 |               9 |         10 |      Fixed 
  1849 |  JC69 |        15 |     66 |               2 |          3 |      Fixed 
  1850 |  JC69 |        14 |     90 |               1 |          2 |      Fixed 
  1851 |  JC69 |         5 |    291 |              18 |          5 |      Fixed 
  1852 |  JC69 |        20 |    106 |               0 |          1 |      Fixed 
  1853 |  JC69 |        20 |    266 |               7 |          6 |      Fixed 
  1854 |  JC69 |         8 |    282 |              70 |         18 |      Fixed 
  1855 |  JC69 |        20 |    149 |               7 |          4 |      Fixed 
  1856 |  JC69 |        19 |    221 |              38 |          8 |      Fixed 
  1857 |  JC69 |        18 |     59 |               3 |          4 |      Fixed 
  1858 |  JC69 |        12 |    281 |              28 |         22 |      Fixed 
  1859 |  JC69 |        12 |    208 |               3 |          4 |      Fixed 
  1860 |  JC69 |         7 |    139 |               0 |          1 |      Fixed 
  1861 |  JC69 |        16 |    531 |             274 |         21 |      Fixed 
  1862 |  JC69 |         2 |    267 |              10 |          5 |      Fixed 
  1863 |  JC69 |         5 |     72 |               0 |          1 |      Fixed 
  1864 |  JC69 |        11 |    381 |              24 |         17 |      Fixed 
  1865 |  JC69 |         5 |    283 |              14 |          8 |      Fixed 
  1866 |  JC69 |        12 |    496 |             248 |         32 |      Fixed 
  1867 |  JC69 |        16 |    209 |              34 |         18 |      Fixed 
  1868 |  JC69 |        11 |    269 |             146 |         24 |      Fixed 
  1869 |  JC69 |        20 |    146 |               5 |          3 |      Fixed 
  1870 |  JC69 |        17 |    100 |               4 |          5 |      Fixed 
  1871 |  JC69 |         8 |    124 |              14 |          4 |      Fixed 
  1872 |  JC69 |        11 |    132 |              53 |         17 |      Fixed 
  1873 |  JC69 |        20 |    193 |               7 |          7 |      Fixed 
  1874 |  JC69 |         2 |    134 |               2 |          3 |      Fixed 
  1875 |  JC69 |        15 |    282 |              29 |         14 |      Fixed 
  1876 |  JC69 |        16 |    676 |             405 |         26 |      Fixed 
  1877 |  JC69 |        19 |    146 |               8 |          9 |      Fixed 
  1878 |  JC69 |        20 |    163 |               0 |          1 |      Fixed 
  1879 |  JC69 |         9 |    239 |               9 |          8 |      Fixed 
  1880 |  JC69 |        18 |    399 |             160 |         31 |      Fixed 
  1881 |  JC69 |        14 |     58 |               4 |          4 |      Fixed 
  1882 |  JC69 |         8 |    282 |              87 |         10 |      Fixed 
  1883 |  JC69 |        15 |    387 |             151 |         22 |      Fixed 
  1884 |  JC69 |         4 |    212 |              13 |          5 |      Fixed 
  1885 |  JC69 |        19 |    735 |             390 |         30 |      Fixed 
  1886 |  JC69 |        17 |    660 |             236 |         26 |      Fixed 
  1887 |  JC69 |        17 |    214 |              65 |          7 |      Fixed 
  1888 |  JC69 |        12 |    101 |               2 |          3 |      Fixed 
  1889 |  JC69 |         2 |    284 |              12 |          4 |      Fixed 
  1890 |  JC69 |        20 |     62 |               1 |          2 |      Fixed 
  1891 |  JC69 |        20 |    271 |               1 |          2 |      Fixed 
  1892 |  JC69 |        20 |    172 |               3 |          4 |      Fixed 
  1893 |  JC69 |         3 |    218 |              22 |          8 |      Fixed 
  1894 |  JC69 |        20 |    229 |               8 |          8 |      Fixed 
  1895 |  JC69 |        20 |     66 |               4 |          4 |      Fixed 
  1896 |  JC69 |        20 |    115 |               4 |          6 |      Fixed 
  1897 |  JC69 |        20 |     87 |               2 |          3 |      Fixed 
  1898 |  JC69 |         7 |    166 |               4 |          4 |      Fixed 
  1899 |  JC69 |        20 |    151 |               6 |          4 |      Fixed 
  1900 |  JC69 |         2 |     89 |               0 |          1 |      Fixed 
  1901 |  JC69 |         8 |    282 |              31 |         16 |      Fixed 
  1902 |  JC69 |         2 |    265 |               5 |          6 |      Fixed 
  1903 |  JC69 |         2 |    208 |              25 |          8 |      Fixed 
  1904 |  JC69 |         4 |     44 |               3 |          2 |      Fixed 
  1905 |  JC69 |        20 |    700 |             284 |         18 |      Fixed 
  1906 |  JC69 |        12 |     68 |               2 |          3 |      Fixed 
  1907 |  JC69 |        19 |    217 |               5 |          6 |      Fixed 
  1908 |  JC69 |        18 |    239 |             112 |         15 |      Fixed 
  1909 |  JC69 |        16 |    234 |              67 |          3 |      Fixed 
  1910 |  JC69 |         4 |     63 |               0 |          2 |      Fixed 
  1911 |  JC69 |        10 |    283 |              25 |         16 |      Fixed 
  1912 |  JC69 |        20 |    199 |              39 |          7 |      Fixed 
  1913 |  JC69 |         8 |    445 |              23 |         21 |      Fixed 
  1914 |  JC69 |        20 |    276 |              10 |         11 |      Fixed 
  1915 |  JC69 |        16 |    110 |               4 |          5 |      Fixed 
  1916 |  JC69 |        19 |    111 |               1 |          2 |      Fixed 
  1917 |  JC69 |         2 |    279 |               6 |          3 |      Fixed 
  1918 |  JC69 |        12 |    219 |               4 |          3 |      Fixed 
  1919 |  JC69 |         5 |    231 |              26 |          8 |      Fixed 
  1920 |  JC69 |         7 |    287 |              16 |          9 |      Fixed 
  1921 |  JC69 |        19 |    234 |               6 |          7 |      Fixed 
  1922 |  JC69 |        20 |    148 |               8 |          8 |      Fixed 
  1923 |  JC69 |        16 |    292 |              28 |         15 |      Fixed 
  1924 |  JC69 |        12 |    130 |               2 |          3 |      Fixed 
  1925 |  JC69 |         7 |    357 |             131 |          8 |      Fixed 
  1926 |  JC69 |         7 |    249 |             107 |          7 |      Fixed 
  1927 |  JC69 |         9 |    277 |              19 |         15 |      Fixed 
  1928 |  JC69 |         9 |    282 |              20 |         14 |      Fixed 
  1929 |  JC69 |        17 |     80 |               1 |          2 |      Fixed 
  1930 |  JC69 |        20 |    146 |               4 |          5 |      Fixed 
  1931 |  JC69 |        20 |    292 |              35 |         18 |      Fixed 
  1932 |  JC69 |        20 |    194 |               3 |          4 |      Fixed 
  1933 |  JC69 |        11 |    174 |              12 |          8 |      Fixed 
  1934 |  JC69 |        15 |    320 |              64 |          7 |      Fixed 
  1935 |  JC69 |         4 |    283 |              15 |          5 |      Fixed 
  1936 |  JC69 |        17 |    193 |               3 |          5 |      Fixed 
  1937 |  JC69 |        20 |    298 |              32 |          7 |      Fixed 
  1938 |  JC69 |         2 |    170 |               0 |          1 |      Fixed 
  1939 |  JC69 |        19 |    253 |              10 |          7 |      Fixed 
  1940 |  JC69 |        13 |    224 |              11 |          7 |      Fixed 
  1941 |  JC69 |        16 |    197 |              78 |         21 |      Fixed 
  1942 |  JC69 |        20 |     98 |               3 |          3 |      Fixed 
  1943 |  JC69 |         5 |    443 |             174 |          5 |      Fixed 

Parsing map file...
ajan_BABY6724 ajan
ajan_DW655 ajan
ajan_DW663 ajan
ajan_esa36 ajan
ajan_wdb38 ajan
ajan_ODP48916 ajan
ajancf_SLM01 ajan
ajancf_SLM05 ajan
ajancf_SLM10 ajan
alas_BABY422 alas
alas_BABY4577 alas
alas_BABY6558 alas
alas_DW641 alas
alas_DW646 alas
alas_ODP43138 alas
alas_ODP7414 alas
alas_ODP7415 alas
alas_ODP7424 alas
alas_ODP7429 alas
alas_ODP7432 alas
 Done
Writing multilocus alignments with compressed site patterns in fit/output/ch2.compressed-aln.phy

diploid_resolve_locus      1:         3      118        2 ->         2
diploid_resolve_locus      2:        13      125        4 ->         4
diploid_resolve_locus      3:         2      295        5 ->         5
diploid_resolve_locus      4:        14      155        5 ->         5
diploid_resolve_locus      5:        19       57        5 ->         5
diploid_resolve_locus      6:         2      282        6 ->         8
diploid_resolve_locus      7:        16      292       25 ->        26
diploid_resolve_locus      8:        20      127        1 ->         1
diploid_resolve_locus      9:         2       72        2 ->         2
diploid_resolve_locus     10:        20       65        3 ->         3
diploid_resolve_locus     11:        14      260       13 ->        15
diploid_resolve_locus     12:        11      141        4 ->         5
diploid_resolve_locus     13:        20      152        4 ->         4
diploid_resolve_locus     14:        19      105        6 ->         7
diploid_resolve_locus     15:         9      399       12 ->        13
diploid_resolve_locus     16:        18       55        3 ->        33
diploid_resolve_locus     17:         3      167        4 ->         4
diploid_resolve_locus     18:         2      141        1 ->         1
diploid_resolve_locus     19:        16      139        2 ->         2
diploid_resolve_locus     20:         7      322       10 ->        10
diploid_resolve_locus     21:         7      285       12 ->        13
diploid_resolve_locus     22:         6      284        9 ->        13
diploid_resolve_locus     23:        11      231       13 ->        15
diploid_resolve_locus     24:         3      242       12 ->        17
diploid_resolve_locus     25:         6      194        1 ->         1
diploid_resolve_locus     26:         3      188        5 ->        10
diploid_resolve_locus     27:        15      463       22 ->        24
diploid_resolve_locus     28:         2      134        2 ->         2
diploid_resolve_locus     29:         5      116        5 ->         5
diploid_resolve_locus     30:        19      369       28 ->       136
diploid_resolve_locus     31:        20      167        8 ->        12
diploid_resolve_locus     32:        17      126        7 ->         9
diploid_resolve_locus     33:         2      146        6 ->         7
diploid_resolve_locus     34:         4      282       14 ->        21
diploid_resolve_locus     35:        10       87       15 ->        20
diploid_resolve_locus     36:         2      213        4 ->         5
diploid_resolve_locus     37:        10       89        3 ->         3
diploid_resolve_locus     38:         4      263        3 ->         3
diploid_resolve_locus     39:         7      175        9 ->        16
diploid_resolve_locus     40:         5      209        9 ->        10
diploid_resolve_locus     41:         2      282        2 ->         2
diploid_resolve_locus     42:         7      274       16 ->        18
diploid_resolve_locus     43:        20       71        4 ->         4
diploid_resolve_locus     44:         2      389        5 ->         6
diploid_resolve_locus     45:         3      111        4 ->         4
diploid_resolve_locus     46:         2      146        3 ->         3
diploid_resolve_locus     47:         9      135        6 ->        10
diploid_resolve_locus     48:        20      278       13 ->        21
diploid_resolve_locus     49:         3      193        7 ->         7
diploid_resolve_locus     50:        19      771       28 ->        46
diploid_resolve_locus     51:        16       95        4 ->         4
diploid_resolve_locus     52:        17       96        3 ->         3
diploid_resolve_locus     53:        16       96        3 ->         3
diploid_resolve_locus     54:         9      272       17 ->        21
diploid_resolve_locus     55:        16       98       14 ->        14
diploid_resolve_locus     56:         2      282        4 ->         4
diploid_resolve_locus     57:        18      121        6 ->         6
diploid_resolve_locus     58:        15       48        1 ->         1
diploid_resolve_locus     59:         4      325        6 ->         7
diploid_resolve_locus     60:        20      220       17 ->        37
diploid_resolve_locus     61:         5      152        5 ->         5
diploid_resolve_locus     62:        17      334        7 ->         7
diploid_resolve_locus     63:        17       50        2 ->         2
diploid_resolve_locus     64:        18      292       21 ->        59
diploid_resolve_locus     65:         7      148       14 ->        17
diploid_resolve_locus     66:         2      272        1 ->         1
diploid_resolve_locus     67:        16      861       24 ->        29
diploid_resolve_locus     68:        19      417       18 ->        25
diploid_resolve_locus     69:         2      108        1 ->         1
diploid_resolve_locus     70:        16      254        4 ->         4
diploid_resolve_locus     71:        19      110        6 ->         6
diploid_resolve_locus     72:        16       69        3 ->         3
diploid_resolve_locus     73:        13      104        6 ->         6
diploid_resolve_locus     74:         9      171        6 ->         6
diploid_resolve_locus     75:        11      114       12 ->        14
diploid_resolve_locus     76:         6      204        7 ->         7
diploid_resolve_locus     77:         3      110        1 ->         1
diploid_resolve_locus     78:         3       61        1 ->         1
diploid_resolve_locus     79:        20      181       13 ->        19
diploid_resolve_locus     80:        15      210        9 ->        12
diploid_resolve_locus     81:         2      101        3 ->         4
diploid_resolve_locus     82:         8       73        8 ->         8
diploid_resolve_locus     83:         5       86        6 ->         6
diploid_resolve_locus     84:         2      147        6 ->         8
diploid_resolve_locus     85:         5       47        1 ->         1
diploid_resolve_locus     86:         9      265        5 ->         8
diploid_resolve_locus     87:        20      160        3 ->         4
diploid_resolve_locus     88:         2      128        2 ->         2
diploid_resolve_locus     89:         3       46        2 ->         2
diploid_resolve_locus     90:         3      282        6 ->         6
diploid_resolve_locus     91:         2      106        1 ->         1
diploid_resolve_locus     92:         2      118        1 ->         1
diploid_resolve_locus     93:        18       95        9 ->        11
diploid_resolve_locus     94:         2      227        3 ->         3
diploid_resolve_locus     95:         2       60        1 ->         1
diploid_resolve_locus     96:         2      104        2 ->         2
diploid_resolve_locus     97:         2      111        1 ->         1
diploid_resolve_locus     98:         7      174        7 ->         7
diploid_resolve_locus     99:         7      129        5 ->         5
diploid_resolve_locus    100:         8       93        6 ->         6
diploid_resolve_locus    101:         2       50        2 ->         2
diploid_resolve_locus    102:         2      108        1 ->         1
diploid_resolve_locus    103:        11      106        5 ->         5
diploid_resolve_locus    104:        17      374       14 ->        18
diploid_resolve_locus    105:        12      389       21 ->        25
diploid_resolve_locus    106:        16       54        7 ->         7
diploid_resolve_locus    107:         5       75        3 ->         3
diploid_resolve_locus    108:         2       80        3 ->         3
diploid_resolve_locus    109:         2      283       10 ->        15
diploid_resolve_locus    110:         8       95        3 ->         3
diploid_resolve_locus    111:         2      248        4 ->         4
diploid_resolve_locus    112:        15      212        5 ->         5
diploid_resolve_locus    113:        20      171        8 ->         9
diploid_resolve_locus    114:         6       72        5 ->         5
diploid_resolve_locus    115:        16      130        5 ->         5
diploid_resolve_locus    116:         6       97        4 ->         4
diploid_resolve_locus    117:         2      246        5 ->         6
diploid_resolve_locus    118:        17      287       20 ->        20
diploid_resolve_locus    119:         2      133        3 ->         3
diploid_resolve_locus    120:        20      166        4 ->         5
diploid_resolve_locus    121:         3      259        7 ->         7
diploid_resolve_locus    122:         8      462       19 ->        31
diploid_resolve_locus    123:        10      229       12 ->        12
diploid_resolve_locus    124:         2      283        6 ->         9
diploid_resolve_locus    125:        20      171        6 ->         8
diploid_resolve_locus    126:         3      280        6 ->         7
diploid_resolve_locus    127:         3      220        3 ->         3
diploid_resolve_locus    128:        14      239        9 ->         9
diploid_resolve_locus    129:        20      263        4 ->         4
diploid_resolve_locus    130:        11      528       15 ->        22
diploid_resolve_locus    131:         2      123        3 ->         3
diploid_resolve_locus    132:         4      187        4 ->         4
diploid_resolve_locus    133:         2       55        1 ->         1
diploid_resolve_locus    134:         4      242        6 ->         6
diploid_resolve_locus    135:        19      217       11 ->        14
diploid_resolve_locus    136:         2      141        1 ->         1
diploid_resolve_locus    137:        18      374       13 ->        18
diploid_resolve_locus    138:        20      203        6 ->         7
diploid_resolve_locus    139:        18      208       26 ->        32
diploid_resolve_locus    140:         2      106        2 ->         2
diploid_resolve_locus    141:        12       71        3 ->         4
diploid_resolve_locus    142:         4      266        2 ->         2
diploid_resolve_locus    143:         3       60        2 ->         2
diploid_resolve_locus    144:         3       60        2 ->         2
diploid_resolve_locus    145:        20      129        4 ->         5
diploid_resolve_locus    146:        18      292       27 ->        51
diploid_resolve_locus    147:         7      282        8 ->         8
diploid_resolve_locus    148:        19       49        2 ->         2
diploid_resolve_locus    149:         3       97        3 ->         3
diploid_resolve_locus    150:         5       66        5 ->         6
diploid_resolve_locus    151:        20      172        6 ->         9
diploid_resolve_locus    152:         6      166        5 ->         6
diploid_resolve_locus    153:         4       58        2 ->         2
diploid_resolve_locus    154:         2      125        2 ->         2
diploid_resolve_locus    155:        17       67        1 ->         1
diploid_resolve_locus    156:        10      519       17 ->        19
diploid_resolve_locus    157:         2      255        2 ->         2
diploid_resolve_locus    158:         2      276        8 ->         9
diploid_resolve_locus    159:        14      497       30 ->        52
diploid_resolve_locus    160:        14      201       12 ->        13
diploid_resolve_locus    161:         4      136        3 ->         3
diploid_resolve_locus    162:         9      133        5 ->         7
diploid_resolve_locus    163:         6       80        6 ->         8
diploid_resolve_locus    164:        16       83        3 ->         3
diploid_resolve_locus    165:         7      281       22 ->        54
diploid_resolve_locus    166:         4      281       14 ->        20
diploid_resolve_locus    167:        17      117        2 ->         2
diploid_resolve_locus    168:         2       68        2 ->         2
diploid_resolve_locus    169:        20       53        4 ->         4
diploid_resolve_locus    170:        14      231       19 ->        33
diploid_resolve_locus    171:        19      131        8 ->         9
diploid_resolve_locus    172:         2      192        2 ->         2
diploid_resolve_locus    173:         9      271       19 ->        27
diploid_resolve_locus    174:        18       93        7 ->        38
diploid_resolve_locus    175:         4      138        5 ->         6
diploid_resolve_locus    176:         2       88        1 ->         1
diploid_resolve_locus    177:         8      227        6 ->         6
diploid_resolve_locus    178:         9      102        2 ->         2
diploid_resolve_locus    179:         6      184        3 ->         3
diploid_resolve_locus    180:        19       86        9 ->        10
diploid_resolve_locus    181:         5      188       19 ->        23
diploid_resolve_locus    182:         2       79        1 ->         1
diploid_resolve_locus    183:        20       95        6 ->         7
diploid_resolve_locus    184:         2      134        2 ->         2
diploid_resolve_locus    185:        19       81        9 ->        21
diploid_resolve_locus    186:        15      168       12 ->        23
diploid_resolve_locus    187:        14       87        3 ->         3
diploid_resolve_locus    188:         3       76        2 ->         2
diploid_resolve_locus    189:        19      186        8 ->        11
diploid_resolve_locus    190:        13      131       10 ->        19
diploid_resolve_locus    191:         3      279        7 ->         7
diploid_resolve_locus    192:        18      635       26 ->        46
diploid_resolve_locus    193:         8       88        6 ->         6
diploid_resolve_locus    194:         4      277        9 ->        14
diploid_resolve_locus    195:         2      264        8 ->        11
diploid_resolve_locus    196:        10       40        7 ->         9
diploid_resolve_locus    197:         2      108        2 ->         2
diploid_resolve_locus    198:        17       96        3 ->         3
diploid_resolve_locus    199:         3      287        6 ->         6
diploid_resolve_locus    200:         6       83        4 ->         4
diploid_resolve_locus    201:        16      115        7 ->        13
diploid_resolve_locus    202:         2      156        3 ->         3
diploid_resolve_locus    203:         2       70        3 ->         4
diploid_resolve_locus    204:         2      507        5 ->         5
diploid_resolve_locus    205:         8      278       22 ->        27
diploid_resolve_locus    206:        11      214       12 ->        15
diploid_resolve_locus    207:         2      142        7 ->        10
diploid_resolve_locus    208:         8      264       12 ->        23
diploid_resolve_locus    209:         2       86        1 ->         1
diploid_resolve_locus    210:         7      115        5 ->         5
diploid_resolve_locus    211:        14      433       24 ->        38
diploid_resolve_locus    212:         6      131       15 ->        15
diploid_resolve_locus    213:         4      129        2 ->         2
diploid_resolve_locus    214:         3      284        9 ->        12
diploid_resolve_locus    215:         2      146        5 ->         5
diploid_resolve_locus    216:         2      279        5 ->         5
diploid_resolve_locus    217:         4      215        4 ->         4
diploid_resolve_locus    218:        16      282       22 ->        45
diploid_resolve_locus    219:         3      116        3 ->         3
diploid_resolve_locus    220:        20      135        6 ->         8
diploid_resolve_locus    221:        19      247       13 ->       283
diploid_resolve_locus    222:         3       64        1 ->         1
diploid_resolve_locus    223:         5      325       12 ->        15
diploid_resolve_locus    224:        11       53        5 ->         6
diploid_resolve_locus    225:        11       86        5 ->         5
diploid_resolve_locus    226:         2      243        3 ->         4
diploid_resolve_locus    227:         7      275       14 ->        18
diploid_resolve_locus    228:         3      258        4 ->         4
diploid_resolve_locus    229:         3       71        4 ->         7
diploid_resolve_locus    230:         3      125        9 ->        16
diploid_resolve_locus    231:         4      281        7 ->        16
diploid_resolve_locus    232:         7      208        5 ->         6
diploid_resolve_locus    233:         4       79        1 ->         1
diploid_resolve_locus    234:        17      140       10 ->        10
diploid_resolve_locus    235:        10      260       12 ->        13
diploid_resolve_locus    236:         4      108        6 ->        12
diploid_resolve_locus    237:        14       61        2 ->         2
diploid_resolve_locus    238:         5      183        7 ->         7
diploid_resolve_locus    239:        13      251        3 ->         3
diploid_resolve_locus    240:         3       41        4 ->         5
diploid_resolve_locus    241:         2       58        1 ->         1
diploid_resolve_locus    242:         2      280        3 ->         3
diploid_resolve_locus    243:        10      485       25 ->        39
diploid_resolve_locus    244:        20      132        8 ->        38
diploid_resolve_locus    245:         4      152        2 ->         2
diploid_resolve_locus    246:        15       57        6 ->         7
diploid_resolve_locus    247:         5      263       11 ->        15
diploid_resolve_locus    248:         2      281       10 ->        15
diploid_resolve_locus    249:        19      149        2 ->         2
diploid_resolve_locus    250:         7      281        7 ->         7
diploid_resolve_locus    251:        20      107        7 ->         9
diploid_resolve_locus    252:         7       47        3 ->         3
diploid_resolve_locus    253:         6       55        2 ->         2
diploid_resolve_locus    254:         3       57        2 ->         2
diploid_resolve_locus    255:        11      552       27 ->        46
diploid_resolve_locus    256:         3      179        2 ->         2
diploid_resolve_locus    257:         8      121       11 ->        36
diploid_resolve_locus    258:        18      280       14 ->        14
diploid_resolve_locus    259:         5       63        3 ->         3
diploid_resolve_locus    260:         3       65        2 ->         2
diploid_resolve_locus    261:         2      259       13 ->        28
diploid_resolve_locus    262:         5      237       13 ->        24
diploid_resolve_locus    263:        16      145        3 ->         3
diploid_resolve_locus    264:         5       49        4 ->         4
diploid_resolve_locus    265:        19      101        9 ->         9
diploid_resolve_locus    266:         4       53        1 ->         1
diploid_resolve_locus    267:         3      277        6 ->         6
diploid_resolve_locus    268:         3      236        5 ->         6
diploid_resolve_locus    269:        12      172        8 ->        15
diploid_resolve_locus    270:         6      106        7 ->         7
diploid_resolve_locus    271:        11      175        5 ->         5
diploid_resolve_locus    272:         8      175        3 ->         3
diploid_resolve_locus    273:         3      284        5 ->         5
diploid_resolve_locus    274:         3       50        2 ->         2
diploid_resolve_locus    275:         3      185        5 ->         5
diploid_resolve_locus    276:         3       77        1 ->         1
diploid_resolve_locus    277:        14      106        8 ->        12
diploid_resolve_locus    278:         4       90        5 ->         7
diploid_resolve_locus    279:        12      138       10 ->        17
diploid_resolve_locus    280:         2      161        3 ->         3
diploid_resolve_locus    281:         2      267        4 ->         4
diploid_resolve_locus    282:        15       48        3 ->         3
diploid_resolve_locus    283:         6      166        4 ->         4
diploid_resolve_locus    284:         5      135        3 ->         3
diploid_resolve_locus    285:         4      108        4 ->         5
diploid_resolve_locus    286:         5       74        6 ->        20
diploid_resolve_locus    287:         2       62        2 ->         2
diploid_resolve_locus    288:         2      278        5 ->         5
diploid_resolve_locus    289:         2      260        4 ->         4
diploid_resolve_locus    290:         3      252        6 ->         6
diploid_resolve_locus    291:         2      103        2 ->         2
diploid_resolve_locus    292:         2       70        1 ->         1
diploid_resolve_locus    293:         2      137        2 ->         2
diploid_resolve_locus    294:         2       61        4 ->         4
diploid_resolve_locus    295:         2       48        1 ->         1
diploid_resolve_locus    296:         4      239        4 ->         4
diploid_resolve_locus    297:         2      247        4 ->         4
diploid_resolve_locus    298:         2      202        7 ->         9
diploid_resolve_locus    299:         3      199        3 ->         3
diploid_resolve_locus    300:        19      210        6 ->        70
diploid_resolve_locus    301:         2      135        2 ->         2
diploid_resolve_locus    302:         2       36        2 ->         2
diploid_resolve_locus    303:         4       57        3 ->         3
diploid_resolve_locus    304:         3      117        4 ->         4
diploid_resolve_locus    305:         5      115       10 ->        12
diploid_resolve_locus    306:         2       80        1 ->         1
diploid_resolve_locus    307:         6       61        5 ->         5
diploid_resolve_locus    308:         3      213        6 ->        16
diploid_resolve_locus    309:         5      169        6 ->         6
diploid_resolve_locus    310:         6      127        7 ->         7
diploid_resolve_locus    311:         3      144        3 ->         3
diploid_resolve_locus    312:         4      106        6 ->         6
diploid_resolve_locus    313:         4      118        7 ->        14
diploid_resolve_locus    314:         7      142        7 ->         7
diploid_resolve_locus    315:         2      117        2 ->         2
diploid_resolve_locus    316:         3      146        7 ->        10
diploid_resolve_locus    317:         5      166        9 ->        14
diploid_resolve_locus    318:         2      341        3 ->         3
diploid_resolve_locus    319:         2      143        2 ->         2
diploid_resolve_locus    320:         2      186        2 ->         2
diploid_resolve_locus    321:         3       70        2 ->         2
diploid_resolve_locus    322:         2       90        1 ->         1
diploid_resolve_locus    323:         8      115        4 ->         4
diploid_resolve_locus    324:        19      142        9 ->        10
diploid_resolve_locus    325:         7      196       10 ->        15
diploid_resolve_locus    326:         3       79        1 ->         1
diploid_resolve_locus    327:         4      122        7 ->        16
diploid_resolve_locus    328:         4      108        4 ->         4
diploid_resolve_locus    329:         2      114        2 ->         2
diploid_resolve_locus    330:         4      235        3 ->         3
diploid_resolve_locus    331:         2      111        2 ->         2
diploid_resolve_locus    332:         2       71        2 ->         2
diploid_resolve_locus    333:         2      209        2 ->         2
diploid_resolve_locus    334:         4      113        1 ->         1
diploid_resolve_locus    335:         4      111        3 ->         3
diploid_resolve_locus    336:         5       94        2 ->         2
diploid_resolve_locus    337:         5      254        6 ->         7
diploid_resolve_locus    338:         3      140        4 ->         5
diploid_resolve_locus    339:         6      281       16 ->        18
diploid_resolve_locus    340:         3      153        1 ->         1
diploid_resolve_locus    341:         3      110        4 ->         4
diploid_resolve_locus    342:         2      236        3 ->         3
diploid_resolve_locus    343:         8      372       12 ->        18
diploid_resolve_locus    344:         9       81        2 ->         2
diploid_resolve_locus    345:         9      165        5 ->         5
diploid_resolve_locus    346:        13      158       16 ->        64
diploid_resolve_locus    347:         5       61        6 ->        13
diploid_resolve_locus    348:        10       59        3 ->         3
diploid_resolve_locus    349:        10      146        5 ->         6
diploid_resolve_locus    350:         3      147        2 ->         2
diploid_resolve_locus    351:         2      285        2 ->         2
diploid_resolve_locus    352:         2      165        1 ->         1
diploid_resolve_locus    353:         2      101        1 ->         1
diploid_resolve_locus    354:         5       76        2 ->         2
diploid_resolve_locus    355:         8      269       21 ->        32
diploid_resolve_locus    356:        11      146       10 ->        15
diploid_resolve_locus    357:        18       98        4 ->         4
diploid_resolve_locus    358:         2       66        1 ->         1
diploid_resolve_locus    359:         6      247       15 ->        27
diploid_resolve_locus    360:         5      135        6 ->         8
diploid_resolve_locus    361:        16       80        3 ->         3
diploid_resolve_locus    362:         9      497       24 ->        47
diploid_resolve_locus    363:        16      224        7 ->         8
diploid_resolve_locus    364:         6      133        1 ->         1
diploid_resolve_locus    365:        17      291       11 ->        19
diploid_resolve_locus    366:         2       88        2 ->         2
diploid_resolve_locus    367:         2      139        2 ->         2
diploid_resolve_locus    368:         6      236        5 ->         5
diploid_resolve_locus    369:         2      278        5 ->         5
diploid_resolve_locus    370:         9       72        8 ->        13
diploid_resolve_locus    371:         4      278       11 ->        16
diploid_resolve_locus    372:         2      192        3 ->         3
diploid_resolve_locus    373:         5      116        2 ->         2
diploid_resolve_locus    374:        20      149       10 ->        14
diploid_resolve_locus    375:         7      281        9 ->        10
diploid_resolve_locus    376:         4      287       11 ->        16
diploid_resolve_locus    377:        17      115        6 ->         6
diploid_resolve_locus    378:         4      263       15 ->        24
diploid_resolve_locus    379:         2      144        2 ->         2
diploid_resolve_locus    380:         2      279        7 ->        11
diploid_resolve_locus    381:         3      110        1 ->         1
diploid_resolve_locus    382:         7       98        5 ->         5
diploid_resolve_locus    383:         6       54        3 ->         3
diploid_resolve_locus    384:         5       98        2 ->         2
diploid_resolve_locus    385:         3      278        4 ->         4
diploid_resolve_locus    386:         2      279        3 ->         3
diploid_resolve_locus    387:         7      192        3 ->         3
diploid_resolve_locus    388:         2       69        1 ->         1
diploid_resolve_locus    389:        20       58        7 ->         8
diploid_resolve_locus    390:         4      237        9 ->         9
diploid_resolve_locus    391:         2      287        4 ->         4
diploid_resolve_locus    392:        16      108        1 ->         1
diploid_resolve_locus    393:        20      106        4 ->         6
diploid_resolve_locus    394:         2      275        5 ->         6
diploid_resolve_locus    395:         3       52        2 ->         2
diploid_resolve_locus    396:         3      225        5 ->         5
diploid_resolve_locus    397:         6       55        2 ->         2
diploid_resolve_locus    398:        17      292       19 ->        21
diploid_resolve_locus    399:         8      195        6 ->         7
diploid_resolve_locus    400:         3      228        8 ->        12
diploid_resolve_locus    401:        20       76        3 ->         5
diploid_resolve_locus    402:         9       94        9 ->        22
diploid_resolve_locus    403:        17      129        5 ->         5
diploid_resolve_locus    404:         9       73        7 ->        10
diploid_resolve_locus    405:         7      143       24 ->        72
diploid_resolve_locus    406:         2       48        1 ->         1
diploid_resolve_locus    407:         2      200        5 ->         5
diploid_resolve_locus    408:         3      276        6 ->         7
diploid_resolve_locus    409:         2      280        4 ->         5
diploid_resolve_locus    410:        13      101        6 ->         6
diploid_resolve_locus    411:        11      156        4 ->         4
diploid_resolve_locus    412:         5      281        5 ->         5
diploid_resolve_locus    413:         6      302       12 ->        13
diploid_resolve_locus    414:         2      214        2 ->         2
diploid_resolve_locus    415:         2      163        2 ->         2
diploid_resolve_locus    416:        10       77        1 ->         1
diploid_resolve_locus    417:         2       92        2 ->         2
diploid_resolve_locus    418:         3       64        2 ->         2
diploid_resolve_locus    419:         2       96        3 ->         3
diploid_resolve_locus    420:         6      241       15 ->        21
diploid_resolve_locus    421:         5      283       15 ->        22
diploid_resolve_locus    422:         9      145        4 ->         4
diploid_resolve_locus    423:         4      112        2 ->         2
diploid_resolve_locus    424:         2      268        4 ->         4
diploid_resolve_locus    425:         8      173        9 ->        10
diploid_resolve_locus    426:         4      159        2 ->         2
diploid_resolve_locus    427:         6      235       16 ->        19
diploid_resolve_locus    428:        10      259       14 ->        22
diploid_resolve_locus    429:         5      261        9 ->         9
diploid_resolve_locus    430:         2       99        2 ->         2
diploid_resolve_locus    431:        15      116       16 ->        26
diploid_resolve_locus    432:         2      268        2 ->         2
diploid_resolve_locus    433:         2       90        3 ->         3
diploid_resolve_locus    434:         7      281        7 ->         9
diploid_resolve_locus    435:         2      274        1 ->         1
diploid_resolve_locus    436:         3      382        2 ->         2
diploid_resolve_locus    437:         3      282        5 ->         9
diploid_resolve_locus    438:         7       78        7 ->        10
diploid_resolve_locus    439:         3      233        7 ->        10
diploid_resolve_locus    440:         2       99        3 ->         3
diploid_resolve_locus    441:         5      373       13 ->        18
diploid_resolve_locus    442:        20       94        6 ->         6
diploid_resolve_locus    443:        14       50        3 ->         3
diploid_resolve_locus    444:         5      181        5 ->        10
diploid_resolve_locus    445:        12      223        6 ->         6
diploid_resolve_locus    446:        16       62        4 ->         4
diploid_resolve_locus    447:         5       52        4 ->         4
diploid_resolve_locus    448:         6       84        2 ->         2
diploid_resolve_locus    449:        18       97        8 ->        10
diploid_resolve_locus    450:         2      282        4 ->         4
diploid_resolve_locus    451:         2       52        1 ->         1
diploid_resolve_locus    452:        20       71        7 ->         7
diploid_resolve_locus    453:        15      131        6 ->         7
diploid_resolve_locus    454:        14      122        7 ->         7
diploid_resolve_locus    455:         5      271        9 ->        10
diploid_resolve_locus    456:         4      282       10 ->        13
diploid_resolve_locus    457:        11       77       11 ->        25
diploid_resolve_locus    458:         8       63        3 ->         3
diploid_resolve_locus    459:         3      173        3 ->         3
diploid_resolve_locus    460:         2      146        7 ->        10
diploid_resolve_locus    461:         8      113        5 ->         5
diploid_resolve_locus    462:         8      321        8 ->        13
diploid_resolve_locus    463:        12      191        7 ->         7
diploid_resolve_locus    464:         2       45        1 ->         1
diploid_resolve_locus    465:         2      125        1 ->         1
diploid_resolve_locus    466:        18      335       24 ->        49
diploid_resolve_locus    467:         3      125        3 ->         3
diploid_resolve_locus    468:         2      280        9 ->        13
diploid_resolve_locus    469:         5       94        2 ->         2
diploid_resolve_locus    470:        11      130        4 ->         4
diploid_resolve_locus    471:        18      116        5 ->         6
diploid_resolve_locus    472:         3      281       11 ->        14
diploid_resolve_locus    473:        13      172        6 ->         6
diploid_resolve_locus    474:         3      281        6 ->         6
diploid_resolve_locus    475:        20      160        1 ->         1
diploid_resolve_locus    476:        20      167        8 ->        11
diploid_resolve_locus    477:         3       92        5 ->         5
diploid_resolve_locus    478:         6       91        4 ->         5
diploid_resolve_locus    479:         4      123        2 ->         2
diploid_resolve_locus    480:         5       48        3 ->         3
diploid_resolve_locus    481:         2       66        4 ->         5
diploid_resolve_locus    482:         4       52        1 ->         1
diploid_resolve_locus    483:         2      213        2 ->         2
diploid_resolve_locus    484:         3      246        4 ->         4
diploid_resolve_locus    485:         5      118        4 ->         5
diploid_resolve_locus    486:        19      288       23 ->        28
diploid_resolve_locus    487:         2       66        1 ->         1
diploid_resolve_locus    488:        11      124       11 ->        12
diploid_resolve_locus    489:         4      156        1 ->         1
diploid_resolve_locus    490:        14      198       10 ->        14
diploid_resolve_locus    491:        11      130        7 ->        24
diploid_resolve_locus    492:        11      413       23 ->        43
diploid_resolve_locus    493:         2       63        1 ->         1
diploid_resolve_locus    494:         7      107       16 ->        46
diploid_resolve_locus    495:        11      211        5 ->         5
diploid_resolve_locus    496:         5      283       11 ->        11
diploid_resolve_locus    497:         3      280        3 ->         3
diploid_resolve_locus    498:         6      439        8 ->        10
diploid_resolve_locus    499:         3      275        2 ->         2
diploid_resolve_locus    500:         2      188        6 ->         7
diploid_resolve_locus    501:         3      486        9 ->        12
diploid_resolve_locus    502:         8       74        3 ->         3
diploid_resolve_locus    503:         3      289        5 ->         5
diploid_resolve_locus    504:        20       95        5 ->         6
diploid_resolve_locus    505:         2      281        5 ->         6
diploid_resolve_locus    506:         8      139        3 ->         3
diploid_resolve_locus    507:         7       80        1 ->         1
diploid_resolve_locus    508:        14      156        9 ->        12
diploid_resolve_locus    509:         4       71        4 ->         4
diploid_resolve_locus    510:         3      282        9 ->        11
diploid_resolve_locus    511:        20       61        2 ->         2
diploid_resolve_locus    512:         2      285        5 ->         7
diploid_resolve_locus    513:        20      183        2 ->         2
diploid_resolve_locus    514:        18       58        3 ->         7
diploid_resolve_locus    515:         6      139        8 ->         9
diploid_resolve_locus    516:         2       78        1 ->         1
diploid_resolve_locus    517:        19      105        9 ->         9
diploid_resolve_locus    518:         4       81        3 ->         3
diploid_resolve_locus    519:         7      151        8 ->        16
diploid_resolve_locus    520:        14      233       12 ->        14
diploid_resolve_locus    521:        18       52        2 ->         2
diploid_resolve_locus    522:         5      254        8 ->        19
diploid_resolve_locus    523:         2      105        2 ->         2
diploid_resolve_locus    524:        17      205       12 ->        46
diploid_resolve_locus    525:         5       81        3 ->         3
diploid_resolve_locus    526:         2      229        2 ->         2
diploid_resolve_locus    527:        20      151        5 ->        10
diploid_resolve_locus    528:        10       93        6 ->        10
diploid_resolve_locus    529:         4      286       14 ->        20
diploid_resolve_locus    530:        11      263       15 ->        22
diploid_resolve_locus    531:         2      278        3 ->         3
diploid_resolve_locus    532:         4      112        2 ->         2
diploid_resolve_locus    533:         6      248        8 ->         8
diploid_resolve_locus    534:        11      147        7 ->        10
diploid_resolve_locus    535:         6      146        3 ->         3
diploid_resolve_locus    536:         7      146        4 ->         4
diploid_resolve_locus    537:         2      107        1 ->         1
diploid_resolve_locus    538:        20      229        8 ->        12
diploid_resolve_locus    539:        20      158        4 ->         5
diploid_resolve_locus    540:        20      173        1 ->         1
diploid_resolve_locus    541:        11      401       22 ->        32
diploid_resolve_locus    542:         6      534        5 ->         5
diploid_resolve_locus    543:        19      146       13 ->        18
diploid_resolve_locus    544:        20      130        9 ->        14
diploid_resolve_locus    545:        20      146        2 ->         2
diploid_resolve_locus    546:         4      184        8 ->        10
diploid_resolve_locus    547:         9      126        8 ->         8
diploid_resolve_locus    548:         2      271        2 ->         2
diploid_resolve_locus    549:         2      119        1 ->         1
diploid_resolve_locus    550:        15      586       19 ->        70
diploid_resolve_locus    551:         2      280        3 ->         3
diploid_resolve_locus    552:        16      323       17 ->        43
diploid_resolve_locus    553:         2       54        1 ->         1
diploid_resolve_locus    554:        20      134        8 ->        15
diploid_resolve_locus    555:         4      203        6 ->         8
diploid_resolve_locus    556:         4      454       11 ->        12
diploid_resolve_locus    557:        18       60        4 ->         4
diploid_resolve_locus    558:        17       52        8 ->         8
diploid_resolve_locus    559:         2      119        3 ->         3
diploid_resolve_locus    560:         2      116        1 ->         1
diploid_resolve_locus    561:        14      192       14 ->        21
diploid_resolve_locus    562:         5       96        4 ->         5
diploid_resolve_locus    563:         7      202       14 ->        29
diploid_resolve_locus    564:        18      211       17 ->        22
diploid_resolve_locus    565:         3       65        3 ->         3
diploid_resolve_locus    566:         2      151        1 ->         1
diploid_resolve_locus    567:         4      225        6 ->         6
diploid_resolve_locus    568:        20      172       14 ->        22
diploid_resolve_locus    569:         3      417        5 ->         9
diploid_resolve_locus    570:         6      280       15 ->        16
diploid_resolve_locus    571:         2      271        3 ->         3
diploid_resolve_locus    572:         9      246       10 ->        10
diploid_resolve_locus    573:         5      285       10 ->        13
diploid_resolve_locus    574:         2      123        2 ->         2
diploid_resolve_locus    575:         6      174        6 ->         6
diploid_resolve_locus    576:         2       95        3 ->         4
diploid_resolve_locus    577:         5      280       10 ->        11
diploid_resolve_locus    578:         2       47        1 ->         1
diploid_resolve_locus    579:        16      121        3 ->         3
diploid_resolve_locus    580:        19      108        5 ->         5
diploid_resolve_locus    581:        17      147        8 ->         8
diploid_resolve_locus    582:         5       43        2 ->         2
diploid_resolve_locus    583:        20      129        6 ->         6
diploid_resolve_locus    584:        16      126        2 ->         2
diploid_resolve_locus    585:         6       96        2 ->         2
diploid_resolve_locus    586:         2      235        2 ->         2
diploid_resolve_locus    587:         6      280       10 ->        14
diploid_resolve_locus    588:         3       46        1 ->         1
diploid_resolve_locus    589:        20      102        3 ->         3
diploid_resolve_locus    590:         2      281        7 ->         9
diploid_resolve_locus    591:         4      280        9 ->        14
diploid_resolve_locus    592:        19      292       17 ->        20
diploid_resolve_locus    593:        17      161        4 ->        26
diploid_resolve_locus    594:         7      521       20 ->        33
diploid_resolve_locus    595:         2      155        1 ->         1
diploid_resolve_locus    596:        12      154        5 ->         5
diploid_resolve_locus    597:         3      234        2 ->         2
diploid_resolve_locus    598:        20      164        7 ->        41
diploid_resolve_locus    599:         7       76        2 ->         2
diploid_resolve_locus    600:        20      269       18 ->        36
diploid_resolve_locus    601:        20      196       13 ->        13
diploid_resolve_locus    602:        13       57        2 ->         2
diploid_resolve_locus    603:        19      150       10 ->        14
diploid_resolve_locus    604:        13      169       10 ->        14
diploid_resolve_locus    605:        16      177        8 ->        28
diploid_resolve_locus    606:         2       55        1 ->         1
diploid_resolve_locus    607:         2      257        3 ->         3
diploid_resolve_locus    608:        15      233       11 ->        22
diploid_resolve_locus    609:         9       44        2 ->         2
diploid_resolve_locus    610:         4       90        1 ->         1
diploid_resolve_locus    611:         6      187       12 ->        13
diploid_resolve_locus    612:         9       88        1 ->         1
diploid_resolve_locus    613:         3      140       11 ->        16
diploid_resolve_locus    614:        19      123       12 ->        18
diploid_resolve_locus    615:        15      111        3 ->         4
diploid_resolve_locus    616:        17      275       10 ->        11
diploid_resolve_locus    617:        17      490       20 ->        66
diploid_resolve_locus    618:         3      275        9 ->         9
diploid_resolve_locus    619:        17      391       15 ->        16
diploid_resolve_locus    620:        14      215       14 ->        60
diploid_resolve_locus    621:        19      150        8 ->        14
diploid_resolve_locus    622:         2      248        2 ->         2
diploid_resolve_locus    623:        13      109        4 ->         4
diploid_resolve_locus    624:         6      281        9 ->         9
diploid_resolve_locus    625:        16       91        2 ->         2
diploid_resolve_locus    626:        10      290        6 ->         7
diploid_resolve_locus    627:         3      110        6 ->         8
diploid_resolve_locus    628:         2       52        1 ->         1
diploid_resolve_locus    629:        11      201        9 ->         9
diploid_resolve_locus    630:         6      266       15 ->        15
diploid_resolve_locus    631:         9       82        3 ->         3
diploid_resolve_locus    632:         3       57        1 ->         1
diploid_resolve_locus    633:        20      188        6 ->        13
diploid_resolve_locus    634:        19       50        4 ->         4
diploid_resolve_locus    635:        10       44        3 ->         3
diploid_resolve_locus    636:         3       44        1 ->         1
diploid_resolve_locus    637:         8      281       11 ->        13
diploid_resolve_locus    638:        20      465       14 ->        21
diploid_resolve_locus    639:         2      117        4 ->         5
diploid_resolve_locus    640:        20       57        1 ->         1
diploid_resolve_locus    641:        20      129        6 ->         7
diploid_resolve_locus    642:         3      274        6 ->         6
diploid_resolve_locus    643:         2      276        5 ->         5
diploid_resolve_locus    644:         8      156        2 ->         2
diploid_resolve_locus    645:         8      281       21 ->        29
diploid_resolve_locus    646:         5      102        2 ->         2
diploid_resolve_locus    647:         3       40        1 ->         1
diploid_resolve_locus    648:         8       73        3 ->         3
diploid_resolve_locus    649:         9      286       14 ->        16
diploid_resolve_locus    650:        19      141        6 ->         6
diploid_resolve_locus    651:         5       50        1 ->         1
diploid_resolve_locus    652:         3      233        7 ->        10
diploid_resolve_locus    653:         3       54        1 ->         1
diploid_resolve_locus    654:        18       64        3 ->         3
diploid_resolve_locus    655:        11      233        4 ->         4
diploid_resolve_locus    656:        10      165        2 ->         2
diploid_resolve_locus    657:         9       99        3 ->         3
diploid_resolve_locus    658:        17       90        1 ->         1
diploid_resolve_locus    659:         2      158        3 ->         4
diploid_resolve_locus    660:        20       84        2 ->         2
diploid_resolve_locus    661:        20       90        2 ->         2
diploid_resolve_locus    662:         5      270        9 ->         9
diploid_resolve_locus    663:        16      292       19 ->        19
diploid_resolve_locus    664:        13      352       10 ->        10
diploid_resolve_locus    665:        18      475       22 ->        27
diploid_resolve_locus    666:        18       64        3 ->         3
diploid_resolve_locus    667:         2       53        1 ->         1
diploid_resolve_locus    668:         2       48        1 ->         1
diploid_resolve_locus    669:         2      276        6 ->         7
diploid_resolve_locus    670:        20      175        4 ->         5
diploid_resolve_locus    671:        17      228        9 ->        10
diploid_resolve_locus    672:        20      206        7 ->         8
diploid_resolve_locus    673:         7      357        9 ->        18
diploid_resolve_locus    674:        14      383       12 ->        13
diploid_resolve_locus    675:         9      261       19 ->        38
diploid_resolve_locus    676:        20      186        4 ->         4
diploid_resolve_locus    677:        11       84        2 ->         2
diploid_resolve_locus    678:         4      285        9 ->        10
diploid_resolve_locus    679:        15      117        6 ->         6
diploid_resolve_locus    680:        15      135        4 ->         5
diploid_resolve_locus    681:        14      214       14 ->        26
diploid_resolve_locus    682:        13      166        4 ->         5
diploid_resolve_locus    683:         3      286       16 ->        26
diploid_resolve_locus    684:        20       95        8 ->        14
diploid_resolve_locus    685:        20      159        8 ->         9
diploid_resolve_locus    686:         6      282       16 ->        20
diploid_resolve_locus    687:        15      292       16 ->        16
diploid_resolve_locus    688:         2       96        1 ->         1
diploid_resolve_locus    689:         6      432       12 ->        15
diploid_resolve_locus    690:         5      281       13 ->        14
diploid_resolve_locus    691:        10       98        2 ->         2
diploid_resolve_locus    692:        20       55        4 ->         4
diploid_resolve_locus    693:         2      130        1 ->         1
diploid_resolve_locus    694:         3       79        2 ->         2
diploid_resolve_locus    695:         5      282        9 ->         9
diploid_resolve_locus    696:        19       93        6 ->        68
diploid_resolve_locus    697:        19      147       17 ->        36
diploid_resolve_locus    698:        12      208        6 ->         7
diploid_resolve_locus    699:         7      205        6 ->         7
diploid_resolve_locus    700:        16      265       13 ->        15
diploid_resolve_locus    701:         4      279       10 ->        12
diploid_resolve_locus    702:        17      110        4 ->         5
diploid_resolve_locus    703:        20      145        6 ->         6
diploid_resolve_locus    704:        20      118        4 ->         4
diploid_resolve_locus    705:        17      170       12 ->        52
diploid_resolve_locus    706:         2      203        2 ->         2
diploid_resolve_locus    707:        13      194        6 ->         7
diploid_resolve_locus    708:        19      188        4 ->         4
diploid_resolve_locus    709:         4      267        4 ->         4
diploid_resolve_locus    710:         5      556       17 ->        23
diploid_resolve_locus    711:        14      271       13 ->        31
diploid_resolve_locus    712:        16      211       11 ->        14
diploid_resolve_locus    713:         4      282       11 ->        17
diploid_resolve_locus    714:         9      281        8 ->        10
diploid_resolve_locus    715:         4      354        4 ->         4
diploid_resolve_locus    716:         9      271       13 ->        14
diploid_resolve_locus    717:        19      561       13 ->        14
diploid_resolve_locus    718:         8      268        9 ->         9
diploid_resolve_locus    719:        20      194        5 ->         5
diploid_resolve_locus    720:         4       57        4 ->         4
diploid_resolve_locus    721:        16      121        4 ->         5
diploid_resolve_locus    722:         2      283        6 ->         7
diploid_resolve_locus    723:         6      214        9 ->        12
diploid_resolve_locus    724:        20      181        6 ->         8
diploid_resolve_locus    725:         2       62        2 ->         2
diploid_resolve_locus    726:        20       91        9 ->        20
diploid_resolve_locus    727:         6      280       10 ->        10
diploid_resolve_locus    728:         3      236        3 ->         3
diploid_resolve_locus    729:        20      105        9 ->        20
diploid_resolve_locus    730:        14      192        7 ->        11
diploid_resolve_locus    731:         7      337       12 ->        15
diploid_resolve_locus    732:         5      131        7 ->         8
diploid_resolve_locus    733:        19      220        8 ->        16
diploid_resolve_locus    734:        20      212        9 ->        10
diploid_resolve_locus    735:        20      115        6 ->         7
diploid_resolve_locus    736:        17      295       13 ->        14
diploid_resolve_locus    737:        20      218        7 ->        11
diploid_resolve_locus    738:         3       47        1 ->         1
diploid_resolve_locus    739:         3       66        1 ->         1
diploid_resolve_locus    740:        16       80        2 ->         2
diploid_resolve_locus    741:         2       60        1 ->         1
diploid_resolve_locus    742:        20      116        5 ->         7
diploid_resolve_locus    743:         4      283        8 ->         8
diploid_resolve_locus    744:        14      387       26 ->        59
diploid_resolve_locus    745:        19      219       16 ->       175
diploid_resolve_locus    746:         5      339        7 ->         8
diploid_resolve_locus    747:        10      170        5 ->        14
diploid_resolve_locus    748:         8       63        3 ->         3
diploid_resolve_locus    749:        18      292       22 ->        59
diploid_resolve_locus    750:        17      104        6 ->         6
diploid_resolve_locus    751:        20      118        4 ->         5
diploid_resolve_locus    752:        17      169        8 ->        21
diploid_resolve_locus    753:         2      284        2 ->         2
diploid_resolve_locus    754:         9      128       11 ->        18
diploid_resolve_locus    755:        20      274       11 ->        21
diploid_resolve_locus    756:        20      307        9 ->        10
diploid_resolve_locus    757:         4       85        1 ->         1
diploid_resolve_locus    758:         3      112        4 ->         5
diploid_resolve_locus    759:        19      545       14 ->        26
diploid_resolve_locus    760:        19      355       22 ->        41
diploid_resolve_locus    761:        15      163        7 ->         9
diploid_resolve_locus    762:        19       83        6 ->        10
diploid_resolve_locus    763:         3      279        8 ->         8
diploid_resolve_locus    764:         3      282        5 ->         5
diploid_resolve_locus    765:        19      183        5 ->        39
diploid_resolve_locus    766:        20      150        3 ->         3
diploid_resolve_locus    767:        20      149        8 ->         9
diploid_resolve_locus    768:        15      128       12 ->        16
diploid_resolve_locus    769:        18      108        3 ->         3
diploid_resolve_locus    770:        20      113        5 ->         5
diploid_resolve_locus    771:        10      321       11 ->        13
diploid_resolve_locus    772:         2      280        2 ->         2
diploid_resolve_locus    773:         7      168       10 ->        14
diploid_resolve_locus    774:        18      125       11 ->        21
diploid_resolve_locus    775:        20      338        8 ->         9
diploid_resolve_locus    776:         5      202        8 ->         8
diploid_resolve_locus    777:         5      281       11 ->        14
diploid_resolve_locus    778:        19       69        4 ->         4
diploid_resolve_locus    779:        20      248       11 ->        18
diploid_resolve_locus    780:        20      305        6 ->         6
diploid_resolve_locus    781:        18      167        6 ->         6
diploid_resolve_locus    782:         4      195        5 ->         5
diploid_resolve_locus    783:         5      276       11 ->        12
diploid_resolve_locus    784:         3      280        3 ->         3
diploid_resolve_locus    785:        19      207        8 ->        19
diploid_resolve_locus    786:        14      361       16 ->        33
diploid_resolve_locus    787:        11       58        2 ->         2
diploid_resolve_locus    788:        19       66        2 ->         2
diploid_resolve_locus    789:        19      555       31 ->        38
diploid_resolve_locus    790:         2      115        1 ->         1
diploid_resolve_locus    791:        20      126        4 ->         6
diploid_resolve_locus    792:         2      284        5 ->         6
diploid_resolve_locus    793:         2       87        1 ->         1
diploid_resolve_locus    794:         2      244        1 ->         1
diploid_resolve_locus    795:         2      111        1 ->         1
diploid_resolve_locus    796:        20      195        7 ->        13
diploid_resolve_locus    797:         5      429        6 ->         6
diploid_resolve_locus    798:        20      239        5 ->         6
diploid_resolve_locus    799:        19      364        8 ->         8
diploid_resolve_locus    800:         7       91        1 ->         1
diploid_resolve_locus    801:         5      286        4 ->         4
diploid_resolve_locus    802:        15      174       16 ->        39
diploid_resolve_locus    803:        20      284       14 ->        21
diploid_resolve_locus    804:         7      151        4 ->         4
diploid_resolve_locus    805:        20       80        3 ->         3
diploid_resolve_locus    806:         2      246        3 ->         4
diploid_resolve_locus    807:        11       50        2 ->         2
diploid_resolve_locus    808:        18      449       15 ->        65
diploid_resolve_locus    809:        19      147       10 ->        14
diploid_resolve_locus    810:        20      260        7 ->         8
diploid_resolve_locus    811:        19       65        5 ->         6
diploid_resolve_locus    812:         3       73        2 ->         2
diploid_resolve_locus    813:        15      148        5 ->         5
diploid_resolve_locus    814:         8       78        5 ->         6
diploid_resolve_locus    815:         2      280        3 ->         3
diploid_resolve_locus    816:         3      138        2 ->         2
diploid_resolve_locus    817:        11      348       29 ->        34
diploid_resolve_locus    818:         2       37        1 ->         1
diploid_resolve_locus    819:        20      158        5 ->         5
diploid_resolve_locus    820:         5      276       11 ->        14
diploid_resolve_locus    821:        14      133       11 ->        12
diploid_resolve_locus    822:        20      161       13 ->        27
diploid_resolve_locus    823:         2       44        1 ->         1
diploid_resolve_locus    824:         2      275        2 ->         2
diploid_resolve_locus    825:        19      360        7 ->         7
diploid_resolve_locus    826:        20      147        8 ->        15
diploid_resolve_locus    827:        14      110        4 ->         4
diploid_resolve_locus    828:         6       50        2 ->         2
diploid_resolve_locus    829:         3      188        5 ->         5
diploid_resolve_locus    830:         2      281        5 ->         5
diploid_resolve_locus    831:        20      354       11 ->        13
diploid_resolve_locus    832:         9      197        6 ->         9
diploid_resolve_locus    833:        14      356       16 ->        16
diploid_resolve_locus    834:         4       45        1 ->         1
diploid_resolve_locus    835:        15       93        1 ->         1
diploid_resolve_locus    836:        15      263       18 ->        20
diploid_resolve_locus    837:        13      181        3 ->         3
diploid_resolve_locus    838:         7      114        2 ->         2
diploid_resolve_locus    839:        18      738       27 ->        31
diploid_resolve_locus    840:        15      292       17 ->        20
diploid_resolve_locus    841:        18      119        6 ->         8
diploid_resolve_locus    842:        18      221        3 ->         3
diploid_resolve_locus    843:        16      205        7 ->        11
diploid_resolve_locus    844:         4      195        3 ->         3
diploid_resolve_locus    845:        20      143        7 ->        10
diploid_resolve_locus    846:         2      215        3 ->         3
diploid_resolve_locus    847:         3      167        2 ->         2
diploid_resolve_locus    848:        14      198        7 ->         7
diploid_resolve_locus    849:         5       90        2 ->         2
diploid_resolve_locus    850:        19      177        6 ->        13
diploid_resolve_locus    851:         8      282       16 ->        17
diploid_resolve_locus    852:        20      345        9 ->       136
diploid_resolve_locus    853:        20      127        3 ->         3
diploid_resolve_locus    854:         8      143        4 ->         4
diploid_resolve_locus    855:        16      325       12 ->       120
diploid_resolve_locus    856:         4      114        1 ->         1
diploid_resolve_locus    857:        17       64        6 ->         8
diploid_resolve_locus    858:        20      146        9 ->        13
diploid_resolve_locus    859:        16      260       10 ->        12
diploid_resolve_locus    860:        11      235        5 ->         5
diploid_resolve_locus    861:         3      276        4 ->         4
diploid_resolve_locus    862:         2       50        1 ->         1
diploid_resolve_locus    863:        11      130        1 ->         1
diploid_resolve_locus    864:         8      282       12 ->        12
diploid_resolve_locus    865:         2       46        1 ->         1
diploid_resolve_locus    866:        20      545       26 ->        27
diploid_resolve_locus    867:        15      348       15 ->        16
diploid_resolve_locus    868:         2      282        5 ->         5
diploid_resolve_locus    869:         9       56        1 ->         1
diploid_resolve_locus    870:         3      355        4 ->         5
diploid_resolve_locus    871:         4      439        4 ->         4
diploid_resolve_locus    872:        18       71        6 ->         6
diploid_resolve_locus    873:         2      171        3 ->         3
diploid_resolve_locus    874:        11      276       10 ->        13
diploid_resolve_locus    875:        10      366       15 ->        16
diploid_resolve_locus    876:        13      226       13 ->        16
diploid_resolve_locus    877:        20       76        3 ->         3
diploid_resolve_locus    878:         2      259        7 ->         8
diploid_resolve_locus    879:         7      421       12 ->        24
diploid_resolve_locus    880:         7      345       14 ->        19
diploid_resolve_locus    881:        20      136        4 ->         4
diploid_resolve_locus    882:         3      251        2 ->         2
diploid_resolve_locus    883:         4       55        4 ->         4
diploid_resolve_locus    884:        20      124        4 ->         4
diploid_resolve_locus    885:        18      146        6 ->         6
diploid_resolve_locus    886:        15       83        7 ->         7
diploid_resolve_locus    887:         3      281        5 ->         5
diploid_resolve_locus    888:        19      190        6 ->         7
diploid_resolve_locus    889:        11      217        5 ->         5
diploid_resolve_locus    890:        20       99        3 ->         3
diploid_resolve_locus    891:        20      451       13 ->        29
diploid_resolve_locus    892:         9      262        9 ->         9
diploid_resolve_locus    893:        18      152        6 ->       196
diploid_resolve_locus    894:        19       83        7 ->         7
diploid_resolve_locus    895:        19       54        1 ->         1
diploid_resolve_locus    896:        20      112        1 ->         1
diploid_resolve_locus    897:         3       59        3 ->         3
diploid_resolve_locus    898:        20      167        2 ->         2
diploid_resolve_locus    899:        20      326       17 ->        29
diploid_resolve_locus    900:        17      146       11 ->        17
diploid_resolve_locus    901:         2      283        6 ->         7
diploid_resolve_locus    902:        20      307       15 ->        59
diploid_resolve_locus    903:         9      283       21 ->        21
diploid_resolve_locus    904:        19      256       11 ->        14
diploid_resolve_locus    905:         4      183        3 ->         3
diploid_resolve_locus    906:         5      400        9 ->        11
diploid_resolve_locus    907:         6      149        2 ->         2
diploid_resolve_locus    908:         3      278        7 ->         8
diploid_resolve_locus    909:        15      231        8 ->         8
diploid_resolve_locus    910:        14      146       12 ->        14
diploid_resolve_locus    911:        20      115        7 ->         7
diploid_resolve_locus    912:         6      286       10 ->        12
diploid_resolve_locus    913:        20      241        5 ->        42
diploid_resolve_locus    914:         5       78        1 ->         1
diploid_resolve_locus    915:        19      181        4 ->         4
diploid_resolve_locus    916:         8      161        3 ->         3
diploid_resolve_locus    917:        20       82        3 ->         3
diploid_resolve_locus    918:        20      146        4 ->         4
diploid_resolve_locus    919:        15      272        4 ->         4
diploid_resolve_locus    920:        19      210        7 ->        10
diploid_resolve_locus    921:         3      147        3 ->         4
diploid_resolve_locus    922:        16       82        2 ->         2
diploid_resolve_locus    923:        15      291       20 ->        27
diploid_resolve_locus    924:        20      575       21 ->        26
diploid_resolve_locus    925:         2       67        2 ->         2
diploid_resolve_locus    926:        17      102        4 ->         7
diploid_resolve_locus    927:         5      356       10 ->        10
diploid_resolve_locus    928:         9      284       21 ->        28
diploid_resolve_locus    929:        13      289       29 ->        40
diploid_resolve_locus    930:        18      292       17 ->        72
diploid_resolve_locus    931:        20      149        7 ->        27
diploid_resolve_locus    932:         2      282        2 ->         2
diploid_resolve_locus    933:         3      279        7 ->         7
diploid_resolve_locus    934:        16      188        6 ->         8
diploid_resolve_locus    935:        19      289        9 ->        30
diploid_resolve_locus    936:        20      462       13 ->        36
diploid_resolve_locus    937:        15      265        6 ->         6
diploid_resolve_locus    938:         2       42        1 ->         1
diploid_resolve_locus    939:        20       91        2 ->         2
diploid_resolve_locus    940:         2      269        8 ->        11
diploid_resolve_locus    941:         2      286        4 ->         4
diploid_resolve_locus    942:         3       56        2 ->         2
diploid_resolve_locus    943:        20      132        1 ->         1
diploid_resolve_locus    944:        20      200       14 ->        20
diploid_resolve_locus    945:         4      280        8 ->         8
diploid_resolve_locus    946:        17      193       12 ->        14
diploid_resolve_locus    947:         2       62        3 ->         3
diploid_resolve_locus    948:         9      146        3 ->         3
diploid_resolve_locus    949:         4      119        1 ->         1
diploid_resolve_locus    950:        11      278       10 ->        10
diploid_resolve_locus    951:         6      211        4 ->         4
diploid_resolve_locus    952:        19       48        2 ->         2
diploid_resolve_locus    953:         3       43        2 ->         2
diploid_resolve_locus    954:        20      232        2 ->         2
diploid_resolve_locus    955:        16      116        7 ->        16
diploid_resolve_locus    956:         5      288        7 ->         7
diploid_resolve_locus    957:        16      121        4 ->         4
diploid_resolve_locus    958:        17      262        8 ->         8
diploid_resolve_locus    959:        19      189       10 ->        12
diploid_resolve_locus    960:        11      284       18 ->        24
diploid_resolve_locus    961:         2      282        2 ->         2
diploid_resolve_locus    962:         3       41        1 ->         1
diploid_resolve_locus    963:        20      632       24 ->        37
diploid_resolve_locus    964:         4      273        6 ->         8
diploid_resolve_locus    965:        19      268        9 ->        16
diploid_resolve_locus    966:        20      161       10 ->        15
diploid_resolve_locus    967:        20       87        4 ->         4
diploid_resolve_locus    968:         8       78        3 ->         3
diploid_resolve_locus    969:         6      227        4 ->         4
diploid_resolve_locus    970:         5      282       12 ->        12
diploid_resolve_locus    971:         7      324       14 ->        17
diploid_resolve_locus    972:        12      237        3 ->         3
diploid_resolve_locus    973:         3      237        3 ->         3
diploid_resolve_locus    974:         4      237        1 ->         1
diploid_resolve_locus    975:         5      237        6 ->         6
diploid_resolve_locus    976:        15      290       13 ->        13
diploid_resolve_locus    977:        20      140        6 ->         9
diploid_resolve_locus    978:        20      122        3 ->         3
diploid_resolve_locus    979:        19      217        7 ->        10
diploid_resolve_locus    980:        15      193        4 ->         4
diploid_resolve_locus    981:        10      357       12 ->        12
diploid_resolve_locus    982:         2      280        7 ->        10
diploid_resolve_locus    983:        19      527       14 ->        16
diploid_resolve_locus    984:        19      748       15 ->        26
diploid_resolve_locus    985:        20      378       11 ->        15
diploid_resolve_locus    986:        19      294        5 ->         5
diploid_resolve_locus    987:         2      276        4 ->         4
diploid_resolve_locus    988:         3      146        3 ->         3
diploid_resolve_locus    989:        20      239        5 ->         5
diploid_resolve_locus    990:        20      198        2 ->         2
diploid_resolve_locus    991:        19      174        5 ->         5
diploid_resolve_locus    992:        10      145        5 ->         5
diploid_resolve_locus    993:        17       59        2 ->         2
diploid_resolve_locus    994:        19      269        8 ->        14
diploid_resolve_locus    995:        14      402       17 ->        18
diploid_resolve_locus    996:        20      185        5 ->         6
diploid_resolve_locus    997:         5      176        6 ->         7
diploid_resolve_locus    998:        20      242        3 ->         3
diploid_resolve_locus    999:         5      202        3 ->         3
diploid_resolve_locus   1000:        19      120        4 ->        10
diploid_resolve_locus   1001:         2      280        3 ->         3
diploid_resolve_locus   1002:        20      353        8 ->         8
diploid_resolve_locus   1003:        19      954       48 ->        93
diploid_resolve_locus   1004:         3      277        7 ->        12
diploid_resolve_locus   1005:         2      285        3 ->         3
diploid_resolve_locus   1006:         3      247        3 ->         3
diploid_resolve_locus   1007:        20       86        6 ->         6
diploid_resolve_locus   1008:        20      180        5 ->         5
diploid_resolve_locus   1009:        11      413       24 ->        30
diploid_resolve_locus   1010:         3      269        3 ->         3
diploid_resolve_locus   1011:        20      365       23 ->        67
diploid_resolve_locus   1012:        12      286       19 ->        20
diploid_resolve_locus   1013:        19      321       15 ->        22
diploid_resolve_locus   1014:        17       59        3 ->         3
diploid_resolve_locus   1015:        12       63        6 ->        11
diploid_resolve_locus   1016:         5      279        9 ->        10
diploid_resolve_locus   1017:        20      160        4 ->         4
diploid_resolve_locus   1018:        19      147       13 ->        14
diploid_resolve_locus   1019:         3      224        2 ->         2
diploid_resolve_locus   1020:        20      365        6 ->         7
diploid_resolve_locus   1021:        14      178        8 ->        13
diploid_resolve_locus   1022:        20      260        7 ->         9
diploid_resolve_locus   1023:        20      148        4 ->        14
diploid_resolve_locus   1024:        20       87        1 ->         1
diploid_resolve_locus   1025:        19      122        7 ->         9
diploid_resolve_locus   1026:        13      165        3 ->         3
diploid_resolve_locus   1027:        17      287       25 ->        34
diploid_resolve_locus   1028:        20      245        5 ->         7
diploid_resolve_locus   1029:        20      125        8 ->        70
diploid_resolve_locus   1030:        20       69        3 ->         4
diploid_resolve_locus   1031:        17      528       25 ->        27
diploid_resolve_locus   1032:        20      125        3 ->         3
diploid_resolve_locus   1033:        18      138        2 ->         2
diploid_resolve_locus   1034:         7       93        2 ->         2
diploid_resolve_locus   1035:        19       67        5 ->         6
diploid_resolve_locus   1036:        18      170        8 ->         8
diploid_resolve_locus   1037:         4       44        1 ->         1
diploid_resolve_locus   1038:        20       83        1 ->         1
diploid_resolve_locus   1039:         4      281        8 ->         8
diploid_resolve_locus   1040:        20      149        3 ->         3
diploid_resolve_locus   1041:         4      484       11 ->        15
diploid_resolve_locus   1042:         8      283       18 ->        54
diploid_resolve_locus   1043:        20       93        2 ->         2
diploid_resolve_locus   1044:         5       83        2 ->         2
diploid_resolve_locus   1045:         7       95        2 ->         2
diploid_resolve_locus   1046:        12      446       14 ->        35
diploid_resolve_locus   1047:        20      454       17 ->        46
diploid_resolve_locus   1048:        19      146        6 ->         6
diploid_resolve_locus   1049:         3      161        2 ->         2
diploid_resolve_locus   1050:        20      317       11 ->        12
diploid_resolve_locus   1051:         6      395        9 ->         9
diploid_resolve_locus   1052:        20      102        3 ->         3
diploid_resolve_locus   1053:        20       76        1 ->         1
diploid_resolve_locus   1054:         3      524       10 ->        18
diploid_resolve_locus   1055:        19      362       28 ->        39
diploid_resolve_locus   1056:        14       85        4 ->         4
diploid_resolve_locus   1057:        15      126        7 ->         7
diploid_resolve_locus   1058:         9       69        6 ->         8
diploid_resolve_locus   1059:         4      125        1 ->         1
diploid_resolve_locus   1060:        18      211       15 ->        65
diploid_resolve_locus   1061:        20      170       10 ->        14
diploid_resolve_locus   1062:        18      232       10 ->        10
diploid_resolve_locus   1063:        19       86        3 ->         3
diploid_resolve_locus   1064:        17      193       20 ->        25
diploid_resolve_locus   1065:         9       47        1 ->         1
diploid_resolve_locus   1066:        18       71        6 ->         6
diploid_resolve_locus   1067:         5      279        7 ->         8
diploid_resolve_locus   1068:        20      217        5 ->         5
diploid_resolve_locus   1069:         7      285       14 ->        14
diploid_resolve_locus   1070:         2      114        5 ->         7
diploid_resolve_locus   1071:        20      265       11 ->        15
diploid_resolve_locus   1072:         3      281        5 ->         5
diploid_resolve_locus   1073:         6      281       12 ->        13
diploid_resolve_locus   1074:        20       99        7 ->        39
diploid_resolve_locus   1075:        18      343        5 ->         5
diploid_resolve_locus   1076:         2      286        4 ->         4
diploid_resolve_locus   1077:        20      512       18 ->        26
diploid_resolve_locus   1078:         5       50        2 ->         2
diploid_resolve_locus   1079:         2       50        1 ->         1
diploid_resolve_locus   1080:         8      281       20 ->        23
diploid_resolve_locus   1081:        20      118        4 ->         4
diploid_resolve_locus   1082:        20      141        2 ->         2
diploid_resolve_locus   1083:        19       93        2 ->         2
diploid_resolve_locus   1084:         9      259        6 ->         6
diploid_resolve_locus   1085:         4      249        8 ->        11
diploid_resolve_locus   1086:         6      279       12 ->        14
diploid_resolve_locus   1087:         5       78        2 ->         2
diploid_resolve_locus   1088:        20      339        9 ->        20
diploid_resolve_locus   1089:         2       73        1 ->         1
diploid_resolve_locus   1090:        19      246       13 ->        22
diploid_resolve_locus   1091:         5      276       15 ->        17
diploid_resolve_locus   1092:        18      372        9 ->        15
diploid_resolve_locus   1093:        18      662       20 ->        39
diploid_resolve_locus   1094:        10      172       16 ->        20
diploid_resolve_locus   1095:        10      282       12 ->        29
diploid_resolve_locus   1096:        20      296        7 ->         7
diploid_resolve_locus   1097:         5       60        1 ->         1
diploid_resolve_locus   1098:        20      154        3 ->         3
diploid_resolve_locus   1099:        20      181        3 ->         4
diploid_resolve_locus   1100:        20      102        7 ->         7
diploid_resolve_locus   1101:        20      146        7 ->         7
diploid_resolve_locus   1102:        19      662       23 ->        82
diploid_resolve_locus   1103:        17      107        2 ->         2
diploid_resolve_locus   1104:        11      379       15 ->        16
diploid_resolve_locus   1105:         6      167        3 ->         3
diploid_resolve_locus   1106:        15      284       20 ->        30
diploid_resolve_locus   1107:        19       53        2 ->         2
diploid_resolve_locus   1108:         5      280       10 ->        10
diploid_resolve_locus   1109:         3      147        4 ->         4
diploid_resolve_locus   1110:        12      282       16 ->        19
diploid_resolve_locus   1111:        19      523       27 ->        51
diploid_resolve_locus   1112:         2      284        2 ->         2
diploid_resolve_locus   1113:        17      125        5 ->         5
diploid_resolve_locus   1114:        18      454       13 ->        14
diploid_resolve_locus   1115:         2      283        3 ->         3
diploid_resolve_locus   1116:        16      410       10 ->        11
diploid_resolve_locus   1117:        16     1154       33 ->        37
diploid_resolve_locus   1118:        20      466       18 ->        27
diploid_resolve_locus   1119:        20      632       32 ->        78
diploid_resolve_locus   1120:        20      381       17 ->        18
diploid_resolve_locus   1121:        20      237       11 ->        16
diploid_resolve_locus   1122:         2      483        7 ->        10
diploid_resolve_locus   1123:        20      115        5 ->         5
diploid_resolve_locus   1124:         8       53        3 ->         3
diploid_resolve_locus   1125:        20       75        1 ->         1
diploid_resolve_locus   1126:        20      544       14 ->        19
diploid_resolve_locus   1127:        10      359       16 ->        21
diploid_resolve_locus   1128:        20      308        7 ->         8
diploid_resolve_locus   1129:         6      282       11 ->        11
diploid_resolve_locus   1130:         3      243        5 ->         5
diploid_resolve_locus   1131:        15      175        4 ->         4
diploid_resolve_locus   1132:        10      145        7 ->        14
diploid_resolve_locus   1133:        17      294       14 ->        45
diploid_resolve_locus   1134:        15      157       10 ->        27
diploid_resolve_locus   1135:        20      347        7 ->         9
diploid_resolve_locus   1136:         2      281        3 ->         3
diploid_resolve_locus   1137:        15      292       14 ->        15
diploid_resolve_locus   1138:        15      149        5 ->         5
diploid_resolve_locus   1139:         2      277        5 ->         6
diploid_resolve_locus   1140:         4      282        7 ->         7
diploid_resolve_locus   1141:        11      291       15 ->        18
diploid_resolve_locus   1142:        17      281        6 ->         6
diploid_resolve_locus   1143:        19      228        4 ->         4
diploid_resolve_locus   1144:        20      378        7 ->         9
diploid_resolve_locus   1145:        20      308        5 ->         9
diploid_resolve_locus   1146:        18      290       22 ->        26
diploid_resolve_locus   1147:        17      451       16 ->        19
diploid_resolve_locus   1148:        13       57        2 ->         2
diploid_resolve_locus   1149:         2      142        3 ->         3
diploid_resolve_locus   1150:         5       47        2 ->         2
diploid_resolve_locus   1151:         8      427       22 ->        27
diploid_resolve_locus   1152:         9      278       11 ->        19
diploid_resolve_locus   1153:         3       50        1 ->         1
diploid_resolve_locus   1154:        20      102        6 ->         7
diploid_resolve_locus   1155:        19      141        7 ->         7
diploid_resolve_locus   1156:        10      286       16 ->        20
diploid_resolve_locus   1157:        10      280       15 ->        26
diploid_resolve_locus   1158:         3       56        1 ->         1
diploid_resolve_locus   1159:        20      216        4 ->         5
diploid_resolve_locus   1160:         4      320        9 ->        10
diploid_resolve_locus   1161:        20      161        3 ->         3
diploid_resolve_locus   1162:        20      106        1 ->         1
diploid_resolve_locus   1163:         6      280       10 ->        12
diploid_resolve_locus   1164:        20      106        4 ->         4
diploid_resolve_locus   1165:        20      112        8 ->        66
diploid_resolve_locus   1166:        19      117        4 ->         4
diploid_resolve_locus   1167:        20      148        3 ->         4
diploid_resolve_locus   1168:         8      188        8 ->         8
diploid_resolve_locus   1169:         4      122        1 ->         1
diploid_resolve_locus   1170:        20      134        7 ->         7
diploid_resolve_locus   1171:        11      168        5 ->        20
diploid_resolve_locus   1172:        19       87        7 ->         8
diploid_resolve_locus   1173:         3       56        1 ->         1
diploid_resolve_locus   1174:        20      536       18 ->        57
diploid_resolve_locus   1175:        20      191       10 ->        35
diploid_resolve_locus   1176:         4      268        9 ->        12
diploid_resolve_locus   1177:        15      169        4 ->         4
diploid_resolve_locus   1178:        17      334        8 ->        11
diploid_resolve_locus   1179:        18      320       13 ->        21
diploid_resolve_locus   1180:        16      628       20 ->        45
diploid_resolve_locus   1181:         3      170        5 ->         5
diploid_resolve_locus   1182:        19      146        9 ->         9
diploid_resolve_locus   1183:        11      359       17 ->        28
diploid_resolve_locus   1184:        20      176        8 ->        17
diploid_resolve_locus   1185:         7      376        5 ->         5
diploid_resolve_locus   1186:        20      555       18 ->        29
diploid_resolve_locus   1187:        20      218        6 ->         7
diploid_resolve_locus   1188:         3      275        3 ->         3
diploid_resolve_locus   1189:        20      102        9 ->        14
diploid_resolve_locus   1190:        15      237       12 ->        21
diploid_resolve_locus   1191:        19       62        3 ->         3
diploid_resolve_locus   1192:         2      274        2 ->         2
diploid_resolve_locus   1193:         3      280        6 ->         7
diploid_resolve_locus   1194:         9      283       17 ->        18
diploid_resolve_locus   1195:        12      252        9 ->        28
diploid_resolve_locus   1196:        15      260        9 ->        12
diploid_resolve_locus   1197:        20      267        6 ->         6
diploid_resolve_locus   1198:         8      169        7 ->         8
diploid_resolve_locus   1199:        16       73        2 ->         2
diploid_resolve_locus   1200:         6      362        6 ->         6
diploid_resolve_locus   1201:        19      251        4 ->         4
diploid_resolve_locus   1202:        17      402       31 ->        50
diploid_resolve_locus   1203:        19       82        8 ->         9
diploid_resolve_locus   1204:         4      255        2 ->         2
diploid_resolve_locus   1205:        13      717       11 ->        15
diploid_resolve_locus   1206:        20      361       10 ->        32
diploid_resolve_locus   1207:        18      292       19 ->        25
diploid_resolve_locus   1208:         2      286        4 ->         4
diploid_resolve_locus   1209:         4      287        9 ->         9
diploid_resolve_locus   1210:        18      503        9 ->         9
diploid_resolve_locus   1211:         4      183        1 ->         1
diploid_resolve_locus   1212:        16       74        4 ->         4
diploid_resolve_locus   1213:         8      410       16 ->        18
diploid_resolve_locus   1214:        11      133        3 ->         3
diploid_resolve_locus   1215:         2       65        2 ->         2
diploid_resolve_locus   1216:        20       98        6 ->         9
diploid_resolve_locus   1217:        20      360        9 ->        12
diploid_resolve_locus   1218:        20      163        9 ->        20
diploid_resolve_locus   1219:         2      185        2 ->         2
diploid_resolve_locus   1220:        20      146        1 ->         1
diploid_resolve_locus   1221:        16      281       15 ->        15
diploid_resolve_locus   1222:        20      154        5 ->        11
diploid_resolve_locus   1223:        20      169        8 ->        10
diploid_resolve_locus   1224:        20      488       10 ->        15
diploid_resolve_locus   1225:        10      132        2 ->         2
diploid_resolve_locus   1226:        11      288       16 ->        18
diploid_resolve_locus   1227:        20      429       24 ->        39
diploid_resolve_locus   1228:         7      282       12 ->        15
diploid_resolve_locus   1229:         3       49        1 ->         1
diploid_resolve_locus   1230:        12      378       16 ->        22
diploid_resolve_locus   1231:         4      134        3 ->         3
diploid_resolve_locus   1232:        19      231        9 ->        20
diploid_resolve_locus   1233:         4      276        8 ->        10
diploid_resolve_locus   1234:        20       72        3 ->         3
diploid_resolve_locus   1235:        10      410       25 ->        36
diploid_resolve_locus   1236:         4      282        7 ->         8
diploid_resolve_locus   1237:        18       65        4 ->         4
diploid_resolve_locus   1238:        19       79        5 ->         5
diploid_resolve_locus   1239:        19      111        5 ->         5
diploid_resolve_locus   1240:        18      625       33 ->        73
diploid_resolve_locus   1241:         2      279        5 ->         5
diploid_resolve_locus   1242:        20       55        4 ->         4
diploid_resolve_locus   1243:        19      292       15 ->        15
diploid_resolve_locus   1244:        10      282       16 ->        16
diploid_resolve_locus   1245:         3      105        2 ->         2
diploid_resolve_locus   1246:        10      106        8 ->         8
diploid_resolve_locus   1247:         2       59        2 ->         2
diploid_resolve_locus   1248:         4      279        6 ->         6
diploid_resolve_locus   1249:         7      286       13 ->        13
diploid_resolve_locus   1250:         7       71        3 ->         3
diploid_resolve_locus   1251:         2       85        1 ->         1
diploid_resolve_locus   1252:        11      287       16 ->        17
diploid_resolve_locus   1253:        20      127        7 ->         9
diploid_resolve_locus   1254:        16      403       15 ->        15
diploid_resolve_locus   1255:         9      410       12 ->        14
diploid_resolve_locus   1256:        20      240       17 ->        73
diploid_resolve_locus   1257:        17      208        8 ->         9
diploid_resolve_locus   1258:        20      115        4 ->         5
diploid_resolve_locus   1259:        16      287       17 ->        26
diploid_resolve_locus   1260:        16      135        5 ->         7
diploid_resolve_locus   1261:         9      129        5 ->         7
diploid_resolve_locus   1262:        17       81        5 ->         5
diploid_resolve_locus   1263:        20      322       10 ->        11
diploid_resolve_locus   1264:         3       52        2 ->         2
diploid_resolve_locus   1265:        12      494       18 ->        19
diploid_resolve_locus   1266:        19      443       16 ->        74
diploid_resolve_locus   1267:         7      171        6 ->         9
diploid_resolve_locus   1268:        20      143        6 ->         6
diploid_resolve_locus   1269:        20       90        5 ->         7
diploid_resolve_locus   1270:         3      256        4 ->         5
diploid_resolve_locus   1271:        14       59        3 ->         3
diploid_resolve_locus   1272:         4      281        5 ->         5
diploid_resolve_locus   1273:        19       62        2 ->         2
diploid_resolve_locus   1274:        20      197        5 ->         7
diploid_resolve_locus   1275:         5      272        5 ->         5
diploid_resolve_locus   1276:        19      332       16 ->        23
diploid_resolve_locus   1277:         4      265        7 ->         8
diploid_resolve_locus   1278:        20      262        7 ->         8
diploid_resolve_locus   1279:        17     1174       50 ->        88
diploid_resolve_locus   1280:         5      220        8 ->         8
diploid_resolve_locus   1281:        19      217        7 ->         7
diploid_resolve_locus   1282:        17      200        8 ->        14
diploid_resolve_locus   1283:        10      307        5 ->         5
diploid_resolve_locus   1284:         3       52        1 ->         1
diploid_resolve_locus   1285:        10      131        5 ->         5
diploid_resolve_locus   1286:         6      270       15 ->        24
diploid_resolve_locus   1287:        20      150        6 ->         6
diploid_resolve_locus   1288:        20      149        9 ->        10
diploid_resolve_locus   1289:        18      572       24 ->        35
diploid_resolve_locus   1290:        12      647       16 ->        21
diploid_resolve_locus   1291:         3      280        6 ->         6
diploid_resolve_locus   1292:        20      148        6 ->         9
diploid_resolve_locus   1293:        20      216        3 ->         3
diploid_resolve_locus   1294:         9      377       14 ->        17
diploid_resolve_locus   1295:        14      435       18 ->        18
diploid_resolve_locus   1296:         8      260       11 ->        11
diploid_resolve_locus   1297:         9      200        5 ->         5
diploid_resolve_locus   1298:        17      191        8 ->         9
diploid_resolve_locus   1299:        10      279       19 ->        27
diploid_resolve_locus   1300:        10       70        5 ->         6
diploid_resolve_locus   1301:         2       58        1 ->         1
diploid_resolve_locus   1302:        13      219       13 ->        17
diploid_resolve_locus   1303:        18      373       19 ->        32
diploid_resolve_locus   1304:        15      540       22 ->        26
diploid_resolve_locus   1305:        19      189        5 ->         6
diploid_resolve_locus   1306:        20       94        6 ->         7
diploid_resolve_locus   1307:        19       75        1 ->         1
diploid_resolve_locus   1308:        20      375        7 ->         7
diploid_resolve_locus   1309:         3      281        4 ->         4
diploid_resolve_locus   1310:        20       84        7 ->         9
diploid_resolve_locus   1311:        20      125        4 ->         5
diploid_resolve_locus   1312:        20      265        7 ->         8
diploid_resolve_locus   1313:         9      413       16 ->        25
diploid_resolve_locus   1314:         7       37        1 ->         1
diploid_resolve_locus   1315:        17      217        9 ->        15
diploid_resolve_locus   1316:        11      325       13 ->        30
diploid_resolve_locus   1317:        18      174        1 ->         1
diploid_resolve_locus   1318:        20      316        7 ->         9
diploid_resolve_locus   1319:        16      146       10 ->        49
diploid_resolve_locus   1320:        13      130        6 ->        12
diploid_resolve_locus   1321:         6      282       10 ->        10
diploid_resolve_locus   1322:        16      146        9 ->         9
diploid_resolve_locus   1323:         2      230        1 ->         1
diploid_resolve_locus   1324:         6      279       12 ->        21
diploid_resolve_locus   1325:        19      452        5 ->         6
diploid_resolve_locus   1326:        18      106        4 ->         4
diploid_resolve_locus   1327:        16      195        6 ->         6
diploid_resolve_locus   1328:         5      286        9 ->         9
diploid_resolve_locus   1329:        10       97        8 ->        34
diploid_resolve_locus   1330:        20       59        2 ->         2
diploid_resolve_locus   1331:         9      468       15 ->        37
diploid_resolve_locus   1332:         2       63        1 ->         1
diploid_resolve_locus   1333:        20      302        8 ->        11
diploid_resolve_locus   1334:        15      256        6 ->       100
diploid_resolve_locus   1335:        10      259       11 ->        16
diploid_resolve_locus   1336:         2       54        1 ->         1
diploid_resolve_locus   1337:         5      275       15 ->        23
diploid_resolve_locus   1338:         4      282        7 ->         7
diploid_resolve_locus   1339:         6      420        9 ->        12
diploid_resolve_locus   1340:         7      280        8 ->         8
diploid_resolve_locus   1341:        20      256       10 ->        16
diploid_resolve_locus   1342:        17      768       36 ->        61
diploid_resolve_locus   1343:        14      134        5 ->        23
diploid_resolve_locus   1344:        18       89        2 ->         2
diploid_resolve_locus   1345:        14       78        1 ->         1
diploid_resolve_locus   1346:         4      279        7 ->         7
diploid_resolve_locus   1347:        20      102        7 ->         9
diploid_resolve_locus   1348:        18      387       12 ->        28
diploid_resolve_locus   1349:        16      122        5 ->         5
diploid_resolve_locus   1350:         3       51        1 ->         1
diploid_resolve_locus   1351:        19      453       23 ->       195
diploid_resolve_locus   1352:        17      292       26 ->        41
diploid_resolve_locus   1353:        20      438       27 ->        66
diploid_resolve_locus   1354:        20       69        3 ->         3
diploid_resolve_locus   1355:        20      102        3 ->         3
diploid_resolve_locus   1356:         2      280        3 ->         3
diploid_resolve_locus   1357:         2       47        2 ->         2
diploid_resolve_locus   1358:        19       69        4 ->         4
diploid_resolve_locus   1359:         2      279        3 ->         3
diploid_resolve_locus   1360:        20      394       21 ->       470
diploid_resolve_locus   1361:         6      275       19 ->        22
diploid_resolve_locus   1362:        19      163       12 ->        21
diploid_resolve_locus   1363:         3       43        1 ->         1
diploid_resolve_locus   1364:         3       47        1 ->         1
diploid_resolve_locus   1365:         4      379       10 ->        12
diploid_resolve_locus   1366:        18       79        6 ->        12
diploid_resolve_locus   1367:         3      283        7 ->         9
diploid_resolve_locus   1368:         7      276        6 ->         8
diploid_resolve_locus   1369:        18      123        4 ->         4
diploid_resolve_locus   1370:        14      287        8 ->        13
diploid_resolve_locus   1371:         2      160        4 ->         4
diploid_resolve_locus   1372:        19       77        1 ->         1
diploid_resolve_locus   1373:         4      278        4 ->         4
diploid_resolve_locus   1374:         9      257        9 ->        11
diploid_resolve_locus   1375:        20       94        2 ->         2
diploid_resolve_locus   1376:         8      471       20 ->        27
diploid_resolve_locus   1377:        20      130        4 ->         4
diploid_resolve_locus   1378:        19      208        9 ->        11
diploid_resolve_locus   1379:         4      265        4 ->         4
diploid_resolve_locus   1380:        16       53        3 ->         3
diploid_resolve_locus   1381:        14       84        6 ->         6
diploid_resolve_locus   1382:        10      377        9 ->        15
diploid_resolve_locus   1383:        18      193        6 ->         6
diploid_resolve_locus   1384:         3      277        4 ->         4
diploid_resolve_locus   1385:        20      156        5 ->        26
diploid_resolve_locus   1386:         3       69        1 ->         1
diploid_resolve_locus   1387:        20      292       17 ->        17
diploid_resolve_locus   1388:        19      150        2 ->         2
diploid_resolve_locus   1389:        20       89        4 ->         5
diploid_resolve_locus   1390:        20      358       11 ->        14
diploid_resolve_locus   1391:         2      200        2 ->         2
diploid_resolve_locus   1392:         4       41        1 ->         1
diploid_resolve_locus   1393:         2      200        1 ->         1
diploid_resolve_locus   1394:        10      292       12 ->        12
diploid_resolve_locus   1395:         5      221        5 ->         6
diploid_resolve_locus   1396:        16      249       12 ->        15
diploid_resolve_locus   1397:        13      270       20 ->        32
diploid_resolve_locus   1398:        20      152        3 ->         3
diploid_resolve_locus   1399:         2      223        3 ->         3
diploid_resolve_locus   1400:        12      286       14 ->        15
diploid_resolve_locus   1401:        17      216       16 ->        17
diploid_resolve_locus   1402:        20      342       17 ->        29
diploid_resolve_locus   1403:        13      151        3 ->         3
diploid_resolve_locus   1404:        14      249       14 ->        17
diploid_resolve_locus   1405:        20      133        4 ->         4
diploid_resolve_locus   1406:         2       68        2 ->         2
diploid_resolve_locus   1407:         6      265       11 ->        12
diploid_resolve_locus   1408:        20      260        7 ->         8
diploid_resolve_locus   1409:        19      217        3 ->         3
diploid_resolve_locus   1410:        20      550       11 ->        11
diploid_resolve_locus   1411:        20      277        6 ->         6
diploid_resolve_locus   1412:        19      640       21 ->        39
diploid_resolve_locus   1413:         4      164        1 ->         1
diploid_resolve_locus   1414:        17      288       18 ->        22
diploid_resolve_locus   1415:        19      393        9 ->        13
diploid_resolve_locus   1416:         6      482        9 ->         9
diploid_resolve_locus   1417:        12      414       14 ->        16
diploid_resolve_locus   1418:        11      153        4 ->         4
diploid_resolve_locus   1419:        19      226       10 ->        10
diploid_resolve_locus   1420:         9      188        4 ->         4
diploid_resolve_locus   1421:         3       93        3 ->         3
diploid_resolve_locus   1422:        12       72        4 ->         4
diploid_resolve_locus   1423:        18      356        8 ->         9
diploid_resolve_locus   1424:        20      148        6 ->         6
diploid_resolve_locus   1425:        18      195       12 ->        46
diploid_resolve_locus   1426:        19       72        2 ->         2
diploid_resolve_locus   1427:         4      213        3 ->         3
diploid_resolve_locus   1428:         6      104        2 ->         2
diploid_resolve_locus   1429:        15      377       13 ->        16
diploid_resolve_locus   1430:         3      539        4 ->         4
diploid_resolve_locus   1431:         3      204        4 ->         4
diploid_resolve_locus   1432:        20       47        4 ->         4
diploid_resolve_locus   1433:         3       46        2 ->         2
diploid_resolve_locus   1434:         2      208        4 ->         4
diploid_resolve_locus   1435:         2      234        9 ->        15
diploid_resolve_locus   1436:         6      255       10 ->        13
diploid_resolve_locus   1437:        10       58        2 ->         2
diploid_resolve_locus   1438:        18      188        2 ->         2
diploid_resolve_locus   1439:        18      419       10 ->       267
diploid_resolve_locus   1440:        11      154        4 ->         4
diploid_resolve_locus   1441:         3      263        6 ->         8
diploid_resolve_locus   1442:         5      422        8 ->         8
diploid_resolve_locus   1443:        20      279        7 ->         9
diploid_resolve_locus   1444:        10       74        3 ->         3
diploid_resolve_locus   1445:        20       75        2 ->         2
diploid_resolve_locus   1446:        18      118       12 ->        20
diploid_resolve_locus   1447:         2      351        5 ->         7
diploid_resolve_locus   1448:         3      284        3 ->         3
diploid_resolve_locus   1449:        15      240        9 ->        12
diploid_resolve_locus   1450:        19       50        5 ->         5
diploid_resolve_locus   1451:        19      110        5 ->         5
diploid_resolve_locus   1452:        17      548       14 ->        15
diploid_resolve_locus   1453:         3      278        5 ->         5
diploid_resolve_locus   1454:         3      278        6 ->         6
diploid_resolve_locus   1455:        20      143        4 ->         4
diploid_resolve_locus   1456:         2       62        5 ->         6
diploid_resolve_locus   1457:        14       85        1 ->         1
diploid_resolve_locus   1458:        19      203        6 ->         6
diploid_resolve_locus   1459:        15      239        5 ->         5
diploid_resolve_locus   1460:        20      191        8 ->        22
diploid_resolve_locus   1461:        20      221        6 ->         8
diploid_resolve_locus   1462:        16      216        5 ->         5
diploid_resolve_locus   1463:        20       74        3 ->         3
diploid_resolve_locus   1464:         7       70        2 ->         2
diploid_resolve_locus   1465:        20      187        9 ->        29
diploid_resolve_locus   1466:         2      280        5 ->         6
diploid_resolve_locus   1467:        12      139        6 ->         7
diploid_resolve_locus   1468:        11      248        6 ->         6
diploid_resolve_locus   1469:        18      111        5 ->         5
diploid_resolve_locus   1470:         3      172        2 ->         2
diploid_resolve_locus   1471:        10      267       15 ->        27
diploid_resolve_locus   1472:        19      683       24 ->        29
diploid_resolve_locus   1473:        14      205        8 ->        10
diploid_resolve_locus   1474:         7      266       15 ->        33
diploid_resolve_locus   1475:        19      231        8 ->        78
diploid_resolve_locus   1476:         8      179        2 ->         2
diploid_resolve_locus   1477:         5       78        1 ->         1
diploid_resolve_locus   1478:        12      185        4 ->         4
diploid_resolve_locus   1479:        11      295       10 ->        10
diploid_resolve_locus   1480:         2      280        4 ->         4
diploid_resolve_locus   1481:         3      102        1 ->         1
diploid_resolve_locus   1482:        19      564       14 ->        14
diploid_resolve_locus   1483:         7      111        2 ->         2
diploid_resolve_locus   1484:        19      152        2 ->         2
diploid_resolve_locus   1485:        19      191       10 ->        15
diploid_resolve_locus   1486:         7      348        3 ->         3
diploid_resolve_locus   1487:        20      147        2 ->        65
diploid_resolve_locus   1488:         3      273        6 ->         6
diploid_resolve_locus   1489:         8      223       16 ->        30
diploid_resolve_locus   1490:         7      534       18 ->        32
diploid_resolve_locus   1491:        20      374       12 ->        18
diploid_resolve_locus   1492:        18      393       23 ->        25
diploid_resolve_locus   1493:        20      212        8 ->        12
diploid_resolve_locus   1494:         2      179        5 ->         6
diploid_resolve_locus   1495:        19      462        8 ->        10
diploid_resolve_locus   1496:        20       85        4 ->         4
diploid_resolve_locus   1497:        16      200        4 ->         6
diploid_resolve_locus   1498:         3      474       10 ->        14
diploid_resolve_locus   1499:        20      233        4 ->         5
diploid_resolve_locus   1500:        16      628       29 ->        35
diploid_resolve_locus   1501:        17      199       16 ->        20
diploid_resolve_locus   1502:         4      177        6 ->        12
diploid_resolve_locus   1503:         2       56        1 ->         1
diploid_resolve_locus   1504:        19       81        3 ->         3
diploid_resolve_locus   1505:        13      355       13 ->        41
diploid_resolve_locus   1506:        11      419        7 ->         7
diploid_resolve_locus   1507:         5       54        2 ->         2
diploid_resolve_locus   1508:         4      412       11 ->        12
diploid_resolve_locus   1509:        14      256        8 ->         8
diploid_resolve_locus   1510:         2      274        4 ->         4
diploid_resolve_locus   1511:        20      194        3 ->         3
diploid_resolve_locus   1512:        13      122        6 ->         6
diploid_resolve_locus   1513:         2       51        2 ->         2
diploid_resolve_locus   1514:         2      279        4 ->         4
diploid_resolve_locus   1515:        12      355        4 ->         5
diploid_resolve_locus   1516:        15      247       11 ->        14
diploid_resolve_locus   1517:        20      496        8 ->         8
diploid_resolve_locus   1518:         2       56        1 ->         1
diploid_resolve_locus   1519:         3      150        1 ->         1
diploid_resolve_locus   1520:        19       53        2 ->         2
diploid_resolve_locus   1521:         3      275        9 ->        11
diploid_resolve_locus   1522:        20      182       10 ->        15
diploid_resolve_locus   1523:         4       56        5 ->         6
diploid_resolve_locus   1524:        18      476       12 ->        13
diploid_resolve_locus   1525:        14      534       21 ->        57
diploid_resolve_locus   1526:        20      211        9 ->        15
diploid_resolve_locus   1527:        18       51        1 ->         1
diploid_resolve_locus   1528:        10      271        7 ->         7
diploid_resolve_locus   1529:        20      485       22 ->        32
diploid_resolve_locus   1530:         2      236        5 ->         5
diploid_resolve_locus   1531:         8      279       17 ->        18
diploid_resolve_locus   1532:         2      279        5 ->         5
diploid_resolve_locus   1533:        11      145        4 ->         4
diploid_resolve_locus   1534:         5      248        8 ->         9
diploid_resolve_locus   1535:        14      286       15 ->        16
diploid_resolve_locus   1536:         3      280        5 ->         5
diploid_resolve_locus   1537:         2      173        1 ->         1
diploid_resolve_locus   1538:         4      286       13 ->        44
diploid_resolve_locus   1539:         2      348        5 ->         5
diploid_resolve_locus   1540:        20      573       21 ->        24
diploid_resolve_locus   1541:        20       74        2 ->         2
diploid_resolve_locus   1542:         2      279        4 ->         5
diploid_resolve_locus   1543:        18      257       15 ->        16
diploid_resolve_locus   1544:         3      281        3 ->         3
diploid_resolve_locus   1545:         2      280        6 ->         6
diploid_resolve_locus   1546:         5      233        7 ->         9
diploid_resolve_locus   1547:        17      291       22 ->        27
diploid_resolve_locus   1548:         7      330       11 ->        12
diploid_resolve_locus   1549:        10       59        5 ->         5
diploid_resolve_locus   1550:        20       89        2 ->         2
diploid_resolve_locus   1551:        12      154        3 ->         3
diploid_resolve_locus   1552:         4      150        2 ->         2
diploid_resolve_locus   1553:        15       81        3 ->         3
diploid_resolve_locus   1554:         3      281        4 ->         4
diploid_resolve_locus   1555:        18      111        2 ->         2
diploid_resolve_locus   1556:        12      349       12 ->        13
diploid_resolve_locus   1557:         6      281       11 ->        11
diploid_resolve_locus   1558:        13      366        7 ->         7
diploid_resolve_locus   1559:         5       83        3 ->         4
diploid_resolve_locus   1560:         2      282        3 ->         3
diploid_resolve_locus   1561:         2      276        5 ->         6
diploid_resolve_locus   1562:        20      119        5 ->         9
diploid_resolve_locus   1563:         3      173        4 ->         4
diploid_resolve_locus   1564:         9      178       12 ->        24
diploid_resolve_locus   1565:         5       44        2 ->         2
diploid_resolve_locus   1566:        18      138        6 ->        12
diploid_resolve_locus   1567:         6      127        3 ->         3
diploid_resolve_locus   1568:        19      124        8 ->        10
diploid_resolve_locus   1569:         3      283        7 ->         7
diploid_resolve_locus   1570:        15      226        5 ->         5
diploid_resolve_locus   1571:        14      243       13 ->        14
diploid_resolve_locus   1572:         3      279        5 ->         5
diploid_resolve_locus   1573:        13       61        2 ->         3
diploid_resolve_locus   1574:         4       65        3 ->         3
diploid_resolve_locus   1575:         3      281        7 ->         8
diploid_resolve_locus   1576:        10      102        2 ->         2
diploid_resolve_locus   1577:         5      282       16 ->        19
diploid_resolve_locus   1578:         2      178        2 ->         2
diploid_resolve_locus   1579:         6      406       14 ->        28
diploid_resolve_locus   1580:         2       56        1 ->         1
diploid_resolve_locus   1581:        14      133        3 ->         3
diploid_resolve_locus   1582:        19      172        4 ->         5
diploid_resolve_locus   1583:         9      361       16 ->        18
diploid_resolve_locus   1584:        18      292       19 ->        20
diploid_resolve_locus   1585:        11      280       11 ->        16
diploid_resolve_locus   1586:        20       72        3 ->         3
diploid_resolve_locus   1587:        18      201        6 ->         6
diploid_resolve_locus   1588:        16      164        6 ->         8
diploid_resolve_locus   1589:         2      280        4 ->         4
diploid_resolve_locus   1590:        14      282       20 ->        36
diploid_resolve_locus   1591:        13      225        5 ->         7
diploid_resolve_locus   1592:        20      175       13 ->        25
diploid_resolve_locus   1593:        20      132        5 ->         5
diploid_resolve_locus   1594:        10      282       14 ->        17
diploid_resolve_locus   1595:        19      322       12 ->        33
diploid_resolve_locus   1596:         7      280       17 ->        17
diploid_resolve_locus   1597:         4      285        5 ->         5
diploid_resolve_locus   1598:        17      823       23 ->        24
diploid_resolve_locus   1599:        19       65        8 ->         9
diploid_resolve_locus   1600:        17       56        2 ->         2
diploid_resolve_locus   1601:         4      238        7 ->         7
diploid_resolve_locus   1602:        20      257       13 ->        15
diploid_resolve_locus   1603:        15      164        4 ->         4
diploid_resolve_locus   1604:        17      145       12 ->        30
diploid_resolve_locus   1605:        18      227       10 ->        10
diploid_resolve_locus   1606:         2       59        2 ->         2
diploid_resolve_locus   1607:         8      151        6 ->         7
diploid_resolve_locus   1608:         4      282        7 ->         7
diploid_resolve_locus   1609:        20       75        2 ->         2
diploid_resolve_locus   1610:         2      288        8 ->         9
diploid_resolve_locus   1611:         7      280       10 ->        13
diploid_resolve_locus   1612:        20      272        6 ->        11
diploid_resolve_locus   1613:        14      372       11 ->        11
diploid_resolve_locus   1614:        15       94        8 ->        12
diploid_resolve_locus   1615:         3       46        1 ->         1
diploid_resolve_locus   1616:         5      234        4 ->         4
diploid_resolve_locus   1617:        20      248       11 ->        12
diploid_resolve_locus   1618:        10      222        6 ->         6
diploid_resolve_locus   1619:         4       65        1 ->         1
diploid_resolve_locus   1620:         7      280        8 ->         8
diploid_resolve_locus   1621:         2       86        3 ->         4
diploid_resolve_locus   1622:         4      277        6 ->         6
diploid_resolve_locus   1623:         8      222        9 ->        20
diploid_resolve_locus   1624:        20      147        5 ->         5
diploid_resolve_locus   1625:         2      381        4 ->         4
diploid_resolve_locus   1626:        20       63        4 ->         4
diploid_resolve_locus   1627:        18      196        6 ->         7
diploid_resolve_locus   1628:        16      468       33 ->        48
diploid_resolve_locus   1629:         6      254        6 ->         6
diploid_resolve_locus   1630:         6      285       16 ->        17
diploid_resolve_locus   1631:         9      180        4 ->         4
diploid_resolve_locus   1632:         2      276        3 ->         3
diploid_resolve_locus   1633:        20      142        4 ->         4
diploid_resolve_locus   1634:        20      150        3 ->         3
diploid_resolve_locus   1635:        20      182        6 ->         9
diploid_resolve_locus   1636:        18      139        8 ->        27
diploid_resolve_locus   1637:        15      105        6 ->         7
diploid_resolve_locus   1638:         8      283       14 ->        22
diploid_resolve_locus   1639:        16       46        5 ->         5
diploid_resolve_locus   1640:        20      454       13 ->        14
diploid_resolve_locus   1641:         2      143        1 ->         1
diploid_resolve_locus   1642:        18      258       12 ->        12
diploid_resolve_locus   1643:        15       65        5 ->         7
diploid_resolve_locus   1644:        19       58        3 ->         3
diploid_resolve_locus   1645:         4      161        1 ->         1
diploid_resolve_locus   1646:        20      140        5 ->         5
diploid_resolve_locus   1647:        20      177        8 ->        16
diploid_resolve_locus   1648:         4      116        8 ->         9
diploid_resolve_locus   1649:         3      280        8 ->         9
diploid_resolve_locus   1650:         3      277        5 ->         5
diploid_resolve_locus   1651:        20      116        5 ->         6
diploid_resolve_locus   1652:         2      286        2 ->         2
diploid_resolve_locus   1653:         5      172        1 ->         1
diploid_resolve_locus   1654:         6      274        9 ->         9
diploid_resolve_locus   1655:         2      138        3 ->         3
diploid_resolve_locus   1656:         4       60        3 ->         3
diploid_resolve_locus   1657:        17      212       10 ->        11
diploid_resolve_locus   1658:        20      182        4 ->         6
diploid_resolve_locus   1659:        13      270        8 ->         8
diploid_resolve_locus   1660:         3      280        6 ->         7
diploid_resolve_locus   1661:         3      505        7 ->        11
diploid_resolve_locus   1662:        13      283       15 ->        17
diploid_resolve_locus   1663:        17      268       19 ->        28
diploid_resolve_locus   1664:         2      277        8 ->        11
diploid_resolve_locus   1665:         8      277       11 ->        13
diploid_resolve_locus   1666:         2      282        3 ->         3
diploid_resolve_locus   1667:        11      385        8 ->        10
diploid_resolve_locus   1668:        20      334       11 ->        17
diploid_resolve_locus   1669:         6      103        2 ->         2
diploid_resolve_locus   1670:        16      116        4 ->         4
diploid_resolve_locus   1671:         2      195        4 ->         4
diploid_resolve_locus   1672:        20       53        2 ->         2
diploid_resolve_locus   1673:        20       71        2 ->         2
diploid_resolve_locus   1674:        20      388       11 ->        14
diploid_resolve_locus   1675:         4       80        7 ->         7
diploid_resolve_locus   1676:         8      280       13 ->        13
diploid_resolve_locus   1677:        20      108        2 ->         2
diploid_resolve_locus   1678:        16      142        3 ->         3
diploid_resolve_locus   1679:        20       88        2 ->         2
diploid_resolve_locus   1680:        19      312        6 ->         6
diploid_resolve_locus   1681:         5      170        2 ->         2
diploid_resolve_locus   1682:        15      104        3 ->         3
diploid_resolve_locus   1683:        10      329       15 ->        21
diploid_resolve_locus   1684:        20      169        4 ->         5
diploid_resolve_locus   1685:        14      202        9 ->        11
diploid_resolve_locus   1686:        16       87        4 ->         5
diploid_resolve_locus   1687:        20      132        2 ->         2
diploid_resolve_locus   1688:        20      196        8 ->        45
diploid_resolve_locus   1689:         3      281        5 ->         5
diploid_resolve_locus   1690:         7      283       12 ->        12
diploid_resolve_locus   1691:        20      259        7 ->         8
diploid_resolve_locus   1692:        20      386       11 ->        14
diploid_resolve_locus   1693:         4      274        7 ->         7
diploid_resolve_locus   1694:        13      108        4 ->         4
diploid_resolve_locus   1695:        20       96        5 ->        10
diploid_resolve_locus   1696:         8      362        9 ->        10
diploid_resolve_locus   1697:         5      102        2 ->         2
diploid_resolve_locus   1698:         2      280        6 ->         7
diploid_resolve_locus   1699:        16      441       15 ->       110
diploid_resolve_locus   1700:         5      282       12 ->        15
diploid_resolve_locus   1701:        13      251       12 ->        14
diploid_resolve_locus   1702:        20      204        5 ->         9
diploid_resolve_locus   1703:         2      272        4 ->         4
diploid_resolve_locus   1704:        13      292       20 ->        20
diploid_resolve_locus   1705:        20      162        6 ->        13
diploid_resolve_locus   1706:        16       55        3 ->         3
diploid_resolve_locus   1707:         4      279        8 ->         8
diploid_resolve_locus   1708:        15       52        5 ->         5
diploid_resolve_locus   1709:        20      113        2 ->         2
diploid_resolve_locus   1710:        19      120        9 ->        12
diploid_resolve_locus   1711:        10      422        9 ->        13
diploid_resolve_locus   1712:         2      274        4 ->         4
diploid_resolve_locus   1713:         2      197        3 ->         3
diploid_resolve_locus   1714:         8       80        2 ->         2
diploid_resolve_locus   1715:        19      148        4 ->         4
diploid_resolve_locus   1716:        15      282        7 ->         8
diploid_resolve_locus   1717:         7      283       16 ->        22
diploid_resolve_locus   1718:        15       98        6 ->         7
diploid_resolve_locus   1719:        16      190        4 ->         4
diploid_resolve_locus   1720:         2      278        7 ->         8
diploid_resolve_locus   1721:         7      279       16 ->        23
diploid_resolve_locus   1722:        12      354        9 ->        17
diploid_resolve_locus   1723:        20      185        4 ->         4
diploid_resolve_locus   1724:         3      221        3 ->         3
diploid_resolve_locus   1725:        15      122        2 ->         2
diploid_resolve_locus   1726:        15      562       22 ->        27
diploid_resolve_locus   1727:        20      271       13 ->        19
diploid_resolve_locus   1728:        20      106        4 ->         4
diploid_resolve_locus   1729:        18      131        5 ->         5
diploid_resolve_locus   1730:         2      279        4 ->         6
diploid_resolve_locus   1731:         3      100        5 ->         5
diploid_resolve_locus   1732:        12      170        8 ->         9
diploid_resolve_locus   1733:         3      119        1 ->         1
diploid_resolve_locus   1734:        17      234        4 ->         5
diploid_resolve_locus   1735:         4      278        7 ->         7
diploid_resolve_locus   1736:        19      523       21 ->        24
diploid_resolve_locus   1737:         7      108        1 ->         1
diploid_resolve_locus   1738:        10      456       16 ->        16
diploid_resolve_locus   1739:         6      135        2 ->         2
diploid_resolve_locus   1740:        20      147        1 ->         1
diploid_resolve_locus   1741:        20      483       18 ->        31
diploid_resolve_locus   1742:         3      282        6 ->         6
diploid_resolve_locus   1743:        20      214        7 ->         8
diploid_resolve_locus   1744:        19      416       12 ->        15
diploid_resolve_locus   1745:         8      258        9 ->        14
diploid_resolve_locus   1746:        16       82        1 ->         1
diploid_resolve_locus   1747:        16      167        7 ->         8
diploid_resolve_locus   1748:        18      155        5 ->         5
diploid_resolve_locus   1749:         2       98        1 ->         1
diploid_resolve_locus   1750:         8      281       18 ->        26
diploid_resolve_locus   1751:        20       78        5 ->         6
diploid_resolve_locus   1752:        19      142        6 ->         6
diploid_resolve_locus   1753:        20      309       14 ->        24
diploid_resolve_locus   1754:         8      286       12 ->        12
diploid_resolve_locus   1755:         3       50        1 ->         1
diploid_resolve_locus   1756:        13      254        6 ->         6
diploid_resolve_locus   1757:        18      374       15 ->        33
diploid_resolve_locus   1758:        20      448       15 ->        15
diploid_resolve_locus   1759:        17      149        2 ->         2
diploid_resolve_locus   1760:        20      257        8 ->         8
diploid_resolve_locus   1761:        20      162        8 ->        16
diploid_resolve_locus   1762:        19       63        2 ->         2
diploid_resolve_locus   1763:        20      138        7 ->        19
diploid_resolve_locus   1764:         2      146        1 ->         1
diploid_resolve_locus   1765:        16      145        6 ->         6
diploid_resolve_locus   1766:         5      168        1 ->         1
diploid_resolve_locus   1767:         7      190        3 ->         3
diploid_resolve_locus   1768:        10      107        4 ->         4
diploid_resolve_locus   1769:         4       54        3 ->         3
diploid_resolve_locus   1770:        19      194        5 ->         5
diploid_resolve_locus   1771:        15      188        3 ->         3
diploid_resolve_locus   1772:         2      282        5 ->         5
diploid_resolve_locus   1773:         3      149        2 ->         2
diploid_resolve_locus   1774:         5       84        2 ->         2
diploid_resolve_locus   1775:        20      144        5 ->         5
diploid_resolve_locus   1776:        10      286        9 ->         9
diploid_resolve_locus   1777:        20      114        2 ->         2
diploid_resolve_locus   1778:        20      326        7 ->         7
diploid_resolve_locus   1779:        19      209        9 ->        10
diploid_resolve_locus   1780:         8      282       13 ->        14
diploid_resolve_locus   1781:        17       72        2 ->         2
diploid_resolve_locus   1782:        20      185        5 ->         6
diploid_resolve_locus   1783:         7      281       13 ->        15
diploid_resolve_locus   1784:        20      194        5 ->         7
diploid_resolve_locus   1785:        20      675       24 ->        36
diploid_resolve_locus   1786:         2      275        4 ->         4
diploid_resolve_locus   1787:         5      281       10 ->        12
diploid_resolve_locus   1788:        20      374       10 ->        16
diploid_resolve_locus   1789:        16       91        3 ->         3
diploid_resolve_locus   1790:        13      742       36 ->        74
diploid_resolve_locus   1791:        20      149        2 ->         2
diploid_resolve_locus   1792:         6      275        7 ->         7
diploid_resolve_locus   1793:        13       81        6 ->         9
diploid_resolve_locus   1794:         7      232       10 ->        14
diploid_resolve_locus   1795:        20      109        1 ->         1
diploid_resolve_locus   1796:        11      539       20 ->        29
diploid_resolve_locus   1797:         9      171        5 ->         5
diploid_resolve_locus   1798:        18      836       23 ->        24
diploid_resolve_locus   1799:        10       61        3 ->         3
diploid_resolve_locus   1800:        17      379       26 ->        27
diploid_resolve_locus   1801:         3      147        1 ->         1
diploid_resolve_locus   1802:         2      281        2 ->         2
diploid_resolve_locus   1803:         8      233        7 ->        10
diploid_resolve_locus   1804:         8      121        1 ->         1
diploid_resolve_locus   1805:        16       88        2 ->         2
diploid_resolve_locus   1806:        20      228       15 ->       143
diploid_resolve_locus   1807:         2       50        1 ->         1
diploid_resolve_locus   1808:        19      259        5 ->         6
diploid_resolve_locus   1809:         2       46        1 ->         1
diploid_resolve_locus   1810:         4      392       10 ->        11
diploid_resolve_locus   1811:        10      109        3 ->         3
diploid_resolve_locus   1812:         2       57        2 ->         2
diploid_resolve_locus   1813:         2      281        3 ->         3
diploid_resolve_locus   1814:        17       77        4 ->         5
diploid_resolve_locus   1815:        18      145       10 ->       138
diploid_resolve_locus   1816:        20      168        5 ->         9
diploid_resolve_locus   1817:        20      230        7 ->        10
diploid_resolve_locus   1818:        19      143        8 ->        13
diploid_resolve_locus   1819:        20      180        4 ->         5
diploid_resolve_locus   1820:         2       53        1 ->         1
diploid_resolve_locus   1821:        19       57        2 ->         2
diploid_resolve_locus   1822:         7       70        4 ->         4
diploid_resolve_locus   1823:         2      255        6 ->         7
diploid_resolve_locus   1824:        19      292       14 ->        14
diploid_resolve_locus   1825:         4      281        8 ->         8
diploid_resolve_locus   1826:        18      158        8 ->         9
diploid_resolve_locus   1827:         2      359        4 ->         4
diploid_resolve_locus   1828:        19       83        5 ->        16
diploid_resolve_locus   1829:        20      223        5 ->         5
diploid_resolve_locus   1830:        19      790       22 ->        23
diploid_resolve_locus   1831:         3      114        3 ->         3
diploid_resolve_locus   1832:        10      158        4 ->         4
diploid_resolve_locus   1833:        20      281        4 ->         4
diploid_resolve_locus   1834:        17      207        9 ->        24
diploid_resolve_locus   1835:        18      633       16 ->        19
diploid_resolve_locus   1836:         2       85        1 ->         1
diploid_resolve_locus   1837:        13      272       11 ->        13
diploid_resolve_locus   1838:        13      270       11 ->        13
diploid_resolve_locus   1839:        20      251       12 ->        16
diploid_resolve_locus   1840:        20      104        2 ->         2
diploid_resolve_locus   1841:         3       60        1 ->         1
diploid_resolve_locus   1842:        18      122        3 ->         3
diploid_resolve_locus   1843:         7      285       17 ->        24
diploid_resolve_locus   1844:         2      277        6 ->         7
diploid_resolve_locus   1845:         2      282        5 ->         5
diploid_resolve_locus   1846:         4      359        5 ->         5
diploid_resolve_locus   1847:        20      114        2 ->         2
diploid_resolve_locus   1848:        16      335       10 ->        11
diploid_resolve_locus   1849:        15       66        3 ->         3
diploid_resolve_locus   1850:        14       90        2 ->         2
diploid_resolve_locus   1851:         5      291        5 ->         5
diploid_resolve_locus   1852:        20      106        1 ->         1
diploid_resolve_locus   1853:        20      266        6 ->         9
diploid_resolve_locus   1854:         8      282       18 ->        33
diploid_resolve_locus   1855:        20      149        4 ->         4
diploid_resolve_locus   1856:        19      221        8 ->         9
diploid_resolve_locus   1857:        18       59        4 ->         4
diploid_resolve_locus   1858:        12      281       22 ->        24
diploid_resolve_locus   1859:        12      208        4 ->         4
diploid_resolve_locus   1860:         7      139        1 ->         1
diploid_resolve_locus   1861:        16      531       21 ->        61
diploid_resolve_locus   1862:         2      267        5 ->         5
diploid_resolve_locus   1863:         5       72        1 ->         1
diploid_resolve_locus   1864:        11      381       17 ->        43
diploid_resolve_locus   1865:         5      283        8 ->         9
diploid_resolve_locus   1866:        12      496       32 ->        73
diploid_resolve_locus   1867:        16      209       18 ->        28
diploid_resolve_locus   1868:        11      269       24 ->        25
diploid_resolve_locus   1869:        20      146        3 ->         3
diploid_resolve_locus   1870:        17      100        5 ->         6
diploid_resolve_locus   1871:         8      124        4 ->         4
diploid_resolve_locus   1872:        11      132       17 ->        46
diploid_resolve_locus   1873:        20      193        7 ->         8
diploid_resolve_locus   1874:         2      134        3 ->         3
diploid_resolve_locus   1875:        15      282       14 ->        14
diploid_resolve_locus   1876:        16      676       26 ->        27
diploid_resolve_locus   1877:        19      146        9 ->         9
diploid_resolve_locus   1878:        20      163        1 ->         1
diploid_resolve_locus   1879:         9      239        8 ->         8
diploid_resolve_locus   1880:        18      399       31 ->        51
diploid_resolve_locus   1881:        14       58        4 ->         4
diploid_resolve_locus   1882:         8      282       10 ->        10
diploid_resolve_locus   1883:        15      387       22 ->        40
diploid_resolve_locus   1884:         4      212        5 ->         5
diploid_resolve_locus   1885:        19      735       30 ->        52
diploid_resolve_locus   1886:        17      660       26 ->        30
diploid_resolve_locus   1887:        17      214        7 ->         7
diploid_resolve_locus   1888:        12      101        3 ->         3
diploid_resolve_locus   1889:         2      284        4 ->         4
diploid_resolve_locus   1890:        20       62        2 ->         2
diploid_resolve_locus   1891:        20      271        2 ->         2
diploid_resolve_locus   1892:        20      172        4 ->         4
diploid_resolve_locus   1893:         3      218        8 ->         8
diploid_resolve_locus   1894:        20      229        8 ->        13
diploid_resolve_locus   1895:        20       66        4 ->         4
diploid_resolve_locus   1896:        20      115        6 ->        13
diploid_resolve_locus   1897:        20       87        3 ->         3
diploid_resolve_locus   1898:         7      166        4 ->         4
diploid_resolve_locus   1899:        20      151        4 ->         5
diploid_resolve_locus   1900:         2       89        1 ->         1
diploid_resolve_locus   1901:         8      282       16 ->        23
diploid_resolve_locus   1902:         2      265        6 ->         9
diploid_resolve_locus   1903:         2      208        8 ->        11
diploid_resolve_locus   1904:         4       44        2 ->         2
diploid_resolve_locus   1905:        20      700       18 ->        24
diploid_resolve_locus   1906:        12       68        3 ->         3
diploid_resolve_locus   1907:        19      217        6 ->         6
diploid_resolve_locus   1908:        18      239       15 ->        18
diploid_resolve_locus   1909:        16      234        3 ->         3
diploid_resolve_locus   1910:         4       63        2 ->         2
diploid_resolve_locus   1911:        10      283       16 ->        16
diploid_resolve_locus   1912:        20      199        7 ->        10
diploid_resolve_locus   1913:         8      445       21 ->        39
diploid_resolve_locus   1914:        20      276       11 ->        13
diploid_resolve_locus   1915:        16      110        5 ->         6
diploid_resolve_locus   1916:        19      111        2 ->         2
diploid_resolve_locus   1917:         2      279        3 ->         3
diploid_resolve_locus   1918:        12      219        3 ->         3
diploid_resolve_locus   1919:         5      231        8 ->         8
diploid_resolve_locus   1920:         7      287        9 ->         9
diploid_resolve_locus   1921:        19      234        7 ->         8
diploid_resolve_locus   1922:        20      148        8 ->        10
diploid_resolve_locus   1923:        16      292       15 ->        15
diploid_resolve_locus   1924:        12      130        3 ->         3
diploid_resolve_locus   1925:         7      357        8 ->         9
diploid_resolve_locus   1926:         7      249        7 ->         7
diploid_resolve_locus   1927:         9      277       15 ->        19
diploid_resolve_locus   1928:         9      282       14 ->        15
diploid_resolve_locus   1929:        17       80        2 ->         2
diploid_resolve_locus   1930:        20      146        5 ->        11
diploid_resolve_locus   1931:        20      292       18 ->        22
diploid_resolve_locus   1932:        20      194        4 ->         4
diploid_resolve_locus   1933:        11      174        8 ->         8
diploid_resolve_locus   1934:        15      320        7 ->         9
diploid_resolve_locus   1935:         4      283        5 ->         5
diploid_resolve_locus   1936:        17      193        5 ->         5
diploid_resolve_locus   1937:        20      298        7 ->         8
diploid_resolve_locus   1938:         2      170        1 ->         1
diploid_resolve_locus   1939:        19      253        7 ->         7
diploid_resolve_locus   1940:        13      224        7 ->         7
diploid_resolve_locus   1941:        16      197       21 ->        31
diploid_resolve_locus   1942:        20       98        3 ->         3
diploid_resolve_locus   1943:         5      443        5 ->         5
ajan_BABY6724 -> ajan (diploid=1)
ajan_DW655 -> ajan (diploid=1)
ajan_DW663 -> ajan (diploid=1)
ajan_esa36 -> ajan (diploid=1)
ajan_wdb38 -> ajan (diploid=1)
ajan_ODP48916 -> ajan (diploid=1)
ajancf_SLM01 -> ajan (diploid=1)
ajancf_SLM05 -> ajan (diploid=1)
ajancf_SLM10 -> ajan (diploid=1)
alas_BABY422 -> alas (diploid=1)
alas_BABY4577 -> alas (diploid=1)
alas_BABY6558 -> alas (diploid=1)
alas_DW641 -> alas (diploid=1)
alas_DW646 -> alas (diploid=1)
alas_ODP43138 -> alas (diploid=1)
alas_ODP7414 -> alas (diploid=1)
alas_ODP7415 -> alas (diploid=1)
alas_ODP7424 -> alas (diploid=1)
alas_ODP7429 -> alas (diploid=1)
alas_ODP7432 -> alas (diploid=1)


ajan_BABY6724.1 -> ajan (diploid=1)
ajan_BABY6724.2 -> ajan (diploid=1)
ajan_DW655.1 -> ajan (diploid=1)
ajan_DW655.2 -> ajan (diploid=1)
ajan_DW663.1 -> ajan (diploid=1)
ajan_DW663.2 -> ajan (diploid=1)
ajan_esa36.1 -> ajan (diploid=1)
ajan_esa36.2 -> ajan (diploid=1)
ajan_wdb38.1 -> ajan (diploid=1)
ajan_wdb38.2 -> ajan (diploid=1)
ajan_ODP48916.1 -> ajan (diploid=1)
ajan_ODP48916.2 -> ajan (diploid=1)
ajancf_SLM01.1 -> ajan (diploid=1)
ajancf_SLM01.2 -> ajan (diploid=1)
ajancf_SLM05.1 -> ajan (diploid=1)
ajancf_SLM05.2 -> ajan (diploid=1)
ajancf_SLM10.1 -> ajan (diploid=1)
ajancf_SLM10.2 -> ajan (diploid=1)
alas_BABY422.1 -> alas (diploid=1)
alas_BABY422.2 -> alas (diploid=1)
alas_BABY4577.1 -> alas (diploid=1)
alas_BABY4577.2 -> alas (diploid=1)
alas_BABY6558.1 -> alas (diploid=1)
alas_BABY6558.2 -> alas (diploid=1)
alas_DW641.1 -> alas (diploid=1)
alas_DW641.2 -> alas (diploid=1)
alas_DW646.1 -> alas (diploid=1)
alas_DW646.2 -> alas (diploid=1)
alas_ODP43138.1 -> alas (diploid=1)
alas_ODP43138.2 -> alas (diploid=1)
alas_ODP7414.1 -> alas (diploid=1)
alas_ODP7414.2 -> alas (diploid=1)
alas_ODP7415.1 -> alas (diploid=1)
alas_ODP7415.2 -> alas (diploid=1)
alas_ODP7424.1 -> alas (diploid=1)
alas_ODP7424.2 -> alas (diploid=1)
alas_ODP7429.1 -> alas (diploid=1)
alas_ODP7429.2 -> alas (diploid=1)
alas_ODP7432.1 -> alas (diploid=1)
alas_ODP7432.2 -> alas (diploid=1)

Summary of alignments *after* phasing sequences:
 Locus | Model | Sequences | Length | Ambiguous sites | Compressed | Base freqs 
-------+-------+-----------+--------+-----------------+------------+------------
     1 |  JC69 |         6 |    118 |               4 |          2 |      Fixed 
     2 |  JC69 |        26 |    125 |              13 |          4 |      Fixed 
     3 |  JC69 |         4 |    295 |             216 |          5 |      Fixed 
     4 |  JC69 |        28 |    155 |               7 |          5 |      Fixed 
     5 |  JC69 |        38 |     57 |               4 |          5 |      Fixed 
     6 |  JC69 |         4 |    282 |              19 |          5 |      Fixed 
     7 |  JC69 |        32 |    292 |              42 |         25 |      Fixed 
     8 |  JC69 |        40 |    127 |               0 |          1 |      Fixed 
     9 |  JC69 |         4 |     72 |              15 |          2 |      Fixed 
    10 |  JC69 |        40 |     65 |               2 |          3 |      Fixed 
    11 |  JC69 |        28 |    260 |              16 |         14 |      Fixed 
    12 |  JC69 |        22 |    141 |               4 |          5 |      Fixed 
    13 |  JC69 |        40 |    152 |               3 |          4 |      Fixed 
    14 |  JC69 |        38 |    105 |               6 |          7 |      Fixed 
    15 |  JC69 |        18 |    399 |             141 |         12 |      Fixed 
    16 |  JC69 |        36 |     55 |               2 |         32 |      Fixed 
    17 |  JC69 |         6 |    167 |               1 |          4 |      Fixed 
    18 |  JC69 |         4 |    141 |               0 |          1 |      Fixed 
    19 |  JC69 |        32 |    139 |               1 |          2 |      Fixed 
    20 |  JC69 |        14 |    322 |             120 |         10 |      Fixed 
    21 |  JC69 |        14 |    285 |              41 |         12 |      Fixed 
    22 |  JC69 |        12 |    284 |              13 |         13 |      Fixed 
    23 |  JC69 |        22 |    231 |              17 |         15 |      Fixed 
    24 |  JC69 |         6 |    242 |              12 |         12 |      Fixed 
    25 |  JC69 |        12 |    194 |               0 |          1 |      Fixed 
    26 |  JC69 |         6 |    188 |              12 |          4 |      Fixed 
    27 |  JC69 |        30 |    463 |             337 |         24 |      Fixed 
    28 |  JC69 |         4 |    134 |               5 |          2 |      Fixed 
    29 |  JC69 |        10 |    116 |               3 |          5 |      Fixed 
    30 |  JC69 |        38 |    369 |             124 |        132 |      Fixed 
    31 |  JC69 |        40 |    167 |               7 |          8 |      Fixed 
    32 |  JC69 |        34 |    126 |              22 |          9 |      Fixed 
    33 |  JC69 |         4 |    146 |               8 |          6 |      Fixed 
    34 |  JC69 |         8 |    282 |              22 |         13 |      Fixed 
    35 |  JC69 |        20 |     87 |              40 |         18 |      Fixed 
    36 |  JC69 |         4 |    213 |              14 |          4 |      Fixed 
    37 |  JC69 |        20 |     89 |               7 |          3 |      Fixed 
    38 |  JC69 |         8 |    263 |              15 |          3 |      Fixed 
    39 |  JC69 |        14 |    175 |              12 |         10 |      Fixed 
    40 |  JC69 |        10 |    209 |             195 |         10 |      Fixed 
    41 |  JC69 |         4 |    282 |               0 |          2 |      Fixed 
    42 |  JC69 |        14 |    274 |              20 |         17 |      Fixed 
    43 |  JC69 |        40 |     71 |               3 |          4 |      Fixed 
    44 |  JC69 |         4 |    389 |             142 |          4 |      Fixed 
    45 |  JC69 |         6 |    111 |               4 |          4 |      Fixed 
    46 |  JC69 |         4 |    146 |              12 |          3 |      Fixed 
    47 |  JC69 |        18 |    135 |               5 |          8 |      Fixed 
    48 |  JC69 |        40 |    278 |             115 |         19 |      Fixed 
    49 |  JC69 |         6 |    193 |              16 |          7 |      Fixed 
    50 |  JC69 |        38 |    771 |             588 |         46 |      Fixed 
    51 |  JC69 |        32 |     95 |               3 |          4 |      Fixed 
    52 |  JC69 |        34 |     96 |               6 |          3 |      Fixed 
    53 |  JC69 |        32 |     96 |               2 |          3 |      Fixed 
    54 |  JC69 |        18 |    272 |             114 |         21 |      Fixed 
    55 |  JC69 |        32 |     98 |              28 |         14 |      Fixed 
    56 |  JC69 |         4 |    282 |             112 |          4 |      Fixed 
    57 |  JC69 |        36 |    121 |               7 |          6 |      Fixed 
    58 |  JC69 |        30 |     48 |               0 |          1 |      Fixed 
    59 |  JC69 |         8 |    325 |             101 |          6 |      Fixed 
    60 |  JC69 |        40 |    220 |              27 |         35 |      Fixed 
    61 |  JC69 |        10 |    152 |               4 |          5 |      Fixed 
    62 |  JC69 |        34 |    334 |             111 |          7 |      Fixed 
    63 |  JC69 |        34 |     50 |               1 |          2 |      Fixed 
    64 |  JC69 |        36 |    292 |              27 |         57 |      Fixed 
    65 |  JC69 |        14 |    148 |              36 |         16 |      Fixed 
    66 |  JC69 |         4 |    272 |               0 |          1 |      Fixed 
    67 |  JC69 |        32 |    861 |             604 |         29 |      Fixed 
    68 |  JC69 |        38 |    417 |              29 |         22 |      Fixed 
    69 |  JC69 |         4 |    108 |               0 |          1 |      Fixed 
    70 |  JC69 |        32 |    254 |               3 |          4 |      Fixed 
    71 |  JC69 |        38 |    110 |               5 |          6 |      Fixed 
    72 |  JC69 |        32 |     69 |               8 |          3 |      Fixed 
    73 |  JC69 |        26 |    104 |              10 |          6 |      Fixed 
    74 |  JC69 |        18 |    171 |               5 |          6 |      Fixed 
    75 |  JC69 |        22 |    114 |              46 |         13 |      Fixed 
    76 |  JC69 |        12 |    204 |              49 |          7 |      Fixed 
    77 |  JC69 |         6 |    110 |               0 |          1 |      Fixed 
    78 |  JC69 |         6 |     61 |               0 |          1 |      Fixed 
    79 |  JC69 |        40 |    181 |              21 |         19 |      Fixed 
    80 |  JC69 |        30 |    210 |               8 |         12 |      Fixed 
    81 |  JC69 |         4 |    101 |               2 |          3 |      Fixed 
    82 |  JC69 |        16 |     73 |              13 |          8 |      Fixed 
    83 |  JC69 |        10 |     86 |               4 |          6 |      Fixed 
    84 |  JC69 |         4 |    147 |              44 |          5 |      Fixed 
    85 |  JC69 |        10 |     47 |               0 |          1 |      Fixed 
    86 |  JC69 |        18 |    265 |               5 |          8 |      Fixed 
    87 |  JC69 |        40 |    160 |               2 |          4 |      Fixed 
    88 |  JC69 |         4 |    128 |               0 |          2 |      Fixed 
    89 |  JC69 |         6 |     46 |               1 |          2 |      Fixed 
    90 |  JC69 |         6 |    282 |               5 |          6 |      Fixed 
    91 |  JC69 |         4 |    106 |               0 |          1 |      Fixed 
    92 |  JC69 |         4 |    118 |               0 |          1 |      Fixed 
    93 |  JC69 |        36 |     95 |               9 |         11 |      Fixed 
    94 |  JC69 |         4 |    227 |              50 |          3 |      Fixed 
    95 |  JC69 |         4 |     60 |               0 |          1 |      Fixed 
    96 |  JC69 |         4 |    104 |              28 |          2 |      Fixed 
    97 |  JC69 |         4 |    111 |               0 |          1 |      Fixed 
    98 |  JC69 |        14 |    174 |              18 |          7 |      Fixed 
    99 |  JC69 |        14 |    129 |               2 |          5 |      Fixed 
   100 |  JC69 |        16 |     93 |               8 |          6 |      Fixed 
   101 |  JC69 |         4 |     50 |               1 |          2 |      Fixed 
   102 |  JC69 |         4 |    108 |               0 |          1 |      Fixed 
   103 |  JC69 |        22 |    106 |               4 |          5 |      Fixed 
   104 |  JC69 |        34 |    374 |             156 |         18 |      Fixed 
   105 |  JC69 |        24 |    389 |             167 |         21 |      Fixed 
   106 |  JC69 |        32 |     54 |               9 |          7 |      Fixed 
   107 |  JC69 |        10 |     75 |               2 |          3 |      Fixed 
   108 |  JC69 |         4 |     80 |               2 |          3 |      Fixed 
   109 |  JC69 |         4 |    283 |              14 |          7 |      Fixed 
   110 |  JC69 |        16 |     95 |               1 |          3 |      Fixed 
   111 |  JC69 |         4 |    248 |              24 |          4 |      Fixed 
   112 |  JC69 |        30 |    212 |               9 |          5 |      Fixed 
   113 |  JC69 |        40 |    171 |              75 |          8 |      Fixed 
   114 |  JC69 |        12 |     72 |               5 |          5 |      Fixed 
   115 |  JC69 |        32 |    130 |               5 |          5 |      Fixed 
   116 |  JC69 |        12 |     97 |               7 |          4 |      Fixed 
   117 |  JC69 |         4 |    246 |               9 |          5 |      Fixed 
   118 |  JC69 |        34 |    287 |              31 |         20 |      Fixed 
   119 |  JC69 |         4 |    133 |              29 |          3 |      Fixed 
   120 |  JC69 |        40 |    166 |               3 |          4 |      Fixed 
   121 |  JC69 |         6 |    259 |               9 |          7 |      Fixed 
   122 |  JC69 |        16 |    462 |              22 |         22 |      Fixed 
   123 |  JC69 |        20 |    229 |              22 |         12 |      Fixed 
   124 |  JC69 |         4 |    283 |               7 |          7 |      Fixed 
   125 |  JC69 |        40 |    171 |               5 |          8 |      Fixed 
   126 |  JC69 |         6 |    280 |               9 |          6 |      Fixed 
   127 |  JC69 |         6 |    220 |               7 |          3 |      Fixed 
   128 |  JC69 |        28 |    239 |              12 |          9 |      Fixed 
   129 |  JC69 |        40 |    263 |               3 |          4 |      Fixed 
   130 |  JC69 |        22 |    528 |             528 |         22 |      Fixed 
   131 |  JC69 |         4 |    123 |               3 |          3 |      Fixed 
   132 |  JC69 |         8 |    187 |               2 |          4 |      Fixed 
   133 |  JC69 |         4 |     55 |               0 |          1 |      Fixed 
   134 |  JC69 |         8 |    242 |               5 |          6 |      Fixed 
   135 |  JC69 |        38 |    217 |              10 |         13 |      Fixed 
   136 |  JC69 |         4 |    141 |               0 |          1 |      Fixed 
   137 |  JC69 |        36 |    374 |             298 |         16 |      Fixed 
   138 |  JC69 |        40 |    203 |               6 |          7 |      Fixed 
   139 |  JC69 |        36 |    208 |              48 |         29 |      Fixed 
   140 |  JC69 |         4 |    106 |               1 |          2 |      Fixed 
   141 |  JC69 |        24 |     71 |               2 |          4 |      Fixed 
   142 |  JC69 |         8 |    266 |             123 |          2 |      Fixed 
   143 |  JC69 |         6 |     60 |               5 |          2 |      Fixed 
   144 |  JC69 |         6 |     60 |               1 |          2 |      Fixed 
   145 |  JC69 |        40 |    129 |               3 |          5 |      Fixed 
   146 |  JC69 |        36 |    292 |              49 |         49 |      Fixed 
   147 |  JC69 |        14 |    282 |              66 |          8 |      Fixed 
   148 |  JC69 |        38 |     49 |               1 |          2 |      Fixed 
   149 |  JC69 |         6 |     97 |               8 |          3 |      Fixed 
   150 |  JC69 |        10 |     66 |               3 |          6 |      Fixed 
   151 |  JC69 |        40 |    172 |               5 |          9 |      Fixed 
   152 |  JC69 |        12 |    166 |              77 |          6 |      Fixed 
   153 |  JC69 |         8 |     58 |              15 |          2 |      Fixed 
   154 |  JC69 |         4 |    125 |               0 |          2 |      Fixed 
   155 |  JC69 |        34 |     67 |               0 |          1 |      Fixed 
   156 |  JC69 |        20 |    519 |             278 |         18 |      Fixed 
   157 |  JC69 |         4 |    255 |               2 |          2 |      Fixed 
   158 |  JC69 |         4 |    276 |              58 |          8 |      Fixed 
   159 |  JC69 |        28 |    497 |             307 |         44 |      Fixed 
   160 |  JC69 |        28 |    201 |               9 |         12 |      Fixed 
   161 |  JC69 |         8 |    136 |               2 |          3 |      Fixed 
   162 |  JC69 |        18 |    133 |               9 |          7 |      Fixed 
   163 |  JC69 |        12 |     80 |               5 |          8 |      Fixed 
   164 |  JC69 |        32 |     83 |               2 |          3 |      Fixed 
   165 |  JC69 |        14 |    281 |              47 |         50 |      Fixed 
   166 |  JC69 |         8 |    281 |              22 |         14 |      Fixed 
   167 |  JC69 |        34 |    117 |               1 |          2 |      Fixed 
   168 |  JC69 |         4 |     68 |              12 |          2 |      Fixed 
   169 |  JC69 |        40 |     53 |               3 |          4 |      Fixed 
   170 |  JC69 |        28 |    231 |              20 |         24 |      Fixed 
   171 |  JC69 |        38 |    131 |               8 |          9 |      Fixed 
   172 |  JC69 |         4 |    192 |               0 |          2 |      Fixed 
   173 |  JC69 |        18 |    271 |              24 |         24 |      Fixed 
   174 |  JC69 |        36 |     93 |              12 |         38 |      Fixed 
   175 |  JC69 |         8 |    138 |               8 |          6 |      Fixed 
   176 |  JC69 |         4 |     88 |               0 |          1 |      Fixed 
   177 |  JC69 |        16 |    227 |              23 |          6 |      Fixed 
   178 |  JC69 |        18 |    102 |               0 |          2 |      Fixed 
   179 |  JC69 |        12 |    184 |               0 |          3 |      Fixed 
   180 |  JC69 |        38 |     86 |              10 |          9 |      Fixed 
   181 |  JC69 |        10 |    188 |              57 |         23 |      Fixed 
   182 |  JC69 |         4 |     79 |               0 |          1 |      Fixed 
   183 |  JC69 |        40 |     95 |               5 |          7 |      Fixed 
   184 |  JC69 |         4 |    134 |               3 |          2 |      Fixed 
   185 |  JC69 |        38 |     81 |              12 |         20 |      Fixed 
   186 |  JC69 |        30 |    168 |              13 |         19 |      Fixed 
   187 |  JC69 |        28 |     87 |               2 |          3 |      Fixed 
   188 |  JC69 |         6 |     76 |               1 |          2 |      Fixed 
   189 |  JC69 |        38 |    186 |               7 |          9 |      Fixed 
   190 |  JC69 |        26 |    131 |              14 |         17 |      Fixed 
   191 |  JC69 |         6 |    279 |              19 |          7 |      Fixed 
   192 |  JC69 |        36 |    635 |             343 |         43 |      Fixed 
   193 |  JC69 |        16 |     88 |              23 |          6 |      Fixed 
   194 |  JC69 |         8 |    277 |             124 |          6 |      Fixed 
   195 |  JC69 |         4 |    264 |             144 |          7 |      Fixed 
   196 |  JC69 |        20 |     40 |              10 |          9 |      Fixed 
   197 |  JC69 |         4 |    108 |               4 |          2 |      Fixed 
   198 |  JC69 |        34 |     96 |               2 |          3 |      Fixed 
   199 |  JC69 |         6 |    287 |              15 |          6 |      Fixed 
   200 |  JC69 |        12 |     83 |              29 |          4 |      Fixed 
   201 |  JC69 |        32 |    115 |               8 |         12 |      Fixed 
   202 |  JC69 |         4 |    156 |              10 |          3 |      Fixed 
   203 |  JC69 |         4 |     70 |               2 |          4 |      Fixed 
   204 |  JC69 |         4 |    507 |             240 |          5 |      Fixed 
   205 |  JC69 |        16 |    278 |              80 |         25 |      Fixed 
   206 |  JC69 |        22 |    214 |              30 |         15 |      Fixed 
   207 |  JC69 |         4 |    142 |              54 |          5 |      Fixed 
   208 |  JC69 |        16 |    264 |              14 |         21 |      Fixed 
   209 |  JC69 |         4 |     86 |               0 |          1 |      Fixed 
   210 |  JC69 |        14 |    115 |              11 |          5 |      Fixed 
   211 |  JC69 |        28 |    433 |              28 |         34 |      Fixed 
   212 |  JC69 |        12 |    131 |               9 |         15 |      Fixed 
   213 |  JC69 |         8 |    129 |               0 |          2 |      Fixed 
   214 |  JC69 |         6 |    284 |              59 |          9 |      Fixed 
   215 |  JC69 |         4 |    146 |              39 |          5 |      Fixed 
   216 |  JC69 |         4 |    279 |             129 |          5 |      Fixed 
   217 |  JC69 |         8 |    215 |              39 |          4 |      Fixed 
   218 |  JC69 |        32 |    282 |              38 |         43 |      Fixed 
   219 |  JC69 |         6 |    116 |               3 |          3 |      Fixed 
   220 |  JC69 |        40 |    135 |               5 |          8 |      Fixed 
   221 |  JC69 |        38 |    247 |              13 |        279 |      Fixed 
   222 |  JC69 |         6 |     64 |               0 |          1 |      Fixed 
   223 |  JC69 |        10 |    325 |              60 |         10 |      Fixed 
   224 |  JC69 |        22 |     53 |               4 |          6 |      Fixed 
   225 |  JC69 |        22 |     86 |               5 |          5 |      Fixed 
   226 |  JC69 |         4 |    243 |               2 |          4 |      Fixed 
   227 |  JC69 |        14 |    275 |              22 |         14 |      Fixed 
   228 |  JC69 |         6 |    258 |             127 |          4 |      Fixed 
   229 |  JC69 |         6 |     71 |               3 |          7 |      Fixed 
   230 |  JC69 |         6 |    125 |              12 |         12 |      Fixed 
   231 |  JC69 |         8 |    281 |              43 |          8 |      Fixed 
   232 |  JC69 |        14 |    208 |               5 |          6 |      Fixed 
   233 |  JC69 |         8 |     79 |               0 |          1 |      Fixed 
   234 |  JC69 |        34 |    140 |              12 |         10 |      Fixed 
   235 |  JC69 |        20 |    260 |              13 |         13 |      Fixed 
   236 |  JC69 |         8 |    108 |               6 |          8 |      Fixed 
   237 |  JC69 |        28 |     61 |               1 |          2 |      Fixed 
   238 |  JC69 |        10 |    183 |               8 |          7 |      Fixed 
   239 |  JC69 |        26 |    251 |             104 |          3 |      Fixed 
   240 |  JC69 |         6 |     41 |               3 |          4 |      Fixed 
   241 |  JC69 |         4 |     58 |               0 |          1 |      Fixed 
   242 |  JC69 |         4 |    280 |               8 |          3 |      Fixed 
   243 |  JC69 |        20 |    485 |             226 |         34 |      Fixed 
   244 |  JC69 |        40 |    132 |               7 |         28 |      Fixed 
   245 |  JC69 |         8 |    152 |               1 |          2 |      Fixed 
   246 |  JC69 |        30 |     57 |               3 |          6 |      Fixed 
   247 |  JC69 |        10 |    263 |              19 |         12 |      Fixed 
   248 |  JC69 |         4 |    281 |              30 |          6 |      Fixed 
   249 |  JC69 |        38 |    149 |               3 |          2 |      Fixed 
   250 |  JC69 |        14 |    281 |              47 |          7 |      Fixed 
   251 |  JC69 |        40 |    107 |               5 |          8 |      Fixed 
   252 |  JC69 |        14 |     47 |               4 |          3 |      Fixed 
   253 |  JC69 |        12 |     55 |               7 |          2 |      Fixed 
   254 |  JC69 |         6 |     57 |               3 |          2 |      Fixed 
   255 |  JC69 |        22 |    552 |             121 |         43 |      Fixed 
   256 |  JC69 |         6 |    179 |               0 |          2 |      Fixed 
   257 |  JC69 |        16 |    121 |              12 |         31 |      Fixed 
   258 |  JC69 |        36 |    280 |              16 |         14 |      Fixed 
   259 |  JC69 |        10 |     63 |               3 |          3 |      Fixed 
   260 |  JC69 |         6 |     65 |               1 |          2 |      Fixed 
   261 |  JC69 |         4 |    259 |              18 |          8 |      Fixed 
   262 |  JC69 |        10 |    237 |              17 |         18 |      Fixed 
   263 |  JC69 |        32 |    145 |              20 |          3 |      Fixed 
   264 |  JC69 |        10 |     49 |               3 |          4 |      Fixed 
   265 |  JC69 |        38 |    101 |              24 |          9 |      Fixed 
   266 |  JC69 |         8 |     53 |               0 |          1 |      Fixed 
   267 |  JC69 |         6 |    277 |              23 |          6 |      Fixed 
   268 |  JC69 |         6 |    236 |               3 |          5 |      Fixed 
   269 |  JC69 |        24 |    172 |               7 |         12 |      Fixed 
   270 |  JC69 |        12 |    106 |              12 |          7 |      Fixed 
   271 |  JC69 |        22 |    175 |               2 |          5 |      Fixed 
   272 |  JC69 |        16 |    175 |               1 |          3 |      Fixed 
   273 |  JC69 |         6 |    284 |              16 |          5 |      Fixed 
   274 |  JC69 |         6 |     50 |               1 |          2 |      Fixed 
   275 |  JC69 |         6 |    185 |               5 |          5 |      Fixed 
   276 |  JC69 |         6 |     77 |               0 |          1 |      Fixed 
   277 |  JC69 |        28 |    106 |              12 |         12 |      Fixed 
   278 |  JC69 |         8 |     90 |               4 |          5 |      Fixed 
   279 |  JC69 |        24 |    138 |              21 |         15 |      Fixed 
   280 |  JC69 |         4 |    161 |               5 |          3 |      Fixed 
   281 |  JC69 |         4 |    267 |               7 |          4 |      Fixed 
   282 |  JC69 |        30 |     48 |               4 |          3 |      Fixed 
   283 |  JC69 |        12 |    166 |               5 |          4 |      Fixed 
   284 |  JC69 |        10 |    135 |               2 |          3 |      Fixed 
   285 |  JC69 |         8 |    108 |               3 |          4 |      Fixed 
   286 |  JC69 |        10 |     74 |              10 |         18 |      Fixed 
   287 |  JC69 |         4 |     62 |               0 |          2 |      Fixed 
   288 |  JC69 |         4 |    278 |              68 |          5 |      Fixed 
   289 |  JC69 |         4 |    260 |             129 |          4 |      Fixed 
   290 |  JC69 |         6 |    252 |             111 |          6 |      Fixed 
   291 |  JC69 |         4 |    103 |               1 |          2 |      Fixed 
   292 |  JC69 |         4 |     70 |               0 |          1 |      Fixed 
   293 |  JC69 |         4 |    137 |               2 |          2 |      Fixed 
   294 |  JC69 |         4 |     61 |              25 |          4 |      Fixed 
   295 |  JC69 |         4 |     48 |               0 |          1 |      Fixed 
   296 |  JC69 |         8 |    239 |               3 |          4 |      Fixed 
   297 |  JC69 |         4 |    247 |               4 |          4 |      Fixed 
   298 |  JC69 |         4 |    202 |              11 |          6 |      Fixed 
   299 |  JC69 |         6 |    199 |               0 |          3 |      Fixed 
   300 |  JC69 |        38 |    210 |               4 |         69 |      Fixed 
   301 |  JC69 |         4 |    135 |              27 |          2 |      Fixed 
   302 |  JC69 |         4 |     36 |               1 |          2 |      Fixed 
   303 |  JC69 |         8 |     57 |               0 |          3 |      Fixed 
   304 |  JC69 |         6 |    117 |               9 |          4 |      Fixed 
   305 |  JC69 |        10 |    115 |              22 |         11 |      Fixed 
   306 |  JC69 |         4 |     80 |               0 |          1 |      Fixed 
   307 |  JC69 |        12 |     61 |               1 |          5 |      Fixed 
   308 |  JC69 |         6 |    213 |               6 |          7 |      Fixed 
   309 |  JC69 |        10 |    169 |              21 |          6 |      Fixed 
   310 |  JC69 |        12 |    127 |              64 |          7 |      Fixed 
   311 |  JC69 |         6 |    144 |               0 |          3 |      Fixed 
   312 |  JC69 |         8 |    106 |               3 |          6 |      Fixed 
   313 |  JC69 |         8 |    118 |               6 |         12 |      Fixed 
   314 |  JC69 |        14 |    142 |              23 |          7 |      Fixed 
   315 |  JC69 |         4 |    117 |               1 |          2 |      Fixed 
   316 |  JC69 |         6 |    146 |              20 |          8 |      Fixed 
   317 |  JC69 |        10 |    166 |               7 |          8 |      Fixed 
   318 |  JC69 |         4 |    341 |             112 |          3 |      Fixed 
   319 |  JC69 |         4 |    143 |               0 |          2 |      Fixed 
   320 |  JC69 |         4 |    186 |               0 |          2 |      Fixed 
   321 |  JC69 |         6 |     70 |               1 |          2 |      Fixed 
   322 |  JC69 |         4 |     90 |               0 |          1 |      Fixed 
   323 |  JC69 |        16 |    115 |              10 |          4 |      Fixed 
   324 |  JC69 |        38 |    142 |               8 |         10 |      Fixed 
   325 |  JC69 |        14 |    196 |               9 |         13 |      Fixed 
   326 |  JC69 |         6 |     79 |               0 |          1 |      Fixed 
   327 |  JC69 |         8 |    122 |               6 |         15 |      Fixed 
   328 |  JC69 |         8 |    108 |               4 |          4 |      Fixed 
   329 |  JC69 |         4 |    114 |               1 |          2 |      Fixed 
   330 |  JC69 |         8 |    235 |               0 |          3 |      Fixed 
   331 |  JC69 |         4 |    111 |               1 |          2 |      Fixed 
   332 |  JC69 |         4 |     71 |               1 |          2 |      Fixed 
   333 |  JC69 |         4 |    209 |               0 |          2 |      Fixed 
   334 |  JC69 |         8 |    113 |               0 |          1 |      Fixed 
   335 |  JC69 |         8 |    111 |               2 |          3 |      Fixed 
   336 |  JC69 |        10 |     94 |               3 |          2 |      Fixed 
   337 |  JC69 |        10 |    254 |               5 |          6 |      Fixed 
   338 |  JC69 |         6 |    140 |              54 |          4 |      Fixed 
   339 |  JC69 |        12 |    281 |              20 |         16 |      Fixed 
   340 |  JC69 |         6 |    153 |               0 |          1 |      Fixed 
   341 |  JC69 |         6 |    110 |               3 |          4 |      Fixed 
   342 |  JC69 |         4 |    236 |              97 |          3 |      Fixed 
   343 |  JC69 |        16 |    372 |              11 |         15 |      Fixed 
   344 |  JC69 |        18 |     81 |               1 |          2 |      Fixed 
   345 |  JC69 |        18 |    165 |               6 |          5 |      Fixed 
   346 |  JC69 |        26 |    158 |              17 |         54 |      Fixed 
   347 |  JC69 |        10 |     61 |               6 |          9 |      Fixed 
   348 |  JC69 |        20 |     59 |               2 |          3 |      Fixed 
   349 |  JC69 |        20 |    146 |               6 |          6 |      Fixed 
   350 |  JC69 |         6 |    147 |               0 |          2 |      Fixed 
   351 |  JC69 |         4 |    285 |               7 |          2 |      Fixed 
   352 |  JC69 |         4 |    165 |               0 |          1 |      Fixed 
   353 |  JC69 |         4 |    101 |               0 |          1 |      Fixed 
   354 |  JC69 |        10 |     76 |               1 |          2 |      Fixed 
   355 |  JC69 |        16 |    269 |              40 |         29 |      Fixed 
   356 |  JC69 |        22 |    146 |               9 |         15 |      Fixed 
   357 |  JC69 |        36 |     98 |               2 |          4 |      Fixed 
   358 |  JC69 |         4 |     66 |               0 |          1 |      Fixed 
   359 |  JC69 |        12 |    247 |             131 |         27 |      Fixed 
   360 |  JC69 |        10 |    135 |               6 |          8 |      Fixed 
   361 |  JC69 |        32 |     80 |               4 |          3 |      Fixed 
   362 |  JC69 |        18 |    497 |             110 |         39 |      Fixed 
   363 |  JC69 |        32 |    224 |               7 |          8 |      Fixed 
   364 |  JC69 |        12 |    133 |               0 |          1 |      Fixed 
   365 |  JC69 |        34 |    291 |              11 |         17 |      Fixed 
   366 |  JC69 |         4 |     88 |               0 |          2 |      Fixed 
   367 |  JC69 |         4 |    139 |               0 |          2 |      Fixed 
   368 |  JC69 |        12 |    236 |               2 |          5 |      Fixed 
   369 |  JC69 |         4 |    278 |               7 |          5 |      Fixed 
   370 |  JC69 |        18 |     72 |              12 |         13 |      Fixed 
   371 |  JC69 |         8 |    278 |              31 |         11 |      Fixed 
   372 |  JC69 |         4 |    192 |              11 |          3 |      Fixed 
   373 |  JC69 |        10 |    116 |               1 |          2 |      Fixed 
   374 |  JC69 |        40 |    149 |              12 |         12 |      Fixed 
   375 |  JC69 |        14 |    281 |              14 |         10 |      Fixed 
   376 |  JC69 |         8 |    287 |              25 |         16 |      Fixed 
   377 |  JC69 |        34 |    115 |               4 |          6 |      Fixed 
   378 |  JC69 |         8 |    263 |              19 |         14 |      Fixed 
   379 |  JC69 |         4 |    144 |               0 |          2 |      Fixed 
   380 |  JC69 |         4 |    279 |              16 |          4 |      Fixed 
   381 |  JC69 |         6 |    110 |               0 |          1 |      Fixed 
   382 |  JC69 |        14 |     98 |               6 |          5 |      Fixed 
   383 |  JC69 |        12 |     54 |               0 |          3 |      Fixed 
   384 |  JC69 |        10 |     98 |               2 |          2 |      Fixed 
   385 |  JC69 |         6 |    278 |               8 |          4 |      Fixed 
   386 |  JC69 |         4 |    279 |               6 |          3 |      Fixed 
   387 |  JC69 |        14 |    192 |               2 |          3 |      Fixed 
   388 |  JC69 |         4 |     69 |               0 |          1 |      Fixed 
   389 |  JC69 |        40 |     58 |               6 |          8 |      Fixed 
   390 |  JC69 |         8 |    237 |             102 |          9 |      Fixed 
   391 |  JC69 |         4 |    287 |               8 |          4 |      Fixed 
   392 |  JC69 |        32 |    108 |               0 |          1 |      Fixed 
   393 |  JC69 |        40 |    106 |               3 |          5 |      Fixed 
   394 |  JC69 |         4 |    275 |              10 |          5 |      Fixed 
   395 |  JC69 |         6 |     52 |               1 |          2 |      Fixed 
   396 |  JC69 |         6 |    225 |              19 |          5 |      Fixed 
   397 |  JC69 |        12 |     55 |               1 |          2 |      Fixed 
   398 |  JC69 |        34 |    292 |              29 |         21 |      Fixed 
   399 |  JC69 |        16 |    195 |               7 |          7 |      Fixed 
   400 |  JC69 |         6 |    228 |               7 |          8 |      Fixed 
   401 |  JC69 |        40 |     76 |               2 |          5 |      Fixed 
   402 |  JC69 |        18 |     94 |               8 |         19 |      Fixed 
   403 |  JC69 |        34 |    129 |               3 |          5 |      Fixed 
   404 |  JC69 |        18 |     73 |               6 |          9 |      Fixed 
   405 |  JC69 |        14 |    143 |              64 |         68 |      Fixed 
   406 |  JC69 |         4 |     48 |               0 |          1 |      Fixed 
   407 |  JC69 |         4 |    200 |               4 |          5 |      Fixed 
   408 |  JC69 |         6 |    276 |               9 |          7 |      Fixed 
   409 |  JC69 |         4 |    280 |               6 |          4 |      Fixed 
   410 |  JC69 |        26 |    101 |               5 |          6 |      Fixed 
   411 |  JC69 |        22 |    156 |               3 |          4 |      Fixed 
   412 |  JC69 |        10 |    281 |               9 |          5 |      Fixed 
   413 |  JC69 |        12 |    302 |             151 |         13 |      Fixed 
   414 |  JC69 |         4 |    214 |               1 |          2 |      Fixed 
   415 |  JC69 |         4 |    163 |               1 |          2 |      Fixed 
   416 |  JC69 |        20 |     77 |               0 |          1 |      Fixed 
   417 |  JC69 |         4 |     92 |               1 |          2 |      Fixed 
   418 |  JC69 |         6 |     64 |               1 |          2 |      Fixed 
   419 |  JC69 |         4 |     96 |              15 |          3 |      Fixed 
   420 |  JC69 |        12 |    241 |              50 |         18 |      Fixed 
   421 |  JC69 |        10 |    283 |              37 |         20 |      Fixed 
   422 |  JC69 |        18 |    145 |               3 |          4 |      Fixed 
   423 |  JC69 |         8 |    112 |               0 |          2 |      Fixed 
   424 |  JC69 |         4 |    268 |               7 |          4 |      Fixed 
   425 |  JC69 |        16 |    173 |              81 |          9 |      Fixed 
   426 |  JC69 |         8 |    159 |               0 |          2 |      Fixed 
   427 |  JC69 |        12 |    235 |             160 |         18 |      Fixed 
   428 |  JC69 |        20 |    259 |              52 |         22 |      Fixed 
   429 |  JC69 |        10 |    261 |              53 |          9 |      Fixed 
   430 |  JC69 |         4 |     99 |               1 |          2 |      Fixed 
   431 |  JC69 |        30 |    116 |              47 |         26 |      Fixed 
   432 |  JC69 |         4 |    268 |               0 |          2 |      Fixed 
   433 |  JC69 |         4 |     90 |               4 |          3 |      Fixed 
   434 |  JC69 |        14 |    281 |               9 |          9 |      Fixed 
   435 |  JC69 |         4 |    274 |               0 |          1 |      Fixed 
   436 |  JC69 |         6 |    382 |               1 |          2 |      Fixed 
   437 |  JC69 |         6 |    282 |               9 |          7 |      Fixed 
   438 |  JC69 |        14 |     78 |               7 |         10 |      Fixed 
   439 |  JC69 |         6 |    233 |               5 |          8 |      Fixed 
   440 |  JC69 |         4 |     99 |               7 |          3 |      Fixed 
   441 |  JC69 |        10 |    373 |             142 |         16 |      Fixed 
   442 |  JC69 |        40 |     94 |               5 |          6 |      Fixed 
   443 |  JC69 |        28 |     50 |               2 |          3 |      Fixed 
   444 |  JC69 |        10 |    181 |              14 |          6 |      Fixed 
   445 |  JC69 |        24 |    223 |               5 |          6 |      Fixed 
   446 |  JC69 |        32 |     62 |               5 |          4 |      Fixed 
   447 |  JC69 |        10 |     52 |               3 |          4 |      Fixed 
   448 |  JC69 |        12 |     84 |               1 |          2 |      Fixed 
   449 |  JC69 |        36 |     97 |               5 |         10 |      Fixed 
   450 |  JC69 |         4 |    282 |               7 |          4 |      Fixed 
   451 |  JC69 |         4 |     52 |               0 |          1 |      Fixed 
   452 |  JC69 |        40 |     71 |               9 |          7 |      Fixed 
   453 |  JC69 |        30 |    131 |               7 |          7 |      Fixed 
   454 |  JC69 |        28 |    122 |               9 |          7 |      Fixed 
   455 |  JC69 |        10 |    271 |              18 |          9 |      Fixed 
   456 |  JC69 |         8 |    282 |              15 |          9 |      Fixed 
   457 |  JC69 |        22 |     77 |              14 |         21 |      Fixed 
   458 |  JC69 |        16 |     63 |               2 |          3 |      Fixed 
   459 |  JC69 |         6 |    173 |               1 |          3 |      Fixed 
   460 |  JC69 |         4 |    146 |              10 |          5 |      Fixed 
   461 |  JC69 |        16 |    113 |               4 |          5 |      Fixed 
   462 |  JC69 |        16 |    321 |               7 |         13 |      Fixed 
   463 |  JC69 |        24 |    191 |               6 |          7 |      Fixed 
   464 |  JC69 |         4 |     45 |               0 |          1 |      Fixed 
   465 |  JC69 |         4 |    125 |               0 |          1 |      Fixed 
   466 |  JC69 |        36 |    335 |             143 |         45 |      Fixed 
   467 |  JC69 |         6 |    125 |              19 |          3 |      Fixed 
   468 |  JC69 |         4 |    280 |              16 |          7 |      Fixed 
   469 |  JC69 |        10 |     94 |              12 |          2 |      Fixed 
   470 |  JC69 |        22 |    130 |              62 |          4 |      Fixed 
   471 |  JC69 |        36 |    116 |               3 |          5 |      Fixed 
   472 |  JC69 |         6 |    281 |              15 |         11 |      Fixed 
   473 |  JC69 |        26 |    172 |               5 |          6 |      Fixed 
   474 |  JC69 |         6 |    281 |               8 |          6 |      Fixed 
   475 |  JC69 |        40 |    160 |               0 |          1 |      Fixed 
   476 |  JC69 |        40 |    167 |              14 |         11 |      Fixed 
   477 |  JC69 |         6 |     92 |              50 |          5 |      Fixed 
   478 |  JC69 |        12 |     91 |               3 |          4 |      Fixed 
   479 |  JC69 |         8 |    123 |               4 |          2 |      Fixed 
   480 |  JC69 |        10 |     48 |               1 |          3 |      Fixed 
   481 |  JC69 |         4 |     66 |               7 |          4 |      Fixed 
   482 |  JC69 |         8 |     52 |               0 |          1 |      Fixed 
   483 |  JC69 |         4 |    213 |               1 |          2 |      Fixed 
   484 |  JC69 |         6 |    246 |               3 |          4 |      Fixed 
   485 |  JC69 |        10 |    118 |              17 |          5 |      Fixed 
   486 |  JC69 |        38 |    288 |              29 |         27 |      Fixed 
   487 |  JC69 |         4 |     66 |               0 |          1 |      Fixed 
   488 |  JC69 |        22 |    124 |              19 |         12 |      Fixed 
   489 |  JC69 |         8 |    156 |               0 |          1 |      Fixed 
   490 |  JC69 |        28 |    198 |              29 |         12 |      Fixed 
   491 |  JC69 |        22 |    130 |               6 |         12 |      Fixed 
   492 |  JC69 |        22 |    413 |             175 |         36 |      Fixed 
   493 |  JC69 |         4 |     63 |               0 |          1 |      Fixed 
   494 |  JC69 |        14 |    107 |              16 |         38 |      Fixed 
   495 |  JC69 |        22 |    211 |               4 |          5 |      Fixed 
   496 |  JC69 |        10 |    283 |              16 |         11 |      Fixed 
   497 |  JC69 |         6 |    280 |              14 |          3 |      Fixed 
   498 |  JC69 |        12 |    439 |             175 |          9 |      Fixed 
   499 |  JC69 |         6 |    275 |               7 |          2 |      Fixed 
   500 |  JC69 |         4 |    188 |              13 |          6 |      Fixed 
   501 |  JC69 |         6 |    486 |              76 |         10 |      Fixed 
   502 |  JC69 |        16 |     74 |              20 |          3 |      Fixed 
   503 |  JC69 |         6 |    289 |               5 |          5 |      Fixed 
   504 |  JC69 |        40 |     95 |               4 |          5 |      Fixed 
   505 |  JC69 |         4 |    281 |             142 |          6 |      Fixed 
   506 |  JC69 |        16 |    139 |               3 |          3 |      Fixed 
   507 |  JC69 |        14 |     80 |               0 |          1 |      Fixed 
   508 |  JC69 |        28 |    156 |               8 |         10 |      Fixed 
   509 |  JC69 |         8 |     71 |               7 |          4 |      Fixed 
   510 |  JC69 |         6 |    282 |              16 |          9 |      Fixed 
   511 |  JC69 |        40 |     61 |               1 |          2 |      Fixed 
   512 |  JC69 |         4 |    285 |               8 |          5 |      Fixed 
   513 |  JC69 |        40 |    183 |               1 |          2 |      Fixed 
   514 |  JC69 |        36 |     58 |               2 |          7 |      Fixed 
   515 |  JC69 |        12 |    139 |              24 |          9 |      Fixed 
   516 |  JC69 |         4 |     78 |               0 |          1 |      Fixed 
   517 |  JC69 |        38 |    105 |               9 |          9 |      Fixed 
   518 |  JC69 |         8 |     81 |               4 |          3 |      Fixed 
   519 |  JC69 |        14 |    151 |               8 |         15 |      Fixed 
   520 |  JC69 |        28 |    233 |              21 |         12 |      Fixed 
   521 |  JC69 |        36 |     52 |               1 |          2 |      Fixed 
   522 |  JC69 |        10 |    254 |               9 |         18 |      Fixed 
   523 |  JC69 |         4 |    105 |               1 |          2 |      Fixed 
   524 |  JC69 |        34 |    205 |               9 |         46 |      Fixed 
   525 |  JC69 |        10 |     81 |              37 |          3 |      Fixed 
   526 |  JC69 |         4 |    229 |               1 |          2 |      Fixed 
   527 |  JC69 |        40 |    151 |               4 |         10 |      Fixed 
   528 |  JC69 |        20 |     93 |              11 |         10 |      Fixed 
   529 |  JC69 |         8 |    286 |              36 |         15 |      Fixed 
   530 |  JC69 |        22 |    263 |              18 |         16 |      Fixed 
   531 |  JC69 |         4 |    278 |              72 |          3 |      Fixed 
   532 |  JC69 |         8 |    112 |               1 |          2 |      Fixed 
   533 |  JC69 |        12 |    248 |              20 |          8 |      Fixed 
   534 |  JC69 |        22 |    147 |               9 |         10 |      Fixed 
   535 |  JC69 |        12 |    146 |               3 |          3 |      Fixed 
   536 |  JC69 |        14 |    146 |               9 |          4 |      Fixed 
   537 |  JC69 |         4 |    107 |               0 |          1 |      Fixed 
   538 |  JC69 |        40 |    229 |               8 |         12 |      Fixed 
   539 |  JC69 |        40 |    158 |               3 |          5 |      Fixed 
   540 |  JC69 |        40 |    173 |               0 |          1 |      Fixed 
   541 |  JC69 |        22 |    401 |             320 |         30 |      Fixed 
   542 |  JC69 |        12 |    534 |               7 |          5 |      Fixed 
   543 |  JC69 |        38 |    146 |              18 |         16 |      Fixed 
   544 |  JC69 |        40 |    130 |               9 |         14 |      Fixed 
   545 |  JC69 |        40 |    146 |               1 |          2 |      Fixed 
   546 |  JC69 |         8 |    184 |               9 |          7 |      Fixed 
   547 |  JC69 |        18 |    126 |               8 |          8 |      Fixed 
   548 |  JC69 |         4 |    271 |               1 |          2 |      Fixed 
   549 |  JC69 |         4 |    119 |               0 |          1 |      Fixed 
   550 |  JC69 |        30 |    586 |             411 |         70 |      Fixed 
   551 |  JC69 |         4 |    280 |              10 |          3 |      Fixed 
   552 |  JC69 |        32 |    323 |             151 |         36 |      Fixed 
   553 |  JC69 |         4 |     54 |               0 |          1 |      Fixed 
   554 |  JC69 |        40 |    134 |              10 |         15 |      Fixed 
   555 |  JC69 |         8 |    203 |               4 |          6 |      Fixed 
   556 |  JC69 |         8 |    454 |             234 |         12 |      Fixed 
   557 |  JC69 |        36 |     60 |               3 |          4 |      Fixed 
   558 |  JC69 |        34 |     52 |               9 |          8 |      Fixed 
   559 |  JC69 |         4 |    119 |               9 |          3 |      Fixed 
   560 |  JC69 |         4 |    116 |               0 |          1 |      Fixed 
   561 |  JC69 |        28 |    192 |             106 |         20 |      Fixed 
   562 |  JC69 |        10 |     96 |               3 |          4 |      Fixed 
   563 |  JC69 |        14 |    202 |              34 |         25 |      Fixed 
   564 |  JC69 |        36 |    211 |              28 |         18 |      Fixed 
   565 |  JC69 |         6 |     65 |               5 |          3 |      Fixed 
   566 |  JC69 |         4 |    151 |               0 |          1 |      Fixed 
   567 |  JC69 |         8 |    225 |              10 |          6 |      Fixed 
   568 |  JC69 |        40 |    172 |              13 |         20 |      Fixed 
   569 |  JC69 |         6 |    417 |               5 |          7 |      Fixed 
   570 |  JC69 |        12 |    280 |              52 |         16 |      Fixed 
   571 |  JC69 |         4 |    271 |               2 |          3 |      Fixed 
   572 |  JC69 |        18 |    246 |              12 |         10 |      Fixed 
   573 |  JC69 |        10 |    285 |              95 |         13 |      Fixed 
   574 |  JC69 |         4 |    123 |               1 |          2 |      Fixed 
   575 |  JC69 |        12 |    174 |               7 |          6 |      Fixed 
   576 |  JC69 |         4 |     95 |               2 |          3 |      Fixed 
   577 |  JC69 |        10 |    280 |             110 |         10 |      Fixed 
   578 |  JC69 |         4 |     47 |               0 |          1 |      Fixed 
   579 |  JC69 |        32 |    121 |               2 |          3 |      Fixed 
   580 |  JC69 |        38 |    108 |               4 |          5 |      Fixed 
   581 |  JC69 |        34 |    147 |              18 |          8 |      Fixed 
   582 |  JC69 |        10 |     43 |               1 |          2 |      Fixed 
   583 |  JC69 |        40 |    129 |              13 |          6 |      Fixed 
   584 |  JC69 |        32 |    126 |               1 |          2 |      Fixed 
   585 |  JC69 |        12 |     96 |               4 |          2 |      Fixed 
   586 |  JC69 |         4 |    235 |               0 |          2 |      Fixed 
   587 |  JC69 |        12 |    280 |              44 |         12 |      Fixed 
   588 |  JC69 |         6 |     46 |               0 |          1 |      Fixed 
   589 |  JC69 |        40 |    102 |               3 |          3 |      Fixed 
   590 |  JC69 |         4 |    281 |              30 |          6 |      Fixed 
   591 |  JC69 |         8 |    280 |               8 |         12 |      Fixed 
   592 |  JC69 |        38 |    292 |              22 |         19 |      Fixed 
   593 |  JC69 |        34 |    161 |               3 |         25 |      Fixed 
   594 |  JC69 |        14 |    521 |              27 |         26 |      Fixed 
   595 |  JC69 |         4 |    155 |               0 |          1 |      Fixed 
   596 |  JC69 |        24 |    154 |               2 |          5 |      Fixed 
   597 |  JC69 |         6 |    234 |               1 |          2 |      Fixed 
   598 |  JC69 |        40 |    164 |               6 |         41 |      Fixed 
   599 |  JC69 |        14 |     76 |               1 |          2 |      Fixed 
   600 |  JC69 |        40 |    269 |              82 |         36 |      Fixed 
   601 |  JC69 |        40 |    196 |              31 |         13 |      Fixed 
   602 |  JC69 |        26 |     57 |               2 |          2 |      Fixed 
   603 |  JC69 |        38 |    150 |              12 |         14 |      Fixed 
   604 |  JC69 |        26 |    169 |              82 |         14 |      Fixed 
   605 |  JC69 |        32 |    177 |               7 |         28 |      Fixed 
   606 |  JC69 |         4 |     55 |               0 |          1 |      Fixed 
   607 |  JC69 |         4 |    257 |               3 |          3 |      Fixed 
   608 |  JC69 |        30 |    233 |              16 |         21 |      Fixed 
   609 |  JC69 |        18 |     44 |               1 |          2 |      Fixed 
   610 |  JC69 |         8 |     90 |               0 |          1 |      Fixed 
   611 |  JC69 |        12 |    187 |              70 |         13 |      Fixed 
   612 |  JC69 |        18 |     88 |               0 |          1 |      Fixed 
   613 |  JC69 |         6 |    140 |              20 |          9 |      Fixed 
   614 |  JC69 |        38 |    123 |              12 |         13 |      Fixed 
   615 |  JC69 |        30 |    111 |               2 |          3 |      Fixed 
   616 |  JC69 |        34 |    275 |              90 |         11 |      Fixed 
   617 |  JC69 |        34 |    490 |              31 |         58 |      Fixed 
   618 |  JC69 |         6 |    275 |              54 |          9 |      Fixed 
   619 |  JC69 |        34 |    391 |             118 |         15 |      Fixed 
   620 |  JC69 |        28 |    215 |              18 |         36 |      Fixed 
   621 |  JC69 |        38 |    150 |               8 |         14 |      Fixed 
   622 |  JC69 |         4 |    248 |               1 |          2 |      Fixed 
   623 |  JC69 |        26 |    109 |              28 |          4 |      Fixed 
   624 |  JC69 |        12 |    281 |              12 |          9 |      Fixed 
   625 |  JC69 |        32 |     91 |               1 |          2 |      Fixed 
   626 |  JC69 |        20 |    290 |               9 |          6 |      Fixed 
   627 |  JC69 |         6 |    110 |               4 |          7 |      Fixed 
   628 |  JC69 |         4 |     52 |               0 |          1 |      Fixed 
   629 |  JC69 |        22 |    201 |              15 |          9 |      Fixed 
   630 |  JC69 |        12 |    266 |             133 |         15 |      Fixed 
   631 |  JC69 |        18 |     82 |               3 |          3 |      Fixed 
   632 |  JC69 |         6 |     57 |               0 |          1 |      Fixed 
   633 |  JC69 |        40 |    188 |               5 |         13 |      Fixed 
   634 |  JC69 |        38 |     50 |               3 |          4 |      Fixed 
   635 |  JC69 |        20 |     44 |               2 |          3 |      Fixed 
   636 |  JC69 |         6 |     44 |               0 |          1 |      Fixed 
   637 |  JC69 |        16 |    281 |              23 |         10 |      Fixed 
   638 |  JC69 |        40 |    465 |             125 |         17 |      Fixed 
   639 |  JC69 |         4 |    117 |               7 |          4 |      Fixed 
   640 |  JC69 |        40 |     57 |               0 |          1 |      Fixed 
   641 |  JC69 |        40 |    129 |               5 |          7 |      Fixed 
   642 |  JC69 |         6 |    274 |              11 |          6 |      Fixed 
   643 |  JC69 |         4 |    276 |               7 |          5 |      Fixed 
   644 |  JC69 |        16 |    156 |               2 |          2 |      Fixed 
   645 |  JC69 |        16 |    281 |             140 |         29 |      Fixed 
   646 |  JC69 |        10 |    102 |               4 |          2 |      Fixed 
   647 |  JC69 |         6 |     40 |               0 |          1 |      Fixed 
   648 |  JC69 |        16 |     73 |               2 |          3 |      Fixed 
   649 |  JC69 |        18 |    286 |              24 |         14 |      Fixed 
   650 |  JC69 |        38 |    141 |               5 |          6 |      Fixed 
   651 |  JC69 |        10 |     50 |               0 |          1 |      Fixed 
   652 |  JC69 |         6 |    233 |               8 |          5 |      Fixed 
   653 |  JC69 |         6 |     54 |               0 |          1 |      Fixed 
   654 |  JC69 |        36 |     64 |               2 |          3 |      Fixed 
   655 |  JC69 |        22 |    233 |               1 |          4 |      Fixed 
   656 |  JC69 |        20 |    165 |               3 |          2 |      Fixed 
   657 |  JC69 |        18 |     99 |               4 |          3 |      Fixed 
   658 |  JC69 |        34 |     90 |               0 |          1 |      Fixed 
   659 |  JC69 |         4 |    158 |               2 |          3 |      Fixed 
   660 |  JC69 |        40 |     84 |              12 |          2 |      Fixed 
   661 |  JC69 |        40 |     90 |               1 |          2 |      Fixed 
   662 |  JC69 |        10 |    270 |              32 |          9 |      Fixed 
   663 |  JC69 |        32 |    292 |              37 |         19 |      Fixed 
   664 |  JC69 |        26 |    352 |             107 |         10 |      Fixed 
   665 |  JC69 |        36 |    475 |             206 |         27 |      Fixed 
   666 |  JC69 |        36 |     64 |               2 |          3 |      Fixed 
   667 |  JC69 |         4 |     53 |               0 |          1 |      Fixed 
   668 |  JC69 |         4 |     48 |               0 |          1 |      Fixed 
   669 |  JC69 |         4 |    276 |              12 |          6 |      Fixed 
   670 |  JC69 |        40 |    175 |               3 |          5 |      Fixed 
   671 |  JC69 |        34 |    228 |              18 |         10 |      Fixed 
   672 |  JC69 |        40 |    206 |               8 |          8 |      Fixed 
   673 |  JC69 |        14 |    357 |              11 |         18 |      Fixed 
   674 |  JC69 |        28 |    383 |             115 |         13 |      Fixed 
   675 |  JC69 |        18 |    261 |             115 |         33 |      Fixed 
   676 |  JC69 |        40 |    186 |               3 |          4 |      Fixed 
   677 |  JC69 |        22 |     84 |               1 |          2 |      Fixed 
   678 |  JC69 |         8 |    285 |              23 |         10 |      Fixed 
   679 |  JC69 |        30 |    117 |               7 |          6 |      Fixed 
   680 |  JC69 |        30 |    135 |               3 |          5 |      Fixed 
   681 |  JC69 |        28 |    214 |              17 |         23 |      Fixed 
   682 |  JC69 |        26 |    166 |               3 |          5 |      Fixed 
   683 |  JC69 |         6 |    286 |              38 |          9 |      Fixed 
   684 |  JC69 |        40 |     95 |               7 |         13 |      Fixed 
   685 |  JC69 |        40 |    159 |               7 |          8 |      Fixed 
   686 |  JC69 |        12 |    282 |              52 |         18 |      Fixed 
   687 |  JC69 |        30 |    292 |              25 |         16 |      Fixed 
   688 |  JC69 |         4 |     96 |               0 |          1 |      Fixed 
   689 |  JC69 |        12 |    432 |              23 |         15 |      Fixed 
   690 |  JC69 |        10 |    281 |              53 |         14 |      Fixed 
   691 |  JC69 |        20 |     98 |               1 |          2 |      Fixed 
   692 |  JC69 |        40 |     55 |               3 |          4 |      Fixed 
   693 |  JC69 |         4 |    130 |               0 |          1 |      Fixed 
   694 |  JC69 |         6 |     79 |               3 |          2 |      Fixed 
   695 |  JC69 |        10 |    282 |              12 |          9 |      Fixed 
   696 |  JC69 |        38 |     93 |               5 |         68 |      Fixed 
   697 |  JC69 |        38 |    147 |              20 |         32 |      Fixed 
   698 |  JC69 |        24 |    208 |              31 |          7 |      Fixed 
   699 |  JC69 |        14 |    205 |               6 |          7 |      Fixed 
   700 |  JC69 |        32 |    265 |             137 |         12 |      Fixed 
   701 |  JC69 |         8 |    279 |              10 |          9 |      Fixed 
   702 |  JC69 |        34 |    110 |              21 |          5 |      Fixed 
   703 |  JC69 |        40 |    145 |               7 |          6 |      Fixed 
   704 |  JC69 |        40 |    118 |               3 |          4 |      Fixed 
   705 |  JC69 |        34 |    170 |              11 |         52 |      Fixed 
   706 |  JC69 |         4 |    203 |               0 |          2 |      Fixed 
   707 |  JC69 |        26 |    194 |              11 |          6 |      Fixed 
   708 |  JC69 |        38 |    188 |               3 |          4 |      Fixed 
   709 |  JC69 |         8 |    267 |               8 |          4 |      Fixed 
   710 |  JC69 |        10 |    556 |             318 |         18 |      Fixed 
   711 |  JC69 |        28 |    271 |              17 |         27 |      Fixed 
   712 |  JC69 |        32 |    211 |              12 |         14 |      Fixed 
   713 |  JC69 |         8 |    282 |              17 |         13 |      Fixed 
   714 |  JC69 |        18 |    281 |               9 |          7 |      Fixed 
   715 |  JC69 |         8 |    354 |             162 |          4 |      Fixed 
   716 |  JC69 |        18 |    271 |              12 |         13 |      Fixed 
   717 |  JC69 |        38 |    561 |             216 |         14 |      Fixed 
   718 |  JC69 |        16 |    268 |              17 |          9 |      Fixed 
   719 |  JC69 |        40 |    194 |               4 |          5 |      Fixed 
   720 |  JC69 |         8 |     57 |              21 |          4 |      Fixed 
   721 |  JC69 |        32 |    121 |               3 |          5 |      Fixed 
   722 |  JC69 |         4 |    283 |               9 |          6 |      Fixed 
   723 |  JC69 |        12 |    214 |              17 |          9 |      Fixed 
   724 |  JC69 |        40 |    181 |               5 |          8 |      Fixed 
   725 |  JC69 |         4 |     62 |               1 |          2 |      Fixed 
   726 |  JC69 |        40 |     91 |               9 |         19 |      Fixed 
   727 |  JC69 |        12 |    280 |              25 |         10 |      Fixed 
   728 |  JC69 |         6 |    236 |               1 |          3 |      Fixed 
   729 |  JC69 |        40 |    105 |              10 |         16 |      Fixed 
   730 |  JC69 |        28 |    192 |               6 |         11 |      Fixed 
   731 |  JC69 |        14 |    337 |             148 |         14 |      Fixed 
   732 |  JC69 |        10 |    131 |              10 |          8 |      Fixed 
   733 |  JC69 |        38 |    220 |               7 |         16 |      Fixed 
   734 |  JC69 |        40 |    212 |             107 |         10 |      Fixed 
   735 |  JC69 |        40 |    115 |               7 |          7 |      Fixed 
   736 |  JC69 |        34 |    295 |              90 |         14 |      Fixed 
   737 |  JC69 |        40 |    218 |               8 |         11 |      Fixed 
   738 |  JC69 |         6 |     47 |               0 |          1 |      Fixed 
   739 |  JC69 |         6 |     66 |               0 |          1 |      Fixed 
   740 |  JC69 |        32 |     80 |               1 |          2 |      Fixed 
   741 |  JC69 |         4 |     60 |               0 |          1 |      Fixed 
   742 |  JC69 |        40 |    116 |               4 |          7 |      Fixed 
   743 |  JC69 |         8 |    283 |              11 |          8 |      Fixed 
   744 |  JC69 |        28 |    387 |             132 |         57 |      Fixed 
   745 |  JC69 |        38 |    219 |              50 |        173 |      Fixed 
   746 |  JC69 |        10 |    339 |              70 |          8 |      Fixed 
   747 |  JC69 |        20 |    170 |               6 |         12 |      Fixed 
   748 |  JC69 |        16 |     63 |               1 |          3 |      Fixed 
   749 |  JC69 |        36 |    292 |              26 |         59 |      Fixed 
   750 |  JC69 |        34 |    104 |               5 |          6 |      Fixed 
   751 |  JC69 |        40 |    118 |               3 |          5 |      Fixed 
   752 |  JC69 |        34 |    169 |              20 |         21 |      Fixed 
   753 |  JC69 |         4 |    284 |               3 |          2 |      Fixed 
   754 |  JC69 |        18 |    128 |              11 |         18 |      Fixed 
   755 |  JC69 |        40 |    274 |              10 |         18 |      Fixed 
   756 |  JC69 |        40 |    307 |               8 |          9 |      Fixed 
   757 |  JC69 |         8 |     85 |               0 |          1 |      Fixed 
   758 |  JC69 |         6 |    112 |               3 |          4 |      Fixed 
   759 |  JC69 |        38 |    545 |             268 |         26 |      Fixed 
   760 |  JC69 |        38 |    355 |              49 |         40 |      Fixed 
   761 |  JC69 |        30 |    163 |              56 |          8 |      Fixed 
   762 |  JC69 |        38 |     83 |               5 |         10 |      Fixed 
   763 |  JC69 |         6 |    279 |              17 |          8 |      Fixed 
   764 |  JC69 |         6 |    282 |              10 |          5 |      Fixed 
   765 |  JC69 |        38 |    183 |               5 |         37 |      Fixed 
   766 |  JC69 |        40 |    150 |               3 |          3 |      Fixed 
   767 |  JC69 |        40 |    149 |              10 |          9 |      Fixed 
   768 |  JC69 |        30 |    128 |              20 |         14 |      Fixed 
   769 |  JC69 |        36 |    108 |               2 |          3 |      Fixed 
   770 |  JC69 |        40 |    113 |               4 |          5 |      Fixed 
   771 |  JC69 |        20 |    321 |             104 |         12 |      Fixed 
   772 |  JC69 |         4 |    280 |              87 |          2 |      Fixed 
   773 |  JC69 |        14 |    168 |              16 |          9 |      Fixed 
   774 |  JC69 |        36 |    125 |              11 |         21 |      Fixed 
   775 |  JC69 |        40 |    338 |             129 |          8 |      Fixed 
   776 |  JC69 |        10 |    202 |               7 |          8 |      Fixed 
   777 |  JC69 |        10 |    281 |              93 |         14 |      Fixed 
   778 |  JC69 |        38 |     69 |               3 |          4 |      Fixed 
   779 |  JC69 |        40 |    248 |              67 |         15 |      Fixed 
   780 |  JC69 |        40 |    305 |              47 |          6 |      Fixed 
   781 |  JC69 |        36 |    167 |               5 |          6 |      Fixed 
   782 |  JC69 |         8 |    195 |              15 |          5 |      Fixed 
   783 |  JC69 |        10 |    276 |              41 |         11 |      Fixed 
   784 |  JC69 |         6 |    280 |               4 |          3 |      Fixed 
   785 |  JC69 |        38 |    207 |               7 |         19 |      Fixed 
   786 |  JC69 |        28 |    361 |              96 |         31 |      Fixed 
   787 |  JC69 |        22 |     58 |               1 |          2 |      Fixed 
   788 |  JC69 |        38 |     66 |               1 |          2 |      Fixed 
   789 |  JC69 |        38 |    555 |             499 |         37 |      Fixed 
   790 |  JC69 |         4 |    115 |               0 |          1 |      Fixed 
   791 |  JC69 |        40 |    126 |               3 |          5 |      Fixed 
   792 |  JC69 |         4 |    284 |              25 |          5 |      Fixed 
   793 |  JC69 |         4 |     87 |               0 |          1 |      Fixed 
   794 |  JC69 |         4 |    244 |               0 |          1 |      Fixed 
   795 |  JC69 |         4 |    111 |               0 |          1 |      Fixed 
   796 |  JC69 |        40 |    195 |               9 |         13 |      Fixed 
   797 |  JC69 |        10 |    429 |             160 |          6 |      Fixed 
   798 |  JC69 |        40 |    239 |               7 |          5 |      Fixed 
   799 |  JC69 |        38 |    364 |             188 |          8 |      Fixed 
   800 |  JC69 |        14 |     91 |               0 |          1 |      Fixed 
   801 |  JC69 |        10 |    286 |               2 |          4 |      Fixed 
   802 |  JC69 |        30 |    174 |             101 |         39 |      Fixed 
   803 |  JC69 |        40 |    284 |              52 |         19 |      Fixed 
   804 |  JC69 |        14 |    151 |              23 |          4 |      Fixed 
   805 |  JC69 |        40 |     80 |               0 |          3 |      Fixed 
   806 |  JC69 |         4 |    246 |               4 |          4 |      Fixed 
   807 |  JC69 |        22 |     50 |               1 |          2 |      Fixed 
   808 |  JC69 |        36 |    449 |             238 |         64 |      Fixed 
   809 |  JC69 |        38 |    147 |              12 |         14 |      Fixed 
   810 |  JC69 |        40 |    260 |               6 |          8 |      Fixed 
   811 |  JC69 |        38 |     65 |               6 |          6 |      Fixed 
   812 |  JC69 |         6 |     73 |               1 |          2 |      Fixed 
   813 |  JC69 |        30 |    148 |               2 |          5 |      Fixed 
   814 |  JC69 |        16 |     78 |               4 |          5 |      Fixed 
   815 |  JC69 |         4 |    280 |               6 |          3 |      Fixed 
   816 |  JC69 |         6 |    138 |               1 |          2 |      Fixed 
   817 |  JC69 |        22 |    348 |             269 |         34 |      Fixed 
   818 |  JC69 |         4 |     37 |               0 |          1 |      Fixed 
   819 |  JC69 |        40 |    158 |              16 |          5 |      Fixed 
   820 |  JC69 |        10 |    276 |              46 |         10 |      Fixed 
   821 |  JC69 |        28 |    133 |              18 |         12 |      Fixed 
   822 |  JC69 |        40 |    161 |              59 |         27 |      Fixed 
   823 |  JC69 |         4 |     44 |               0 |          1 |      Fixed 
   824 |  JC69 |         4 |    275 |             134 |          2 |      Fixed 
   825 |  JC69 |        38 |    360 |              15 |          7 |      Fixed 
   826 |  JC69 |        40 |    147 |               7 |         15 |      Fixed 
   827 |  JC69 |        28 |    110 |               2 |          4 |      Fixed 
   828 |  JC69 |        12 |     50 |               1 |          2 |      Fixed 
   829 |  JC69 |         6 |    188 |              14 |          5 |      Fixed 
   830 |  JC69 |         4 |    281 |              13 |          5 |      Fixed 
   831 |  JC69 |        40 |    354 |              10 |         10 |      Fixed 
   832 |  JC69 |        18 |    197 |              80 |          9 |      Fixed 
   833 |  JC69 |        28 |    356 |              19 |         16 |      Fixed 
   834 |  JC69 |         8 |     45 |               0 |          1 |      Fixed 
   835 |  JC69 |        30 |     93 |               0 |          1 |      Fixed 
   836 |  JC69 |        30 |    263 |              41 |         20 |      Fixed 
   837 |  JC69 |        26 |    181 |               2 |          3 |      Fixed 
   838 |  JC69 |        14 |    114 |               1 |          2 |      Fixed 
   839 |  JC69 |        36 |    738 |             307 |         30 |      Fixed 
   840 |  JC69 |        30 |    292 |              23 |         20 |      Fixed 
   841 |  JC69 |        36 |    119 |               5 |          7 |      Fixed 
   842 |  JC69 |        36 |    221 |               3 |          3 |      Fixed 
   843 |  JC69 |        32 |    205 |               5 |         10 |      Fixed 
   844 |  JC69 |         8 |    195 |              62 |          3 |      Fixed 
   845 |  JC69 |        40 |    143 |               7 |          6 |      Fixed 
   846 |  JC69 |         4 |    215 |               7 |          3 |      Fixed 
   847 |  JC69 |         6 |    167 |               1 |          2 |      Fixed 
   848 |  JC69 |        28 |    198 |              32 |          7 |      Fixed 
   849 |  JC69 |        10 |     90 |               4 |          2 |      Fixed 
   850 |  JC69 |        38 |    177 |               5 |         13 |      Fixed 
   851 |  JC69 |        16 |    282 |             132 |         16 |      Fixed 
   852 |  JC69 |        40 |    345 |               9 |        136 |      Fixed 
   853 |  JC69 |        40 |    127 |               2 |          3 |      Fixed 
   854 |  JC69 |        16 |    143 |               6 |          4 |      Fixed 
   855 |  JC69 |        32 |    325 |              84 |        105 |      Fixed 
   856 |  JC69 |         8 |    114 |               0 |          1 |      Fixed 
   857 |  JC69 |        34 |     64 |               7 |          7 |      Fixed 
   858 |  JC69 |        40 |    146 |              11 |         13 |      Fixed 
   859 |  JC69 |        32 |    260 |             130 |         12 |      Fixed 
   860 |  JC69 |        22 |    235 |              43 |          5 |      Fixed 
   861 |  JC69 |         6 |    276 |               6 |          4 |      Fixed 
   862 |  JC69 |         4 |     50 |               0 |          1 |      Fixed 
   863 |  JC69 |        22 |    130 |               0 |          1 |      Fixed 
   864 |  JC69 |        16 |    282 |              22 |         12 |      Fixed 
   865 |  JC69 |         4 |     46 |               0 |          1 |      Fixed 
   866 |  JC69 |        40 |    545 |             173 |         26 |      Fixed 
   867 |  JC69 |        30 |    348 |              23 |         16 |      Fixed 
   868 |  JC69 |         4 |    282 |              22 |          5 |      Fixed 
   869 |  JC69 |        18 |     56 |               0 |          1 |      Fixed 
   870 |  JC69 |         6 |    355 |             124 |          4 |      Fixed 
   871 |  JC69 |         8 |    439 |             102 |          4 |      Fixed 
   872 |  JC69 |        36 |     71 |               7 |          6 |      Fixed 
   873 |  JC69 |         4 |    171 |              20 |          3 |      Fixed 
   874 |  JC69 |        22 |    276 |              23 |         12 |      Fixed 
   875 |  JC69 |        20 |    366 |             104 |         16 |      Fixed 
   876 |  JC69 |        26 |    226 |              15 |         15 |      Fixed 
   877 |  JC69 |        40 |     76 |               2 |          3 |      Fixed 
   878 |  JC69 |         4 |    259 |              15 |          7 |      Fixed 
   879 |  JC69 |        14 |    421 |              74 |         20 |      Fixed 
   880 |  JC69 |        14 |    345 |             150 |         15 |      Fixed 
   881 |  JC69 |        40 |    136 |               3 |          4 |      Fixed 
   882 |  JC69 |         6 |    251 |               1 |          2 |      Fixed 
   883 |  JC69 |         8 |     55 |               8 |          4 |      Fixed 
   884 |  JC69 |        40 |    124 |               3 |          4 |      Fixed 
   885 |  JC69 |        36 |    146 |               9 |          6 |      Fixed 
   886 |  JC69 |        30 |     83 |               8 |          7 |      Fixed 
   887 |  JC69 |         6 |    281 |              67 |          5 |      Fixed 
   888 |  JC69 |        38 |    190 |               5 |          7 |      Fixed 
   889 |  JC69 |        22 |    217 |              42 |          5 |      Fixed 
   890 |  JC69 |        40 |     99 |               2 |          3 |      Fixed 
   891 |  JC69 |        40 |    451 |             149 |         29 |      Fixed 
   892 |  JC69 |        18 |    262 |              17 |          9 |      Fixed 
   893 |  JC69 |        36 |    152 |               5 |        173 |      Fixed 
   894 |  JC69 |        38 |     83 |               6 |          7 |      Fixed 
   895 |  JC69 |        38 |     54 |               0 |          1 |      Fixed 
   896 |  JC69 |        40 |    112 |               0 |          1 |      Fixed 
   897 |  JC69 |         6 |     59 |               2 |          3 |      Fixed 
   898 |  JC69 |        40 |    167 |               1 |          2 |      Fixed 
   899 |  JC69 |        40 |    326 |              17 |         25 |      Fixed 
   900 |  JC69 |        34 |    146 |              68 |         17 |      Fixed 
   901 |  JC69 |         4 |    283 |              22 |          6 |      Fixed 
   902 |  JC69 |        40 |    307 |              21 |         55 |      Fixed 
   903 |  JC69 |        18 |    283 |              31 |         21 |      Fixed 
   904 |  JC69 |        38 |    256 |              31 |         14 |      Fixed 
   905 |  JC69 |         8 |    183 |               8 |          3 |      Fixed 
   906 |  JC69 |        10 |    400 |             132 |         11 |      Fixed 
   907 |  JC69 |        12 |    149 |              14 |          2 |      Fixed 
   908 |  JC69 |         6 |    278 |              12 |          7 |      Fixed 
   909 |  JC69 |        30 |    231 |               7 |          8 |      Fixed 
   910 |  JC69 |        28 |    146 |              11 |         14 |      Fixed 
   911 |  JC69 |        40 |    115 |               7 |          7 |      Fixed 
   912 |  JC69 |        12 |    286 |              22 |         12 |      Fixed 
   913 |  JC69 |        40 |    241 |               6 |         38 |      Fixed 
   914 |  JC69 |        10 |     78 |               0 |          1 |      Fixed 
   915 |  JC69 |        38 |    181 |               3 |          4 |      Fixed 
   916 |  JC69 |        16 |    161 |               4 |          3 |      Fixed 
   917 |  JC69 |        40 |     82 |               2 |          3 |      Fixed 
   918 |  JC69 |        40 |    146 |               3 |          4 |      Fixed 
   919 |  JC69 |        30 |    272 |               5 |          4 |      Fixed 
   920 |  JC69 |        38 |    210 |               6 |         10 |      Fixed 
   921 |  JC69 |         6 |    147 |               2 |          3 |      Fixed 
   922 |  JC69 |        32 |     82 |               1 |          2 |      Fixed 
   923 |  JC69 |        30 |    291 |              68 |         23 |      Fixed 
   924 |  JC69 |        40 |    575 |             312 |         26 |      Fixed 
   925 |  JC69 |         4 |     67 |               1 |          2 |      Fixed 
   926 |  JC69 |        34 |    102 |               3 |          7 |      Fixed 
   927 |  JC69 |        10 |    356 |             247 |         10 |      Fixed 
   928 |  JC69 |        18 |    284 |              58 |         25 |      Fixed 
   929 |  JC69 |        26 |    289 |              39 |         32 |      Fixed 
   930 |  JC69 |        36 |    292 |              25 |         72 |      Fixed 
   931 |  JC69 |        40 |    149 |               6 |         23 |      Fixed 
   932 |  JC69 |         4 |    282 |              10 |          2 |      Fixed 
   933 |  JC69 |         6 |    279 |              15 |          7 |      Fixed 
   934 |  JC69 |        32 |    188 |              11 |          8 |      Fixed 
   935 |  JC69 |        38 |    289 |               8 |         29 |      Fixed 
   936 |  JC69 |        40 |    462 |             200 |         29 |      Fixed 
   937 |  JC69 |        30 |    265 |               7 |          6 |      Fixed 
   938 |  JC69 |         4 |     42 |               0 |          1 |      Fixed 
   939 |  JC69 |        40 |     91 |               1 |          2 |      Fixed 
   940 |  JC69 |         4 |    269 |               8 |          8 |      Fixed 
   941 |  JC69 |         4 |    286 |              87 |          4 |      Fixed 
   942 |  JC69 |         6 |     56 |               4 |          2 |      Fixed 
   943 |  JC69 |        40 |    132 |               0 |          1 |      Fixed 
   944 |  JC69 |        40 |    200 |              15 |         18 |      Fixed 
   945 |  JC69 |         8 |    280 |              58 |          8 |      Fixed 
   946 |  JC69 |        34 |    193 |             142 |         14 |      Fixed 
   947 |  JC69 |         4 |     62 |               1 |          3 |      Fixed 
   948 |  JC69 |        18 |    146 |              33 |          3 |      Fixed 
   949 |  JC69 |         8 |    119 |               0 |          1 |      Fixed 
   950 |  JC69 |        22 |    278 |              14 |         10 |      Fixed 
   951 |  JC69 |        12 |    211 |               2 |          4 |      Fixed 
   952 |  JC69 |        38 |     48 |               1 |          2 |      Fixed 
   953 |  JC69 |         6 |     43 |               1 |          2 |      Fixed 
   954 |  JC69 |        40 |    232 |               1 |          2 |      Fixed 
   955 |  JC69 |        32 |    116 |               8 |         11 |      Fixed 
   956 |  JC69 |        10 |    288 |              15 |          7 |      Fixed 
   957 |  JC69 |        32 |    121 |               3 |          4 |      Fixed 
   958 |  JC69 |        34 |    262 |               9 |          8 |      Fixed 
   959 |  JC69 |        38 |    189 |              10 |         12 |      Fixed 
   960 |  JC69 |        22 |    284 |              25 |         20 |      Fixed 
   961 |  JC69 |         4 |    282 |               1 |          2 |      Fixed 
   962 |  JC69 |         6 |     41 |               0 |          1 |      Fixed 
   963 |  JC69 |        40 |    632 |             279 |         27 |      Fixed 
   964 |  JC69 |         8 |    273 |               5 |          6 |      Fixed 
   965 |  JC69 |        38 |    268 |              11 |         12 |      Fixed 
   966 |  JC69 |        40 |    161 |               9 |         14 |      Fixed 
   967 |  JC69 |        40 |     87 |               3 |          4 |      Fixed 
   968 |  JC69 |        16 |     78 |               2 |          3 |      Fixed 
   969 |  JC69 |        12 |    227 |               3 |          4 |      Fixed 
   970 |  JC69 |        10 |    282 |              48 |         12 |      Fixed 
   971 |  JC69 |        14 |    324 |              59 |         16 |      Fixed 
   972 |  JC69 |        24 |    237 |               2 |          3 |      Fixed 
   973 |  JC69 |         6 |    237 |               2 |          3 |      Fixed 
   974 |  JC69 |         8 |    237 |               0 |          1 |      Fixed 
   975 |  JC69 |        10 |    237 |              23 |          6 |      Fixed 
   976 |  JC69 |        30 |    290 |              84 |         13 |      Fixed 
   977 |  JC69 |        40 |    140 |               7 |          7 |      Fixed 
   978 |  JC69 |        40 |    122 |               2 |          3 |      Fixed 
   979 |  JC69 |        38 |    217 |               5 |         10 |      Fixed 
   980 |  JC69 |        30 |    193 |               3 |          4 |      Fixed 
   981 |  JC69 |        20 |    357 |             147 |         12 |      Fixed 
   982 |  JC69 |         4 |    280 |              12 |         10 |      Fixed 
   983 |  JC69 |        38 |    527 |             370 |         16 |      Fixed 
   984 |  JC69 |        38 |    748 |             308 |         26 |      Fixed 
   985 |  JC69 |        40 |    378 |              52 |         15 |      Fixed 
   986 |  JC69 |        38 |    294 |              87 |          5 |      Fixed 
   987 |  JC69 |         4 |    276 |               4 |          4 |      Fixed 
   988 |  JC69 |         6 |    146 |               6 |          3 |      Fixed 
   989 |  JC69 |        40 |    239 |              98 |          5 |      Fixed 
   990 |  JC69 |        40 |    198 |               1 |          2 |      Fixed 
   991 |  JC69 |        38 |    174 |               7 |          5 |      Fixed 
   992 |  JC69 |        20 |    145 |               8 |          5 |      Fixed 
   993 |  JC69 |        34 |     59 |               3 |          2 |      Fixed 
   994 |  JC69 |        38 |    269 |              64 |         14 |      Fixed 
   995 |  JC69 |        28 |    402 |              22 |         18 |      Fixed 
   996 |  JC69 |        40 |    185 |               4 |          5 |      Fixed 
   997 |  JC69 |        10 |    176 |               8 |          6 |      Fixed 
   998 |  JC69 |        40 |    242 |               2 |          3 |      Fixed 
   999 |  JC69 |        10 |    202 |               4 |          3 |      Fixed 
  1000 |  JC69 |        38 |    120 |               3 |         10 |      Fixed 
  1001 |  JC69 |         4 |    280 |               6 |          3 |      Fixed 
  1002 |  JC69 |        40 |    353 |             138 |          8 |      Fixed 
  1003 |  JC69 |        38 |    954 |             646 |         91 |      Fixed 
  1004 |  JC69 |         6 |    277 |              11 |         10 |      Fixed 
  1005 |  JC69 |         4 |    285 |              13 |          3 |      Fixed 
  1006 |  JC69 |         6 |    247 |               2 |          3 |      Fixed 
  1007 |  JC69 |        40 |     86 |              11 |          6 |      Fixed 
  1008 |  JC69 |        40 |    180 |               5 |          5 |      Fixed 
  1009 |  JC69 |        22 |    413 |             183 |         30 |      Fixed 
  1010 |  JC69 |         6 |    269 |              11 |          3 |      Fixed 
  1011 |  JC69 |        40 |    365 |              96 |         63 |      Fixed 
  1012 |  JC69 |        24 |    286 |              30 |         20 |      Fixed 
  1013 |  JC69 |        38 |    321 |              23 |         22 |      Fixed 
  1014 |  JC69 |        34 |     59 |               4 |          3 |      Fixed 
  1015 |  JC69 |        24 |     63 |               7 |         10 |      Fixed 
  1016 |  JC69 |        10 |    279 |              17 |          9 |      Fixed 
  1017 |  JC69 |        40 |    160 |               3 |          4 |      Fixed 
  1018 |  JC69 |        38 |    147 |              14 |         13 |      Fixed 
  1019 |  JC69 |         6 |    224 |               4 |          2 |      Fixed 
  1020 |  JC69 |        40 |    365 |              92 |          6 |      Fixed 
  1021 |  JC69 |        28 |    178 |              12 |         12 |      Fixed 
  1022 |  JC69 |        40 |    260 |             119 |          9 |      Fixed 
  1023 |  JC69 |        40 |    148 |               3 |         14 |      Fixed 
  1024 |  JC69 |        40 |     87 |               0 |          1 |      Fixed 
  1025 |  JC69 |        38 |    122 |               6 |          9 |      Fixed 
  1026 |  JC69 |        26 |    165 |               2 |          3 |      Fixed 
  1027 |  JC69 |        34 |    287 |              46 |         33 |      Fixed 
  1028 |  JC69 |        40 |    245 |               4 |          6 |      Fixed 
  1029 |  JC69 |        40 |    125 |               7 |         66 |      Fixed 
  1030 |  JC69 |        40 |     69 |               2 |          4 |      Fixed 
  1031 |  JC69 |        34 |    528 |             528 |         27 |      Fixed 
  1032 |  JC69 |        40 |    125 |               3 |          3 |      Fixed 
  1033 |  JC69 |        36 |    138 |               1 |          2 |      Fixed 
  1034 |  JC69 |        14 |     93 |              40 |          2 |      Fixed 
  1035 |  JC69 |        38 |     67 |               4 |          6 |      Fixed 
  1036 |  JC69 |        36 |    170 |               8 |          8 |      Fixed 
  1037 |  JC69 |         8 |     44 |               0 |          1 |      Fixed 
  1038 |  JC69 |        40 |     83 |               0 |          1 |      Fixed 
  1039 |  JC69 |         8 |    281 |              17 |          8 |      Fixed 
  1040 |  JC69 |        40 |    149 |               2 |          3 |      Fixed 
  1041 |  JC69 |         8 |    484 |             218 |          9 |      Fixed 
  1042 |  JC69 |        16 |    283 |              26 |         50 |      Fixed 
  1043 |  JC69 |        40 |     93 |               1 |          2 |      Fixed 
  1044 |  JC69 |        10 |     83 |               1 |          2 |      Fixed 
  1045 |  JC69 |        14 |     95 |               0 |          2 |      Fixed 
  1046 |  JC69 |        24 |    446 |             232 |         27 |      Fixed 
  1047 |  JC69 |        40 |    454 |              20 |         42 |      Fixed 
  1048 |  JC69 |        38 |    146 |              19 |          6 |      Fixed 
  1049 |  JC69 |         6 |    161 |               1 |          2 |      Fixed 
  1050 |  JC69 |        40 |    317 |             184 |         12 |      Fixed 
  1051 |  JC69 |        12 |    395 |             130 |          9 |      Fixed 
  1052 |  JC69 |        40 |    102 |               2 |          3 |      Fixed 
  1053 |  JC69 |        40 |     76 |               0 |          1 |      Fixed 
  1054 |  JC69 |         6 |    524 |             256 |         13 |      Fixed 
  1055 |  JC69 |        38 |    362 |              96 |         37 |      Fixed 
  1056 |  JC69 |        28 |     85 |               4 |          4 |      Fixed 
  1057 |  JC69 |        30 |    126 |               9 |          7 |      Fixed 
  1058 |  JC69 |        18 |     69 |               9 |          8 |      Fixed 
  1059 |  JC69 |         8 |    125 |               0 |          1 |      Fixed 
  1060 |  JC69 |        36 |    211 |              67 |         63 |      Fixed 
  1061 |  JC69 |        40 |    170 |              68 |         14 |      Fixed 
  1062 |  JC69 |        36 |    232 |              35 |         10 |      Fixed 
  1063 |  JC69 |        38 |     86 |               3 |          3 |      Fixed 
  1064 |  JC69 |        34 |    193 |              71 |         25 |      Fixed 
  1065 |  JC69 |        18 |     47 |               0 |          1 |      Fixed 
  1066 |  JC69 |        36 |     71 |               7 |          6 |      Fixed 
  1067 |  JC69 |        10 |    279 |              24 |          8 |      Fixed 
  1068 |  JC69 |        40 |    217 |               4 |          5 |      Fixed 
  1069 |  JC69 |        14 |    285 |              26 |         14 |      Fixed 
  1070 |  JC69 |         4 |    114 |               4 |          4 |      Fixed 
  1071 |  JC69 |        40 |    265 |             116 |         15 |      Fixed 
  1072 |  JC69 |         6 |    281 |               8 |          5 |      Fixed 
  1073 |  JC69 |        12 |    281 |              34 |         13 |      Fixed 
  1074 |  JC69 |        40 |     99 |               6 |         36 |      Fixed 
  1075 |  JC69 |        36 |    343 |             343 |          5 |      Fixed 
  1076 |  JC69 |         4 |    286 |              43 |          4 |      Fixed 
  1077 |  JC69 |        40 |    512 |             364 |         24 |      Fixed 
  1078 |  JC69 |        10 |     50 |               1 |          2 |      Fixed 
  1079 |  JC69 |         4 |     50 |               0 |          1 |      Fixed 
  1080 |  JC69 |        16 |    281 |              22 |         19 |      Fixed 
  1081 |  JC69 |        40 |    118 |               3 |          4 |      Fixed 
  1082 |  JC69 |        40 |    141 |               1 |          2 |      Fixed 
  1083 |  JC69 |        38 |     93 |               1 |          2 |      Fixed 
  1084 |  JC69 |        18 |    259 |              77 |          6 |      Fixed 
  1085 |  JC69 |         8 |    249 |              15 |          9 |      Fixed 
  1086 |  JC69 |        12 |    279 |              18 |         14 |      Fixed 
  1087 |  JC69 |        10 |     78 |               2 |          2 |      Fixed 
  1088 |  JC69 |        40 |    339 |               8 |         19 |      Fixed 
  1089 |  JC69 |         4 |     73 |               0 |          1 |      Fixed 
  1090 |  JC69 |        38 |    246 |              16 |         20 |      Fixed 
  1091 |  JC69 |        10 |    276 |              31 |         15 |      Fixed 
  1092 |  JC69 |        36 |    372 |              10 |         15 |      Fixed 
  1093 |  JC69 |        36 |    662 |             450 |         35 |      Fixed 
  1094 |  JC69 |        20 |    172 |              17 |         15 |      Fixed 
  1095 |  JC69 |        20 |    282 |              29 |         22 |      Fixed 
  1096 |  JC69 |        40 |    296 |              65 |          7 |      Fixed 
  1097 |  JC69 |        10 |     60 |               0 |          1 |      Fixed 
  1098 |  JC69 |        40 |    154 |               2 |          3 |      Fixed 
  1099 |  JC69 |        40 |    181 |               2 |          3 |      Fixed 
  1100 |  JC69 |        40 |    102 |               6 |          7 |      Fixed 
  1101 |  JC69 |        40 |    146 |               6 |          7 |      Fixed 
  1102 |  JC69 |        38 |    662 |             464 |         74 |      Fixed 
  1103 |  JC69 |        34 |    107 |               1 |          2 |      Fixed 
  1104 |  JC69 |        22 |    379 |              18 |         15 |      Fixed 
  1105 |  JC69 |        12 |    167 |               2 |          3 |      Fixed 
  1106 |  JC69 |        30 |    284 |              23 |         27 |      Fixed 
  1107 |  JC69 |        38 |     53 |               1 |          2 |      Fixed 
  1108 |  JC69 |        10 |    280 |              32 |         10 |      Fixed 
  1109 |  JC69 |         6 |    147 |               3 |          4 |      Fixed 
  1110 |  JC69 |        24 |    282 |             109 |         19 |      Fixed 
  1111 |  JC69 |        38 |    523 |             282 |         47 |      Fixed 
  1112 |  JC69 |         4 |    284 |               2 |          2 |      Fixed 
  1113 |  JC69 |        34 |    125 |               7 |          5 |      Fixed 
  1114 |  JC69 |        36 |    454 |             230 |         14 |      Fixed 
  1115 |  JC69 |         4 |    283 |               2 |          3 |      Fixed 
  1116 |  JC69 |        32 |    410 |              64 |         10 |      Fixed 
  1117 |  JC69 |        32 |   1154 |             682 |         37 |      Fixed 
  1118 |  JC69 |        40 |    466 |             208 |         21 |      Fixed 
  1119 |  JC69 |        40 |    632 |             632 |         73 |      Fixed 
  1120 |  JC69 |        40 |    381 |              25 |         18 |      Fixed 
  1121 |  JC69 |        40 |    237 |              12 |         16 |      Fixed 
  1122 |  JC69 |         4 |    483 |               9 |          8 |      Fixed 
  1123 |  JC69 |        40 |    115 |               4 |          5 |      Fixed 
  1124 |  JC69 |        16 |     53 |               5 |          3 |      Fixed 
  1125 |  JC69 |        40 |     75 |               0 |          1 |      Fixed 
  1126 |  JC69 |        40 |    544 |              65 |         19 |      Fixed 
  1127 |  JC69 |        20 |    359 |             120 |         19 |      Fixed 
  1128 |  JC69 |        40 |    308 |             148 |          8 |      Fixed 
  1129 |  JC69 |        12 |    282 |              30 |         11 |      Fixed 
  1130 |  JC69 |         6 |    243 |               4 |          5 |      Fixed 
  1131 |  JC69 |        30 |    175 |               4 |          4 |      Fixed 
  1132 |  JC69 |        20 |    145 |               5 |         13 |      Fixed 
  1133 |  JC69 |        34 |    294 |              14 |         34 |      Fixed 
  1134 |  JC69 |        30 |    157 |              12 |         26 |      Fixed 
  1135 |  JC69 |        40 |    347 |             117 |          7 |      Fixed 
  1136 |  JC69 |         4 |    281 |               7 |          3 |      Fixed 
  1137 |  JC69 |        30 |    292 |              21 |         15 |      Fixed 
  1138 |  JC69 |        30 |    149 |              57 |          5 |      Fixed 
  1139 |  JC69 |         4 |    277 |               9 |          6 |      Fixed 
  1140 |  JC69 |         8 |    282 |              14 |          7 |      Fixed 
  1141 |  JC69 |        22 |    291 |             126 |         18 |      Fixed 
  1142 |  JC69 |        34 |    281 |              88 |          6 |      Fixed 
  1143 |  JC69 |        38 |    228 |               3 |          4 |      Fixed 
  1144 |  JC69 |        40 |    378 |             170 |          9 |      Fixed 
  1145 |  JC69 |        40 |    308 |               4 |          9 |      Fixed 
  1146 |  JC69 |        36 |    290 |              28 |         26 |      Fixed 
  1147 |  JC69 |        34 |    451 |              22 |         19 |      Fixed 
  1148 |  JC69 |        26 |     57 |               1 |          2 |      Fixed 
  1149 |  JC69 |         4 |    142 |               4 |          3 |      Fixed 
  1150 |  JC69 |        10 |     47 |               2 |          2 |      Fixed 
  1151 |  JC69 |        16 |    427 |             168 |         25 |      Fixed 
  1152 |  JC69 |        18 |    278 |             118 |         19 |      Fixed 
  1153 |  JC69 |         6 |     50 |               0 |          1 |      Fixed 
  1154 |  JC69 |        40 |    102 |               5 |          7 |      Fixed 
  1155 |  JC69 |        38 |    141 |              38 |          7 |      Fixed 
  1156 |  JC69 |        20 |    286 |              24 |         19 |      Fixed 
  1157 |  JC69 |        20 |    280 |              41 |         26 |      Fixed 
  1158 |  JC69 |         6 |     56 |               0 |          1 |      Fixed 
  1159 |  JC69 |        40 |    216 |               3 |          5 |      Fixed 
  1160 |  JC69 |         8 |    320 |             161 |          9 |      Fixed 
  1161 |  JC69 |        40 |    161 |               2 |          3 |      Fixed 
  1162 |  JC69 |        40 |    106 |               0 |          1 |      Fixed 
  1163 |  JC69 |        12 |    280 |              16 |          9 |      Fixed 
  1164 |  JC69 |        40 |    106 |               3 |          4 |      Fixed 
  1165 |  JC69 |        40 |    112 |               7 |         65 |      Fixed 
  1166 |  JC69 |        38 |    117 |               3 |          4 |      Fixed 
  1167 |  JC69 |        40 |    148 |               2 |          4 |      Fixed 
  1168 |  JC69 |        16 |    188 |               9 |          8 |      Fixed 
  1169 |  JC69 |         8 |    122 |               0 |          1 |      Fixed 
  1170 |  JC69 |        40 |    134 |              10 |          7 |      Fixed 
  1171 |  JC69 |        22 |    168 |               4 |         19 |      Fixed 
  1172 |  JC69 |        38 |     87 |               7 |          8 |      Fixed 
  1173 |  JC69 |         6 |     56 |               0 |          1 |      Fixed 
  1174 |  JC69 |        40 |    536 |             130 |         48 |      Fixed 
  1175 |  JC69 |        40 |    191 |              12 |         27 |      Fixed 
  1176 |  JC69 |         8 |    268 |               8 |          9 |      Fixed 
  1177 |  JC69 |        30 |    169 |               4 |          4 |      Fixed 
  1178 |  JC69 |        34 |    334 |             156 |         11 |      Fixed 
  1179 |  JC69 |        36 |    320 |             246 |         21 |      Fixed 
  1180 |  JC69 |        32 |    628 |             416 |         43 |      Fixed 
  1181 |  JC69 |         6 |    170 |              56 |          5 |      Fixed 
  1182 |  JC69 |        38 |    146 |              11 |          9 |      Fixed 
  1183 |  JC69 |        22 |    359 |              66 |         23 |      Fixed 
  1184 |  JC69 |        40 |    176 |              12 |         17 |      Fixed 
  1185 |  JC69 |        14 |    376 |             124 |          5 |      Fixed 
  1186 |  JC69 |        40 |    555 |             281 |         29 |      Fixed 
  1187 |  JC69 |        40 |    218 |               5 |          7 |      Fixed 
  1188 |  JC69 |         6 |    275 |              17 |          3 |      Fixed 
  1189 |  JC69 |        40 |    102 |              11 |         13 |      Fixed 
  1190 |  JC69 |        30 |    237 |              13 |         21 |      Fixed 
  1191 |  JC69 |        38 |     62 |               2 |          3 |      Fixed 
  1192 |  JC69 |         4 |    274 |               1 |          2 |      Fixed 
  1193 |  JC69 |         6 |    280 |              10 |          6 |      Fixed 
  1194 |  JC69 |        18 |    283 |              27 |         18 |      Fixed 
  1195 |  JC69 |        24 |    252 |              11 |         25 |      Fixed 
  1196 |  JC69 |        30 |    260 |              12 |         12 |      Fixed 
  1197 |  JC69 |        40 |    267 |               4 |          6 |      Fixed 
  1198 |  JC69 |        16 |    169 |               5 |          8 |      Fixed 
  1199 |  JC69 |        32 |     73 |               1 |          2 |      Fixed 
  1200 |  JC69 |        12 |    362 |             113 |          6 |      Fixed 
  1201 |  JC69 |        38 |    251 |               3 |          4 |      Fixed 
  1202 |  JC69 |        34 |    402 |             286 |         48 |      Fixed 
  1203 |  JC69 |        38 |     82 |               7 |          8 |      Fixed 
  1204 |  JC69 |         8 |    255 |               1 |          2 |      Fixed 
  1205 |  JC69 |        26 |    717 |             481 |         15 |      Fixed 
  1206 |  JC69 |        40 |    361 |             156 |         32 |      Fixed 
  1207 |  JC69 |        36 |    292 |              37 |         21 |      Fixed 
  1208 |  JC69 |         4 |    286 |              13 |          4 |      Fixed 
  1209 |  JC69 |         8 |    287 |              25 |          9 |      Fixed 
  1210 |  JC69 |        36 |    503 |             306 |          9 |      Fixed 
  1211 |  JC69 |         8 |    183 |               0 |          1 |      Fixed 
  1212 |  JC69 |        32 |     74 |              10 |          4 |      Fixed 
  1213 |  JC69 |        16 |    410 |             301 |         16 |      Fixed 
  1214 |  JC69 |        22 |    133 |               2 |          3 |      Fixed 
  1215 |  JC69 |         4 |     65 |               2 |          2 |      Fixed 
  1216 |  JC69 |        40 |     98 |               6 |          9 |      Fixed 
  1217 |  JC69 |        40 |    360 |              13 |         12 |      Fixed 
  1218 |  JC69 |        40 |    163 |               7 |         20 |      Fixed 
  1219 |  JC69 |         4 |    185 |               1 |          2 |      Fixed 
  1220 |  JC69 |        40 |    146 |               0 |          1 |      Fixed 
  1221 |  JC69 |        32 |    281 |              24 |         15 |      Fixed 
  1222 |  JC69 |        40 |    154 |              47 |         10 |      Fixed 
  1223 |  JC69 |        40 |    169 |               8 |          9 |      Fixed 
  1224 |  JC69 |        40 |    488 |             106 |         15 |      Fixed 
  1225 |  JC69 |        20 |    132 |               1 |          2 |      Fixed 
  1226 |  JC69 |        22 |    288 |              24 |         17 |      Fixed 
  1227 |  JC69 |        40 |    429 |             201 |         27 |      Fixed 
  1228 |  JC69 |        14 |    282 |              27 |         13 |      Fixed 
  1229 |  JC69 |         6 |     49 |               0 |          1 |      Fixed 
  1230 |  JC69 |        24 |    378 |              96 |         22 |      Fixed 
  1231 |  JC69 |         8 |    134 |               6 |          3 |      Fixed 
  1232 |  JC69 |        38 |    231 |              13 |         20 |      Fixed 
  1233 |  JC69 |         8 |    276 |              20 |          8 |      Fixed 
  1234 |  JC69 |        40 |     72 |               2 |          3 |      Fixed 
  1235 |  JC69 |        20 |    410 |             175 |         33 |      Fixed 
  1236 |  JC69 |         8 |    282 |              97 |          8 |      Fixed 
  1237 |  JC69 |        36 |     65 |               6 |          4 |      Fixed 
  1238 |  JC69 |        38 |     79 |               4 |          5 |      Fixed 
  1239 |  JC69 |        38 |    111 |               4 |          5 |      Fixed 
  1240 |  JC69 |        36 |    625 |             337 |         66 |      Fixed 
  1241 |  JC69 |         4 |    279 |               6 |          5 |      Fixed 
  1242 |  JC69 |        40 |     55 |               3 |          4 |      Fixed 
  1243 |  JC69 |        38 |    292 |              20 |         15 |      Fixed 
  1244 |  JC69 |        20 |    282 |              54 |         16 |      Fixed 
  1245 |  JC69 |         6 |    105 |               7 |          2 |      Fixed 
  1246 |  JC69 |        20 |    106 |              15 |          8 |      Fixed 
  1247 |  JC69 |         4 |     59 |               1 |          2 |      Fixed 
  1248 |  JC69 |         8 |    279 |               7 |          6 |      Fixed 
  1249 |  JC69 |        14 |    286 |              22 |         13 |      Fixed 
  1250 |  JC69 |        14 |     71 |               2 |          3 |      Fixed 
  1251 |  JC69 |         4 |     85 |               0 |          1 |      Fixed 
  1252 |  JC69 |        22 |    287 |              26 |         16 |      Fixed 
  1253 |  JC69 |        40 |    127 |               5 |          9 |      Fixed 
  1254 |  JC69 |        32 |    403 |             178 |         15 |      Fixed 
  1255 |  JC69 |        18 |    410 |             162 |         14 |      Fixed 
  1256 |  JC69 |        40 |    240 |             110 |         56 |      Fixed 
  1257 |  JC69 |        34 |    208 |               6 |          9 |      Fixed 
  1258 |  JC69 |        40 |    115 |               3 |          5 |      Fixed 
  1259 |  JC69 |        32 |    287 |              26 |         24 |      Fixed 
  1260 |  JC69 |        32 |    135 |               4 |          7 |      Fixed 
  1261 |  JC69 |        18 |    129 |               5 |          7 |      Fixed 
  1262 |  JC69 |        34 |     81 |               5 |          5 |      Fixed 
  1263 |  JC69 |        40 |    322 |             127 |         11 |      Fixed 
  1264 |  JC69 |         6 |     52 |               2 |          2 |      Fixed 
  1265 |  JC69 |        24 |    494 |              92 |         18 |      Fixed 
  1266 |  JC69 |        38 |    443 |             272 |         72 |      Fixed 
  1267 |  JC69 |        14 |    171 |               4 |          9 |      Fixed 
  1268 |  JC69 |        40 |    143 |               6 |          6 |      Fixed 
  1269 |  JC69 |        40 |     90 |               4 |          7 |      Fixed 
  1270 |  JC69 |         6 |    256 |               4 |          5 |      Fixed 
  1271 |  JC69 |        28 |     59 |               2 |          3 |      Fixed 
  1272 |  JC69 |         8 |    281 |              10 |          5 |      Fixed 
  1273 |  JC69 |        38 |     62 |               1 |          2 |      Fixed 
  1274 |  JC69 |        40 |    197 |               5 |          6 |      Fixed 
  1275 |  JC69 |        10 |    272 |              52 |          5 |      Fixed 
  1276 |  JC69 |        38 |    332 |              38 |         20 |      Fixed 
  1277 |  JC69 |         8 |    265 |              38 |          8 |      Fixed 
  1278 |  JC69 |        40 |    262 |             129 |          8 |      Fixed 
  1279 |  JC69 |        34 |   1174 |             992 |         80 |      Fixed 
  1280 |  JC69 |        10 |    220 |              16 |          8 |      Fixed 
  1281 |  JC69 |        38 |    217 |              12 |          7 |      Fixed 
  1282 |  JC69 |        34 |    200 |              34 |         14 |      Fixed 
  1283 |  JC69 |        20 |    307 |             120 |          5 |      Fixed 
  1284 |  JC69 |         6 |     52 |               0 |          1 |      Fixed 
  1285 |  JC69 |        20 |    131 |               4 |          5 |      Fixed 
  1286 |  JC69 |        12 |    270 |              38 |         19 |      Fixed 
  1287 |  JC69 |        40 |    150 |               7 |          6 |      Fixed 
  1288 |  JC69 |        40 |    149 |               9 |         10 |      Fixed 
  1289 |  JC69 |        36 |    572 |             349 |         34 |      Fixed 
  1290 |  JC69 |        24 |    647 |             456 |         17 |      Fixed 
  1291 |  JC69 |         6 |    280 |              46 |          6 |      Fixed 
  1292 |  JC69 |        40 |    148 |               5 |          7 |      Fixed 
  1293 |  JC69 |        40 |    216 |               2 |          3 |      Fixed 
  1294 |  JC69 |        18 |    377 |             108 |         17 |      Fixed 
  1295 |  JC69 |        28 |    435 |             153 |         18 |      Fixed 
  1296 |  JC69 |        16 |    260 |             176 |         11 |      Fixed 
  1297 |  JC69 |        18 |    200 |               4 |          5 |      Fixed 
  1298 |  JC69 |        34 |    191 |              47 |          9 |      Fixed 
  1299 |  JC69 |        20 |    279 |              50 |         24 |      Fixed 
  1300 |  JC69 |        20 |     70 |               7 |          6 |      Fixed 
  1301 |  JC69 |         4 |     58 |               0 |          1 |      Fixed 
  1302 |  JC69 |        26 |    219 |              86 |         15 |      Fixed 
  1303 |  JC69 |        36 |    373 |             161 |         32 |      Fixed 
  1304 |  JC69 |        30 |    540 |             281 |         25 |      Fixed 
  1305 |  JC69 |        38 |    189 |               3 |          6 |      Fixed 
  1306 |  JC69 |        40 |     94 |               7 |          7 |      Fixed 
  1307 |  JC69 |        38 |     75 |               0 |          1 |      Fixed 
  1308 |  JC69 |        40 |    375 |              10 |          7 |      Fixed 
  1309 |  JC69 |         6 |    281 |              14 |          4 |      Fixed 
  1310 |  JC69 |        40 |     84 |              40 |          9 |      Fixed 
  1311 |  JC69 |        40 |    125 |               3 |          4 |      Fixed 
  1312 |  JC69 |        40 |    265 |             109 |          8 |      Fixed 
  1313 |  JC69 |        18 |    413 |             168 |         24 |      Fixed 
  1314 |  JC69 |        14 |     37 |               0 |          1 |      Fixed 
  1315 |  JC69 |        34 |    217 |               8 |          9 |      Fixed 
  1316 |  JC69 |        22 |    325 |             158 |         30 |      Fixed 
  1317 |  JC69 |        36 |    174 |               0 |          1 |      Fixed 
  1318 |  JC69 |        40 |    316 |               6 |          8 |      Fixed 
  1319 |  JC69 |        32 |    146 |              10 |         41 |      Fixed 
  1320 |  JC69 |        26 |    130 |               4 |         12 |      Fixed 
  1321 |  JC69 |        12 |    282 |              48 |         10 |      Fixed 
  1322 |  JC69 |        32 |    146 |               9 |          9 |      Fixed 
  1323 |  JC69 |         4 |    230 |               0 |          1 |      Fixed 
  1324 |  JC69 |        12 |    279 |              13 |         20 |      Fixed 
  1325 |  JC69 |        38 |    452 |               4 |          6 |      Fixed 
  1326 |  JC69 |        36 |    106 |               3 |          4 |      Fixed 
  1327 |  JC69 |        32 |    195 |              10 |          6 |      Fixed 
  1328 |  JC69 |        10 |    286 |              14 |          9 |      Fixed 
  1329 |  JC69 |        20 |     97 |              10 |         34 |      Fixed 
  1330 |  JC69 |        40 |     59 |               1 |          2 |      Fixed 
  1331 |  JC69 |        18 |    468 |              20 |         21 |      Fixed 
  1332 |  JC69 |         4 |     63 |               0 |          1 |      Fixed 
  1333 |  JC69 |        40 |    302 |               8 |          9 |      Fixed 
  1334 |  JC69 |        30 |    256 |             123 |         96 |      Fixed 
  1335 |  JC69 |        20 |    259 |              18 |         16 |      Fixed 
  1336 |  JC69 |         4 |     54 |               0 |          1 |      Fixed 
  1337 |  JC69 |        10 |    275 |              18 |         10 |      Fixed 
  1338 |  JC69 |         8 |    282 |              19 |          7 |      Fixed 
  1339 |  JC69 |        12 |    420 |               8 |          9 |      Fixed 
  1340 |  JC69 |        14 |    280 |              31 |          8 |      Fixed 
  1341 |  JC69 |        40 |    256 |               9 |         16 |      Fixed 
  1342 |  JC69 |        34 |    768 |             515 |         59 |      Fixed 
  1343 |  JC69 |        28 |    134 |               4 |         16 |      Fixed 
  1344 |  JC69 |        36 |     89 |               5 |          2 |      Fixed 
  1345 |  JC69 |        28 |     78 |               0 |          1 |      Fixed 
  1346 |  JC69 |         8 |    279 |               8 |          7 |      Fixed 
  1347 |  JC69 |        40 |    102 |               6 |          8 |      Fixed 
  1348 |  JC69 |        36 |    387 |              11 |         27 |      Fixed 
  1349 |  JC69 |        32 |    122 |              59 |          5 |      Fixed 
  1350 |  JC69 |         6 |     51 |               0 |          1 |      Fixed 
  1351 |  JC69 |        38 |    453 |             197 |        195 |      Fixed 
  1352 |  JC69 |        34 |    292 |              31 |         29 |      Fixed 
  1353 |  JC69 |        40 |    438 |             174 |         46 |      Fixed 
  1354 |  JC69 |        40 |     69 |               2 |          3 |      Fixed 
  1355 |  JC69 |        40 |    102 |               2 |          3 |      Fixed 
  1356 |  JC69 |         4 |    280 |              10 |          3 |      Fixed 
  1357 |  JC69 |         4 |     47 |               1 |          2 |      Fixed 
  1358 |  JC69 |        38 |     69 |               3 |          4 |      Fixed 
  1359 |  JC69 |         4 |    279 |               5 |          3 |      Fixed 
  1360 |  JC69 |        40 |    394 |             127 |        360 |      Fixed 
  1361 |  JC69 |        12 |    275 |              86 |         22 |      Fixed 
  1362 |  JC69 |        38 |    163 |              16 |         21 |      Fixed 
  1363 |  JC69 |         6 |     43 |               0 |          1 |      Fixed 
  1364 |  JC69 |         6 |     47 |               0 |          1 |      Fixed 
  1365 |  JC69 |         8 |    379 |             139 |         12 |      Fixed 
  1366 |  JC69 |        36 |     79 |               6 |         12 |      Fixed 
  1367 |  JC69 |         6 |    283 |              12 |          6 |      Fixed 
  1368 |  JC69 |        14 |    276 |              94 |          7 |      Fixed 
  1369 |  JC69 |        36 |    123 |               5 |          4 |      Fixed 
  1370 |  JC69 |        28 |    287 |               9 |         13 |      Fixed 
  1371 |  JC69 |         4 |    160 |              32 |          4 |      Fixed 
  1372 |  JC69 |        38 |     77 |               0 |          1 |      Fixed 
  1373 |  JC69 |         8 |    278 |              13 |          4 |      Fixed 
  1374 |  JC69 |        18 |    257 |              10 |         10 |      Fixed 
  1375 |  JC69 |        40 |     94 |               1 |          2 |      Fixed 
  1376 |  JC69 |        16 |    471 |             213 |         20 |      Fixed 
  1377 |  JC69 |        40 |    130 |               3 |          4 |      Fixed 
  1378 |  JC69 |        38 |    208 |              15 |         10 |      Fixed 
  1379 |  JC69 |         8 |    265 |              39 |          4 |      Fixed 
  1380 |  JC69 |        32 |     53 |               4 |          3 |      Fixed 
  1381 |  JC69 |        28 |     84 |               8 |          6 |      Fixed 
  1382 |  JC69 |        20 |    377 |             164 |         15 |      Fixed 
  1383 |  JC69 |        36 |    193 |               4 |          6 |      Fixed 
  1384 |  JC69 |         6 |    277 |              71 |          4 |      Fixed 
  1385 |  JC69 |        40 |    156 |               4 |         24 |      Fixed 
  1386 |  JC69 |         6 |     69 |               0 |          1 |      Fixed 
  1387 |  JC69 |        40 |    292 |              22 |         17 |      Fixed 
  1388 |  JC69 |        38 |    150 |               1 |          2 |      Fixed 
  1389 |  JC69 |        40 |     89 |               3 |          5 |      Fixed 
  1390 |  JC69 |        40 |    358 |             254 |         14 |      Fixed 
  1391 |  JC69 |         4 |    200 |               0 |          2 |      Fixed 
  1392 |  JC69 |         8 |     41 |               0 |          1 |      Fixed 
  1393 |  JC69 |         4 |    200 |               0 |          1 |      Fixed 
  1394 |  JC69 |        20 |    292 |              52 |         12 |      Fixed 
  1395 |  JC69 |        10 |    221 |               4 |          5 |      Fixed 
  1396 |  JC69 |        32 |    249 |              14 |         11 |      Fixed 
  1397 |  JC69 |        26 |    270 |              25 |         30 |      Fixed 
  1398 |  JC69 |        40 |    152 |               2 |          3 |      Fixed 
  1399 |  JC69 |         4 |    223 |               8 |          3 |      Fixed 
  1400 |  JC69 |        24 |    286 |              20 |         15 |      Fixed 
  1401 |  JC69 |        34 |    216 |              33 |         16 |      Fixed 
  1402 |  JC69 |        40 |    342 |              87 |         27 |      Fixed 
  1403 |  JC69 |        26 |    151 |               1 |          3 |      Fixed 
  1404 |  JC69 |        28 |    249 |              23 |         17 |      Fixed 
  1405 |  JC69 |        40 |    133 |              58 |          4 |      Fixed 
  1406 |  JC69 |         4 |     68 |               3 |          2 |      Fixed 
  1407 |  JC69 |        12 |    265 |              18 |         12 |      Fixed 
  1408 |  JC69 |        40 |    260 |              60 |          7 |      Fixed 
  1409 |  JC69 |        38 |    217 |               2 |          3 |      Fixed 
  1410 |  JC69 |        40 |    550 |             141 |         11 |      Fixed 
  1411 |  JC69 |        40 |    277 |             105 |          6 |      Fixed 
  1412 |  JC69 |        38 |    640 |             198 |         35 |      Fixed 
  1413 |  JC69 |         8 |    164 |               0 |          1 |      Fixed 
  1414 |  JC69 |        34 |    288 |              31 |         16 |      Fixed 
  1415 |  JC69 |        38 |    393 |               8 |         11 |      Fixed 
  1416 |  JC69 |        12 |    482 |             233 |          9 |      Fixed 
  1417 |  JC69 |        24 |    414 |             161 |         16 |      Fixed 
  1418 |  JC69 |        22 |    153 |               3 |          4 |      Fixed 
  1419 |  JC69 |        38 |    226 |              13 |         10 |      Fixed 
  1420 |  JC69 |        18 |    188 |               3 |          4 |      Fixed 
  1421 |  JC69 |         6 |     93 |               1 |          3 |      Fixed 
  1422 |  JC69 |        24 |     72 |               6 |          4 |      Fixed 
  1423 |  JC69 |        36 |    356 |             125 |          9 |      Fixed 
  1424 |  JC69 |        40 |    148 |               4 |          6 |      Fixed 
  1425 |  JC69 |        36 |    195 |              11 |         46 |      Fixed 
  1426 |  JC69 |        38 |     72 |               4 |          2 |      Fixed 
  1427 |  JC69 |         8 |    213 |               1 |          3 |      Fixed 
  1428 |  JC69 |        12 |    104 |               3 |          2 |      Fixed 
  1429 |  JC69 |        30 |    377 |              14 |         16 |      Fixed 
  1430 |  JC69 |         6 |    539 |               4 |          4 |      Fixed 
  1431 |  JC69 |         6 |    204 |              11 |          4 |      Fixed 
  1432 |  JC69 |        40 |     47 |               3 |          4 |      Fixed 
  1433 |  JC69 |         6 |     46 |               3 |          2 |      Fixed 
  1434 |  JC69 |         4 |    208 |              75 |          4 |      Fixed 
  1435 |  JC69 |         4 |    234 |              10 |          9 |      Fixed 
  1436 |  JC69 |        12 |    255 |              17 |         13 |      Fixed 
  1437 |  JC69 |        20 |     58 |               1 |          2 |      Fixed 
  1438 |  JC69 |        36 |    188 |               1 |          2 |      Fixed 
  1439 |  JC69 |        36 |    419 |              15 |        267 |      Fixed 
  1440 |  JC69 |        22 |    154 |               1 |          4 |      Fixed 
  1441 |  JC69 |         6 |    263 |               7 |          7 |      Fixed 
  1442 |  JC69 |        10 |    422 |              17 |          8 |      Fixed 
  1443 |  JC69 |        40 |    279 |               6 |          6 |      Fixed 
  1444 |  JC69 |        20 |     74 |               2 |          3 |      Fixed 
  1445 |  JC69 |        40 |     75 |               1 |          2 |      Fixed 
  1446 |  JC69 |        36 |    118 |              54 |         20 |      Fixed 
  1447 |  JC69 |         4 |    351 |              86 |          4 |      Fixed 
  1448 |  JC69 |         6 |    284 |               2 |          3 |      Fixed 
  1449 |  JC69 |        30 |    240 |              66 |         12 |      Fixed 
  1450 |  JC69 |        38 |     50 |               5 |          5 |      Fixed 
  1451 |  JC69 |        38 |    110 |               4 |          5 |      Fixed 
  1452 |  JC69 |        34 |    548 |              26 |         14 |      Fixed 
  1453 |  JC69 |         6 |    278 |               7 |          5 |      Fixed 
  1454 |  JC69 |         6 |    278 |              20 |          6 |      Fixed 
  1455 |  JC69 |        40 |    143 |               2 |          4 |      Fixed 
  1456 |  JC69 |         4 |     62 |              12 |          5 |      Fixed 
  1457 |  JC69 |        28 |     85 |               0 |          1 |      Fixed 
  1458 |  JC69 |        38 |    203 |               5 |          6 |      Fixed 
  1459 |  JC69 |        30 |    239 |               6 |          5 |      Fixed 
  1460 |  JC69 |        40 |    191 |               7 |         21 |      Fixed 
  1461 |  JC69 |        40 |    221 |               5 |          8 |      Fixed 
  1462 |  JC69 |        32 |    216 |               4 |          5 |      Fixed 
  1463 |  JC69 |        40 |     74 |               2 |          3 |      Fixed 
  1464 |  JC69 |        14 |     70 |               1 |          2 |      Fixed 
  1465 |  JC69 |        40 |    187 |               9 |         29 |      Fixed 
  1466 |  JC69 |         4 |    280 |               6 |          5 |      Fixed 
  1467 |  JC69 |        24 |    139 |               4 |          7 |      Fixed 
  1468 |  JC69 |        22 |    248 |               6 |          6 |      Fixed 
  1469 |  JC69 |        36 |    111 |              44 |          5 |      Fixed 
  1470 |  JC69 |         6 |    172 |               0 |          2 |      Fixed 
  1471 |  JC69 |        20 |    267 |              24 |         25 |      Fixed 
  1472 |  JC69 |        38 |    683 |             562 |         29 |      Fixed 
  1473 |  JC69 |        28 |    205 |              96 |         10 |      Fixed 
  1474 |  JC69 |        14 |    266 |              18 |         31 |      Fixed 
  1475 |  JC69 |        38 |    231 |               9 |         78 |      Fixed 
  1476 |  JC69 |        16 |    179 |               1 |          2 |      Fixed 
  1477 |  JC69 |        10 |     78 |               0 |          1 |      Fixed 
  1478 |  JC69 |        24 |    185 |               3 |          4 |      Fixed 
  1479 |  JC69 |        22 |    295 |             155 |         10 |      Fixed 
  1480 |  JC69 |         4 |    280 |              33 |          4 |      Fixed 
  1481 |  JC69 |         6 |    102 |               0 |          1 |      Fixed 
  1482 |  JC69 |        38 |    564 |             205 |         14 |      Fixed 
  1483 |  JC69 |        14 |    111 |               1 |          2 |      Fixed 
  1484 |  JC69 |        38 |    152 |               1 |          2 |      Fixed 
  1485 |  JC69 |        38 |    191 |              15 |         13 |      Fixed 
  1486 |  JC69 |        14 |    348 |               7 |          3 |      Fixed 
  1487 |  JC69 |        40 |    147 |               2 |         65 |      Fixed 
  1488 |  JC69 |         6 |    273 |              13 |          6 |      Fixed 
  1489 |  JC69 |        16 |    223 |              18 |         17 |      Fixed 
  1490 |  JC69 |        14 |    534 |             275 |         28 |      Fixed 
  1491 |  JC69 |        40 |    374 |              20 |         17 |      Fixed 
  1492 |  JC69 |        36 |    393 |              31 |         22 |      Fixed 
  1493 |  JC69 |        40 |    212 |               7 |         10 |      Fixed 
  1494 |  JC69 |         4 |    179 |              42 |          5 |      Fixed 
  1495 |  JC69 |        38 |    462 |               8 |         10 |      Fixed 
  1496 |  JC69 |        40 |     85 |               4 |          4 |      Fixed 
  1497 |  JC69 |        32 |    200 |               3 |          6 |      Fixed 
  1498 |  JC69 |         6 |    474 |             209 |         12 |      Fixed 
  1499 |  JC69 |        40 |    233 |               3 |          5 |      Fixed 
  1500 |  JC69 |        32 |    628 |             302 |         35 |      Fixed 
  1501 |  JC69 |        34 |    199 |              78 |         20 |      Fixed 
  1502 |  JC69 |         8 |    177 |               6 |         11 |      Fixed 
  1503 |  JC69 |         4 |     56 |               0 |          1 |      Fixed 
  1504 |  JC69 |        38 |     81 |               2 |          3 |      Fixed 
  1505 |  JC69 |        26 |    355 |             134 |         41 |      Fixed 
  1506 |  JC69 |        22 |    419 |              50 |          7 |      Fixed 
  1507 |  JC69 |        10 |     54 |               0 |          2 |      Fixed 
  1508 |  JC69 |         8 |    412 |              58 |         11 |      Fixed 
  1509 |  JC69 |        28 |    256 |             126 |          8 |      Fixed 
  1510 |  JC69 |         4 |    274 |               7 |          4 |      Fixed 
  1511 |  JC69 |        40 |    194 |               2 |          3 |      Fixed 
  1512 |  JC69 |        26 |    122 |               7 |          6 |      Fixed 
  1513 |  JC69 |         4 |     51 |               1 |          2 |      Fixed 
  1514 |  JC69 |         4 |    279 |              36 |          4 |      Fixed 
  1515 |  JC69 |        24 |    355 |               3 |          4 |      Fixed 
  1516 |  JC69 |        30 |    247 |              14 |         14 |      Fixed 
  1517 |  JC69 |        40 |    496 |             367 |          8 |      Fixed 
  1518 |  JC69 |         4 |     56 |               0 |          1 |      Fixed 
  1519 |  JC69 |         6 |    150 |               0 |          1 |      Fixed 
  1520 |  JC69 |        38 |     53 |               1 |          2 |      Fixed 
  1521 |  JC69 |         6 |    275 |              50 |          8 |      Fixed 
  1522 |  JC69 |        40 |    182 |              94 |         13 |      Fixed 
  1523 |  JC69 |         8 |     56 |               7 |          6 |      Fixed 
  1524 |  JC69 |        36 |    476 |             229 |         13 |      Fixed 
  1525 |  JC69 |        28 |    534 |             198 |         49 |      Fixed 
  1526 |  JC69 |        40 |    211 |              19 |         15 |      Fixed 
  1527 |  JC69 |        36 |     51 |               0 |          1 |      Fixed 
  1528 |  JC69 |        20 |    271 |              12 |          7 |      Fixed 
  1529 |  JC69 |        40 |    485 |              90 |         30 |      Fixed 
  1530 |  JC69 |         4 |    236 |              33 |          5 |      Fixed 
  1531 |  JC69 |        16 |    279 |             168 |         18 |      Fixed 
  1532 |  JC69 |         4 |    279 |               8 |          5 |      Fixed 
  1533 |  JC69 |        22 |    145 |               5 |          4 |      Fixed 
  1534 |  JC69 |        10 |    248 |              18 |          9 |      Fixed 
  1535 |  JC69 |        28 |    286 |              43 |         15 |      Fixed 
  1536 |  JC69 |         6 |    280 |               5 |          5 |      Fixed 
  1537 |  JC69 |         4 |    173 |               0 |          1 |      Fixed 
  1538 |  JC69 |         8 |    286 |              20 |         16 |      Fixed 
  1539 |  JC69 |         4 |    348 |              76 |          5 |      Fixed 
  1540 |  JC69 |        40 |    573 |             290 |         24 |      Fixed 
  1541 |  JC69 |        40 |     74 |               1 |          2 |      Fixed 
  1542 |  JC69 |         4 |    279 |               3 |          4 |      Fixed 
  1543 |  JC69 |        36 |    257 |             189 |         15 |      Fixed 
  1544 |  JC69 |         6 |    281 |               8 |          3 |      Fixed 
  1545 |  JC69 |         4 |    280 |               9 |          6 |      Fixed 
  1546 |  JC69 |        10 |    233 |              53 |          8 |      Fixed 
  1547 |  JC69 |        34 |    291 |              34 |         24 |      Fixed 
  1548 |  JC69 |        14 |    330 |             111 |         12 |      Fixed 
  1549 |  JC69 |        20 |     59 |               5 |          5 |      Fixed 
  1550 |  JC69 |        40 |     89 |               1 |          2 |      Fixed 
  1551 |  JC69 |        24 |    154 |               2 |          3 |      Fixed 
  1552 |  JC69 |         8 |    150 |              10 |          2 |      Fixed 
  1553 |  JC69 |        30 |     81 |               4 |          3 |      Fixed 
  1554 |  JC69 |         6 |    281 |              10 |          4 |      Fixed 
  1555 |  JC69 |        36 |    111 |               1 |          2 |      Fixed 
  1556 |  JC69 |        24 |    349 |             170 |         13 |      Fixed 
  1557 |  JC69 |        12 |    281 |             107 |         11 |      Fixed 
  1558 |  JC69 |        26 |    366 |              10 |          7 |      Fixed 
  1559 |  JC69 |        10 |     83 |               2 |          3 |      Fixed 
  1560 |  JC69 |         4 |    282 |              10 |          3 |      Fixed 
  1561 |  JC69 |         4 |    276 |               6 |          5 |      Fixed 
  1562 |  JC69 |        40 |    119 |               4 |          9 |      Fixed 
  1563 |  JC69 |         6 |    173 |               6 |          4 |      Fixed 
  1564 |  JC69 |        18 |    178 |              39 |         24 |      Fixed 
  1565 |  JC69 |        10 |     44 |               0 |          2 |      Fixed 
  1566 |  JC69 |        36 |    138 |               5 |         11 |      Fixed 
  1567 |  JC69 |        12 |    127 |               1 |          3 |      Fixed 
  1568 |  JC69 |        38 |    124 |              61 |         10 |      Fixed 
  1569 |  JC69 |         6 |    283 |              74 |          7 |      Fixed 
  1570 |  JC69 |        30 |    226 |               6 |          5 |      Fixed 
  1571 |  JC69 |        28 |    243 |              59 |         14 |      Fixed 
  1572 |  JC69 |         6 |    279 |               6 |          5 |      Fixed 
  1573 |  JC69 |        26 |     61 |               2 |          3 |      Fixed 
  1574 |  JC69 |         8 |     65 |               3 |          3 |      Fixed 
  1575 |  JC69 |         6 |    281 |              83 |          8 |      Fixed 
  1576 |  JC69 |        20 |    102 |               0 |          2 |      Fixed 
  1577 |  JC69 |        10 |    282 |              71 |         16 |      Fixed 
  1578 |  JC69 |         4 |    178 |               3 |          2 |      Fixed 
  1579 |  JC69 |        12 |    406 |             126 |         28 |      Fixed 
  1580 |  JC69 |         4 |     56 |               0 |          1 |      Fixed 
  1581 |  JC69 |        28 |    133 |               1 |          3 |      Fixed 
  1582 |  JC69 |        38 |    172 |               2 |          5 |      Fixed 
  1583 |  JC69 |        18 |    361 |              15 |         15 |      Fixed 
  1584 |  JC69 |        36 |    292 |              48 |         20 |      Fixed 
  1585 |  JC69 |        22 |    280 |              13 |         16 |      Fixed 
  1586 |  JC69 |        40 |     72 |               2 |          3 |      Fixed 
  1587 |  JC69 |        36 |    201 |               5 |          6 |      Fixed 
  1588 |  JC69 |        32 |    164 |              21 |          8 |      Fixed 
  1589 |  JC69 |         4 |    280 |               5 |          4 |      Fixed 
  1590 |  JC69 |        28 |    282 |              21 |         34 |      Fixed 
  1591 |  JC69 |        26 |    225 |               4 |          7 |      Fixed 
  1592 |  JC69 |        40 |    175 |              35 |         20 |      Fixed 
  1593 |  JC69 |        40 |    132 |               4 |          5 |      Fixed 
  1594 |  JC69 |        20 |    282 |              24 |         17 |      Fixed 
  1595 |  JC69 |        38 |    322 |              16 |         31 |      Fixed 
  1596 |  JC69 |        14 |    280 |              30 |         17 |      Fixed 
  1597 |  JC69 |         8 |    285 |               9 |          5 |      Fixed 
  1598 |  JC69 |        34 |    823 |             720 |         24 |      Fixed 
  1599 |  JC69 |        38 |     65 |              10 |          9 |      Fixed 
  1600 |  JC69 |        34 |     56 |               1 |          2 |      Fixed 
  1601 |  JC69 |         8 |    238 |               8 |          7 |      Fixed 
  1602 |  JC69 |        40 |    257 |             107 |         15 |      Fixed 
  1603 |  JC69 |        30 |    164 |               6 |          4 |      Fixed 
  1604 |  JC69 |        34 |    145 |              15 |         28 |      Fixed 
  1605 |  JC69 |        36 |    227 |              28 |         10 |      Fixed 
  1606 |  JC69 |         4 |     59 |               1 |          2 |      Fixed 
  1607 |  JC69 |        16 |    151 |              40 |          7 |      Fixed 
  1608 |  JC69 |         8 |    282 |              10 |          7 |      Fixed 
  1609 |  JC69 |        40 |     75 |               1 |          2 |      Fixed 
  1610 |  JC69 |         4 |    288 |              16 |          8 |      Fixed 
  1611 |  JC69 |        14 |    280 |             123 |         13 |      Fixed 
  1612 |  JC69 |        40 |    272 |              10 |         11 |      Fixed 
  1613 |  JC69 |        28 |    372 |              88 |         11 |      Fixed 
  1614 |  JC69 |        30 |     94 |              10 |          8 |      Fixed 
  1615 |  JC69 |         6 |     46 |               0 |          1 |      Fixed 
  1616 |  JC69 |        10 |    234 |              14 |          4 |      Fixed 
  1617 |  JC69 |        40 |    248 |              12 |         12 |      Fixed 
  1618 |  JC69 |        20 |    222 |              14 |          6 |      Fixed 
  1619 |  JC69 |         8 |     65 |               0 |          1 |      Fixed 
  1620 |  JC69 |        14 |    280 |              17 |          8 |      Fixed 
  1621 |  JC69 |         4 |     86 |               2 |          3 |      Fixed 
  1622 |  JC69 |         8 |    277 |              11 |          6 |      Fixed 
  1623 |  JC69 |        16 |    222 |              14 |         18 |      Fixed 
  1624 |  JC69 |        40 |    147 |               4 |          5 |      Fixed 
  1625 |  JC69 |         4 |    381 |             107 |          4 |      Fixed 
  1626 |  JC69 |        40 |     63 |               3 |          4 |      Fixed 
  1627 |  JC69 |        36 |    196 |               4 |          6 |      Fixed 
  1628 |  JC69 |        32 |    468 |             261 |         48 |      Fixed 
  1629 |  JC69 |        12 |    254 |               4 |          6 |      Fixed 
  1630 |  JC69 |        12 |    285 |              77 |         17 |      Fixed 
  1631 |  JC69 |        18 |    180 |               6 |          4 |      Fixed 
  1632 |  JC69 |         4 |    276 |               2 |          3 |      Fixed 
  1633 |  JC69 |        40 |    142 |               3 |          4 |      Fixed 
  1634 |  JC69 |        40 |    150 |               3 |          3 |      Fixed 
  1635 |  JC69 |        40 |    182 |               5 |          6 |      Fixed 
  1636 |  JC69 |        36 |    139 |               7 |         27 |      Fixed 
  1637 |  JC69 |        30 |    105 |              59 |          6 |      Fixed 
  1638 |  JC69 |        16 |    283 |              26 |         20 |      Fixed 
  1639 |  JC69 |        32 |     46 |               5 |          5 |      Fixed 
  1640 |  JC69 |        40 |    454 |             173 |         14 |      Fixed 
  1641 |  JC69 |         4 |    143 |               0 |          1 |      Fixed 
  1642 |  JC69 |        36 |    258 |              23 |         12 |      Fixed 
  1643 |  JC69 |        30 |     65 |               3 |          6 |      Fixed 
  1644 |  JC69 |        38 |     58 |               2 |          3 |      Fixed 
  1645 |  JC69 |         8 |    161 |               0 |          1 |      Fixed 
  1646 |  JC69 |        40 |    140 |               3 |          5 |      Fixed 
  1647 |  JC69 |        40 |    177 |               7 |         16 |      Fixed 
  1648 |  JC69 |         8 |    116 |              15 |          9 |      Fixed 
  1649 |  JC69 |         6 |    280 |               9 |          9 |      Fixed 
  1650 |  JC69 |         6 |    277 |              14 |          5 |      Fixed 
  1651 |  JC69 |        40 |    116 |               4 |          6 |      Fixed 
  1652 |  JC69 |         4 |    286 |              14 |          2 |      Fixed 
  1653 |  JC69 |        10 |    172 |               0 |          1 |      Fixed 
  1654 |  JC69 |        12 |    274 |              13 |          9 |      Fixed 
  1655 |  JC69 |         4 |    138 |               1 |          3 |      Fixed 
  1656 |  JC69 |         8 |     60 |               1 |          3 |      Fixed 
  1657 |  JC69 |        34 |    212 |              28 |         11 |      Fixed 
  1658 |  JC69 |        40 |    182 |               8 |          6 |      Fixed 
  1659 |  JC69 |        26 |    270 |              16 |          8 |      Fixed 
  1660 |  JC69 |         6 |    280 |              15 |          6 |      Fixed 
  1661 |  JC69 |         6 |    505 |               8 |         10 |      Fixed 
  1662 |  JC69 |        26 |    283 |              24 |         17 |      Fixed 
  1663 |  JC69 |        34 |    268 |              51 |         28 |      Fixed 
  1664 |  JC69 |         4 |    277 |              11 |          6 |      Fixed 
  1665 |  JC69 |        16 |    277 |              81 |         13 |      Fixed 
  1666 |  JC69 |         4 |    282 |              16 |          3 |      Fixed 
  1667 |  JC69 |        22 |    385 |              15 |         10 |      Fixed 
  1668 |  JC69 |        40 |    334 |              81 |         17 |      Fixed 
  1669 |  JC69 |        12 |    103 |               5 |          2 |      Fixed 
  1670 |  JC69 |        32 |    116 |               3 |          4 |      Fixed 
  1671 |  JC69 |         4 |    195 |               8 |          4 |      Fixed 
  1672 |  JC69 |        40 |     53 |               1 |          2 |      Fixed 
  1673 |  JC69 |        40 |     71 |               1 |          2 |      Fixed 
  1674 |  JC69 |        40 |    388 |             188 |         14 |      Fixed 
  1675 |  JC69 |         8 |     80 |              13 |          7 |      Fixed 
  1676 |  JC69 |        16 |    280 |             125 |         13 |      Fixed 
  1677 |  JC69 |        40 |    108 |               1 |          2 |      Fixed 
  1678 |  JC69 |        32 |    142 |               2 |          3 |      Fixed 
  1679 |  JC69 |        40 |     88 |               1 |          2 |      Fixed 
  1680 |  JC69 |        38 |    312 |             137 |          6 |      Fixed 
  1681 |  JC69 |        10 |    170 |               1 |          2 |      Fixed 
  1682 |  JC69 |        30 |    104 |               3 |          3 |      Fixed 
  1683 |  JC69 |        20 |    329 |             120 |         19 |      Fixed 
  1684 |  JC69 |        40 |    169 |               3 |          5 |      Fixed 
  1685 |  JC69 |        28 |    202 |              10 |         10 |      Fixed 
  1686 |  JC69 |        32 |     87 |               3 |          5 |      Fixed 
  1687 |  JC69 |        40 |    132 |               1 |          2 |      Fixed 
  1688 |  JC69 |        40 |    196 |               7 |         45 |      Fixed 
  1689 |  JC69 |         6 |    281 |              10 |          5 |      Fixed 
  1690 |  JC69 |        14 |    283 |              25 |         12 |      Fixed 
  1691 |  JC69 |        40 |    259 |              97 |          7 |      Fixed 
  1692 |  JC69 |        40 |    386 |             186 |         14 |      Fixed 
  1693 |  JC69 |         8 |    274 |              23 |          7 |      Fixed 
  1694 |  JC69 |        26 |    108 |               3 |          4 |      Fixed 
  1695 |  JC69 |        40 |     96 |               4 |         10 |      Fixed 
  1696 |  JC69 |        16 |    362 |             138 |         10 |      Fixed 
  1697 |  JC69 |        10 |    102 |               5 |          2 |      Fixed 
  1698 |  JC69 |         4 |    280 |              17 |          6 |      Fixed 
  1699 |  JC69 |        32 |    441 |             154 |        109 |      Fixed 
  1700 |  JC69 |        10 |    282 |              14 |         14 |      Fixed 
  1701 |  JC69 |        26 |    251 |              23 |         13 |      Fixed 
  1702 |  JC69 |        40 |    204 |               4 |          6 |      Fixed 
  1703 |  JC69 |         4 |    272 |               5 |          4 |      Fixed 
  1704 |  JC69 |        26 |    292 |              69 |         20 |      Fixed 
  1705 |  JC69 |        40 |    162 |              79 |         12 |      Fixed 
  1706 |  JC69 |        32 |     55 |               3 |          3 |      Fixed 
  1707 |  JC69 |         8 |    279 |              20 |          8 |      Fixed 
  1708 |  JC69 |        30 |     52 |              12 |          5 |      Fixed 
  1709 |  JC69 |        40 |    113 |               1 |          2 |      Fixed 
  1710 |  JC69 |        38 |    120 |               9 |         12 |      Fixed 
  1711 |  JC69 |        20 |    422 |              17 |         13 |      Fixed 
  1712 |  JC69 |         4 |    274 |               3 |          4 |      Fixed 
  1713 |  JC69 |         4 |    197 |              37 |          3 |      Fixed 
  1714 |  JC69 |        16 |     80 |               1 |          2 |      Fixed 
  1715 |  JC69 |        38 |    148 |              10 |          4 |      Fixed 
  1716 |  JC69 |        30 |    282 |               7 |          8 |      Fixed 
  1717 |  JC69 |        14 |    283 |              57 |         20 |      Fixed 
  1718 |  JC69 |        30 |     98 |               5 |          6 |      Fixed 
  1719 |  JC69 |        32 |    190 |              17 |          4 |      Fixed 
  1720 |  JC69 |         4 |    278 |              50 |          7 |      Fixed 
  1721 |  JC69 |        14 |    279 |             120 |         23 |      Fixed 
  1722 |  JC69 |        24 |    354 |               9 |         16 |      Fixed 
  1723 |  JC69 |        40 |    185 |               3 |          4 |      Fixed 
  1724 |  JC69 |         6 |    221 |              25 |          3 |      Fixed 
  1725 |  JC69 |        30 |    122 |               1 |          2 |      Fixed 
  1726 |  JC69 |        30 |    562 |             424 |         27 |      Fixed 
  1727 |  JC69 |        40 |    271 |              58 |         19 |      Fixed 
  1728 |  JC69 |        40 |    106 |               2 |          4 |      Fixed 
  1729 |  JC69 |        36 |    131 |               3 |          5 |      Fixed 
  1730 |  JC69 |         4 |    279 |               3 |          4 |      Fixed 
  1731 |  JC69 |         6 |    100 |               9 |          5 |      Fixed 
  1732 |  JC69 |        24 |    170 |               7 |          8 |      Fixed 
  1733 |  JC69 |         6 |    119 |               0 |          1 |      Fixed 
  1734 |  JC69 |        34 |    234 |               3 |          4 |      Fixed 
  1735 |  JC69 |         8 |    278 |              11 |          7 |      Fixed 
  1736 |  JC69 |        38 |    523 |             359 |         24 |      Fixed 
  1737 |  JC69 |        14 |    108 |               0 |          1 |      Fixed 
  1738 |  JC69 |        20 |    456 |              82 |         16 |      Fixed 
  1739 |  JC69 |        12 |    135 |               1 |          2 |      Fixed 
  1740 |  JC69 |        40 |    147 |               0 |          1 |      Fixed 
  1741 |  JC69 |        40 |    483 |             167 |         26 |      Fixed 
  1742 |  JC69 |         6 |    282 |              14 |          6 |      Fixed 
  1743 |  JC69 |        40 |    214 |              74 |          7 |      Fixed 
  1744 |  JC69 |        38 |    416 |              14 |         15 |      Fixed 
  1745 |  JC69 |        16 |    258 |              85 |         14 |      Fixed 
  1746 |  JC69 |        32 |     82 |               0 |          1 |      Fixed 
  1747 |  JC69 |        32 |    167 |               6 |          7 |      Fixed 
  1748 |  JC69 |        36 |    155 |               7 |          5 |      Fixed 
  1749 |  JC69 |         4 |     98 |               0 |          1 |      Fixed 
  1750 |  JC69 |        16 |    281 |             145 |         26 |      Fixed 
  1751 |  JC69 |        40 |     78 |               4 |          6 |      Fixed 
  1752 |  JC69 |        38 |    142 |               5 |          6 |      Fixed 
  1753 |  JC69 |        40 |    309 |             158 |         24 |      Fixed 
  1754 |  JC69 |        16 |    286 |              21 |         12 |      Fixed 
  1755 |  JC69 |         6 |     50 |               0 |          1 |      Fixed 
  1756 |  JC69 |        26 |    254 |               7 |          6 |      Fixed 
  1757 |  JC69 |        36 |    374 |             103 |         27 |      Fixed 
  1758 |  JC69 |        40 |    448 |             224 |         15 |      Fixed 
  1759 |  JC69 |        34 |    149 |               1 |          2 |      Fixed 
  1760 |  JC69 |        40 |    257 |             108 |          8 |      Fixed 
  1761 |  JC69 |        40 |    162 |               7 |         15 |      Fixed 
  1762 |  JC69 |        38 |     63 |               1 |          2 |      Fixed 
  1763 |  JC69 |        40 |    138 |               6 |         19 |      Fixed 
  1764 |  JC69 |         4 |    146 |               0 |          1 |      Fixed 
  1765 |  JC69 |        32 |    145 |               6 |          6 |      Fixed 
  1766 |  JC69 |        10 |    168 |               0 |          1 |      Fixed 
  1767 |  JC69 |        14 |    190 |               2 |          3 |      Fixed 
  1768 |  JC69 |        20 |    107 |              18 |          4 |      Fixed 
  1769 |  JC69 |         8 |     54 |               2 |          3 |      Fixed 
  1770 |  JC69 |        38 |    194 |               5 |          5 |      Fixed 
  1771 |  JC69 |        30 |    188 |               2 |          3 |      Fixed 
  1772 |  JC69 |         4 |    282 |              13 |          5 |      Fixed 
  1773 |  JC69 |         6 |    149 |               1 |          2 |      Fixed 
  1774 |  JC69 |        10 |     84 |               7 |          2 |      Fixed 
  1775 |  JC69 |        40 |    144 |               4 |          5 |      Fixed 
  1776 |  JC69 |        20 |    286 |              16 |          9 |      Fixed 
  1777 |  JC69 |        40 |    114 |               1 |          2 |      Fixed 
  1778 |  JC69 |        40 |    326 |             137 |          7 |      Fixed 
  1779 |  JC69 |        38 |    209 |             118 |          9 |      Fixed 
  1780 |  JC69 |        16 |    282 |              13 |         14 |      Fixed 
  1781 |  JC69 |        34 |     72 |               1 |          2 |      Fixed 
  1782 |  JC69 |        40 |    185 |               5 |          6 |      Fixed 
  1783 |  JC69 |        14 |    281 |              52 |         14 |      Fixed 
  1784 |  JC69 |        40 |    194 |               5 |          7 |      Fixed 
  1785 |  JC69 |        40 |    675 |             287 |         29 |      Fixed 
  1786 |  JC69 |         4 |    275 |              18 |          4 |      Fixed 
  1787 |  JC69 |        10 |    281 |              41 |         10 |      Fixed 
  1788 |  JC69 |        40 |    374 |               8 |         16 |      Fixed 
  1789 |  JC69 |        32 |     91 |               2 |          3 |      Fixed 
  1790 |  JC69 |        26 |    742 |             742 |         62 |      Fixed 
  1791 |  JC69 |        40 |    149 |               4 |          2 |      Fixed 
  1792 |  JC69 |        12 |    275 |              12 |          7 |      Fixed 
  1793 |  JC69 |        26 |     81 |               8 |          9 |      Fixed 
  1794 |  JC69 |        14 |    232 |              17 |         11 |      Fixed 
  1795 |  JC69 |        40 |    109 |               0 |          1 |      Fixed 
  1796 |  JC69 |        22 |    539 |             112 |         29 |      Fixed 
  1797 |  JC69 |        18 |    171 |               7 |          5 |      Fixed 
  1798 |  JC69 |        36 |    836 |             415 |         23 |      Fixed 
  1799 |  JC69 |        20 |     61 |              16 |          3 |      Fixed 
  1800 |  JC69 |        34 |    379 |             116 |         27 |      Fixed 
  1801 |  JC69 |         6 |    147 |               0 |          1 |      Fixed 
  1802 |  JC69 |         4 |    281 |               1 |          2 |      Fixed 
  1803 |  JC69 |        16 |    233 |              99 |          9 |      Fixed 
  1804 |  JC69 |        16 |    121 |               0 |          1 |      Fixed 
  1805 |  JC69 |        32 |     88 |               1 |          2 |      Fixed 
  1806 |  JC69 |        40 |    228 |              97 |        133 |      Fixed 
  1807 |  JC69 |         4 |     50 |               0 |          1 |      Fixed 
  1808 |  JC69 |        38 |    259 |               5 |          6 |      Fixed 
  1809 |  JC69 |         4 |     46 |               0 |          1 |      Fixed 
  1810 |  JC69 |         8 |    392 |              12 |         10 |      Fixed 
  1811 |  JC69 |        20 |    109 |               2 |          3 |      Fixed 
  1812 |  JC69 |         4 |     57 |               4 |          2 |      Fixed 
  1813 |  JC69 |         4 |    281 |               6 |          3 |      Fixed 
  1814 |  JC69 |        34 |     77 |               3 |          5 |      Fixed 
  1815 |  JC69 |        36 |    145 |              12 |        135 |      Fixed 
  1816 |  JC69 |        40 |    168 |               4 |          9 |      Fixed 
  1817 |  JC69 |        40 |    230 |               6 |         10 |      Fixed 
  1818 |  JC69 |        38 |    143 |               6 |         12 |      Fixed 
  1819 |  JC69 |        40 |    180 |               3 |          5 |      Fixed 
  1820 |  JC69 |         4 |     53 |               0 |          1 |      Fixed 
  1821 |  JC69 |        38 |     57 |               1 |          2 |      Fixed 
  1822 |  JC69 |        14 |     70 |               3 |          4 |      Fixed 
  1823 |  JC69 |         4 |    255 |              11 |          7 |      Fixed 
  1824 |  JC69 |        38 |    292 |              20 |         14 |      Fixed 
  1825 |  JC69 |         8 |    281 |              50 |          8 |      Fixed 
  1826 |  JC69 |        36 |    158 |              16 |          9 |      Fixed 
  1827 |  JC69 |         4 |    359 |               4 |          4 |      Fixed 
  1828 |  JC69 |        38 |     83 |               4 |         15 |      Fixed 
  1829 |  JC69 |        40 |    223 |               4 |          5 |      Fixed 
  1830 |  JC69 |        38 |    790 |             282 |         23 |      Fixed 
  1831 |  JC69 |         6 |    114 |               2 |          3 |      Fixed 
  1832 |  JC69 |        20 |    158 |               2 |          4 |      Fixed 
  1833 |  JC69 |        40 |    281 |               3 |          4 |      Fixed 
  1834 |  JC69 |        34 |    207 |              84 |         24 |      Fixed 
  1835 |  JC69 |        36 |    633 |             507 |         18 |      Fixed 
  1836 |  JC69 |         4 |     85 |               0 |          1 |      Fixed 
  1837 |  JC69 |        26 |    272 |              15 |         13 |      Fixed 
  1838 |  JC69 |        26 |    270 |              10 |         12 |      Fixed 
  1839 |  JC69 |        40 |    251 |              11 |         15 |      Fixed 
  1840 |  JC69 |        40 |    104 |               1 |          2 |      Fixed 
  1841 |  JC69 |         6 |     60 |               0 |          1 |      Fixed 
  1842 |  JC69 |        36 |    122 |               3 |          3 |      Fixed 
  1843 |  JC69 |        14 |    285 |              26 |         15 |      Fixed 
  1844 |  JC69 |         4 |    277 |               6 |          6 |      Fixed 
  1845 |  JC69 |         4 |    282 |              30 |          5 |      Fixed 
  1846 |  JC69 |         8 |    359 |             139 |          5 |      Fixed 
  1847 |  JC69 |        40 |    114 |               1 |          2 |      Fixed 
  1848 |  JC69 |        32 |    335 |               9 |         11 |      Fixed 
  1849 |  JC69 |        30 |     66 |               2 |          3 |      Fixed 
  1850 |  JC69 |        28 |     90 |               1 |          2 |      Fixed 
  1851 |  JC69 |        10 |    291 |              18 |          5 |      Fixed 
  1852 |  JC69 |        40 |    106 |               0 |          1 |      Fixed 
  1853 |  JC69 |        40 |    266 |               7 |          5 |      Fixed 
  1854 |  JC69 |        16 |    282 |              70 |         24 |      Fixed 
  1855 |  JC69 |        40 |    149 |               7 |          4 |      Fixed 
  1856 |  JC69 |        38 |    221 |              38 |          9 |      Fixed 
  1857 |  JC69 |        36 |     59 |               3 |          4 |      Fixed 
  1858 |  JC69 |        24 |    281 |              28 |         22 |      Fixed 
  1859 |  JC69 |        24 |    208 |               3 |          4 |      Fixed 
  1860 |  JC69 |        14 |    139 |               0 |          1 |      Fixed 
  1861 |  JC69 |        32 |    531 |             274 |         56 |      Fixed 
  1862 |  JC69 |         4 |    267 |              10 |          5 |      Fixed 
  1863 |  JC69 |        10 |     72 |               0 |          1 |      Fixed 
  1864 |  JC69 |        22 |    381 |              24 |         35 |      Fixed 
  1865 |  JC69 |        10 |    283 |              14 |          9 |      Fixed 
  1866 |  JC69 |        24 |    496 |             248 |         53 |      Fixed 
  1867 |  JC69 |        32 |    209 |              34 |         26 |      Fixed 
  1868 |  JC69 |        22 |    269 |             146 |         25 |      Fixed 
  1869 |  JC69 |        40 |    146 |               5 |          3 |      Fixed 
  1870 |  JC69 |        34 |    100 |               4 |          6 |      Fixed 
  1871 |  JC69 |        16 |    124 |              14 |          4 |      Fixed 
  1872 |  JC69 |        22 |    132 |              53 |         46 |      Fixed 
  1873 |  JC69 |        40 |    193 |               7 |          7 |      Fixed 
  1874 |  JC69 |         4 |    134 |               2 |          3 |      Fixed 
  1875 |  JC69 |        30 |    282 |              29 |         14 |      Fixed 
  1876 |  JC69 |        32 |    676 |             405 |         27 |      Fixed 
  1877 |  JC69 |        38 |    146 |               8 |          9 |      Fixed 
  1878 |  JC69 |        40 |    163 |               0 |          1 |      Fixed 
  1879 |  JC69 |        18 |    239 |               9 |          8 |      Fixed 
  1880 |  JC69 |        36 |    399 |             160 |         51 |      Fixed 
  1881 |  JC69 |        28 |     58 |               4 |          4 |      Fixed 
  1882 |  JC69 |        16 |    282 |              87 |         10 |      Fixed 
  1883 |  JC69 |        30 |    387 |             151 |         39 |      Fixed 
  1884 |  JC69 |         8 |    212 |              13 |          5 |      Fixed 
  1885 |  JC69 |        38 |    735 |             390 |         52 |      Fixed 
  1886 |  JC69 |        34 |    660 |             236 |         29 |      Fixed 
  1887 |  JC69 |        34 |    214 |              65 |          7 |      Fixed 
  1888 |  JC69 |        24 |    101 |               2 |          3 |      Fixed 
  1889 |  JC69 |         4 |    284 |              12 |          4 |      Fixed 
  1890 |  JC69 |        40 |     62 |               1 |          2 |      Fixed 
  1891 |  JC69 |        40 |    271 |               1 |          2 |      Fixed 
  1892 |  JC69 |        40 |    172 |               3 |          4 |      Fixed 
  1893 |  JC69 |         6 |    218 |              22 |          8 |      Fixed 
  1894 |  JC69 |        40 |    229 |               8 |         12 |      Fixed 
  1895 |  JC69 |        40 |     66 |               4 |          4 |      Fixed 
  1896 |  JC69 |        40 |    115 |               4 |         13 |      Fixed 
  1897 |  JC69 |        40 |     87 |               2 |          3 |      Fixed 
  1898 |  JC69 |        14 |    166 |               4 |          4 |      Fixed 
  1899 |  JC69 |        40 |    151 |               6 |          5 |      Fixed 
  1900 |  JC69 |         4 |     89 |               0 |          1 |      Fixed 
  1901 |  JC69 |        16 |    282 |              31 |         22 |      Fixed 
  1902 |  JC69 |         4 |    265 |               5 |          7 |      Fixed 
  1903 |  JC69 |         4 |    208 |              25 |          9 |      Fixed 
  1904 |  JC69 |         8 |     44 |               3 |          2 |      Fixed 
  1905 |  JC69 |        40 |    700 |             284 |         24 |      Fixed 
  1906 |  JC69 |        24 |     68 |               2 |          3 |      Fixed 
  1907 |  JC69 |        38 |    217 |               5 |          6 |      Fixed 
  1908 |  JC69 |        36 |    239 |             112 |         18 |      Fixed 
  1909 |  JC69 |        32 |    234 |              67 |          3 |      Fixed 
  1910 |  JC69 |         8 |     63 |               0 |          2 |      Fixed 
  1911 |  JC69 |        20 |    283 |              25 |         16 |      Fixed 
  1912 |  JC69 |        40 |    199 |              39 |         10 |      Fixed 
  1913 |  JC69 |        16 |    445 |              23 |         37 |      Fixed 
  1914 |  JC69 |        40 |    276 |              10 |         13 |      Fixed 
  1915 |  JC69 |        32 |    110 |               4 |          6 |      Fixed 
  1916 |  JC69 |        38 |    111 |               1 |          2 |      Fixed 
  1917 |  JC69 |         4 |    279 |               6 |          3 |      Fixed 
  1918 |  JC69 |        24 |    219 |               4 |          3 |      Fixed 
  1919 |  JC69 |        10 |    231 |              26 |          8 |      Fixed 
  1920 |  JC69 |        14 |    287 |              16 |          9 |      Fixed 
  1921 |  JC69 |        38 |    234 |               6 |          8 |      Fixed 
  1922 |  JC69 |        40 |    148 |               8 |         10 |      Fixed 
  1923 |  JC69 |        32 |    292 |              28 |         15 |      Fixed 
  1924 |  JC69 |        24 |    130 |               2 |          3 |      Fixed 
  1925 |  JC69 |        14 |    357 |             131 |          9 |      Fixed 
  1926 |  JC69 |        14 |    249 |             107 |          7 |      Fixed 
  1927 |  JC69 |        18 |    277 |              19 |         14 |      Fixed 
  1928 |  JC69 |        18 |    282 |              20 |         14 |      Fixed 
  1929 |  JC69 |        34 |     80 |               1 |          2 |      Fixed 
  1930 |  JC69 |        40 |    146 |               4 |          9 |      Fixed 
  1931 |  JC69 |        40 |    292 |              35 |         22 |      Fixed 
  1932 |  JC69 |        40 |    194 |               3 |          4 |      Fixed 
  1933 |  JC69 |        22 |    174 |              12 |          8 |      Fixed 
  1934 |  JC69 |        30 |    320 |              64 |          9 |      Fixed 
  1935 |  JC69 |         8 |    283 |              15 |          5 |      Fixed 
  1936 |  JC69 |        34 |    193 |               3 |          5 |      Fixed 
  1937 |  JC69 |        40 |    298 |              32 |          8 |      Fixed 
  1938 |  JC69 |         4 |    170 |               0 |          1 |      Fixed 
  1939 |  JC69 |        38 |    253 |              10 |          7 |      Fixed 
  1940 |  JC69 |        26 |    224 |              11 |          7 |      Fixed 
  1941 |  JC69 |        32 |    197 |              78 |         31 |      Fixed 
  1942 |  JC69 |        40 |     98 |               3 |          3 |      Fixed 
  1943 |  JC69 |        10 |    443 |             174 |          5 |      Fixed 


Per-locus sequences in data and 'species&tree' tag:
C.File | Data |                Status                | Population
-------+------+--------------------------------------+-----------
    18 |   18 | [OK]                                 | ajan      
    22 |   22 | [OK]                                 | alas      


Map of populations and ancestors (1 in map indicates ancestor):
  Species   1  2  3
1 ajan      1  0  1
2 alas      0  1  1
3 R         0  0  1

Generating gene trees.... Done

Initial MSC density and log-likelihood of observing data:
log-PG0 = 208359.758243   log-L0 = -729730.819173


bitmatrix for MSC-M
 0 ajan         0.00000   0  1  0
 1 alas         0.00000   1  0  0
 2 R            0.00500   0  0  0
[EXPERIMENTAL] - New extended IM rubberband algorithm
Theta proposal: Mixed: Sliding window (0.10) + Inv-G approx Gibbs (0.90))
Linked thetas: none
0:01 taken to read and process data..
Restarting timer...


-*- Terms index -*-

  Prgs: progress of MCMC run (negative progress means burnin)
  Gage: gene-tree age proposal
  Gspr: gene-tree SPR proposal
   th1: species tree theta proposal (tips)   (sliding window)
   th2: species tree theta proposal (inner)  (sliding window)
   thg: species tree theta proposal (inner)  (gibbs sampler)
   tau: species tree tau proposal
   mix: mixing proposal
   wr1: migration rates proposal (sliding window)
   wrg: migration rates proposal (gibbs sampler)
  mrte: migration rates proposal
theta1: mean theta of node 1
theta2: mean theta of node 2
theta3: mean theta of node 3
  tau1: root node mean tau
    W1: mean migration rate ajan -> alas
    W2: mean migration rate alas -> ajan
log-PG: log-probability of gene trees (MSC)
 log-L: mean log-L of observing data

     |            Acceptance proportions            |
Prgs | Gage Gspr  th1  th2  thg  tau  mix wr1  wrg  | theta1 theta2 theta3    tau1      W1     W2         log-PG          log-L
-------------------------------------------------------------------------------------------------------------------------------


                      Gage    Gspr     th1     th2     tau     mix     wr1  
Current Pjump:      0.69551 0.64394 0.02232 0.00394 0.00400 0.01400 0.03672
Current finetune:   5.00000 0.00100 0.00050 0.00200 0.00100 0.30000 0.10000
New finetune:      18.92802 0.00314 0.00003 0.00002 0.00001 0.01295 0.01133

=> 'finetune = 1 Gage:18.928017 Gspr:0.003135 th1:0.000034 th2:0.000024 tau:0.000012 mix:0.012950 wr1:0.011332'

  -0%  0.70 0.64 0.74 0.67 1.00 0.46 0.62 0.70 1.00   0.0050 0.0066 0.0032  0.0008  459.0096 650.9481   254438.69183  -628462.22453

                      Gage    Gspr     th1     th2     tau     mix     wr1  
Current Pjump:      0.69975 0.64388 0.74134 0.66809 0.45680 0.61720 0.70130
Current finetune:  18.92802 0.00314 0.00003 0.00002 0.00001 0.01295 0.01133
New finetune:      72.83680 0.00983 0.00016 0.00008 0.00002 0.03705 0.04387

=> 'finetune = 1 Gage:72.836802 Gspr:0.009828 th1:0.000157 th2:0.000083 tau:0.000021 mix:0.037047 wr1:0.043870'



                      Gage    Gspr     th1     th2     tau     mix     wr1  
Current Pjump:      0.70096 0.64353 0.26273 0.20816 0.21920 0.21840 0.21823
Current finetune:  72.83680 0.00983 0.00016 0.00008 0.00002 0.03705 0.04387
New finetune:      99.00000 0.03077 0.00013 0.00006 0.00001 0.02597 0.03073

=> 'finetune = 1 Gage:99.000000 Gspr:0.030770 th1:0.000135 th2:0.000055 tau:0.000015 mix:0.025971 wr1:0.030727'

   0%  0.70 0.64 0.29 0.40 1.00 0.34 0.36 0.35 1.00   0.0050 0.0069 0.0032  0.0008  382.8100 718.1332   252259.01096  -628427.78213  14:45:21


                      Gage    Gspr     th1     th2     tau     mix     wr1  
Current Pjump:      0.70064 0.64394 0.29367 0.39844 0.33800 0.35720 0.35150
Current finetune:  99.00000 0.03077 0.00013 0.00006 0.00001 0.02597 0.03073
New finetune:      99.00000 0.09648 0.00013 0.00008 0.00002 0.03203 0.03715

=> 'finetune = 1 Gage:99.000000 Gspr:0.096476 th1:0.000132 th2:0.000078 tau:0.000017 mix:0.032033 wr1:0.037150'

   1%  0.70 0.64 0.30 0.25 1.00 0.28 0.27 0.31 1.00   0.0053 0.0070 0.0033  0.0007  386.3579 599.4754   253166.28342  -628446.16848   1%  0.70 0.64 0.31 0.24 1.00 0.29 0.27 0.31 1.00   0.0052 0.0070 0.0033  0.0007  359.2684 654.6728   248814.79066  -628438.32609   2%  0.70 0.64 0.31 0.25 1.00 0.29 0.27 0.30 1.00   0.0051 0.0070 0.0033  0.0008  363.6667 663.0828   248826.73582  -628433.77221   2%  0.70 0.64 0.31 0.25 1.00 0.29 0.27 0.30 1.00   0.0051 0.0070 0.0033  0.0008  371.4605 663.1113   246116.14164  -628426.42017   3%  0.70 0.64 0.30 0.25 1.00 0.29 0.27 0.30 1.00   0.0051 0.0070 0.0032  0.0008  379.2192 659.2967   246046.30067  -628420.43680   3%  0.70 0.64 0.30 0.25 1.00 0.30 0.27 0.29 1.00   0.0051 0.0069 0.0032  0.0008  381.5283 667.3613   253412.23190  -628414.81757   4%  0.70 0.64 0.30 0.25 1.00 0.29 0.27 0.30 1.00   0.0051 0.0069 0.0032  0.0008  385.3553 661.8440   253718.29544  -628410.80933   4%  0.70 0.64 0.30 0.25 1.00 0.29 0.27 0.30 1.00   0.0051 0.0069 0.0032  0.0008  387.8117 659.4047   258714.37524  -628408.30006   5%  0.70 0.64 0.30 0.25 1.00 0.29 0.27 0.29 1.00   0.0051 0.0069 0.0032  0.0008  387.2313 666.1393   245917.78819  -628406.36168   5%  0.70 0.64 0.30 0.25 1.00 0.29 0.27 0.30 1.00   0.0051 0.0069 0.0032  0.0008  394.2681 655.2520   265134.20597  -628405.26024  25:37:43
   6%  0.70 0.64 0.30 0.25 1.00 0.29 0.27 0.29 1.00   0.0051 0.0069 0.0032  0.0008  399.8444 653.4833   257640.74323  -628403.49113   6%  0.70 0.64 0.30 0.25 1.00 0.29 0.27 0.30 1.00   0.0051 0.0069 0.0032  0.0008  393.8159 660.0448   250886.31239  -628402.47056   7%  0.70 0.64 0.30 0.25 1.00 0.29 0.27 0.30 1.00   0.0051 0.0069 0.0032  0.0008  394.7836 660.6953   249934.07936  -628401.03343   7%  0.70 0.64 0.30 0.25 1.00 0.29 0.27 0.30 1.00   0.0051 0.0069 0.0032  0.0008  392.6825 663.2694   256390.47810  -628399.53119   8%  0.70 0.64 0.30 0.25 1.00 0.29 0.27 0.30 1.00   0.0051 0.0069 0.0032  0.0008  390.9189 663.8934   258222.95776  -628398.61266   8%  0.70 0.64 0.30 0.25 1.00 0.29 0.27 0.30 1.00   0.0051 0.0069 0.0032  0.0008  396.0178 660.1400   246583.51708  -628397.74837   9%  0.70 0.64 0.30 0.25 1.00 0.29 0.27 0.30 1.00   0.0051 0.0069 0.0032  0.0008  396.8931 657.8512   253770.88855  -628396.91697   9%  0.70 0.64 0.30 0.25 1.00 0.29 0.27 0.30 1.00   0.0051 0.0069 0.0032  0.0008  393.8655 662.7798   252611.68351  -628395.95183  10%  0.70 0.64 0.30 0.25 1.00 0.29 0.27 0.30 1.00   0.0051 0.0069 0.0032  0.0008  394.4725 662.9893   250169.44491  -628395.25649  10%  0.70 0.64 0.30 0.25 1.00 0.29 0.27 0.30 1.00   0.0051 0.0069 0.0032  0.0008  391.5620 663.6266   252669.43787  -628395.16375  35:31:53
  11%  0.70 0.64 0.30 0.25 1.00 0.29 0.27 0.30 1.00   0.0051 0.0069 0.0032  0.0008  395.1047 660.1188   259940.15130  -628394.95181  11%  0.70 0.64 0.30 0.25 1.00 0.29 0.27 0.30 1.00   0.0051 0.0069 0.0032  0.0008  398.2640 655.3966   254812.19568  -628394.85624  12%  0.70 0.64 0.30 0.25 1.00 0.29 0.27 0.30 1.00   0.0051 0.0069 0.0032  0.0008  396.7085 655.6903   246994.98476  -628394.17798  12%  0.70 0.64 0.30 0.25 1.00 0.29 0.27 0.30 1.00   0.0051 0.0069 0.0032  0.0008  396.8588 654.2327   250241.97391  -628393.86953  13%  0.70 0.64 0.30 0.25 1.00 0.29 0.27 0.30 1.00   0.0051 0.0069 0.0032  0.0008  395.3943 657.9593   251458.88368  -628393.14803  13%  0.70 0.64 0.30 0.25 1.00 0.29 0.27 0.30 1.00   0.0051 0.0069 0.0032  0.0008  394.8914 658.0972   248289.20599  -628392.99937  14%  0.70 0.64 0.30 0.25 1.00 0.29 0.27 0.30 1.00   0.0051 0.0069 0.0032  0.0008  395.9292 656.4241   255546.32997  -628392.85711  14%  0.70 0.64 0.30 0.25 1.00 0.29 0.27 0.30 1.00   0.0051 0.0069 0.0032  0.0008  399.5717 653.1948   264852.74823  -628392.57872  15%  0.70 0.64 0.30 0.25 1.00 0.29 0.27 0.30 1.00   0.0051 0.0069 0.0032  0.0008  398.0916 655.0197   250890.44873  -628392.54565  15%  0.70 0.64 0.30 0.25 1.00 0.29 0.27 0.30 1.00   0.0051 0.0069 0.0032  0.0008  395.6108 657.2799   249231.88116  -628392.51484  45:19:49
  16%  0.70 0.64 0.30 0.25 1.00 0.29 0.27 0.30 1.00   0.0051 0.0069 0.0032  0.0008  396.1456 657.7960   256842.91478  -628391.89809  16%  0.70 0.64 0.30 0.25 1.00 0.29 0.27 0.30 1.00   0.0051 0.0069 0.0032  0.0008  395.3505 657.7171   247986.61707  -628391.61191  17%  0.70 0.64 0.30 0.25 1.00 0.29 0.27 0.30 1.00   0.0051 0.0069 0.0032  0.0008  395.0622 658.2564   251532.91279  -628391.60011  17%  0.70 0.64 0.30 0.25 1.00 0.29 0.27 0.30 1.00   0.0051 0.0069 0.0032  0.0008  393.0189 659.4942   253767.85910  -628391.47749  18%  0.70 0.64 0.30 0.25 1.00 0.29 0.27 0.30 1.00   0.0051 0.0069 0.0032  0.0008  389.5362 663.5684   245313.65152  -628390.99830  18%  0.70 0.64 0.30 0.25 1.00 0.29 0.27 0.30 1.00   0.0051 0.0069 0.0032  0.0008  387.5022 664.1945   257680.02098  -628390.46049  19%  0.70 0.64 0.30 0.25 1.00 0.29 0.27 0.30 1.00   0.0051 0.0069 0.0032  0.0008  387.8003 663.3875   251058.67082  -628390.29465  19%  0.70 0.64 0.30 0.25 1.00 0.29 0.27 0.30 1.00   0.0051 0.0069 0.0032  0.0008  389.1875 660.5886   249319.74706  -628390.01231  20%  0.70 0.64 0.30 0.25 1.00 0.29 0.27 0.30 1.00   0.0051 0.0069 0.0032  0.0008  389.5138 659.8213   253524.56175  -628389.66318  20%  0.70 0.64 0.30 0.25 1.00 0.29 0.27 0.30 1.00   0.0051 0.0069 0.0032  0.0008  389.6347 658.5408   250777.58000  -628389.39812  54:58:23
  21%  0.70 0.64 0.30 0.25 1.00 0.29 0.27 0.30 1.00   0.0051 0.0069 0.0032  0.0008  388.4008 659.7879   253059.08818  -628388.78801  21%  0.70 0.64 0.30 0.25 1.00 0.29 0.27 0.30 1.00   0.0051 0.0069 0.0032  0.0008  388.0437 660.8251   252171.71910  -628388.47405  22%  0.70 0.64 0.30 0.25 1.00 0.29 0.27 0.30 1.00   0.0051 0.0069 0.0032  0.0008  386.9503 661.1720   255828.84510  -628388.40303  22%  0.70 0.64 0.30 0.25 1.00 0.29 0.27 0.30 1.00   0.0051 0.0069 0.0033  0.0008  389.2079 658.2494   246057.10134  -628388.10017  23%  0.70 0.64 0.30 0.25 1.00 0.29 0.27 0.30 1.00   0.0051 0.0069 0.0033  0.0008  390.2492 656.0800   251397.47040  -628388.02318  23%  0.70 0.64 0.30 0.25 1.00 0.29 0.27 0.30 1.00   0.0051 0.0069 0.0033  0.0008  390.6453 655.6244   248855.65494  -628387.75847  24%  0.70 0.64 0.30 0.25 1.00 0.29 0.27 0.30 1.00   0.0051 0.0069 0.0033  0.0008  390.4170 655.1133   241934.06479  -628387.60739  24%  0.70 0.64 0.30 0.25 1.00 0.29 0.27 0.30 1.00   0.0051 0.0069 0.0033  0.0008  389.8730 654.5779   256316.45572  -628387.62454  25%  0.70 0.64 0.30 0.25 1.00 0.29 0.27 0.30 1.00   0.0052 0.0069 0.0033  0.0008  391.4974 652.2650   245951.62197  -628387.65037  25%  0.70 0.64 0.30 0.25 1.00 0.29 0.27 0.30 1.00   0.0052 0.0069 0.0033  0.0008  391.2540 651.2726   248603.63834  -628387.49404  64:34:07
  26%  0.70 0.64 0.30 0.25 1.00 0.29 0.27 0.30 1.00   0.0052 0.0069 0.0033  0.0008  391.5470 651.1475   260251.42000  -628387.09144  26%  0.70 0.64 0.30 0.25 1.00 0.29 0.27 0.30 1.00   0.0052 0.0069 0.0033  0.0008  392.6170 650.1868   241023.40823  -628386.92790  27%  0.70 0.64 0.30 0.25 1.00 0.29 0.27 0.30 1.00   0.0052 0.0069 0.0033  0.0008  392.9574 649.6897   247351.69549  -628386.82271  27%  0.70 0.64 0.30 0.25 1.00 0.29 0.27 0.30 1.00   0.0052 0.0069 0.0033  0.0008  393.9944 648.2080   246841.76574  -628386.59953  28%  0.70 0.64 0.30 0.25 1.00 0.29 0.27 0.30 1.00   0.0052 0.0069 0.0033  0.0008  393.5729 648.2488   243823.23658  -628386.42407  28%  0.70 0.64 0.30 0.25 1.00 0.29 0.27 0.30 1.00   0.0052 0.0069 0.0033  0.0008  392.4563 649.9534   258743.63035  -628386.19875  29%  0.70 0.64 0.30 0.25 1.00 0.29 0.27 0.30 1.00   0.0052 0.0069 0.0033  0.0008  393.0099 648.9418   253946.97167  -628386.03886  29%  0.70 0.64 0.30 0.25 1.00 0.29 0.27 0.30 1.00   0.0052 0.0069 0.0033  0.0008  394.3480 647.2054   246828.80409  -628385.66192  30%  0.70 0.64 0.30 0.25 1.00 0.29 0.27 0.30 1.00   0.0052 0.0069 0.0033  0.0008  395.5694 646.2411   256546.71095  -628385.38511  30%  0.70 0.64 0.30 0.25 1.00 0.29 0.27 0.30 1.00   0.0052 0.0069 0.0033  0.0008  395.7373 645.4746   250236.14602  -628385.32235  74:16:16
  31%  0.70 0.64 0.30 0.25 1.00 0.29 0.27 0.30 1.00   0.0052 0.0069 0.0033  0.0008  395.5524 645.7276   259204.50823  -628385.08152  31%  0.70 0.64 0.30 0.25 1.00 0.29 0.27 0.30 1.00   0.0052 0.0069 0.0033  0.0008  396.9862 643.7978   247458.61581  -628385.04757  32%  0.70 0.64 0.30 0.25 1.00 0.29 0.27 0.30 1.00   0.0052 0.0069 0.0033  0.0008  397.2180 643.7169   247450.69660  -628384.81999  32%  0.70 0.64 0.30 0.25 1.00 0.29 0.27 0.30 1.00   0.0052 0.0069 0.0033  0.0008  397.0083 643.7622   251061.85945  -628384.79707  33%  0.70 0.64 0.30 0.25 1.00 0.29 0.27 0.30 1.00   0.0052 0.0069 0.0033  0.0008  396.5654 644.5517   257762.08462  -628384.84557  33%  0.70 0.64 0.30 0.25 1.00 0.29 0.27 0.30 1.00   0.0052 0.0069 0.0033  0.0008  397.1971 644.5331   249009.63923  -628384.62362  34%  0.70 0.64 0.30 0.25 1.00 0.29 0.27 0.30 1.00   0.0052 0.0069 0.0033  0.0008  396.7433 644.6556   243980.23151  -628384.37290  34%  0.70 0.64 0.30 0.25 1.00 0.29 0.27 0.30 1.00   0.0052 0.0069 0.0033  0.0008  396.4114 645.4804   257970.01906  -628384.17785  35%  0.70 0.64 0.30 0.25 1.00 0.29 0.27 0.30 1.00   0.0052 0.0069 0.0033  0.0008  395.7927 645.9488   254327.95666  -628384.15968  35%  0.70 0.64 0.30 0.25 1.00 0.29 0.27 0.30 1.00   0.0052 0.0069 0.0033  0.0008  396.1984 645.6918   243600.12675  -628383.87728  84:00:16
  36%  0.70 0.64 0.30 0.25 1.00 0.29 0.27 0.30 1.00   0.0052 0.0069 0.0033  0.0008  396.8606 645.5317   250809.44509  -628383.71846  36%  0.70 0.64 0.30 0.25 1.00 0.29 0.27 0.30 1.00   0.0052 0.0069 0.0033  0.0008  397.3803 644.7804   253435.36893  -628383.73286  37%  0.70 0.64 0.30 0.25 1.00 0.29 0.27 0.30 1.00   0.0052 0.0069 0.0033  0.0008  397.3409 644.4347   253286.92213  -628383.82326  37%  0.70 0.64 0.30 0.25 1.00 0.29 0.27 0.30 1.00   0.0052 0.0069 0.0033  0.0008  397.7924 643.9909   257015.35060  -628383.68337  38%  0.70 0.64 0.30 0.25 1.00 0.29 0.27 0.30 1.00   0.0052 0.0069 0.0033  0.0008  397.6099 644.5274   245455.28915  -628383.59068  38%  0.70 0.64 0.30 0.25 1.00 0.29 0.27 0.30 1.00   0.0052 0.0069 0.0033  0.0008  397.9114 643.9573   254818.78997  -628383.63818  39%  0.70 0.64 0.30 0.25 1.00 0.29 0.27 0.30 1.00   0.0052 0.0069 0.0033  0.0008  398.7083 642.8753   256070.54849  -628383.58477  39%  0.70 0.64 0.30 0.25 1.00 0.29 0.27 0.30 1.00   0.0052 0.0069 0.0033  0.0008  398.6977 643.1539   259912.29901  -628383.43491  40%  0.70 0.64 0.30 0.25 1.00 0.29 0.27 0.30 1.00   0.0052 0.0069 0.0033  0.0008  398.6292 643.4592   247961.47985  -628383.46544  40%  0.70 0.64 0.30 0.25 1.00 0.29 0.27 0.30 1.00   0.0052 0.0069 0.0033  0.0008  398.2811 643.4220   249261.87121  -628383.44259  93:44:34
  41%  0.70 0.64 0.30 0.25 1.00 0.29 0.27 0.30 1.00   0.0052 0.0069 0.0033  0.0008  398.3431 643.3190   254636.74608  -628383.46714  41%  0.70 0.64 0.30 0.25 1.00 0.29 0.27 0.30 1.00   0.0052 0.0069 0.0033  0.0008  398.0359 643.6702   258259.95725  -628383.45872  42%  0.70 0.64 0.30 0.25 1.00 0.29 0.27 0.30 1.00   0.0052 0.0069 0.0033  0.0008  397.5963 644.0078   262167.02207  -628383.35884  42%  0.70 0.64 0.30 0.25 1.00 0.29 0.27 0.30 1.00   0.0052 0.0069 0.0033  0.0008  396.9873 645.3932   246323.29336  -628383.22590  43%  0.70 0.64 0.30 0.25 1.00 0.29 0.27 0.30 1.00   0.0052 0.0069 0.0033  0.0008  396.3512 646.3268   249722.13103  -628383.15846  43%  0.70 0.64 0.30 0.25 1.00 0.29 0.27 0.30 1.00   0.0052 0.0069 0.0033  0.0008  397.0246 645.3944   257645.91154  -628383.04098  44%  0.70 0.64 0.30 0.25 1.00 0.29 0.27 0.30 1.00   0.0052 0.0069 0.0033  0.0008  397.8391 644.5975   248392.24893  -628382.90421  44%  0.70 0.64 0.30 0.25 1.00 0.29 0.27 0.30 1.00   0.0052 0.0069 0.0033  0.0008  398.3388 644.1918   252011.18026  -628382.83049  45%  0.70 0.64 0.30 0.25 1.00 0.29 0.27 0.30 1.00   0.0052 0.0069 0.0033  0.0008  398.3778 644.4988   258459.84734  -628382.71965  45%  0.70 0.64 0.30 0.25 1.00 0.29 0.27 0.30 1.00   0.0052 0.0069 0.0033  0.0008  397.6280 645.4863   249029.26956  -628382.60485  103:30:24
  46%  0.70 0.64 0.30 0.25 1.00 0.29 0.27 0.30 1.00   0.0052 0.0069 0.0033  0.0008  397.6355 645.4333   257103.34670  -628382.43469  46%  0.70 0.64 0.30 0.25 1.00 0.29 0.27 0.30 1.00   0.0052 0.0069 0.0033  0.0008  397.6067 645.7925   253423.73783  -628382.27035  47%  0.70 0.64 0.30 0.25 1.00 0.29 0.27 0.30 1.00   0.0052 0.0069 0.0033  0.0008  397.7829 645.7120   255762.88835  -628382.21531  47%  0.70 0.64 0.30 0.25 1.00 0.29 0.27 0.30 1.00   0.0052 0.0069 0.0033  0.0008  397.1920 646.5828   244124.59704  -628382.09886  48%  0.70 0.64 0.30 0.25 1.00 0.29 0.27 0.30 1.00   0.0052 0.0069 0.0033  0.0008  396.5112 647.5067   254063.68837  -628382.00309  48%  0.70 0.64 0.30 0.25 1.00 0.29 0.27 0.30 1.00   0.0052 0.0069 0.0033  0.0008  395.9047 648.6168   249705.34899  -628381.88005  49%  0.70 0.64 0.30 0.25 1.00 0.29 0.27 0.30 1.00   0.0052 0.0069 0.0033  0.0008  395.2799 649.3837   262277.44104  -628381.72928  49%  0.70 0.64 0.30 0.25 1.00 0.29 0.27 0.30 1.00   0.0052 0.0069 0.0032  0.0008  394.7727 650.3888   255105.04882  -628381.64144  50%  0.70 0.64 0.30 0.25 1.00 0.29 0.27 0.30 1.00   0.0052 0.0069 0.0033  0.0008  394.0090 651.1844   249924.02798  -628381.48221  50%  0.70 0.64 0.30 0.25 1.00 0.29 0.27 0.30 1.00   0.0052 0.0069 0.0032  0.0008  393.8421 651.6746   256099.76616  -628381.35137  113:16:17
  51%  0.70 0.64 0.30 0.25 1.00 0.29 0.27 0.30 1.00   0.0052 0.0069 0.0032  0.0008  393.9395 651.6170   251506.36166  -628381.20897  51%  0.70 0.64 0.30 0.25 1.00 0.29 0.27 0.30 1.00   0.0052 0.0069 0.0033  0.0008  393.3988 651.6816   239599.97563  -628381.21178  52%  0.70 0.64 0.30 0.25 1.00 0.29 0.27 0.30 1.00   0.0052 0.0069 0.0033  0.0008  392.9878 651.9774   252036.72109  -628381.28479  52%  0.70 0.64 0.30 0.25 1.00 0.29 0.27 0.30 1.00   0.0052 0.0069 0.0033  0.0008  392.4949 652.7277   257718.35756  -628381.09488  53%  0.70 0.64 0.30 0.25 1.00 0.29 0.27 0.30 1.00   0.0052 0.0069 0.0033  0.0008  392.4594 652.7303   251755.20925  -628380.88678  53%  0.70 0.64 0.30 0.25 1.00 0.29 0.27 0.30 1.00   0.0051 0.0069 0.0033  0.0008  392.2238 653.1626   250121.41494  -628380.68750  54%  0.70 0.64 0.30 0.25 1.00 0.29 0.27 0.30 1.00   0.0051 0.0069 0.0032  0.0008  392.3137 653.5090   248801.87631  -628380.47093  54%  0.70 0.64 0.30 0.25 1.00 0.29 0.27 0.30 1.00   0.0051 0.0069 0.0032  0.0008  392.9392 652.9140   244215.40929  -628380.31289  55%  0.70 0.64 0.30 0.25 1.00 0.29 0.27 0.30 1.00   0.0051 0.0069 0.0033  0.0008  392.6752 652.6616   249247.24836  -628380.25599  55%  0.70 0.64 0.30 0.25 1.00 0.29 0.27 0.30 1.00   0.0051 0.0069 0.0033  0.0008  392.0044 653.0847   250559.58572  -628380.23640  122:59:43
  56%  0.70 0.64 0.30 0.25 1.00 0.29 0.27 0.30 1.00   0.0051 0.0069 0.0032  0.0008  392.3176 653.0369   255616.56472  -628379.94206  56%  0.70 0.64 0.30 0.25 1.00 0.29 0.27 0.30 1.00   0.0051 0.0069 0.0032  0.0008  393.0452 652.5714   271169.58404  -628379.77789  57%  0.70 0.64 0.30 0.25 1.00 0.29 0.27 0.30 1.00   0.0052 0.0069 0.0032  0.0008  393.7894 651.6819   257447.40480  -628379.63738  57%  0.70 0.64 0.30 0.25 1.00 0.29 0.27 0.30 1.00   0.0052 0.0069 0.0032  0.0008  394.2891 651.1366   243292.42409  -628379.52195  58%  0.70 0.64 0.30 0.25 1.00 0.29 0.27 0.30 1.00   0.0052 0.0069 0.0032  0.0008  394.0889 651.1001   246794.99225  -628379.48979  58%  0.70 0.64 0.30 0.25 1.00 0.29 0.27 0.30 1.00   0.0052 0.0069 0.0032  0.0008  393.6336 651.8347   256732.41685  -628379.34328  59%  0.70 0.64 0.30 0.25 1.00 0.29 0.27 0.30 1.00   0.0052 0.0069 0.0032  0.0008  393.4912 652.3406   244021.77529  -628379.21915  59%  0.70 0.64 0.30 0.25 1.00 0.29 0.27 0.30 1.00   0.0051 0.0069 0.0032  0.0008  393.4844 652.8206   263508.72978  -628379.03287  60%  0.70 0.64 0.30 0.25 1.00 0.29 0.27 0.30 1.00   0.0051 0.0069 0.0032  0.0008  393.9442 652.7367   253925.37798  -628378.88578  60%  0.70 0.64 0.30 0.25 1.00 0.29 0.27 0.30 1.00   0.0051 0.0069 0.0032  0.0008  393.9204 653.0046   255357.15849  -628378.70909  132:49:49
  61%  0.70 0.64 0.30 0.25 1.00 0.29 0.27 0.30 1.00   0.0051 0.0069 0.0032  0.0008  394.1160 653.0986   249363.56493  -628378.55347  61%  0.70 0.64 0.30 0.25 1.00 0.29 0.27 0.30 1.00   0.0051 0.0069 0.0032  0.0008  394.2697 652.8165   249039.04624  -628378.57083  62%  0.70 0.64 0.30 0.25 1.00 0.29 0.27 0.30 1.00   0.0051 0.0069 0.0032  0.0008  394.4216 652.6733   261415.27842  -628378.46489  62%  0.70 0.64 0.30 0.25 1.00 0.29 0.27 0.30 1.00   0.0051 0.0069 0.0032  0.0008  394.5633 653.0612   250241.33261  -628378.28536  63%  0.70 0.64 0.30 0.25 1.00 0.29 0.27 0.30 1.00   0.0051 0.0069 0.0032  0.0008  394.8695 652.6876   249725.31195  -628378.15293  63%  0.70 0.64 0.30 0.25 1.00 0.29 0.27 0.30 1.00   0.0051 0.0069 0.0032  0.0008  394.9212 652.4294   249719.59533  -628378.16759  64%  0.70 0.64 0.30 0.25 1.00 0.29 0.27 0.30 1.00   0.0052 0.0069 0.0032  0.0008  394.6380 652.3904   254078.97109  -628378.15430  64%  0.70 0.64 0.30 0.25 1.00 0.29 0.27 0.30 1.00   0.0052 0.0069 0.0032  0.0008  394.2941 652.4894   247184.32186  -628378.10863  65%  0.70 0.64 0.30 0.25 1.00 0.29 0.27 0.30 1.00   0.0052 0.0069 0.0032  0.0008  394.1708 652.4917   254177.72354  -628378.06870  65%  0.70 0.64 0.30 0.25 1.00 0.29 0.27 0.30 1.00   0.0051 0.0069 0.0032  0.0008  394.0154 653.0288   249708.77068  -628378.02142  142:24:29
  66%  0.70 0.64 0.30 0.25 1.00 0.29 0.27 0.30 1.00   0.0051 0.0069 0.0032  0.0008  394.0141 653.3310   247651.66977  -628377.87578  66%  0.70 0.64 0.30 0.25 1.00 0.29 0.27 0.30 1.00   0.0051 0.0069 0.0032  0.0008  394.3238 652.8712   261807.76229  -628377.87443  67%  0.70 0.64 0.30 0.25 1.00 0.29 0.27 0.30 1.00   0.0051 0.0069 0.0032  0.0008  394.4968 652.9302   252992.15370  -628377.74007  67%  0.70 0.64 0.30 0.25 1.00 0.29 0.27 0.30 1.00   0.0051 0.0069 0.0032  0.0008  394.7948 652.5838   252830.87576  -628377.66772  68%  0.70 0.64 0.30 0.25 1.00 0.29 0.27 0.30 1.00   0.0051 0.0069 0.0032  0.0008  394.8064 652.3031   258134.97223  -628377.59020  68%  0.70 0.64 0.30 0.25 1.00 0.29 0.27 0.30 1.00   0.0051 0.0069 0.0032  0.0008  394.7847 652.3332   252150.61696  -628377.57678  69%  0.70 0.64 0.30 0.25 1.00 0.29 0.27 0.30 1.00   0.0051 0.0069 0.0032  0.0008  394.5147 652.7379   251082.44897  -628377.56260  69%  0.70 0.64 0.30 0.25 1.00 0.29 0.27 0.30 1.00   0.0051 0.0069 0.0032  0.0008  394.6665 652.7273   248604.77358  -628377.49582  70%  0.70 0.64 0.30 0.25 1.00 0.29 0.27 0.30 1.00   0.0051 0.0069 0.0032  0.0008  394.9276 652.4420   264510.56735  -628377.42758  70%  0.70 0.64 0.30 0.25 1.00 0.29 0.27 0.30 1.00   0.0051 0.0069 0.0032  0.0008  394.5018 653.1424   254350.71002  -628377.33960  151:38:16
  71%  0.70 0.64 0.30 0.25 1.00 0.29 0.27 0.30 1.00   0.0051 0.0069 0.0032  0.0008  394.1877 653.7033   252906.66785  -628377.19917  71%  0.70 0.64 0.30 0.25 1.00 0.29 0.27 0.30 1.00   0.0051 0.0069 0.0032  0.0008  393.7869 654.3123   264942.71920  -628377.08401  72%  0.70 0.64 0.30 0.25 1.00 0.29 0.27 0.30 1.00   0.0051 0.0069 0.0032  0.0008  393.7675 654.3226   246548.19934  -628376.97821  72%  0.70 0.64 0.30 0.25 1.00 0.29 0.27 0.30 1.00   0.0051 0.0069 0.0032  0.0008  393.8541 654.4477   258355.70398  -628376.86475  73%  0.70 0.64 0.30 0.25 1.00 0.29 0.27 0.30 1.00   0.0051 0.0069 0.0032  0.0008  393.9728 654.2000   253195.86960  -628376.84551  73%  0.70 0.64 0.30 0.25 1.00 0.29 0.27 0.30 1.00   0.0051 0.0069 0.0032  0.0008  393.9187 654.4417   254769.79440  -628376.83535  74%  0.70 0.64 0.30 0.25 1.00 0.29 0.27 0.30 1.00   0.0051 0.0069 0.0032  0.0008  393.7794 654.5907   248249.84503  -628376.81370  74%  0.70 0.64 0.30 0.25 1.00 0.29 0.27 0.30 1.00   0.0051 0.0069 0.0032  0.0008  394.0662 654.2524   257333.67178  -628376.73751  75%  0.70 0.64 0.30 0.25 1.00 0.29 0.27 0.30 1.00   0.0051 0.0069 0.0032  0.0008  394.0270 654.2685   248798.30619  -628376.68611  75%  0.70 0.64 0.30 0.25 1.00 0.29 0.27 0.30 1.00   0.0051 0.0069 0.0032  0.0008  394.1114 654.2304   253934.73947  -628376.67031  160:54:34
  76%  0.70 0.64 0.30 0.25 1.00 0.29 0.27 0.30 1.00   0.0051 0.0069 0.0032  0.0008  394.2666 654.0355   252353.75219  -628376.59803  76%  0.70 0.64 0.30 0.25 1.00 0.29 0.27 0.30 1.00   0.0051 0.0069 0.0032  0.0008  394.6732 653.5561   251059.80774  -628376.58757  77%  0.70 0.64 0.30 0.25 1.00 0.29 0.27 0.30 1.00   0.0051 0.0069 0.0032  0.0008  394.6753 653.2461   256775.38493  -628376.56476  77%  0.70 0.64 0.30 0.25 1.00 0.29 0.27 0.30 1.00   0.0051 0.0069 0.0032  0.0008  394.7385 653.2300   259711.51812  -628376.49294  78%  0.70 0.64 0.30 0.25 1.00 0.29 0.27 0.30 1.00   0.0051 0.0069 0.0032  0.0008  394.6914 653.4230   252686.15176  -628376.40818  78%  0.70 0.64 0.30 0.25 1.00 0.29 0.27 0.30 1.00   0.0051 0.0069 0.0032  0.0008  394.6315 653.4663   254589.54172  -628376.31475  79%  0.70 0.64 0.30 0.25 1.00 0.29 0.27 0.30 1.00   0.0051 0.0069 0.0032  0.0008  394.5617 653.1637   247915.74693  -628376.26282  79%  0.70 0.64 0.30 0.25 1.00 0.29 0.27 0.30 1.00   0.0051 0.0069 0.0032  0.0008  394.9115 652.9514   258640.22594  -628376.16219  80%  0.70 0.64 0.30 0.25 1.00 0.29 0.27 0.30 1.00   0.0051 0.0069 0.0032  0.0008  395.1797 652.6754   255022.40672  -628376.14925  80%  0.70 0.64 0.30 0.25 1.00 0.29 0.27 0.30 1.00   0.0051 0.0069 0.0032  0.0008  395.6806 652.3121   261385.94597  -628376.04523  170:11:23
  81%  0.70 0.64 0.30 0.25 1.00 0.29 0.27 0.30 1.00   0.0051 0.0069 0.0032  0.0008  395.6842 652.2241   249816.15436  -628375.99355  81%  0.70 0.64 0.30 0.25 1.00 0.29 0.27 0.30 1.00   0.0051 0.0069 0.0032  0.0008  395.5442 652.4894   248378.50602  -628375.94005  82%  0.70 0.64 0.30 0.25 1.00 0.29 0.27 0.30 1.00   0.0051 0.0069 0.0032  0.0008  395.6471 652.2194   252024.85004  -628375.85265  82%  0.70 0.64 0.30 0.25 1.00 0.29 0.27 0.30 1.00   0.0051 0.0069 0.0032  0.0008  395.5472 652.1911   248640.40410  -628375.82530  83%  0.70 0.64 0.30 0.25 1.00 0.29 0.27 0.30 1.00   0.0051 0.0069 0.0032  0.0008  395.1678 652.3626   255383.60596  -628375.81269  83%  0.70 0.64 0.30 0.25 1.00 0.29 0.27 0.30 1.00   0.0051 0.0069 0.0032  0.0008  395.0395 652.6882   256053.91961  -628375.79492  84%  0.70 0.64 0.30 0.25 1.00 0.29 0.27 0.30 1.00   0.0051 0.0069 0.0032  0.0008  394.9837 652.8500   251339.69785  -628375.72001  84%  0.70 0.64 0.30 0.25 1.00 0.29 0.27 0.30 1.00   0.0051 0.0069 0.0032  0.0008  394.8492 653.1546   254600.23352  -628375.60176  85%  0.70 0.64 0.30 0.25 1.00 0.29 0.27 0.30 1.00   0.0051 0.0069 0.0032  0.0008  395.0247 652.7174   252975.59726  -628375.59763  85%  0.70 0.64 0.30 0.25 1.00 0.29 0.27 0.30 1.00   0.0051 0.0069 0.0032  0.0008  394.8811 652.7280   250662.45756  -628375.53705  179:03:05
  86%  0.70 0.64 0.30 0.25 1.00 0.29 0.27 0.30 1.00   0.0051 0.0069 0.0032  0.0008  394.7063 653.1439   257409.57313  -628375.49395  86%  0.70 0.64 0.30 0.25 1.00 0.29 0.27 0.30 1.00   0.0051 0.0069 0.0032  0.0008  395.1789 652.8923   256402.04352  -628375.33771  87%  0.70 0.64 0.30 0.25 1.00 0.29 0.27 0.30 1.00   0.0051 0.0069 0.0032  0.0008  395.3684 652.7017   256892.43357  -628375.28044  87%  0.70 0.64 0.30 0.25 1.00 0.29 0.27 0.30 1.00   0.0051 0.0069 0.0032  0.0008  395.2839 653.0106   253034.17894  -628375.15457  88%  0.70 0.64 0.30 0.25 1.00 0.29 0.27 0.30 1.00   0.0051 0.0069 0.0032  0.0008  395.3731 652.9386   255590.56589  -628375.10132  88%  0.70 0.64 0.30 0.25 1.00 0.29 0.27 0.30 1.00   0.0051 0.0069 0.0032  0.0008  395.6138 652.6397   262023.46432  -628375.05048  89%  0.70 0.64 0.30 0.25 1.00 0.29 0.27 0.30 1.00   0.0051 0.0069 0.0032  0.0008  395.8119 652.5377   248875.97633  -628375.00323  89%  0.70 0.64 0.30 0.25 1.00 0.29 0.27 0.30 1.00   0.0051 0.0069 0.0032  0.0008  395.6501 652.3823   245826.59018  -628375.01657  90%  0.70 0.64 0.30 0.25 1.00 0.29 0.27 0.30 1.00   0.0051 0.0069 0.0032  0.0008  395.6923 652.2961   245140.81602  -628374.94281  90%  0.70 0.64 0.30 0.25 1.00 0.29 0.27 0.30 1.00   0.0051 0.0069 0.0032  0.0008  395.6190 652.1874   258472.48266  -628374.89788  188:13:15
  91%  0.70 0.64 0.30 0.25 1.00 0.29 0.27 0.30 1.00   0.0051 0.0069 0.0032  0.0008  395.6298 652.2450   252381.57244  -628374.85145  91%  0.70 0.64 0.30 0.25 1.00 0.29 0.27 0.30 1.00   0.0052 0.0069 0.0032  0.0008  395.5194 652.1283   243299.50316  -628374.85485  92%  0.70 0.64 0.30 0.25 1.00 0.29 0.27 0.30 1.00   0.0052 0.0069 0.0032  0.0008  395.6200 651.9107   254990.94251  -628374.87038  92%  0.70 0.64 0.30 0.25 1.00 0.29 0.27 0.30 1.00   0.0052 0.0069 0.0032  0.0008  395.5789 651.8936   247425.73313  -628374.82197  93%  0.70 0.64 0.30 0.25 1.00 0.29 0.27 0.30 1.00   0.0051 0.0069 0.0032  0.0008  395.2644 652.2723   243016.40886  -628374.73872  93%  0.70 0.64 0.30 0.25 1.00 0.29 0.27 0.30 1.00   0.0051 0.0069 0.0032  0.0008  395.0524 652.6638   248544.49268  -628374.64519  94%  0.70 0.64 0.30 0.25 1.00 0.29 0.27 0.30 1.00   0.0051 0.0069 0.0032  0.0008  395.1249 652.7351   258014.83137  -628374.60859  94%  0.70 0.64 0.30 0.25 1.00 0.29 0.27 0.30 1.00   0.0051 0.0069 0.0032  0.0008  395.1366 652.6230   248569.24159  -628374.60857  95%  0.70 0.64 0.30 0.25 1.00 0.29 0.27 0.30 1.00   0.0051 0.0069 0.0032  0.0008  395.2531 652.3492   245848.27932  -628374.56885  95%  0.70 0.64 0.30 0.25 1.00 0.29 0.27 0.30 1.00   0.0052 0.0069 0.0032  0.0008  395.1501 652.1752   257923.06451  -628374.60926  196:55:57
  96%  0.70 0.64 0.30 0.25 1.00 0.29 0.27 0.30 1.00   0.0052 0.0069 0.0032  0.0008  394.8917 652.1924   248382.30455  -628374.62266  96%  0.70 0.64 0.30 0.25 1.00 0.29 0.27 0.30 1.00   0.0052 0.0069 0.0032  0.0008  394.9982 652.3046   253909.81611  -628374.57097  97%  0.70 0.64 0.30 0.25 1.00 0.29 0.27 0.30 1.00   0.0052 0.0069 0.0032  0.0008  394.7378 652.6118   249864.42343  -628374.55894  97%  0.70 0.64 0.30 0.25 1.00 0.29 0.27 0.30 1.00   0.0052 0.0069 0.0032  0.0008  394.8221 652.5141   251363.77604  -628374.56062  98%  0.70 0.64 0.30 0.25 1.00 0.29 0.27 0.30 1.00   0.0052 0.0069 0.0032  0.0008  394.8617 652.5205   243220.31438  -628374.55017  98%  0.70 0.64 0.30 0.25 1.00 0.29 0.27 0.30 1.00   0.0052 0.0069 0.0032  0.0008  394.6630 652.6945   255837.75108  -628374.56174  99%  0.70 0.64 0.30 0.25 1.00 0.29 0.27 0.30 1.00   0.0051 0.0069 0.0032  0.0008  394.3309 652.9021   254733.89860  -628374.53968  99%  0.70 0.64 0.30 0.25 1.00 0.29 0.27 0.30 1.00   0.0051 0.0069 0.0032  0.0008  393.9626 653.0674   247872.94180  -628374.52760 100%  0.70 0.64 0.30 0.25 1.00 0.29 0.27 0.30 1.00   0.0051 0.0069 0.0032  0.0008  393.9713 653.4697   261158.75351  -628374.44072 100%  0.70 0.64 0.30 0.25 1.00 0.29 0.27 0.30 1.00   0.0051 0.0069 0.0032  0.0008  394.2459 653.3061   260559.08940  -628374.34845  205:32:36

205:32:36 spent in MCMC

Node-Index  Node-Type  Node-Label
---------------------------------
1           Tip        ajan
2           Tip        alas
3           Root       R

 param      mean       median       S.D        min          max         2.5%       97.5%      2.5%HPD     97.5%HPD      ESS*        Eff*      rho1  
----------------------------------------------------------------------------------------------------------------------------------------------------
theta:1    0.005149    0.005142   0.000287    0.004106     0.006399    0.004607    0.005725    0.004597    0.005715   723.301403  0.014466  0.693140
theta:2    0.006903    0.006896   0.000362    0.005582     0.008522    0.006210    0.007630    0.006189    0.007606   845.548109  0.016911  0.696501
theta:3    0.003249    0.003248   0.000099    0.002853     0.003678    0.003057    0.003445    0.003053    0.003440  2784.352542  0.055687  0.415792
tau:3      0.000760    0.000759   0.000040    0.000612     0.000929    0.000683    0.000839    0.000680    0.000835   864.775514  0.017296  0.866740
W:1->2   394.285071  391.179834  74.126741  167.812534   761.021992  257.850107  548.024586  251.710307  540.697805   397.411710  0.007948  0.940818
W:2->1   653.263874  648.910788  93.389741  338.324116  1079.657289  479.315617  846.657487  469.805885  836.175950   405.279405  0.008106  0.919566
M:1->2     0.676258    0.674986   0.108533    0.317543     1.165505    0.468350    0.895604    0.463718    0.889813   424.230586  0.008485  0.907188
M:2->1     0.836250    0.834492   0.093137    0.465430     1.268962    0.656723    1.022858    0.657406    1.023197   470.084356  0.009402  0.841320

lnL      -628374.746833  -628374.379000  81.184744  -628698.157000  -628046.894000  -628535.241000  -628216.583000  -628534.345000  -628215.859000  1844.370205  0.036887  0.142620


FigTree tree is in fit/output/ch2.FigTree.tre

Summarizing parameter estimates using file fit/output/ch2.conditional_a1b1.txt ...

 param      mean        S.D        2.5%       97.5%      2.5%HPD     97.5%HPD     Effu      Effy       c    
------------------------------------------------------------------------------------------------------------
theta:1    0.005149   0.000287    0.004606    0.005727    0.004585    0.005706  0.014706  0.014700  1.027965
theta:2    0.006903   0.000361    0.006214    0.007630    0.006188    0.007604  0.016612  0.016605  1.026542
theta:3    0.003249   0.000099    0.003058    0.003445    0.003053    0.003440  0.055596  0.055364  1.081333
W:1->2   394.296828  74.118000  257.623237  547.572852  248.136133  537.492804  0.007935  0.007934  1.006955
M:1->2     0.676265   0.108526    0.467942    0.895148    0.464041    0.888756  0.008500  0.008499  1.012475
W:2->1   653.300186  93.502686  480.133211  846.663742  468.164867  834.695398  0.008155  0.008154  1.009118
M:2->1     0.836288   0.093165    0.657048    1.022225    0.651262    1.015163  0.009407  0.009405  1.022337

