Detected CPU features: mmx sse sse2 sse3 ssse3 sse4.1 sse4.2 popcnt avx avx2
bpp v4.8.7_macos_x86_64, 128GB RAM, 36 cores
https://github.com/bpp/bpp

Auto-selected SIMD ISA: AVX2


Starting timer..
Seed: 970579851 (randomly generated)
Parsing species tree... Done
Parsing phylip file... Done

Summary of alignments *before* phasing sequences:
 Locus | Model | Sequences | Length | Ambiguous sites | Compressed | Base freqs 
-------+-------+-----------+--------+-----------------+------------+------------
     1 |  JC69 |         2 |    278 |               4 |          5 |      Fixed 
     2 |  JC69 |         2 |     86 |               0 |          1 |      Fixed 
     3 |  JC69 |         4 |    278 |              10 |          7 |      Fixed 
     4 |  JC69 |        10 |     72 |               2 |          3 |      Fixed 
     5 |  JC69 |         2 |    282 |               9 |          5 |      Fixed 
     6 |  JC69 |         2 |    282 |              72 |          5 |      Fixed 
     7 |  JC69 |        20 |    209 |              16 |         15 |      Fixed 
     8 |  JC69 |         7 |    137 |              17 |         11 |      Fixed 
     9 |  JC69 |        14 |     54 |               3 |          2 |      Fixed 
    10 |  JC69 |        10 |    209 |              14 |         11 |      Fixed 
    11 |  JC69 |        18 |     92 |               9 |          9 |      Fixed 
    12 |  JC69 |        15 |    283 |              48 |         29 |      Fixed 
    13 |  JC69 |        10 |    167 |               1 |          2 |      Fixed 
    14 |  JC69 |        15 |    119 |               1 |          2 |      Fixed 
    15 |  JC69 |         7 |     77 |               5 |          2 |      Fixed 
    16 |  JC69 |        20 |    202 |              92 |          6 |      Fixed 
    17 |  JC69 |        14 |    369 |             290 |         18 |      Fixed 
    18 |  JC69 |         5 |    171 |               5 |          6 |      Fixed 
    19 |  JC69 |         2 |    280 |               9 |          8 |      Fixed 
    20 |  JC69 |         2 |     46 |               1 |          2 |      Fixed 
    21 |  JC69 |         3 |     66 |               0 |          1 |      Fixed 
    22 |  JC69 |         3 |     43 |               3 |          2 |      Fixed 
    23 |  JC69 |         3 |     65 |               0 |          2 |      Fixed 
    24 |  JC69 |        15 |     54 |              16 |          5 |      Fixed 
    25 |  JC69 |         2 |    143 |              21 |          4 |      Fixed 
    26 |  JC69 |         2 |    192 |               6 |          4 |      Fixed 
    27 |  JC69 |         5 |    273 |              34 |         20 |      Fixed 
    28 |  JC69 |         5 |    279 |              19 |         11 |      Fixed 
    29 |  JC69 |         6 |    282 |              52 |         13 |      Fixed 
    30 |  JC69 |         2 |    194 |               1 |          2 |      Fixed 
    31 |  JC69 |         3 |     67 |               7 |          6 |      Fixed 
    32 |  JC69 |         6 |    228 |              93 |         11 |      Fixed 
    33 |  JC69 |         3 |    158 |               1 |          2 |      Fixed 
    34 |  JC69 |         6 |     62 |               4 |          3 |      Fixed 
    35 |  JC69 |         2 |    144 |               8 |          5 |      Fixed 
    36 |  JC69 |         7 |     76 |               5 |          4 |      Fixed 
    37 |  JC69 |         4 |    131 |              12 |          4 |      Fixed 
    38 |  JC69 |         3 |    101 |               0 |          3 |      Fixed 
    39 |  JC69 |         8 |    132 |               4 |          5 |      Fixed 
    40 |  JC69 |         9 |    282 |              21 |         15 |      Fixed 
    41 |  JC69 |         4 |    286 |              32 |         16 |      Fixed 
    42 |  JC69 |        20 |    104 |              42 |          7 |      Fixed 
    43 |  JC69 |        12 |    349 |              86 |          9 |      Fixed 
    44 |  JC69 |        20 |    326 |              14 |         13 |      Fixed 
    45 |  JC69 |         2 |     72 |               3 |          3 |      Fixed 
    46 |  JC69 |         6 |    130 |              34 |          8 |      Fixed 
    47 |  JC69 |        20 |    213 |              58 |         15 |      Fixed 
    48 |  JC69 |        13 |     58 |               2 |          3 |      Fixed 
    49 |  JC69 |         5 |    185 |              14 |         14 |      Fixed 
    50 |  JC69 |         2 |    168 |               0 |          2 |      Fixed 
    51 |  JC69 |        13 |    154 |              16 |          8 |      Fixed 
    52 |  JC69 |         6 |    171 |               1 |          2 |      Fixed 
    53 |  JC69 |         3 |    131 |               3 |          3 |      Fixed 
    54 |  JC69 |         2 |     73 |               0 |          2 |      Fixed 
    55 |  JC69 |        20 |    221 |              72 |         15 |      Fixed 
    56 |  JC69 |         8 |     85 |               1 |          2 |      Fixed 
    57 |  JC69 |         3 |    281 |              21 |          6 |      Fixed 
    58 |  JC69 |         8 |    413 |              22 |         16 |      Fixed 
    59 |  JC69 |        13 |    196 |               3 |          4 |      Fixed 
    60 |  JC69 |        17 |    155 |              45 |         16 |      Fixed 
    61 |  JC69 |         5 |    162 |               9 |          5 |      Fixed 
    62 |  JC69 |         2 |    220 |               0 |          2 |      Fixed 
    63 |  JC69 |         6 |    281 |              21 |         11 |      Fixed 
    64 |  JC69 |         4 |    283 |               6 |          4 |      Fixed 
    65 |  JC69 |         2 |    106 |               1 |          2 |      Fixed 
    66 |  JC69 |         4 |    117 |               2 |          3 |      Fixed 
    67 |  JC69 |         4 |    112 |              13 |          4 |      Fixed 
    68 |  JC69 |         3 |     64 |              16 |          3 |      Fixed 
    69 |  JC69 |        16 |    245 |             123 |         14 |      Fixed 
    70 |  JC69 |         2 |    281 |              15 |          3 |      Fixed 
    71 |  JC69 |        20 |    154 |               3 |          4 |      Fixed 
    72 |  JC69 |        14 |    147 |               2 |          3 |      Fixed 
    73 |  JC69 |        15 |    135 |              11 |          6 |      Fixed 
    74 |  JC69 |         5 |    156 |               3 |          3 |      Fixed 
    75 |  JC69 |        20 |    217 |               7 |          8 |      Fixed 
    76 |  JC69 |         2 |    102 |               8 |          2 |      Fixed 
    77 |  JC69 |         3 |    130 |               3 |          3 |      Fixed 
    78 |  JC69 |         2 |     44 |               6 |          3 |      Fixed 
    79 |  JC69 |        20 |    219 |               9 |         10 |      Fixed 
    80 |  JC69 |        16 |     86 |              14 |          8 |      Fixed 
    81 |  JC69 |        15 |    292 |              45 |         23 |      Fixed 
    82 |  JC69 |        20 |    236 |              11 |         10 |      Fixed 
    83 |  JC69 |         2 |    103 |              11 |          4 |      Fixed 
    84 |  JC69 |         3 |     77 |               0 |          1 |      Fixed 
    85 |  JC69 |         4 |    121 |               0 |          1 |      Fixed 
    86 |  JC69 |         2 |     82 |               1 |          2 |      Fixed 
    87 |  JC69 |        13 |    170 |               3 |          6 |      Fixed 
    88 |  JC69 |        11 |    270 |               9 |         12 |      Fixed 
    89 |  JC69 |         2 |    103 |               0 |          1 |      Fixed 
    90 |  JC69 |         2 |     78 |               5 |          2 |      Fixed 
    91 |  JC69 |         2 |    248 |             115 |          3 |      Fixed 
    92 |  JC69 |         4 |    106 |               1 |          3 |      Fixed 
    93 |  JC69 |         3 |    234 |               9 |          5 |      Fixed 
    94 |  JC69 |        14 |    108 |               2 |          3 |      Fixed 
    95 |  JC69 |         5 |    281 |              18 |         14 |      Fixed 
    96 |  JC69 |        15 |    105 |               3 |          4 |      Fixed 
    97 |  JC69 |         4 |    136 |              12 |          7 |      Fixed 
    98 |  JC69 |        13 |     93 |               1 |          2 |      Fixed 
    99 |  JC69 |         2 |    139 |              43 |          9 |      Fixed 
   100 |  JC69 |         2 |     56 |              20 |          5 |      Fixed 
   101 |  JC69 |         2 |    143 |               0 |          2 |      Fixed 
   102 |  JC69 |         3 |    144 |               2 |          3 |      Fixed 
   103 |  JC69 |         2 |    147 |               8 |          3 |      Fixed 
   104 |  JC69 |        13 |    146 |               6 |          7 |      Fixed 
   105 |  JC69 |         2 |     81 |               2 |          2 |      Fixed 
   106 |  JC69 |         2 |    154 |               1 |          3 |      Fixed 
   107 |  JC69 |         3 |    211 |             111 |          5 |      Fixed 
   108 |  JC69 |         9 |    123 |               1 |          3 |      Fixed 
   109 |  JC69 |         3 |    134 |               1 |          2 |      Fixed 
   110 |  JC69 |         4 |    120 |               3 |          6 |      Fixed 
   111 |  JC69 |         2 |    150 |               0 |          1 |      Fixed 
   112 |  JC69 |         2 |    139 |               0 |          1 |      Fixed 
   113 |  JC69 |         2 |     62 |               0 |          1 |      Fixed 
   114 |  JC69 |        11 |     96 |               3 |          4 |      Fixed 
   115 |  JC69 |         2 |    272 |              25 |          9 |      Fixed 
   116 |  JC69 |         6 |    141 |              37 |          6 |      Fixed 
   117 |  JC69 |         2 |    231 |              96 |          6 |      Fixed 
   118 |  JC69 |         3 |    114 |               1 |          2 |      Fixed 
   119 |  JC69 |         4 |     55 |               0 |          1 |      Fixed 
   120 |  JC69 |         3 |    138 |              30 |          7 |      Fixed 
   121 |  JC69 |         9 |    204 |               4 |          5 |      Fixed 
   122 |  JC69 |         4 |    163 |              41 |         10 |      Fixed 
   123 |  JC69 |         2 |    133 |               1 |          2 |      Fixed 
   124 |  JC69 |         2 |    134 |               0 |          1 |      Fixed 
   125 |  JC69 |         2 |    146 |              19 |         11 |      Fixed 
   126 |  JC69 |         4 |    175 |              25 |          7 |      Fixed 
   127 |  JC69 |         2 |    263 |              75 |          9 |      Fixed 
   128 |  JC69 |         2 |     98 |               3 |          5 |      Fixed 
   129 |  JC69 |         3 |    286 |              14 |          3 |      Fixed 
   130 |  JC69 |         4 |    107 |               9 |          7 |      Fixed 
   131 |  JC69 |         2 |    139 |               1 |          3 |      Fixed 
   132 |  JC69 |         4 |    138 |               3 |          5 |      Fixed 
   133 |  JC69 |         2 |    153 |              61 |          2 |      Fixed 
   134 |  JC69 |         2 |    137 |              59 |          3 |      Fixed 
   135 |  JC69 |         3 |     91 |               1 |          2 |      Fixed 
   136 |  JC69 |        11 |     78 |               5 |          6 |      Fixed 
   137 |  JC69 |         2 |     90 |               5 |          4 |      Fixed 
   138 |  JC69 |         2 |    170 |               0 |          1 |      Fixed 
   139 |  JC69 |         2 |    114 |               1 |          2 |      Fixed 
   140 |  JC69 |        13 |    139 |               3 |          4 |      Fixed 
   141 |  JC69 |         5 |    144 |               7 |          4 |      Fixed 
   142 |  JC69 |         3 |    154 |               1 |          3 |      Fixed 
   143 |  JC69 |         2 |     49 |               0 |          1 |      Fixed 
   144 |  JC69 |         6 |    117 |               7 |          7 |      Fixed 
   145 |  JC69 |         3 |     87 |               0 |          1 |      Fixed 
   146 |  JC69 |         2 |     91 |               0 |          1 |      Fixed 
   147 |  JC69 |         2 |    109 |               3 |          2 |      Fixed 
   148 |  JC69 |         2 |    157 |               1 |          2 |      Fixed 
   149 |  JC69 |         3 |    138 |               1 |          2 |      Fixed 
   150 |  JC69 |         9 |    161 |              42 |          8 |      Fixed 
   151 |  JC69 |         3 |    166 |               2 |          3 |      Fixed 
   152 |  JC69 |        10 |    161 |              45 |          6 |      Fixed 
   153 |  JC69 |         2 |    142 |               0 |          1 |      Fixed 
   154 |  JC69 |         6 |    144 |               8 |          8 |      Fixed 
   155 |  JC69 |         2 |    338 |              53 |          3 |      Fixed 
   156 |  JC69 |         6 |    161 |              78 |          5 |      Fixed 
   157 |  JC69 |         3 |    216 |              37 |          4 |      Fixed 
   158 |  JC69 |         6 |    128 |              15 |          8 |      Fixed 
   159 |  JC69 |         3 |    133 |               0 |          1 |      Fixed 
   160 |  JC69 |         5 |    144 |               6 |          7 |      Fixed 
   161 |  JC69 |         7 |    111 |              30 |          6 |      Fixed 
   162 |  JC69 |         3 |    248 |              33 |          2 |      Fixed 
   163 |  JC69 |         4 |    261 |              34 |         23 |      Fixed 
   164 |  JC69 |         6 |    236 |              94 |          3 |      Fixed 
   165 |  JC69 |         2 |    136 |               5 |          4 |      Fixed 
   166 |  JC69 |         4 |    146 |               0 |          1 |      Fixed 
   167 |  JC69 |        12 |     49 |               3 |          4 |      Fixed 
   168 |  JC69 |         8 |    156 |              77 |          7 |      Fixed 
   169 |  JC69 |         7 |    185 |              11 |          6 |      Fixed 
   170 |  JC69 |        12 |     54 |               6 |          3 |      Fixed 
   171 |  JC69 |         7 |    176 |             162 |          9 |      Fixed 
   172 |  JC69 |         4 |    167 |              42 |          8 |      Fixed 
   173 |  JC69 |         2 |    146 |              66 |          5 |      Fixed 
   174 |  JC69 |         2 |    141 |               3 |          3 |      Fixed 
   175 |  JC69 |         3 |    283 |              26 |         15 |      Fixed 
   176 |  JC69 |        12 |    139 |             109 |          9 |      Fixed 
   177 |  JC69 |         4 |    221 |               1 |          2 |      Fixed 
   178 |  JC69 |         2 |    163 |               0 |          1 |      Fixed 
   179 |  JC69 |         4 |    182 |              39 |          4 |      Fixed 
   180 |  JC69 |         2 |    138 |               6 |          6 |      Fixed 
   181 |  JC69 |         9 |     87 |              11 |         12 |      Fixed 
   182 |  JC69 |         2 |     69 |               0 |          1 |      Fixed 
   183 |  JC69 |         3 |    276 |              15 |          7 |      Fixed 
   184 |  JC69 |         8 |    168 |              87 |         12 |      Fixed 
   185 |  JC69 |        11 |    146 |              11 |         11 |      Fixed 
   186 |  JC69 |        20 |    117 |              40 |         15 |      Fixed 
   187 |  JC69 |         5 |    234 |               2 |          3 |      Fixed 
   188 |  JC69 |         4 |    290 |               8 |          5 |      Fixed 
   189 |  JC69 |         6 |     84 |               6 |          7 |      Fixed 
   190 |  JC69 |         3 |    248 |              12 |          7 |      Fixed 
   191 |  JC69 |         4 |     94 |               5 |          2 |      Fixed 
   192 |  JC69 |         2 |    151 |               0 |          1 |      Fixed 
   193 |  JC69 |        10 |     96 |               0 |          3 |      Fixed 
   194 |  JC69 |        13 |    159 |              41 |         12 |      Fixed 
   195 |  JC69 |        19 |    130 |               7 |          8 |      Fixed 
   196 |  JC69 |        19 |    118 |               5 |          6 |      Fixed 
   197 |  JC69 |        12 |    281 |              73 |         16 |      Fixed 
   198 |  JC69 |         5 |    213 |               3 |          4 |      Fixed 
   199 |  JC69 |         6 |     90 |               9 |          2 |      Fixed 
   200 |  JC69 |        16 |    100 |               4 |          5 |      Fixed 
   201 |  JC69 |         4 |     99 |               1 |          2 |      Fixed 
   202 |  JC69 |         2 |    273 |               8 |          5 |      Fixed 
   203 |  JC69 |        19 |    195 |               6 |          7 |      Fixed 
   204 |  JC69 |         4 |     95 |               4 |          5 |      Fixed 
   205 |  JC69 |         2 |    180 |              85 |          3 |      Fixed 
   206 |  JC69 |        14 |    262 |              18 |         14 |      Fixed 
   207 |  JC69 |         4 |    347 |              15 |         15 |      Fixed 
   208 |  JC69 |         4 |    164 |               1 |          3 |      Fixed 
   209 |  JC69 |         8 |    145 |               6 |          5 |      Fixed 
   210 |  JC69 |         6 |    486 |             220 |         12 |      Fixed 
   211 |  JC69 |         7 |    144 |              10 |          8 |      Fixed 
   212 |  JC69 |        17 |    191 |               2 |          3 |      Fixed 
   213 |  JC69 |         3 |     82 |              10 |          3 |      Fixed 
   214 |  JC69 |        20 |    134 |               3 |          4 |      Fixed 
   215 |  JC69 |        16 |    102 |               2 |          2 |      Fixed 
   216 |  JC69 |        14 |    299 |               5 |          5 |      Fixed 
   217 |  JC69 |         8 |    539 |             295 |         13 |      Fixed 
   218 |  JC69 |        12 |    153 |               7 |          8 |      Fixed 
   219 |  JC69 |        12 |    220 |               3 |          4 |      Fixed 
   220 |  JC69 |         3 |    172 |               2 |          5 |      Fixed 
   221 |  JC69 |         6 |     69 |               0 |          5 |      Fixed 
   222 |  JC69 |         3 |    277 |              25 |         14 |      Fixed 
   223 |  JC69 |        13 |    290 |              33 |         26 |      Fixed 
   224 |  JC69 |         4 |     86 |               0 |          1 |      Fixed 
   225 |  JC69 |         2 |    266 |              28 |          4 |      Fixed 
   226 |  JC69 |        20 |     69 |              15 |          4 |      Fixed 
   227 |  JC69 |         4 |     60 |               0 |          2 |      Fixed 
   228 |  JC69 |         2 |     76 |               3 |          4 |      Fixed 
   229 |  JC69 |         7 |    325 |             200 |         16 |      Fixed 
   230 |  JC69 |         4 |    398 |               1 |          2 |      Fixed 
   231 |  JC69 |        15 |    129 |               5 |          6 |      Fixed 
   232 |  JC69 |        17 |    181 |               4 |          5 |      Fixed 
   233 |  JC69 |         5 |    214 |               0 |          1 |      Fixed 
   234 |  JC69 |         4 |    144 |               4 |          4 |      Fixed 
   235 |  JC69 |         8 |    277 |              18 |         12 |      Fixed 
   236 |  JC69 |        16 |    411 |              87 |         14 |      Fixed 
   237 |  JC69 |        14 |    420 |             143 |         12 |      Fixed 
   238 |  JC69 |        10 |    286 |              46 |         15 |      Fixed 
   239 |  JC69 |         3 |     67 |               1 |          2 |      Fixed 
   240 |  JC69 |        20 |    582 |             112 |         13 |      Fixed 
   241 |  JC69 |         5 |    148 |               4 |          5 |      Fixed 
   242 |  JC69 |         2 |     48 |               1 |          2 |      Fixed 
   243 |  JC69 |         6 |    414 |             285 |         12 |      Fixed 
   244 |  JC69 |        13 |    179 |               2 |          3 |      Fixed 
   245 |  JC69 |        17 |    349 |               8 |          7 |      Fixed 
   246 |  JC69 |         2 |    104 |               0 |          2 |      Fixed 
   247 |  JC69 |        20 |    386 |             124 |         13 |      Fixed 
   248 |  JC69 |         5 |    282 |             104 |         12 |      Fixed 
   249 |  JC69 |        11 |    323 |             163 |         11 |      Fixed 
   250 |  JC69 |         3 |     90 |              15 |          7 |      Fixed 
   251 |  JC69 |         3 |    180 |              15 |          5 |      Fixed 
   252 |  JC69 |        19 |    126 |               5 |          6 |      Fixed 
   253 |  JC69 |        16 |    141 |               4 |          5 |      Fixed 
   254 |  JC69 |         2 |    126 |               6 |          4 |      Fixed 
   255 |  JC69 |         3 |    279 |              28 |          9 |      Fixed 
   256 |  JC69 |         4 |     85 |              16 |          8 |      Fixed 
   257 |  JC69 |         3 |    119 |               0 |          1 |      Fixed 
   258 |  JC69 |         3 |    103 |               1 |          2 |      Fixed 
   259 |  JC69 |         3 |    280 |               7 |          8 |      Fixed 
   260 |  JC69 |        10 |    267 |              49 |         19 |      Fixed 
   261 |  JC69 |         8 |    484 |               7 |          6 |      Fixed 
   262 |  JC69 |        11 |    166 |              11 |          6 |      Fixed 
   263 |  JC69 |         2 |     81 |               0 |          1 |      Fixed 
   264 |  JC69 |         3 |    151 |              23 |          5 |      Fixed 
   265 |  JC69 |         2 |    281 |               2 |          3 |      Fixed 
   266 |  JC69 |        20 |     52 |               1 |          2 |      Fixed 
   267 |  JC69 |        20 |    402 |              17 |         14 |      Fixed 
   268 |  JC69 |        14 |     82 |               3 |          4 |      Fixed 
   269 |  JC69 |        16 |    297 |              66 |         11 |      Fixed 
   270 |  JC69 |        19 |    303 |             165 |         17 |      Fixed 
   271 |  JC69 |         7 |    280 |              72 |         14 |      Fixed 
   272 |  JC69 |         2 |     92 |               5 |          3 |      Fixed 
   273 |  JC69 |        20 |    146 |               2 |          3 |      Fixed 
   274 |  JC69 |         4 |    172 |               4 |          4 |      Fixed 
   275 |  JC69 |         2 |     58 |               1 |          2 |      Fixed 
   276 |  JC69 |         9 |    147 |               3 |          6 |      Fixed 
   277 |  JC69 |         6 |    278 |              28 |         17 |      Fixed 
   278 |  JC69 |        20 |    391 |             245 |         17 |      Fixed 
   279 |  JC69 |        17 |     73 |               3 |          3 |      Fixed 
   280 |  JC69 |         8 |    217 |               6 |          6 |      Fixed 
   281 |  JC69 |        13 |     71 |               7 |          7 |      Fixed 
   282 |  JC69 |         2 |    133 |               4 |          4 |      Fixed 
   283 |  JC69 |        20 |    178 |               5 |          6 |      Fixed 
   284 |  JC69 |        17 |    731 |             731 |         28 |      Fixed 
   285 |  JC69 |         2 |     96 |               4 |          5 |      Fixed 
   286 |  JC69 |        17 |    138 |              12 |         10 |      Fixed 
   287 |  JC69 |        20 |     54 |               2 |          3 |      Fixed 
   288 |  JC69 |         4 |    284 |               8 |          4 |      Fixed 
   289 |  JC69 |        20 |    127 |              10 |         10 |      Fixed 
   290 |  JC69 |         3 |     72 |               5 |          2 |      Fixed 
   291 |  JC69 |         3 |    106 |              56 |          6 |      Fixed 
   292 |  JC69 |         2 |    189 |               0 |          2 |      Fixed 
   293 |  JC69 |         3 |     37 |               0 |          1 |      Fixed 
   294 |  JC69 |         3 |     98 |               1 |          2 |      Fixed 
   295 |  JC69 |        19 |    851 |             569 |         28 |      Fixed 
   296 |  JC69 |        16 |    259 |               6 |          6 |      Fixed 
   297 |  JC69 |         3 |     55 |               5 |          4 |      Fixed 
   298 |  JC69 |        20 |    146 |              10 |          9 |      Fixed 
   299 |  JC69 |         3 |    147 |               5 |          2 |      Fixed 
   300 |  JC69 |         5 |    280 |             107 |         12 |      Fixed 
   301 |  JC69 |        12 |    404 |              28 |         22 |      Fixed 
   302 |  JC69 |         4 |     85 |               0 |          1 |      Fixed 
   303 |  JC69 |         2 |    121 |               0 |          1 |      Fixed 
   304 |  JC69 |        18 |     56 |               5 |          5 |      Fixed 
   305 |  JC69 |         5 |    277 |              13 |         11 |      Fixed 
   306 |  JC69 |        11 |     64 |               6 |          5 |      Fixed 
   307 |  JC69 |         5 |     86 |               1 |          3 |      Fixed 
   308 |  JC69 |         4 |    132 |               7 |          5 |      Fixed 
   309 |  JC69 |         4 |    124 |              31 |          4 |      Fixed 
   310 |  JC69 |         3 |     85 |               1 |          3 |      Fixed 
   311 |  JC69 |         8 |     76 |               3 |          4 |      Fixed 
   312 |  JC69 |         7 |    131 |              24 |          5 |      Fixed 
   313 |  JC69 |         3 |    249 |               7 |          5 |      Fixed 
   314 |  JC69 |         2 |    321 |             136 |          4 |      Fixed 
   315 |  JC69 |        20 |     97 |               5 |          4 |      Fixed 
   316 |  JC69 |         2 |    197 |               1 |          3 |      Fixed 
   317 |  JC69 |         2 |    241 |               7 |          4 |      Fixed 
   318 |  JC69 |        20 |     89 |               2 |          3 |      Fixed 
   319 |  JC69 |        12 |     72 |               6 |          7 |      Fixed 
   320 |  JC69 |         7 |    408 |             250 |         10 |      Fixed 
   321 |  JC69 |        20 |    294 |              86 |         12 |      Fixed 
   322 |  JC69 |        10 |     89 |              10 |          8 |      Fixed 
   323 |  JC69 |        18 |     67 |               7 |          6 |      Fixed 
   324 |  JC69 |         6 |    231 |              79 |          4 |      Fixed 
   325 |  JC69 |         2 |    103 |               1 |          3 |      Fixed 
   326 |  JC69 |         3 |     58 |               0 |          2 |      Fixed 
   327 |  JC69 |         2 |     71 |               1 |          2 |      Fixed 
   328 |  JC69 |         3 |    199 |               4 |          4 |      Fixed 
   329 |  JC69 |        20 |    229 |              13 |         13 |      Fixed 
   330 |  JC69 |         4 |    268 |              17 |          8 |      Fixed 
   331 |  JC69 |        20 |     92 |               5 |          6 |      Fixed 
   332 |  JC69 |         9 |    287 |             287 |         17 |      Fixed 
   333 |  JC69 |         5 |    197 |               4 |          7 |      Fixed 
   334 |  JC69 |        12 |    125 |               6 |          5 |      Fixed 
   335 |  JC69 |         2 |    167 |               7 |          3 |      Fixed 
   336 |  JC69 |        20 |     65 |               2 |          3 |      Fixed 
   337 |  JC69 |         2 |    108 |               1 |          2 |      Fixed 
   338 |  JC69 |        12 |     96 |               1 |          2 |      Fixed 
   339 |  JC69 |         2 |    211 |              31 |          4 |      Fixed 
   340 |  JC69 |         3 |    282 |               7 |          5 |      Fixed 
   341 |  JC69 |        16 |     89 |              21 |         10 |      Fixed 
   342 |  JC69 |        13 |    265 |              41 |         18 |      Fixed 
   343 |  JC69 |        19 |    101 |               5 |          8 |      Fixed 
   344 |  JC69 |         4 |    273 |              26 |          9 |      Fixed 
   345 |  JC69 |        11 |    196 |              95 |          9 |      Fixed 
   346 |  JC69 |        20 |    148 |               4 |          5 |      Fixed 
   347 |  JC69 |         9 |    282 |             117 |         22 |      Fixed 
   348 |  JC69 |        13 |     87 |              25 |         10 |      Fixed 
   349 |  JC69 |         4 |    172 |               2 |          3 |      Fixed 
   350 |  JC69 |         3 |    288 |               9 |          5 |      Fixed 
   351 |  JC69 |        11 |    122 |               3 |          3 |      Fixed 
   352 |  JC69 |         2 |    136 |               4 |          4 |      Fixed 
   353 |  JC69 |        12 |    147 |               2 |          3 |      Fixed 
   354 |  JC69 |         4 |    347 |             122 |          9 |      Fixed 
   355 |  JC69 |        13 |    360 |              25 |         17 |      Fixed 
   356 |  JC69 |        10 |    129 |               1 |          3 |      Fixed 
   357 |  JC69 |        10 |    281 |              51 |         16 |      Fixed 
   358 |  JC69 |        16 |     68 |              12 |          8 |      Fixed 
   359 |  JC69 |        17 |     81 |               9 |          7 |      Fixed 
   360 |  JC69 |         5 |    282 |              60 |         15 |      Fixed 
   361 |  JC69 |        18 |    186 |              10 |          7 |      Fixed 
   362 |  JC69 |         5 |    271 |              16 |         11 |      Fixed 
   363 |  JC69 |         7 |    286 |              27 |         17 |      Fixed 
   364 |  JC69 |        14 |    192 |               6 |          6 |      Fixed 
   365 |  JC69 |        16 |    291 |              20 |         16 |      Fixed 
   366 |  JC69 |         3 |    280 |              16 |          8 |      Fixed 
   367 |  JC69 |         6 |    285 |              55 |         16 |      Fixed 
   368 |  JC69 |         6 |    115 |              61 |         15 |      Fixed 
   369 |  JC69 |        18 |    174 |              10 |          4 |      Fixed 
   370 |  JC69 |        15 |    292 |              28 |         18 |      Fixed 
   371 |  JC69 |        17 |    256 |              20 |          8 |      Fixed 
   372 |  JC69 |        19 |    378 |              82 |         23 |      Fixed 
   373 |  JC69 |         2 |    112 |               0 |          1 |      Fixed 
   374 |  JC69 |         5 |    254 |              12 |         10 |      Fixed 
   375 |  JC69 |         3 |    108 |               1 |          2 |      Fixed 
   376 |  JC69 |         5 |    118 |               8 |          6 |      Fixed 
   377 |  JC69 |        16 |    133 |               4 |          5 |      Fixed 
   378 |  JC69 |        20 |    130 |               5 |          6 |      Fixed 
   379 |  JC69 |        11 |    137 |               1 |          2 |      Fixed 
   380 |  JC69 |        14 |    102 |               4 |          5 |      Fixed 
   381 |  JC69 |         2 |    104 |               0 |          1 |      Fixed 
   382 |  JC69 |         4 |    144 |               7 |          6 |      Fixed 
   383 |  JC69 |        13 |    119 |               4 |          4 |      Fixed 
   384 |  JC69 |         2 |    146 |               0 |          1 |      Fixed 
   385 |  JC69 |         7 |     57 |               1 |          2 |      Fixed 
   386 |  JC69 |        17 |     87 |               4 |          6 |      Fixed 
   387 |  JC69 |        20 |    130 |               3 |          4 |      Fixed 
   388 |  JC69 |         2 |    547 |              21 |          8 |      Fixed 
   389 |  JC69 |         4 |     95 |              37 |          4 |      Fixed 
   390 |  JC69 |         9 |    161 |               6 |          7 |      Fixed 
   391 |  JC69 |         2 |     52 |               0 |          1 |      Fixed 
   392 |  JC69 |         4 |    164 |               9 |          7 |      Fixed 
   393 |  JC69 |         9 |    153 |              11 |          6 |      Fixed 
   394 |  JC69 |         2 |     49 |               0 |          1 |      Fixed 
   395 |  JC69 |        18 |    121 |               2 |          3 |      Fixed 
   396 |  JC69 |         8 |    260 |               9 |          9 |      Fixed 
   397 |  JC69 |        20 |    184 |              98 |         23 |      Fixed 
   398 |  JC69 |        13 |     54 |               1 |          2 |      Fixed 
   399 |  JC69 |         6 |     71 |               3 |          4 |      Fixed 
   400 |  JC69 |        20 |     70 |               2 |          3 |      Fixed 
   401 |  JC69 |         3 |    489 |             214 |          8 |      Fixed 
   402 |  JC69 |         3 |     63 |               3 |          3 |      Fixed 
   403 |  JC69 |        12 |     41 |               4 |          4 |      Fixed 
   404 |  JC69 |         4 |    353 |             191 |          9 |      Fixed 
   405 |  JC69 |        14 |    180 |              12 |          6 |      Fixed 
   406 |  JC69 |         2 |    177 |               1 |          2 |      Fixed 
   407 |  JC69 |        10 |     83 |               3 |          4 |      Fixed 
   408 |  JC69 |         5 |    177 |               1 |          2 |      Fixed 
   409 |  JC69 |        19 |     56 |               1 |          2 |      Fixed 
   410 |  JC69 |        16 |     73 |               3 |          2 |      Fixed 
   411 |  JC69 |        20 |     46 |               2 |          3 |      Fixed 
   412 |  JC69 |        20 |    232 |              63 |          8 |      Fixed 
   413 |  JC69 |         2 |     69 |               1 |          2 |      Fixed 
   414 |  JC69 |        15 |     73 |               1 |          2 |      Fixed 
   415 |  JC69 |         9 |    218 |              11 |          9 |      Fixed 
   416 |  JC69 |         3 |    148 |               0 |          2 |      Fixed 
   417 |  JC69 |        20 |     48 |               1 |          2 |      Fixed 
   418 |  JC69 |        20 |     69 |               9 |          6 |      Fixed 
   419 |  JC69 |         2 |    286 |              15 |          4 |      Fixed 
   420 |  JC69 |         7 |    150 |               8 |          9 |      Fixed 
   421 |  JC69 |        10 |    238 |              23 |         12 |      Fixed 
   422 |  JC69 |         3 |     45 |               2 |          2 |      Fixed 
   423 |  JC69 |         3 |    163 |               0 |          1 |      Fixed 
   424 |  JC69 |        12 |    292 |              20 |         11 |      Fixed 
   425 |  JC69 |         3 |    268 |              19 |         13 |      Fixed 
   426 |  JC69 |        17 |    104 |               7 |          5 |      Fixed 
   427 |  JC69 |        14 |    667 |             667 |         26 |      Fixed 
   428 |  JC69 |         3 |    232 |              21 |          8 |      Fixed 
   429 |  JC69 |         2 |    278 |               7 |          4 |      Fixed 
   430 |  JC69 |        18 |    241 |              17 |         15 |      Fixed 
   431 |  JC69 |         6 |    280 |              62 |         12 |      Fixed 
   432 |  JC69 |         2 |    213 |               0 |          1 |      Fixed 
   433 |  JC69 |         3 |     51 |               0 |          1 |      Fixed 
   434 |  JC69 |         6 |     81 |              28 |          4 |      Fixed 
   435 |  JC69 |         7 |    144 |               2 |          3 |      Fixed 
   436 |  JC69 |         5 |    310 |              86 |         16 |      Fixed 
   437 |  JC69 |         3 |    284 |               1 |          3 |      Fixed 
   438 |  JC69 |         3 |    275 |              23 |          9 |      Fixed 
   439 |  JC69 |         2 |    204 |               1 |          2 |      Fixed 
   440 |  JC69 |        19 |    327 |             140 |         13 |      Fixed 
   441 |  JC69 |         3 |     88 |               3 |          2 |      Fixed 
   442 |  JC69 |         5 |    281 |              35 |         11 |      Fixed 
   443 |  JC69 |         3 |    405 |             133 |          6 |      Fixed 
   444 |  JC69 |        18 |     75 |               5 |          4 |      Fixed 
   445 |  JC69 |         3 |    161 |              15 |          8 |      Fixed 
   446 |  JC69 |         2 |    194 |              82 |          2 |      Fixed 
   447 |  JC69 |        17 |    289 |              27 |         19 |      Fixed 
   448 |  JC69 |        20 |    227 |              15 |         11 |      Fixed 
   449 |  JC69 |        14 |     78 |               2 |          3 |      Fixed 
   450 |  JC69 |         3 |    167 |               0 |          2 |      Fixed 
   451 |  JC69 |         4 |    269 |             135 |         10 |      Fixed 
   452 |  JC69 |        12 |    288 |              33 |         27 |      Fixed 
   453 |  JC69 |        19 |    133 |               1 |          2 |      Fixed 
   454 |  JC69 |        12 |    269 |              27 |         17 |      Fixed 
   455 |  JC69 |         4 |    202 |              85 |          5 |      Fixed 
   456 |  JC69 |         2 |    231 |             108 |          4 |      Fixed 
   457 |  JC69 |         3 |    280 |               7 |          3 |      Fixed 
   458 |  JC69 |         9 |     65 |              12 |          3 |      Fixed 
   459 |  JC69 |         3 |    173 |              14 |          7 |      Fixed 
   460 |  JC69 |         9 |    111 |              16 |         14 |      Fixed 
   461 |  JC69 |         3 |    236 |              12 |          9 |      Fixed 
   462 |  JC69 |         4 |    113 |               0 |          2 |      Fixed 
   463 |  JC69 |        10 |    251 |              15 |         15 |      Fixed 
   464 |  JC69 |        15 |    115 |               9 |         10 |      Fixed 
   465 |  JC69 |        10 |    280 |              26 |         13 |      Fixed 
   466 |  JC69 |         4 |    276 |              47 |         21 |      Fixed 
   467 |  JC69 |         3 |    137 |               9 |          4 |      Fixed 
   468 |  JC69 |        17 |    126 |              11 |          8 |      Fixed 
   469 |  JC69 |        11 |    202 |               7 |          9 |      Fixed 
   470 |  JC69 |         2 |    281 |              11 |          7 |      Fixed 
   471 |  JC69 |        20 |    154 |              13 |          7 |      Fixed 
   472 |  JC69 |         2 |    213 |               1 |          2 |      Fixed 
   473 |  JC69 |         6 |    281 |              18 |         13 |      Fixed 
   474 |  JC69 |         5 |    251 |               7 |          5 |      Fixed 
   475 |  JC69 |         5 |     41 |               9 |          6 |      Fixed 
   476 |  JC69 |         2 |    264 |              34 |          2 |      Fixed 
   477 |  JC69 |         3 |     38 |               1 |          2 |      Fixed 
   478 |  JC69 |        20 |    102 |               8 |          5 |      Fixed 
   479 |  JC69 |        20 |    185 |               9 |          8 |      Fixed 
   480 |  JC69 |        18 |    256 |              18 |         16 |      Fixed 
   481 |  JC69 |         5 |    275 |              27 |         13 |      Fixed 
   482 |  JC69 |         2 |     42 |               0 |          1 |      Fixed 
   483 |  JC69 |         3 |    381 |             153 |          4 |      Fixed 
   484 |  JC69 |         2 |    139 |               0 |          1 |      Fixed 
   485 |  JC69 |         7 |     52 |               0 |          1 |      Fixed 
   486 |  JC69 |         3 |    152 |              34 |          5 |      Fixed 
   487 |  JC69 |         2 |    280 |               2 |          4 |      Fixed 
   488 |  JC69 |         2 |     66 |               0 |          1 |      Fixed 
   489 |  JC69 |         4 |    276 |              12 |         11 |      Fixed 
   490 |  JC69 |         5 |    280 |               8 |          6 |      Fixed 
   491 |  JC69 |         6 |    101 |               1 |          3 |      Fixed 
   492 |  JC69 |        15 |    155 |              45 |         13 |      Fixed 
   493 |  JC69 |        10 |     65 |               1 |          2 |      Fixed 
   494 |  JC69 |         4 |    285 |              36 |         13 |      Fixed 
   495 |  JC69 |        20 |    135 |               7 |          8 |      Fixed 
   496 |  JC69 |        13 |     80 |               0 |          3 |      Fixed 
   497 |  JC69 |        20 |     77 |               2 |          3 |      Fixed 
   498 |  JC69 |        17 |    102 |               2 |          3 |      Fixed 
   499 |  JC69 |        19 |     61 |               3 |          4 |      Fixed 
   500 |  JC69 |        19 |     96 |               2 |          3 |      Fixed 
   501 |  JC69 |        20 |     88 |               0 |          2 |      Fixed 
   502 |  JC69 |        12 |    561 |             304 |         29 |      Fixed 
   503 |  JC69 |        10 |    167 |               4 |          6 |      Fixed 
   504 |  JC69 |        11 |    473 |              39 |         23 |      Fixed 
   505 |  JC69 |        16 |    109 |               2 |          3 |      Fixed 
   506 |  JC69 |        17 |     62 |               2 |          3 |      Fixed 
   507 |  JC69 |        14 |    334 |             110 |         12 |      Fixed 
   508 |  JC69 |         2 |    280 |              18 |          5 |      Fixed 
   509 |  JC69 |         6 |    280 |              23 |         19 |      Fixed 
   510 |  JC69 |        15 |    147 |               7 |          7 |      Fixed 
   511 |  JC69 |         2 |    143 |               0 |          1 |      Fixed 
   512 |  JC69 |         9 |    103 |              35 |         14 |      Fixed 
   513 |  JC69 |         2 |     50 |               0 |          1 |      Fixed 
   514 |  JC69 |         2 |     50 |               0 |          1 |      Fixed 
   515 |  JC69 |        18 |    154 |               7 |          9 |      Fixed 
   516 |  JC69 |         5 |    257 |              42 |          9 |      Fixed 
   517 |  JC69 |         2 |    158 |               1 |          2 |      Fixed 
   518 |  JC69 |         2 |    456 |             190 |          7 |      Fixed 
   519 |  JC69 |         5 |    156 |              33 |         10 |      Fixed 
   520 |  JC69 |         8 |    283 |              16 |         18 |      Fixed 
   521 |  JC69 |        20 |    173 |               1 |          2 |      Fixed 
   522 |  JC69 |         2 |     78 |               0 |          1 |      Fixed 
   523 |  JC69 |         7 |    131 |               1 |          2 |      Fixed 
   524 |  JC69 |         5 |     66 |               1 |          2 |      Fixed 
   525 |  JC69 |         3 |    251 |              17 |          9 |      Fixed 
   526 |  JC69 |        11 |    255 |              51 |          7 |      Fixed 
   527 |  JC69 |         4 |    430 |             198 |          9 |      Fixed 
   528 |  JC69 |         3 |     71 |               0 |          2 |      Fixed 
   529 |  JC69 |         7 |     38 |               1 |          2 |      Fixed 
   530 |  JC69 |         2 |    161 |               3 |          2 |      Fixed 
   531 |  JC69 |         7 |    263 |              12 |          5 |      Fixed 
   532 |  JC69 |        16 |    359 |               6 |          7 |      Fixed 
   533 |  JC69 |        18 |    812 |             620 |         22 |      Fixed 
   534 |  JC69 |         3 |    257 |              32 |          5 |      Fixed 
   535 |  JC69 |         4 |    114 |              17 |          6 |      Fixed 
   536 |  JC69 |         3 |    224 |              18 |          6 |      Fixed 
   537 |  JC69 |        20 |    244 |             111 |          3 |      Fixed 
   538 |  JC69 |        20 |    379 |             131 |         13 |      Fixed 
   539 |  JC69 |        18 |    106 |               6 |          7 |      Fixed 
   540 |  JC69 |        18 |    100 |               8 |          4 |      Fixed 
   541 |  JC69 |         2 |    279 |               2 |          4 |      Fixed 
   542 |  JC69 |         4 |    265 |             104 |          8 |      Fixed 
   543 |  JC69 |         2 |    281 |               5 |          4 |      Fixed 
   544 |  JC69 |        18 |    246 |              75 |          3 |      Fixed 
   545 |  JC69 |         6 |     86 |              12 |          9 |      Fixed 
   546 |  JC69 |        15 |     90 |               1 |          2 |      Fixed 
   547 |  JC69 |        12 |     50 |               2 |          3 |      Fixed 
   548 |  JC69 |        20 |     85 |               1 |          2 |      Fixed 
   549 |  JC69 |         3 |    120 |               1 |          2 |      Fixed 
   550 |  JC69 |        20 |    145 |               8 |          9 |      Fixed 
   551 |  JC69 |        17 |    161 |               4 |          5 |      Fixed 
   552 |  JC69 |        17 |    116 |               9 |          6 |      Fixed 
   553 |  JC69 |         4 |    259 |              12 |          8 |      Fixed 
   554 |  JC69 |        13 |    382 |             118 |         21 |      Fixed 
   555 |  JC69 |         5 |     67 |               1 |          2 |      Fixed 
   556 |  JC69 |         5 |    285 |              20 |         14 |      Fixed 
   557 |  JC69 |         7 |     75 |               4 |          5 |      Fixed 
   558 |  JC69 |         2 |    191 |              95 |          3 |      Fixed 
   559 |  JC69 |         3 |    146 |               4 |          3 |      Fixed 
   560 |  JC69 |        18 |    112 |               1 |          2 |      Fixed 
   561 |  JC69 |         3 |    262 |              60 |          4 |      Fixed 
   562 |  JC69 |         2 |    326 |              62 |          5 |      Fixed 
   563 |  JC69 |        12 |    161 |               0 |          1 |      Fixed 
   564 |  JC69 |        19 |    794 |             331 |         22 |      Fixed 
   565 |  JC69 |        13 |    230 |               4 |          6 |      Fixed 
   566 |  JC69 |         8 |     63 |              14 |         10 |      Fixed 
   567 |  JC69 |         5 |    236 |               9 |          4 |      Fixed 
   568 |  JC69 |         2 |    528 |             259 |          5 |      Fixed 
   569 |  JC69 |         6 |    284 |              12 |          6 |      Fixed 
   570 |  JC69 |        11 |    154 |               0 |          1 |      Fixed 
   571 |  JC69 |         8 |     97 |              12 |          3 |      Fixed 
   572 |  JC69 |         4 |    134 |               0 |          1 |      Fixed 
   573 |  JC69 |         2 |    281 |              11 |          8 |      Fixed 
   574 |  JC69 |         5 |    119 |               0 |          1 |      Fixed 
   575 |  JC69 |        17 |     41 |               6 |          7 |      Fixed 
   576 |  JC69 |        13 |    160 |              16 |          8 |      Fixed 
   577 |  JC69 |         2 |    273 |              15 |          5 |      Fixed 
   578 |  JC69 |        20 |    195 |             121 |         18 |      Fixed 
   579 |  JC69 |        16 |     86 |               6 |          6 |      Fixed 
   580 |  JC69 |        18 |    491 |             159 |         19 |      Fixed 
   581 |  JC69 |         2 |    277 |              96 |          5 |      Fixed 
   582 |  JC69 |        20 |     75 |              10 |          7 |      Fixed 
   583 |  JC69 |         5 |    112 |               2 |          3 |      Fixed 
   584 |  JC69 |         5 |    150 |               0 |          2 |      Fixed 
   585 |  JC69 |         7 |    144 |              15 |         12 |      Fixed 
   586 |  JC69 |         3 |    154 |               0 |          2 |      Fixed 
   587 |  JC69 |         3 |    279 |             109 |          3 |      Fixed 
   588 |  JC69 |         3 |    288 |               6 |          3 |      Fixed 
   589 |  JC69 |        10 |    279 |              18 |         18 |      Fixed 
   590 |  JC69 |         3 |    287 |              19 |          7 |      Fixed 
   591 |  JC69 |         4 |    118 |               1 |          2 |      Fixed 
   592 |  JC69 |        17 |     39 |               1 |          2 |      Fixed 
   593 |  JC69 |        15 |     50 |               8 |          8 |      Fixed 
   594 |  JC69 |         8 |    458 |             192 |          8 |      Fixed 
   595 |  JC69 |         3 |     76 |               0 |          1 |      Fixed 
   596 |  JC69 |        20 |    105 |               1 |          2 |      Fixed 
   597 |  JC69 |        20 |    131 |               2 |          3 |      Fixed 
   598 |  JC69 |        20 |    108 |               8 |          8 |      Fixed 
   599 |  JC69 |         8 |    196 |               4 |          5 |      Fixed 
   600 |  JC69 |        10 |    286 |              26 |         16 |      Fixed 
   601 |  JC69 |        20 |    343 |               3 |          4 |      Fixed 
   602 |  JC69 |         2 |    207 |               0 |          1 |      Fixed 
   603 |  JC69 |        15 |    376 |              60 |         19 |      Fixed 
   604 |  JC69 |         3 |    279 |              66 |          7 |      Fixed 
   605 |  JC69 |        18 |    127 |               0 |          1 |      Fixed 
   606 |  JC69 |        20 |    127 |               5 |          6 |      Fixed 
   607 |  JC69 |         9 |    127 |              12 |          5 |      Fixed 
   608 |  JC69 |        15 |    729 |             729 |         53 |      Fixed 
   609 |  JC69 |         6 |    158 |               0 |          1 |      Fixed 
   610 |  JC69 |        20 |    173 |               3 |          4 |      Fixed 
   611 |  JC69 |        12 |    145 |              16 |         16 |      Fixed 
   612 |  JC69 |         4 |    280 |               3 |          3 |      Fixed 
   613 |  JC69 |        20 |    146 |               6 |          4 |      Fixed 
   614 |  JC69 |        17 |    335 |              69 |         15 |      Fixed 
   615 |  JC69 |         2 |     83 |               2 |          2 |      Fixed 
   616 |  JC69 |        17 |    163 |              10 |          6 |      Fixed 
   617 |  JC69 |        19 |    198 |               3 |          4 |      Fixed 
   618 |  JC69 |         8 |    258 |              25 |         12 |      Fixed 
   619 |  JC69 |        10 |    276 |             110 |         22 |      Fixed 
   620 |  JC69 |         9 |    250 |              11 |         11 |      Fixed 
   621 |  JC69 |         3 |    173 |              11 |          5 |      Fixed 
   622 |  JC69 |        14 |    411 |             144 |         13 |      Fixed 
   623 |  JC69 |        19 |    205 |              16 |         16 |      Fixed 
   624 |  JC69 |         3 |     63 |               1 |          3 |      Fixed 
   625 |  JC69 |         3 |     44 |               0 |          1 |      Fixed 
   626 |  JC69 |         2 |    278 |               6 |          7 |      Fixed 
   627 |  JC69 |        19 |    108 |               5 |          6 |      Fixed 
   628 |  JC69 |        17 |    149 |               2 |          3 |      Fixed 
   629 |  JC69 |         9 |    308 |              31 |         12 |      Fixed 
   630 |  JC69 |        15 |     87 |               2 |          4 |      Fixed 
   631 |  JC69 |         9 |    264 |              11 |          9 |      Fixed 
   632 |  JC69 |         7 |    158 |               5 |          4 |      Fixed 
   633 |  JC69 |        18 |    117 |               8 |          7 |      Fixed 
   634 |  JC69 |        18 |    135 |              63 |         10 |      Fixed 
   635 |  JC69 |        20 |    196 |               5 |          6 |      Fixed 
   636 |  JC69 |        18 |     50 |               1 |          2 |      Fixed 
   637 |  JC69 |        18 |     80 |               4 |          5 |      Fixed 
   638 |  JC69 |        20 |    200 |              11 |         11 |      Fixed 
   639 |  JC69 |        20 |    189 |               7 |          8 |      Fixed 
   640 |  JC69 |        20 |    121 |               2 |          3 |      Fixed 
   641 |  JC69 |         6 |    277 |              12 |          6 |      Fixed 
   642 |  JC69 |        20 |    128 |               4 |          5 |      Fixed 
   643 |  JC69 |         9 |    628 |             278 |          9 |      Fixed 
   644 |  JC69 |         9 |    124 |              60 |          5 |      Fixed 
   645 |  JC69 |        19 |     66 |               4 |          5 |      Fixed 
   646 |  JC69 |         5 |    149 |               2 |          2 |      Fixed 
   647 |  JC69 |         6 |    136 |              39 |          6 |      Fixed 
   648 |  JC69 |         9 |    460 |              51 |         11 |      Fixed 
   649 |  JC69 |        20 |     45 |               1 |          2 |      Fixed 
   650 |  JC69 |         5 |     87 |               9 |          4 |      Fixed 
   651 |  JC69 |        18 |    432 |              21 |         12 |      Fixed 
   652 |  JC69 |         2 |    274 |              26 |          7 |      Fixed 
   653 |  JC69 |         5 |    216 |               6 |          7 |      Fixed 
   654 |  JC69 |         6 |    282 |               8 |          8 |      Fixed 
   655 |  JC69 |        18 |     97 |              45 |         17 |      Fixed 
   656 |  JC69 |         8 |    211 |              12 |         11 |      Fixed 
   657 |  JC69 |         2 |    148 |               1 |          2 |      Fixed 
   658 |  JC69 |        16 |    429 |             298 |         27 |      Fixed 
   659 |  JC69 |         4 |     84 |               5 |          3 |      Fixed 
   660 |  JC69 |        13 |    106 |               7 |          5 |      Fixed 
   661 |  JC69 |        18 |    265 |              66 |         20 |      Fixed 
   662 |  JC69 |         9 |    318 |               3 |          4 |      Fixed 
   663 |  JC69 |        16 |    353 |              12 |         11 |      Fixed 
   664 |  JC69 |        14 |    458 |              17 |         14 |      Fixed 
   665 |  JC69 |        11 |     52 |               0 |          2 |      Fixed 
   666 |  JC69 |        20 |     90 |               3 |          4 |      Fixed 
   667 |  JC69 |        20 |    568 |             142 |         13 |      Fixed 
   668 |  JC69 |         2 |    179 |               0 |          1 |      Fixed 
   669 |  JC69 |        20 |    321 |              18 |         15 |      Fixed 
   670 |  JC69 |        17 |    286 |              37 |         24 |      Fixed 
   671 |  JC69 |         2 |     49 |               0 |          1 |      Fixed 
   672 |  JC69 |        20 |    157 |               1 |          2 |      Fixed 
   673 |  JC69 |         4 |    255 |               9 |          7 |      Fixed 
   674 |  JC69 |        14 |    148 |              22 |         19 |      Fixed 
   675 |  JC69 |        20 |    112 |               6 |          6 |      Fixed 
   676 |  JC69 |        15 |    278 |              18 |          9 |      Fixed 
   677 |  JC69 |         5 |    412 |             194 |         15 |      Fixed 
   678 |  JC69 |         4 |    139 |               0 |          1 |      Fixed 
   679 |  JC69 |         8 |     59 |              13 |          7 |      Fixed 
   680 |  JC69 |        19 |    136 |               1 |          3 |      Fixed 
   681 |  JC69 |        20 |    149 |               8 |          9 |      Fixed 
   682 |  JC69 |         3 |    189 |               0 |          2 |      Fixed 
   683 |  JC69 |        20 |    134 |               6 |          7 |      Fixed 
   684 |  JC69 |         4 |    280 |              15 |         10 |      Fixed 
   685 |  JC69 |         8 |    350 |              85 |         15 |      Fixed 
   686 |  JC69 |        18 |    459 |             365 |         18 |      Fixed 
   687 |  JC69 |         7 |    254 |               6 |          5 |      Fixed 
   688 |  JC69 |         4 |     55 |               4 |          5 |      Fixed 
   689 |  JC69 |         4 |    112 |               0 |          1 |      Fixed 
   690 |  JC69 |        15 |    278 |             116 |          7 |      Fixed 
   691 |  JC69 |        18 |     70 |               3 |          4 |      Fixed 
   692 |  JC69 |         8 |    164 |               2 |          3 |      Fixed 
   693 |  JC69 |        14 |    175 |               5 |          4 |      Fixed 
   694 |  JC69 |         4 |    144 |               4 |          4 |      Fixed 
   695 |  JC69 |        17 |    529 |             288 |         20 |      Fixed 
   696 |  JC69 |        20 |    592 |             152 |         14 |      Fixed 
   697 |  JC69 |        19 |    107 |               2 |          3 |      Fixed 
   698 |  JC69 |         3 |     72 |               0 |          1 |      Fixed 
   699 |  JC69 |        20 |     80 |               1 |          2 |      Fixed 
   700 |  JC69 |        20 |    206 |              13 |         10 |      Fixed 
   701 |  JC69 |        19 |    101 |               1 |          2 |      Fixed 
   702 |  JC69 |         2 |    222 |               2 |          3 |      Fixed 
   703 |  JC69 |         9 |    430 |              14 |         12 |      Fixed 
   704 |  JC69 |        20 |    285 |              49 |         11 |      Fixed 
   705 |  JC69 |        12 |    170 |               7 |          8 |      Fixed 
   706 |  JC69 |        18 |    198 |               7 |          7 |      Fixed 
   707 |  JC69 |         7 |    254 |               9 |          8 |      Fixed 
   708 |  JC69 |         3 |    153 |               1 |          2 |      Fixed 
   709 |  JC69 |         4 |    273 |               3 |          5 |      Fixed 
   710 |  JC69 |         5 |    282 |              32 |         21 |      Fixed 
   711 |  JC69 |         4 |    103 |               0 |          1 |      Fixed 
   712 |  JC69 |         4 |    282 |             135 |          5 |      Fixed 
   713 |  JC69 |         2 |     43 |               0 |          1 |      Fixed 
   714 |  JC69 |         3 |     45 |               0 |          1 |      Fixed 
   715 |  JC69 |         2 |    133 |               3 |          3 |      Fixed 
   716 |  JC69 |         8 |    149 |               5 |          6 |      Fixed 
   717 |  JC69 |         5 |    164 |              16 |          3 |      Fixed 
   718 |  JC69 |         8 |     66 |              18 |          8 |      Fixed 
   719 |  JC69 |         4 |     84 |               5 |          2 |      Fixed 
   720 |  JC69 |        18 |    194 |               9 |          7 |      Fixed 
   721 |  JC69 |        10 |    282 |              67 |         28 |      Fixed 
   722 |  JC69 |         2 |    256 |              99 |          3 |      Fixed 
   723 |  JC69 |         3 |    278 |               8 |          4 |      Fixed 
   724 |  JC69 |         2 |    203 |               1 |          2 |      Fixed 
   725 |  JC69 |         4 |    235 |              11 |          6 |      Fixed 
   726 |  JC69 |        17 |    133 |               4 |          5 |      Fixed 
   727 |  JC69 |         4 |    145 |               2 |          3 |      Fixed 
   728 |  JC69 |        17 |    136 |               8 |          9 |      Fixed 
   729 |  JC69 |         5 |     76 |               0 |          1 |      Fixed 
   730 |  JC69 |        20 |    201 |               6 |          7 |      Fixed 
   731 |  JC69 |         5 |    280 |             126 |         12 |      Fixed 
   732 |  JC69 |         9 |    181 |               2 |          3 |      Fixed 
   733 |  JC69 |        19 |     56 |               3 |          3 |      Fixed 
   734 |  JC69 |        18 |    218 |             133 |          8 |      Fixed 
   735 |  JC69 |        16 |    386 |              35 |         28 |      Fixed 
   736 |  JC69 |        15 |    207 |               2 |          3 |      Fixed 
   737 |  JC69 |        16 |    128 |               1 |          2 |      Fixed 
   738 |  JC69 |         5 |    134 |               8 |          5 |      Fixed 
   739 |  JC69 |         2 |    272 |              19 |          3 |      Fixed 
   740 |  JC69 |         3 |    111 |               1 |          2 |      Fixed 
   741 |  JC69 |         2 |    280 |              48 |          5 |      Fixed 
   742 |  JC69 |        14 |    239 |              12 |         10 |      Fixed 
   743 |  JC69 |        16 |     69 |              10 |          6 |      Fixed 
   744 |  JC69 |        19 |    224 |               6 |          5 |      Fixed 
   745 |  JC69 |         9 |     78 |               1 |          2 |      Fixed 
   746 |  JC69 |        20 |    127 |               3 |          4 |      Fixed 
   747 |  JC69 |        19 |     81 |               4 |          5 |      Fixed 
   748 |  JC69 |         4 |    431 |             207 |          7 |      Fixed 
   749 |  JC69 |        13 |    200 |               6 |          5 |      Fixed 
   750 |  JC69 |        20 |    277 |             101 |          9 |      Fixed 
   751 |  JC69 |         3 |     94 |               0 |          3 |      Fixed 
   752 |  JC69 |        20 |    192 |              69 |         21 |      Fixed 
   753 |  JC69 |        18 |    493 |             155 |         18 |      Fixed 
   754 |  JC69 |        20 |     71 |               8 |          5 |      Fixed 
   755 |  JC69 |        20 |    316 |             139 |         11 |      Fixed 
   756 |  JC69 |        18 |     54 |               1 |          2 |      Fixed 
   757 |  JC69 |        15 |    406 |              13 |         14 |      Fixed 
   758 |  JC69 |        18 |    303 |              83 |         12 |      Fixed 
   759 |  JC69 |        15 |    177 |              18 |         16 |      Fixed 
   760 |  JC69 |        18 |     64 |               6 |          6 |      Fixed 
   761 |  JC69 |        12 |    134 |               3 |          4 |      Fixed 
   762 |  JC69 |        20 |    117 |               2 |          4 |      Fixed 
   763 |  JC69 |        20 |    236 |              15 |         16 |      Fixed 
   764 |  JC69 |         7 |    285 |             107 |         16 |      Fixed 
   765 |  JC69 |        15 |    195 |              11 |          9 |      Fixed 
   766 |  JC69 |         3 |    281 |               5 |          5 |      Fixed 
   767 |  JC69 |         3 |    281 |               9 |          5 |      Fixed 
   768 |  JC69 |        20 |    105 |               3 |          4 |      Fixed 
   769 |  JC69 |        17 |    436 |             231 |         25 |      Fixed 
   770 |  JC69 |         8 |    203 |              21 |          3 |      Fixed 
   771 |  JC69 |        20 |    114 |               2 |          3 |      Fixed 
   772 |  JC69 |        20 |    170 |               4 |          5 |      Fixed 
   773 |  JC69 |         5 |     57 |              14 |          6 |      Fixed 
   774 |  JC69 |        20 |    132 |               3 |          4 |      Fixed 
   775 |  JC69 |         8 |    286 |              19 |         12 |      Fixed 
   776 |  JC69 |        20 |    188 |               3 |          4 |      Fixed 
   777 |  JC69 |         3 |    267 |              13 |          7 |      Fixed 
   778 |  JC69 |        18 |    734 |             567 |         39 |      Fixed 
   779 |  JC69 |        20 |    236 |               6 |          7 |      Fixed 
   780 |  JC69 |        19 |    157 |              77 |          5 |      Fixed 
   781 |  JC69 |         2 |     93 |               5 |          2 |      Fixed 
   782 |  JC69 |         9 |    252 |              28 |          9 |      Fixed 
   783 |  JC69 |        17 |    292 |              26 |         21 |      Fixed 
   784 |  JC69 |         9 |    126 |               8 |          4 |      Fixed 
   785 |  JC69 |         2 |     49 |               1 |          2 |      Fixed 
   786 |  JC69 |        20 |     74 |               1 |          2 |      Fixed 
   787 |  JC69 |        18 |    107 |               2 |          4 |      Fixed 
   788 |  JC69 |        20 |    145 |               4 |          5 |      Fixed 
   789 |  JC69 |        19 |     84 |               6 |          5 |      Fixed 
   790 |  JC69 |        20 |    417 |             279 |         33 |      Fixed 
   791 |  JC69 |         5 |    119 |               1 |          6 |      Fixed 
   792 |  JC69 |         6 |    351 |              88 |         17 |      Fixed 
   793 |  JC69 |         9 |     94 |               3 |          5 |      Fixed 
   794 |  JC69 |        11 |     60 |              25 |          3 |      Fixed 
   795 |  JC69 |         2 |    721 |             262 |          4 |      Fixed 
   796 |  JC69 |         3 |    117 |               3 |          4 |      Fixed 
   797 |  JC69 |         3 |    365 |               6 |          7 |      Fixed 
   798 |  JC69 |        20 |    124 |               2 |          2 |      Fixed 
   799 |  JC69 |        20 |    734 |             294 |         19 |      Fixed 
   800 |  JC69 |         6 |    380 |             152 |          5 |      Fixed 
   801 |  JC69 |        18 |    258 |              22 |         13 |      Fixed 
   802 |  JC69 |        15 |    169 |               9 |         10 |      Fixed 
   803 |  JC69 |         4 |    205 |               1 |          2 |      Fixed 
   804 |  JC69 |        18 |    292 |              19 |         13 |      Fixed 
   805 |  JC69 |        16 |    625 |             376 |         29 |      Fixed 
   806 |  JC69 |        18 |    292 |              21 |         14 |      Fixed 
   807 |  JC69 |        19 |    114 |               8 |          7 |      Fixed 
   808 |  JC69 |         2 |    282 |               5 |          3 |      Fixed 
   809 |  JC69 |        12 |    420 |             154 |         17 |      Fixed 
   810 |  JC69 |        18 |    164 |              10 |         11 |      Fixed 
   811 |  JC69 |        19 |    200 |               4 |          6 |      Fixed 
   812 |  JC69 |        19 |    372 |              83 |         13 |      Fixed 
   813 |  JC69 |        20 |    105 |               1 |          2 |      Fixed 
   814 |  JC69 |         3 |    282 |              12 |          9 |      Fixed 
   815 |  JC69 |         2 |    134 |               1 |          2 |      Fixed 
   816 |  JC69 |         3 |     83 |               0 |          1 |      Fixed 
   817 |  JC69 |        15 |    185 |               6 |          6 |      Fixed 
   818 |  JC69 |        20 |    404 |               3 |          4 |      Fixed 
   819 |  JC69 |         9 |    279 |              24 |         19 |      Fixed 
   820 |  JC69 |         2 |    183 |               6 |          4 |      Fixed 
   821 |  JC69 |         8 |    282 |              54 |         12 |      Fixed 
   822 |  JC69 |         2 |     57 |               1 |          2 |      Fixed 
   823 |  JC69 |         8 |    357 |              87 |         15 |      Fixed 
   824 |  JC69 |         7 |    279 |              12 |         11 |      Fixed 
   825 |  JC69 |         7 |    172 |               0 |          3 |      Fixed 
   826 |  JC69 |         4 |    272 |              12 |          4 |      Fixed 
   827 |  JC69 |         2 |    200 |               1 |          3 |      Fixed 
   828 |  JC69 |        20 |    158 |              10 |          4 |      Fixed 
   829 |  JC69 |         2 |    280 |               5 |          7 |      Fixed 
   830 |  JC69 |        20 |    420 |              94 |         18 |      Fixed 
   831 |  JC69 |         6 |    245 |              11 |         11 |      Fixed 
   832 |  JC69 |         2 |     87 |               2 |          3 |      Fixed 
   833 |  JC69 |        13 |    202 |              11 |         10 |      Fixed 
   834 |  JC69 |         2 |    275 |               3 |          4 |      Fixed 
   835 |  JC69 |        20 |    576 |             395 |         27 |      Fixed 
   836 |  JC69 |        16 |    431 |             158 |         16 |      Fixed 
   837 |  JC69 |         3 |    220 |               2 |          4 |      Fixed 
   838 |  JC69 |        10 |    215 |              20 |         11 |      Fixed 
   839 |  JC69 |        20 |    220 |              12 |         13 |      Fixed 
   840 |  JC69 |         5 |    305 |             101 |         14 |      Fixed 
   841 |  JC69 |        20 |    468 |              32 |         21 |      Fixed 
   842 |  JC69 |        12 |    284 |              21 |         16 |      Fixed 
   843 |  JC69 |        20 |    149 |              62 |          7 |      Fixed 
   844 |  JC69 |         2 |    281 |              11 |          6 |      Fixed 
   845 |  JC69 |        19 |    317 |             160 |         19 |      Fixed 
   846 |  JC69 |        19 |    201 |              13 |         14 |      Fixed 
   847 |  JC69 |         2 |    203 |               0 |          2 |      Fixed 
   848 |  JC69 |        12 |    365 |              11 |         12 |      Fixed 
   849 |  JC69 |        20 |     78 |               2 |          3 |      Fixed 
   850 |  JC69 |         7 |    280 |              51 |         18 |      Fixed 
   851 |  JC69 |        12 |    282 |              91 |         19 |      Fixed 
   852 |  JC69 |         9 |     67 |               9 |          4 |      Fixed 
   853 |  JC69 |        20 |     84 |               3 |          4 |      Fixed 
   854 |  JC69 |         2 |     64 |               1 |          2 |      Fixed 
   855 |  JC69 |        15 |    202 |               8 |          9 |      Fixed 
   856 |  JC69 |         6 |    420 |             204 |         12 |      Fixed 
   857 |  JC69 |        20 |    157 |               3 |          4 |      Fixed 
   858 |  JC69 |        13 |    221 |               5 |          7 |      Fixed 
   859 |  JC69 |        20 |    133 |               3 |          4 |      Fixed 
   860 |  JC69 |        19 |    111 |               3 |          4 |      Fixed 
   861 |  JC69 |         7 |    182 |               2 |          3 |      Fixed 
   862 |  JC69 |        20 |     76 |               8 |         10 |      Fixed 
   863 |  JC69 |        20 |    138 |               4 |          5 |      Fixed 
   864 |  JC69 |        16 |     59 |               7 |          5 |      Fixed 
   865 |  JC69 |        19 |    169 |              33 |         20 |      Fixed 
   866 |  JC69 |        18 |     82 |               0 |          1 |      Fixed 
   867 |  JC69 |        20 |    143 |               5 |          7 |      Fixed 
   868 |  JC69 |        20 |     93 |               0 |          1 |      Fixed 
   869 |  JC69 |         7 |    115 |              14 |          5 |      Fixed 
   870 |  JC69 |         5 |     70 |               0 |          2 |      Fixed 
   871 |  JC69 |         3 |     78 |               0 |          1 |      Fixed 
   872 |  JC69 |        14 |     84 |               2 |          3 |      Fixed 
   873 |  JC69 |         4 |    193 |               2 |          3 |      Fixed 
   874 |  JC69 |        19 |    219 |              12 |          9 |      Fixed 
   875 |  JC69 |        14 |    108 |               3 |          4 |      Fixed 
   876 |  JC69 |         6 |    281 |               8 |          6 |      Fixed 
   877 |  JC69 |        12 |    123 |              43 |          7 |      Fixed 
   878 |  JC69 |         4 |     91 |               0 |          1 |      Fixed 
   879 |  JC69 |        20 |    108 |               4 |          5 |      Fixed 
   880 |  JC69 |        18 |    303 |              14 |         15 |      Fixed 
   881 |  JC69 |        17 |    289 |              32 |         21 |      Fixed 
   882 |  JC69 |        17 |    210 |              21 |         10 |      Fixed 
   883 |  JC69 |         9 |    230 |               6 |          7 |      Fixed 
   884 |  JC69 |         9 |    196 |               9 |          7 |      Fixed 
   885 |  JC69 |         6 |    286 |              22 |         14 |      Fixed 
   886 |  JC69 |         9 |    280 |              31 |          8 |      Fixed 
   887 |  JC69 |        12 |    227 |              17 |         17 |      Fixed 
   888 |  JC69 |         8 |    265 |              10 |          5 |      Fixed 
   889 |  JC69 |        15 |    372 |             179 |         20 |      Fixed 
   890 |  JC69 |        14 |    334 |               4 |          5 |      Fixed 
   891 |  JC69 |        20 |    117 |               4 |          6 |      Fixed 
   892 |  JC69 |        19 |     47 |               3 |          4 |      Fixed 
   893 |  JC69 |        18 |     66 |               2 |          3 |      Fixed 
   894 |  JC69 |         2 |    291 |              14 |          4 |      Fixed 
   895 |  JC69 |         9 |    543 |             272 |         15 |      Fixed 
   896 |  JC69 |        12 |     81 |               6 |          7 |      Fixed 
   897 |  JC69 |        19 |    122 |              11 |          9 |      Fixed 
   898 |  JC69 |        20 |    146 |               3 |          4 |      Fixed 
   899 |  JC69 |        12 |    604 |             310 |         16 |      Fixed 
   900 |  JC69 |        20 |     84 |               1 |          2 |      Fixed 
   901 |  JC69 |        19 |     55 |               5 |          4 |      Fixed 
   902 |  JC69 |         7 |     89 |               5 |          2 |      Fixed 
   903 |  JC69 |        20 |     85 |               5 |          6 |      Fixed 
   904 |  JC69 |        20 |    188 |               7 |          8 |      Fixed 
   905 |  JC69 |         2 |    263 |               6 |          7 |      Fixed 
   906 |  JC69 |         2 |    120 |               4 |          5 |      Fixed 
   907 |  JC69 |        19 |    292 |              34 |         21 |      Fixed 
   908 |  JC69 |         2 |    263 |               4 |          3 |      Fixed 
   909 |  JC69 |        19 |    429 |             255 |         30 |      Fixed 
   910 |  JC69 |        20 |    168 |               0 |          1 |      Fixed 
   911 |  JC69 |         8 |    282 |              11 |          9 |      Fixed 
   912 |  JC69 |        20 |     45 |               3 |          4 |      Fixed 
   913 |  JC69 |         5 |    345 |             129 |         11 |      Fixed 
   914 |  JC69 |        18 |    109 |               8 |          7 |      Fixed 
   915 |  JC69 |        13 |    236 |             111 |         11 |      Fixed 
   916 |  JC69 |        19 |    453 |             191 |         14 |      Fixed 
   917 |  JC69 |        15 |     90 |               6 |          6 |      Fixed 
   918 |  JC69 |         2 |    283 |              15 |          4 |      Fixed 
   919 |  JC69 |        20 |    129 |               0 |          1 |      Fixed 
   920 |  JC69 |        13 |     65 |               7 |          6 |      Fixed 
   921 |  JC69 |         4 |    279 |              30 |         13 |      Fixed 
   922 |  JC69 |         2 |    281 |             109 |          7 |      Fixed 
   923 |  JC69 |        20 |    197 |               3 |          4 |      Fixed 
   924 |  JC69 |         9 |    282 |              10 |          9 |      Fixed 
   925 |  JC69 |        17 |    166 |              24 |         12 |      Fixed 
   926 |  JC69 |        18 |     84 |               5 |          6 |      Fixed 
   927 |  JC69 |         3 |    277 |              17 |         10 |      Fixed 
   928 |  JC69 |        10 |    281 |              30 |         11 |      Fixed 
   929 |  JC69 |        16 |    468 |              23 |         16 |      Fixed 
   930 |  JC69 |        10 |     55 |               1 |          2 |      Fixed 
   931 |  JC69 |         3 |     82 |               3 |          3 |      Fixed 
   932 |  JC69 |         7 |    214 |              15 |          4 |      Fixed 
   933 |  JC69 |         3 |    281 |               3 |          6 |      Fixed 
   934 |  JC69 |         3 |    281 |              54 |         14 |      Fixed 
   935 |  JC69 |         5 |    139 |               2 |          5 |      Fixed 
   936 |  JC69 |         8 |    259 |              14 |         13 |      Fixed 
   937 |  JC69 |         4 |    139 |               3 |          3 |      Fixed 
   938 |  JC69 |        18 |     91 |               0 |          1 |      Fixed 
   939 |  JC69 |        15 |    560 |              31 |         20 |      Fixed 
   940 |  JC69 |         5 |     88 |               1 |          3 |      Fixed 
   941 |  JC69 |        18 |    113 |               1 |          2 |      Fixed 
   942 |  JC69 |         3 |    278 |               9 |          5 |      Fixed 
   943 |  JC69 |         6 |     98 |               3 |          4 |      Fixed 
   944 |  JC69 |        17 |     96 |              17 |         13 |      Fixed 
   945 |  JC69 |        10 |    406 |             143 |         11 |      Fixed 
   946 |  JC69 |         3 |    280 |              11 |          4 |      Fixed 
   947 |  JC69 |         6 |    272 |              21 |          8 |      Fixed 
   948 |  JC69 |         3 |    454 |             257 |          6 |      Fixed 
   949 |  JC69 |        18 |    175 |               4 |          5 |      Fixed 
   950 |  JC69 |         5 |    163 |               6 |          6 |      Fixed 
   951 |  JC69 |         2 |    254 |              13 |          4 |      Fixed 
   952 |  JC69 |         2 |    194 |              63 |          3 |      Fixed 
   953 |  JC69 |        13 |    290 |             105 |         33 |      Fixed 
   954 |  JC69 |        20 |     84 |               2 |          3 |      Fixed 
   955 |  JC69 |         8 |    120 |               1 |          3 |      Fixed 
   956 |  JC69 |         9 |    282 |              44 |         14 |      Fixed 
   957 |  JC69 |         2 |     49 |               0 |          1 |      Fixed 
   958 |  JC69 |        19 |     84 |               4 |          5 |      Fixed 
   959 |  JC69 |        16 |     80 |               2 |          3 |      Fixed 
   960 |  JC69 |         7 |    281 |              14 |         11 |      Fixed 
   961 |  JC69 |        20 |    170 |               3 |          5 |      Fixed 
   962 |  JC69 |         7 |    274 |              20 |         11 |      Fixed 
   963 |  JC69 |        20 |    285 |               9 |          7 |      Fixed 
   964 |  JC69 |        19 |    109 |               6 |          6 |      Fixed 
   965 |  JC69 |        20 |    274 |               6 |          7 |      Fixed 
   966 |  JC69 |        20 |    115 |               2 |          4 |      Fixed 
   967 |  JC69 |        20 |    154 |              33 |         17 |      Fixed 
   968 |  JC69 |        17 |    199 |               2 |          3 |      Fixed 
   969 |  JC69 |         2 |    110 |               0 |          1 |      Fixed 
   970 |  JC69 |         9 |    277 |              23 |         11 |      Fixed 
   971 |  JC69 |         3 |    135 |               6 |          4 |      Fixed 
   972 |  JC69 |         2 |    276 |               3 |          4 |      Fixed 
   973 |  JC69 |        20 |     54 |               3 |          4 |      Fixed 
   974 |  JC69 |        20 |     84 |               6 |          6 |      Fixed 
   975 |  JC69 |         3 |    268 |              44 |          5 |      Fixed 
   976 |  JC69 |        20 |    152 |               3 |          5 |      Fixed 
   977 |  JC69 |         2 |    128 |               0 |          1 |      Fixed 
   978 |  JC69 |        20 |     79 |               1 |          2 |      Fixed 
   979 |  JC69 |        18 |    206 |               5 |          5 |      Fixed 
   980 |  JC69 |        18 |    196 |               6 |          7 |      Fixed 
   981 |  JC69 |        20 |    572 |             263 |         15 |      Fixed 
   982 |  JC69 |        20 |    313 |             142 |         14 |      Fixed 
   983 |  JC69 |         4 |    275 |              48 |          9 |      Fixed 
   984 |  JC69 |         4 |    210 |              86 |         10 |      Fixed 
   985 |  JC69 |         3 |    194 |              48 |          3 |      Fixed 
   986 |  JC69 |        20 |    353 |             131 |         12 |      Fixed 
   987 |  JC69 |        13 |    537 |             286 |         44 |      Fixed 
   988 |  JC69 |         7 |    226 |               6 |          6 |      Fixed 
   989 |  JC69 |        15 |    277 |              59 |         29 |      Fixed 
   990 |  JC69 |         3 |    279 |              10 |          8 |      Fixed 
   991 |  JC69 |        16 |    158 |               9 |          8 |      Fixed 
   992 |  JC69 |         4 |     93 |               9 |          3 |      Fixed 
   993 |  JC69 |         9 |    243 |              57 |          7 |      Fixed 
   994 |  JC69 |         2 |     48 |               0 |          1 |      Fixed 
   995 |  JC69 |        20 |    167 |               1 |          2 |      Fixed 
   996 |  JC69 |        20 |    244 |              18 |         15 |      Fixed 
   997 |  JC69 |        18 |    618 |             409 |         21 |      Fixed 
   998 |  JC69 |         9 |    156 |               4 |          5 |      Fixed 
   999 |  JC69 |        11 |    217 |              84 |          6 |      Fixed 
  1000 |  JC69 |        19 |    306 |             131 |         12 |      Fixed 
  1001 |  JC69 |        17 |    252 |              11 |         12 |      Fixed 
  1002 |  JC69 |        19 |     69 |               6 |          3 |      Fixed 
  1003 |  JC69 |         6 |    232 |              87 |          6 |      Fixed 
  1004 |  JC69 |        19 |     71 |              21 |          8 |      Fixed 
  1005 |  JC69 |        17 |    104 |              11 |          5 |      Fixed 
  1006 |  JC69 |        20 |    101 |               2 |          3 |      Fixed 
  1007 |  JC69 |        15 |     74 |               6 |          7 |      Fixed 
  1008 |  JC69 |        20 |     62 |               3 |          5 |      Fixed 
  1009 |  JC69 |        11 |    251 |              15 |         10 |      Fixed 
  1010 |  JC69 |        20 |    263 |               8 |          9 |      Fixed 
  1011 |  JC69 |        20 |    263 |              10 |          9 |      Fixed 
  1012 |  JC69 |        17 |     60 |              19 |          9 |      Fixed 
  1013 |  JC69 |         7 |    292 |             109 |         24 |      Fixed 
  1014 |  JC69 |         2 |     70 |               0 |          1 |      Fixed 
  1015 |  JC69 |        20 |    676 |             289 |         21 |      Fixed 
  1016 |  JC69 |        20 |    136 |               0 |          1 |      Fixed 
  1017 |  JC69 |         9 |    282 |              73 |         20 |      Fixed 
  1018 |  JC69 |        16 |    141 |               9 |          9 |      Fixed 
  1019 |  JC69 |         4 |    163 |               0 |          1 |      Fixed 
  1020 |  JC69 |        20 |    150 |               4 |          5 |      Fixed 
  1021 |  JC69 |        15 |    139 |               1 |          2 |      Fixed 
  1022 |  JC69 |         7 |    143 |               5 |          5 |      Fixed 
  1023 |  JC69 |         2 |    276 |             104 |          3 |      Fixed 
  1024 |  JC69 |         3 |    132 |               1 |          2 |      Fixed 
  1025 |  JC69 |         7 |    132 |               6 |          4 |      Fixed 
  1026 |  JC69 |        15 |    132 |               1 |          2 |      Fixed 
  1027 |  JC69 |        20 |    307 |              12 |         11 |      Fixed 
  1028 |  JC69 |        20 |    249 |              58 |          5 |      Fixed 
  1029 |  JC69 |        12 |    524 |             268 |         25 |      Fixed 
  1030 |  JC69 |         3 |    269 |               4 |          6 |      Fixed 
  1031 |  JC69 |        18 |    678 |             536 |         22 |      Fixed 
  1032 |  JC69 |        20 |    148 |               4 |          5 |      Fixed 
  1033 |  JC69 |        15 |    263 |              20 |         15 |      Fixed 
  1034 |  JC69 |        18 |    306 |               5 |          6 |      Fixed 
  1035 |  JC69 |         2 |    141 |               0 |          1 |      Fixed 
  1036 |  JC69 |        12 |    448 |             109 |         15 |      Fixed 
  1037 |  JC69 |         2 |     49 |               0 |          1 |      Fixed 
  1038 |  JC69 |         3 |     51 |               5 |          2 |      Fixed 
  1039 |  JC69 |         2 |    246 |               0 |          1 |      Fixed 
  1040 |  JC69 |         5 |    185 |               5 |          3 |      Fixed 
  1041 |  JC69 |        18 |     69 |               5 |          3 |      Fixed 
  1042 |  JC69 |        18 |    412 |             116 |         11 |      Fixed 
  1043 |  JC69 |         8 |    372 |             235 |         11 |      Fixed 
  1044 |  JC69 |        17 |    329 |              13 |         10 |      Fixed 
  1045 |  JC69 |        20 |    161 |               2 |          3 |      Fixed 
  1046 |  JC69 |        14 |    220 |              32 |         13 |      Fixed 
  1047 |  JC69 |        19 |    266 |             138 |          8 |      Fixed 
  1048 |  JC69 |        17 |    216 |               4 |          4 |      Fixed 
  1049 |  JC69 |        19 |    199 |               6 |          6 |      Fixed 
  1050 |  JC69 |         7 |    122 |               2 |          3 |      Fixed 
  1051 |  JC69 |         3 |    282 |               9 |          6 |      Fixed 
  1052 |  JC69 |        17 |    127 |               6 |          5 |      Fixed 
  1053 |  JC69 |        20 |    333 |              18 |          7 |      Fixed 
  1054 |  JC69 |         5 |     43 |               0 |          1 |      Fixed 
  1055 |  JC69 |         8 |    449 |             228 |         19 |      Fixed 
  1056 |  JC69 |         2 |     43 |               0 |          1 |      Fixed 
  1057 |  JC69 |        19 |     89 |              28 |          6 |      Fixed 
  1058 |  JC69 |        20 |    454 |             177 |         10 |      Fixed 
  1059 |  JC69 |         7 |    282 |              74 |         20 |      Fixed 
  1060 |  JC69 |        10 |    147 |               3 |          3 |      Fixed 
  1061 |  JC69 |        13 |    119 |               9 |          5 |      Fixed 
  1062 |  JC69 |        20 |    154 |               4 |          5 |      Fixed 
  1063 |  JC69 |        19 |    156 |               9 |          9 |      Fixed 
  1064 |  JC69 |        20 |    446 |               8 |          8 |      Fixed 
  1065 |  JC69 |        20 |    149 |               8 |          6 |      Fixed 
  1066 |  JC69 |        20 |    165 |              74 |          8 |      Fixed 
  1067 |  JC69 |         6 |     62 |               0 |          1 |      Fixed 
  1068 |  JC69 |         2 |    258 |              15 |          5 |      Fixed 
  1069 |  JC69 |        20 |    184 |               1 |          2 |      Fixed 
  1070 |  JC69 |        19 |    274 |              72 |          7 |      Fixed 
  1071 |  JC69 |         3 |     70 |               0 |          1 |      Fixed 
  1072 |  JC69 |         6 |    282 |              36 |         12 |      Fixed 
  1073 |  JC69 |         2 |    277 |               8 |          4 |      Fixed 
  1074 |  JC69 |         4 |    281 |               7 |          3 |      Fixed 
  1075 |  JC69 |        11 |    471 |             163 |         19 |      Fixed 
  1076 |  JC69 |        20 |    209 |               4 |          5 |      Fixed 
  1077 |  JC69 |        20 |    216 |              11 |         12 |      Fixed 
  1078 |  JC69 |        20 |    111 |               6 |          7 |      Fixed 
  1079 |  JC69 |         3 |    276 |               9 |          4 |      Fixed 
  1080 |  JC69 |         3 |    266 |               4 |          5 |      Fixed 
  1081 |  JC69 |        19 |    133 |              11 |         12 |      Fixed 
  1082 |  JC69 |         2 |    282 |               9 |          6 |      Fixed 
  1083 |  JC69 |        20 |    604 |               7 |          8 |      Fixed 
  1084 |  JC69 |         2 |    136 |               3 |          2 |      Fixed 
  1085 |  JC69 |         2 |    279 |              95 |          4 |      Fixed 
  1086 |  JC69 |        11 |    313 |             162 |         13 |      Fixed 
  1087 |  JC69 |         4 |     70 |               4 |          3 |      Fixed 
  1088 |  JC69 |        20 |    382 |             242 |         11 |      Fixed 
  1089 |  JC69 |        17 |    242 |               5 |          7 |      Fixed 
  1090 |  JC69 |        10 |    286 |              77 |         27 |      Fixed 
  1091 |  JC69 |         5 |     62 |               0 |          1 |      Fixed 
  1092 |  JC69 |         4 |     63 |               2 |          3 |      Fixed 
  1093 |  JC69 |         4 |    102 |               1 |          2 |      Fixed 
  1094 |  JC69 |        12 |    425 |             157 |         11 |      Fixed 
  1095 |  JC69 |         5 |    279 |              54 |         12 |      Fixed 
  1096 |  JC69 |        18 |    282 |              15 |         14 |      Fixed 
  1097 |  JC69 |         7 |     96 |               3 |          2 |      Fixed 
  1098 |  JC69 |        19 |    421 |             328 |         20 |      Fixed 
  1099 |  JC69 |        13 |    161 |               6 |          4 |      Fixed 
  1100 |  JC69 |        14 |    292 |              26 |         19 |      Fixed 
  1101 |  JC69 |        20 |    185 |               4 |          5 |      Fixed 
  1102 |  JC69 |         4 |    213 |               5 |          4 |      Fixed 
  1103 |  JC69 |         4 |    280 |              34 |         17 |      Fixed 
  1104 |  JC69 |        19 |    292 |              59 |         23 |      Fixed 
  1105 |  JC69 |        20 |    162 |              28 |          7 |      Fixed 
  1106 |  JC69 |        11 |    138 |              11 |          7 |      Fixed 
  1107 |  JC69 |         9 |    548 |             278 |         16 |      Fixed 
  1108 |  JC69 |         3 |    282 |              14 |          8 |      Fixed 
  1109 |  JC69 |        13 |    229 |               8 |          9 |      Fixed 
  1110 |  JC69 |         3 |    173 |               1 |          2 |      Fixed 
  1111 |  JC69 |         3 |    277 |              12 |          6 |      Fixed 
  1112 |  JC69 |        14 |    149 |              11 |          6 |      Fixed 
  1113 |  JC69 |        20 |    166 |               3 |          4 |      Fixed 
  1114 |  JC69 |        20 |    404 |             129 |         11 |      Fixed 
  1115 |  JC69 |         4 |    280 |               9 |          7 |      Fixed 
  1116 |  JC69 |        12 |    284 |              23 |         14 |      Fixed 
  1117 |  JC69 |         3 |     41 |               0 |          1 |      Fixed 
  1118 |  JC69 |        20 |    319 |              12 |         13 |      Fixed 
  1119 |  JC69 |         3 |    279 |               9 |          5 |      Fixed 
  1120 |  JC69 |        20 |    429 |              13 |         13 |      Fixed 
  1121 |  JC69 |        20 |    220 |              11 |          8 |      Fixed 
  1122 |  JC69 |         2 |    286 |              15 |          6 |      Fixed 
  1123 |  JC69 |         2 |    133 |               0 |          1 |      Fixed 
  1124 |  JC69 |         7 |    284 |              24 |         15 |      Fixed 
  1125 |  JC69 |         8 |    280 |              23 |         13 |      Fixed 
  1126 |  JC69 |        13 |    119 |               9 |          9 |      Fixed 
  1127 |  JC69 |         4 |    323 |              95 |          5 |      Fixed 
  1128 |  JC69 |         3 |     89 |               5 |          4 |      Fixed 
  1129 |  JC69 |        20 |    112 |               8 |          8 |      Fixed 
  1130 |  JC69 |        20 |    319 |             156 |         10 |      Fixed 
  1131 |  JC69 |         2 |    280 |              17 |          3 |      Fixed 
  1132 |  JC69 |        20 |    273 |              79 |         13 |      Fixed 
  1133 |  JC69 |         3 |    281 |              19 |          9 |      Fixed 
  1134 |  JC69 |        17 |    287 |              26 |         21 |      Fixed 
  1135 |  JC69 |        11 |    414 |             158 |         10 |      Fixed 
  1136 |  JC69 |         9 |    118 |               2 |          3 |      Fixed 
  1137 |  JC69 |        20 |     92 |               4 |          5 |      Fixed 
  1138 |  JC69 |         3 |    275 |              16 |          9 |      Fixed 
  1139 |  JC69 |         6 |    226 |              21 |          9 |      Fixed 
  1140 |  JC69 |         8 |    280 |              44 |         14 |      Fixed 
  1141 |  JC69 |         3 |    126 |               0 |          1 |      Fixed 
  1142 |  JC69 |        20 |    152 |               2 |          4 |      Fixed 
  1143 |  JC69 |        20 |    146 |               5 |          3 |      Fixed 
  1144 |  JC69 |         3 |    280 |               9 |          8 |      Fixed 
  1145 |  JC69 |        17 |    289 |              27 |         20 |      Fixed 
  1146 |  JC69 |        20 |    127 |               1 |          2 |      Fixed 
  1147 |  JC69 |        20 |     98 |               1 |          2 |      Fixed 
  1148 |  JC69 |         2 |     43 |               0 |          1 |      Fixed 
  1149 |  JC69 |        18 |    272 |              12 |          9 |      Fixed 
  1150 |  JC69 |         8 |    277 |              26 |         14 |      Fixed 
  1151 |  JC69 |        16 |    146 |              10 |          8 |      Fixed 
  1152 |  JC69 |        20 |    194 |               0 |          1 |      Fixed 
  1153 |  JC69 |         9 |    373 |             135 |         10 |      Fixed 
  1154 |  JC69 |         3 |     42 |               0 |          1 |      Fixed 
  1155 |  JC69 |        19 |    229 |              13 |         10 |      Fixed 
  1156 |  JC69 |         3 |    219 |              12 |          6 |      Fixed 
  1157 |  JC69 |         3 |    276 |              96 |          4 |      Fixed 
  1158 |  JC69 |         3 |    281 |              32 |          4 |      Fixed 
  1159 |  JC69 |        18 |    298 |             250 |         14 |      Fixed 
  1160 |  JC69 |         9 |    284 |              11 |         11 |      Fixed 
  1161 |  JC69 |        17 |    156 |               6 |          9 |      Fixed 
  1162 |  JC69 |         7 |    286 |              30 |         18 |      Fixed 
  1163 |  JC69 |        20 |    137 |               2 |          3 |      Fixed 
  1164 |  JC69 |        16 |    228 |              11 |         10 |      Fixed 
  1165 |  JC69 |        20 |    144 |              21 |         15 |      Fixed 
  1166 |  JC69 |        20 |    101 |               6 |          6 |      Fixed 
  1167 |  JC69 |        17 |    355 |              89 |         22 |      Fixed 
  1168 |  JC69 |        19 |    373 |             238 |         11 |      Fixed 
  1169 |  JC69 |        19 |    184 |               2 |          3 |      Fixed 
  1170 |  JC69 |         5 |    291 |              23 |         18 |      Fixed 
  1171 |  JC69 |        17 |     69 |               4 |          5 |      Fixed 
  1172 |  JC69 |        20 |     82 |               0 |          1 |      Fixed 
  1173 |  JC69 |        10 |    334 |              79 |         20 |      Fixed 
  1174 |  JC69 |        20 |     69 |               5 |          6 |      Fixed 
  1175 |  JC69 |        19 |    168 |               1 |          2 |      Fixed 
  1176 |  JC69 |        20 |    198 |               7 |          8 |      Fixed 
  1177 |  JC69 |        20 |    304 |              29 |          4 |      Fixed 
  1178 |  JC69 |        18 |    669 |             353 |         16 |      Fixed 
  1179 |  JC69 |        16 |     74 |               1 |          2 |      Fixed 
  1180 |  JC69 |        11 |    184 |              11 |          7 |      Fixed 
  1181 |  JC69 |        20 |    490 |             182 |         16 |      Fixed 
  1182 |  JC69 |         5 |     74 |               3 |          2 |      Fixed 
  1183 |  JC69 |        19 |    434 |             173 |         28 |      Fixed 
  1184 |  JC69 |         9 |    144 |               1 |          2 |      Fixed 
  1185 |  JC69 |        18 |    197 |               5 |          6 |      Fixed 
  1186 |  JC69 |        20 |     93 |               0 |          1 |      Fixed 
  1187 |  JC69 |         3 |     51 |               6 |          3 |      Fixed 
  1188 |  JC69 |         3 |     79 |               1 |          2 |      Fixed 
  1189 |  JC69 |        11 |    233 |              21 |         11 |      Fixed 
  1190 |  JC69 |        20 |    165 |              56 |          9 |      Fixed 
  1191 |  JC69 |         6 |    254 |             116 |          6 |      Fixed 
  1192 |  JC69 |        17 |    275 |              83 |         13 |      Fixed 
  1193 |  JC69 |         5 |     40 |               7 |          7 |      Fixed 
  1194 |  JC69 |         5 |    384 |               9 |          9 |      Fixed 
  1195 |  JC69 |         3 |     58 |               2 |          3 |      Fixed 
  1196 |  JC69 |         2 |     40 |               0 |          1 |      Fixed 
  1197 |  JC69 |         3 |    265 |               4 |          4 |      Fixed 
  1198 |  JC69 |         2 |    152 |               8 |          6 |      Fixed 
  1199 |  JC69 |         7 |     78 |              20 |          4 |      Fixed 
  1200 |  JC69 |         8 |    319 |               8 |          6 |      Fixed 
  1201 |  JC69 |         2 |    210 |              45 |          8 |      Fixed 
  1202 |  JC69 |        10 |     75 |              10 |         11 |      Fixed 
  1203 |  JC69 |         3 |    195 |               3 |          5 |      Fixed 
  1204 |  JC69 |        17 |     87 |               0 |          1 |      Fixed 
  1205 |  JC69 |        18 |     76 |               3 |          6 |      Fixed 
  1206 |  JC69 |        19 |    189 |               2 |          3 |      Fixed 
  1207 |  JC69 |        19 |     87 |               5 |          4 |      Fixed 
  1208 |  JC69 |        19 |     69 |               4 |          5 |      Fixed 
  1209 |  JC69 |         2 |    285 |               3 |          3 |      Fixed 
  1210 |  JC69 |        17 |    121 |              11 |         10 |      Fixed 
  1211 |  JC69 |        20 |    174 |               5 |          6 |      Fixed 
  1212 |  JC69 |         2 |    282 |              32 |          8 |      Fixed 
  1213 |  JC69 |         7 |    258 |              13 |          9 |      Fixed 
  1214 |  JC69 |        19 |    192 |               8 |          9 |      Fixed 
  1215 |  JC69 |        15 |     67 |               1 |          2 |      Fixed 
  1216 |  JC69 |         2 |     41 |               0 |          1 |      Fixed 
  1217 |  JC69 |         3 |    278 |               9 |          5 |      Fixed 
  1218 |  JC69 |        20 |    196 |              83 |          8 |      Fixed 
  1219 |  JC69 |        20 |     74 |               5 |          5 |      Fixed 
  1220 |  JC69 |        20 |    247 |               8 |          8 |      Fixed 
  1221 |  JC69 |        20 |    163 |               6 |          7 |      Fixed 
  1222 |  JC69 |        20 |    200 |               2 |          3 |      Fixed 
  1223 |  JC69 |        20 |     61 |               3 |          4 |      Fixed 
  1224 |  JC69 |         9 |    280 |              11 |         10 |      Fixed 
  1225 |  JC69 |        19 |    118 |               6 |          5 |      Fixed 
  1226 |  JC69 |        10 |    140 |               3 |          6 |      Fixed 
  1227 |  JC69 |        19 |     97 |              40 |         12 |      Fixed 
  1228 |  JC69 |         8 |     49 |               0 |          1 |      Fixed 
  1229 |  JC69 |         6 |    279 |              12 |          7 |      Fixed 
  1230 |  JC69 |        12 |     92 |               2 |          3 |      Fixed 
  1231 |  JC69 |         2 |     47 |               2 |          4 |      Fixed 
  1232 |  JC69 |        20 |    249 |              10 |         13 |      Fixed 
  1233 |  JC69 |         2 |    282 |               8 |          4 |      Fixed 
  1234 |  JC69 |        13 |    282 |              36 |         19 |      Fixed 
  1235 |  JC69 |        15 |     55 |               0 |          1 |      Fixed 
  1236 |  JC69 |        15 |    288 |              41 |         24 |      Fixed 
  1237 |  JC69 |        18 |    355 |               9 |          9 |      Fixed 
  1238 |  JC69 |        16 |    415 |             195 |         24 |      Fixed 
  1239 |  JC69 |         2 |    283 |               1 |          2 |      Fixed 
  1240 |  JC69 |         7 |    399 |             184 |          7 |      Fixed 
  1241 |  JC69 |         3 |    278 |              12 |          7 |      Fixed 
  1242 |  JC69 |        20 |    335 |              14 |         15 |      Fixed 
  1243 |  JC69 |         7 |    403 |             181 |         11 |      Fixed 
  1244 |  JC69 |        13 |    105 |               6 |          5 |      Fixed 
  1245 |  JC69 |        20 |    184 |               3 |          4 |      Fixed 
  1246 |  JC69 |         5 |    218 |               4 |          4 |      Fixed 
  1247 |  JC69 |        15 |    481 |             138 |         36 |      Fixed 
  1248 |  JC69 |         3 |     64 |               0 |          1 |      Fixed 
  1249 |  JC69 |        13 |    345 |              99 |         18 |      Fixed 
  1250 |  JC69 |        19 |    583 |             285 |         25 |      Fixed 
  1251 |  JC69 |        17 |    292 |              27 |         20 |      Fixed 
  1252 |  JC69 |        20 |     60 |               1 |          2 |      Fixed 
  1253 |  JC69 |         3 |    140 |               0 |          2 |      Fixed 
  1254 |  JC69 |         3 |    282 |               6 |          4 |      Fixed 
  1255 |  JC69 |         2 |     36 |               2 |          2 |      Fixed 
  1256 |  JC69 |         2 |    209 |               3 |          5 |      Fixed 
  1257 |  JC69 |        20 |    115 |               3 |          3 |      Fixed 
  1258 |  JC69 |        15 |    288 |              65 |         16 |      Fixed 
  1259 |  JC69 |         4 |    279 |              27 |         10 |      Fixed 
  1260 |  JC69 |        17 |     64 |               5 |          6 |      Fixed 
  1261 |  JC69 |        20 |    283 |               3 |          4 |      Fixed 
  1262 |  JC69 |        20 |    239 |             101 |          8 |      Fixed 
  1263 |  JC69 |         5 |    263 |              11 |          4 |      Fixed 
  1264 |  JC69 |        18 |     67 |               0 |          1 |      Fixed 
  1265 |  JC69 |        20 |    129 |              40 |          3 |      Fixed 
  1266 |  JC69 |        12 |     75 |               3 |          3 |      Fixed 
  1267 |  JC69 |         4 |     79 |               1 |          2 |      Fixed 
  1268 |  JC69 |         2 |    254 |              60 |          5 |      Fixed 
  1269 |  JC69 |        20 |    126 |              10 |          9 |      Fixed 
  1270 |  JC69 |        16 |    557 |             335 |         19 |      Fixed 
  1271 |  JC69 |         3 |    400 |               8 |          6 |      Fixed 
  1272 |  JC69 |        16 |    281 |               2 |          4 |      Fixed 
  1273 |  JC69 |        17 |    362 |             107 |          7 |      Fixed 
  1274 |  JC69 |         8 |    500 |             191 |          9 |      Fixed 
  1275 |  JC69 |        20 |    136 |               1 |          3 |      Fixed 
  1276 |  JC69 |         2 |    360 |               4 |          4 |      Fixed 
  1277 |  JC69 |        20 |    230 |              14 |          5 |      Fixed 
  1278 |  JC69 |        11 |    331 |             147 |         17 |      Fixed 
  1279 |  JC69 |        20 |    225 |               3 |          3 |      Fixed 
  1280 |  JC69 |         5 |     59 |               0 |          1 |      Fixed 
  1281 |  JC69 |        20 |    495 |               6 |          7 |      Fixed 
  1282 |  JC69 |        12 |    704 |             704 |         20 |      Fixed 
  1283 |  JC69 |        20 |    132 |               2 |          4 |      Fixed 
  1284 |  JC69 |         8 |    254 |              10 |          9 |      Fixed 
  1285 |  JC69 |        12 |     70 |               6 |          3 |      Fixed 
  1286 |  JC69 |         4 |     57 |               5 |          2 |      Fixed 
  1287 |  JC69 |         6 |    278 |             110 |         11 |      Fixed 
  1288 |  JC69 |        11 |    575 |              87 |         21 |      Fixed 
  1289 |  JC69 |        19 |    142 |               3 |          3 |      Fixed 
  1290 |  JC69 |        20 |    156 |              59 |          6 |      Fixed 
  1291 |  JC69 |         2 |     54 |               0 |          1 |      Fixed 
  1292 |  JC69 |         2 |     83 |              30 |          2 |      Fixed 
  1293 |  JC69 |        20 |    286 |             143 |          6 |      Fixed 
  1294 |  JC69 |        16 |    284 |              10 |          9 |      Fixed 
  1295 |  JC69 |        20 |     94 |               4 |          5 |      Fixed 
  1296 |  JC69 |        18 |     60 |               5 |          6 |      Fixed 
  1297 |  JC69 |        17 |    101 |               2 |          3 |      Fixed 
  1298 |  JC69 |        18 |    201 |               8 |          9 |      Fixed 
  1299 |  JC69 |        16 |    185 |              13 |         13 |      Fixed 
  1300 |  JC69 |         2 |    193 |               2 |          2 |      Fixed 
  1301 |  JC69 |        15 |    827 |             652 |         29 |      Fixed 
  1302 |  JC69 |        20 |    181 |               3 |          4 |      Fixed 
  1303 |  JC69 |        13 |    677 |             231 |         16 |      Fixed 
  1304 |  JC69 |        19 |    640 |             530 |         21 |      Fixed 
  1305 |  JC69 |         2 |    251 |             113 |          3 |      Fixed 
  1306 |  JC69 |         3 |    269 |              22 |          4 |      Fixed 
  1307 |  JC69 |         9 |    280 |              10 |          7 |      Fixed 
  1308 |  JC69 |        17 |    176 |               8 |          7 |      Fixed 
  1309 |  JC69 |        20 |    469 |             183 |         16 |      Fixed 
  1310 |  JC69 |         7 |     72 |               1 |          2 |      Fixed 
  1311 |  JC69 |        10 |    131 |               1 |          2 |      Fixed 
  1312 |  JC69 |        15 |    620 |             513 |         14 |      Fixed 
  1313 |  JC69 |         2 |     47 |               0 |          1 |      Fixed 
  1314 |  JC69 |         2 |    282 |              61 |          7 |      Fixed 
  1315 |  JC69 |         2 |    276 |              14 |          6 |      Fixed 
  1316 |  JC69 |         2 |    286 |              92 |          4 |      Fixed 
  1317 |  JC69 |        14 |    333 |              65 |         11 |      Fixed 
  1318 |  JC69 |         4 |     47 |               0 |          2 |      Fixed 
  1319 |  JC69 |        20 |    214 |              19 |          8 |      Fixed 
  1320 |  JC69 |         3 |    279 |              33 |         12 |      Fixed 
  1321 |  JC69 |         6 |    537 |             269 |         10 |      Fixed 
  1322 |  JC69 |        10 |    404 |             128 |          8 |      Fixed 
  1323 |  JC69 |         2 |    278 |               2 |          3 |      Fixed 
  1324 |  JC69 |        20 |    234 |              11 |          8 |      Fixed 
  1325 |  JC69 |        17 |    237 |               5 |          5 |      Fixed 
  1326 |  JC69 |        20 |     98 |              10 |          9 |      Fixed 
  1327 |  JC69 |         2 |    426 |             161 |          5 |      Fixed 
  1328 |  JC69 |        11 |    286 |              51 |         12 |      Fixed 
  1329 |  JC69 |        14 |    314 |             177 |         13 |      Fixed 
  1330 |  JC69 |        11 |    481 |             231 |         19 |      Fixed 
  1331 |  JC69 |        12 |    203 |              64 |          7 |      Fixed 
  1332 |  JC69 |        20 |    270 |             126 |         11 |      Fixed 
  1333 |  JC69 |        12 |    399 |             214 |         22 |      Fixed 
  1334 |  JC69 |        13 |    263 |             113 |         11 |      Fixed 
  1335 |  JC69 |        15 |    518 |              21 |         18 |      Fixed 
  1336 |  JC69 |         2 |    140 |               6 |          2 |      Fixed 
  1337 |  JC69 |        16 |    137 |              14 |          9 |      Fixed 
  1338 |  JC69 |         3 |    270 |               8 |          3 |      Fixed 
  1339 |  JC69 |         3 |    280 |              12 |          6 |      Fixed 
  1340 |  JC69 |        19 |    335 |             122 |         12 |      Fixed 
  1341 |  JC69 |        20 |    186 |               1 |          3 |      Fixed 
  1342 |  JC69 |        19 |    218 |               9 |          8 |      Fixed 
  1343 |  JC69 |        20 |    139 |               4 |          5 |      Fixed 
  1344 |  JC69 |        13 |    158 |               1 |          2 |      Fixed 
  1345 |  JC69 |        16 |    177 |              40 |          3 |      Fixed 
  1346 |  JC69 |        20 |    417 |             181 |         19 |      Fixed 
  1347 |  JC69 |        20 |     93 |               2 |          3 |      Fixed 
  1348 |  JC69 |        20 |    189 |               4 |          5 |      Fixed 
  1349 |  JC69 |        19 |    256 |              11 |         12 |      Fixed 
  1350 |  JC69 |        19 |    382 |               8 |         10 |      Fixed 
  1351 |  JC69 |        18 |     74 |               0 |          2 |      Fixed 
  1352 |  JC69 |        20 |    127 |               4 |          5 |      Fixed 
  1353 |  JC69 |        14 |    193 |               3 |          4 |      Fixed 
  1354 |  JC69 |        19 |    119 |               6 |          7 |      Fixed 
  1355 |  JC69 |        17 |    454 |             185 |         23 |      Fixed 
  1356 |  JC69 |         8 |    286 |              81 |         13 |      Fixed 
  1357 |  JC69 |         4 |    161 |               0 |          1 |      Fixed 
  1358 |  JC69 |        20 |    112 |               3 |          4 |      Fixed 
  1359 |  JC69 |         6 |     51 |               4 |          3 |      Fixed 
  1360 |  JC69 |        12 |    170 |               5 |          5 |      Fixed 
  1361 |  JC69 |        19 |    107 |               0 |          1 |      Fixed 
  1362 |  JC69 |        18 |    546 |             294 |         34 |      Fixed 
  1363 |  JC69 |        12 |    274 |               8 |          9 |      Fixed 
  1364 |  JC69 |        20 |    117 |               5 |          6 |      Fixed 
  1365 |  JC69 |        16 |     69 |              19 |          4 |      Fixed 
  1366 |  JC69 |        11 |    282 |              16 |         11 |      Fixed 
  1367 |  JC69 |         9 |    280 |              14 |         12 |      Fixed 
  1368 |  JC69 |        10 |    286 |              15 |         14 |      Fixed 
  1369 |  JC69 |         2 |    346 |              73 |          5 |      Fixed 
  1370 |  JC69 |        19 |    146 |               0 |          1 |      Fixed 
  1371 |  JC69 |         7 |    459 |             190 |         16 |      Fixed 
  1372 |  JC69 |        19 |    262 |               0 |          1 |      Fixed 
  1373 |  JC69 |        20 |    325 |             147 |          5 |      Fixed 
  1374 |  JC69 |        20 |    512 |             113 |          7 |      Fixed 
  1375 |  JC69 |        20 |    292 |              27 |         19 |      Fixed 
  1376 |  JC69 |         2 |    280 |              12 |          7 |      Fixed 
  1377 |  JC69 |        20 |    140 |               9 |          7 |      Fixed 
  1378 |  JC69 |        20 |    787 |             312 |         45 |      Fixed 
  1379 |  JC69 |         2 |    187 |              54 |          5 |      Fixed 
  1380 |  JC69 |        18 |     51 |               3 |          4 |      Fixed 
  1381 |  JC69 |        18 |    224 |              10 |          9 |      Fixed 
  1382 |  JC69 |         6 |    284 |              17 |         10 |      Fixed 
  1383 |  JC69 |         7 |    286 |              28 |         10 |      Fixed 
  1384 |  JC69 |        19 |    165 |               2 |          3 |      Fixed 
  1385 |  JC69 |        12 |    121 |               3 |          5 |      Fixed 
  1386 |  JC69 |        17 |    292 |              30 |         23 |      Fixed 
  1387 |  JC69 |        13 |    231 |              15 |          8 |      Fixed 
  1388 |  JC69 |         7 |    281 |              44 |         11 |      Fixed 
  1389 |  JC69 |        20 |    365 |              60 |         15 |      Fixed 
  1390 |  JC69 |         3 |     63 |               0 |          1 |      Fixed 
  1391 |  JC69 |         8 |    430 |              28 |         12 |      Fixed 
  1392 |  JC69 |        19 |     61 |               3 |          4 |      Fixed 
  1393 |  JC69 |        11 |    397 |              19 |         12 |      Fixed 
  1394 |  JC69 |        16 |    181 |               1 |          2 |      Fixed 
  1395 |  JC69 |        19 |    341 |              46 |         25 |      Fixed 
  1396 |  JC69 |         3 |     54 |               0 |          1 |      Fixed 
  1397 |  JC69 |         5 |    260 |              22 |          7 |      Fixed 
  1398 |  JC69 |        17 |     97 |               2 |          3 |      Fixed 
  1399 |  JC69 |        20 |    147 |               2 |          3 |      Fixed 
  1400 |  JC69 |        17 |    363 |              20 |         17 |      Fixed 
  1401 |  JC69 |        19 |    292 |              33 |         27 |      Fixed 
  1402 |  JC69 |        20 |    729 |             301 |         35 |      Fixed 
  1403 |  JC69 |        20 |    274 |             123 |          5 |      Fixed 
  1404 |  JC69 |         4 |    264 |              13 |          8 |      Fixed 
  1405 |  JC69 |        17 |    373 |              33 |         23 |      Fixed 
  1406 |  JC69 |         3 |     52 |               1 |          2 |      Fixed 
  1407 |  JC69 |        19 |    578 |             293 |         28 |      Fixed 
  1408 |  JC69 |        14 |    224 |               4 |          5 |      Fixed 
  1409 |  JC69 |         4 |    182 |               2 |          3 |      Fixed 
  1410 |  JC69 |        20 |     43 |               0 |          1 |      Fixed 
  1411 |  JC69 |        20 |    275 |               5 |          6 |      Fixed 
  1412 |  JC69 |        20 |    565 |             394 |         19 |      Fixed 
  1413 |  JC69 |        20 |    203 |               3 |          4 |      Fixed 
  1414 |  JC69 |        18 |    279 |              24 |         18 |      Fixed 
  1415 |  JC69 |        20 |    120 |               7 |          8 |      Fixed 
  1416 |  JC69 |        14 |    150 |               9 |          6 |      Fixed 
  1417 |  JC69 |         3 |    180 |              77 |          5 |      Fixed 
  1418 |  JC69 |        17 |    223 |              10 |          9 |      Fixed 
  1419 |  JC69 |        15 |    289 |              38 |         19 |      Fixed 
  1420 |  JC69 |        11 |    287 |              25 |         15 |      Fixed 
  1421 |  JC69 |        19 |    292 |              28 |         19 |      Fixed 
  1422 |  JC69 |         4 |    148 |               0 |          1 |      Fixed 
  1423 |  JC69 |        19 |    357 |             162 |          7 |      Fixed 
  1424 |  JC69 |        18 |     74 |               2 |          3 |      Fixed 
  1425 |  JC69 |        19 |    195 |               6 |          6 |      Fixed 
  1426 |  JC69 |        10 |    439 |             182 |         17 |      Fixed 
  1427 |  JC69 |        17 |    406 |              11 |         11 |      Fixed 
  1428 |  JC69 |         3 |    281 |              12 |          6 |      Fixed 
  1429 |  JC69 |        16 |     60 |              10 |          7 |      Fixed 
  1430 |  JC69 |        18 |    635 |             566 |         33 |      Fixed 
  1431 |  JC69 |        18 |    154 |              42 |         13 |      Fixed 
  1432 |  JC69 |         7 |    155 |               0 |          1 |      Fixed 
  1433 |  JC69 |         2 |     69 |              26 |          2 |      Fixed 
  1434 |  JC69 |         4 |     59 |               0 |          1 |      Fixed 
  1435 |  JC69 |         5 |    143 |               2 |          2 |      Fixed 
  1436 |  JC69 |         7 |     73 |               6 |          5 |      Fixed 
  1437 |  JC69 |         4 |    230 |               1 |          2 |      Fixed 
  1438 |  JC69 |         2 |    240 |               1 |          2 |      Fixed 
  1439 |  JC69 |        20 |    298 |              82 |          8 |      Fixed 
  1440 |  JC69 |         2 |    320 |             114 |          5 |      Fixed 
  1441 |  JC69 |        17 |    328 |              94 |         13 |      Fixed 
  1442 |  JC69 |        10 |    265 |               3 |          4 |      Fixed 
  1443 |  JC69 |        18 |    222 |               4 |          5 |      Fixed 
  1444 |  JC69 |         2 |    352 |              77 |          3 |      Fixed 
  1445 |  JC69 |        19 |    802 |             491 |         31 |      Fixed 
  1446 |  JC69 |         3 |    281 |               6 |          4 |      Fixed 
  1447 |  JC69 |         2 |    280 |               7 |          3 |      Fixed 
  1448 |  JC69 |         2 |    106 |              53 |          4 |      Fixed 
  1449 |  JC69 |        16 |     84 |               6 |          7 |      Fixed 
  1450 |  JC69 |        20 |     66 |               2 |          3 |      Fixed 
  1451 |  JC69 |        18 |    465 |             231 |         22 |      Fixed 
  1452 |  JC69 |         4 |    264 |              62 |         13 |      Fixed 
  1453 |  JC69 |        20 |    180 |               2 |          4 |      Fixed 
  1454 |  JC69 |        16 |    658 |             249 |         31 |      Fixed 
  1455 |  JC69 |         7 |    202 |              13 |         12 |      Fixed 
  1456 |  JC69 |        12 |    323 |             217 |         22 |      Fixed 
  1457 |  JC69 |         2 |    276 |              76 |          4 |      Fixed 
  1458 |  JC69 |        12 |    337 |              39 |          7 |      Fixed 
  1459 |  JC69 |        12 |    144 |              13 |          6 |      Fixed 
  1460 |  JC69 |        19 |    351 |              87 |         19 |      Fixed 
  1461 |  JC69 |        12 |    207 |              14 |          9 |      Fixed 
  1462 |  JC69 |        20 |    314 |             137 |         10 |      Fixed 
  1463 |  JC69 |        20 |     73 |               2 |          3 |      Fixed 
  1464 |  JC69 |        10 |    144 |               5 |          6 |      Fixed 
  1465 |  JC69 |         2 |    276 |              10 |          6 |      Fixed 
  1466 |  JC69 |         6 |    226 |              77 |          6 |      Fixed 
  1467 |  JC69 |         3 |    371 |             180 |          5 |      Fixed 
  1468 |  JC69 |        16 |    353 |             195 |          8 |      Fixed 
  1469 |  JC69 |         9 |     59 |               1 |          2 |      Fixed 
  1470 |  JC69 |        13 |     79 |               5 |          2 |      Fixed 
  1471 |  JC69 |         3 |    545 |             274 |          6 |      Fixed 
  1472 |  JC69 |         3 |    199 |               4 |          3 |      Fixed 
  1473 |  JC69 |        20 |    103 |               4 |          5 |      Fixed 
  1474 |  JC69 |         3 |    229 |               1 |          2 |      Fixed 
  1475 |  JC69 |         4 |    277 |              32 |         16 |      Fixed 
  1476 |  JC69 |        11 |    286 |              30 |         18 |      Fixed 
  1477 |  JC69 |        20 |     84 |               1 |          2 |      Fixed 
  1478 |  JC69 |         8 |    288 |              61 |         20 |      Fixed 
  1479 |  JC69 |         3 |     37 |               0 |          1 |      Fixed 
  1480 |  JC69 |         3 |    204 |               6 |          6 |      Fixed 
  1481 |  JC69 |        20 |    292 |              36 |         21 |      Fixed 
  1482 |  JC69 |        15 |    146 |               2 |          3 |      Fixed 
  1483 |  JC69 |         8 |    284 |             134 |         16 |      Fixed 
  1484 |  JC69 |        20 |    178 |               4 |          5 |      Fixed 
  1485 |  JC69 |         2 |     55 |               1 |          2 |      Fixed 
  1486 |  JC69 |        15 |    159 |               2 |          3 |      Fixed 
  1487 |  JC69 |         6 |     55 |               7 |          3 |      Fixed 
  1488 |  JC69 |        19 |    364 |             184 |         18 |      Fixed 
  1489 |  JC69 |        14 |    376 |             209 |         12 |      Fixed 
  1490 |  JC69 |         9 |    901 |             485 |         27 |      Fixed 
  1491 |  JC69 |         8 |     98 |               7 |          3 |      Fixed 
  1492 |  JC69 |         3 |     55 |               1 |          2 |      Fixed 
  1493 |  JC69 |        19 |    235 |               3 |          4 |      Fixed 
  1494 |  JC69 |        20 |    145 |               3 |          4 |      Fixed 
  1495 |  JC69 |        19 |    507 |             169 |         14 |      Fixed 
  1496 |  JC69 |         5 |     62 |              11 |          3 |      Fixed 
  1497 |  JC69 |        17 |    271 |              18 |         11 |      Fixed 
  1498 |  JC69 |        14 |    120 |              15 |          6 |      Fixed 
  1499 |  JC69 |        20 |    208 |              54 |         10 |      Fixed 
  1500 |  JC69 |        11 |    289 |             139 |         35 |      Fixed 
  1501 |  JC69 |         3 |    346 |               9 |          7 |      Fixed 
  1502 |  JC69 |        14 |    182 |              11 |          9 |      Fixed 
  1503 |  JC69 |        15 |    221 |              20 |         10 |      Fixed 
  1504 |  JC69 |        15 |    112 |               2 |          3 |      Fixed 
  1505 |  JC69 |         3 |    153 |               9 |          4 |      Fixed 
  1506 |  JC69 |        20 |    331 |             150 |          8 |      Fixed 
  1507 |  JC69 |         4 |    146 |               2 |          3 |      Fixed 
  1508 |  JC69 |        19 |    127 |               3 |          4 |      Fixed 
  1509 |  JC69 |        20 |     79 |               2 |          3 |      Fixed 
  1510 |  JC69 |        17 |     66 |               0 |          1 |      Fixed 
  1511 |  JC69 |        16 |    292 |              31 |         18 |      Fixed 
  1512 |  JC69 |         2 |    236 |              11 |          3 |      Fixed 
  1513 |  JC69 |        10 |    282 |              65 |          8 |      Fixed 
  1514 |  JC69 |        20 |    163 |              76 |          6 |      Fixed 
  1515 |  JC69 |        13 |    128 |               3 |          4 |      Fixed 
  1516 |  JC69 |         2 |    162 |              73 |          4 |      Fixed 
  1517 |  JC69 |        12 |     58 |               1 |          2 |      Fixed 
  1518 |  JC69 |        18 |    523 |             357 |         13 |      Fixed 
  1519 |  JC69 |        20 |    114 |               1 |          2 |      Fixed 
  1520 |  JC69 |        10 |    433 |              99 |          9 |      Fixed 
  1521 |  JC69 |         3 |    231 |              18 |          9 |      Fixed 
  1522 |  JC69 |         9 |    253 |               5 |          3 |      Fixed 
  1523 |  JC69 |        20 |    717 |             420 |         21 |      Fixed 
  1524 |  JC69 |        10 |    146 |               3 |          4 |      Fixed 
  1525 |  JC69 |        19 |    156 |              77 |         11 |      Fixed 
  1526 |  JC69 |        16 |    128 |               2 |          2 |      Fixed 
  1527 |  JC69 |        20 |    479 |               8 |          9 |      Fixed 
  1528 |  JC69 |         9 |    435 |             100 |         14 |      Fixed 
  1529 |  JC69 |        12 |    473 |             266 |         17 |      Fixed 
  1530 |  JC69 |         5 |    255 |               6 |          5 |      Fixed 
  1531 |  JC69 |        20 |    240 |              21 |          5 |      Fixed 
  1532 |  JC69 |        19 |    345 |              17 |         10 |      Fixed 
  1533 |  JC69 |        11 |    832 |             558 |         25 |      Fixed 
  1534 |  JC69 |        18 |    136 |              18 |          4 |      Fixed 
  1535 |  JC69 |         4 |     54 |               0 |          1 |      Fixed 
  1536 |  JC69 |        20 |    227 |               8 |          8 |      Fixed 
  1537 |  JC69 |        10 |    400 |             155 |         12 |      Fixed 
  1538 |  JC69 |         7 |    141 |               5 |          3 |      Fixed 
  1539 |  JC69 |         9 |    432 |             218 |         14 |      Fixed 
  1540 |  JC69 |         9 |    280 |              63 |         18 |      Fixed 
  1541 |  JC69 |        20 |    219 |               9 |          7 |      Fixed 
  1542 |  JC69 |         2 |    239 |              18 |          5 |      Fixed 
  1543 |  JC69 |         3 |    283 |              27 |          8 |      Fixed 
  1544 |  JC69 |         9 |    358 |             112 |         19 |      Fixed 
  1545 |  JC69 |        19 |    195 |               1 |          2 |      Fixed 
  1546 |  JC69 |        18 |    349 |              87 |         22 |      Fixed 
  1547 |  JC69 |        17 |    313 |             213 |         11 |      Fixed 
  1548 |  JC69 |        10 |     99 |               0 |          1 |      Fixed 
  1549 |  JC69 |        20 |    182 |               7 |          6 |      Fixed 
  1550 |  JC69 |        20 |    180 |              57 |         17 |      Fixed 
  1551 |  JC69 |        16 |    215 |             103 |          9 |      Fixed 
  1552 |  JC69 |         7 |    223 |               5 |          6 |      Fixed 
  1553 |  JC69 |        20 |    661 |             284 |         21 |      Fixed 
  1554 |  JC69 |         2 |     59 |               0 |          1 |      Fixed 
  1555 |  JC69 |        10 |    281 |              18 |         12 |      Fixed 
  1556 |  JC69 |        19 |    158 |               6 |          7 |      Fixed 
  1557 |  JC69 |        20 |    151 |              67 |          8 |      Fixed 
  1558 |  JC69 |        20 |    196 |              10 |          8 |      Fixed 
  1559 |  JC69 |        18 |    237 |              43 |          7 |      Fixed 
  1560 |  JC69 |         8 |    206 |              11 |         10 |      Fixed 
  1561 |  JC69 |         4 |    281 |              34 |         17 |      Fixed 
  1562 |  JC69 |         5 |    280 |              14 |         12 |      Fixed 
  1563 |  JC69 |         8 |     67 |               1 |          2 |      Fixed 
  1564 |  JC69 |        12 |    308 |              62 |         20 |      Fixed 
  1565 |  JC69 |        13 |    453 |              95 |         21 |      Fixed 
  1566 |  JC69 |         4 |    359 |              42 |         14 |      Fixed 
  1567 |  JC69 |        20 |    101 |               8 |          6 |      Fixed 
  1568 |  JC69 |        20 |    223 |               7 |          8 |      Fixed 
  1569 |  JC69 |        20 |    189 |               6 |          7 |      Fixed 
  1570 |  JC69 |        17 |    292 |              24 |         15 |      Fixed 
  1571 |  JC69 |        19 |    156 |               4 |          5 |      Fixed 
  1572 |  JC69 |         4 |    285 |              11 |          5 |      Fixed 
  1573 |  JC69 |        15 |    458 |             157 |         26 |      Fixed 
  1574 |  JC69 |        12 |    355 |              14 |         13 |      Fixed 
  1575 |  JC69 |        19 |     99 |               2 |          3 |      Fixed 
  1576 |  JC69 |        14 |    109 |              11 |         10 |      Fixed 
  1577 |  JC69 |         6 |    271 |              40 |          6 |      Fixed 
  1578 |  JC69 |         3 |    282 |               2 |          2 |      Fixed 
  1579 |  JC69 |         2 |    192 |               1 |          2 |      Fixed 
  1580 |  JC69 |         7 |    139 |               2 |          2 |      Fixed 
  1581 |  JC69 |        12 |    384 |              98 |         17 |      Fixed 
  1582 |  JC69 |         4 |    207 |               8 |          2 |      Fixed 
  1583 |  JC69 |        12 |    130 |               9 |          7 |      Fixed 
  1584 |  JC69 |        20 |    147 |               6 |          7 |      Fixed 
  1585 |  JC69 |        20 |    366 |              14 |         15 |      Fixed 
  1586 |  JC69 |        20 |    269 |               9 |          7 |      Fixed 
  1587 |  JC69 |        20 |    147 |               7 |          7 |      Fixed 
  1588 |  JC69 |         8 |    277 |              50 |         15 |      Fixed 
  1589 |  JC69 |        11 |    283 |              24 |         16 |      Fixed 
  1590 |  JC69 |        15 |     50 |               6 |          6 |      Fixed 
  1591 |  JC69 |        18 |    439 |             376 |         23 |      Fixed 
  1592 |  JC69 |         6 |     65 |               1 |          2 |      Fixed 
  1593 |  JC69 |         3 |     57 |               0 |          1 |      Fixed 
  1594 |  JC69 |        10 |    226 |              26 |         15 |      Fixed 
  1595 |  JC69 |         2 |    135 |               0 |          1 |      Fixed 
  1596 |  JC69 |        17 |    334 |              95 |         16 |      Fixed 
  1597 |  JC69 |         7 |    263 |              27 |         13 |      Fixed 
  1598 |  JC69 |        20 |    173 |               0 |          1 |      Fixed 
  1599 |  JC69 |         2 |     55 |               7 |          2 |      Fixed 
  1600 |  JC69 |        20 |    252 |               7 |          5 |      Fixed 
  1601 |  JC69 |        13 |     77 |              20 |          8 |      Fixed 
  1602 |  JC69 |        18 |    410 |             366 |         21 |      Fixed 
  1603 |  JC69 |        20 |    167 |               3 |          4 |      Fixed 
  1604 |  JC69 |        17 |    357 |             222 |         25 |      Fixed 
  1605 |  JC69 |        20 |    140 |               2 |          3 |      Fixed 
  1606 |  JC69 |        13 |    221 |              20 |         14 |      Fixed 
  1607 |  JC69 |        20 |    223 |               3 |          4 |      Fixed 
  1608 |  JC69 |        19 |     65 |               4 |          3 |      Fixed 
  1609 |  JC69 |        18 |    136 |               3 |          4 |      Fixed 
  1610 |  JC69 |        19 |    118 |               0 |          1 |      Fixed 
  1611 |  JC69 |         6 |    108 |               5 |          3 |      Fixed 
  1612 |  JC69 |         4 |    282 |              15 |          6 |      Fixed 
  1613 |  JC69 |         3 |     41 |               0 |          1 |      Fixed 
  1614 |  JC69 |        18 |    638 |             238 |         19 |      Fixed 
  1615 |  JC69 |        11 |    288 |              16 |         12 |      Fixed 
  1616 |  JC69 |        13 |    254 |              14 |         12 |      Fixed 
  1617 |  JC69 |         4 |    148 |              71 |          6 |      Fixed 
  1618 |  JC69 |        20 |    320 |             123 |         11 |      Fixed 
  1619 |  JC69 |        20 |     60 |               1 |          2 |      Fixed 
  1620 |  JC69 |        16 |    296 |             145 |         11 |      Fixed 
  1621 |  JC69 |        20 |    665 |             397 |         23 |      Fixed 
  1622 |  JC69 |        20 |    624 |             181 |         10 |      Fixed 
  1623 |  JC69 |        20 |    292 |              18 |         11 |      Fixed 
  1624 |  JC69 |        19 |     71 |               1 |          2 |      Fixed 
  1625 |  JC69 |         9 |    533 |              33 |         17 |      Fixed 
  1626 |  JC69 |        19 |    195 |               3 |          4 |      Fixed 
  1627 |  JC69 |         9 |    411 |             144 |         12 |      Fixed 
  1628 |  JC69 |        14 |    128 |               0 |          1 |      Fixed 
  1629 |  JC69 |        19 |    344 |              77 |         16 |      Fixed 
  1630 |  JC69 |         7 |    282 |              45 |          8 |      Fixed 
  1631 |  JC69 |        20 |    185 |               4 |          5 |      Fixed 
  1632 |  JC69 |         9 |    404 |              85 |         22 |      Fixed 
  1633 |  JC69 |        20 |    167 |               2 |          3 |      Fixed 
  1634 |  JC69 |        20 |    123 |               2 |          3 |      Fixed 
  1635 |  JC69 |        16 |    967 |             721 |         43 |      Fixed 
  1636 |  JC69 |         6 |    275 |               3 |          4 |      Fixed 
  1637 |  JC69 |        17 |    510 |             289 |         29 |      Fixed 
  1638 |  JC69 |         3 |    286 |               5 |          3 |      Fixed 
  1639 |  JC69 |         5 |    244 |               7 |          5 |      Fixed 
  1640 |  JC69 |        20 |     74 |               1 |          2 |      Fixed 
  1641 |  JC69 |        20 |    407 |             193 |         18 |      Fixed 
  1642 |  JC69 |        18 |    217 |               2 |          3 |      Fixed 
  1643 |  JC69 |        12 |    139 |               5 |          6 |      Fixed 
  1644 |  JC69 |        14 |    301 |              28 |         15 |      Fixed 
  1645 |  JC69 |         2 |    239 |               0 |          1 |      Fixed 
  1646 |  JC69 |        12 |    572 |             296 |         19 |      Fixed 
  1647 |  JC69 |        13 |    314 |              94 |         11 |      Fixed 
  1648 |  JC69 |         6 |    267 |              11 |          6 |      Fixed 
  1649 |  JC69 |        16 |    116 |              47 |          4 |      Fixed 
  1650 |  JC69 |        20 |    148 |               6 |          7 |      Fixed 
  1651 |  JC69 |        12 |     74 |               9 |          7 |      Fixed 
  1652 |  JC69 |         2 |     55 |               1 |          2 |      Fixed 
  1653 |  JC69 |        20 |    718 |               6 |          8 |      Fixed 
  1654 |  JC69 |        20 |    132 |               2 |          3 |      Fixed 
  1655 |  JC69 |        20 |    564 |             243 |         19 |      Fixed 
  1656 |  JC69 |         9 |    254 |             124 |          2 |      Fixed 
  1657 |  JC69 |        19 |    144 |               0 |          1 |      Fixed 
  1658 |  JC69 |        16 |    122 |               5 |          2 |      Fixed 
  1659 |  JC69 |        20 |    147 |               9 |          8 |      Fixed 
  1660 |  JC69 |        20 |    236 |               5 |          6 |      Fixed 
  1661 |  JC69 |         2 |     61 |               0 |          1 |      Fixed 
  1662 |  JC69 |         2 |    279 |               2 |          2 |      Fixed 
  1663 |  JC69 |        20 |    177 |              57 |          8 |      Fixed 
  1664 |  JC69 |        11 |    284 |              11 |          9 |      Fixed 

Parsing map file...
ajan_BABY6724 ajan
ajan_DW655 ajan
ajan_DW663 ajan
ajan_esa36 ajan
ajan_wdb38 ajan
ajan_ODP48916 ajan
ajancf_SLM01 ajan
ajancf_SLM05 ajan
ajancf_SLM10 ajan
alas_BABY422 alas
alas_BABY4577 alas
alas_BABY6558 alas
alas_DW641 alas
alas_DW646 alas
alas_ODP43138 alas
alas_ODP7414 alas
alas_ODP7415 alas
alas_ODP7424 alas
alas_ODP7429 alas
alas_ODP7432 alas
 Done
Writing multilocus alignments with compressed site patterns in fit/output/ch4.compressed-aln.phy

diploid_resolve_locus      1:         2      278        5 ->         6
diploid_resolve_locus      2:         2       86        1 ->         1
diploid_resolve_locus      3:         4      278        7 ->         8
diploid_resolve_locus      4:        10       72        3 ->         3
diploid_resolve_locus      5:         2      282        5 ->         5
diploid_resolve_locus      6:         2      282        5 ->         5
diploid_resolve_locus      7:        20      209       15 ->        76
diploid_resolve_locus      8:         7      137       11 ->        15
diploid_resolve_locus      9:        14       54        2 ->         2
diploid_resolve_locus     10:        10      209       11 ->        13
diploid_resolve_locus     11:        18       92        9 ->        11
diploid_resolve_locus     12:        15      283       29 ->        33
diploid_resolve_locus     13:        10      167        2 ->         2
diploid_resolve_locus     14:        15      119        2 ->         2
diploid_resolve_locus     15:         7       77        2 ->         2
diploid_resolve_locus     16:        20      202        6 ->         7
diploid_resolve_locus     17:        14      369       18 ->        19
diploid_resolve_locus     18:         5      171        6 ->         7
diploid_resolve_locus     19:         2      280        8 ->        10
diploid_resolve_locus     20:         2       46        2 ->         2
diploid_resolve_locus     21:         3       66        1 ->         1
diploid_resolve_locus     22:         3       43        2 ->         2
diploid_resolve_locus     23:         3       65        2 ->         2
diploid_resolve_locus     24:        15       54        5 ->         5
diploid_resolve_locus     25:         2      143        4 ->         4
diploid_resolve_locus     26:         2      192        4 ->         4
diploid_resolve_locus     27:         5      273       20 ->        26
diploid_resolve_locus     28:         5      279       11 ->        13
diploid_resolve_locus     29:         6      282       13 ->        20
diploid_resolve_locus     30:         2      194        2 ->         2
diploid_resolve_locus     31:         3       67        6 ->         7
diploid_resolve_locus     32:         6      228       11 ->        21
diploid_resolve_locus     33:         3      158        2 ->         2
diploid_resolve_locus     34:         6       62        3 ->         3
diploid_resolve_locus     35:         2      144        5 ->         5
diploid_resolve_locus     36:         7       76        4 ->         5
diploid_resolve_locus     37:         4      131        4 ->         4
diploid_resolve_locus     38:         3      101        3 ->         3
diploid_resolve_locus     39:         8      132        5 ->         5
diploid_resolve_locus     40:         9      282       15 ->        16
diploid_resolve_locus     41:         4      286       16 ->        22
diploid_resolve_locus     42:        20      104        7 ->        10
diploid_resolve_locus     43:        12      349        9 ->         9
diploid_resolve_locus     44:        20      326       13 ->        16
diploid_resolve_locus     45:         2       72        3 ->         3
diploid_resolve_locus     46:         6      130        8 ->         8
diploid_resolve_locus     47:        20      213       15 ->        40
diploid_resolve_locus     48:        13       58        3 ->         4
diploid_resolve_locus     49:         5      185       14 ->        35
diploid_resolve_locus     50:         2      168        2 ->         2
diploid_resolve_locus     51:        13      154        8 ->         8
diploid_resolve_locus     52:         6      171        2 ->         2
diploid_resolve_locus     53:         3      131        3 ->         3
diploid_resolve_locus     54:         2       73        2 ->         2
diploid_resolve_locus     55:        20      221       15 ->        18
diploid_resolve_locus     56:         8       85        2 ->         2
diploid_resolve_locus     57:         3      281        6 ->         6
diploid_resolve_locus     58:         8      413       16 ->        20
diploid_resolve_locus     59:        13      196        4 ->         4
diploid_resolve_locus     60:        17      155       16 ->        22
diploid_resolve_locus     61:         5      162        5 ->         5
diploid_resolve_locus     62:         2      220        2 ->         2
diploid_resolve_locus     63:         6      281       11 ->        17
diploid_resolve_locus     64:         4      283        4 ->         4
diploid_resolve_locus     65:         2      106        2 ->         2
diploid_resolve_locus     66:         4      117        3 ->         3
diploid_resolve_locus     67:         4      112        4 ->         4
diploid_resolve_locus     68:         3       64        3 ->         3
diploid_resolve_locus     69:        16      245       14 ->        15
diploid_resolve_locus     70:         2      281        3 ->         3
diploid_resolve_locus     71:        20      154        4 ->        18
diploid_resolve_locus     72:        14      147        3 ->         3
diploid_resolve_locus     73:        15      135        6 ->        13
diploid_resolve_locus     74:         5      156        3 ->         3
diploid_resolve_locus     75:        20      217        8 ->        11
diploid_resolve_locus     76:         2      102        2 ->         2
diploid_resolve_locus     77:         3      130        3 ->         3
diploid_resolve_locus     78:         2       44        3 ->         3
diploid_resolve_locus     79:        20      219       10 ->        12
diploid_resolve_locus     80:        16       86        8 ->        29
diploid_resolve_locus     81:        15      292       23 ->        30
diploid_resolve_locus     82:        20      236       10 ->        26
diploid_resolve_locus     83:         2      103        4 ->         4
diploid_resolve_locus     84:         3       77        1 ->         1
diploid_resolve_locus     85:         4      121        1 ->         1
diploid_resolve_locus     86:         2       82        2 ->         2
diploid_resolve_locus     87:        13      170        6 ->         7
diploid_resolve_locus     88:        11      270       12 ->        13
diploid_resolve_locus     89:         2      103        1 ->         1
diploid_resolve_locus     90:         2       78        2 ->         2
diploid_resolve_locus     91:         2      248        3 ->         3
diploid_resolve_locus     92:         4      106        3 ->         3
diploid_resolve_locus     93:         3      234        5 ->         5
diploid_resolve_locus     94:        14      108        3 ->         3
diploid_resolve_locus     95:         5      281       14 ->        28
diploid_resolve_locus     96:        15      105        4 ->         4
diploid_resolve_locus     97:         4      136        7 ->         8
diploid_resolve_locus     98:        13       93        2 ->         2
diploid_resolve_locus     99:         2      139        9 ->        13
diploid_resolve_locus    100:         2       56        5 ->         7
diploid_resolve_locus    101:         2      143        2 ->         2
diploid_resolve_locus    102:         3      144        3 ->         3
diploid_resolve_locus    103:         2      147        3 ->         3
diploid_resolve_locus    104:        13      146        7 ->         8
diploid_resolve_locus    105:         2       81        2 ->         2
diploid_resolve_locus    106:         2      154        3 ->         3
diploid_resolve_locus    107:         3      211        5 ->         5
diploid_resolve_locus    108:         9      123        3 ->         3
diploid_resolve_locus    109:         3      134        2 ->         2
diploid_resolve_locus    110:         4      120        6 ->         6
diploid_resolve_locus    111:         2      150        1 ->         1
diploid_resolve_locus    112:         2      139        1 ->         1
diploid_resolve_locus    113:         2       62        1 ->         1
diploid_resolve_locus    114:        11       96        4 ->         4
diploid_resolve_locus    115:         2      272        9 ->        14
diploid_resolve_locus    116:         6      141        6 ->         7
diploid_resolve_locus    117:         2      231        6 ->         7
diploid_resolve_locus    118:         3      114        2 ->         2
diploid_resolve_locus    119:         4       55        1 ->         1
diploid_resolve_locus    120:         3      138        7 ->         9
diploid_resolve_locus    121:         9      204        5 ->        20
diploid_resolve_locus    122:         4      163       10 ->        15
diploid_resolve_locus    123:         2      133        2 ->         2
diploid_resolve_locus    124:         2      134        1 ->         1
diploid_resolve_locus    125:         2      146       11 ->        16
diploid_resolve_locus    126:         4      175        7 ->         7
diploid_resolve_locus    127:         2      263        9 ->        13
diploid_resolve_locus    128:         2       98        5 ->         6
diploid_resolve_locus    129:         3      286        3 ->         3
diploid_resolve_locus    130:         4      107        7 ->         9
diploid_resolve_locus    131:         2      139        3 ->         3
diploid_resolve_locus    132:         4      138        5 ->         6
diploid_resolve_locus    133:         2      153        2 ->         2
diploid_resolve_locus    134:         2      137        3 ->         3
diploid_resolve_locus    135:         3       91        2 ->         2
diploid_resolve_locus    136:        11       78        6 ->         7
diploid_resolve_locus    137:         2       90        4 ->         5
diploid_resolve_locus    138:         2      170        1 ->         1
diploid_resolve_locus    139:         2      114        2 ->         2
diploid_resolve_locus    140:        13      139        4 ->         4
diploid_resolve_locus    141:         5      144        4 ->         4
diploid_resolve_locus    142:         3      154        3 ->         3
diploid_resolve_locus    143:         2       49        1 ->         1
diploid_resolve_locus    144:         6      117        7 ->        14
diploid_resolve_locus    145:         3       87        1 ->         1
diploid_resolve_locus    146:         2       91        1 ->         1
diploid_resolve_locus    147:         2      109        2 ->         2
diploid_resolve_locus    148:         2      157        2 ->         2
diploid_resolve_locus    149:         3      138        2 ->         2
diploid_resolve_locus    150:         9      161        8 ->         8
diploid_resolve_locus    151:         3      166        3 ->         3
diploid_resolve_locus    152:        10      161        6 ->         6
diploid_resolve_locus    153:         2      142        1 ->         1
diploid_resolve_locus    154:         6      144        8 ->        15
diploid_resolve_locus    155:         2      338        3 ->         3
diploid_resolve_locus    156:         6      161        5 ->         5
diploid_resolve_locus    157:         3      216        4 ->         4
diploid_resolve_locus    158:         6      128        8 ->        10
diploid_resolve_locus    159:         3      133        1 ->         1
diploid_resolve_locus    160:         5      144        7 ->        10
diploid_resolve_locus    161:         7      111        6 ->         6
diploid_resolve_locus    162:         3      248        2 ->         2
diploid_resolve_locus    163:         4      261       23 ->        70
diploid_resolve_locus    164:         6      236        3 ->         3
diploid_resolve_locus    165:         2      136        4 ->        10
diploid_resolve_locus    166:         4      146        1 ->         1
diploid_resolve_locus    167:        12       49        4 ->         5
diploid_resolve_locus    168:         8      156        7 ->         7
diploid_resolve_locus    169:         7      185        6 ->         8
diploid_resolve_locus    170:        12       54        3 ->         3
diploid_resolve_locus    171:         7      176        9 ->        12
diploid_resolve_locus    172:         4      167        8 ->         8
diploid_resolve_locus    173:         2      146        5 ->         5
diploid_resolve_locus    174:         2      141        3 ->         3
diploid_resolve_locus    175:         3      283       15 ->        38
diploid_resolve_locus    176:        12      139        9 ->        13
diploid_resolve_locus    177:         4      221        2 ->         2
diploid_resolve_locus    178:         2      163        1 ->         1
diploid_resolve_locus    179:         4      182        4 ->         4
diploid_resolve_locus    180:         2      138        6 ->        10
diploid_resolve_locus    181:         9       87       12 ->        21
diploid_resolve_locus    182:         2       69        1 ->         1
diploid_resolve_locus    183:         3      276        7 ->         8
diploid_resolve_locus    184:         8      168       12 ->        12
diploid_resolve_locus    185:        11      146       11 ->        23
diploid_resolve_locus    186:        20      117       15 ->        17
diploid_resolve_locus    187:         5      234        3 ->         4
diploid_resolve_locus    188:         4      290        5 ->         5
diploid_resolve_locus    189:         6       84        7 ->        13
diploid_resolve_locus    190:         3      248        7 ->        10
diploid_resolve_locus    191:         4       94        2 ->         2
diploid_resolve_locus    192:         2      151        1 ->         1
diploid_resolve_locus    193:        10       96        3 ->         3
diploid_resolve_locus    194:        13      159       12 ->        15
diploid_resolve_locus    195:        19      130        8 ->        18
diploid_resolve_locus    196:        19      118        6 ->         8
diploid_resolve_locus    197:        12      281       16 ->        17
diploid_resolve_locus    198:         5      213        4 ->         4
diploid_resolve_locus    199:         6       90        2 ->         2
diploid_resolve_locus    200:        16      100        5 ->         5
diploid_resolve_locus    201:         4       99        2 ->         2
diploid_resolve_locus    202:         2      273        5 ->         6
diploid_resolve_locus    203:        19      195        7 ->         7
diploid_resolve_locus    204:         4       95        5 ->         5
diploid_resolve_locus    205:         2      180        3 ->         3
diploid_resolve_locus    206:        14      262       14 ->        21
diploid_resolve_locus    207:         4      347       15 ->        30
diploid_resolve_locus    208:         4      164        3 ->         3
diploid_resolve_locus    209:         8      145        5 ->         5
diploid_resolve_locus    210:         6      486       12 ->        12
diploid_resolve_locus    211:         7      144        8 ->         8
diploid_resolve_locus    212:        17      191        3 ->         3
diploid_resolve_locus    213:         3       82        3 ->         3
diploid_resolve_locus    214:        20      134        4 ->         4
diploid_resolve_locus    215:        16      102        2 ->         2
diploid_resolve_locus    216:        14      299        5 ->         5
diploid_resolve_locus    217:         8      539       13 ->        34
diploid_resolve_locus    218:        12      153        8 ->        18
diploid_resolve_locus    219:        12      220        4 ->         4
diploid_resolve_locus    220:         3      172        5 ->         5
diploid_resolve_locus    221:         6       69        5 ->         5
diploid_resolve_locus    222:         3      277       14 ->        26
diploid_resolve_locus    223:        13      290       26 ->        27
diploid_resolve_locus    224:         4       86        1 ->         1
diploid_resolve_locus    225:         2      266        4 ->         4
diploid_resolve_locus    226:        20       69        4 ->         4
diploid_resolve_locus    227:         4       60        2 ->         2
diploid_resolve_locus    228:         2       76        4 ->         6
diploid_resolve_locus    229:         7      325       16 ->        33
diploid_resolve_locus    230:         4      398        2 ->         2
diploid_resolve_locus    231:        15      129        6 ->        11
diploid_resolve_locus    232:        17      181        5 ->         5
diploid_resolve_locus    233:         5      214        1 ->         1
diploid_resolve_locus    234:         4      144        4 ->         5
diploid_resolve_locus    235:         8      277       12 ->        13
diploid_resolve_locus    236:        16      411       14 ->        17
diploid_resolve_locus    237:        14      420       12 ->        13
diploid_resolve_locus    238:        10      286       15 ->        17
diploid_resolve_locus    239:         3       67        2 ->         2
diploid_resolve_locus    240:        20      582       13 ->        16
diploid_resolve_locus    241:         5      148        5 ->         6
diploid_resolve_locus    242:         2       48        2 ->         2
diploid_resolve_locus    243:         6      414       12 ->        15
diploid_resolve_locus    244:        13      179        3 ->         3
diploid_resolve_locus    245:        17      349        7 ->         7
diploid_resolve_locus    246:         2      104        2 ->         2
diploid_resolve_locus    247:        20      386       13 ->        41
diploid_resolve_locus    248:         5      282       12 ->        12
diploid_resolve_locus    249:        11      323       11 ->        11
diploid_resolve_locus    250:         3       90        7 ->         9
diploid_resolve_locus    251:         3      180        5 ->         6
diploid_resolve_locus    252:        19      126        6 ->         8
diploid_resolve_locus    253:        16      141        5 ->        22
diploid_resolve_locus    254:         2      126        4 ->         5
diploid_resolve_locus    255:         3      279        9 ->        17
diploid_resolve_locus    256:         4       85        8 ->        13
diploid_resolve_locus    257:         3      119        1 ->         1
diploid_resolve_locus    258:         3      103        2 ->         2
diploid_resolve_locus    259:         3      280        8 ->        13
diploid_resolve_locus    260:        10      267       19 ->        28
diploid_resolve_locus    261:         8      484        6 ->         7
diploid_resolve_locus    262:        11      166        6 ->         7
diploid_resolve_locus    263:         2       81        1 ->         1
diploid_resolve_locus    264:         3      151        5 ->         6
diploid_resolve_locus    265:         2      281        3 ->         3
diploid_resolve_locus    266:        20       52        2 ->         2
diploid_resolve_locus    267:        20      402       14 ->       355
diploid_resolve_locus    268:        14       82        4 ->         9
diploid_resolve_locus    269:        16      297       11 ->        19
diploid_resolve_locus    270:        19      303       17 ->        52
diploid_resolve_locus    271:         7      280       14 ->        14
diploid_resolve_locus    272:         2       92        3 ->         3
diploid_resolve_locus    273:        20      146        3 ->         3
diploid_resolve_locus    274:         4      172        4 ->         5
diploid_resolve_locus    275:         2       58        2 ->         2
diploid_resolve_locus    276:         9      147        6 ->         7
diploid_resolve_locus    277:         6      278       17 ->        21
diploid_resolve_locus    278:        20      391       17 ->        38
diploid_resolve_locus    279:        17       73        3 ->         3
diploid_resolve_locus    280:         8      217        6 ->         6
diploid_resolve_locus    281:        13       71        7 ->         7
diploid_resolve_locus    282:         2      133        4 ->         5
diploid_resolve_locus    283:        20      178        6 ->         6
diploid_resolve_locus    284:        17      731       28 ->        37
diploid_resolve_locus    285:         2       96        5 ->         6
diploid_resolve_locus    286:        17      138       10 ->        12
diploid_resolve_locus    287:        20       54        3 ->         3
diploid_resolve_locus    288:         4      284        4 ->         4
diploid_resolve_locus    289:        20      127       10 ->        11
diploid_resolve_locus    290:         3       72        2 ->         2
diploid_resolve_locus    291:         3      106        6 ->         8
diploid_resolve_locus    292:         2      189        2 ->         2
diploid_resolve_locus    293:         3       37        1 ->         1
diploid_resolve_locus    294:         3       98        2 ->         2
diploid_resolve_locus    295:        19      851       28 ->        34
diploid_resolve_locus    296:        16      259        6 ->         8
diploid_resolve_locus    297:         3       55        4 ->         4
diploid_resolve_locus    298:        20      146        9 ->         9
diploid_resolve_locus    299:         3      147        2 ->         2
diploid_resolve_locus    300:         5      280       12 ->        13
diploid_resolve_locus    301:        12      404       22 ->        48
diploid_resolve_locus    302:         4       85        1 ->         1
diploid_resolve_locus    303:         2      121        1 ->         1
diploid_resolve_locus    304:        18       56        5 ->        97
diploid_resolve_locus    305:         5      277       11 ->        11
diploid_resolve_locus    306:        11       64        5 ->         5
diploid_resolve_locus    307:         5       86        3 ->         3
diploid_resolve_locus    308:         4      132        5 ->         5
diploid_resolve_locus    309:         4      124        4 ->         4
diploid_resolve_locus    310:         3       85        3 ->         3
diploid_resolve_locus    311:         8       76        4 ->         4
diploid_resolve_locus    312:         7      131        5 ->         5
diploid_resolve_locus    313:         3      249        5 ->         6
diploid_resolve_locus    314:         2      321        4 ->         4
diploid_resolve_locus    315:        20       97        4 ->         4
diploid_resolve_locus    316:         2      197        3 ->         3
diploid_resolve_locus    317:         2      241        4 ->         4
diploid_resolve_locus    318:        20       89        3 ->         3
diploid_resolve_locus    319:        12       72        7 ->        26
diploid_resolve_locus    320:         7      408       10 ->        13
diploid_resolve_locus    321:        20      294       12 ->        15
diploid_resolve_locus    322:        10       89        8 ->        14
diploid_resolve_locus    323:        18       67        6 ->         7
diploid_resolve_locus    324:         6      231        4 ->         4
diploid_resolve_locus    325:         2      103        3 ->         3
diploid_resolve_locus    326:         3       58        2 ->         2
diploid_resolve_locus    327:         2       71        2 ->         2
diploid_resolve_locus    328:         3      199        4 ->         4
diploid_resolve_locus    329:        20      229       13 ->        19
diploid_resolve_locus    330:         4      268        8 ->         9
diploid_resolve_locus    331:        20       92        6 ->         6
diploid_resolve_locus    332:         9      287       17 ->        19
diploid_resolve_locus    333:         5      197        7 ->         8
diploid_resolve_locus    334:        12      125        5 ->         5
diploid_resolve_locus    335:         2      167        3 ->         3
diploid_resolve_locus    336:        20       65        3 ->         4
diploid_resolve_locus    337:         2      108        2 ->         2
diploid_resolve_locus    338:        12       96        2 ->         2
diploid_resolve_locus    339:         2      211        4 ->         4
diploid_resolve_locus    340:         3      282        5 ->         7
diploid_resolve_locus    341:        16       89       10 ->        24
diploid_resolve_locus    342:        13      265       18 ->        34
diploid_resolve_locus    343:        19      101        8 ->         9
diploid_resolve_locus    344:         4      273        9 ->        10
diploid_resolve_locus    345:        11      196        9 ->       520
diploid_resolve_locus    346:        20      148        5 ->         5
diploid_resolve_locus    347:         9      282       22 ->        28
diploid_resolve_locus    348:        13       87       10 ->        12
diploid_resolve_locus    349:         4      172        3 ->         3
diploid_resolve_locus    350:         3      288        5 ->         5
diploid_resolve_locus    351:        11      122        3 ->         3
diploid_resolve_locus    352:         2      136        4 ->         4
diploid_resolve_locus    353:        12      147        3 ->         3
diploid_resolve_locus    354:         4      347        9 ->        18
diploid_resolve_locus    355:        13      360       17 ->        29
diploid_resolve_locus    356:        10      129        3 ->         3
diploid_resolve_locus    357:        10      281       16 ->        30
diploid_resolve_locus    358:        16       68        8 ->        12
diploid_resolve_locus    359:        17       81        7 ->         9
diploid_resolve_locus    360:         5      282       15 ->        17
diploid_resolve_locus    361:        18      186        7 ->         7
diploid_resolve_locus    362:         5      271       11 ->        17
diploid_resolve_locus    363:         7      286       17 ->        20
diploid_resolve_locus    364:        14      192        6 ->         7
diploid_resolve_locus    365:        16      291       16 ->        16
diploid_resolve_locus    366:         3      280        8 ->        10
diploid_resolve_locus    367:         6      285       16 ->        22
diploid_resolve_locus    368:         6      115       15 ->        23
diploid_resolve_locus    369:        18      174        4 ->         4
diploid_resolve_locus    370:        15      292       18 ->        21
diploid_resolve_locus    371:        17      256        8 ->         9
diploid_resolve_locus    372:        19      378       23 ->        38
diploid_resolve_locus    373:         2      112        1 ->         1
diploid_resolve_locus    374:         5      254       10 ->        18
diploid_resolve_locus    375:         3      108        2 ->         2
diploid_resolve_locus    376:         5      118        6 ->         6
diploid_resolve_locus    377:        16      133        5 ->        15
diploid_resolve_locus    378:        20      130        6 ->         7
diploid_resolve_locus    379:        11      137        2 ->         2
diploid_resolve_locus    380:        14      102        5 ->         5
diploid_resolve_locus    381:         2      104        1 ->         1
diploid_resolve_locus    382:         4      144        6 ->         7
diploid_resolve_locus    383:        13      119        4 ->         4
diploid_resolve_locus    384:         2      146        1 ->         1
diploid_resolve_locus    385:         7       57        2 ->         2
diploid_resolve_locus    386:        17       87        6 ->         8
diploid_resolve_locus    387:        20      130        4 ->         4
diploid_resolve_locus    388:         2      547        8 ->        11
diploid_resolve_locus    389:         4       95        4 ->         4
diploid_resolve_locus    390:         9      161        7 ->        12
diploid_resolve_locus    391:         2       52        1 ->         1
diploid_resolve_locus    392:         4      164        7 ->         7
diploid_resolve_locus    393:         9      153        6 ->         6
diploid_resolve_locus    394:         2       49        1 ->         1
diploid_resolve_locus    395:        18      121        3 ->         3
diploid_resolve_locus    396:         8      260        9 ->         9
diploid_resolve_locus    397:        20      184       23 ->        92
diploid_resolve_locus    398:        13       54        2 ->         2
diploid_resolve_locus    399:         6       71        4 ->         5
diploid_resolve_locus    400:        20       70        3 ->         3
diploid_resolve_locus    401:         3      489        8 ->        10
diploid_resolve_locus    402:         3       63        3 ->         4
diploid_resolve_locus    403:        12       41        4 ->         8
diploid_resolve_locus    404:         4      353        9 ->         9
diploid_resolve_locus    405:        14      180        6 ->         9
diploid_resolve_locus    406:         2      177        2 ->         2
diploid_resolve_locus    407:        10       83        4 ->         5
diploid_resolve_locus    408:         5      177        2 ->         2
diploid_resolve_locus    409:        19       56        2 ->         2
diploid_resolve_locus    410:        16       73        2 ->         2
diploid_resolve_locus    411:        20       46        3 ->         3
diploid_resolve_locus    412:        20      232        8 ->         9
diploid_resolve_locus    413:         2       69        2 ->         2
diploid_resolve_locus    414:        15       73        2 ->         2
diploid_resolve_locus    415:         9      218        9 ->        13
diploid_resolve_locus    416:         3      148        2 ->         2
diploid_resolve_locus    417:        20       48        2 ->         2
diploid_resolve_locus    418:        20       69        6 ->         6
diploid_resolve_locus    419:         2      286        4 ->         4
diploid_resolve_locus    420:         7      150        9 ->        12
diploid_resolve_locus    421:        10      238       12 ->        18
diploid_resolve_locus    422:         3       45        2 ->         2
diploid_resolve_locus    423:         3      163        1 ->         1
diploid_resolve_locus    424:        12      292       11 ->        19
diploid_resolve_locus    425:         3      268       13 ->        21
diploid_resolve_locus    426:        17      104        5 ->         5
diploid_resolve_locus    427:        14      667       26 ->        30
diploid_resolve_locus    428:         3      232        8 ->         9
diploid_resolve_locus    429:         2      278        4 ->         4
diploid_resolve_locus    430:        18      241       15 ->        25
diploid_resolve_locus    431:         6      280       12 ->        17
diploid_resolve_locus    432:         2      213        1 ->         1
diploid_resolve_locus    433:         3       51        1 ->         1
diploid_resolve_locus    434:         6       81        4 ->         4
diploid_resolve_locus    435:         7      144        3 ->         3
diploid_resolve_locus    436:         5      310       16 ->        28
diploid_resolve_locus    437:         3      284        3 ->         3
diploid_resolve_locus    438:         3      275        9 ->        12
diploid_resolve_locus    439:         2      204        2 ->         2
diploid_resolve_locus    440:        19      327       13 ->        37
diploid_resolve_locus    441:         3       88        2 ->         2
diploid_resolve_locus    442:         5      281       11 ->        16
diploid_resolve_locus    443:         3      405        6 ->         6
diploid_resolve_locus    444:        18       75        4 ->         4
diploid_resolve_locus    445:         3      161        8 ->        11
diploid_resolve_locus    446:         2      194        2 ->         2
diploid_resolve_locus    447:        17      289       19 ->        21
diploid_resolve_locus    448:        20      227       11 ->        11
diploid_resolve_locus    449:        14       78        3 ->         3
diploid_resolve_locus    450:         3      167        2 ->         2
diploid_resolve_locus    451:         4      269       10 ->        14
diploid_resolve_locus    452:        12      288       27 ->        55
diploid_resolve_locus    453:        19      133        2 ->         2
diploid_resolve_locus    454:        12      269       17 ->        20
diploid_resolve_locus    455:         4      202        5 ->         5
diploid_resolve_locus    456:         2      231        4 ->         4
diploid_resolve_locus    457:         3      280        3 ->         3
diploid_resolve_locus    458:         9       65        3 ->         3
diploid_resolve_locus    459:         3      173        7 ->         7
diploid_resolve_locus    460:         9      111       14 ->        18
diploid_resolve_locus    461:         3      236        9 ->        14
diploid_resolve_locus    462:         4      113        2 ->         2
diploid_resolve_locus    463:        10      251       15 ->        26
diploid_resolve_locus    464:        15      115       10 ->        12
diploid_resolve_locus    465:        10      280       13 ->        14
diploid_resolve_locus    466:         4      276       21 ->        38
diploid_resolve_locus    467:         3      137        4 ->         4
diploid_resolve_locus    468:        17      126        8 ->        10
diploid_resolve_locus    469:        11      202        9 ->        14
diploid_resolve_locus    470:         2      281        7 ->         7
diploid_resolve_locus    471:        20      154        7 ->         7
diploid_resolve_locus    472:         2      213        2 ->         2
diploid_resolve_locus    473:         6      281       13 ->        17
diploid_resolve_locus    474:         5      251        5 ->         5
diploid_resolve_locus    475:         5       41        6 ->         7
diploid_resolve_locus    476:         2      264        2 ->         2
diploid_resolve_locus    477:         3       38        2 ->         2
diploid_resolve_locus    478:        20      102        5 ->         5
diploid_resolve_locus    479:        20      185        8 ->        14
diploid_resolve_locus    480:        18      256       16 ->        35
diploid_resolve_locus    481:         5      275       13 ->        16
diploid_resolve_locus    482:         2       42        1 ->         1
diploid_resolve_locus    483:         3      381        4 ->         4
diploid_resolve_locus    484:         2      139        1 ->         1
diploid_resolve_locus    485:         7       52        1 ->         1
diploid_resolve_locus    486:         3      152        5 ->         5
diploid_resolve_locus    487:         2      280        4 ->         4
diploid_resolve_locus    488:         2       66        1 ->         1
diploid_resolve_locus    489:         4      276       11 ->        16
diploid_resolve_locus    490:         5      280        6 ->         6
diploid_resolve_locus    491:         6      101        3 ->         3
diploid_resolve_locus    492:        15      155       13 ->        23
diploid_resolve_locus    493:        10       65        2 ->         2
diploid_resolve_locus    494:         4      285       13 ->        17
diploid_resolve_locus    495:        20      135        8 ->         8
diploid_resolve_locus    496:        13       80        3 ->         3
diploid_resolve_locus    497:        20       77        3 ->         3
diploid_resolve_locus    498:        17      102        3 ->         3
diploid_resolve_locus    499:        19       61        4 ->         6
diploid_resolve_locus    500:        19       96        3 ->         3
diploid_resolve_locus    501:        20       88        2 ->         2
diploid_resolve_locus    502:        12      561       29 ->        30
diploid_resolve_locus    503:        10      167        6 ->         7
diploid_resolve_locus    504:        11      473       23 ->        35
diploid_resolve_locus    505:        16      109        3 ->         3
diploid_resolve_locus    506:        17       62        3 ->         7
diploid_resolve_locus    507:        14      334       12 ->        43
diploid_resolve_locus    508:         2      280        5 ->         5
diploid_resolve_locus    509:         6      280       19 ->        31
diploid_resolve_locus    510:        15      147        7 ->         8
diploid_resolve_locus    511:         2      143        1 ->         1
diploid_resolve_locus    512:         9      103       14 ->        15
diploid_resolve_locus    513:         2       50        1 ->         1
diploid_resolve_locus    514:         2       50        1 ->         1
diploid_resolve_locus    515:        18      154        9 ->        10
diploid_resolve_locus    516:         5      257        9 ->         9
diploid_resolve_locus    517:         2      158        2 ->         2
diploid_resolve_locus    518:         2      456        7 ->         7
diploid_resolve_locus    519:         5      156       10 ->        12
diploid_resolve_locus    520:         8      283       18 ->        20
diploid_resolve_locus    521:        20      173        2 ->         2
diploid_resolve_locus    522:         2       78        1 ->         1
diploid_resolve_locus    523:         7      131        2 ->         2
diploid_resolve_locus    524:         5       66        2 ->         2
diploid_resolve_locus    525:         3      251        9 ->         9
diploid_resolve_locus    526:        11      255        7 ->         7
diploid_resolve_locus    527:         4      430        9 ->        12
diploid_resolve_locus    528:         3       71        2 ->         2
diploid_resolve_locus    529:         7       38        2 ->         2
diploid_resolve_locus    530:         2      161        2 ->         2
diploid_resolve_locus    531:         7      263        5 ->         5
diploid_resolve_locus    532:        16      359        7 ->         7
diploid_resolve_locus    533:        18      812       22 ->        27
diploid_resolve_locus    534:         3      257        5 ->         5
diploid_resolve_locus    535:         4      114        6 ->         6
diploid_resolve_locus    536:         3      224        6 ->         6
diploid_resolve_locus    537:        20      244        3 ->         3
diploid_resolve_locus    538:        20      379       13 ->        40
diploid_resolve_locus    539:        18      106        7 ->         7
diploid_resolve_locus    540:        18      100        4 ->         4
diploid_resolve_locus    541:         2      279        4 ->         4
diploid_resolve_locus    542:         4      265        8 ->         8
diploid_resolve_locus    543:         2      281        4 ->         4
diploid_resolve_locus    544:        18      246        3 ->         3
diploid_resolve_locus    545:         6       86        9 ->        12
diploid_resolve_locus    546:        15       90        2 ->         2
diploid_resolve_locus    547:        12       50        3 ->         3
diploid_resolve_locus    548:        20       85        2 ->         2
diploid_resolve_locus    549:         3      120        2 ->         2
diploid_resolve_locus    550:        20      145        9 ->         9
diploid_resolve_locus    551:        17      161        5 ->         6
diploid_resolve_locus    552:        17      116        6 ->         8
diploid_resolve_locus    553:         4      259        8 ->        12
diploid_resolve_locus    554:        13      382       21 ->        28
diploid_resolve_locus    555:         5       67        2 ->         2
diploid_resolve_locus    556:         5      285       14 ->        16
diploid_resolve_locus    557:         7       75        5 ->         5
diploid_resolve_locus    558:         2      191        3 ->         3
diploid_resolve_locus    559:         3      146        3 ->         3
diploid_resolve_locus    560:        18      112        2 ->         2
diploid_resolve_locus    561:         3      262        4 ->         4
diploid_resolve_locus    562:         2      326        5 ->         5
diploid_resolve_locus    563:        12      161        1 ->         1
diploid_resolve_locus    564:        19      794       22 ->        39
diploid_resolve_locus    565:        13      230        6 ->         7
diploid_resolve_locus    566:         8       63       10 ->        14
diploid_resolve_locus    567:         5      236        4 ->         4
diploid_resolve_locus    568:         2      528        5 ->         5
diploid_resolve_locus    569:         6      284        6 ->         6
diploid_resolve_locus    570:        11      154        1 ->         1
diploid_resolve_locus    571:         8       97        3 ->         3
diploid_resolve_locus    572:         4      134        1 ->         1
diploid_resolve_locus    573:         2      281        8 ->        12
diploid_resolve_locus    574:         5      119        1 ->         1
diploid_resolve_locus    575:        17       41        7 ->         8
diploid_resolve_locus    576:        13      160        8 ->         9
diploid_resolve_locus    577:         2      273        5 ->         6
diploid_resolve_locus    578:        20      195       18 ->        28
diploid_resolve_locus    579:        16       86        6 ->         8
diploid_resolve_locus    580:        18      491       19 ->        22
diploid_resolve_locus    581:         2      277        5 ->         6
diploid_resolve_locus    582:        20       75        7 ->         7
diploid_resolve_locus    583:         5      112        3 ->         3
diploid_resolve_locus    584:         5      150        2 ->         2
diploid_resolve_locus    585:         7      144       12 ->        15
diploid_resolve_locus    586:         3      154        2 ->         2
diploid_resolve_locus    587:         3      279        3 ->         3
diploid_resolve_locus    588:         3      288        3 ->         3
diploid_resolve_locus    589:        10      279       18 ->        29
diploid_resolve_locus    590:         3      287        7 ->         7
diploid_resolve_locus    591:         4      118        2 ->         2
diploid_resolve_locus    592:        17       39        2 ->         2
diploid_resolve_locus    593:        15       50        8 ->        19
diploid_resolve_locus    594:         8      458        8 ->         9
diploid_resolve_locus    595:         3       76        1 ->         1
diploid_resolve_locus    596:        20      105        2 ->         2
diploid_resolve_locus    597:        20      131        3 ->         3
diploid_resolve_locus    598:        20      108        8 ->       161
diploid_resolve_locus    599:         8      196        5 ->         7
diploid_resolve_locus    600:        10      286       16 ->        16
diploid_resolve_locus    601:        20      343        4 ->         4
diploid_resolve_locus    602:         2      207        1 ->         1
diploid_resolve_locus    603:        15      376       19 ->        26
diploid_resolve_locus    604:         3      279        7 ->         7
diploid_resolve_locus    605:        18      127        1 ->         1
diploid_resolve_locus    606:        20      127        6 ->        11
diploid_resolve_locus    607:         9      127        5 ->         5
diploid_resolve_locus    608:        15      729       53 ->       298
diploid_resolve_locus    609:         6      158        1 ->         1
diploid_resolve_locus    610:        20      173        4 ->         4
diploid_resolve_locus    611:        12      145       16 ->        21
diploid_resolve_locus    612:         4      280        3 ->         3
diploid_resolve_locus    613:        20      146        4 ->         5
diploid_resolve_locus    614:        17      335       15 ->        54
diploid_resolve_locus    615:         2       83        2 ->         3
diploid_resolve_locus    616:        17      163        6 ->         9
diploid_resolve_locus    617:        19      198        4 ->         4
diploid_resolve_locus    618:         8      258       12 ->        13
diploid_resolve_locus    619:        10      276       22 ->        24
diploid_resolve_locus    620:         9      250       11 ->        31
diploid_resolve_locus    621:         3      173        5 ->         6
diploid_resolve_locus    622:        14      411       13 ->        22
diploid_resolve_locus    623:        19      205       16 ->        26
diploid_resolve_locus    624:         3       63        3 ->         3
diploid_resolve_locus    625:         3       44        1 ->         1
diploid_resolve_locus    626:         2      278        7 ->         9
diploid_resolve_locus    627:        19      108        6 ->         8
diploid_resolve_locus    628:        17      149        3 ->         3
diploid_resolve_locus    629:         9      308       12 ->        13
diploid_resolve_locus    630:        15       87        4 ->         4
diploid_resolve_locus    631:         9      264        9 ->         9
diploid_resolve_locus    632:         7      158        4 ->         4
diploid_resolve_locus    633:        18      117        7 ->         8
diploid_resolve_locus    634:        18      135       10 ->        12
diploid_resolve_locus    635:        20      196        6 ->        10
diploid_resolve_locus    636:        18       50        2 ->         2
diploid_resolve_locus    637:        18       80        5 ->         5
diploid_resolve_locus    638:        20      200       11 ->        12
diploid_resolve_locus    639:        20      189        8 ->        14
diploid_resolve_locus    640:        20      121        3 ->         3
diploid_resolve_locus    641:         6      277        6 ->         6
diploid_resolve_locus    642:        20      128        5 ->         6
diploid_resolve_locus    643:         9      628        9 ->         9
diploid_resolve_locus    644:         9      124        5 ->         5
diploid_resolve_locus    645:        19       66        5 ->         6
diploid_resolve_locus    646:         5      149        2 ->         2
diploid_resolve_locus    647:         6      136        6 ->         6
diploid_resolve_locus    648:         9      460       11 ->        19
diploid_resolve_locus    649:        20       45        2 ->         2
diploid_resolve_locus    650:         5       87        4 ->         4
diploid_resolve_locus    651:        18      432       12 ->        38
diploid_resolve_locus    652:         2      274        7 ->         9
diploid_resolve_locus    653:         5      216        7 ->         8
diploid_resolve_locus    654:         6      282        8 ->        10
diploid_resolve_locus    655:        18       97       17 ->        17
diploid_resolve_locus    656:         8      211       11 ->        12
diploid_resolve_locus    657:         2      148        2 ->         2
diploid_resolve_locus    658:        16      429       27 ->        69
diploid_resolve_locus    659:         4       84        3 ->         3
diploid_resolve_locus    660:        13      106        5 ->         6
diploid_resolve_locus    661:        18      265       20 ->        21
diploid_resolve_locus    662:         9      318        4 ->         8
diploid_resolve_locus    663:        16      353       11 ->        11
diploid_resolve_locus    664:        14      458       14 ->        18
diploid_resolve_locus    665:        11       52        2 ->         2
diploid_resolve_locus    666:        20       90        4 ->         6
diploid_resolve_locus    667:        20      568       13 ->        19
diploid_resolve_locus    668:         2      179        1 ->         1
diploid_resolve_locus    669:        20      321       15 ->        25
diploid_resolve_locus    670:        17      286       24 ->        32
diploid_resolve_locus    671:         2       49        1 ->         1
diploid_resolve_locus    672:        20      157        2 ->         2
diploid_resolve_locus    673:         4      255        7 ->        23
diploid_resolve_locus    674:        14      148       19 ->        39
diploid_resolve_locus    675:        20      112        6 ->         9
diploid_resolve_locus    676:        15      278        9 ->         9
diploid_resolve_locus    677:         5      412       15 ->        24
diploid_resolve_locus    678:         4      139        1 ->         1
diploid_resolve_locus    679:         8       59        7 ->         9
diploid_resolve_locus    680:        19      136        3 ->         3
diploid_resolve_locus    681:        20      149        9 ->        24
diploid_resolve_locus    682:         3      189        2 ->         2
diploid_resolve_locus    683:        20      134        7 ->         7
diploid_resolve_locus    684:         4      280       10 ->        13
diploid_resolve_locus    685:         8      350       15 ->        28
diploid_resolve_locus    686:        18      459       18 ->        19
diploid_resolve_locus    687:         7      254        5 ->         5
diploid_resolve_locus    688:         4       55        5 ->         6
diploid_resolve_locus    689:         4      112        1 ->         1
diploid_resolve_locus    690:        15      278        7 ->         9
diploid_resolve_locus    691:        18       70        4 ->         4
diploid_resolve_locus    692:         8      164        3 ->         3
diploid_resolve_locus    693:        14      175        4 ->        14
diploid_resolve_locus    694:         4      144        4 ->         4
diploid_resolve_locus    695:        17      529       20 ->        22
diploid_resolve_locus    696:        20      592       14 ->        21
diploid_resolve_locus    697:        19      107        3 ->         3
diploid_resolve_locus    698:         3       72        1 ->         1
diploid_resolve_locus    699:        20       80        2 ->         2
diploid_resolve_locus    700:        20      206       10 ->        12
diploid_resolve_locus    701:        19      101        2 ->         2
diploid_resolve_locus    702:         2      222        3 ->         3
diploid_resolve_locus    703:         9      430       12 ->        16
diploid_resolve_locus    704:        20      285       11 ->        43
diploid_resolve_locus    705:        12      170        8 ->         8
diploid_resolve_locus    706:        18      198        7 ->         7
diploid_resolve_locus    707:         7      254        8 ->         8
diploid_resolve_locus    708:         3      153        2 ->         2
diploid_resolve_locus    709:         4      273        5 ->         5
diploid_resolve_locus    710:         5      282       21 ->        54
diploid_resolve_locus    711:         4      103        1 ->         1
diploid_resolve_locus    712:         4      282        5 ->         7
diploid_resolve_locus    713:         2       43        1 ->         1
diploid_resolve_locus    714:         3       45        1 ->         1
diploid_resolve_locus    715:         2      133        3 ->         3
diploid_resolve_locus    716:         8      149        6 ->         6
diploid_resolve_locus    717:         5      164        3 ->         3
diploid_resolve_locus    718:         8       66        8 ->        12
diploid_resolve_locus    719:         4       84        2 ->         2
diploid_resolve_locus    720:        18      194        7 ->         9
diploid_resolve_locus    721:        10      282       28 ->        77
diploid_resolve_locus    722:         2      256        3 ->         3
diploid_resolve_locus    723:         3      278        4 ->         4
diploid_resolve_locus    724:         2      203        2 ->         2
diploid_resolve_locus    725:         4      235        6 ->         7
diploid_resolve_locus    726:        17      133        5 ->         6
diploid_resolve_locus    727:         4      145        3 ->         3
diploid_resolve_locus    728:        17      136        9 ->        88
diploid_resolve_locus    729:         5       76        1 ->         1
diploid_resolve_locus    730:        20      201        7 ->        10
diploid_resolve_locus    731:         5      280       12 ->        15
diploid_resolve_locus    732:         9      181        3 ->         4
diploid_resolve_locus    733:        19       56        3 ->         4
diploid_resolve_locus    734:        18      218        8 ->         8
diploid_resolve_locus    735:        16      386       28 ->        64
diploid_resolve_locus    736:        15      207        3 ->         4
diploid_resolve_locus    737:        16      128        2 ->         2
diploid_resolve_locus    738:         5      134        5 ->         6
diploid_resolve_locus    739:         2      272        3 ->         3
diploid_resolve_locus    740:         3      111        2 ->         2
diploid_resolve_locus    741:         2      280        5 ->         6
diploid_resolve_locus    742:        14      239       10 ->        19
diploid_resolve_locus    743:        16       69        6 ->         6
diploid_resolve_locus    744:        19      224        5 ->         5
diploid_resolve_locus    745:         9       78        2 ->         2
diploid_resolve_locus    746:        20      127        4 ->         4
diploid_resolve_locus    747:        19       81        5 ->         5
diploid_resolve_locus    748:         4      431        7 ->         9
diploid_resolve_locus    749:        13      200        5 ->         5
diploid_resolve_locus    750:        20      277        9 ->        16
diploid_resolve_locus    751:         3       94        3 ->         3
diploid_resolve_locus    752:        20      192       21 ->        41
diploid_resolve_locus    753:        18      493       18 ->        30
diploid_resolve_locus    754:        20       71        5 ->         5
diploid_resolve_locus    755:        20      316       11 ->        18
diploid_resolve_locus    756:        18       54        2 ->         2
diploid_resolve_locus    757:        15      406       14 ->        16
diploid_resolve_locus    758:        18      303       12 ->        12
diploid_resolve_locus    759:        15      177       16 ->        67
diploid_resolve_locus    760:        18       64        6 ->        10
diploid_resolve_locus    761:        12      134        4 ->         4
diploid_resolve_locus    762:        20      117        4 ->         4
diploid_resolve_locus    763:        20      236       16 ->        27
diploid_resolve_locus    764:         7      285       16 ->        17
diploid_resolve_locus    765:        15      195        9 ->        15
diploid_resolve_locus    766:         3      281        5 ->         6
diploid_resolve_locus    767:         3      281        5 ->         5
diploid_resolve_locus    768:        20      105        4 ->         4
diploid_resolve_locus    769:        17      436       25 ->        47
diploid_resolve_locus    770:         8      203        3 ->         3
diploid_resolve_locus    771:        20      114        3 ->         3
diploid_resolve_locus    772:        20      170        5 ->        13
diploid_resolve_locus    773:         5       57        6 ->         6
diploid_resolve_locus    774:        20      132        4 ->         5
diploid_resolve_locus    775:         8      286       12 ->        16
diploid_resolve_locus    776:        20      188        4 ->        11
diploid_resolve_locus    777:         3      267        7 ->         8
diploid_resolve_locus    778:        18      734       39 ->        48
diploid_resolve_locus    779:        20      236        7 ->        21
diploid_resolve_locus    780:        19      157        5 ->         5
diploid_resolve_locus    781:         2       93        2 ->         2
diploid_resolve_locus    782:         9      252        9 ->        10
diploid_resolve_locus    783:        17      292       21 ->        21
diploid_resolve_locus    784:         9      126        4 ->         4
diploid_resolve_locus    785:         2       49        2 ->         2
diploid_resolve_locus    786:        20       74        2 ->         2
diploid_resolve_locus    787:        18      107        4 ->         4
diploid_resolve_locus    788:        20      145        5 ->         6
diploid_resolve_locus    789:        19       84        5 ->         6
diploid_resolve_locus    790:        20      417       33 ->        93
diploid_resolve_locus    791:         5      119        6 ->         6
diploid_resolve_locus    792:         6      351       17 ->        21
diploid_resolve_locus    793:         9       94        5 ->         7
diploid_resolve_locus    794:        11       60        3 ->         3
diploid_resolve_locus    795:         2      721        4 ->         4
diploid_resolve_locus    796:         3      117        4 ->         5
diploid_resolve_locus    797:         3      365        7 ->         8
diploid_resolve_locus    798:        20      124        2 ->         2
diploid_resolve_locus    799:        20      734       19 ->        21
diploid_resolve_locus    800:         6      380        5 ->         5
diploid_resolve_locus    801:        18      258       13 ->        17
diploid_resolve_locus    802:        15      169       10 ->        20
diploid_resolve_locus    803:         4      205        2 ->         2
diploid_resolve_locus    804:        18      292       13 ->        13
diploid_resolve_locus    805:        16      625       29 ->        39
diploid_resolve_locus    806:        18      292       14 ->        20
diploid_resolve_locus    807:        19      114        7 ->         8
diploid_resolve_locus    808:         2      282        3 ->         3
diploid_resolve_locus    809:        12      420       17 ->        21
diploid_resolve_locus    810:        18      164       11 ->        33
diploid_resolve_locus    811:        19      200        6 ->         6
diploid_resolve_locus    812:        19      372       13 ->        20
diploid_resolve_locus    813:        20      105        2 ->         2
diploid_resolve_locus    814:         3      282        9 ->        12
diploid_resolve_locus    815:         2      134        2 ->         2
diploid_resolve_locus    816:         3       83        1 ->         1
diploid_resolve_locus    817:        15      185        6 ->         7
diploid_resolve_locus    818:        20      404        4 ->         4
diploid_resolve_locus    819:         9      279       19 ->        22
diploid_resolve_locus    820:         2      183        4 ->         4
diploid_resolve_locus    821:         8      282       12 ->        12
diploid_resolve_locus    822:         2       57        2 ->         2
diploid_resolve_locus    823:         8      357       15 ->        33
diploid_resolve_locus    824:         7      279       11 ->        13
diploid_resolve_locus    825:         7      172        3 ->         3
diploid_resolve_locus    826:         4      272        4 ->         4
diploid_resolve_locus    827:         2      200        3 ->         3
diploid_resolve_locus    828:        20      158        4 ->         4
diploid_resolve_locus    829:         2      280        7 ->         9
diploid_resolve_locus    830:        20      420       18 ->        30
diploid_resolve_locus    831:         6      245       11 ->        11
diploid_resolve_locus    832:         2       87        3 ->         4
diploid_resolve_locus    833:        13      202       10 ->        12
diploid_resolve_locus    834:         2      275        4 ->         5
diploid_resolve_locus    835:        20      576       27 ->        28
diploid_resolve_locus    836:        16      431       16 ->        17
diploid_resolve_locus    837:         3      220        4 ->         4
diploid_resolve_locus    838:        10      215       11 ->        15
diploid_resolve_locus    839:        20      220       13 ->       124
diploid_resolve_locus    840:         5      305       14 ->        14
diploid_resolve_locus    841:        20      468       21 ->        28
diploid_resolve_locus    842:        12      284       16 ->        16
diploid_resolve_locus    843:        20      149        7 ->         7
diploid_resolve_locus    844:         2      281        6 ->         7
diploid_resolve_locus    845:        19      317       19 ->        29
diploid_resolve_locus    846:        19      201       14 ->        20
diploid_resolve_locus    847:         2      203        2 ->         2
diploid_resolve_locus    848:        12      365       12 ->        18
diploid_resolve_locus    849:        20       78        3 ->         3
diploid_resolve_locus    850:         7      280       18 ->        27
diploid_resolve_locus    851:        12      282       19 ->        19
diploid_resolve_locus    852:         9       67        4 ->         4
diploid_resolve_locus    853:        20       84        4 ->         4
diploid_resolve_locus    854:         2       64        2 ->         2
diploid_resolve_locus    855:        15      202        9 ->        10
diploid_resolve_locus    856:         6      420       12 ->        12
diploid_resolve_locus    857:        20      157        4 ->         4
diploid_resolve_locus    858:        13      221        7 ->         8
diploid_resolve_locus    859:        20      133        4 ->         4
diploid_resolve_locus    860:        19      111        4 ->         4
diploid_resolve_locus    861:         7      182        3 ->         3
diploid_resolve_locus    862:        20       76       10 ->        13
diploid_resolve_locus    863:        20      138        5 ->         6
diploid_resolve_locus    864:        16       59        5 ->         5
diploid_resolve_locus    865:        19      169       20 ->        24
diploid_resolve_locus    866:        18       82        1 ->         1
diploid_resolve_locus    867:        20      143        7 ->         9
diploid_resolve_locus    868:        20       93        1 ->         1
diploid_resolve_locus    869:         7      115        5 ->         5
diploid_resolve_locus    870:         5       70        2 ->         2
diploid_resolve_locus    871:         3       78        1 ->         1
diploid_resolve_locus    872:        14       84        3 ->         3
diploid_resolve_locus    873:         4      193        3 ->         3
diploid_resolve_locus    874:        19      219        9 ->        12
diploid_resolve_locus    875:        14      108        4 ->         4
diploid_resolve_locus    876:         6      281        6 ->        16
diploid_resolve_locus    877:        12      123        7 ->         8
diploid_resolve_locus    878:         4       91        1 ->         1
diploid_resolve_locus    879:        20      108        5 ->         9
diploid_resolve_locus    880:        18      303       15 ->        51
diploid_resolve_locus    881:        17      289       21 ->        26
diploid_resolve_locus    882:        17      210       10 ->        18
diploid_resolve_locus    883:         9      230        7 ->         8
diploid_resolve_locus    884:         9      196        7 ->         8
diploid_resolve_locus    885:         6      286       14 ->        20
diploid_resolve_locus    886:         9      280        8 ->        10
diploid_resolve_locus    887:        12      227       17 ->        31
diploid_resolve_locus    888:         8      265        5 ->         5
diploid_resolve_locus    889:        15      372       20 ->        22
diploid_resolve_locus    890:        14      334        5 ->         5
diploid_resolve_locus    891:        20      117        6 ->        62
diploid_resolve_locus    892:        19       47        4 ->         4
diploid_resolve_locus    893:        18       66        3 ->         3
diploid_resolve_locus    894:         2      291        4 ->         4
diploid_resolve_locus    895:         9      543       15 ->        22
diploid_resolve_locus    896:        12       81        7 ->        11
diploid_resolve_locus    897:        19      122        9 ->         9
diploid_resolve_locus    898:        20      146        4 ->         5
diploid_resolve_locus    899:        12      604       16 ->        17
diploid_resolve_locus    900:        20       84        2 ->         2
diploid_resolve_locus    901:        19       55        4 ->         4
diploid_resolve_locus    902:         7       89        2 ->         2
diploid_resolve_locus    903:        20       85        6 ->         6
diploid_resolve_locus    904:        20      188        8 ->        26
diploid_resolve_locus    905:         2      263        7 ->        13
diploid_resolve_locus    906:         2      120        5 ->         6
diploid_resolve_locus    907:        19      292       21 ->        23
diploid_resolve_locus    908:         2      263        3 ->         3
diploid_resolve_locus    909:        19      429       30 ->       147
diploid_resolve_locus    910:        20      168        1 ->         1
diploid_resolve_locus    911:         8      282        9 ->        10
diploid_resolve_locus    912:        20       45        4 ->         4
diploid_resolve_locus    913:         5      345       11 ->        17
diploid_resolve_locus    914:        18      109        7 ->        12
diploid_resolve_locus    915:        13      236       11 ->        14
diploid_resolve_locus    916:        19      453       14 ->        18
diploid_resolve_locus    917:        15       90        6 ->         8
diploid_resolve_locus    918:         2      283        4 ->         4
diploid_resolve_locus    919:        20      129        1 ->         1
diploid_resolve_locus    920:        13       65        6 ->        14
diploid_resolve_locus    921:         4      279       13 ->        22
diploid_resolve_locus    922:         2      281        7 ->         9
diploid_resolve_locus    923:        20      197        4 ->         6
diploid_resolve_locus    924:         9      282        9 ->         9
diploid_resolve_locus    925:        17      166       12 ->        45
diploid_resolve_locus    926:        18       84        6 ->         8
diploid_resolve_locus    927:         3      277       10 ->        19
diploid_resolve_locus    928:        10      281       11 ->        11
diploid_resolve_locus    929:        16      468       16 ->        16
diploid_resolve_locus    930:        10       55        2 ->         2
diploid_resolve_locus    931:         3       82        3 ->         3
diploid_resolve_locus    932:         7      214        4 ->         4
diploid_resolve_locus    933:         3      281        6 ->         6
diploid_resolve_locus    934:         3      281       14 ->        21
diploid_resolve_locus    935:         5      139        5 ->         5
diploid_resolve_locus    936:         8      259       13 ->        19
diploid_resolve_locus    937:         4      139        3 ->         4
diploid_resolve_locus    938:        18       91        1 ->         1
diploid_resolve_locus    939:        15      560       20 ->        23
diploid_resolve_locus    940:         5       88        3 ->         3
diploid_resolve_locus    941:        18      113        2 ->         2
diploid_resolve_locus    942:         3      278        5 ->         5
diploid_resolve_locus    943:         6       98        4 ->         5
diploid_resolve_locus    944:        17       96       13 ->        16
diploid_resolve_locus    945:        10      406       11 ->        11
diploid_resolve_locus    946:         3      280        4 ->         4
diploid_resolve_locus    947:         6      272        8 ->         8
diploid_resolve_locus    948:         3      454        6 ->         6
diploid_resolve_locus    949:        18      175        5 ->         5
diploid_resolve_locus    950:         5      163        6 ->         7
diploid_resolve_locus    951:         2      254        4 ->         4
diploid_resolve_locus    952:         2      194        3 ->         3
diploid_resolve_locus    953:        13      290       33 ->        37
diploid_resolve_locus    954:        20       84        3 ->         3
diploid_resolve_locus    955:         8      120        3 ->         3
diploid_resolve_locus    956:         9      282       14 ->        27
diploid_resolve_locus    957:         2       49        1 ->         1
diploid_resolve_locus    958:        19       84        5 ->        10
diploid_resolve_locus    959:        16       80        3 ->         3
diploid_resolve_locus    960:         7      281       11 ->        11
diploid_resolve_locus    961:        20      170        5 ->         6
diploid_resolve_locus    962:         7      274       11 ->        15
diploid_resolve_locus    963:        20      285        7 ->        12
diploid_resolve_locus    964:        19      109        6 ->         7
diploid_resolve_locus    965:        20      274        7 ->        15
diploid_resolve_locus    966:        20      115        4 ->         6
diploid_resolve_locus    967:        20      154       17 ->        44
diploid_resolve_locus    968:        17      199        3 ->         3
diploid_resolve_locus    969:         2      110        1 ->         1
diploid_resolve_locus    970:         9      277       11 ->        11
diploid_resolve_locus    971:         3      135        4 ->         4
diploid_resolve_locus    972:         2      276        4 ->         4
diploid_resolve_locus    973:        20       54        4 ->         4
diploid_resolve_locus    974:        20       84        6 ->         7
diploid_resolve_locus    975:         3      268        5 ->         5
diploid_resolve_locus    976:        20      152        5 ->         6
diploid_resolve_locus    977:         2      128        1 ->         1
diploid_resolve_locus    978:        20       79        2 ->         2
diploid_resolve_locus    979:        18      206        5 ->         5
diploid_resolve_locus    980:        18      196        7 ->         9
diploid_resolve_locus    981:        20      572       15 ->        17
diploid_resolve_locus    982:        20      313       14 ->        46
diploid_resolve_locus    983:         4      275        9 ->         9
diploid_resolve_locus    984:         4      210       10 ->        10
diploid_resolve_locus    985:         3      194        3 ->         3
diploid_resolve_locus    986:        20      353       12 ->        13
diploid_resolve_locus    987:        13      537       44 ->        82
diploid_resolve_locus    988:         7      226        6 ->         6
diploid_resolve_locus    989:        15      277       29 ->        40
diploid_resolve_locus    990:         3      279        8 ->        12
diploid_resolve_locus    991:        16      158        8 ->        63
diploid_resolve_locus    992:         4       93        3 ->         3
diploid_resolve_locus    993:         9      243        7 ->         7
diploid_resolve_locus    994:         2       48        1 ->         1
diploid_resolve_locus    995:        20      167        2 ->         2
diploid_resolve_locus    996:        20      244       15 ->        36
diploid_resolve_locus    997:        18      618       21 ->        22
diploid_resolve_locus    998:         9      156        5 ->         5
diploid_resolve_locus    999:        11      217        6 ->         7
diploid_resolve_locus   1000:        19      306       12 ->        28
diploid_resolve_locus   1001:        17      252       12 ->        14
diploid_resolve_locus   1002:        19       69        3 ->         3
diploid_resolve_locus   1003:         6      232        6 ->         6
diploid_resolve_locus   1004:        19       71        8 ->         8
diploid_resolve_locus   1005:        17      104        5 ->         5
diploid_resolve_locus   1006:        20      101        3 ->         3
diploid_resolve_locus   1007:        15       74        7 ->         8
diploid_resolve_locus   1008:        20       62        5 ->         5
diploid_resolve_locus   1009:        11      251       10 ->        10
diploid_resolve_locus   1010:        20      263        9 ->        15
diploid_resolve_locus   1011:        20      263        9 ->        56
diploid_resolve_locus   1012:        17       60        9 ->        14
diploid_resolve_locus   1013:         7      292       24 ->        40
diploid_resolve_locus   1014:         2       70        1 ->         1
diploid_resolve_locus   1015:        20      676       21 ->        32
diploid_resolve_locus   1016:        20      136        1 ->         1
diploid_resolve_locus   1017:         9      282       20 ->        39
diploid_resolve_locus   1018:        16      141        9 ->        10
diploid_resolve_locus   1019:         4      163        1 ->         1
diploid_resolve_locus   1020:        20      150        5 ->        15
diploid_resolve_locus   1021:        15      139        2 ->         2
diploid_resolve_locus   1022:         7      143        5 ->         9
diploid_resolve_locus   1023:         2      276        3 ->         3
diploid_resolve_locus   1024:         3      132        2 ->         2
diploid_resolve_locus   1025:         7      132        4 ->         4
diploid_resolve_locus   1026:        15      132        2 ->         2
diploid_resolve_locus   1027:        20      307       11 ->        21
diploid_resolve_locus   1028:        20      249        5 ->         7
diploid_resolve_locus   1029:        12      524       25 ->        29
diploid_resolve_locus   1030:         3      269        6 ->         7
diploid_resolve_locus   1031:        18      678       22 ->        29
diploid_resolve_locus   1032:        20      148        5 ->         9
diploid_resolve_locus   1033:        15      263       15 ->        35
diploid_resolve_locus   1034:        18      306        6 ->         7
diploid_resolve_locus   1035:         2      141        1 ->         1
diploid_resolve_locus   1036:        12      448       15 ->        26
diploid_resolve_locus   1037:         2       49        1 ->         1
diploid_resolve_locus   1038:         3       51        2 ->         2
diploid_resolve_locus   1039:         2      246        1 ->         1
diploid_resolve_locus   1040:         5      185        3 ->         3
diploid_resolve_locus   1041:        18       69        3 ->         3
diploid_resolve_locus   1042:        18      412       11 ->        13
diploid_resolve_locus   1043:         8      372       11 ->        14
diploid_resolve_locus   1044:        17      329       10 ->        12
diploid_resolve_locus   1045:        20      161        3 ->         3
diploid_resolve_locus   1046:        14      220       13 ->        17
diploid_resolve_locus   1047:        19      266        8 ->         8
diploid_resolve_locus   1048:        17      216        4 ->         4
diploid_resolve_locus   1049:        19      199        6 ->        23
diploid_resolve_locus   1050:         7      122        3 ->         3
diploid_resolve_locus   1051:         3      282        6 ->         6
diploid_resolve_locus   1052:        17      127        5 ->        14
diploid_resolve_locus   1053:        20      333        7 ->         7
diploid_resolve_locus   1054:         5       43        1 ->         1
diploid_resolve_locus   1055:         8      449       19 ->        32
diploid_resolve_locus   1056:         2       43        1 ->         1
diploid_resolve_locus   1057:        19       89        6 ->        20
diploid_resolve_locus   1058:        20      454       10 ->        16
diploid_resolve_locus   1059:         7      282       20 ->        24
diploid_resolve_locus   1060:        10      147        3 ->         3
diploid_resolve_locus   1061:        13      119        5 ->         5
diploid_resolve_locus   1062:        20      154        5 ->        21
diploid_resolve_locus   1063:        19      156        9 ->        21
diploid_resolve_locus   1064:        20      446        8 ->         9
diploid_resolve_locus   1065:        20      149        6 ->         6
diploid_resolve_locus   1066:        20      165        8 ->        22
diploid_resolve_locus   1067:         6       62        1 ->         1
diploid_resolve_locus   1068:         2      258        5 ->         5
diploid_resolve_locus   1069:        20      184        2 ->         2
diploid_resolve_locus   1070:        19      274        7 ->         9
diploid_resolve_locus   1071:         3       70        1 ->         1
diploid_resolve_locus   1072:         6      282       12 ->        30
diploid_resolve_locus   1073:         2      277        4 ->         4
diploid_resolve_locus   1074:         4      281        3 ->         3
diploid_resolve_locus   1075:        11      471       19 ->        32
diploid_resolve_locus   1076:        20      209        5 ->        11
diploid_resolve_locus   1077:        20      216       12 ->        34
diploid_resolve_locus   1078:        20      111        7 ->         9
diploid_resolve_locus   1079:         3      276        4 ->         4
diploid_resolve_locus   1080:         3      266        5 ->         6
diploid_resolve_locus   1081:        19      133       12 ->        22
diploid_resolve_locus   1082:         2      282        6 ->         8
diploid_resolve_locus   1083:        20      604        8 ->        10
diploid_resolve_locus   1084:         2      136        2 ->         2
diploid_resolve_locus   1085:         2      279        4 ->         4
diploid_resolve_locus   1086:        11      313       13 ->        29
diploid_resolve_locus   1087:         4       70        3 ->         3
diploid_resolve_locus   1088:        20      382       11 ->        13
diploid_resolve_locus   1089:        17      242        7 ->         8
diploid_resolve_locus   1090:        10      286       27 ->        36
diploid_resolve_locus   1091:         5       62        1 ->         1
diploid_resolve_locus   1092:         4       63        3 ->         3
diploid_resolve_locus   1093:         4      102        2 ->         2
diploid_resolve_locus   1094:        12      425       11 ->        11
diploid_resolve_locus   1095:         5      279       12 ->        15
diploid_resolve_locus   1096:        18      282       14 ->        14
diploid_resolve_locus   1097:         7       96        2 ->         2
diploid_resolve_locus   1098:        19      421       20 ->        22
diploid_resolve_locus   1099:        13      161        4 ->         4
diploid_resolve_locus   1100:        14      292       19 ->        83
diploid_resolve_locus   1101:        20      185        5 ->         5
diploid_resolve_locus   1102:         4      213        4 ->         5
diploid_resolve_locus   1103:         4      280       17 ->        21
diploid_resolve_locus   1104:        19      292       23 ->        26
diploid_resolve_locus   1105:        20      162        7 ->         7
diploid_resolve_locus   1106:        11      138        7 ->         7
diploid_resolve_locus   1107:         9      548       16 ->        20
diploid_resolve_locus   1108:         3      282        8 ->         9
diploid_resolve_locus   1109:        13      229        9 ->        10
diploid_resolve_locus   1110:         3      173        2 ->         2
diploid_resolve_locus   1111:         3      277        6 ->         6
diploid_resolve_locus   1112:        14      149        6 ->         6
diploid_resolve_locus   1113:        20      166        4 ->         5
diploid_resolve_locus   1114:        20      404       11 ->        14
diploid_resolve_locus   1115:         4      280        7 ->         7
diploid_resolve_locus   1116:        12      284       14 ->        14
diploid_resolve_locus   1117:         3       41        1 ->         1
diploid_resolve_locus   1118:        20      319       13 ->        23
diploid_resolve_locus   1119:         3      279        5 ->         5
diploid_resolve_locus   1120:        20      429       13 ->        16
diploid_resolve_locus   1121:        20      220        8 ->         8
diploid_resolve_locus   1122:         2      286        6 ->         7
diploid_resolve_locus   1123:         2      133        1 ->         1
diploid_resolve_locus   1124:         7      284       15 ->        16
diploid_resolve_locus   1125:         8      280       13 ->        15
diploid_resolve_locus   1126:        13      119        9 ->         9
diploid_resolve_locus   1127:         4      323        5 ->         5
diploid_resolve_locus   1128:         3       89        4 ->         4
diploid_resolve_locus   1129:        20      112        8 ->        14
diploid_resolve_locus   1130:        20      319       10 ->        13
diploid_resolve_locus   1131:         2      280        3 ->         3
diploid_resolve_locus   1132:        20      273       13 ->        78
diploid_resolve_locus   1133:         3      281        9 ->        11
diploid_resolve_locus   1134:        17      287       21 ->        25
diploid_resolve_locus   1135:        11      414       10 ->        11
diploid_resolve_locus   1136:         9      118        3 ->         3
diploid_resolve_locus   1137:        20       92        5 ->         5
diploid_resolve_locus   1138:         3      275        9 ->        11
diploid_resolve_locus   1139:         6      226        9 ->        10
diploid_resolve_locus   1140:         8      280       14 ->        22
diploid_resolve_locus   1141:         3      126        1 ->         1
diploid_resolve_locus   1142:        20      152        4 ->         4
diploid_resolve_locus   1143:        20      146        3 ->         3
diploid_resolve_locus   1144:         3      280        8 ->        10
diploid_resolve_locus   1145:        17      289       20 ->        20
diploid_resolve_locus   1146:        20      127        2 ->         2
diploid_resolve_locus   1147:        20       98        2 ->         2
diploid_resolve_locus   1148:         2       43        1 ->         1
diploid_resolve_locus   1149:        18      272        9 ->         9
diploid_resolve_locus   1150:         8      277       14 ->        16
diploid_resolve_locus   1151:        16      146        8 ->         9
diploid_resolve_locus   1152:        20      194        1 ->         1
diploid_resolve_locus   1153:         9      373       10 ->        10
diploid_resolve_locus   1154:         3       42        1 ->         1
diploid_resolve_locus   1155:        19      229       10 ->        16
diploid_resolve_locus   1156:         3      219        6 ->         6
diploid_resolve_locus   1157:         3      276        4 ->         4
diploid_resolve_locus   1158:         3      281        4 ->         4
diploid_resolve_locus   1159:        18      298       14 ->        15
diploid_resolve_locus   1160:         9      284       11 ->        17
diploid_resolve_locus   1161:        17      156        9 ->        10
diploid_resolve_locus   1162:         7      286       18 ->        37
diploid_resolve_locus   1163:        20      137        3 ->         3
diploid_resolve_locus   1164:        16      228       10 ->        11
diploid_resolve_locus   1165:        20      144       15 ->        16
diploid_resolve_locus   1166:        20      101        6 ->         8
diploid_resolve_locus   1167:        17      355       22 ->        29
diploid_resolve_locus   1168:        19      373       11 ->        13
diploid_resolve_locus   1169:        19      184        3 ->         3
diploid_resolve_locus   1170:         5      291       18 ->        29
diploid_resolve_locus   1171:        17       69        5 ->         6
diploid_resolve_locus   1172:        20       82        1 ->         1
diploid_resolve_locus   1173:        10      334       20 ->        34
diploid_resolve_locus   1174:        20       69        6 ->         6
diploid_resolve_locus   1175:        19      168        2 ->         2
diploid_resolve_locus   1176:        20      198        8 ->         9
diploid_resolve_locus   1177:        20      304        4 ->         4
diploid_resolve_locus   1178:        18      669       16 ->        18
diploid_resolve_locus   1179:        16       74        2 ->         2
diploid_resolve_locus   1180:        11      184        7 ->         9
diploid_resolve_locus   1181:        20      490       16 ->        47
diploid_resolve_locus   1182:         5       74        2 ->         2
diploid_resolve_locus   1183:        19      434       28 ->        50
diploid_resolve_locus   1184:         9      144        2 ->         2
diploid_resolve_locus   1185:        18      197        6 ->        10
diploid_resolve_locus   1186:        20       93        1 ->         1
diploid_resolve_locus   1187:         3       51        3 ->         3
diploid_resolve_locus   1188:         3       79        2 ->         2
diploid_resolve_locus   1189:        11      233       11 ->        43
diploid_resolve_locus   1190:        20      165        9 ->         9
diploid_resolve_locus   1191:         6      254        6 ->         6
diploid_resolve_locus   1192:        17      275       13 ->        13
diploid_resolve_locus   1193:         5       40        7 ->         7
diploid_resolve_locus   1194:         5      384        9 ->        12
diploid_resolve_locus   1195:         3       58        3 ->         3
diploid_resolve_locus   1196:         2       40        1 ->         1
diploid_resolve_locus   1197:         3      265        4 ->         4
diploid_resolve_locus   1198:         2      152        6 ->         8
diploid_resolve_locus   1199:         7       78        4 ->         4
diploid_resolve_locus   1200:         8      319        6 ->         8
diploid_resolve_locus   1201:         2      210        8 ->        11
diploid_resolve_locus   1202:        10       75       11 ->        20
diploid_resolve_locus   1203:         3      195        5 ->         5
diploid_resolve_locus   1204:        17       87        1 ->         1
diploid_resolve_locus   1205:        18       76        6 ->         6
diploid_resolve_locus   1206:        19      189        3 ->         3
diploid_resolve_locus   1207:        19       87        4 ->         4
diploid_resolve_locus   1208:        19       69        5 ->         6
diploid_resolve_locus   1209:         2      285        3 ->         3
diploid_resolve_locus   1210:        17      121       10 ->        14
diploid_resolve_locus   1211:        20      174        6 ->         6
diploid_resolve_locus   1212:         2      282        8 ->        10
diploid_resolve_locus   1213:         7      258        9 ->        12
diploid_resolve_locus   1214:        19      192        9 ->        17
diploid_resolve_locus   1215:        15       67        2 ->         2
diploid_resolve_locus   1216:         2       41        1 ->         1
diploid_resolve_locus   1217:         3      278        5 ->         5
diploid_resolve_locus   1218:        20      196        8 ->       133
diploid_resolve_locus   1219:        20       74        5 ->         7
diploid_resolve_locus   1220:        20      247        8 ->         9
diploid_resolve_locus   1221:        20      163        7 ->        10
diploid_resolve_locus   1222:        20      200        3 ->         3
diploid_resolve_locus   1223:        20       61        4 ->         4
diploid_resolve_locus   1224:         9      280       10 ->        10
diploid_resolve_locus   1225:        19      118        5 ->         5
diploid_resolve_locus   1226:        10      140        6 ->         6
diploid_resolve_locus   1227:        19       97       12 ->        21
diploid_resolve_locus   1228:         8       49        1 ->         1
diploid_resolve_locus   1229:         6      279        7 ->        10
diploid_resolve_locus   1230:        12       92        3 ->         3
diploid_resolve_locus   1231:         2       47        4 ->         4
diploid_resolve_locus   1232:        20      249       13 ->        30
diploid_resolve_locus   1233:         2      282        4 ->         4
diploid_resolve_locus   1234:        13      282       19 ->        24
diploid_resolve_locus   1235:        15       55        1 ->         1
diploid_resolve_locus   1236:        15      288       24 ->        27
diploid_resolve_locus   1237:        18      355        9 ->        12
diploid_resolve_locus   1238:        16      415       24 ->        35
diploid_resolve_locus   1239:         2      283        2 ->         2
diploid_resolve_locus   1240:         7      399        7 ->         8
diploid_resolve_locus   1241:         3      278        7 ->         7
diploid_resolve_locus   1242:        20      335       15 ->        58
diploid_resolve_locus   1243:         7      403       11 ->        12
diploid_resolve_locus   1244:        13      105        5 ->         5
diploid_resolve_locus   1245:        20      184        4 ->         8
diploid_resolve_locus   1246:         5      218        4 ->         4
diploid_resolve_locus   1247:        15      481       36 ->        54
diploid_resolve_locus   1248:         3       64        1 ->         1
diploid_resolve_locus   1249:        13      345       18 ->        22
diploid_resolve_locus   1250:        19      583       25 ->        72
diploid_resolve_locus   1251:        17      292       20 ->        29
diploid_resolve_locus   1252:        20       60        2 ->         2
diploid_resolve_locus   1253:         3      140        2 ->         2
diploid_resolve_locus   1254:         3      282        4 ->         4
diploid_resolve_locus   1255:         2       36        2 ->         2
diploid_resolve_locus   1256:         2      209        5 ->         6
diploid_resolve_locus   1257:        20      115        3 ->         4
diploid_resolve_locus   1258:        15      288       16 ->        19
diploid_resolve_locus   1259:         4      279       10 ->        13
diploid_resolve_locus   1260:        17       64        6 ->         7
diploid_resolve_locus   1261:        20      283        4 ->         6
diploid_resolve_locus   1262:        20      239        8 ->        10
diploid_resolve_locus   1263:         5      263        4 ->         5
diploid_resolve_locus   1264:        18       67        1 ->         1
diploid_resolve_locus   1265:        20      129        3 ->         3
diploid_resolve_locus   1266:        12       75        3 ->         3
diploid_resolve_locus   1267:         4       79        2 ->         2
diploid_resolve_locus   1268:         2      254        5 ->         5
diploid_resolve_locus   1269:        20      126        9 ->        18
diploid_resolve_locus   1270:        16      557       19 ->        26
diploid_resolve_locus   1271:         3      400        6 ->         6
diploid_resolve_locus   1272:        16      281        4 ->         4
diploid_resolve_locus   1273:        17      362        7 ->         7
diploid_resolve_locus   1274:         8      500        9 ->         9
diploid_resolve_locus   1275:        20      136        3 ->         3
diploid_resolve_locus   1276:         2      360        4 ->         5
diploid_resolve_locus   1277:        20      230        5 ->         5
diploid_resolve_locus   1278:        11      331       17 ->        22
diploid_resolve_locus   1279:        20      225        3 ->         3
diploid_resolve_locus   1280:         5       59        1 ->         1
diploid_resolve_locus   1281:        20      495        7 ->         7
diploid_resolve_locus   1282:        12      704       20 ->        22
diploid_resolve_locus   1283:        20      132        4 ->         4
diploid_resolve_locus   1284:         8      254        9 ->        11
diploid_resolve_locus   1285:        12       70        3 ->         3
diploid_resolve_locus   1286:         4       57        2 ->         2
diploid_resolve_locus   1287:         6      278       11 ->        12
diploid_resolve_locus   1288:        11      575       21 ->        62
diploid_resolve_locus   1289:        19      142        3 ->         3
diploid_resolve_locus   1290:        20      156        6 ->         7
diploid_resolve_locus   1291:         2       54        1 ->         1
diploid_resolve_locus   1292:         2       83        2 ->         2
diploid_resolve_locus   1293:        20      286        6 ->         6
diploid_resolve_locus   1294:        16      284        9 ->        15
diploid_resolve_locus   1295:        20       94        5 ->         5
diploid_resolve_locus   1296:        18       60        6 ->         6
diploid_resolve_locus   1297:        17      101        3 ->         3
diploid_resolve_locus   1298:        18      201        9 ->        10
diploid_resolve_locus   1299:        16      185       13 ->        16
diploid_resolve_locus   1300:         2      193        2 ->         2
diploid_resolve_locus   1301:        15      827       29 ->        32
diploid_resolve_locus   1302:        20      181        4 ->         4
diploid_resolve_locus   1303:        13      677       16 ->        16
diploid_resolve_locus   1304:        19      640       21 ->        21
diploid_resolve_locus   1305:         2      251        3 ->         3
diploid_resolve_locus   1306:         3      269        4 ->         4
diploid_resolve_locus   1307:         9      280        7 ->         7
diploid_resolve_locus   1308:        17      176        7 ->         7
diploid_resolve_locus   1309:        20      469       16 ->        20
diploid_resolve_locus   1310:         7       72        2 ->         2
diploid_resolve_locus   1311:        10      131        2 ->         2
diploid_resolve_locus   1312:        15      620       14 ->        14
diploid_resolve_locus   1313:         2       47        1 ->         1
diploid_resolve_locus   1314:         2      282        7 ->         9
diploid_resolve_locus   1315:         2      276        6 ->         8
diploid_resolve_locus   1316:         2      286        4 ->         4
diploid_resolve_locus   1317:        14      333       11 ->        12
diploid_resolve_locus   1318:         4       47        2 ->         2
diploid_resolve_locus   1319:        20      214        8 ->        12
diploid_resolve_locus   1320:         3      279       12 ->        18
diploid_resolve_locus   1321:         6      537       10 ->        10
diploid_resolve_locus   1322:        10      404        8 ->         9
diploid_resolve_locus   1323:         2      278        3 ->         3
diploid_resolve_locus   1324:        20      234        8 ->         9
diploid_resolve_locus   1325:        17      237        5 ->         6
diploid_resolve_locus   1326:        20       98        9 ->        11
diploid_resolve_locus   1327:         2      426        5 ->         6
diploid_resolve_locus   1328:        11      286       12 ->        16
diploid_resolve_locus   1329:        14      314       13 ->        13
diploid_resolve_locus   1330:        11      481       19 ->        19
diploid_resolve_locus   1331:        12      203        7 ->         7
diploid_resolve_locus   1332:        20      270       11 ->        19
diploid_resolve_locus   1333:        12      399       22 ->        26
diploid_resolve_locus   1334:        13      263       11 ->        24
diploid_resolve_locus   1335:        15      518       18 ->        19
diploid_resolve_locus   1336:         2      140        2 ->         2
diploid_resolve_locus   1337:        16      137        9 ->        13
diploid_resolve_locus   1338:         3      270        3 ->         3
diploid_resolve_locus   1339:         3      280        6 ->         6
diploid_resolve_locus   1340:        19      335       12 ->        15
diploid_resolve_locus   1341:        20      186        3 ->         3
diploid_resolve_locus   1342:        19      218        8 ->        14
diploid_resolve_locus   1343:        20      139        5 ->         5
diploid_resolve_locus   1344:        13      158        2 ->         2
diploid_resolve_locus   1345:        16      177        3 ->         3
diploid_resolve_locus   1346:        20      417       19 ->        30
diploid_resolve_locus   1347:        20       93        3 ->         4
diploid_resolve_locus   1348:        20      189        5 ->         7
diploid_resolve_locus   1349:        19      256       12 ->        16
diploid_resolve_locus   1350:        19      382       10 ->        15
diploid_resolve_locus   1351:        18       74        2 ->         2
diploid_resolve_locus   1352:        20      127        5 ->         6
diploid_resolve_locus   1353:        14      193        4 ->         4
diploid_resolve_locus   1354:        19      119        7 ->         8
diploid_resolve_locus   1355:        17      454       23 ->        23
diploid_resolve_locus   1356:         8      286       13 ->        13
diploid_resolve_locus   1357:         4      161        1 ->         1
diploid_resolve_locus   1358:        20      112        4 ->         4
diploid_resolve_locus   1359:         6       51        3 ->         3
diploid_resolve_locus   1360:        12      170        5 ->         5
diploid_resolve_locus   1361:        19      107        1 ->         1
diploid_resolve_locus   1362:        18      546       34 ->        46
diploid_resolve_locus   1363:        12      274        9 ->         9
diploid_resolve_locus   1364:        20      117        6 ->         9
diploid_resolve_locus   1365:        16       69        4 ->         4
diploid_resolve_locus   1366:        11      282       11 ->        11
diploid_resolve_locus   1367:         9      280       12 ->        12
diploid_resolve_locus   1368:        10      286       14 ->        16
diploid_resolve_locus   1369:         2      346        5 ->         5
diploid_resolve_locus   1370:        19      146        1 ->         1
diploid_resolve_locus   1371:         7      459       16 ->        18
diploid_resolve_locus   1372:        19      262        1 ->         1
diploid_resolve_locus   1373:        20      325        5 ->         5
diploid_resolve_locus   1374:        20      512        7 ->         8
diploid_resolve_locus   1375:        20      292       19 ->        19
diploid_resolve_locus   1376:         2      280        7 ->        12
diploid_resolve_locus   1377:        20      140        7 ->         7
diploid_resolve_locus   1378:        20      787       45 ->       133
diploid_resolve_locus   1379:         2      187        5 ->         7
diploid_resolve_locus   1380:        18       51        4 ->         4
diploid_resolve_locus   1381:        18      224        9 ->        10
diploid_resolve_locus   1382:         6      284       10 ->        10
diploid_resolve_locus   1383:         7      286       10 ->        10
diploid_resolve_locus   1384:        19      165        3 ->         3
diploid_resolve_locus   1385:        12      121        5 ->         6
diploid_resolve_locus   1386:        17      292       23 ->        23
diploid_resolve_locus   1387:        13      231        8 ->         8
diploid_resolve_locus   1388:         7      281       11 ->        11
diploid_resolve_locus   1389:        20      365       15 ->        25
diploid_resolve_locus   1390:         3       63        1 ->         1
diploid_resolve_locus   1391:         8      430       12 ->        13
diploid_resolve_locus   1392:        19       61        4 ->         4
diploid_resolve_locus   1393:        11      397       12 ->        12
diploid_resolve_locus   1394:        16      181        2 ->         2
diploid_resolve_locus   1395:        19      341       25 ->        45
diploid_resolve_locus   1396:         3       54        1 ->         1
diploid_resolve_locus   1397:         5      260        7 ->         7
diploid_resolve_locus   1398:        17       97        3 ->         3
diploid_resolve_locus   1399:        20      147        3 ->         3
diploid_resolve_locus   1400:        17      363       17 ->        17
diploid_resolve_locus   1401:        19      292       27 ->        52
diploid_resolve_locus   1402:        20      729       35 ->        39
diploid_resolve_locus   1403:        20      274        5 ->         7
diploid_resolve_locus   1404:         4      264        8 ->         9
diploid_resolve_locus   1405:        17      373       23 ->        30
diploid_resolve_locus   1406:         3       52        2 ->         2
diploid_resolve_locus   1407:        19      578       28 ->        31
diploid_resolve_locus   1408:        14      224        5 ->         5
diploid_resolve_locus   1409:         4      182        3 ->         4
diploid_resolve_locus   1410:        20       43        1 ->         1
diploid_resolve_locus   1411:        20      275        6 ->         7
diploid_resolve_locus   1412:        20      565       19 ->        23
diploid_resolve_locus   1413:        20      203        4 ->         4
diploid_resolve_locus   1414:        18      279       18 ->        18
diploid_resolve_locus   1415:        20      120        8 ->        74
diploid_resolve_locus   1416:        14      150        6 ->         7
diploid_resolve_locus   1417:         3      180        5 ->         5
diploid_resolve_locus   1418:        17      223        9 ->        21
diploid_resolve_locus   1419:        15      289       19 ->       155
diploid_resolve_locus   1420:        11      287       15 ->        17
diploid_resolve_locus   1421:        19      292       19 ->        22
diploid_resolve_locus   1422:         4      148        1 ->         1
diploid_resolve_locus   1423:        19      357        7 ->        14
diploid_resolve_locus   1424:        18       74        3 ->         3
diploid_resolve_locus   1425:        19      195        6 ->        12
diploid_resolve_locus   1426:        10      439       17 ->        20
diploid_resolve_locus   1427:        17      406       11 ->        14
diploid_resolve_locus   1428:         3      281        6 ->         6
diploid_resolve_locus   1429:        16       60        7 ->         7
diploid_resolve_locus   1430:        18      635       33 ->        64
diploid_resolve_locus   1431:        18      154       13 ->        15
diploid_resolve_locus   1432:         7      155        1 ->         1
diploid_resolve_locus   1433:         2       69        2 ->         2
diploid_resolve_locus   1434:         4       59        1 ->         1
diploid_resolve_locus   1435:         5      143        2 ->         2
diploid_resolve_locus   1436:         7       73        5 ->         5
diploid_resolve_locus   1437:         4      230        2 ->         2
diploid_resolve_locus   1438:         2      240        2 ->         2
diploid_resolve_locus   1439:        20      298        8 ->         9
diploid_resolve_locus   1440:         2      320        5 ->         5
diploid_resolve_locus   1441:        17      328       13 ->        17
diploid_resolve_locus   1442:        10      265        4 ->         5
diploid_resolve_locus   1443:        18      222        5 ->         7
diploid_resolve_locus   1444:         2      352        3 ->         3
diploid_resolve_locus   1445:        19      802       31 ->        38
diploid_resolve_locus   1446:         3      281        4 ->         4
diploid_resolve_locus   1447:         2      280        3 ->         3
diploid_resolve_locus   1448:         2      106        4 ->         4
diploid_resolve_locus   1449:        16       84        7 ->        23
diploid_resolve_locus   1450:        20       66        3 ->         3
diploid_resolve_locus   1451:        18      465       22 ->        29
diploid_resolve_locus   1452:         4      264       13 ->        14
diploid_resolve_locus   1453:        20      180        4 ->         4
diploid_resolve_locus   1454:        16      658       31 ->        39
diploid_resolve_locus   1455:         7      202       12 ->        13
diploid_resolve_locus   1456:        12      323       22 ->        24
diploid_resolve_locus   1457:         2      276        4 ->         4
diploid_resolve_locus   1458:        12      337        7 ->         7
diploid_resolve_locus   1459:        12      144        6 ->         6
diploid_resolve_locus   1460:        19      351       19 ->        26
diploid_resolve_locus   1461:        12      207        9 ->         9
diploid_resolve_locus   1462:        20      314       10 ->        19
diploid_resolve_locus   1463:        20       73        3 ->         3
diploid_resolve_locus   1464:        10      144        6 ->        13
diploid_resolve_locus   1465:         2      276        6 ->         7
diploid_resolve_locus   1466:         6      226        6 ->         7
diploid_resolve_locus   1467:         3      371        5 ->         5
diploid_resolve_locus   1468:        16      353        8 ->         9
diploid_resolve_locus   1469:         9       59        2 ->         2
diploid_resolve_locus   1470:        13       79        2 ->         2
diploid_resolve_locus   1471:         3      545        6 ->         6
diploid_resolve_locus   1472:         3      199        3 ->         3
diploid_resolve_locus   1473:        20      103        5 ->         6
diploid_resolve_locus   1474:         3      229        2 ->         2
diploid_resolve_locus   1475:         4      277       16 ->        20
diploid_resolve_locus   1476:        11      286       18 ->        20
diploid_resolve_locus   1477:        20       84        2 ->         2
diploid_resolve_locus   1478:         8      288       20 ->        26
diploid_resolve_locus   1479:         3       37        1 ->         1
diploid_resolve_locus   1480:         3      204        6 ->         7
diploid_resolve_locus   1481:        20      292       21 ->        29
diploid_resolve_locus   1482:        15      146        3 ->         3
diploid_resolve_locus   1483:         8      284       16 ->        16
diploid_resolve_locus   1484:        20      178        5 ->         6
diploid_resolve_locus   1485:         2       55        2 ->         2
diploid_resolve_locus   1486:        15      159        3 ->         3
diploid_resolve_locus   1487:         6       55        3 ->         3
diploid_resolve_locus   1488:        19      364       18 ->        29
diploid_resolve_locus   1489:        14      376       12 ->        12
diploid_resolve_locus   1490:         9      901       27 ->        32
diploid_resolve_locus   1491:         8       98        3 ->         3
diploid_resolve_locus   1492:         3       55        2 ->         2
diploid_resolve_locus   1493:        19      235        4 ->         4
diploid_resolve_locus   1494:        20      145        4 ->         5
diploid_resolve_locus   1495:        19      507       14 ->        16
diploid_resolve_locus   1496:         5       62        3 ->         3
diploid_resolve_locus   1497:        17      271       11 ->        11
diploid_resolve_locus   1498:        14      120        6 ->        10
diploid_resolve_locus   1499:        20      208       10 ->        11
diploid_resolve_locus   1500:        11      289       35 ->        41
diploid_resolve_locus   1501:         3      346        7 ->         8
diploid_resolve_locus   1502:        14      182        9 ->        22
diploid_resolve_locus   1503:        15      221       10 ->        10
diploid_resolve_locus   1504:        15      112        3 ->         3
diploid_resolve_locus   1505:         3      153        4 ->         4
diploid_resolve_locus   1506:        20      331        8 ->        35
diploid_resolve_locus   1507:         4      146        3 ->         3
diploid_resolve_locus   1508:        19      127        4 ->         4
diploid_resolve_locus   1509:        20       79        3 ->         3
diploid_resolve_locus   1510:        17       66        1 ->         1
diploid_resolve_locus   1511:        16      292       18 ->        51
diploid_resolve_locus   1512:         2      236        3 ->         3
diploid_resolve_locus   1513:        10      282        8 ->         8
diploid_resolve_locus   1514:        20      163        6 ->         6
diploid_resolve_locus   1515:        13      128        4 ->         5
diploid_resolve_locus   1516:         2      162        4 ->         4
diploid_resolve_locus   1517:        12       58        2 ->         2
diploid_resolve_locus   1518:        18      523       13 ->        14
diploid_resolve_locus   1519:        20      114        2 ->         2
diploid_resolve_locus   1520:        10      433        9 ->         9
diploid_resolve_locus   1521:         3      231        9 ->        11
diploid_resolve_locus   1522:         9      253        3 ->         3
diploid_resolve_locus   1523:        20      717       21 ->        38
diploid_resolve_locus   1524:        10      146        4 ->         4
diploid_resolve_locus   1525:        19      156       11 ->        11
diploid_resolve_locus   1526:        16      128        2 ->         2
diploid_resolve_locus   1527:        20      479        9 ->         9
diploid_resolve_locus   1528:         9      435       14 ->        16
diploid_resolve_locus   1529:        12      473       17 ->        22
diploid_resolve_locus   1530:         5      255        5 ->         5
diploid_resolve_locus   1531:        20      240        5 ->         6
diploid_resolve_locus   1532:        19      345       10 ->        19
diploid_resolve_locus   1533:        11      832       25 ->        36
diploid_resolve_locus   1534:        18      136        4 ->         4
diploid_resolve_locus   1535:         4       54        1 ->         1
diploid_resolve_locus   1536:        20      227        8 ->        15
diploid_resolve_locus   1537:        10      400       12 ->        19
diploid_resolve_locus   1538:         7      141        3 ->         3
diploid_resolve_locus   1539:         9      432       14 ->        19
diploid_resolve_locus   1540:         9      280       18 ->        26
diploid_resolve_locus   1541:        20      219        7 ->         8
diploid_resolve_locus   1542:         2      239        5 ->         5
diploid_resolve_locus   1543:         3      283        8 ->        11
diploid_resolve_locus   1544:         9      358       19 ->        23
diploid_resolve_locus   1545:        19      195        2 ->         2
diploid_resolve_locus   1546:        18      349       22 ->        26
diploid_resolve_locus   1547:        17      313       11 ->        20
diploid_resolve_locus   1548:        10       99        1 ->         1
diploid_resolve_locus   1549:        20      182        6 ->        21
diploid_resolve_locus   1550:        20      180       17 ->        20
diploid_resolve_locus   1551:        16      215        9 ->        10
diploid_resolve_locus   1552:         7      223        6 ->         6
diploid_resolve_locus   1553:        20      661       21 ->        21
diploid_resolve_locus   1554:         2       59        1 ->         1
diploid_resolve_locus   1555:        10      281       12 ->        28
diploid_resolve_locus   1556:        19      158        7 ->        11
diploid_resolve_locus   1557:        20      151        8 ->         9
diploid_resolve_locus   1558:        20      196        8 ->         8
diploid_resolve_locus   1559:        18      237        7 ->        13
diploid_resolve_locus   1560:         8      206       10 ->        18
diploid_resolve_locus   1561:         4      281       17 ->        28
diploid_resolve_locus   1562:         5      280       12 ->        21
diploid_resolve_locus   1563:         8       67        2 ->         2
diploid_resolve_locus   1564:        12      308       20 ->        34
diploid_resolve_locus   1565:        13      453       21 ->        31
diploid_resolve_locus   1566:         4      359       14 ->        24
diploid_resolve_locus   1567:        20      101        6 ->         6
diploid_resolve_locus   1568:        20      223        8 ->         9
diploid_resolve_locus   1569:        20      189        7 ->        13
diploid_resolve_locus   1570:        17      292       15 ->        16
diploid_resolve_locus   1571:        19      156        5 ->         7
diploid_resolve_locus   1572:         4      285        5 ->         5
diploid_resolve_locus   1573:        15      458       26 ->        27
diploid_resolve_locus   1574:        12      355       13 ->        29
diploid_resolve_locus   1575:        19       99        3 ->         3
diploid_resolve_locus   1576:        14      109       10 ->        15
diploid_resolve_locus   1577:         6      271        6 ->         6
diploid_resolve_locus   1578:         3      282        2 ->         2
diploid_resolve_locus   1579:         2      192        2 ->         2
diploid_resolve_locus   1580:         7      139        2 ->         2
diploid_resolve_locus   1581:        12      384       17 ->        30
diploid_resolve_locus   1582:         4      207        2 ->         2
diploid_resolve_locus   1583:        12      130        7 ->        11
diploid_resolve_locus   1584:        20      147        7 ->        36
diploid_resolve_locus   1585:        20      366       15 ->        28
diploid_resolve_locus   1586:        20      269        7 ->        26
diploid_resolve_locus   1587:        20      147        7 ->        24
diploid_resolve_locus   1588:         8      277       15 ->        20
diploid_resolve_locus   1589:        11      283       16 ->        17
diploid_resolve_locus   1590:        15       50        6 ->         6
diploid_resolve_locus   1591:        18      439       23 ->        31
diploid_resolve_locus   1592:         6       65        2 ->         2
diploid_resolve_locus   1593:         3       57        1 ->         1
diploid_resolve_locus   1594:        10      226       15 ->        19
diploid_resolve_locus   1595:         2      135        1 ->         1
diploid_resolve_locus   1596:        17      334       16 ->        24
diploid_resolve_locus   1597:         7      263       13 ->        17
diploid_resolve_locus   1598:        20      173        1 ->         1
diploid_resolve_locus   1599:         2       55        2 ->         2
diploid_resolve_locus   1600:        20      252        5 ->        19
diploid_resolve_locus   1601:        13       77        8 ->        13
diploid_resolve_locus   1602:        18      410       21 ->        29
diploid_resolve_locus   1603:        20      167        4 ->         5
diploid_resolve_locus   1604:        17      357       25 ->        31
diploid_resolve_locus   1605:        20      140        3 ->         3
diploid_resolve_locus   1606:        13      221       14 ->        47
diploid_resolve_locus   1607:        20      223        4 ->        14
diploid_resolve_locus   1608:        19       65        3 ->         3
diploid_resolve_locus   1609:        18      136        4 ->         5
diploid_resolve_locus   1610:        19      118        1 ->         1
diploid_resolve_locus   1611:         6      108        3 ->         3
diploid_resolve_locus   1612:         4      282        6 ->         6
diploid_resolve_locus   1613:         3       41        1 ->         1
diploid_resolve_locus   1614:        18      638       19 ->        24
diploid_resolve_locus   1615:        11      288       12 ->        15
diploid_resolve_locus   1616:        13      254       12 ->        19
diploid_resolve_locus   1617:         4      148        6 ->         6
diploid_resolve_locus   1618:        20      320       11 ->        14
diploid_resolve_locus   1619:        20       60        2 ->         2
diploid_resolve_locus   1620:        16      296       11 ->        11
diploid_resolve_locus   1621:        20      665       23 ->        30
diploid_resolve_locus   1622:        20      624       10 ->        12
diploid_resolve_locus   1623:        20      292       11 ->        11
diploid_resolve_locus   1624:        19       71        2 ->         2
diploid_resolve_locus   1625:         9      533       17 ->        19
diploid_resolve_locus   1626:        19      195        4 ->         4
diploid_resolve_locus   1627:         9      411       12 ->        12
diploid_resolve_locus   1628:        14      128        1 ->         1
diploid_resolve_locus   1629:        19      344       16 ->        20
diploid_resolve_locus   1630:         7      282        8 ->         8
diploid_resolve_locus   1631:        20      185        5 ->         7
diploid_resolve_locus   1632:         9      404       22 ->        28
diploid_resolve_locus   1633:        20      167        3 ->         4
diploid_resolve_locus   1634:        20      123        3 ->         3
diploid_resolve_locus   1635:        16      967       43 ->        58
diploid_resolve_locus   1636:         6      275        4 ->         4
diploid_resolve_locus   1637:        17      510       29 ->        33
diploid_resolve_locus   1638:         3      286        3 ->         3
diploid_resolve_locus   1639:         5      244        5 ->         5
diploid_resolve_locus   1640:        20       74        2 ->         2
diploid_resolve_locus   1641:        20      407       18 ->        35
diploid_resolve_locus   1642:        18      217        3 ->         3
diploid_resolve_locus   1643:        12      139        6 ->         6
diploid_resolve_locus   1644:        14      301       15 ->        19
diploid_resolve_locus   1645:         2      239        1 ->         1
diploid_resolve_locus   1646:        12      572       19 ->        19
diploid_resolve_locus   1647:        13      314       11 ->        16
diploid_resolve_locus   1648:         6      267        6 ->         6
diploid_resolve_locus   1649:        16      116        4 ->         4
diploid_resolve_locus   1650:        20      148        7 ->        14
diploid_resolve_locus   1651:        12       74        7 ->         8
diploid_resolve_locus   1652:         2       55        2 ->         2
diploid_resolve_locus   1653:        20      718        8 ->        10
diploid_resolve_locus   1654:        20      132        3 ->         3
diploid_resolve_locus   1655:        20      564       19 ->        33
diploid_resolve_locus   1656:         9      254        2 ->         2
diploid_resolve_locus   1657:        19      144        1 ->         1
diploid_resolve_locus   1658:        16      122        2 ->         2
diploid_resolve_locus   1659:        20      147        8 ->         9
diploid_resolve_locus   1660:        20      236        6 ->         6
diploid_resolve_locus   1661:         2       61        1 ->         1
diploid_resolve_locus   1662:         2      279        2 ->         2
diploid_resolve_locus   1663:        20      177        8 ->        11
diploid_resolve_locus   1664:        11      284        9 ->        10
ajan_BABY6724 -> ajan (diploid=1)
ajan_DW655 -> ajan (diploid=1)
ajan_DW663 -> ajan (diploid=1)
ajan_esa36 -> ajan (diploid=1)
ajan_wdb38 -> ajan (diploid=1)
ajan_ODP48916 -> ajan (diploid=1)
ajancf_SLM01 -> ajan (diploid=1)
ajancf_SLM05 -> ajan (diploid=1)
ajancf_SLM10 -> ajan (diploid=1)
alas_BABY422 -> alas (diploid=1)
alas_BABY4577 -> alas (diploid=1)
alas_BABY6558 -> alas (diploid=1)
alas_DW641 -> alas (diploid=1)
alas_DW646 -> alas (diploid=1)
alas_ODP43138 -> alas (diploid=1)
alas_ODP7414 -> alas (diploid=1)
alas_ODP7415 -> alas (diploid=1)
alas_ODP7424 -> alas (diploid=1)
alas_ODP7429 -> alas (diploid=1)
alas_ODP7432 -> alas (diploid=1)


ajan_BABY6724.1 -> ajan (diploid=1)
ajan_BABY6724.2 -> ajan (diploid=1)
ajan_DW655.1 -> ajan (diploid=1)
ajan_DW655.2 -> ajan (diploid=1)
ajan_DW663.1 -> ajan (diploid=1)
ajan_DW663.2 -> ajan (diploid=1)
ajan_esa36.1 -> ajan (diploid=1)
ajan_esa36.2 -> ajan (diploid=1)
ajan_wdb38.1 -> ajan (diploid=1)
ajan_wdb38.2 -> ajan (diploid=1)
ajan_ODP48916.1 -> ajan (diploid=1)
ajan_ODP48916.2 -> ajan (diploid=1)
ajancf_SLM01.1 -> ajan (diploid=1)
ajancf_SLM01.2 -> ajan (diploid=1)
ajancf_SLM05.1 -> ajan (diploid=1)
ajancf_SLM05.2 -> ajan (diploid=1)
ajancf_SLM10.1 -> ajan (diploid=1)
ajancf_SLM10.2 -> ajan (diploid=1)
alas_BABY422.1 -> alas (diploid=1)
alas_BABY422.2 -> alas (diploid=1)
alas_BABY4577.1 -> alas (diploid=1)
alas_BABY4577.2 -> alas (diploid=1)
alas_BABY6558.1 -> alas (diploid=1)
alas_BABY6558.2 -> alas (diploid=1)
alas_DW641.1 -> alas (diploid=1)
alas_DW641.2 -> alas (diploid=1)
alas_DW646.1 -> alas (diploid=1)
alas_DW646.2 -> alas (diploid=1)
alas_ODP43138.1 -> alas (diploid=1)
alas_ODP43138.2 -> alas (diploid=1)
alas_ODP7414.1 -> alas (diploid=1)
alas_ODP7414.2 -> alas (diploid=1)
alas_ODP7415.1 -> alas (diploid=1)
alas_ODP7415.2 -> alas (diploid=1)
alas_ODP7424.1 -> alas (diploid=1)
alas_ODP7424.2 -> alas (diploid=1)
alas_ODP7429.1 -> alas (diploid=1)
alas_ODP7429.2 -> alas (diploid=1)
alas_ODP7432.1 -> alas (diploid=1)
alas_ODP7432.2 -> alas (diploid=1)

Summary of alignments *after* phasing sequences:
 Locus | Model | Sequences | Length | Ambiguous sites | Compressed | Base freqs 
-------+-------+-----------+--------+-----------------+------------+------------
     1 |  JC69 |         4 |    278 |               4 |          5 |      Fixed 
     2 |  JC69 |         4 |     86 |               0 |          1 |      Fixed 
     3 |  JC69 |         8 |    278 |              10 |          7 |      Fixed 
     4 |  JC69 |        20 |     72 |               2 |          3 |      Fixed 
     5 |  JC69 |         4 |    282 |               9 |          5 |      Fixed 
     6 |  JC69 |         4 |    282 |              72 |          5 |      Fixed 
     7 |  JC69 |        40 |    209 |              16 |         63 |      Fixed 
     8 |  JC69 |        14 |    137 |              17 |          8 |      Fixed 
     9 |  JC69 |        28 |     54 |               3 |          2 |      Fixed 
    10 |  JC69 |        20 |    209 |              14 |         11 |      Fixed 
    11 |  JC69 |        36 |     92 |               9 |         11 |      Fixed 
    12 |  JC69 |        30 |    283 |              48 |         31 |      Fixed 
    13 |  JC69 |        20 |    167 |               1 |          2 |      Fixed 
    14 |  JC69 |        30 |    119 |               1 |          2 |      Fixed 
    15 |  JC69 |        14 |     77 |               5 |          2 |      Fixed 
    16 |  JC69 |        40 |    202 |              92 |          7 |      Fixed 
    17 |  JC69 |        28 |    369 |             290 |         18 |      Fixed 
    18 |  JC69 |        10 |    171 |               5 |          6 |      Fixed 
    19 |  JC69 |         4 |    280 |               9 |          8 |      Fixed 
    20 |  JC69 |         4 |     46 |               1 |          2 |      Fixed 
    21 |  JC69 |         6 |     66 |               0 |          1 |      Fixed 
    22 |  JC69 |         6 |     43 |               3 |          2 |      Fixed 
    23 |  JC69 |         6 |     65 |               0 |          2 |      Fixed 
    24 |  JC69 |        30 |     54 |              16 |          5 |      Fixed 
    25 |  JC69 |         4 |    143 |              21 |          4 |      Fixed 
    26 |  JC69 |         4 |    192 |               6 |          4 |      Fixed 
    27 |  JC69 |        10 |    273 |              34 |         21 |      Fixed 
    28 |  JC69 |        10 |    279 |              19 |         11 |      Fixed 
    29 |  JC69 |        12 |    282 |              52 |         16 |      Fixed 
    30 |  JC69 |         4 |    194 |               1 |          2 |      Fixed 
    31 |  JC69 |         6 |     67 |               7 |          7 |      Fixed 
    32 |  JC69 |        12 |    228 |              93 |         17 |      Fixed 
    33 |  JC69 |         6 |    158 |               1 |          2 |      Fixed 
    34 |  JC69 |        12 |     62 |               4 |          3 |      Fixed 
    35 |  JC69 |         4 |    144 |               8 |          5 |      Fixed 
    36 |  JC69 |        14 |     76 |               5 |          4 |      Fixed 
    37 |  JC69 |         8 |    131 |              12 |          4 |      Fixed 
    38 |  JC69 |         6 |    101 |               0 |          3 |      Fixed 
    39 |  JC69 |        16 |    132 |               4 |          5 |      Fixed 
    40 |  JC69 |        18 |    282 |              21 |         15 |      Fixed 
    41 |  JC69 |         8 |    286 |              32 |         17 |      Fixed 
    42 |  JC69 |        40 |    104 |              42 |         10 |      Fixed 
    43 |  JC69 |        24 |    349 |              86 |          9 |      Fixed 
    44 |  JC69 |        40 |    326 |              14 |         14 |      Fixed 
    45 |  JC69 |         4 |     72 |               3 |          3 |      Fixed 
    46 |  JC69 |        12 |    130 |              34 |          8 |      Fixed 
    47 |  JC69 |        40 |    213 |              58 |         36 |      Fixed 
    48 |  JC69 |        26 |     58 |               2 |          4 |      Fixed 
    49 |  JC69 |        10 |    185 |              14 |         26 |      Fixed 
    50 |  JC69 |         4 |    168 |               0 |          2 |      Fixed 
    51 |  JC69 |        26 |    154 |              16 |          8 |      Fixed 
    52 |  JC69 |        12 |    171 |               1 |          2 |      Fixed 
    53 |  JC69 |         6 |    131 |               3 |          3 |      Fixed 
    54 |  JC69 |         4 |     73 |               0 |          2 |      Fixed 
    55 |  JC69 |        40 |    221 |              72 |         17 |      Fixed 
    56 |  JC69 |        16 |     85 |               1 |          2 |      Fixed 
    57 |  JC69 |         6 |    281 |              21 |          6 |      Fixed 
    58 |  JC69 |        16 |    413 |              22 |         15 |      Fixed 
    59 |  JC69 |        26 |    196 |               3 |          4 |      Fixed 
    60 |  JC69 |        34 |    155 |              45 |         19 |      Fixed 
    61 |  JC69 |        10 |    162 |               9 |          5 |      Fixed 
    62 |  JC69 |         4 |    220 |               0 |          2 |      Fixed 
    63 |  JC69 |        12 |    281 |              21 |         14 |      Fixed 
    64 |  JC69 |         8 |    283 |               6 |          4 |      Fixed 
    65 |  JC69 |         4 |    106 |               1 |          2 |      Fixed 
    66 |  JC69 |         8 |    117 |               2 |          3 |      Fixed 
    67 |  JC69 |         8 |    112 |              13 |          4 |      Fixed 
    68 |  JC69 |         6 |     64 |              16 |          3 |      Fixed 
    69 |  JC69 |        32 |    245 |             123 |         15 |      Fixed 
    70 |  JC69 |         4 |    281 |              15 |          3 |      Fixed 
    71 |  JC69 |        40 |    154 |               3 |         17 |      Fixed 
    72 |  JC69 |        28 |    147 |               2 |          3 |      Fixed 
    73 |  JC69 |        30 |    135 |              11 |         12 |      Fixed 
    74 |  JC69 |        10 |    156 |               3 |          3 |      Fixed 
    75 |  JC69 |        40 |    217 |               7 |         11 |      Fixed 
    76 |  JC69 |         4 |    102 |               8 |          2 |      Fixed 
    77 |  JC69 |         6 |    130 |               3 |          3 |      Fixed 
    78 |  JC69 |         4 |     44 |               6 |          3 |      Fixed 
    79 |  JC69 |        40 |    219 |               9 |         12 |      Fixed 
    80 |  JC69 |        32 |     86 |              14 |         29 |      Fixed 
    81 |  JC69 |        30 |    292 |              45 |         26 |      Fixed 
    82 |  JC69 |        40 |    236 |              11 |         26 |      Fixed 
    83 |  JC69 |         4 |    103 |              11 |          4 |      Fixed 
    84 |  JC69 |         6 |     77 |               0 |          1 |      Fixed 
    85 |  JC69 |         8 |    121 |               0 |          1 |      Fixed 
    86 |  JC69 |         4 |     82 |               1 |          2 |      Fixed 
    87 |  JC69 |        26 |    170 |               3 |          7 |      Fixed 
    88 |  JC69 |        22 |    270 |               9 |         13 |      Fixed 
    89 |  JC69 |         4 |    103 |               0 |          1 |      Fixed 
    90 |  JC69 |         4 |     78 |               5 |          2 |      Fixed 
    91 |  JC69 |         4 |    248 |             115 |          3 |      Fixed 
    92 |  JC69 |         8 |    106 |               1 |          3 |      Fixed 
    93 |  JC69 |         6 |    234 |               9 |          5 |      Fixed 
    94 |  JC69 |        28 |    108 |               2 |          3 |      Fixed 
    95 |  JC69 |        10 |    281 |              18 |         23 |      Fixed 
    96 |  JC69 |        30 |    105 |               3 |          4 |      Fixed 
    97 |  JC69 |         8 |    136 |              12 |          8 |      Fixed 
    98 |  JC69 |        26 |     93 |               1 |          2 |      Fixed 
    99 |  JC69 |         4 |    139 |              43 |          7 |      Fixed 
   100 |  JC69 |         4 |     56 |              20 |          4 |      Fixed 
   101 |  JC69 |         4 |    143 |               0 |          2 |      Fixed 
   102 |  JC69 |         6 |    144 |               2 |          3 |      Fixed 
   103 |  JC69 |         4 |    147 |               8 |          3 |      Fixed 
   104 |  JC69 |        26 |    146 |               6 |          8 |      Fixed 
   105 |  JC69 |         4 |     81 |               2 |          2 |      Fixed 
   106 |  JC69 |         4 |    154 |               1 |          3 |      Fixed 
   107 |  JC69 |         6 |    211 |             111 |          5 |      Fixed 
   108 |  JC69 |        18 |    123 |               1 |          3 |      Fixed 
   109 |  JC69 |         6 |    134 |               1 |          2 |      Fixed 
   110 |  JC69 |         8 |    120 |               3 |          6 |      Fixed 
   111 |  JC69 |         4 |    150 |               0 |          1 |      Fixed 
   112 |  JC69 |         4 |    139 |               0 |          1 |      Fixed 
   113 |  JC69 |         4 |     62 |               0 |          1 |      Fixed 
   114 |  JC69 |        22 |     96 |               3 |          4 |      Fixed 
   115 |  JC69 |         4 |    272 |              25 |          5 |      Fixed 
   116 |  JC69 |        12 |    141 |              37 |          6 |      Fixed 
   117 |  JC69 |         4 |    231 |              96 |          6 |      Fixed 
   118 |  JC69 |         6 |    114 |               1 |          2 |      Fixed 
   119 |  JC69 |         8 |     55 |               0 |          1 |      Fixed 
   120 |  JC69 |         6 |    138 |              30 |          7 |      Fixed 
   121 |  JC69 |        18 |    204 |               4 |         20 |      Fixed 
   122 |  JC69 |         8 |    163 |              41 |         10 |      Fixed 
   123 |  JC69 |         4 |    133 |               1 |          2 |      Fixed 
   124 |  JC69 |         4 |    134 |               0 |          1 |      Fixed 
   125 |  JC69 |         4 |    146 |              19 |          9 |      Fixed 
   126 |  JC69 |         8 |    175 |              25 |          7 |      Fixed 
   127 |  JC69 |         4 |    263 |              75 |          9 |      Fixed 
   128 |  JC69 |         4 |     98 |               3 |          5 |      Fixed 
   129 |  JC69 |         6 |    286 |              14 |          3 |      Fixed 
   130 |  JC69 |         8 |    107 |               9 |          8 |      Fixed 
   131 |  JC69 |         4 |    139 |               1 |          3 |      Fixed 
   132 |  JC69 |         8 |    138 |               3 |          6 |      Fixed 
   133 |  JC69 |         4 |    153 |              61 |          2 |      Fixed 
   134 |  JC69 |         4 |    137 |              59 |          3 |      Fixed 
   135 |  JC69 |         6 |     91 |               1 |          2 |      Fixed 
   136 |  JC69 |        22 |     78 |               5 |          7 |      Fixed 
   137 |  JC69 |         4 |     90 |               5 |          4 |      Fixed 
   138 |  JC69 |         4 |    170 |               0 |          1 |      Fixed 
   139 |  JC69 |         4 |    114 |               1 |          2 |      Fixed 
   140 |  JC69 |        26 |    139 |               3 |          4 |      Fixed 
   141 |  JC69 |        10 |    144 |               7 |          4 |      Fixed 
   142 |  JC69 |         6 |    154 |               1 |          3 |      Fixed 
   143 |  JC69 |         4 |     49 |               0 |          1 |      Fixed 
   144 |  JC69 |        12 |    117 |               7 |         13 |      Fixed 
   145 |  JC69 |         6 |     87 |               0 |          1 |      Fixed 
   146 |  JC69 |         4 |     91 |               0 |          1 |      Fixed 
   147 |  JC69 |         4 |    109 |               3 |          2 |      Fixed 
   148 |  JC69 |         4 |    157 |               1 |          2 |      Fixed 
   149 |  JC69 |         6 |    138 |               1 |          2 |      Fixed 
   150 |  JC69 |        18 |    161 |              42 |          8 |      Fixed 
   151 |  JC69 |         6 |    166 |               2 |          3 |      Fixed 
   152 |  JC69 |        20 |    161 |              45 |          6 |      Fixed 
   153 |  JC69 |         4 |    142 |               0 |          1 |      Fixed 
   154 |  JC69 |        12 |    144 |               8 |         15 |      Fixed 
   155 |  JC69 |         4 |    338 |              53 |          3 |      Fixed 
   156 |  JC69 |        12 |    161 |              78 |          5 |      Fixed 
   157 |  JC69 |         6 |    216 |              37 |          4 |      Fixed 
   158 |  JC69 |        12 |    128 |              15 |          7 |      Fixed 
   159 |  JC69 |         6 |    133 |               0 |          1 |      Fixed 
   160 |  JC69 |        10 |    144 |               6 |          6 |      Fixed 
   161 |  JC69 |        14 |    111 |              30 |          6 |      Fixed 
   162 |  JC69 |         6 |    248 |              33 |          2 |      Fixed 
   163 |  JC69 |         8 |    261 |              34 |         42 |      Fixed 
   164 |  JC69 |        12 |    236 |              94 |          3 |      Fixed 
   165 |  JC69 |         4 |    136 |               5 |          3 |      Fixed 
   166 |  JC69 |         8 |    146 |               0 |          1 |      Fixed 
   167 |  JC69 |        24 |     49 |               3 |          4 |      Fixed 
   168 |  JC69 |        16 |    156 |              77 |          7 |      Fixed 
   169 |  JC69 |        14 |    185 |              11 |          8 |      Fixed 
   170 |  JC69 |        24 |     54 |               6 |          3 |      Fixed 
   171 |  JC69 |        14 |    176 |             162 |          7 |      Fixed 
   172 |  JC69 |         8 |    167 |              42 |          8 |      Fixed 
   173 |  JC69 |         4 |    146 |              66 |          5 |      Fixed 
   174 |  JC69 |         4 |    141 |               3 |          3 |      Fixed 
   175 |  JC69 |         6 |    283 |              26 |         20 |      Fixed 
   176 |  JC69 |        24 |    139 |             109 |         12 |      Fixed 
   177 |  JC69 |         8 |    221 |               1 |          2 |      Fixed 
   178 |  JC69 |         4 |    163 |               0 |          1 |      Fixed 
   179 |  JC69 |         8 |    182 |              39 |          4 |      Fixed 
   180 |  JC69 |         4 |    138 |               6 |          3 |      Fixed 
   181 |  JC69 |        18 |     87 |              11 |         17 |      Fixed 
   182 |  JC69 |         4 |     69 |               0 |          1 |      Fixed 
   183 |  JC69 |         6 |    276 |              15 |          7 |      Fixed 
   184 |  JC69 |        16 |    168 |              87 |         12 |      Fixed 
   185 |  JC69 |        22 |    146 |              11 |         19 |      Fixed 
   186 |  JC69 |        40 |    117 |              40 |         16 |      Fixed 
   187 |  JC69 |        10 |    234 |               2 |          3 |      Fixed 
   188 |  JC69 |         8 |    290 |               8 |          5 |      Fixed 
   189 |  JC69 |        12 |     84 |               6 |         13 |      Fixed 
   190 |  JC69 |         6 |    248 |              12 |         10 |      Fixed 
   191 |  JC69 |         8 |     94 |               5 |          2 |      Fixed 
   192 |  JC69 |         4 |    151 |               0 |          1 |      Fixed 
   193 |  JC69 |        20 |     96 |               0 |          3 |      Fixed 
   194 |  JC69 |        26 |    159 |              41 |         15 |      Fixed 
   195 |  JC69 |        38 |    130 |               7 |         18 |      Fixed 
   196 |  JC69 |        38 |    118 |               5 |          8 |      Fixed 
   197 |  JC69 |        24 |    281 |              73 |         17 |      Fixed 
   198 |  JC69 |        10 |    213 |               3 |          4 |      Fixed 
   199 |  JC69 |        12 |     90 |               9 |          2 |      Fixed 
   200 |  JC69 |        32 |    100 |               4 |          5 |      Fixed 
   201 |  JC69 |         8 |     99 |               1 |          2 |      Fixed 
   202 |  JC69 |         4 |    273 |               8 |          5 |      Fixed 
   203 |  JC69 |        38 |    195 |               6 |          7 |      Fixed 
   204 |  JC69 |         8 |     95 |               4 |          5 |      Fixed 
   205 |  JC69 |         4 |    180 |              85 |          3 |      Fixed 
   206 |  JC69 |        28 |    262 |              18 |         21 |      Fixed 
   207 |  JC69 |         8 |    347 |              15 |         21 |      Fixed 
   208 |  JC69 |         8 |    164 |               1 |          3 |      Fixed 
   209 |  JC69 |        16 |    145 |               6 |          5 |      Fixed 
   210 |  JC69 |        12 |    486 |             220 |         12 |      Fixed 
   211 |  JC69 |        14 |    144 |              10 |          8 |      Fixed 
   212 |  JC69 |        34 |    191 |               2 |          3 |      Fixed 
   213 |  JC69 |         6 |     82 |              10 |          3 |      Fixed 
   214 |  JC69 |        40 |    134 |               3 |          4 |      Fixed 
   215 |  JC69 |        32 |    102 |               2 |          2 |      Fixed 
   216 |  JC69 |        28 |    299 |               5 |          5 |      Fixed 
   217 |  JC69 |        16 |    539 |             295 |         23 |      Fixed 
   218 |  JC69 |        24 |    153 |               7 |         18 |      Fixed 
   219 |  JC69 |        24 |    220 |               3 |          4 |      Fixed 
   220 |  JC69 |         6 |    172 |               2 |          5 |      Fixed 
   221 |  JC69 |        12 |     69 |               0 |          5 |      Fixed 
   222 |  JC69 |         6 |    277 |              25 |         18 |      Fixed 
   223 |  JC69 |        26 |    290 |              33 |         27 |      Fixed 
   224 |  JC69 |         8 |     86 |               0 |          1 |      Fixed 
   225 |  JC69 |         4 |    266 |              28 |          4 |      Fixed 
   226 |  JC69 |        40 |     69 |              15 |          4 |      Fixed 
   227 |  JC69 |         8 |     60 |               0 |          2 |      Fixed 
   228 |  JC69 |         4 |     76 |               3 |          3 |      Fixed 
   229 |  JC69 |        14 |    325 |             200 |         32 |      Fixed 
   230 |  JC69 |         8 |    398 |               1 |          2 |      Fixed 
   231 |  JC69 |        30 |    129 |               5 |         10 |      Fixed 
   232 |  JC69 |        34 |    181 |               4 |          5 |      Fixed 
   233 |  JC69 |        10 |    214 |               0 |          1 |      Fixed 
   234 |  JC69 |         8 |    144 |               4 |          5 |      Fixed 
   235 |  JC69 |        16 |    277 |              18 |         13 |      Fixed 
   236 |  JC69 |        32 |    411 |              87 |         17 |      Fixed 
   237 |  JC69 |        28 |    420 |             143 |         13 |      Fixed 
   238 |  JC69 |        20 |    286 |              46 |         14 |      Fixed 
   239 |  JC69 |         6 |     67 |               1 |          2 |      Fixed 
   240 |  JC69 |        40 |    582 |             112 |         15 |      Fixed 
   241 |  JC69 |        10 |    148 |               4 |          6 |      Fixed 
   242 |  JC69 |         4 |     48 |               1 |          2 |      Fixed 
   243 |  JC69 |        12 |    414 |             285 |         12 |      Fixed 
   244 |  JC69 |        26 |    179 |               2 |          3 |      Fixed 
   245 |  JC69 |        34 |    349 |               8 |          7 |      Fixed 
   246 |  JC69 |         4 |    104 |               0 |          2 |      Fixed 
   247 |  JC69 |        40 |    386 |             124 |         40 |      Fixed 
   248 |  JC69 |        10 |    282 |             104 |         12 |      Fixed 
   249 |  JC69 |        22 |    323 |             163 |         11 |      Fixed 
   250 |  JC69 |         6 |     90 |              15 |          8 |      Fixed 
   251 |  JC69 |         6 |    180 |              15 |          6 |      Fixed 
   252 |  JC69 |        38 |    126 |               5 |          8 |      Fixed 
   253 |  JC69 |        32 |    141 |               4 |         22 |      Fixed 
   254 |  JC69 |         4 |    126 |               6 |          4 |      Fixed 
   255 |  JC69 |         6 |    279 |              28 |         13 |      Fixed 
   256 |  JC69 |         8 |     85 |              16 |          9 |      Fixed 
   257 |  JC69 |         6 |    119 |               0 |          1 |      Fixed 
   258 |  JC69 |         6 |    103 |               1 |          2 |      Fixed 
   259 |  JC69 |         6 |    280 |               7 |          4 |      Fixed 
   260 |  JC69 |        20 |    267 |              49 |         28 |      Fixed 
   261 |  JC69 |        16 |    484 |               7 |          6 |      Fixed 
   262 |  JC69 |        22 |    166 |              11 |          7 |      Fixed 
   263 |  JC69 |         4 |     81 |               0 |          1 |      Fixed 
   264 |  JC69 |         6 |    151 |              23 |          6 |      Fixed 
   265 |  JC69 |         4 |    281 |               2 |          3 |      Fixed 
   266 |  JC69 |        40 |     52 |               1 |          2 |      Fixed 
   267 |  JC69 |        40 |    402 |              17 |        307 |      Fixed 
   268 |  JC69 |        28 |     82 |               3 |          5 |      Fixed 
   269 |  JC69 |        32 |    297 |              66 |         19 |      Fixed 
   270 |  JC69 |        38 |    303 |             165 |         50 |      Fixed 
   271 |  JC69 |        14 |    280 |              72 |         14 |      Fixed 
   272 |  JC69 |         4 |     92 |               5 |          3 |      Fixed 
   273 |  JC69 |        40 |    146 |               2 |          3 |      Fixed 
   274 |  JC69 |         8 |    172 |               4 |          4 |      Fixed 
   275 |  JC69 |         4 |     58 |               1 |          2 |      Fixed 
   276 |  JC69 |        18 |    147 |               3 |          7 |      Fixed 
   277 |  JC69 |        12 |    278 |              28 |         16 |      Fixed 
   278 |  JC69 |        40 |    391 |             245 |         38 |      Fixed 
   279 |  JC69 |        34 |     73 |               3 |          3 |      Fixed 
   280 |  JC69 |        16 |    217 |               6 |          6 |      Fixed 
   281 |  JC69 |        26 |     71 |               7 |          7 |      Fixed 
   282 |  JC69 |         4 |    133 |               4 |          3 |      Fixed 
   283 |  JC69 |        40 |    178 |               5 |          6 |      Fixed 
   284 |  JC69 |        34 |    731 |             731 |         36 |      Fixed 
   285 |  JC69 |         4 |     96 |               4 |          5 |      Fixed 
   286 |  JC69 |        34 |    138 |              12 |         12 |      Fixed 
   287 |  JC69 |        40 |     54 |               2 |          3 |      Fixed 
   288 |  JC69 |         8 |    284 |               8 |          4 |      Fixed 
   289 |  JC69 |        40 |    127 |              10 |         10 |      Fixed 
   290 |  JC69 |         6 |     72 |               5 |          2 |      Fixed 
   291 |  JC69 |         6 |    106 |              56 |          5 |      Fixed 
   292 |  JC69 |         4 |    189 |               0 |          2 |      Fixed 
   293 |  JC69 |         6 |     37 |               0 |          1 |      Fixed 
   294 |  JC69 |         6 |     98 |               1 |          2 |      Fixed 
   295 |  JC69 |        38 |    851 |             569 |         30 |      Fixed 
   296 |  JC69 |        32 |    259 |               6 |          5 |      Fixed 
   297 |  JC69 |         6 |     55 |               5 |          4 |      Fixed 
   298 |  JC69 |        40 |    146 |              10 |          9 |      Fixed 
   299 |  JC69 |         6 |    147 |               5 |          2 |      Fixed 
   300 |  JC69 |        10 |    280 |             107 |         13 |      Fixed 
   301 |  JC69 |        24 |    404 |              28 |         40 |      Fixed 
   302 |  JC69 |         8 |     85 |               0 |          1 |      Fixed 
   303 |  JC69 |         4 |    121 |               0 |          1 |      Fixed 
   304 |  JC69 |        36 |     56 |               5 |         81 |      Fixed 
   305 |  JC69 |        10 |    277 |              13 |         11 |      Fixed 
   306 |  JC69 |        22 |     64 |               6 |          5 |      Fixed 
   307 |  JC69 |        10 |     86 |               1 |          3 |      Fixed 
   308 |  JC69 |         8 |    132 |               7 |          5 |      Fixed 
   309 |  JC69 |         8 |    124 |              31 |          4 |      Fixed 
   310 |  JC69 |         6 |     85 |               1 |          3 |      Fixed 
   311 |  JC69 |        16 |     76 |               3 |          4 |      Fixed 
   312 |  JC69 |        14 |    131 |              24 |          5 |      Fixed 
   313 |  JC69 |         6 |    249 |               7 |          5 |      Fixed 
   314 |  JC69 |         4 |    321 |             136 |          4 |      Fixed 
   315 |  JC69 |        40 |     97 |               5 |          4 |      Fixed 
   316 |  JC69 |         4 |    197 |               1 |          3 |      Fixed 
   317 |  JC69 |         4 |    241 |               7 |          4 |      Fixed 
   318 |  JC69 |        40 |     89 |               2 |          3 |      Fixed 
   319 |  JC69 |        24 |     72 |               6 |         24 |      Fixed 
   320 |  JC69 |        14 |    408 |             250 |          9 |      Fixed 
   321 |  JC69 |        40 |    294 |              86 |         13 |      Fixed 
   322 |  JC69 |        20 |     89 |              10 |         14 |      Fixed 
   323 |  JC69 |        36 |     67 |               7 |          6 |      Fixed 
   324 |  JC69 |        12 |    231 |              79 |          4 |      Fixed 
   325 |  JC69 |         4 |    103 |               1 |          3 |      Fixed 
   326 |  JC69 |         6 |     58 |               0 |          2 |      Fixed 
   327 |  JC69 |         4 |     71 |               1 |          2 |      Fixed 
   328 |  JC69 |         6 |    199 |               4 |          4 |      Fixed 
   329 |  JC69 |        40 |    229 |              13 |         16 |      Fixed 
   330 |  JC69 |         8 |    268 |              17 |          8 |      Fixed 
   331 |  JC69 |        40 |     92 |               5 |          6 |      Fixed 
   332 |  JC69 |        18 |    287 |             287 |         17 |      Fixed 
   333 |  JC69 |        10 |    197 |               4 |          7 |      Fixed 
   334 |  JC69 |        24 |    125 |               6 |          5 |      Fixed 
   335 |  JC69 |         4 |    167 |               7 |          3 |      Fixed 
   336 |  JC69 |        40 |     65 |               2 |          4 |      Fixed 
   337 |  JC69 |         4 |    108 |               1 |          2 |      Fixed 
   338 |  JC69 |        24 |     96 |               1 |          2 |      Fixed 
   339 |  JC69 |         4 |    211 |              31 |          4 |      Fixed 
   340 |  JC69 |         6 |    282 |               7 |          7 |      Fixed 
   341 |  JC69 |        32 |     89 |              21 |         20 |      Fixed 
   342 |  JC69 |        26 |    265 |              41 |         26 |      Fixed 
   343 |  JC69 |        38 |    101 |               5 |          8 |      Fixed 
   344 |  JC69 |         8 |    273 |              26 |          9 |      Fixed 
   345 |  JC69 |        22 |    196 |              95 |        520 |      Fixed 
   346 |  JC69 |        40 |    148 |               4 |          5 |      Fixed 
   347 |  JC69 |        18 |    282 |             117 |         24 |      Fixed 
   348 |  JC69 |        26 |     87 |              25 |         10 |      Fixed 
   349 |  JC69 |         8 |    172 |               2 |          3 |      Fixed 
   350 |  JC69 |         6 |    288 |               9 |          5 |      Fixed 
   351 |  JC69 |        22 |    122 |               3 |          3 |      Fixed 
   352 |  JC69 |         4 |    136 |               4 |          4 |      Fixed 
   353 |  JC69 |        24 |    147 |               2 |          3 |      Fixed 
   354 |  JC69 |         8 |    347 |             122 |         12 |      Fixed 
   355 |  JC69 |        26 |    360 |              25 |         25 |      Fixed 
   356 |  JC69 |        20 |    129 |               1 |          3 |      Fixed 
   357 |  JC69 |        20 |    281 |              51 |         30 |      Fixed 
   358 |  JC69 |        32 |     68 |              12 |         12 |      Fixed 
   359 |  JC69 |        34 |     81 |               9 |          6 |      Fixed 
   360 |  JC69 |        10 |    282 |              60 |         15 |      Fixed 
   361 |  JC69 |        36 |    186 |              10 |          7 |      Fixed 
   362 |  JC69 |        10 |    271 |              16 |         16 |      Fixed 
   363 |  JC69 |        14 |    286 |              27 |         18 |      Fixed 
   364 |  JC69 |        28 |    192 |               6 |          7 |      Fixed 
   365 |  JC69 |        32 |    291 |              20 |         16 |      Fixed 
   366 |  JC69 |         6 |    280 |              16 |         10 |      Fixed 
   367 |  JC69 |        12 |    285 |              55 |         22 |      Fixed 
   368 |  JC69 |        12 |    115 |              61 |         19 |      Fixed 
   369 |  JC69 |        36 |    174 |              10 |          4 |      Fixed 
   370 |  JC69 |        30 |    292 |              28 |         20 |      Fixed 
   371 |  JC69 |        34 |    256 |              20 |          9 |      Fixed 
   372 |  JC69 |        38 |    378 |              82 |         29 |      Fixed 
   373 |  JC69 |         4 |    112 |               0 |          1 |      Fixed 
   374 |  JC69 |        10 |    254 |              12 |         18 |      Fixed 
   375 |  JC69 |         6 |    108 |               1 |          2 |      Fixed 
   376 |  JC69 |        10 |    118 |               8 |          6 |      Fixed 
   377 |  JC69 |        32 |    133 |               4 |         15 |      Fixed 
   378 |  JC69 |        40 |    130 |               5 |          7 |      Fixed 
   379 |  JC69 |        22 |    137 |               1 |          2 |      Fixed 
   380 |  JC69 |        28 |    102 |               4 |          5 |      Fixed 
   381 |  JC69 |         4 |    104 |               0 |          1 |      Fixed 
   382 |  JC69 |         8 |    144 |               7 |          6 |      Fixed 
   383 |  JC69 |        26 |    119 |               4 |          4 |      Fixed 
   384 |  JC69 |         4 |    146 |               0 |          1 |      Fixed 
   385 |  JC69 |        14 |     57 |               1 |          2 |      Fixed 
   386 |  JC69 |        34 |     87 |               4 |          8 |      Fixed 
   387 |  JC69 |        40 |    130 |               3 |          4 |      Fixed 
   388 |  JC69 |         4 |    547 |              21 |          6 |      Fixed 
   389 |  JC69 |         8 |     95 |              37 |          4 |      Fixed 
   390 |  JC69 |        18 |    161 |               6 |         10 |      Fixed 
   391 |  JC69 |         4 |     52 |               0 |          1 |      Fixed 
   392 |  JC69 |         8 |    164 |               9 |          7 |      Fixed 
   393 |  JC69 |        18 |    153 |              11 |          6 |      Fixed 
   394 |  JC69 |         4 |     49 |               0 |          1 |      Fixed 
   395 |  JC69 |        36 |    121 |               2 |          3 |      Fixed 
   396 |  JC69 |        16 |    260 |               9 |          9 |      Fixed 
   397 |  JC69 |        40 |    184 |              98 |         90 |      Fixed 
   398 |  JC69 |        26 |     54 |               1 |          2 |      Fixed 
   399 |  JC69 |        12 |     71 |               3 |          5 |      Fixed 
   400 |  JC69 |        40 |     70 |               2 |          3 |      Fixed 
   401 |  JC69 |         6 |    489 |             214 |         10 |      Fixed 
   402 |  JC69 |         6 |     63 |               3 |          4 |      Fixed 
   403 |  JC69 |        24 |     41 |               4 |          7 |      Fixed 
   404 |  JC69 |         8 |    353 |             191 |          9 |      Fixed 
   405 |  JC69 |        28 |    180 |              12 |          9 |      Fixed 
   406 |  JC69 |         4 |    177 |               1 |          2 |      Fixed 
   407 |  JC69 |        20 |     83 |               3 |          5 |      Fixed 
   408 |  JC69 |        10 |    177 |               1 |          2 |      Fixed 
   409 |  JC69 |        38 |     56 |               1 |          2 |      Fixed 
   410 |  JC69 |        32 |     73 |               3 |          2 |      Fixed 
   411 |  JC69 |        40 |     46 |               2 |          3 |      Fixed 
   412 |  JC69 |        40 |    232 |              63 |          9 |      Fixed 
   413 |  JC69 |         4 |     69 |               1 |          2 |      Fixed 
   414 |  JC69 |        30 |     73 |               1 |          2 |      Fixed 
   415 |  JC69 |        18 |    218 |              11 |          8 |      Fixed 
   416 |  JC69 |         6 |    148 |               0 |          2 |      Fixed 
   417 |  JC69 |        40 |     48 |               1 |          2 |      Fixed 
   418 |  JC69 |        40 |     69 |               9 |          6 |      Fixed 
   419 |  JC69 |         4 |    286 |              15 |          4 |      Fixed 
   420 |  JC69 |        14 |    150 |               8 |          9 |      Fixed 
   421 |  JC69 |        20 |    238 |              23 |         16 |      Fixed 
   422 |  JC69 |         6 |     45 |               2 |          2 |      Fixed 
   423 |  JC69 |         6 |    163 |               0 |          1 |      Fixed 
   424 |  JC69 |        24 |    292 |              20 |         19 |      Fixed 
   425 |  JC69 |         6 |    268 |              19 |          6 |      Fixed 
   426 |  JC69 |        34 |    104 |               7 |          5 |      Fixed 
   427 |  JC69 |        28 |    667 |             667 |         30 |      Fixed 
   428 |  JC69 |         6 |    232 |              21 |          9 |      Fixed 
   429 |  JC69 |         4 |    278 |               7 |          4 |      Fixed 
   430 |  JC69 |        36 |    241 |              17 |         17 |      Fixed 
   431 |  JC69 |        12 |    280 |              62 |         16 |      Fixed 
   432 |  JC69 |         4 |    213 |               0 |          1 |      Fixed 
   433 |  JC69 |         6 |     51 |               0 |          1 |      Fixed 
   434 |  JC69 |        12 |     81 |              28 |          4 |      Fixed 
   435 |  JC69 |        14 |    144 |               2 |          3 |      Fixed 
   436 |  JC69 |        10 |    310 |              86 |         19 |      Fixed 
   437 |  JC69 |         6 |    284 |               1 |          3 |      Fixed 
   438 |  JC69 |         6 |    275 |              23 |         10 |      Fixed 
   439 |  JC69 |         4 |    204 |               1 |          2 |      Fixed 
   440 |  JC69 |        38 |    327 |             140 |         37 |      Fixed 
   441 |  JC69 |         6 |     88 |               3 |          2 |      Fixed 
   442 |  JC69 |        10 |    281 |              35 |         16 |      Fixed 
   443 |  JC69 |         6 |    405 |             133 |          6 |      Fixed 
   444 |  JC69 |        36 |     75 |               5 |          4 |      Fixed 
   445 |  JC69 |         6 |    161 |              15 |         11 |      Fixed 
   446 |  JC69 |         4 |    194 |              82 |          2 |      Fixed 
   447 |  JC69 |        34 |    289 |              27 |         21 |      Fixed 
   448 |  JC69 |        40 |    227 |              15 |         11 |      Fixed 
   449 |  JC69 |        28 |     78 |               2 |          3 |      Fixed 
   450 |  JC69 |         6 |    167 |               0 |          2 |      Fixed 
   451 |  JC69 |         8 |    269 |             135 |          9 |      Fixed 
   452 |  JC69 |        24 |    288 |              33 |         44 |      Fixed 
   453 |  JC69 |        38 |    133 |               1 |          2 |      Fixed 
   454 |  JC69 |        24 |    269 |              27 |         20 |      Fixed 
   455 |  JC69 |         8 |    202 |              85 |          5 |      Fixed 
   456 |  JC69 |         4 |    231 |             108 |          4 |      Fixed 
   457 |  JC69 |         6 |    280 |               7 |          3 |      Fixed 
   458 |  JC69 |        18 |     65 |              12 |          3 |      Fixed 
   459 |  JC69 |         6 |    173 |              14 |          7 |      Fixed 
   460 |  JC69 |        18 |    111 |              16 |         13 |      Fixed 
   461 |  JC69 |         6 |    236 |              12 |         11 |      Fixed 
   462 |  JC69 |         8 |    113 |               0 |          2 |      Fixed 
   463 |  JC69 |        20 |    251 |              15 |         21 |      Fixed 
   464 |  JC69 |        30 |    115 |               9 |         10 |      Fixed 
   465 |  JC69 |        20 |    280 |              26 |         14 |      Fixed 
   466 |  JC69 |         8 |    276 |              47 |         32 |      Fixed 
   467 |  JC69 |         6 |    137 |               9 |          4 |      Fixed 
   468 |  JC69 |        34 |    126 |              11 |         10 |      Fixed 
   469 |  JC69 |        22 |    202 |               7 |         12 |      Fixed 
   470 |  JC69 |         4 |    281 |              11 |          7 |      Fixed 
   471 |  JC69 |        40 |    154 |              13 |          7 |      Fixed 
   472 |  JC69 |         4 |    213 |               1 |          2 |      Fixed 
   473 |  JC69 |        12 |    281 |              18 |         16 |      Fixed 
   474 |  JC69 |        10 |    251 |               7 |          5 |      Fixed 
   475 |  JC69 |        10 |     41 |               9 |          6 |      Fixed 
   476 |  JC69 |         4 |    264 |              34 |          2 |      Fixed 
   477 |  JC69 |         6 |     38 |               1 |          2 |      Fixed 
   478 |  JC69 |        40 |    102 |               8 |          5 |      Fixed 
   479 |  JC69 |        40 |    185 |               9 |         14 |      Fixed 
   480 |  JC69 |        36 |    256 |              18 |         28 |      Fixed 
   481 |  JC69 |        10 |    275 |              27 |         13 |      Fixed 
   482 |  JC69 |         4 |     42 |               0 |          1 |      Fixed 
   483 |  JC69 |         6 |    381 |             153 |          4 |      Fixed 
   484 |  JC69 |         4 |    139 |               0 |          1 |      Fixed 
   485 |  JC69 |        14 |     52 |               0 |          1 |      Fixed 
   486 |  JC69 |         6 |    152 |              34 |          5 |      Fixed 
   487 |  JC69 |         4 |    280 |               2 |          4 |      Fixed 
   488 |  JC69 |         4 |     66 |               0 |          1 |      Fixed 
   489 |  JC69 |         8 |    276 |              12 |          7 |      Fixed 
   490 |  JC69 |        10 |    280 |               8 |          6 |      Fixed 
   491 |  JC69 |        12 |    101 |               1 |          3 |      Fixed 
   492 |  JC69 |        30 |    155 |              45 |         22 |      Fixed 
   493 |  JC69 |        20 |     65 |               1 |          2 |      Fixed 
   494 |  JC69 |         8 |    285 |              36 |         13 |      Fixed 
   495 |  JC69 |        40 |    135 |               7 |          8 |      Fixed 
   496 |  JC69 |        26 |     80 |               0 |          3 |      Fixed 
   497 |  JC69 |        40 |     77 |               2 |          3 |      Fixed 
   498 |  JC69 |        34 |    102 |               2 |          3 |      Fixed 
   499 |  JC69 |        38 |     61 |               3 |          6 |      Fixed 
   500 |  JC69 |        38 |     96 |               2 |          3 |      Fixed 
   501 |  JC69 |        40 |     88 |               0 |          2 |      Fixed 
   502 |  JC69 |        24 |    561 |             304 |         29 |      Fixed 
   503 |  JC69 |        20 |    167 |               4 |          6 |      Fixed 
   504 |  JC69 |        22 |    473 |              39 |         34 |      Fixed 
   505 |  JC69 |        32 |    109 |               2 |          3 |      Fixed 
   506 |  JC69 |        34 |     62 |               2 |          6 |      Fixed 
   507 |  JC69 |        28 |    334 |             110 |         41 |      Fixed 
   508 |  JC69 |         4 |    280 |              18 |          5 |      Fixed 
   509 |  JC69 |        12 |    280 |              23 |         25 |      Fixed 
   510 |  JC69 |        30 |    147 |               7 |          7 |      Fixed 
   511 |  JC69 |         4 |    143 |               0 |          1 |      Fixed 
   512 |  JC69 |        18 |    103 |              35 |         15 |      Fixed 
   513 |  JC69 |         4 |     50 |               0 |          1 |      Fixed 
   514 |  JC69 |         4 |     50 |               0 |          1 |      Fixed 
   515 |  JC69 |        36 |    154 |               7 |          9 |      Fixed 
   516 |  JC69 |        10 |    257 |              42 |          9 |      Fixed 
   517 |  JC69 |         4 |    158 |               1 |          2 |      Fixed 
   518 |  JC69 |         4 |    456 |             190 |          7 |      Fixed 
   519 |  JC69 |        10 |    156 |              33 |         12 |      Fixed 
   520 |  JC69 |        16 |    283 |              16 |         20 |      Fixed 
   521 |  JC69 |        40 |    173 |               1 |          2 |      Fixed 
   522 |  JC69 |         4 |     78 |               0 |          1 |      Fixed 
   523 |  JC69 |        14 |    131 |               1 |          2 |      Fixed 
   524 |  JC69 |        10 |     66 |               1 |          2 |      Fixed 
   525 |  JC69 |         6 |    251 |              17 |          9 |      Fixed 
   526 |  JC69 |        22 |    255 |              51 |          7 |      Fixed 
   527 |  JC69 |         8 |    430 |             198 |          9 |      Fixed 
   528 |  JC69 |         6 |     71 |               0 |          2 |      Fixed 
   529 |  JC69 |        14 |     38 |               1 |          2 |      Fixed 
   530 |  JC69 |         4 |    161 |               3 |          2 |      Fixed 
   531 |  JC69 |        14 |    263 |              12 |          5 |      Fixed 
   532 |  JC69 |        32 |    359 |               6 |          7 |      Fixed 
   533 |  JC69 |        36 |    812 |             620 |         25 |      Fixed 
   534 |  JC69 |         6 |    257 |              32 |          5 |      Fixed 
   535 |  JC69 |         8 |    114 |              17 |          6 |      Fixed 
   536 |  JC69 |         6 |    224 |              18 |          6 |      Fixed 
   537 |  JC69 |        40 |    244 |             111 |          3 |      Fixed 
   538 |  JC69 |        40 |    379 |             131 |         40 |      Fixed 
   539 |  JC69 |        36 |    106 |               6 |          7 |      Fixed 
   540 |  JC69 |        36 |    100 |               8 |          4 |      Fixed 
   541 |  JC69 |         4 |    279 |               2 |          4 |      Fixed 
   542 |  JC69 |         8 |    265 |             104 |          8 |      Fixed 
   543 |  JC69 |         4 |    281 |               5 |          4 |      Fixed 
   544 |  JC69 |        36 |    246 |              75 |          3 |      Fixed 
   545 |  JC69 |        12 |     86 |              12 |         12 |      Fixed 
   546 |  JC69 |        30 |     90 |               1 |          2 |      Fixed 
   547 |  JC69 |        24 |     50 |               2 |          3 |      Fixed 
   548 |  JC69 |        40 |     85 |               1 |          2 |      Fixed 
   549 |  JC69 |         6 |    120 |               1 |          2 |      Fixed 
   550 |  JC69 |        40 |    145 |               8 |          9 |      Fixed 
   551 |  JC69 |        34 |    161 |               4 |          5 |      Fixed 
   552 |  JC69 |        34 |    116 |               9 |          8 |      Fixed 
   553 |  JC69 |         8 |    259 |              12 |          9 |      Fixed 
   554 |  JC69 |        26 |    382 |             118 |         28 |      Fixed 
   555 |  JC69 |        10 |     67 |               1 |          2 |      Fixed 
   556 |  JC69 |        10 |    285 |              20 |         15 |      Fixed 
   557 |  JC69 |        14 |     75 |               4 |          5 |      Fixed 
   558 |  JC69 |         4 |    191 |              95 |          3 |      Fixed 
   559 |  JC69 |         6 |    146 |               4 |          3 |      Fixed 
   560 |  JC69 |        36 |    112 |               1 |          2 |      Fixed 
   561 |  JC69 |         6 |    262 |              60 |          4 |      Fixed 
   562 |  JC69 |         4 |    326 |              62 |          5 |      Fixed 
   563 |  JC69 |        24 |    161 |               0 |          1 |      Fixed 
   564 |  JC69 |        38 |    794 |             331 |         33 |      Fixed 
   565 |  JC69 |        26 |    230 |               4 |          7 |      Fixed 
   566 |  JC69 |        16 |     63 |              14 |         14 |      Fixed 
   567 |  JC69 |        10 |    236 |               9 |          4 |      Fixed 
   568 |  JC69 |         4 |    528 |             259 |          5 |      Fixed 
   569 |  JC69 |        12 |    284 |              12 |          6 |      Fixed 
   570 |  JC69 |        22 |    154 |               0 |          1 |      Fixed 
   571 |  JC69 |        16 |     97 |              12 |          3 |      Fixed 
   572 |  JC69 |         8 |    134 |               0 |          1 |      Fixed 
   573 |  JC69 |         4 |    281 |              11 |          5 |      Fixed 
   574 |  JC69 |        10 |    119 |               0 |          1 |      Fixed 
   575 |  JC69 |        34 |     41 |               6 |          8 |      Fixed 
   576 |  JC69 |        26 |    160 |              16 |          8 |      Fixed 
   577 |  JC69 |         4 |    273 |              15 |          5 |      Fixed 
   578 |  JC69 |        40 |    195 |             121 |         28 |      Fixed 
   579 |  JC69 |        32 |     86 |               6 |          6 |      Fixed 
   580 |  JC69 |        36 |    491 |             159 |         22 |      Fixed 
   581 |  JC69 |         4 |    277 |              96 |          5 |      Fixed 
   582 |  JC69 |        40 |     75 |              10 |          7 |      Fixed 
   583 |  JC69 |        10 |    112 |               2 |          3 |      Fixed 
   584 |  JC69 |        10 |    150 |               0 |          2 |      Fixed 
   585 |  JC69 |        14 |    144 |              15 |         12 |      Fixed 
   586 |  JC69 |         6 |    154 |               0 |          2 |      Fixed 
   587 |  JC69 |         6 |    279 |             109 |          3 |      Fixed 
   588 |  JC69 |         6 |    288 |               6 |          3 |      Fixed 
   589 |  JC69 |        20 |    279 |              18 |         20 |      Fixed 
   590 |  JC69 |         6 |    287 |              19 |          7 |      Fixed 
   591 |  JC69 |         8 |    118 |               1 |          2 |      Fixed 
   592 |  JC69 |        34 |     39 |               1 |          2 |      Fixed 
   593 |  JC69 |        30 |     50 |               8 |         18 |      Fixed 
   594 |  JC69 |        16 |    458 |             192 |          8 |      Fixed 
   595 |  JC69 |         6 |     76 |               0 |          1 |      Fixed 
   596 |  JC69 |        40 |    105 |               1 |          2 |      Fixed 
   597 |  JC69 |        40 |    131 |               2 |          3 |      Fixed 
   598 |  JC69 |        40 |    108 |               8 |        141 |      Fixed 
   599 |  JC69 |        16 |    196 |               4 |          7 |      Fixed 
   600 |  JC69 |        20 |    286 |              26 |         16 |      Fixed 
   601 |  JC69 |        40 |    343 |               3 |          4 |      Fixed 
   602 |  JC69 |         4 |    207 |               0 |          1 |      Fixed 
   603 |  JC69 |        30 |    376 |              60 |         26 |      Fixed 
   604 |  JC69 |         6 |    279 |              66 |          7 |      Fixed 
   605 |  JC69 |        36 |    127 |               0 |          1 |      Fixed 
   606 |  JC69 |        40 |    127 |               5 |         11 |      Fixed 
   607 |  JC69 |        18 |    127 |              12 |          5 |      Fixed 
   608 |  JC69 |        30 |    729 |             729 |        278 |      Fixed 
   609 |  JC69 |        12 |    158 |               0 |          1 |      Fixed 
   610 |  JC69 |        40 |    173 |               3 |          4 |      Fixed 
   611 |  JC69 |        24 |    145 |              16 |         19 |      Fixed 
   612 |  JC69 |         8 |    280 |               3 |          3 |      Fixed 
   613 |  JC69 |        40 |    146 |               6 |          5 |      Fixed 
   614 |  JC69 |        34 |    335 |              69 |         54 |      Fixed 
   615 |  JC69 |         4 |     83 |               2 |          3 |      Fixed 
   616 |  JC69 |        34 |    163 |              10 |          9 |      Fixed 
   617 |  JC69 |        38 |    198 |               3 |          4 |      Fixed 
   618 |  JC69 |        16 |    258 |              25 |         13 |      Fixed 
   619 |  JC69 |        20 |    276 |             110 |         24 |      Fixed 
   620 |  JC69 |        18 |    250 |              11 |         27 |      Fixed 
   621 |  JC69 |         6 |    173 |              11 |          5 |      Fixed 
   622 |  JC69 |        28 |    411 |             144 |         20 |      Fixed 
   623 |  JC69 |        38 |    205 |              16 |         23 |      Fixed 
   624 |  JC69 |         6 |     63 |               1 |          3 |      Fixed 
   625 |  JC69 |         6 |     44 |               0 |          1 |      Fixed 
   626 |  JC69 |         4 |    278 |               6 |          6 |      Fixed 
   627 |  JC69 |        38 |    108 |               5 |          8 |      Fixed 
   628 |  JC69 |        34 |    149 |               2 |          3 |      Fixed 
   629 |  JC69 |        18 |    308 |              31 |         12 |      Fixed 
   630 |  JC69 |        30 |     87 |               2 |          4 |      Fixed 
   631 |  JC69 |        18 |    264 |              11 |          9 |      Fixed 
   632 |  JC69 |        14 |    158 |               5 |          4 |      Fixed 
   633 |  JC69 |        36 |    117 |               8 |          8 |      Fixed 
   634 |  JC69 |        36 |    135 |              63 |         11 |      Fixed 
   635 |  JC69 |        40 |    196 |               5 |         10 |      Fixed 
   636 |  JC69 |        36 |     50 |               1 |          2 |      Fixed 
   637 |  JC69 |        36 |     80 |               4 |          5 |      Fixed 
   638 |  JC69 |        40 |    200 |              11 |         12 |      Fixed 
   639 |  JC69 |        40 |    189 |               7 |         14 |      Fixed 
   640 |  JC69 |        40 |    121 |               2 |          3 |      Fixed 
   641 |  JC69 |        12 |    277 |              12 |          6 |      Fixed 
   642 |  JC69 |        40 |    128 |               4 |          5 |      Fixed 
   643 |  JC69 |        18 |    628 |             278 |          9 |      Fixed 
   644 |  JC69 |        18 |    124 |              60 |          5 |      Fixed 
   645 |  JC69 |        38 |     66 |               4 |          5 |      Fixed 
   646 |  JC69 |        10 |    149 |               2 |          2 |      Fixed 
   647 |  JC69 |        12 |    136 |              39 |          6 |      Fixed 
   648 |  JC69 |        18 |    460 |              51 |         19 |      Fixed 
   649 |  JC69 |        40 |     45 |               1 |          2 |      Fixed 
   650 |  JC69 |        10 |     87 |               9 |          4 |      Fixed 
   651 |  JC69 |        36 |    432 |              21 |         36 |      Fixed 
   652 |  JC69 |         4 |    274 |              26 |          6 |      Fixed 
   653 |  JC69 |        10 |    216 |               6 |          8 |      Fixed 
   654 |  JC69 |        12 |    282 |               8 |          9 |      Fixed 
   655 |  JC69 |        36 |     97 |              45 |         17 |      Fixed 
   656 |  JC69 |        16 |    211 |              12 |         12 |      Fixed 
   657 |  JC69 |         4 |    148 |               1 |          2 |      Fixed 
   658 |  JC69 |        32 |    429 |             298 |         69 |      Fixed 
   659 |  JC69 |         8 |     84 |               5 |          3 |      Fixed 
   660 |  JC69 |        26 |    106 |               7 |          5 |      Fixed 
   661 |  JC69 |        36 |    265 |              66 |         21 |      Fixed 
   662 |  JC69 |        18 |    318 |               3 |          8 |      Fixed 
   663 |  JC69 |        32 |    353 |              12 |         11 |      Fixed 
   664 |  JC69 |        28 |    458 |              17 |         17 |      Fixed 
   665 |  JC69 |        22 |     52 |               0 |          2 |      Fixed 
   666 |  JC69 |        40 |     90 |               3 |          6 |      Fixed 
   667 |  JC69 |        40 |    568 |             142 |         19 |      Fixed 
   668 |  JC69 |         4 |    179 |               0 |          1 |      Fixed 
   669 |  JC69 |        40 |    321 |              18 |         21 |      Fixed 
   670 |  JC69 |        34 |    286 |              37 |         29 |      Fixed 
   671 |  JC69 |         4 |     49 |               0 |          1 |      Fixed 
   672 |  JC69 |        40 |    157 |               1 |          2 |      Fixed 
   673 |  JC69 |         8 |    255 |               9 |         11 |      Fixed 
   674 |  JC69 |        28 |    148 |              22 |         37 |      Fixed 
   675 |  JC69 |        40 |    112 |               6 |          8 |      Fixed 
   676 |  JC69 |        30 |    278 |              18 |          9 |      Fixed 
   677 |  JC69 |        10 |    412 |             194 |         16 |      Fixed 
   678 |  JC69 |         8 |    139 |               0 |          1 |      Fixed 
   679 |  JC69 |        16 |     59 |              13 |          8 |      Fixed 
   680 |  JC69 |        38 |    136 |               1 |          3 |      Fixed 
   681 |  JC69 |        40 |    149 |               8 |         17 |      Fixed 
   682 |  JC69 |         6 |    189 |               0 |          2 |      Fixed 
   683 |  JC69 |        40 |    134 |               6 |          7 |      Fixed 
   684 |  JC69 |         8 |    280 |              15 |         12 |      Fixed 
   685 |  JC69 |        16 |    350 |              85 |         27 |      Fixed 
   686 |  JC69 |        36 |    459 |             365 |         19 |      Fixed 
   687 |  JC69 |        14 |    254 |               6 |          5 |      Fixed 
   688 |  JC69 |         8 |     55 |               4 |          6 |      Fixed 
   689 |  JC69 |         8 |    112 |               0 |          1 |      Fixed 
   690 |  JC69 |        30 |    278 |             116 |          8 |      Fixed 
   691 |  JC69 |        36 |     70 |               3 |          4 |      Fixed 
   692 |  JC69 |        16 |    164 |               2 |          3 |      Fixed 
   693 |  JC69 |        28 |    175 |               5 |         13 |      Fixed 
   694 |  JC69 |         8 |    144 |               4 |          4 |      Fixed 
   695 |  JC69 |        34 |    529 |             288 |         21 |      Fixed 
   696 |  JC69 |        40 |    592 |             152 |         21 |      Fixed 
   697 |  JC69 |        38 |    107 |               2 |          3 |      Fixed 
   698 |  JC69 |         6 |     72 |               0 |          1 |      Fixed 
   699 |  JC69 |        40 |     80 |               1 |          2 |      Fixed 
   700 |  JC69 |        40 |    206 |              13 |         12 |      Fixed 
   701 |  JC69 |        38 |    101 |               1 |          2 |      Fixed 
   702 |  JC69 |         4 |    222 |               2 |          3 |      Fixed 
   703 |  JC69 |        18 |    430 |              14 |         13 |      Fixed 
   704 |  JC69 |        40 |    285 |              49 |         43 |      Fixed 
   705 |  JC69 |        24 |    170 |               7 |          8 |      Fixed 
   706 |  JC69 |        36 |    198 |               7 |          7 |      Fixed 
   707 |  JC69 |        14 |    254 |               9 |          8 |      Fixed 
   708 |  JC69 |         6 |    153 |               1 |          2 |      Fixed 
   709 |  JC69 |         8 |    273 |               3 |          5 |      Fixed 
   710 |  JC69 |        10 |    282 |              32 |         36 |      Fixed 
   711 |  JC69 |         8 |    103 |               0 |          1 |      Fixed 
   712 |  JC69 |         8 |    282 |             135 |          4 |      Fixed 
   713 |  JC69 |         4 |     43 |               0 |          1 |      Fixed 
   714 |  JC69 |         6 |     45 |               0 |          1 |      Fixed 
   715 |  JC69 |         4 |    133 |               3 |          3 |      Fixed 
   716 |  JC69 |        16 |    149 |               5 |          6 |      Fixed 
   717 |  JC69 |        10 |    164 |              16 |          3 |      Fixed 
   718 |  JC69 |        16 |     66 |              18 |         10 |      Fixed 
   719 |  JC69 |         8 |     84 |               5 |          2 |      Fixed 
   720 |  JC69 |        36 |    194 |               9 |          9 |      Fixed 
   721 |  JC69 |        20 |    282 |              67 |         37 |      Fixed 
   722 |  JC69 |         4 |    256 |              99 |          3 |      Fixed 
   723 |  JC69 |         6 |    278 |               8 |          4 |      Fixed 
   724 |  JC69 |         4 |    203 |               1 |          2 |      Fixed 
   725 |  JC69 |         8 |    235 |              11 |          6 |      Fixed 
   726 |  JC69 |        34 |    133 |               4 |          6 |      Fixed 
   727 |  JC69 |         8 |    145 |               2 |          3 |      Fixed 
   728 |  JC69 |        34 |    136 |               8 |         54 |      Fixed 
   729 |  JC69 |        10 |     76 |               0 |          1 |      Fixed 
   730 |  JC69 |        40 |    201 |               6 |         10 |      Fixed 
   731 |  JC69 |        10 |    280 |             126 |         15 |      Fixed 
   732 |  JC69 |        18 |    181 |               2 |          4 |      Fixed 
   733 |  JC69 |        38 |     56 |               3 |          4 |      Fixed 
   734 |  JC69 |        36 |    218 |             133 |          8 |      Fixed 
   735 |  JC69 |        32 |    386 |              35 |         63 |      Fixed 
   736 |  JC69 |        30 |    207 |               2 |          4 |      Fixed 
   737 |  JC69 |        32 |    128 |               1 |          2 |      Fixed 
   738 |  JC69 |        10 |    134 |               8 |          6 |      Fixed 
   739 |  JC69 |         4 |    272 |              19 |          3 |      Fixed 
   740 |  JC69 |         6 |    111 |               1 |          2 |      Fixed 
   741 |  JC69 |         4 |    280 |              48 |          5 |      Fixed 
   742 |  JC69 |        28 |    239 |              12 |         19 |      Fixed 
   743 |  JC69 |        32 |     69 |              10 |          6 |      Fixed 
   744 |  JC69 |        38 |    224 |               6 |          5 |      Fixed 
   745 |  JC69 |        18 |     78 |               1 |          2 |      Fixed 
   746 |  JC69 |        40 |    127 |               3 |          4 |      Fixed 
   747 |  JC69 |        38 |     81 |               4 |          5 |      Fixed 
   748 |  JC69 |         8 |    431 |             207 |          6 |      Fixed 
   749 |  JC69 |        26 |    200 |               6 |          5 |      Fixed 
   750 |  JC69 |        40 |    277 |             101 |         16 |      Fixed 
   751 |  JC69 |         6 |     94 |               0 |          3 |      Fixed 
   752 |  JC69 |        40 |    192 |              69 |         41 |      Fixed 
   753 |  JC69 |        36 |    493 |             155 |         30 |      Fixed 
   754 |  JC69 |        40 |     71 |               8 |          5 |      Fixed 
   755 |  JC69 |        40 |    316 |             139 |         18 |      Fixed 
   756 |  JC69 |        36 |     54 |               1 |          2 |      Fixed 
   757 |  JC69 |        30 |    406 |              13 |         16 |      Fixed 
   758 |  JC69 |        36 |    303 |              83 |         12 |      Fixed 
   759 |  JC69 |        30 |    177 |              18 |         66 |      Fixed 
   760 |  JC69 |        36 |     64 |               6 |         10 |      Fixed 
   761 |  JC69 |        24 |    134 |               3 |          4 |      Fixed 
   762 |  JC69 |        40 |    117 |               2 |          4 |      Fixed 
   763 |  JC69 |        40 |    236 |              15 |         24 |      Fixed 
   764 |  JC69 |        14 |    285 |             107 |         17 |      Fixed 
   765 |  JC69 |        30 |    195 |              11 |         15 |      Fixed 
   766 |  JC69 |         6 |    281 |               5 |          5 |      Fixed 
   767 |  JC69 |         6 |    281 |               9 |          5 |      Fixed 
   768 |  JC69 |        40 |    105 |               3 |          4 |      Fixed 
   769 |  JC69 |        34 |    436 |             231 |         39 |      Fixed 
   770 |  JC69 |        16 |    203 |              21 |          3 |      Fixed 
   771 |  JC69 |        40 |    114 |               2 |          3 |      Fixed 
   772 |  JC69 |        40 |    170 |               4 |         13 |      Fixed 
   773 |  JC69 |        10 |     57 |              14 |          6 |      Fixed 
   774 |  JC69 |        40 |    132 |               3 |          5 |      Fixed 
   775 |  JC69 |        16 |    286 |              19 |         16 |      Fixed 
   776 |  JC69 |        40 |    188 |               3 |         11 |      Fixed 
   777 |  JC69 |         6 |    267 |              13 |          8 |      Fixed 
   778 |  JC69 |        36 |    734 |             567 |         48 |      Fixed 
   779 |  JC69 |        40 |    236 |               6 |         21 |      Fixed 
   780 |  JC69 |        38 |    157 |              77 |          5 |      Fixed 
   781 |  JC69 |         4 |     93 |               5 |          2 |      Fixed 
   782 |  JC69 |        18 |    252 |              28 |         10 |      Fixed 
   783 |  JC69 |        34 |    292 |              26 |         21 |      Fixed 
   784 |  JC69 |        18 |    126 |               8 |          4 |      Fixed 
   785 |  JC69 |         4 |     49 |               1 |          2 |      Fixed 
   786 |  JC69 |        40 |     74 |               1 |          2 |      Fixed 
   787 |  JC69 |        36 |    107 |               2 |          4 |      Fixed 
   788 |  JC69 |        40 |    145 |               4 |          5 |      Fixed 
   789 |  JC69 |        38 |     84 |               6 |          6 |      Fixed 
   790 |  JC69 |        40 |    417 |             279 |         89 |      Fixed 
   791 |  JC69 |        10 |    119 |               1 |          6 |      Fixed 
   792 |  JC69 |        12 |    351 |              88 |         18 |      Fixed 
   793 |  JC69 |        18 |     94 |               3 |          7 |      Fixed 
   794 |  JC69 |        22 |     60 |              25 |          3 |      Fixed 
   795 |  JC69 |         4 |    721 |             262 |          4 |      Fixed 
   796 |  JC69 |         6 |    117 |               3 |          5 |      Fixed 
   797 |  JC69 |         6 |    365 |               6 |          7 |      Fixed 
   798 |  JC69 |        40 |    124 |               2 |          2 |      Fixed 
   799 |  JC69 |        40 |    734 |             294 |         21 |      Fixed 
   800 |  JC69 |        12 |    380 |             152 |          5 |      Fixed 
   801 |  JC69 |        36 |    258 |              22 |         14 |      Fixed 
   802 |  JC69 |        30 |    169 |               9 |         20 |      Fixed 
   803 |  JC69 |         8 |    205 |               1 |          2 |      Fixed 
   804 |  JC69 |        36 |    292 |              19 |         13 |      Fixed 
   805 |  JC69 |        32 |    625 |             376 |         38 |      Fixed 
   806 |  JC69 |        36 |    292 |              21 |         20 |      Fixed 
   807 |  JC69 |        38 |    114 |               8 |          7 |      Fixed 
   808 |  JC69 |         4 |    282 |               5 |          3 |      Fixed 
   809 |  JC69 |        24 |    420 |             154 |         21 |      Fixed 
   810 |  JC69 |        36 |    164 |              10 |         29 |      Fixed 
   811 |  JC69 |        38 |    200 |               4 |          6 |      Fixed 
   812 |  JC69 |        38 |    372 |              83 |         18 |      Fixed 
   813 |  JC69 |        40 |    105 |               1 |          2 |      Fixed 
   814 |  JC69 |         6 |    282 |              12 |         10 |      Fixed 
   815 |  JC69 |         4 |    134 |               1 |          2 |      Fixed 
   816 |  JC69 |         6 |     83 |               0 |          1 |      Fixed 
   817 |  JC69 |        30 |    185 |               6 |          6 |      Fixed 
   818 |  JC69 |        40 |    404 |               3 |          4 |      Fixed 
   819 |  JC69 |        18 |    279 |              24 |         21 |      Fixed 
   820 |  JC69 |         4 |    183 |               6 |          4 |      Fixed 
   821 |  JC69 |        16 |    282 |              54 |         12 |      Fixed 
   822 |  JC69 |         4 |     57 |               1 |          2 |      Fixed 
   823 |  JC69 |        16 |    357 |              87 |         29 |      Fixed 
   824 |  JC69 |        14 |    279 |              12 |         13 |      Fixed 
   825 |  JC69 |        14 |    172 |               0 |          3 |      Fixed 
   826 |  JC69 |         8 |    272 |              12 |          4 |      Fixed 
   827 |  JC69 |         4 |    200 |               1 |          3 |      Fixed 
   828 |  JC69 |        40 |    158 |              10 |          4 |      Fixed 
   829 |  JC69 |         4 |    280 |               5 |          6 |      Fixed 
   830 |  JC69 |        40 |    420 |              94 |         28 |      Fixed 
   831 |  JC69 |        12 |    245 |              11 |         11 |      Fixed 
   832 |  JC69 |         4 |     87 |               2 |          3 |      Fixed 
   833 |  JC69 |        26 |    202 |              11 |         11 |      Fixed 
   834 |  JC69 |         4 |    275 |               3 |          4 |      Fixed 
   835 |  JC69 |        40 |    576 |             395 |         28 |      Fixed 
   836 |  JC69 |        32 |    431 |             158 |         17 |      Fixed 
   837 |  JC69 |         6 |    220 |               2 |          4 |      Fixed 
   838 |  JC69 |        20 |    215 |              20 |         15 |      Fixed 
   839 |  JC69 |        40 |    220 |              12 |        122 |      Fixed 
   840 |  JC69 |        10 |    305 |             101 |         14 |      Fixed 
   841 |  JC69 |        40 |    468 |              32 |         27 |      Fixed 
   842 |  JC69 |        24 |    284 |              21 |         16 |      Fixed 
   843 |  JC69 |        40 |    149 |              62 |          7 |      Fixed 
   844 |  JC69 |         4 |    281 |              11 |          6 |      Fixed 
   845 |  JC69 |        38 |    317 |             160 |         28 |      Fixed 
   846 |  JC69 |        38 |    201 |              13 |         19 |      Fixed 
   847 |  JC69 |         4 |    203 |               0 |          2 |      Fixed 
   848 |  JC69 |        24 |    365 |              11 |         15 |      Fixed 
   849 |  JC69 |        40 |     78 |               2 |          3 |      Fixed 
   850 |  JC69 |        14 |    280 |              51 |         23 |      Fixed 
   851 |  JC69 |        24 |    282 |              91 |         19 |      Fixed 
   852 |  JC69 |        18 |     67 |               9 |          4 |      Fixed 
   853 |  JC69 |        40 |     84 |               3 |          4 |      Fixed 
   854 |  JC69 |         4 |     64 |               1 |          2 |      Fixed 
   855 |  JC69 |        30 |    202 |               8 |          9 |      Fixed 
   856 |  JC69 |        12 |    420 |             204 |         12 |      Fixed 
   857 |  JC69 |        40 |    157 |               3 |          4 |      Fixed 
   858 |  JC69 |        26 |    221 |               5 |          8 |      Fixed 
   859 |  JC69 |        40 |    133 |               3 |          4 |      Fixed 
   860 |  JC69 |        38 |    111 |               3 |          4 |      Fixed 
   861 |  JC69 |        14 |    182 |               2 |          3 |      Fixed 
   862 |  JC69 |        40 |     76 |               8 |         12 |      Fixed 
   863 |  JC69 |        40 |    138 |               4 |          6 |      Fixed 
   864 |  JC69 |        32 |     59 |               7 |          5 |      Fixed 
   865 |  JC69 |        38 |    169 |              33 |         24 |      Fixed 
   866 |  JC69 |        36 |     82 |               0 |          1 |      Fixed 
   867 |  JC69 |        40 |    143 |               5 |          6 |      Fixed 
   868 |  JC69 |        40 |     93 |               0 |          1 |      Fixed 
   869 |  JC69 |        14 |    115 |              14 |          5 |      Fixed 
   870 |  JC69 |        10 |     70 |               0 |          2 |      Fixed 
   871 |  JC69 |         6 |     78 |               0 |          1 |      Fixed 
   872 |  JC69 |        28 |     84 |               2 |          3 |      Fixed 
   873 |  JC69 |         8 |    193 |               2 |          3 |      Fixed 
   874 |  JC69 |        38 |    219 |              12 |         10 |      Fixed 
   875 |  JC69 |        28 |    108 |               3 |          4 |      Fixed 
   876 |  JC69 |        12 |    281 |               8 |         16 |      Fixed 
   877 |  JC69 |        24 |    123 |              43 |          8 |      Fixed 
   878 |  JC69 |         8 |     91 |               0 |          1 |      Fixed 
   879 |  JC69 |        40 |    108 |               4 |          9 |      Fixed 
   880 |  JC69 |        36 |    303 |              14 |         49 |      Fixed 
   881 |  JC69 |        34 |    289 |              32 |         26 |      Fixed 
   882 |  JC69 |        34 |    210 |              21 |         14 |      Fixed 
   883 |  JC69 |        18 |    230 |               6 |          7 |      Fixed 
   884 |  JC69 |        18 |    196 |               9 |          8 |      Fixed 
   885 |  JC69 |        12 |    286 |              22 |         19 |      Fixed 
   886 |  JC69 |        18 |    280 |              31 |         10 |      Fixed 
   887 |  JC69 |        24 |    227 |              17 |         19 |      Fixed 
   888 |  JC69 |        16 |    265 |              10 |          5 |      Fixed 
   889 |  JC69 |        30 |    372 |             179 |         22 |      Fixed 
   890 |  JC69 |        28 |    334 |               4 |          5 |      Fixed 
   891 |  JC69 |        40 |    117 |               4 |         61 |      Fixed 
   892 |  JC69 |        38 |     47 |               3 |          4 |      Fixed 
   893 |  JC69 |        36 |     66 |               2 |          3 |      Fixed 
   894 |  JC69 |         4 |    291 |              14 |          4 |      Fixed 
   895 |  JC69 |        18 |    543 |             272 |         21 |      Fixed 
   896 |  JC69 |        24 |     81 |               6 |         11 |      Fixed 
   897 |  JC69 |        38 |    122 |              11 |          9 |      Fixed 
   898 |  JC69 |        40 |    146 |               3 |          5 |      Fixed 
   899 |  JC69 |        24 |    604 |             310 |         17 |      Fixed 
   900 |  JC69 |        40 |     84 |               1 |          2 |      Fixed 
   901 |  JC69 |        38 |     55 |               5 |          4 |      Fixed 
   902 |  JC69 |        14 |     89 |               5 |          2 |      Fixed 
   903 |  JC69 |        40 |     85 |               5 |          6 |      Fixed 
   904 |  JC69 |        40 |    188 |               7 |         18 |      Fixed 
   905 |  JC69 |         4 |    263 |               6 |          7 |      Fixed 
   906 |  JC69 |         4 |    120 |               4 |          5 |      Fixed 
   907 |  JC69 |        38 |    292 |              34 |         22 |      Fixed 
   908 |  JC69 |         4 |    263 |               4 |          3 |      Fixed 
   909 |  JC69 |        38 |    429 |             255 |        147 |      Fixed 
   910 |  JC69 |        40 |    168 |               0 |          1 |      Fixed 
   911 |  JC69 |        16 |    282 |              11 |          9 |      Fixed 
   912 |  JC69 |        40 |     45 |               3 |          4 |      Fixed 
   913 |  JC69 |        10 |    345 |             129 |         12 |      Fixed 
   914 |  JC69 |        36 |    109 |               8 |          8 |      Fixed 
   915 |  JC69 |        26 |    236 |             111 |         14 |      Fixed 
   916 |  JC69 |        38 |    453 |             191 |         17 |      Fixed 
   917 |  JC69 |        30 |     90 |               6 |          8 |      Fixed 
   918 |  JC69 |         4 |    283 |              15 |          4 |      Fixed 
   919 |  JC69 |        40 |    129 |               0 |          1 |      Fixed 
   920 |  JC69 |        26 |     65 |               7 |         13 |      Fixed 
   921 |  JC69 |         8 |    279 |              30 |         16 |      Fixed 
   922 |  JC69 |         4 |    281 |             109 |          7 |      Fixed 
   923 |  JC69 |        40 |    197 |               3 |          6 |      Fixed 
   924 |  JC69 |        18 |    282 |              10 |          9 |      Fixed 
   925 |  JC69 |        34 |    166 |              24 |         45 |      Fixed 
   926 |  JC69 |        36 |     84 |               5 |          8 |      Fixed 
   927 |  JC69 |         6 |    277 |              17 |         11 |      Fixed 
   928 |  JC69 |        20 |    281 |              30 |         11 |      Fixed 
   929 |  JC69 |        32 |    468 |              23 |         16 |      Fixed 
   930 |  JC69 |        20 |     55 |               1 |          2 |      Fixed 
   931 |  JC69 |         6 |     82 |               3 |          3 |      Fixed 
   932 |  JC69 |        14 |    214 |              15 |          4 |      Fixed 
   933 |  JC69 |         6 |    281 |               3 |          6 |      Fixed 
   934 |  JC69 |         6 |    281 |              54 |         17 |      Fixed 
   935 |  JC69 |        10 |    139 |               2 |          5 |      Fixed 
   936 |  JC69 |        16 |    259 |              14 |         11 |      Fixed 
   937 |  JC69 |         8 |    139 |               3 |          4 |      Fixed 
   938 |  JC69 |        36 |     91 |               0 |          1 |      Fixed 
   939 |  JC69 |        30 |    560 |              31 |         19 |      Fixed 
   940 |  JC69 |        10 |     88 |               1 |          3 |      Fixed 
   941 |  JC69 |        36 |    113 |               1 |          2 |      Fixed 
   942 |  JC69 |         6 |    278 |               9 |          5 |      Fixed 
   943 |  JC69 |        12 |     98 |               3 |          5 |      Fixed 
   944 |  JC69 |        34 |     96 |              17 |         13 |      Fixed 
   945 |  JC69 |        20 |    406 |             143 |         11 |      Fixed 
   946 |  JC69 |         6 |    280 |              11 |          4 |      Fixed 
   947 |  JC69 |        12 |    272 |              21 |          8 |      Fixed 
   948 |  JC69 |         6 |    454 |             257 |          6 |      Fixed 
   949 |  JC69 |        36 |    175 |               4 |          5 |      Fixed 
   950 |  JC69 |        10 |    163 |               6 |          6 |      Fixed 
   951 |  JC69 |         4 |    254 |              13 |          4 |      Fixed 
   952 |  JC69 |         4 |    194 |              63 |          3 |      Fixed 
   953 |  JC69 |        26 |    290 |             105 |         36 |      Fixed 
   954 |  JC69 |        40 |     84 |               2 |          3 |      Fixed 
   955 |  JC69 |        16 |    120 |               1 |          3 |      Fixed 
   956 |  JC69 |        18 |    282 |              44 |         25 |      Fixed 
   957 |  JC69 |         4 |     49 |               0 |          1 |      Fixed 
   958 |  JC69 |        38 |     84 |               4 |          6 |      Fixed 
   959 |  JC69 |        32 |     80 |               2 |          3 |      Fixed 
   960 |  JC69 |        14 |    281 |              14 |         11 |      Fixed 
   961 |  JC69 |        40 |    170 |               3 |          6 |      Fixed 
   962 |  JC69 |        14 |    274 |              20 |         14 |      Fixed 
   963 |  JC69 |        40 |    285 |               9 |         12 |      Fixed 
   964 |  JC69 |        38 |    109 |               6 |          7 |      Fixed 
   965 |  JC69 |        40 |    274 |               6 |         15 |      Fixed 
   966 |  JC69 |        40 |    115 |               2 |          6 |      Fixed 
   967 |  JC69 |        40 |    154 |              33 |         32 |      Fixed 
   968 |  JC69 |        34 |    199 |               2 |          3 |      Fixed 
   969 |  JC69 |         4 |    110 |               0 |          1 |      Fixed 
   970 |  JC69 |        18 |    277 |              23 |         11 |      Fixed 
   971 |  JC69 |         6 |    135 |               6 |          4 |      Fixed 
   972 |  JC69 |         4 |    276 |               3 |          4 |      Fixed 
   973 |  JC69 |        40 |     54 |               3 |          4 |      Fixed 
   974 |  JC69 |        40 |     84 |               6 |          7 |      Fixed 
   975 |  JC69 |         6 |    268 |              44 |          5 |      Fixed 
   976 |  JC69 |        40 |    152 |               3 |          6 |      Fixed 
   977 |  JC69 |         4 |    128 |               0 |          1 |      Fixed 
   978 |  JC69 |        40 |     79 |               1 |          2 |      Fixed 
   979 |  JC69 |        36 |    206 |               5 |          5 |      Fixed 
   980 |  JC69 |        36 |    196 |               6 |          9 |      Fixed 
   981 |  JC69 |        40 |    572 |             263 |         17 |      Fixed 
   982 |  JC69 |        40 |    313 |             142 |         46 |      Fixed 
   983 |  JC69 |         8 |    275 |              48 |          9 |      Fixed 
   984 |  JC69 |         8 |    210 |              86 |         10 |      Fixed 
   985 |  JC69 |         6 |    194 |              48 |          3 |      Fixed 
   986 |  JC69 |        40 |    353 |             131 |         13 |      Fixed 
   987 |  JC69 |        26 |    537 |             286 |         67 |      Fixed 
   988 |  JC69 |        14 |    226 |               6 |          6 |      Fixed 
   989 |  JC69 |        30 |    277 |              59 |         39 |      Fixed 
   990 |  JC69 |         6 |    279 |              10 |          9 |      Fixed 
   991 |  JC69 |        32 |    158 |               9 |         63 |      Fixed 
   992 |  JC69 |         8 |     93 |               9 |          3 |      Fixed 
   993 |  JC69 |        18 |    243 |              57 |          7 |      Fixed 
   994 |  JC69 |         4 |     48 |               0 |          1 |      Fixed 
   995 |  JC69 |        40 |    167 |               1 |          2 |      Fixed 
   996 |  JC69 |        40 |    244 |              18 |         16 |      Fixed 
   997 |  JC69 |        36 |    618 |             409 |         21 |      Fixed 
   998 |  JC69 |        18 |    156 |               4 |          5 |      Fixed 
   999 |  JC69 |        22 |    217 |              84 |          7 |      Fixed 
  1000 |  JC69 |        38 |    306 |             131 |         27 |      Fixed 
  1001 |  JC69 |        34 |    252 |              11 |         13 |      Fixed 
  1002 |  JC69 |        38 |     69 |               6 |          3 |      Fixed 
  1003 |  JC69 |        12 |    232 |              87 |          6 |      Fixed 
  1004 |  JC69 |        38 |     71 |              21 |          8 |      Fixed 
  1005 |  JC69 |        34 |    104 |              11 |          5 |      Fixed 
  1006 |  JC69 |        40 |    101 |               2 |          3 |      Fixed 
  1007 |  JC69 |        30 |     74 |               6 |          8 |      Fixed 
  1008 |  JC69 |        40 |     62 |               3 |          5 |      Fixed 
  1009 |  JC69 |        22 |    251 |              15 |         10 |      Fixed 
  1010 |  JC69 |        40 |    263 |               8 |         13 |      Fixed 
  1011 |  JC69 |        40 |    263 |              10 |         56 |      Fixed 
  1012 |  JC69 |        34 |     60 |              19 |         14 |      Fixed 
  1013 |  JC69 |        14 |    292 |             109 |         23 |      Fixed 
  1014 |  JC69 |         4 |     70 |               0 |          1 |      Fixed 
  1015 |  JC69 |        40 |    676 |             289 |         31 |      Fixed 
  1016 |  JC69 |        40 |    136 |               0 |          1 |      Fixed 
  1017 |  JC69 |        18 |    282 |              73 |         35 |      Fixed 
  1018 |  JC69 |        32 |    141 |               9 |          9 |      Fixed 
  1019 |  JC69 |         8 |    163 |               0 |          1 |      Fixed 
  1020 |  JC69 |        40 |    150 |               4 |         14 |      Fixed 
  1021 |  JC69 |        30 |    139 |               1 |          2 |      Fixed 
  1022 |  JC69 |        14 |    143 |               5 |          9 |      Fixed 
  1023 |  JC69 |         4 |    276 |             104 |          3 |      Fixed 
  1024 |  JC69 |         6 |    132 |               1 |          2 |      Fixed 
  1025 |  JC69 |        14 |    132 |               6 |          4 |      Fixed 
  1026 |  JC69 |        30 |    132 |               1 |          2 |      Fixed 
  1027 |  JC69 |        40 |    307 |              12 |         21 |      Fixed 
  1028 |  JC69 |        40 |    249 |              58 |          6 |      Fixed 
  1029 |  JC69 |        24 |    524 |             268 |         28 |      Fixed 
  1030 |  JC69 |         6 |    269 |               4 |          6 |      Fixed 
  1031 |  JC69 |        36 |    678 |             536 |         27 |      Fixed 
  1032 |  JC69 |        40 |    148 |               4 |          9 |      Fixed 
  1033 |  JC69 |        30 |    263 |              20 |         32 |      Fixed 
  1034 |  JC69 |        36 |    306 |               5 |          7 |      Fixed 
  1035 |  JC69 |         4 |    141 |               0 |          1 |      Fixed 
  1036 |  JC69 |        24 |    448 |             109 |         26 |      Fixed 
  1037 |  JC69 |         4 |     49 |               0 |          1 |      Fixed 
  1038 |  JC69 |         6 |     51 |               5 |          2 |      Fixed 
  1039 |  JC69 |         4 |    246 |               0 |          1 |      Fixed 
  1040 |  JC69 |        10 |    185 |               5 |          3 |      Fixed 
  1041 |  JC69 |        36 |     69 |               5 |          3 |      Fixed 
  1042 |  JC69 |        36 |    412 |             116 |         13 |      Fixed 
  1043 |  JC69 |        16 |    372 |             235 |         14 |      Fixed 
  1044 |  JC69 |        34 |    329 |              13 |         10 |      Fixed 
  1045 |  JC69 |        40 |    161 |               2 |          3 |      Fixed 
  1046 |  JC69 |        28 |    220 |              32 |         17 |      Fixed 
  1047 |  JC69 |        38 |    266 |             138 |          8 |      Fixed 
  1048 |  JC69 |        34 |    216 |               4 |          4 |      Fixed 
  1049 |  JC69 |        38 |    199 |               6 |         23 |      Fixed 
  1050 |  JC69 |        14 |    122 |               2 |          3 |      Fixed 
  1051 |  JC69 |         6 |    282 |               9 |          6 |      Fixed 
  1052 |  JC69 |        34 |    127 |               6 |         14 |      Fixed 
  1053 |  JC69 |        40 |    333 |              18 |          7 |      Fixed 
  1054 |  JC69 |        10 |     43 |               0 |          1 |      Fixed 
  1055 |  JC69 |        16 |    449 |             228 |         24 |      Fixed 
  1056 |  JC69 |         4 |     43 |               0 |          1 |      Fixed 
  1057 |  JC69 |        38 |     89 |              28 |         20 |      Fixed 
  1058 |  JC69 |        40 |    454 |             177 |         16 |      Fixed 
  1059 |  JC69 |        14 |    282 |              74 |         20 |      Fixed 
  1060 |  JC69 |        20 |    147 |               3 |          3 |      Fixed 
  1061 |  JC69 |        26 |    119 |               9 |          5 |      Fixed 
  1062 |  JC69 |        40 |    154 |               4 |         21 |      Fixed 
  1063 |  JC69 |        38 |    156 |               9 |         21 |      Fixed 
  1064 |  JC69 |        40 |    446 |               8 |          8 |      Fixed 
  1065 |  JC69 |        40 |    149 |               8 |          6 |      Fixed 
  1066 |  JC69 |        40 |    165 |              74 |         22 |      Fixed 
  1067 |  JC69 |        12 |     62 |               0 |          1 |      Fixed 
  1068 |  JC69 |         4 |    258 |              15 |          5 |      Fixed 
  1069 |  JC69 |        40 |    184 |               1 |          2 |      Fixed 
  1070 |  JC69 |        38 |    274 |              72 |          9 |      Fixed 
  1071 |  JC69 |         6 |     70 |               0 |          1 |      Fixed 
  1072 |  JC69 |        12 |    282 |              36 |         29 |      Fixed 
  1073 |  JC69 |         4 |    277 |               8 |          4 |      Fixed 
  1074 |  JC69 |         8 |    281 |               7 |          3 |      Fixed 
  1075 |  JC69 |        22 |    471 |             163 |         32 |      Fixed 
  1076 |  JC69 |        40 |    209 |               4 |         11 |      Fixed 
  1077 |  JC69 |        40 |    216 |              11 |         32 |      Fixed 
  1078 |  JC69 |        40 |    111 |               6 |          8 |      Fixed 
  1079 |  JC69 |         6 |    276 |               9 |          4 |      Fixed 
  1080 |  JC69 |         6 |    266 |               4 |          6 |      Fixed 
  1081 |  JC69 |        38 |    133 |              11 |         22 |      Fixed 
  1082 |  JC69 |         4 |    282 |               9 |          7 |      Fixed 
  1083 |  JC69 |        40 |    604 |               7 |         10 |      Fixed 
  1084 |  JC69 |         4 |    136 |               3 |          2 |      Fixed 
  1085 |  JC69 |         4 |    279 |              95 |          4 |      Fixed 
  1086 |  JC69 |        22 |    313 |             162 |         21 |      Fixed 
  1087 |  JC69 |         8 |     70 |               4 |          3 |      Fixed 
  1088 |  JC69 |        40 |    382 |             242 |         11 |      Fixed 
  1089 |  JC69 |        34 |    242 |               5 |          7 |      Fixed 
  1090 |  JC69 |        20 |    286 |              77 |         34 |      Fixed 
  1091 |  JC69 |        10 |     62 |               0 |          1 |      Fixed 
  1092 |  JC69 |         8 |     63 |               2 |          3 |      Fixed 
  1093 |  JC69 |         8 |    102 |               1 |          2 |      Fixed 
  1094 |  JC69 |        24 |    425 |             157 |         11 |      Fixed 
  1095 |  JC69 |        10 |    279 |              54 |         15 |      Fixed 
  1096 |  JC69 |        36 |    282 |              15 |         14 |      Fixed 
  1097 |  JC69 |        14 |     96 |               3 |          2 |      Fixed 
  1098 |  JC69 |        38 |    421 |             328 |         22 |      Fixed 
  1099 |  JC69 |        26 |    161 |               6 |          4 |      Fixed 
  1100 |  JC69 |        28 |    292 |              26 |         83 |      Fixed 
  1101 |  JC69 |        40 |    185 |               4 |          5 |      Fixed 
  1102 |  JC69 |         8 |    213 |               5 |          4 |      Fixed 
  1103 |  JC69 |         8 |    280 |              34 |         17 |      Fixed 
  1104 |  JC69 |        38 |    292 |              59 |         26 |      Fixed 
  1105 |  JC69 |        40 |    162 |              28 |          7 |      Fixed 
  1106 |  JC69 |        22 |    138 |              11 |          7 |      Fixed 
  1107 |  JC69 |        18 |    548 |             278 |         20 |      Fixed 
  1108 |  JC69 |         6 |    282 |              14 |          8 |      Fixed 
  1109 |  JC69 |        26 |    229 |               8 |         10 |      Fixed 
  1110 |  JC69 |         6 |    173 |               1 |          2 |      Fixed 
  1111 |  JC69 |         6 |    277 |              12 |          6 |      Fixed 
  1112 |  JC69 |        28 |    149 |              11 |          6 |      Fixed 
  1113 |  JC69 |        40 |    166 |               3 |          4 |      Fixed 
  1114 |  JC69 |        40 |    404 |             129 |         14 |      Fixed 
  1115 |  JC69 |         8 |    280 |               9 |          7 |      Fixed 
  1116 |  JC69 |        24 |    284 |              23 |         14 |      Fixed 
  1117 |  JC69 |         6 |     41 |               0 |          1 |      Fixed 
  1118 |  JC69 |        40 |    319 |              12 |         20 |      Fixed 
  1119 |  JC69 |         6 |    279 |               9 |          5 |      Fixed 
  1120 |  JC69 |        40 |    429 |              13 |         16 |      Fixed 
  1121 |  JC69 |        40 |    220 |              11 |          8 |      Fixed 
  1122 |  JC69 |         4 |    286 |              15 |          6 |      Fixed 
  1123 |  JC69 |         4 |    133 |               0 |          1 |      Fixed 
  1124 |  JC69 |        14 |    284 |              24 |         16 |      Fixed 
  1125 |  JC69 |        16 |    280 |              23 |         15 |      Fixed 
  1126 |  JC69 |        26 |    119 |               9 |          9 |      Fixed 
  1127 |  JC69 |         8 |    323 |              95 |          5 |      Fixed 
  1128 |  JC69 |         6 |     89 |               5 |          4 |      Fixed 
  1129 |  JC69 |        40 |    112 |               8 |         14 |      Fixed 
  1130 |  JC69 |        40 |    319 |             156 |         13 |      Fixed 
  1131 |  JC69 |         4 |    280 |              17 |          3 |      Fixed 
  1132 |  JC69 |        40 |    273 |              79 |         78 |      Fixed 
  1133 |  JC69 |         6 |    281 |              19 |          9 |      Fixed 
  1134 |  JC69 |        34 |    287 |              26 |         23 |      Fixed 
  1135 |  JC69 |        22 |    414 |             158 |         11 |      Fixed 
  1136 |  JC69 |        18 |    118 |               2 |          3 |      Fixed 
  1137 |  JC69 |        40 |     92 |               4 |          5 |      Fixed 
  1138 |  JC69 |         6 |    275 |              16 |          9 |      Fixed 
  1139 |  JC69 |        12 |    226 |              21 |         10 |      Fixed 
  1140 |  JC69 |        16 |    280 |              44 |         22 |      Fixed 
  1141 |  JC69 |         6 |    126 |               0 |          1 |      Fixed 
  1142 |  JC69 |        40 |    152 |               2 |          4 |      Fixed 
  1143 |  JC69 |        40 |    146 |               5 |          3 |      Fixed 
  1144 |  JC69 |         6 |    280 |               9 |          7 |      Fixed 
  1145 |  JC69 |        34 |    289 |              27 |         20 |      Fixed 
  1146 |  JC69 |        40 |    127 |               1 |          2 |      Fixed 
  1147 |  JC69 |        40 |     98 |               1 |          2 |      Fixed 
  1148 |  JC69 |         4 |     43 |               0 |          1 |      Fixed 
  1149 |  JC69 |        36 |    272 |              12 |          9 |      Fixed 
  1150 |  JC69 |        16 |    277 |              26 |         16 |      Fixed 
  1151 |  JC69 |        32 |    146 |              10 |          9 |      Fixed 
  1152 |  JC69 |        40 |    194 |               0 |          1 |      Fixed 
  1153 |  JC69 |        18 |    373 |             135 |         10 |      Fixed 
  1154 |  JC69 |         6 |     42 |               0 |          1 |      Fixed 
  1155 |  JC69 |        38 |    229 |              13 |         16 |      Fixed 
  1156 |  JC69 |         6 |    219 |              12 |          6 |      Fixed 
  1157 |  JC69 |         6 |    276 |              96 |          4 |      Fixed 
  1158 |  JC69 |         6 |    281 |              32 |          4 |      Fixed 
  1159 |  JC69 |        36 |    298 |             250 |         15 |      Fixed 
  1160 |  JC69 |        18 |    284 |              11 |         17 |      Fixed 
  1161 |  JC69 |        34 |    156 |               6 |         10 |      Fixed 
  1162 |  JC69 |        14 |    286 |              30 |         31 |      Fixed 
  1163 |  JC69 |        40 |    137 |               2 |          3 |      Fixed 
  1164 |  JC69 |        32 |    228 |              11 |         10 |      Fixed 
  1165 |  JC69 |        40 |    144 |              21 |         16 |      Fixed 
  1166 |  JC69 |        40 |    101 |               6 |          7 |      Fixed 
  1167 |  JC69 |        34 |    355 |              89 |         29 |      Fixed 
  1168 |  JC69 |        38 |    373 |             238 |         13 |      Fixed 
  1169 |  JC69 |        38 |    184 |               2 |          3 |      Fixed 
  1170 |  JC69 |        10 |    291 |              23 |         24 |      Fixed 
  1171 |  JC69 |        34 |     69 |               4 |          6 |      Fixed 
  1172 |  JC69 |        40 |     82 |               0 |          1 |      Fixed 
  1173 |  JC69 |        20 |    334 |              79 |         32 |      Fixed 
  1174 |  JC69 |        40 |     69 |               5 |          6 |      Fixed 
  1175 |  JC69 |        38 |    168 |               1 |          2 |      Fixed 
  1176 |  JC69 |        40 |    198 |               7 |          8 |      Fixed 
  1177 |  JC69 |        40 |    304 |              29 |          4 |      Fixed 
  1178 |  JC69 |        36 |    669 |             353 |         17 |      Fixed 
  1179 |  JC69 |        32 |     74 |               1 |          2 |      Fixed 
  1180 |  JC69 |        22 |    184 |              11 |          9 |      Fixed 
  1181 |  JC69 |        40 |    490 |             182 |         43 |      Fixed 
  1182 |  JC69 |        10 |     74 |               3 |          2 |      Fixed 
  1183 |  JC69 |        38 |    434 |             173 |         44 |      Fixed 
  1184 |  JC69 |        18 |    144 |               1 |          2 |      Fixed 
  1185 |  JC69 |        36 |    197 |               5 |         10 |      Fixed 
  1186 |  JC69 |        40 |     93 |               0 |          1 |      Fixed 
  1187 |  JC69 |         6 |     51 |               6 |          3 |      Fixed 
  1188 |  JC69 |         6 |     79 |               1 |          2 |      Fixed 
  1189 |  JC69 |        22 |    233 |              21 |         23 |      Fixed 
  1190 |  JC69 |        40 |    165 |              56 |          9 |      Fixed 
  1191 |  JC69 |        12 |    254 |             116 |          6 |      Fixed 
  1192 |  JC69 |        34 |    275 |              83 |         13 |      Fixed 
  1193 |  JC69 |        10 |     40 |               7 |          7 |      Fixed 
  1194 |  JC69 |        10 |    384 |               9 |         10 |      Fixed 
  1195 |  JC69 |         6 |     58 |               2 |          3 |      Fixed 
  1196 |  JC69 |         4 |     40 |               0 |          1 |      Fixed 
  1197 |  JC69 |         6 |    265 |               4 |          4 |      Fixed 
  1198 |  JC69 |         4 |    152 |               8 |          6 |      Fixed 
  1199 |  JC69 |        14 |     78 |              20 |          4 |      Fixed 
  1200 |  JC69 |        16 |    319 |               8 |          8 |      Fixed 
  1201 |  JC69 |         4 |    210 |              45 |          8 |      Fixed 
  1202 |  JC69 |        20 |     75 |              10 |         19 |      Fixed 
  1203 |  JC69 |         6 |    195 |               3 |          5 |      Fixed 
  1204 |  JC69 |        34 |     87 |               0 |          1 |      Fixed 
  1205 |  JC69 |        36 |     76 |               3 |          6 |      Fixed 
  1206 |  JC69 |        38 |    189 |               2 |          3 |      Fixed 
  1207 |  JC69 |        38 |     87 |               5 |          4 |      Fixed 
  1208 |  JC69 |        38 |     69 |               4 |          5 |      Fixed 
  1209 |  JC69 |         4 |    285 |               3 |          3 |      Fixed 
  1210 |  JC69 |        34 |    121 |              11 |         14 |      Fixed 
  1211 |  JC69 |        40 |    174 |               5 |          6 |      Fixed 
  1212 |  JC69 |         4 |    282 |              32 |          8 |      Fixed 
  1213 |  JC69 |        14 |    258 |              13 |         10 |      Fixed 
  1214 |  JC69 |        38 |    192 |               8 |         16 |      Fixed 
  1215 |  JC69 |        30 |     67 |               1 |          2 |      Fixed 
  1216 |  JC69 |         4 |     41 |               0 |          1 |      Fixed 
  1217 |  JC69 |         6 |    278 |               9 |          5 |      Fixed 
  1218 |  JC69 |        40 |    196 |              83 |        129 |      Fixed 
  1219 |  JC69 |        40 |     74 |               5 |          6 |      Fixed 
  1220 |  JC69 |        40 |    247 |               8 |          9 |      Fixed 
  1221 |  JC69 |        40 |    163 |               6 |          9 |      Fixed 
  1222 |  JC69 |        40 |    200 |               2 |          3 |      Fixed 
  1223 |  JC69 |        40 |     61 |               3 |          4 |      Fixed 
  1224 |  JC69 |        18 |    280 |              11 |         10 |      Fixed 
  1225 |  JC69 |        38 |    118 |               6 |          5 |      Fixed 
  1226 |  JC69 |        20 |    140 |               3 |          6 |      Fixed 
  1227 |  JC69 |        38 |     97 |              40 |         20 |      Fixed 
  1228 |  JC69 |        16 |     49 |               0 |          1 |      Fixed 
  1229 |  JC69 |        12 |    279 |              12 |          6 |      Fixed 
  1230 |  JC69 |        24 |     92 |               2 |          3 |      Fixed 
  1231 |  JC69 |         4 |     47 |               2 |          4 |      Fixed 
  1232 |  JC69 |        40 |    249 |              10 |         30 |      Fixed 
  1233 |  JC69 |         4 |    282 |               8 |          4 |      Fixed 
  1234 |  JC69 |        26 |    282 |              36 |         22 |      Fixed 
  1235 |  JC69 |        30 |     55 |               0 |          1 |      Fixed 
  1236 |  JC69 |        30 |    288 |              41 |         25 |      Fixed 
  1237 |  JC69 |        36 |    355 |               9 |         12 |      Fixed 
  1238 |  JC69 |        32 |    415 |             195 |         29 |      Fixed 
  1239 |  JC69 |         4 |    283 |               1 |          2 |      Fixed 
  1240 |  JC69 |        14 |    399 |             184 |          8 |      Fixed 
  1241 |  JC69 |         6 |    278 |              12 |          7 |      Fixed 
  1242 |  JC69 |        40 |    335 |              14 |         57 |      Fixed 
  1243 |  JC69 |        14 |    403 |             181 |         12 |      Fixed 
  1244 |  JC69 |        26 |    105 |               6 |          5 |      Fixed 
  1245 |  JC69 |        40 |    184 |               3 |          8 |      Fixed 
  1246 |  JC69 |        10 |    218 |               4 |          4 |      Fixed 
  1247 |  JC69 |        30 |    481 |             138 |         54 |      Fixed 
  1248 |  JC69 |         6 |     64 |               0 |          1 |      Fixed 
  1249 |  JC69 |        26 |    345 |              99 |         21 |      Fixed 
  1250 |  JC69 |        38 |    583 |             285 |         61 |      Fixed 
  1251 |  JC69 |        34 |    292 |              27 |         29 |      Fixed 
  1252 |  JC69 |        40 |     60 |               1 |          2 |      Fixed 
  1253 |  JC69 |         6 |    140 |               0 |          2 |      Fixed 
  1254 |  JC69 |         6 |    282 |               6 |          4 |      Fixed 
  1255 |  JC69 |         4 |     36 |               2 |          2 |      Fixed 
  1256 |  JC69 |         4 |    209 |               3 |          5 |      Fixed 
  1257 |  JC69 |        40 |    115 |               3 |          4 |      Fixed 
  1258 |  JC69 |        30 |    288 |              65 |         19 |      Fixed 
  1259 |  JC69 |         8 |    279 |              27 |         11 |      Fixed 
  1260 |  JC69 |        34 |     64 |               5 |          7 |      Fixed 
  1261 |  JC69 |        40 |    283 |               3 |          6 |      Fixed 
  1262 |  JC69 |        40 |    239 |             101 |         10 |      Fixed 
  1263 |  JC69 |        10 |    263 |              11 |          5 |      Fixed 
  1264 |  JC69 |        36 |     67 |               0 |          1 |      Fixed 
  1265 |  JC69 |        40 |    129 |              40 |          3 |      Fixed 
  1266 |  JC69 |        24 |     75 |               3 |          3 |      Fixed 
  1267 |  JC69 |         8 |     79 |               1 |          2 |      Fixed 
  1268 |  JC69 |         4 |    254 |              60 |          5 |      Fixed 
  1269 |  JC69 |        40 |    126 |              10 |         18 |      Fixed 
  1270 |  JC69 |        32 |    557 |             335 |         26 |      Fixed 
  1271 |  JC69 |         6 |    400 |               8 |          6 |      Fixed 
  1272 |  JC69 |        32 |    281 |               2 |          4 |      Fixed 
  1273 |  JC69 |        34 |    362 |             107 |          7 |      Fixed 
  1274 |  JC69 |        16 |    500 |             191 |          9 |      Fixed 
  1275 |  JC69 |        40 |    136 |               1 |          3 |      Fixed 
  1276 |  JC69 |         4 |    360 |               4 |          4 |      Fixed 
  1277 |  JC69 |        40 |    230 |              14 |          5 |      Fixed 
  1278 |  JC69 |        22 |    331 |             147 |         19 |      Fixed 
  1279 |  JC69 |        40 |    225 |               3 |          3 |      Fixed 
  1280 |  JC69 |        10 |     59 |               0 |          1 |      Fixed 
  1281 |  JC69 |        40 |    495 |               6 |          7 |      Fixed 
  1282 |  JC69 |        24 |    704 |             704 |         22 |      Fixed 
  1283 |  JC69 |        40 |    132 |               2 |          4 |      Fixed 
  1284 |  JC69 |        16 |    254 |              10 |         11 |      Fixed 
  1285 |  JC69 |        24 |     70 |               6 |          3 |      Fixed 
  1286 |  JC69 |         8 |     57 |               5 |          2 |      Fixed 
  1287 |  JC69 |        12 |    278 |             110 |         11 |      Fixed 
  1288 |  JC69 |        22 |    575 |              87 |         58 |      Fixed 
  1289 |  JC69 |        38 |    142 |               3 |          3 |      Fixed 
  1290 |  JC69 |        40 |    156 |              59 |          7 |      Fixed 
  1291 |  JC69 |         4 |     54 |               0 |          1 |      Fixed 
  1292 |  JC69 |         4 |     83 |              30 |          2 |      Fixed 
  1293 |  JC69 |        40 |    286 |             143 |          6 |      Fixed 
  1294 |  JC69 |        32 |    284 |              10 |         13 |      Fixed 
  1295 |  JC69 |        40 |     94 |               4 |          5 |      Fixed 
  1296 |  JC69 |        36 |     60 |               5 |          6 |      Fixed 
  1297 |  JC69 |        34 |    101 |               2 |          3 |      Fixed 
  1298 |  JC69 |        36 |    201 |               8 |          9 |      Fixed 
  1299 |  JC69 |        32 |    185 |              13 |         14 |      Fixed 
  1300 |  JC69 |         4 |    193 |               2 |          2 |      Fixed 
  1301 |  JC69 |        30 |    827 |             652 |         31 |      Fixed 
  1302 |  JC69 |        40 |    181 |               3 |          4 |      Fixed 
  1303 |  JC69 |        26 |    677 |             231 |         16 |      Fixed 
  1304 |  JC69 |        38 |    640 |             530 |         21 |      Fixed 
  1305 |  JC69 |         4 |    251 |             113 |          3 |      Fixed 
  1306 |  JC69 |         6 |    269 |              22 |          4 |      Fixed 
  1307 |  JC69 |        18 |    280 |              10 |          7 |      Fixed 
  1308 |  JC69 |        34 |    176 |               8 |          7 |      Fixed 
  1309 |  JC69 |        40 |    469 |             183 |         20 |      Fixed 
  1310 |  JC69 |        14 |     72 |               1 |          2 |      Fixed 
  1311 |  JC69 |        20 |    131 |               1 |          2 |      Fixed 
  1312 |  JC69 |        30 |    620 |             513 |         14 |      Fixed 
  1313 |  JC69 |         4 |     47 |               0 |          1 |      Fixed 
  1314 |  JC69 |         4 |    282 |              61 |          6 |      Fixed 
  1315 |  JC69 |         4 |    276 |              14 |          6 |      Fixed 
  1316 |  JC69 |         4 |    286 |              92 |          4 |      Fixed 
  1317 |  JC69 |        28 |    333 |              65 |         12 |      Fixed 
  1318 |  JC69 |         8 |     47 |               0 |          2 |      Fixed 
  1319 |  JC69 |        40 |    214 |              19 |         10 |      Fixed 
  1320 |  JC69 |         6 |    279 |              33 |         14 |      Fixed 
  1321 |  JC69 |        12 |    537 |             269 |         10 |      Fixed 
  1322 |  JC69 |        20 |    404 |             128 |          9 |      Fixed 
  1323 |  JC69 |         4 |    278 |               2 |          3 |      Fixed 
  1324 |  JC69 |        40 |    234 |              11 |          8 |      Fixed 
  1325 |  JC69 |        34 |    237 |               5 |          6 |      Fixed 
  1326 |  JC69 |        40 |     98 |              10 |         11 |      Fixed 
  1327 |  JC69 |         4 |    426 |             161 |          5 |      Fixed 
  1328 |  JC69 |        22 |    286 |              51 |         16 |      Fixed 
  1329 |  JC69 |        28 |    314 |             177 |         13 |      Fixed 
  1330 |  JC69 |        22 |    481 |             231 |         19 |      Fixed 
  1331 |  JC69 |        24 |    203 |              64 |          7 |      Fixed 
  1332 |  JC69 |        40 |    270 |             126 |         19 |      Fixed 
  1333 |  JC69 |        24 |    399 |             214 |         25 |      Fixed 
  1334 |  JC69 |        26 |    263 |             113 |         24 |      Fixed 
  1335 |  JC69 |        30 |    518 |              21 |         19 |      Fixed 
  1336 |  JC69 |         4 |    140 |               6 |          2 |      Fixed 
  1337 |  JC69 |        32 |    137 |              14 |         13 |      Fixed 
  1338 |  JC69 |         6 |    270 |               8 |          3 |      Fixed 
  1339 |  JC69 |         6 |    280 |              12 |          6 |      Fixed 
  1340 |  JC69 |        38 |    335 |             122 |         12 |      Fixed 
  1341 |  JC69 |        40 |    186 |               1 |          3 |      Fixed 
  1342 |  JC69 |        38 |    218 |               9 |         14 |      Fixed 
  1343 |  JC69 |        40 |    139 |               4 |          5 |      Fixed 
  1344 |  JC69 |        26 |    158 |               1 |          2 |      Fixed 
  1345 |  JC69 |        32 |    177 |              40 |          3 |      Fixed 
  1346 |  JC69 |        40 |    417 |             181 |         25 |      Fixed 
  1347 |  JC69 |        40 |     93 |               2 |          4 |      Fixed 
  1348 |  JC69 |        40 |    189 |               4 |          7 |      Fixed 
  1349 |  JC69 |        38 |    256 |              11 |         12 |      Fixed 
  1350 |  JC69 |        38 |    382 |               8 |         15 |      Fixed 
  1351 |  JC69 |        36 |     74 |               0 |          2 |      Fixed 
  1352 |  JC69 |        40 |    127 |               4 |          6 |      Fixed 
  1353 |  JC69 |        28 |    193 |               3 |          4 |      Fixed 
  1354 |  JC69 |        38 |    119 |               6 |          8 |      Fixed 
  1355 |  JC69 |        34 |    454 |             185 |         23 |      Fixed 
  1356 |  JC69 |        16 |    286 |              81 |         13 |      Fixed 
  1357 |  JC69 |         8 |    161 |               0 |          1 |      Fixed 
  1358 |  JC69 |        40 |    112 |               3 |          4 |      Fixed 
  1359 |  JC69 |        12 |     51 |               4 |          3 |      Fixed 
  1360 |  JC69 |        24 |    170 |               5 |          5 |      Fixed 
  1361 |  JC69 |        38 |    107 |               0 |          1 |      Fixed 
  1362 |  JC69 |        36 |    546 |             294 |         41 |      Fixed 
  1363 |  JC69 |        24 |    274 |               8 |          9 |      Fixed 
  1364 |  JC69 |        40 |    117 |               5 |          9 |      Fixed 
  1365 |  JC69 |        32 |     69 |              19 |          4 |      Fixed 
  1366 |  JC69 |        22 |    282 |              16 |         11 |      Fixed 
  1367 |  JC69 |        18 |    280 |              14 |         12 |      Fixed 
  1368 |  JC69 |        20 |    286 |              15 |         15 |      Fixed 
  1369 |  JC69 |         4 |    346 |              73 |          5 |      Fixed 
  1370 |  JC69 |        38 |    146 |               0 |          1 |      Fixed 
  1371 |  JC69 |        14 |    459 |             190 |         18 |      Fixed 
  1372 |  JC69 |        38 |    262 |               0 |          1 |      Fixed 
  1373 |  JC69 |        40 |    325 |             147 |          5 |      Fixed 
  1374 |  JC69 |        40 |    512 |             113 |          7 |      Fixed 
  1375 |  JC69 |        40 |    292 |              27 |         19 |      Fixed 
  1376 |  JC69 |         4 |    280 |              12 |          7 |      Fixed 
  1377 |  JC69 |        40 |    140 |               9 |          7 |      Fixed 
  1378 |  JC69 |        40 |    787 |             312 |        131 |      Fixed 
  1379 |  JC69 |         4 |    187 |              54 |          5 |      Fixed 
  1380 |  JC69 |        36 |     51 |               3 |          4 |      Fixed 
  1381 |  JC69 |        36 |    224 |              10 |         10 |      Fixed 
  1382 |  JC69 |        12 |    284 |              17 |         10 |      Fixed 
  1383 |  JC69 |        14 |    286 |              28 |         10 |      Fixed 
  1384 |  JC69 |        38 |    165 |               2 |          3 |      Fixed 
  1385 |  JC69 |        24 |    121 |               3 |          6 |      Fixed 
  1386 |  JC69 |        34 |    292 |              30 |         23 |      Fixed 
  1387 |  JC69 |        26 |    231 |              15 |          8 |      Fixed 
  1388 |  JC69 |        14 |    281 |              44 |         11 |      Fixed 
  1389 |  JC69 |        40 |    365 |              60 |         23 |      Fixed 
  1390 |  JC69 |         6 |     63 |               0 |          1 |      Fixed 
  1391 |  JC69 |        16 |    430 |              28 |         12 |      Fixed 
  1392 |  JC69 |        38 |     61 |               3 |          4 |      Fixed 
  1393 |  JC69 |        22 |    397 |              19 |         12 |      Fixed 
  1394 |  JC69 |        32 |    181 |               1 |          2 |      Fixed 
  1395 |  JC69 |        38 |    341 |              46 |         45 |      Fixed 
  1396 |  JC69 |         6 |     54 |               0 |          1 |      Fixed 
  1397 |  JC69 |        10 |    260 |              22 |          7 |      Fixed 
  1398 |  JC69 |        34 |     97 |               2 |          3 |      Fixed 
  1399 |  JC69 |        40 |    147 |               2 |          3 |      Fixed 
  1400 |  JC69 |        34 |    363 |              20 |         17 |      Fixed 
  1401 |  JC69 |        38 |    292 |              33 |         50 |      Fixed 
  1402 |  JC69 |        40 |    729 |             301 |         38 |      Fixed 
  1403 |  JC69 |        40 |    274 |             123 |          7 |      Fixed 
  1404 |  JC69 |         8 |    264 |              13 |          9 |      Fixed 
  1405 |  JC69 |        34 |    373 |              33 |         30 |      Fixed 
  1406 |  JC69 |         6 |     52 |               1 |          2 |      Fixed 
  1407 |  JC69 |        38 |    578 |             293 |         30 |      Fixed 
  1408 |  JC69 |        28 |    224 |               4 |          5 |      Fixed 
  1409 |  JC69 |         8 |    182 |               2 |          4 |      Fixed 
  1410 |  JC69 |        40 |     43 |               0 |          1 |      Fixed 
  1411 |  JC69 |        40 |    275 |               5 |          6 |      Fixed 
  1412 |  JC69 |        40 |    565 |             394 |         20 |      Fixed 
  1413 |  JC69 |        40 |    203 |               3 |          4 |      Fixed 
  1414 |  JC69 |        36 |    279 |              24 |         18 |      Fixed 
  1415 |  JC69 |        40 |    120 |               7 |         66 |      Fixed 
  1416 |  JC69 |        28 |    150 |               9 |          7 |      Fixed 
  1417 |  JC69 |         6 |    180 |              77 |          5 |      Fixed 
  1418 |  JC69 |        34 |    223 |              10 |         21 |      Fixed 
  1419 |  JC69 |        30 |    289 |              38 |        151 |      Fixed 
  1420 |  JC69 |        22 |    287 |              25 |         17 |      Fixed 
  1421 |  JC69 |        38 |    292 |              28 |         21 |      Fixed 
  1422 |  JC69 |         8 |    148 |               0 |          1 |      Fixed 
  1423 |  JC69 |        38 |    357 |             162 |         14 |      Fixed 
  1424 |  JC69 |        36 |     74 |               2 |          3 |      Fixed 
  1425 |  JC69 |        38 |    195 |               6 |         12 |      Fixed 
  1426 |  JC69 |        20 |    439 |             182 |         20 |      Fixed 
  1427 |  JC69 |        34 |    406 |              11 |         14 |      Fixed 
  1428 |  JC69 |         6 |    281 |              12 |          6 |      Fixed 
  1429 |  JC69 |        32 |     60 |              10 |          7 |      Fixed 
  1430 |  JC69 |        36 |    635 |             566 |         58 |      Fixed 
  1431 |  JC69 |        36 |    154 |              42 |         15 |      Fixed 
  1432 |  JC69 |        14 |    155 |               0 |          1 |      Fixed 
  1433 |  JC69 |         4 |     69 |              26 |          2 |      Fixed 
  1434 |  JC69 |         8 |     59 |               0 |          1 |      Fixed 
  1435 |  JC69 |        10 |    143 |               2 |          2 |      Fixed 
  1436 |  JC69 |        14 |     73 |               6 |          5 |      Fixed 
  1437 |  JC69 |         8 |    230 |               1 |          2 |      Fixed 
  1438 |  JC69 |         4 |    240 |               1 |          2 |      Fixed 
  1439 |  JC69 |        40 |    298 |              82 |          9 |      Fixed 
  1440 |  JC69 |         4 |    320 |             114 |          5 |      Fixed 
  1441 |  JC69 |        34 |    328 |              94 |         16 |      Fixed 
  1442 |  JC69 |        20 |    265 |               3 |          4 |      Fixed 
  1443 |  JC69 |        36 |    222 |               4 |          7 |      Fixed 
  1444 |  JC69 |         4 |    352 |              77 |          3 |      Fixed 
  1445 |  JC69 |        38 |    802 |             491 |         38 |      Fixed 
  1446 |  JC69 |         6 |    281 |               6 |          4 |      Fixed 
  1447 |  JC69 |         4 |    280 |               7 |          3 |      Fixed 
  1448 |  JC69 |         4 |    106 |              53 |          4 |      Fixed 
  1449 |  JC69 |        32 |     84 |               6 |         23 |      Fixed 
  1450 |  JC69 |        40 |     66 |               2 |          3 |      Fixed 
  1451 |  JC69 |        36 |    465 |             231 |         28 |      Fixed 
  1452 |  JC69 |         8 |    264 |              62 |         14 |      Fixed 
  1453 |  JC69 |        40 |    180 |               2 |          4 |      Fixed 
  1454 |  JC69 |        32 |    658 |             249 |         37 |      Fixed 
  1455 |  JC69 |        14 |    202 |              13 |         13 |      Fixed 
  1456 |  JC69 |        24 |    323 |             217 |         24 |      Fixed 
  1457 |  JC69 |         4 |    276 |              76 |          4 |      Fixed 
  1458 |  JC69 |        24 |    337 |              39 |          7 |      Fixed 
  1459 |  JC69 |        24 |    144 |              13 |          6 |      Fixed 
  1460 |  JC69 |        38 |    351 |              87 |         25 |      Fixed 
  1461 |  JC69 |        24 |    207 |              14 |          9 |      Fixed 
  1462 |  JC69 |        40 |    314 |             137 |         19 |      Fixed 
  1463 |  JC69 |        40 |     73 |               2 |          3 |      Fixed 
  1464 |  JC69 |        20 |    144 |               5 |         11 |      Fixed 
  1465 |  JC69 |         4 |    276 |              10 |          6 |      Fixed 
  1466 |  JC69 |        12 |    226 |              77 |          7 |      Fixed 
  1467 |  JC69 |         6 |    371 |             180 |          5 |      Fixed 
  1468 |  JC69 |        32 |    353 |             195 |          9 |      Fixed 
  1469 |  JC69 |        18 |     59 |               1 |          2 |      Fixed 
  1470 |  JC69 |        26 |     79 |               5 |          2 |      Fixed 
  1471 |  JC69 |         6 |    545 |             274 |          6 |      Fixed 
  1472 |  JC69 |         6 |    199 |               4 |          3 |      Fixed 
  1473 |  JC69 |        40 |    103 |               4 |          5 |      Fixed 
  1474 |  JC69 |         6 |    229 |               1 |          2 |      Fixed 
  1475 |  JC69 |         8 |    277 |              32 |         15 |      Fixed 
  1476 |  JC69 |        22 |    286 |              30 |         20 |      Fixed 
  1477 |  JC69 |        40 |     84 |               1 |          2 |      Fixed 
  1478 |  JC69 |        16 |    288 |              61 |         22 |      Fixed 
  1479 |  JC69 |         6 |     37 |               0 |          1 |      Fixed 
  1480 |  JC69 |         6 |    204 |               6 |          7 |      Fixed 
  1481 |  JC69 |        40 |    292 |              36 |         29 |      Fixed 
  1482 |  JC69 |        30 |    146 |               2 |          3 |      Fixed 
  1483 |  JC69 |        16 |    284 |             134 |         16 |      Fixed 
  1484 |  JC69 |        40 |    178 |               4 |          6 |      Fixed 
  1485 |  JC69 |         4 |     55 |               1 |          2 |      Fixed 
  1486 |  JC69 |        30 |    159 |               2 |          3 |      Fixed 
  1487 |  JC69 |        12 |     55 |               7 |          3 |      Fixed 
  1488 |  JC69 |        38 |    364 |             184 |         27 |      Fixed 
  1489 |  JC69 |        28 |    376 |             209 |         12 |      Fixed 
  1490 |  JC69 |        18 |    901 |             485 |         31 |      Fixed 
  1491 |  JC69 |        16 |     98 |               7 |          3 |      Fixed 
  1492 |  JC69 |         6 |     55 |               1 |          2 |      Fixed 
  1493 |  JC69 |        38 |    235 |               3 |          4 |      Fixed 
  1494 |  JC69 |        40 |    145 |               3 |          5 |      Fixed 
  1495 |  JC69 |        38 |    507 |             169 |         16 |      Fixed 
  1496 |  JC69 |        10 |     62 |              11 |          3 |      Fixed 
  1497 |  JC69 |        34 |    271 |              18 |         11 |      Fixed 
  1498 |  JC69 |        28 |    120 |              15 |         10 |      Fixed 
  1499 |  JC69 |        40 |    208 |              54 |         11 |      Fixed 
  1500 |  JC69 |        22 |    289 |             139 |         41 |      Fixed 
  1501 |  JC69 |         6 |    346 |               9 |          8 |      Fixed 
  1502 |  JC69 |        28 |    182 |              11 |         20 |      Fixed 
  1503 |  JC69 |        30 |    221 |              20 |         10 |      Fixed 
  1504 |  JC69 |        30 |    112 |               2 |          3 |      Fixed 
  1505 |  JC69 |         6 |    153 |               9 |          4 |      Fixed 
  1506 |  JC69 |        40 |    331 |             150 |         35 |      Fixed 
  1507 |  JC69 |         8 |    146 |               2 |          3 |      Fixed 
  1508 |  JC69 |        38 |    127 |               3 |          4 |      Fixed 
  1509 |  JC69 |        40 |     79 |               2 |          3 |      Fixed 
  1510 |  JC69 |        34 |     66 |               0 |          1 |      Fixed 
  1511 |  JC69 |        32 |    292 |              31 |         50 |      Fixed 
  1512 |  JC69 |         4 |    236 |              11 |          3 |      Fixed 
  1513 |  JC69 |        20 |    282 |              65 |          8 |      Fixed 
  1514 |  JC69 |        40 |    163 |              76 |          6 |      Fixed 
  1515 |  JC69 |        26 |    128 |               3 |          5 |      Fixed 
  1516 |  JC69 |         4 |    162 |              73 |          4 |      Fixed 
  1517 |  JC69 |        24 |     58 |               1 |          2 |      Fixed 
  1518 |  JC69 |        36 |    523 |             357 |         14 |      Fixed 
  1519 |  JC69 |        40 |    114 |               1 |          2 |      Fixed 
  1520 |  JC69 |        20 |    433 |              99 |          9 |      Fixed 
  1521 |  JC69 |         6 |    231 |              18 |         11 |      Fixed 
  1522 |  JC69 |        18 |    253 |               5 |          3 |      Fixed 
  1523 |  JC69 |        40 |    717 |             420 |         36 |      Fixed 
  1524 |  JC69 |        20 |    146 |               3 |          4 |      Fixed 
  1525 |  JC69 |        38 |    156 |              77 |         11 |      Fixed 
  1526 |  JC69 |        32 |    128 |               2 |          2 |      Fixed 
  1527 |  JC69 |        40 |    479 |               8 |          9 |      Fixed 
  1528 |  JC69 |        18 |    435 |             100 |         16 |      Fixed 
  1529 |  JC69 |        24 |    473 |             266 |         22 |      Fixed 
  1530 |  JC69 |        10 |    255 |               6 |          5 |      Fixed 
  1531 |  JC69 |        40 |    240 |              21 |          6 |      Fixed 
  1532 |  JC69 |        38 |    345 |              17 |         19 |      Fixed 
  1533 |  JC69 |        22 |    832 |             558 |         34 |      Fixed 
  1534 |  JC69 |        36 |    136 |              18 |          4 |      Fixed 
  1535 |  JC69 |         8 |     54 |               0 |          1 |      Fixed 
  1536 |  JC69 |        40 |    227 |               8 |         15 |      Fixed 
  1537 |  JC69 |        20 |    400 |             155 |         19 |      Fixed 
  1538 |  JC69 |        14 |    141 |               5 |          3 |      Fixed 
  1539 |  JC69 |        18 |    432 |             218 |         15 |      Fixed 
  1540 |  JC69 |        18 |    280 |              63 |         26 |      Fixed 
  1541 |  JC69 |        40 |    219 |               9 |          8 |      Fixed 
  1542 |  JC69 |         4 |    239 |              18 |          5 |      Fixed 
  1543 |  JC69 |         6 |    283 |              27 |          8 |      Fixed 
  1544 |  JC69 |        18 |    358 |             112 |         22 |      Fixed 
  1545 |  JC69 |        38 |    195 |               1 |          2 |      Fixed 
  1546 |  JC69 |        36 |    349 |              87 |         26 |      Fixed 
  1547 |  JC69 |        34 |    313 |             213 |         20 |      Fixed 
  1548 |  JC69 |        20 |     99 |               0 |          1 |      Fixed 
  1549 |  JC69 |        40 |    182 |               7 |         21 |      Fixed 
  1550 |  JC69 |        40 |    180 |              57 |         20 |      Fixed 
  1551 |  JC69 |        32 |    215 |             103 |         10 |      Fixed 
  1552 |  JC69 |        14 |    223 |               5 |          6 |      Fixed 
  1553 |  JC69 |        40 |    661 |             284 |         21 |      Fixed 
  1554 |  JC69 |         4 |     59 |               0 |          1 |      Fixed 
  1555 |  JC69 |        20 |    281 |              18 |         28 |      Fixed 
  1556 |  JC69 |        38 |    158 |               6 |          9 |      Fixed 
  1557 |  JC69 |        40 |    151 |              67 |          9 |      Fixed 
  1558 |  JC69 |        40 |    196 |              10 |          8 |      Fixed 
  1559 |  JC69 |        36 |    237 |              43 |         13 |      Fixed 
  1560 |  JC69 |        16 |    206 |              11 |         17 |      Fixed 
  1561 |  JC69 |         8 |    281 |              34 |         19 |      Fixed 
  1562 |  JC69 |        10 |    280 |              14 |         21 |      Fixed 
  1563 |  JC69 |        16 |     67 |               1 |          2 |      Fixed 
  1564 |  JC69 |        24 |    308 |              62 |         30 |      Fixed 
  1565 |  JC69 |        26 |    453 |              95 |         30 |      Fixed 
  1566 |  JC69 |         8 |    359 |              42 |         23 |      Fixed 
  1567 |  JC69 |        40 |    101 |               8 |          6 |      Fixed 
  1568 |  JC69 |        40 |    223 |               7 |          8 |      Fixed 
  1569 |  JC69 |        40 |    189 |               6 |         12 |      Fixed 
  1570 |  JC69 |        34 |    292 |              24 |         16 |      Fixed 
  1571 |  JC69 |        38 |    156 |               4 |          7 |      Fixed 
  1572 |  JC69 |         8 |    285 |              11 |          5 |      Fixed 
  1573 |  JC69 |        30 |    458 |             157 |         27 |      Fixed 
  1574 |  JC69 |        24 |    355 |              14 |         28 |      Fixed 
  1575 |  JC69 |        38 |     99 |               2 |          3 |      Fixed 
  1576 |  JC69 |        28 |    109 |              11 |         13 |      Fixed 
  1577 |  JC69 |        12 |    271 |              40 |          6 |      Fixed 
  1578 |  JC69 |         6 |    282 |               2 |          2 |      Fixed 
  1579 |  JC69 |         4 |    192 |               1 |          2 |      Fixed 
  1580 |  JC69 |        14 |    139 |               2 |          2 |      Fixed 
  1581 |  JC69 |        24 |    384 |              98 |         23 |      Fixed 
  1582 |  JC69 |         8 |    207 |               8 |          2 |      Fixed 
  1583 |  JC69 |        24 |    130 |               9 |         11 |      Fixed 
  1584 |  JC69 |        40 |    147 |               6 |         34 |      Fixed 
  1585 |  JC69 |        40 |    366 |              14 |         22 |      Fixed 
  1586 |  JC69 |        40 |    269 |               9 |         25 |      Fixed 
  1587 |  JC69 |        40 |    147 |               7 |         23 |      Fixed 
  1588 |  JC69 |        16 |    277 |              50 |         18 |      Fixed 
  1589 |  JC69 |        22 |    283 |              24 |         16 |      Fixed 
  1590 |  JC69 |        30 |     50 |               6 |          6 |      Fixed 
  1591 |  JC69 |        36 |    439 |             376 |         24 |      Fixed 
  1592 |  JC69 |        12 |     65 |               1 |          2 |      Fixed 
  1593 |  JC69 |         6 |     57 |               0 |          1 |      Fixed 
  1594 |  JC69 |        20 |    226 |              26 |         19 |      Fixed 
  1595 |  JC69 |         4 |    135 |               0 |          1 |      Fixed 
  1596 |  JC69 |        34 |    334 |              95 |         22 |      Fixed 
  1597 |  JC69 |        14 |    263 |              27 |         12 |      Fixed 
  1598 |  JC69 |        40 |    173 |               0 |          1 |      Fixed 
  1599 |  JC69 |         4 |     55 |               7 |          2 |      Fixed 
  1600 |  JC69 |        40 |    252 |               7 |         19 |      Fixed 
  1601 |  JC69 |        26 |     77 |              20 |         12 |      Fixed 
  1602 |  JC69 |        36 |    410 |             366 |         26 |      Fixed 
  1603 |  JC69 |        40 |    167 |               3 |          4 |      Fixed 
  1604 |  JC69 |        34 |    357 |             222 |         30 |      Fixed 
  1605 |  JC69 |        40 |    140 |               2 |          3 |      Fixed 
  1606 |  JC69 |        26 |    221 |              20 |         31 |      Fixed 
  1607 |  JC69 |        40 |    223 |               3 |         14 |      Fixed 
  1608 |  JC69 |        38 |     65 |               4 |          3 |      Fixed 
  1609 |  JC69 |        36 |    136 |               3 |          5 |      Fixed 
  1610 |  JC69 |        38 |    118 |               0 |          1 |      Fixed 
  1611 |  JC69 |        12 |    108 |               5 |          3 |      Fixed 
  1612 |  JC69 |         8 |    282 |              15 |          6 |      Fixed 
  1613 |  JC69 |         6 |     41 |               0 |          1 |      Fixed 
  1614 |  JC69 |        36 |    638 |             238 |         24 |      Fixed 
  1615 |  JC69 |        22 |    288 |              16 |         15 |      Fixed 
  1616 |  JC69 |        26 |    254 |              14 |         13 |      Fixed 
  1617 |  JC69 |         8 |    148 |              71 |          6 |      Fixed 
  1618 |  JC69 |        40 |    320 |             123 |         13 |      Fixed 
  1619 |  JC69 |        40 |     60 |               1 |          2 |      Fixed 
  1620 |  JC69 |        32 |    296 |             145 |         11 |      Fixed 
  1621 |  JC69 |        40 |    665 |             397 |         27 |      Fixed 
  1622 |  JC69 |        40 |    624 |             181 |         11 |      Fixed 
  1623 |  JC69 |        40 |    292 |              18 |         11 |      Fixed 
  1624 |  JC69 |        38 |     71 |               1 |          2 |      Fixed 
  1625 |  JC69 |        18 |    533 |              33 |         19 |      Fixed 
  1626 |  JC69 |        38 |    195 |               3 |          4 |      Fixed 
  1627 |  JC69 |        18 |    411 |             144 |         12 |      Fixed 
  1628 |  JC69 |        28 |    128 |               0 |          1 |      Fixed 
  1629 |  JC69 |        38 |    344 |              77 |         20 |      Fixed 
  1630 |  JC69 |        14 |    282 |              45 |          8 |      Fixed 
  1631 |  JC69 |        40 |    185 |               4 |          7 |      Fixed 
  1632 |  JC69 |        18 |    404 |              85 |         20 |      Fixed 
  1633 |  JC69 |        40 |    167 |               2 |          3 |      Fixed 
  1634 |  JC69 |        40 |    123 |               2 |          3 |      Fixed 
  1635 |  JC69 |        32 |    967 |             721 |         54 |      Fixed 
  1636 |  JC69 |        12 |    275 |               3 |          4 |      Fixed 
  1637 |  JC69 |        34 |    510 |             289 |         29 |      Fixed 
  1638 |  JC69 |         6 |    286 |               5 |          3 |      Fixed 
  1639 |  JC69 |        10 |    244 |               7 |          5 |      Fixed 
  1640 |  JC69 |        40 |     74 |               1 |          2 |      Fixed 
  1641 |  JC69 |        40 |    407 |             193 |         33 |      Fixed 
  1642 |  JC69 |        36 |    217 |               2 |          3 |      Fixed 
  1643 |  JC69 |        24 |    139 |               5 |          6 |      Fixed 
  1644 |  JC69 |        28 |    301 |              28 |         17 |      Fixed 
  1645 |  JC69 |         4 |    239 |               0 |          1 |      Fixed 
  1646 |  JC69 |        24 |    572 |             296 |         19 |      Fixed 
  1647 |  JC69 |        26 |    314 |              94 |         15 |      Fixed 
  1648 |  JC69 |        12 |    267 |              11 |          6 |      Fixed 
  1649 |  JC69 |        32 |    116 |              47 |          4 |      Fixed 
  1650 |  JC69 |        40 |    148 |               6 |         13 |      Fixed 
  1651 |  JC69 |        24 |     74 |               9 |          8 |      Fixed 
  1652 |  JC69 |         4 |     55 |               1 |          2 |      Fixed 
  1653 |  JC69 |        40 |    718 |               6 |         10 |      Fixed 
  1654 |  JC69 |        40 |    132 |               2 |          3 |      Fixed 
  1655 |  JC69 |        40 |    564 |             243 |         29 |      Fixed 
  1656 |  JC69 |        18 |    254 |             124 |          2 |      Fixed 
  1657 |  JC69 |        38 |    144 |               0 |          1 |      Fixed 
  1658 |  JC69 |        32 |    122 |               5 |          2 |      Fixed 
  1659 |  JC69 |        40 |    147 |               9 |          9 |      Fixed 
  1660 |  JC69 |        40 |    236 |               5 |          6 |      Fixed 
  1661 |  JC69 |         4 |     61 |               0 |          1 |      Fixed 
  1662 |  JC69 |         4 |    279 |               2 |          2 |      Fixed 
  1663 |  JC69 |        40 |    177 |              57 |         10 |      Fixed 
  1664 |  JC69 |        22 |    284 |              11 |         10 |      Fixed 


Per-locus sequences in data and 'species&tree' tag:
C.File | Data |                Status                | Population
-------+------+--------------------------------------+-----------
    18 |   18 | [OK]                                 | ajan      
    22 |   22 | [OK]                                 | alas      


Map of populations and ancestors (1 in map indicates ancestor):
  Species   1  2  3
1 ajan      1  0  1
2 alas      0  1  1
3 R         0  0  1

Generating gene trees.... Done

Initial MSC density and log-likelihood of observing data:
log-PG0 = 177651.838358   log-L0 = -638154.944033


bitmatrix for MSC-M
 0 ajan         0.00000   0  1  0
 1 alas         0.00000   1  0  0
 2 R            0.00500   0  0  0
[EXPERIMENTAL] - New extended IM rubberband algorithm
Theta proposal: Mixed: Sliding window (0.10) + Inv-G approx Gibbs (0.90))
Linked thetas: none
0:00 taken to read and process data..
Restarting timer...


-*- Terms index -*-

  Prgs: progress of MCMC run (negative progress means burnin)
  Gage: gene-tree age proposal
  Gspr: gene-tree SPR proposal
   th1: species tree theta proposal (tips)   (sliding window)
   th2: species tree theta proposal (inner)  (sliding window)
   thg: species tree theta proposal (inner)  (gibbs sampler)
   tau: species tree tau proposal
   mix: mixing proposal
   wr1: migration rates proposal (sliding window)
   wrg: migration rates proposal (gibbs sampler)
  mrte: migration rates proposal
theta1: mean theta of node 1
theta2: mean theta of node 2
theta3: mean theta of node 3
  tau1: root node mean tau
    W1: mean migration rate ajan -> alas
    W2: mean migration rate alas -> ajan
log-PG: log-probability of gene trees (MSC)
 log-L: mean log-L of observing data

     |            Acceptance proportions            |
Prgs | Gage Gspr  th1  th2  thg  tau  mix wr1  wrg  | theta1 theta2 theta3    tau1      W1     W2         log-PG          log-L
-------------------------------------------------------------------------------------------------------------------------------


                      Gage    Gspr     th1     th2     tau     mix     wr1  
Current Pjump:      0.70158 0.63411 0.02913 0.00000 0.00200 0.01800 0.04380
Current finetune:   5.00000 0.00100 0.00050 0.00200 0.00100 0.30000 0.10000
New finetune:      19.37761 0.00303 0.00004 0.00002 0.00001 0.01665 0.01353

=> 'finetune = 1 Gage:19.377607 Gspr:0.003030 th1:0.000045 th2:0.000020 tau:0.000006 mix:0.016652 wr1:0.013525'

  -0%  0.70 0.64 0.76 0.72 1.00 0.54 0.54 0.62 1.00   0.0063 0.0089 0.0034  0.0007  632.9205 1443.6731   235373.54021  -550888.66425

                      Gage    Gspr     th1     th2     tau     mix     wr1  
Current Pjump:      0.70461 0.63530 0.76247 0.72308 0.54320 0.54120 0.61691
Current finetune:  19.37761 0.00303 0.00004 0.00002 0.00001 0.01665 0.01353
New finetune:      75.99349 0.00922 0.00023 0.00008 0.00001 0.03721 0.03865

=> 'finetune = 1 Gage:75.993485 Gspr:0.009220 th1:0.000225 th2:0.000084 tau:0.000014 mix:0.037211 wr1:0.038655'



                      Gage    Gspr     th1     th2     tau     mix     wr1  
Current Pjump:      0.70585 0.63578 0.29873 0.16599 0.25680 0.22200 0.25751
Current finetune:  75.99349 0.00922 0.00023 0.00008 0.00001 0.03721 0.03865
New finetune:      99.00000 0.02810 0.00022 0.00004 0.00001 0.02655 0.03248

=> 'finetune = 1 Gage:99.000000 Gspr:0.028100 th1:0.000224 th2:0.000044 tau:0.000012 mix:0.026552 wr1:0.032478'

   0%  0.71 0.64 0.30 0.48 1.00 0.33 0.36 0.35 1.00   0.0069 0.0100 0.0035  0.0006  470.1028 1204.9965   215272.96403  -550892.45604  14:45:20


                      Gage    Gspr     th1     th2     tau     mix     wr1  
Current Pjump:      0.70587 0.63585 0.30331 0.48485 0.33360 0.35920 0.34930
Current finetune:  99.00000 0.02810 0.00022 0.00004 0.00001 0.02655 0.03248
New finetune:      99.00000 0.08566 0.00023 0.00008 0.00001 0.03298 0.03896

=> 'finetune = 1 Gage:99.000000 Gspr:0.085661 th1:0.000227 th2:0.000083 tau:0.000013 mix:0.032979 wr1:0.038965'

   1%  0.71 0.64 0.32 0.21 1.00 0.28 0.28 0.28 1.00   0.0072 0.0104 0.0036  0.0005  438.3077 1061.5851   227762.08969  -550876.10889   1%  0.71 0.64 0.31 0.22 1.00 0.28 0.29 0.26 1.00   0.0070 0.0102 0.0035  0.0006  447.3263 1143.6744   237152.41854  -550875.53066   2%  0.71 0.64 0.31 0.22 1.00 0.28 0.29 0.27 1.00   0.0069 0.0102 0.0035  0.0006  437.0167 1142.9561   218044.32355  -550866.43296   2%  0.71 0.64 0.31 0.22 1.00 0.27 0.29 0.27 1.00   0.0070 0.0102 0.0035  0.0006  461.2005 1111.3312   229844.26263  -550857.32020   3%  0.71 0.64 0.30 0.22 1.00 0.27 0.28 0.27 1.00   0.0070 0.0101 0.0035  0.0006  461.6492 1116.2704   226737.32189  -550850.88121   3%  0.71 0.64 0.30 0.22 1.00 0.27 0.28 0.27 1.00   0.0070 0.0101 0.0035  0.0006  465.7767 1128.3234   233589.54063  -550846.22634   4%  0.71 0.64 0.30 0.22 1.00 0.28 0.28 0.28 1.00   0.0069 0.0102 0.0035  0.0006  442.4722 1152.9827   213236.96177  -550844.15351   4%  0.71 0.64 0.30 0.23 1.00 0.28 0.28 0.28 1.00   0.0069 0.0102 0.0035  0.0006  426.8462 1185.1191   230811.35949  -550840.18974   5%  0.71 0.64 0.30 0.23 1.00 0.28 0.28 0.28 1.00   0.0068 0.0103 0.0035  0.0006  413.2858 1201.1823   228723.21521  -550837.34764   5%  0.71 0.64 0.31 0.23 1.00 0.28 0.28 0.28 1.00   0.0068 0.0103 0.0035  0.0006  402.8608 1219.2188   226193.77314  -550835.26657  24:50:11
   6%  0.71 0.64 0.30 0.23 1.00 0.28 0.28 0.28 1.00   0.0068 0.0103 0.0035  0.0006  411.8173 1209.4145   228846.81149  -550833.75066   6%  0.71 0.64 0.30 0.23 1.00 0.28 0.28 0.28 1.00   0.0068 0.0103 0.0035  0.0006  414.9930 1208.6957   225658.35507  -550833.03065   7%  0.71 0.64 0.30 0.23 1.00 0.28 0.28 0.28 1.00   0.0068 0.0103 0.0035  0.0006  411.2032 1205.0820   212779.68052  -550833.18364   7%  0.71 0.64 0.30 0.23 1.00 0.28 0.28 0.29 1.00   0.0068 0.0103 0.0035  0.0006  399.0898 1215.2370   238787.64139  -550832.36857   8%  0.71 0.64 0.31 0.22 1.00 0.28 0.28 0.28 1.00   0.0068 0.0103 0.0035  0.0006  408.2275 1207.3366   242085.30856  -550830.47283   8%  0.71 0.64 0.31 0.22 1.00 0.28 0.28 0.28 1.00   0.0069 0.0102 0.0035  0.0006  424.6187 1188.0033   222567.57362  -550829.62501   9%  0.71 0.64 0.31 0.22 1.00 0.28 0.28 0.28 1.00   0.0069 0.0102 0.0035  0.0006  425.1951 1175.3224   229232.66006  -550829.88970   9%  0.71 0.64 0.31 0.22 1.00 0.28 0.28 0.28 1.00   0.0069 0.0102 0.0035  0.0006  429.6818 1173.4982   252704.87309  -550828.95683  10%  0.71 0.64 0.30 0.22 1.00 0.28 0.28 0.28 1.00   0.0069 0.0102 0.0035  0.0006  433.7788 1173.5811   241025.97784  -550827.98882  10%  0.71 0.64 0.30 0.22 1.00 0.28 0.28 0.28 1.00   0.0069 0.0102 0.0035  0.0006  429.6900 1183.0353   239245.73572  -550827.64964  33:58:57
  11%  0.71 0.64 0.30 0.22 1.00 0.28 0.28 0.28 1.00   0.0069 0.0102 0.0035  0.0006  442.5697 1172.6635   234394.11443  -550826.73840  11%  0.71 0.64 0.31 0.22 1.00 0.28 0.28 0.28 1.00   0.0069 0.0101 0.0035  0.0006  442.9712 1171.8815   216232.80759  -550826.51872  12%  0.71 0.64 0.31 0.22 1.00 0.28 0.28 0.28 1.00   0.0069 0.0101 0.0035  0.0006  441.9480 1169.6271   229178.99088  -550825.43046  12%  0.71 0.64 0.31 0.22 1.00 0.28 0.28 0.28 1.00   0.0069 0.0102 0.0035  0.0006  437.7434 1172.6802   233143.31798  -550824.43483  13%  0.71 0.64 0.31 0.22 1.00 0.28 0.28 0.28 1.00   0.0069 0.0102 0.0035  0.0006  433.7536 1180.1372   224597.40737  -550824.13298  13%  0.71 0.64 0.31 0.22 1.00 0.28 0.28 0.28 1.00   0.0069 0.0102 0.0035  0.0006  428.7436 1190.2037   233353.00573  -550823.42324  14%  0.71 0.64 0.31 0.22 1.00 0.28 0.28 0.28 1.00   0.0069 0.0102 0.0035  0.0006  427.8116 1189.3946   236319.26188  -550822.99961  14%  0.71 0.64 0.31 0.22 1.00 0.28 0.28 0.28 1.00   0.0069 0.0102 0.0035  0.0006  429.6015 1186.6136   232845.85715  -550822.40552  15%  0.71 0.64 0.31 0.22 1.00 0.28 0.28 0.28 1.00   0.0069 0.0102 0.0035  0.0006  430.3282 1188.7442   228516.80407  -550821.90803  15%  0.71 0.64 0.31 0.23 1.00 0.28 0.28 0.27 1.00   0.0069 0.0101 0.0035  0.0006  430.7949 1188.3839   228701.22179  -550821.49206  43:02:35
  16%  0.71 0.64 0.31 0.22 1.00 0.28 0.28 0.27 1.00   0.0069 0.0101 0.0035  0.0006  428.3066 1194.0503   225643.10060  -550820.83723  16%  0.71 0.64 0.31 0.22 1.00 0.28 0.28 0.28 1.00   0.0068 0.0101 0.0035  0.0006  425.5907 1197.6393   222411.22178  -550820.28320  17%  0.71 0.64 0.31 0.22 1.00 0.28 0.28 0.27 1.00   0.0068 0.0101 0.0035  0.0006  426.4553 1194.9811   232467.59230  -550820.18192  17%  0.71 0.64 0.31 0.22 1.00 0.28 0.28 0.28 1.00   0.0068 0.0101 0.0035  0.0006  422.7890 1201.2217   228583.70871  -550819.62439  18%  0.71 0.64 0.31 0.22 1.00 0.28 0.28 0.27 1.00   0.0068 0.0102 0.0035  0.0006  421.0181 1204.1955   240793.66195  -550819.20022  18%  0.71 0.64 0.31 0.22 1.00 0.28 0.28 0.27 1.00   0.0068 0.0101 0.0035  0.0006  424.6203 1202.9754   235740.93093  -550818.72135  19%  0.71 0.64 0.31 0.22 1.00 0.28 0.28 0.27 1.00   0.0068 0.0101 0.0035  0.0006  423.3579 1199.7657   226028.09694  -550818.71999  19%  0.71 0.64 0.31 0.22 1.00 0.28 0.28 0.27 1.00   0.0068 0.0101 0.0035  0.0006  425.5434 1197.2397   235979.38288  -550818.75397  20%  0.71 0.64 0.31 0.22 1.00 0.28 0.28 0.27 1.00   0.0069 0.0101 0.0035  0.0006  423.6268 1195.3717   222172.66565  -550818.80657  20%  0.71 0.64 0.31 0.22 1.00 0.28 0.28 0.27 1.00   0.0069 0.0102 0.0035  0.0006  424.4511 1192.4548   239390.35666  -550818.27517  51:58:39
  21%  0.71 0.64 0.31 0.22 1.00 0.28 0.28 0.27 1.00   0.0069 0.0101 0.0035  0.0006  425.1968 1190.7741   230896.14181  -550818.02344  21%  0.71 0.64 0.31 0.22 1.00 0.28 0.28 0.27 1.00   0.0069 0.0101 0.0035  0.0006  423.5886 1194.4427   231887.71190  -550817.52515  22%  0.71 0.64 0.31 0.23 1.00 0.28 0.28 0.27 1.00   0.0068 0.0102 0.0035  0.0006  420.1342 1196.9620   221940.47419  -550817.38440  22%  0.71 0.64 0.31 0.22 1.00 0.28 0.28 0.27 1.00   0.0068 0.0102 0.0035  0.0006  418.1773 1198.4222   229908.29451  -550817.19703  23%  0.71 0.64 0.31 0.23 1.00 0.28 0.28 0.27 1.00   0.0069 0.0102 0.0035  0.0006  419.1143 1196.3115   220392.26103  -550817.00045  23%  0.71 0.64 0.31 0.22 1.00 0.28 0.28 0.27 1.00   0.0068 0.0102 0.0035  0.0006  417.6193 1198.6405   224349.07181  -550816.55290  24%  0.71 0.64 0.31 0.23 1.00 0.28 0.28 0.27 1.00   0.0068 0.0102 0.0035  0.0006  417.5821 1197.7457   230264.77515  -550816.65062  24%  0.71 0.64 0.31 0.23 1.00 0.28 0.28 0.27 1.00   0.0068 0.0102 0.0035  0.0006  418.0515 1198.5261   224193.77922  -550816.25748  25%  0.71 0.64 0.31 0.23 1.00 0.28 0.28 0.27 1.00   0.0068 0.0102 0.0035  0.0006  416.7398 1199.0329   226534.51415  -550815.97638  25%  0.71 0.64 0.31 0.23 1.00 0.28 0.28 0.27 1.00   0.0068 0.0102 0.0035  0.0006  415.9755 1201.9133   257820.04488  -550815.74065  60:50:15
  26%  0.71 0.64 0.31 0.23 1.00 0.28 0.28 0.27 1.00   0.0068 0.0102 0.0035  0.0006  417.1879 1206.1729   237085.84215  -550815.20746  26%  0.71 0.64 0.31 0.23 1.00 0.28 0.28 0.27 1.00   0.0068 0.0102 0.0035  0.0006  418.1717 1203.9080   243121.11052  -550815.17844  27%  0.71 0.64 0.31 0.23 1.00 0.28 0.28 0.27 1.00   0.0068 0.0102 0.0035  0.0006  418.5964 1204.7514   229840.58625  -550814.82099  27%  0.71 0.64 0.31 0.23 1.00 0.28 0.28 0.27 1.00   0.0068 0.0102 0.0035  0.0006  419.4205 1206.1816   235112.40904  -550814.43359  28%  0.71 0.64 0.31 0.23 1.00 0.28 0.28 0.27 1.00   0.0068 0.0102 0.0035  0.0006  418.4658 1207.7937   225277.24130  -550814.21494  28%  0.71 0.64 0.31 0.23 1.00 0.28 0.28 0.27 1.00   0.0068 0.0102 0.0035  0.0006  416.9234 1208.5025   228844.93274  -550813.98276  29%  0.71 0.64 0.31 0.23 1.00 0.28 0.28 0.27 1.00   0.0068 0.0102 0.0035  0.0006  415.3650 1209.3911   224942.10776  -550813.76084  29%  0.71 0.64 0.31 0.23 1.00 0.28 0.28 0.27 1.00   0.0068 0.0102 0.0035  0.0006  412.1401 1212.0105   232395.53677  -550813.68941  30%  0.71 0.64 0.31 0.23 1.00 0.28 0.28 0.27 1.00   0.0068 0.0102 0.0035  0.0006  411.8831 1213.2651   232392.73502  -550813.47348  30%  0.71 0.64 0.31 0.23 1.00 0.28 0.28 0.27 1.00   0.0068 0.0102 0.0035  0.0006  410.9629 1211.2279   217858.71953  -550813.47675  69:45:35
  31%  0.71 0.64 0.31 0.23 1.00 0.28 0.28 0.27 1.00   0.0068 0.0102 0.0035  0.0006  409.7203 1211.1441   219852.33862  -550813.48281  31%  0.71 0.64 0.31 0.23 1.00 0.28 0.28 0.27 1.00   0.0068 0.0102 0.0035  0.0006  411.3239 1208.6006   230623.08073  -550813.50998  32%  0.71 0.64 0.31 0.23 1.00 0.28 0.28 0.27 1.00   0.0068 0.0102 0.0035  0.0006  412.9755 1204.6337   225584.50125  -550813.51801  32%  0.71 0.64 0.31 0.23 1.00 0.28 0.28 0.28 1.00   0.0068 0.0102 0.0035  0.0006  410.1999 1205.1491   221354.39173  -550813.44695  33%  0.71 0.64 0.31 0.23 1.00 0.28 0.28 0.28 1.00   0.0068 0.0102 0.0035  0.0006  408.2671 1208.7666   224120.64186  -550813.30474  33%  0.71 0.64 0.31 0.23 1.00 0.28 0.28 0.28 1.00   0.0068 0.0102 0.0035  0.0006  410.2602 1206.8885   232413.39283  -550813.06758  34%  0.71 0.64 0.31 0.23 1.00 0.28 0.28 0.28 1.00   0.0068 0.0102 0.0035  0.0006  412.0675 1203.8671   221457.81061  -550813.11324  34%  0.71 0.64 0.31 0.23 1.00 0.28 0.28 0.27 1.00   0.0068 0.0102 0.0035  0.0006  414.4210 1202.6701   233853.33646  -550812.95328  35%  0.71 0.64 0.31 0.23 1.00 0.28 0.28 0.27 1.00   0.0068 0.0102 0.0035  0.0006  417.3942 1200.0858   245411.20610  -550812.93654  35%  0.71 0.64 0.31 0.23 1.00 0.28 0.28 0.27 1.00   0.0068 0.0102 0.0035  0.0006  417.8375 1200.7436   223277.40217  -550812.77887  78:43:25
  36%  0.71 0.64 0.31 0.23 1.00 0.28 0.28 0.27 1.00   0.0068 0.0102 0.0035  0.0006  416.5538 1204.9239   239005.06858  -550812.55710  36%  0.71 0.64 0.31 0.23 1.00 0.28 0.28 0.27 1.00   0.0068 0.0102 0.0035  0.0006  416.1452 1207.6061   240865.36066  -550812.48873  37%  0.71 0.64 0.31 0.23 1.00 0.28 0.28 0.27 1.00   0.0068 0.0102 0.0035  0.0006  418.7295 1204.7380   228456.69006  -550812.49329  37%  0.71 0.64 0.31 0.23 1.00 0.28 0.28 0.27 1.00   0.0068 0.0102 0.0035  0.0006  420.2313 1202.6383   230424.23529  -550812.36057  38%  0.71 0.64 0.31 0.23 1.00 0.28 0.28 0.27 1.00   0.0068 0.0102 0.0035  0.0006  420.0665 1203.3349   229498.81929  -550812.24972  38%  0.71 0.64 0.31 0.23 1.00 0.28 0.28 0.27 1.00   0.0068 0.0102 0.0035  0.0006  418.5358 1204.7803   215897.57878  -550812.18380  39%  0.71 0.64 0.31 0.23 1.00 0.28 0.28 0.27 1.00   0.0068 0.0102 0.0035  0.0006  418.5533 1204.7343   232158.80738  -550812.09466  39%  0.71 0.64 0.31 0.23 1.00 0.28 0.28 0.27 1.00   0.0068 0.0102 0.0035  0.0006  418.9348 1204.5575   243448.45293  -550811.98719  40%  0.71 0.64 0.31 0.23 1.00 0.28 0.28 0.27 1.00   0.0068 0.0102 0.0035  0.0006  419.1286 1205.2834   233588.01395  -550811.86616  40%  0.71 0.64 0.31 0.23 1.00 0.28 0.28 0.27 1.00   0.0068 0.0101 0.0035  0.0006  421.5500 1203.9375   239479.04525  -550811.73171  87:48:01
  41%  0.71 0.64 0.31 0.23 1.00 0.28 0.28 0.27 1.00   0.0068 0.0101 0.0035  0.0006  422.2120 1203.0971   222005.23817  -550811.65073  41%  0.71 0.64 0.31 0.23 1.00 0.28 0.28 0.27 1.00   0.0068 0.0101 0.0035  0.0006  424.9616 1198.8793   223733.47386  -550811.55095  42%  0.71 0.64 0.31 0.23 1.00 0.28 0.28 0.27 1.00   0.0068 0.0101 0.0035  0.0006  423.1270 1198.7207   225497.27242  -550811.56500  42%  0.71 0.64 0.31 0.23 1.00 0.28 0.28 0.27 1.00   0.0068 0.0101 0.0035  0.0006  423.6359 1197.2999   230280.68043  -550811.53314  43%  0.71 0.64 0.31 0.23 1.00 0.28 0.28 0.27 1.00   0.0068 0.0101 0.0035  0.0006  424.8489 1198.0856   231808.24567  -550811.38133  43%  0.71 0.64 0.31 0.23 1.00 0.28 0.28 0.27 1.00   0.0068 0.0102 0.0035  0.0006  422.5486 1199.8390   216286.14884  -550811.38532  44%  0.71 0.64 0.31 0.23 1.00 0.28 0.28 0.27 1.00   0.0068 0.0102 0.0035  0.0006  420.6592 1202.4338   226905.17189  -550811.24445  44%  0.71 0.64 0.31 0.23 1.00 0.28 0.28 0.27 1.00   0.0068 0.0102 0.0035  0.0006  419.7079 1204.2977   238261.31279  -550811.19723  45%  0.71 0.64 0.31 0.23 1.00 0.28 0.28 0.27 1.00   0.0068 0.0102 0.0035  0.0006  418.9638 1203.2798   222250.48572  -550811.18337  45%  0.71 0.64 0.31 0.23 1.00 0.28 0.28 0.27 1.00   0.0068 0.0102 0.0035  0.0006  419.7941 1202.2701   238750.68586  -550811.09878  96:41:26
  46%  0.71 0.64 0.31 0.23 1.00 0.28 0.28 0.27 1.00   0.0068 0.0102 0.0035  0.0006  420.6768 1202.2882   226181.63412  -550811.01912  46%  0.71 0.64 0.31 0.23 1.00 0.28 0.28 0.27 1.00   0.0068 0.0102 0.0035  0.0006  418.9079 1205.0432   238115.20870  -550811.01313  47%  0.71 0.64 0.31 0.23 1.00 0.28 0.28 0.27 1.00   0.0068 0.0102 0.0035  0.0006  418.0323 1205.9185   209069.85368  -550811.04936  47%  0.71 0.64 0.31 0.23 1.00 0.28 0.28 0.27 1.00   0.0068 0.0102 0.0035  0.0006  418.5746 1204.6007   234350.30783  -550811.02126  48%  0.71 0.64 0.31 0.23 1.00 0.28 0.28 0.27 1.00   0.0068 0.0102 0.0035  0.0006  419.7090 1202.5301   241151.33468  -550811.10512  48%  0.71 0.64 0.31 0.23 1.00 0.28 0.28 0.27 1.00   0.0068 0.0102 0.0035  0.0006  420.0499 1201.8923   206349.28652  -550810.99818  49%  0.71 0.64 0.31 0.23 1.00 0.28 0.28 0.28 1.00   0.0068 0.0102 0.0035  0.0006  417.3716 1202.9933   224686.94385  -550811.08760  49%  0.71 0.64 0.31 0.23 1.00 0.28 0.28 0.28 1.00   0.0068 0.0102 0.0035  0.0006  416.3119 1204.0557   225542.81904  -550811.10339  50%  0.71 0.64 0.31 0.23 1.00 0.28 0.28 0.28 1.00   0.0068 0.0102 0.0035  0.0006  418.0021 1202.5663   225168.13531  -550811.05716  50%  0.71 0.64 0.31 0.23 1.00 0.28 0.28 0.28 1.00   0.0068 0.0102 0.0035  0.0006  417.9656 1202.3364   226258.42922  -550811.09990  105:37:17
  51%  0.71 0.64 0.31 0.23 1.00 0.28 0.28 0.28 1.00   0.0068 0.0102 0.0035  0.0006  417.3152 1201.6546   210157.85023  -550811.14333  51%  0.71 0.64 0.31 0.23 1.00 0.28 0.28 0.28 1.00   0.0068 0.0102 0.0035  0.0006  416.0462 1201.2928   222283.45531  -550811.16523  52%  0.71 0.64 0.31 0.23 1.00 0.28 0.28 0.28 1.00   0.0068 0.0102 0.0035  0.0006  416.5480 1200.3805   229503.51521  -550811.10972  52%  0.71 0.64 0.31 0.23 1.00 0.28 0.28 0.28 1.00   0.0068 0.0102 0.0035  0.0006  416.7712 1200.0774   216168.72337  -550811.08107  53%  0.71 0.64 0.31 0.23 1.00 0.28 0.28 0.28 1.00   0.0068 0.0102 0.0035  0.0006  414.5217 1204.0875   229158.66471  -550811.00366  53%  0.71 0.64 0.31 0.23 1.00 0.28 0.28 0.28 1.00   0.0068 0.0102 0.0035  0.0006  413.1072 1205.4795   237070.32397  -550810.99494  54%  0.71 0.64 0.31 0.23 1.00 0.28 0.28 0.28 1.00   0.0068 0.0102 0.0035  0.0006  413.0168 1205.6293   222652.82241  -550810.90179  54%  0.71 0.64 0.31 0.23 1.00 0.28 0.28 0.28 1.00   0.0068 0.0102 0.0035  0.0006  412.0181 1205.6034   216149.27226  -550810.90657  55%  0.71 0.64 0.31 0.23 1.00 0.28 0.28 0.28 1.00   0.0068 0.0102 0.0035  0.0006  410.2525 1207.1037   227364.90063  -550810.88970  55%  0.71 0.64 0.31 0.23 1.00 0.28 0.28 0.28 1.00   0.0068 0.0102 0.0035  0.0006  409.9625 1207.3701   220880.13264  -550810.83594  114:23:44
  56%  0.71 0.64 0.31 0.23 1.00 0.28 0.28 0.28 1.00   0.0068 0.0102 0.0035  0.0006  409.2636 1208.2099   209663.61915  -550810.85793  56%  0.71 0.64 0.31 0.23 1.00 0.28 0.28 0.28 1.00   0.0068 0.0102 0.0035  0.0006  409.2346 1207.4709   228712.01389  -550810.73708  57%  0.71 0.64 0.31 0.23 1.00 0.28 0.28 0.28 1.00   0.0068 0.0102 0.0035  0.0006  410.7255 1205.2044   237338.40392  -550810.75409  57%  0.71 0.64 0.31 0.23 1.00 0.28 0.28 0.28 1.00   0.0068 0.0102 0.0035  0.0006  409.4900 1208.3907   229181.51058  -550810.67600  58%  0.71 0.64 0.31 0.23 1.00 0.28 0.28 0.28 1.00   0.0068 0.0102 0.0035  0.0006  408.1130 1210.4015   222124.80382  -550810.58217  58%  0.71 0.64 0.31 0.23 1.00 0.28 0.28 0.28 1.00   0.0068 0.0102 0.0035  0.0006  407.7268 1211.2013   222604.37120  -550810.52011  59%  0.71 0.64 0.31 0.23 1.00 0.28 0.28 0.28 1.00   0.0068 0.0102 0.0035  0.0006  407.1863 1212.0524   218055.26150  -550810.42590  59%  0.71 0.64 0.31 0.23 1.00 0.28 0.28 0.28 1.00   0.0068 0.0102 0.0035  0.0006  407.6168 1211.8401   233401.92886  -550810.42432  60%  0.71 0.64 0.31 0.23 1.00 0.28 0.28 0.28 1.00   0.0068 0.0102 0.0035  0.0006  407.5527 1212.0415   223223.16474  -550810.37349  60%  0.71 0.64 0.31 0.23 1.00 0.28 0.28 0.28 1.00   0.0068 0.0102 0.0035  0.0006  407.9708 1211.9356   241382.49501  -550810.37904  123:22:25
  61%  0.71 0.64 0.31 0.23 1.00 0.28 0.28 0.28 1.00   0.0068 0.0102 0.0035  0.0006  409.4242 1209.1425   221396.95860  -550810.42074  61%  0.71 0.64 0.31 0.23 1.00 0.28 0.28 0.28 1.00   0.0068 0.0102 0.0035  0.0006  410.0079 1208.5616   216099.95263  -550810.46639  62%  0.71 0.64 0.31 0.23 1.00 0.28 0.28 0.28 1.00   0.0068 0.0102 0.0035  0.0006  408.1777 1211.6464   231279.91603  -550810.40433  62%  0.71 0.64 0.31 0.23 1.00 0.28 0.28 0.28 1.00   0.0068 0.0102 0.0035  0.0006  408.0072 1211.2770   222730.84484  -550810.38373  63%  0.71 0.64 0.31 0.23 1.00 0.28 0.28 0.28 1.00   0.0068 0.0102 0.0035  0.0006  409.5112 1209.5984   226165.56391  -550810.33501  63%  0.71 0.64 0.31 0.23 1.00 0.28 0.28 0.28 1.00   0.0068 0.0102 0.0035  0.0006  408.3294 1209.6055   212756.05899  -550810.37321  64%  0.71 0.64 0.31 0.23 1.00 0.28 0.28 0.28 1.00   0.0068 0.0102 0.0035  0.0006  407.6226 1210.5125   237761.88819  -550810.34576  64%  0.71 0.64 0.31 0.23 1.00 0.28 0.28 0.28 1.00   0.0068 0.0102 0.0035  0.0006  408.4754 1209.8693   235878.86602  -550810.33449  65%  0.71 0.64 0.31 0.23 1.00 0.28 0.28 0.28 1.00   0.0068 0.0102 0.0035  0.0006  409.1973 1209.8690   235008.71289  -550810.24383  65%  0.71 0.64 0.31 0.23 1.00 0.28 0.28 0.28 1.00   0.0068 0.0102 0.0035  0.0006  410.0610 1209.3232   241787.65766  -550810.20082  132:21:21
  66%  0.71 0.64 0.31 0.23 1.00 0.28 0.28 0.28 1.00   0.0068 0.0102 0.0035  0.0006  409.8265 1207.3483   215086.66969  -550810.20796  66%  0.71 0.64 0.31 0.23 1.00 0.28 0.28 0.28 1.00   0.0068 0.0102 0.0035  0.0006  410.8289 1206.2733   231909.22172  -550810.19545  67%  0.71 0.64 0.31 0.23 1.00 0.28 0.28 0.28 1.00   0.0068 0.0102 0.0035  0.0006  411.8275 1204.7676   224765.56137  -550810.16343  67%  0.71 0.64 0.31 0.23 1.00 0.28 0.28 0.28 1.00   0.0068 0.0102 0.0035  0.0006  409.9057 1205.9040   209622.10366  -550810.16724  68%  0.71 0.64 0.31 0.22 1.00 0.28 0.28 0.28 1.00   0.0068 0.0102 0.0035  0.0006  407.8670 1207.7423   221057.70323  -550810.21242  68%  0.71 0.64 0.31 0.22 1.00 0.28 0.28 0.28 1.00   0.0068 0.0102 0.0035  0.0006  409.0837 1205.9158   240441.59832  -550810.21036  69%  0.71 0.64 0.31 0.22 1.00 0.28 0.28 0.28 1.00   0.0068 0.0102 0.0035  0.0006  410.3761 1204.6902   226989.18378  -550810.19050  69%  0.71 0.64 0.31 0.22 1.00 0.28 0.28 0.28 1.00   0.0068 0.0102 0.0035  0.0006  410.6808 1203.7296   225446.72271  -550810.21222  70%  0.71 0.64 0.31 0.22 1.00 0.28 0.28 0.28 1.00   0.0068 0.0102 0.0035  0.0006  409.6171 1205.1922   211105.91183  -550810.19099  70%  0.71 0.64 0.31 0.22 1.00 0.28 0.28 0.28 1.00   0.0068 0.0102 0.0035  0.0006  409.3586 1204.8098   213494.69116  -550810.15123  141:02:34
  71%  0.71 0.64 0.31 0.22 1.00 0.28 0.28 0.28 1.00   0.0068 0.0102 0.0035  0.0006  410.0989 1204.5185   233982.13724  -550810.11995  71%  0.71 0.64 0.31 0.22 1.00 0.28 0.28 0.28 1.00   0.0068 0.0102 0.0035  0.0006  410.7201 1203.7164   238890.77812  -550810.03144  72%  0.71 0.64 0.31 0.22 1.00 0.28 0.28 0.28 1.00   0.0068 0.0102 0.0035  0.0006  410.2351 1203.9763   221616.58100  -550809.96050  72%  0.71 0.64 0.31 0.22 1.00 0.28 0.28 0.28 1.00   0.0068 0.0102 0.0035  0.0006  410.1359 1203.6928   208281.41429  -550809.97239  73%  0.71 0.64 0.31 0.22 1.00 0.28 0.28 0.28 1.00   0.0068 0.0102 0.0035  0.0006  409.5612 1203.8614   239488.50875  -550810.02381  73%  0.71 0.64 0.31 0.22 1.00 0.28 0.28 0.28 1.00   0.0068 0.0102 0.0035  0.0006  409.0714 1205.5453   227178.75329  -550809.98391  74%  0.71 0.64 0.31 0.22 1.00 0.28 0.28 0.28 1.00   0.0068 0.0102 0.0035  0.0006  408.7868 1206.0349   231487.49885  -550809.94046  74%  0.71 0.64 0.31 0.22 1.00 0.28 0.28 0.28 1.00   0.0068 0.0102 0.0035  0.0006  409.6642 1203.3795   216284.16357  -550809.94010  75%  0.71 0.64 0.31 0.22 1.00 0.28 0.28 0.28 1.00   0.0068 0.0102 0.0035  0.0006  410.1016 1202.6571   240424.27062  -550809.89101  75%  0.71 0.64 0.31 0.22 1.00 0.28 0.28 0.28 1.00   0.0068 0.0102 0.0035  0.0006  410.8591 1201.2026   219149.36713  -550809.91310  149:28:56
  76%  0.71 0.64 0.31 0.22 1.00 0.28 0.28 0.28 1.00   0.0068 0.0102 0.0035  0.0006  411.6266 1200.1323   231509.90699  -550809.90384  76%  0.71 0.64 0.31 0.22 1.00 0.28 0.28 0.28 1.00   0.0068 0.0102 0.0035  0.0006  410.5511 1202.2315   223243.43017  -550809.82929  77%  0.71 0.64 0.31 0.22 1.00 0.28 0.28 0.28 1.00   0.0068 0.0102 0.0035  0.0006  409.8264 1202.4438   223564.08474  -550809.87579  77%  0.71 0.64 0.31 0.22 1.00 0.28 0.28 0.28 1.00   0.0068 0.0102 0.0035  0.0006  409.6957 1202.2312   227558.80445  -550809.89623  78%  0.71 0.64 0.31 0.22 1.00 0.28 0.28 0.28 1.00   0.0068 0.0102 0.0035  0.0006  410.3409 1201.3920   219889.94376  -550809.87269  78%  0.71 0.64 0.31 0.22 1.00 0.28 0.28 0.28 1.00   0.0068 0.0102 0.0035  0.0006  410.6924 1200.8677   240473.25231  -550809.85634  79%  0.71 0.64 0.31 0.22 1.00 0.28 0.28 0.28 1.00   0.0068 0.0102 0.0035  0.0006  410.8127 1200.6071   223604.96772  -550809.80723  79%  0.71 0.64 0.31 0.22 1.00 0.28 0.28 0.28 1.00   0.0068 0.0102 0.0035  0.0006  411.2013 1200.3074   232257.30877  -550809.80766  80%  0.71 0.64 0.31 0.22 1.00 0.28 0.28 0.28 1.00   0.0068 0.0102 0.0035  0.0006  411.9067 1199.5473   224963.38414  -550809.80842  80%  0.71 0.64 0.31 0.22 1.00 0.28 0.28 0.28 1.00   0.0068 0.0102 0.0035  0.0006  412.5922 1198.8604   236730.09188  -550809.77083  157:52:52
  81%  0.71 0.64 0.31 0.22 1.00 0.28 0.28 0.28 1.00   0.0068 0.0102 0.0035  0.0006  413.5273 1198.2322   226465.60204  -550809.67278  81%  0.71 0.64 0.31 0.22 1.00 0.28 0.28 0.28 1.00   0.0068 0.0102 0.0035  0.0006  413.4850 1197.8728   226648.10037  -550809.68165  82%  0.71 0.64 0.31 0.22 1.00 0.28 0.28 0.28 1.00   0.0068 0.0102 0.0035  0.0006  412.4577 1199.0679   227463.98390  -550809.66871  82%  0.71 0.64 0.31 0.22 1.00 0.28 0.28 0.28 1.00   0.0068 0.0102 0.0035  0.0006  412.2615 1200.0233   229239.13094  -550809.60503  83%  0.71 0.64 0.31 0.22 1.00 0.28 0.28 0.28 1.00   0.0068 0.0102 0.0035  0.0006  412.3073 1199.3322   222438.33215  -550809.59135  83%  0.71 0.64 0.31 0.22 1.00 0.28 0.28 0.28 1.00   0.0068 0.0102 0.0035  0.0006  413.0277 1198.5838   239669.10668  -550809.59550  84%  0.71 0.64 0.31 0.22 1.00 0.28 0.28 0.28 1.00   0.0068 0.0102 0.0035  0.0006  414.2301 1197.1661   236564.75706  -550809.59698  84%  0.71 0.64 0.31 0.22 1.00 0.28 0.28 0.28 1.00   0.0068 0.0102 0.0035  0.0006  414.1318 1198.3289   243144.86823  -550809.51136  85%  0.71 0.64 0.31 0.22 1.00 0.28 0.28 0.28 1.00   0.0068 0.0102 0.0035  0.0006  414.4274 1198.3103   221958.70657  -550809.50670  85%  0.71 0.64 0.31 0.22 1.00 0.28 0.28 0.28 1.00   0.0068 0.0102 0.0035  0.0006  414.5388 1197.8418   216294.41503  -550809.49731  166:38:11
  86%  0.71 0.64 0.31 0.22 1.00 0.28 0.28 0.28 1.00   0.0068 0.0102 0.0035  0.0006  414.8005 1197.2383   231511.46718  -550809.48405  86%  0.71 0.64 0.31 0.22 1.00 0.28 0.28 0.28 1.00   0.0068 0.0102 0.0035  0.0006  414.5578 1197.4216   225672.50649  -550809.45763  87%  0.71 0.64 0.31 0.22 1.00 0.28 0.28 0.28 1.00   0.0068 0.0102 0.0035  0.0006  414.9795 1196.6963   236305.57062  -550809.49109  87%  0.71 0.64 0.31 0.22 1.00 0.28 0.28 0.28 1.00   0.0068 0.0102 0.0035  0.0006  414.5652 1197.3539   223338.23161  -550809.48000  88%  0.71 0.64 0.31 0.22 1.00 0.28 0.28 0.28 1.00   0.0068 0.0102 0.0035  0.0006  413.5835 1199.4834   228115.08132  -550809.44771  88%  0.71 0.64 0.31 0.22 1.00 0.28 0.28 0.28 1.00   0.0068 0.0102 0.0035  0.0006  413.0386 1200.8515   227730.93462  -550809.42994  89%  0.71 0.64 0.31 0.22 1.00 0.28 0.28 0.28 1.00   0.0068 0.0102 0.0035  0.0006  412.5197 1201.8635   228675.52243  -550809.43332  89%  0.71 0.64 0.31 0.22 1.00 0.28 0.28 0.28 1.00   0.0068 0.0102 0.0035  0.0006  413.4476 1200.8456   243918.04575  -550809.38843  90%  0.71 0.64 0.31 0.22 1.00 0.28 0.28 0.28 1.00   0.0068 0.0102 0.0035  0.0006  414.0696 1200.6574   222191.75584  -550809.36009  90%  0.71 0.64 0.31 0.22 1.00 0.28 0.28 0.28 1.00   0.0068 0.0102 0.0035  0.0006  414.7364 1199.8612   218616.20073  -550809.35695  174:54:50
  91%  0.71 0.64 0.31 0.22 1.00 0.28 0.28 0.28 1.00   0.0068 0.0102 0.0035  0.0006  415.1710 1199.1450   223310.68156  -550809.32046  91%  0.71 0.64 0.31 0.22 1.00 0.28 0.28 0.28 1.00   0.0068 0.0102 0.0035  0.0006  415.0252 1199.5591   226983.03156  -550809.28198  92%  0.71 0.64 0.31 0.22 1.00 0.28 0.28 0.28 1.00   0.0068 0.0102 0.0035  0.0006  415.3440 1199.2223   232085.09114  -550809.26431  92%  0.71 0.64 0.31 0.22 1.00 0.28 0.28 0.28 1.00   0.0068 0.0102 0.0035  0.0006  415.5842 1198.3342   224085.75974  -550809.32699  93%  0.71 0.64 0.31 0.22 1.00 0.28 0.28 0.28 1.00   0.0068 0.0102 0.0035  0.0006  414.9091 1198.9099   216078.87356  -550809.34751  93%  0.71 0.64 0.31 0.22 1.00 0.28 0.28 0.28 1.00   0.0068 0.0102 0.0035  0.0006  414.2412 1199.1842   226189.29301  -550809.36473  94%  0.71 0.64 0.31 0.22 1.00 0.28 0.28 0.28 1.00   0.0068 0.0102 0.0035  0.0006  412.9471 1200.9239   224051.32248  -550809.36769  94%  0.71 0.64 0.31 0.22 1.00 0.28 0.28 0.28 1.00   0.0068 0.0102 0.0035  0.0006  412.9827 1200.7667   238209.83018  -550809.37749  95%  0.71 0.64 0.31 0.22 1.00 0.28 0.28 0.28 1.00   0.0068 0.0102 0.0035  0.0006  414.1037 1199.5618   228230.06809  -550809.34932  95%  0.71 0.64 0.31 0.22 1.00 0.28 0.28 0.28 1.00   0.0068 0.0102 0.0035  0.0006  415.0334 1197.8930   217035.59475  -550809.34542  182:59:49
  96%  0.71 0.64 0.31 0.22 1.00 0.28 0.28 0.28 1.00   0.0068 0.0102 0.0035  0.0006  414.4396 1198.3032   230937.69607  -550809.36053  96%  0.71 0.64 0.31 0.22 1.00 0.28 0.28 0.28 1.00   0.0068 0.0102 0.0035  0.0006  413.6178 1199.1237   216875.77616  -550809.38198  97%  0.71 0.64 0.31 0.22 1.00 0.28 0.28 0.28 1.00   0.0068 0.0102 0.0035  0.0006  413.5398 1198.1021   208933.15428  -550809.43810  97%  0.71 0.64 0.31 0.22 1.00 0.28 0.28 0.28 1.00   0.0068 0.0102 0.0035  0.0006  413.2849 1197.5416   238521.18946  -550809.49782  98%  0.71 0.64 0.31 0.22 1.00 0.28 0.28 0.28 1.00   0.0069 0.0102 0.0035  0.0006  413.9298 1197.3340   226043.18031  -550809.49572  98%  0.71 0.64 0.31 0.22 1.00 0.28 0.28 0.28 1.00   0.0069 0.0102 0.0035  0.0006  415.0143 1195.5975   222264.91246  -550809.47016  99%  0.71 0.64 0.31 0.22 1.00 0.28 0.28 0.28 1.00   0.0069 0.0102 0.0035  0.0006  416.5558 1193.5434   229420.13500  -550809.47443  99%  0.71 0.64 0.31 0.22 1.00 0.28 0.28 0.28 1.00   0.0069 0.0102 0.0035  0.0006  417.3268 1192.5945   237454.15671  -550809.46053 100%  0.71 0.64 0.31 0.22 1.00 0.28 0.28 0.28 1.00   0.0069 0.0102 0.0035  0.0006  417.3999 1192.7886   232374.33441  -550809.46426 100%  0.71 0.64 0.31 0.22 1.00 0.28 0.28 0.28 1.00   0.0069 0.0102 0.0035  0.0006  417.1980 1192.8511   238369.95573  -550809.46034  191:22:04

191:22:04 spent in MCMC

Node-Index  Node-Type  Node-Label
---------------------------------
1           Tip        ajan
2           Tip        alas
3           Root       R

 param      mean        median        S.D         min          max         2.5%        97.5%      2.5%HPD     97.5%HPD       ESS*        Eff*      rho1  
---------------------------------------------------------------------------------------------------------------------------------------------------------
theta:1     0.006860     0.006835    0.000598    0.004694     0.009926    0.005757     0.008095    0.005714     0.008032   496.908789  0.009938  0.787079
theta:2     0.010197     0.010163    0.000764    0.007654     0.014388    0.008803     0.011795    0.008737     0.011705   514.015964  0.010280  0.779261
theta:3     0.003525     0.003524    0.000107    0.003077     0.004011    0.003317     0.003737    0.003315     0.003733  1593.942645  0.031879  0.475354
tau:3       0.000562     0.000562    0.000034    0.000435     0.000701    0.000497     0.000630    0.000497     0.000630   607.936886  0.012159  0.881280
W:1->2    417.138773   407.517221  154.217818   13.151217  1083.595008  145.449974   744.286778  132.446153   727.114554   244.349675  0.004887  0.980764
W:2->1   1192.762060  1183.782363  227.630868  428.635868  2149.196016  767.425975  1661.479977  757.958063  1648.407828   298.621804  0.005972  0.959198
M:1->2      1.044879     1.036010    0.345948    0.037852     2.469352    0.402482     1.750887    0.391100     1.735836   247.388202  0.004948  0.970005
M:2->1      2.019988     2.020748    0.280783    0.909458     3.208909    1.460929     2.568537    1.478291     2.583116   351.984599  0.007040  0.874330

lnL      -550809.432607  -550808.974500   75.670358  -551134.442000  -550473.010000  -550958.820000  -550661.575000  -550960.583000  -550663.560000  4348.541087  0.086971  0.136136


FigTree tree is in fit/output/ch4.FigTree.tre

Summarizing parameter estimates using file fit/output/ch4.conditional_a1b1.txt ...

 param      mean         S.D         2.5%        97.5%      2.5%HPD     97.5%HPD      Effu      Effy       c    
----------------------------------------------------------------------------------------------------------------
theta:1     0.006859    0.000599    0.005760     0.008083    0.005707     0.008025  0.009948  0.009946  1.019854
theta:2     0.010196    0.000763    0.008794     0.011775    0.008715     0.011683  0.010231  0.010229  1.018284
theta:3     0.003525    0.000107    0.003318     0.003736    0.003311     0.003730  0.032313  0.032248  1.066414
W:1->2    417.181731  154.238716  145.296192   744.061280  127.715869   722.344411  0.004888  0.004888  1.002084
M:1->2      1.044906    0.345971    0.401392     1.744499    0.393644     1.730554  0.004950  0.004950  1.003656
W:2->1   1192.937805  227.646298  769.515691  1660.068009  751.303987  1640.035135  0.005993  0.005993  1.004086
M:2->1      2.020036    0.280492    1.463668     2.568285    1.484298     2.588520  0.007061  0.007061  1.015876

