Detected CPU features: mmx sse sse2 sse3 ssse3 sse4.1 sse4.2 popcnt avx avx2
bpp v4.8.7_macos_x86_64, 128GB RAM, 36 cores
https://github.com/bpp/bpp

Auto-selected SIMD ISA: AVX2


Starting timer..
Seed: 309982741 (randomly generated)
Parsing species tree... Done
Parsing phylip file... Done

Summary of alignments *before* phasing sequences:
 Locus | Model | Sequences | Length | Ambiguous sites | Compressed | Base freqs 
-------+-------+-----------+--------+-----------------+------------+------------
     1 |  JC69 |        19 |    155 |               2 |          3 |      Fixed 
     2 |  JC69 |         4 |    154 |               0 |          1 |      Fixed 
     3 |  JC69 |         2 |    142 |              17 |          4 |      Fixed 
     4 |  JC69 |        20 |    562 |             235 |         16 |      Fixed 
     5 |  JC69 |        18 |    381 |              19 |         12 |      Fixed 
     6 |  JC69 |        20 |    198 |              92 |          2 |      Fixed 
     7 |  JC69 |        20 |    143 |               1 |          2 |      Fixed 
     8 |  JC69 |         2 |     62 |               0 |          1 |      Fixed 
     9 |  JC69 |        20 |     66 |               4 |          3 |      Fixed 
    10 |  JC69 |        16 |     87 |               2 |          3 |      Fixed 
    11 |  JC69 |        20 |    741 |              73 |         18 |      Fixed 
    12 |  JC69 |         5 |    397 |             122 |          5 |      Fixed 
    13 |  JC69 |        10 |    231 |              92 |          9 |      Fixed 
    14 |  JC69 |        20 |    187 |               1 |          2 |      Fixed 
    15 |  JC69 |        16 |     74 |               1 |          2 |      Fixed 
    16 |  JC69 |         5 |    109 |               0 |          1 |      Fixed 
    17 |  JC69 |         7 |    204 |               3 |          3 |      Fixed 
    18 |  JC69 |        19 |    629 |             519 |         17 |      Fixed 
    19 |  JC69 |        20 |    292 |              89 |         21 |      Fixed 
    20 |  JC69 |         6 |    434 |             168 |         11 |      Fixed 
    21 |  JC69 |        15 |    156 |               1 |          2 |      Fixed 
    22 |  JC69 |        20 |    432 |             125 |         11 |      Fixed 
    23 |  JC69 |        17 |     84 |               2 |          3 |      Fixed 
    24 |  JC69 |        19 |    186 |               4 |          5 |      Fixed 
    25 |  JC69 |        17 |    409 |             169 |         19 |      Fixed 
    26 |  JC69 |        14 |    130 |               1 |          3 |      Fixed 
    27 |  JC69 |        19 |     56 |               1 |          2 |      Fixed 
    28 |  JC69 |        18 |    235 |               6 |          5 |      Fixed 
    29 |  JC69 |        16 |    113 |               4 |          4 |      Fixed 
    30 |  JC69 |        16 |    288 |              20 |         19 |      Fixed 
    31 |  JC69 |         3 |    268 |               5 |          5 |      Fixed 
    32 |  JC69 |        18 |    493 |             230 |         14 |      Fixed 
    33 |  JC69 |        16 |     82 |               1 |          2 |      Fixed 
    34 |  JC69 |        18 |    485 |             485 |         22 |      Fixed 
    35 |  JC69 |         2 |    199 |               0 |          1 |      Fixed 
    36 |  JC69 |        20 |    225 |               6 |          6 |      Fixed 
    37 |  JC69 |        19 |    502 |             354 |         18 |      Fixed 
    38 |  JC69 |         9 |    279 |               1 |          2 |      Fixed 
    39 |  JC69 |        11 |    230 |               3 |          4 |      Fixed 
    40 |  JC69 |         7 |    281 |             117 |         13 |      Fixed 
    41 |  JC69 |         7 |    212 |              17 |          7 |      Fixed 
    42 |  JC69 |         7 |    406 |             134 |          7 |      Fixed 
    43 |  JC69 |         5 |    275 |              65 |         11 |      Fixed 
    44 |  JC69 |        10 |    141 |              36 |         15 |      Fixed 
    45 |  JC69 |        19 |    294 |               3 |          4 |      Fixed 
    46 |  JC69 |         3 |    273 |               5 |          5 |      Fixed 
    47 |  JC69 |        19 |    278 |               8 |          6 |      Fixed 
    48 |  JC69 |        18 |     99 |               8 |          3 |      Fixed 
    49 |  JC69 |         2 |    282 |              60 |          5 |      Fixed 
    50 |  JC69 |        20 |    152 |               1 |          2 |      Fixed 
    51 |  JC69 |        14 |    114 |              49 |          4 |      Fixed 
    52 |  JC69 |         4 |    271 |               8 |          4 |      Fixed 
    53 |  JC69 |        13 |    619 |             463 |         14 |      Fixed 
    54 |  JC69 |         2 |    278 |             106 |          5 |      Fixed 
    55 |  JC69 |        16 |     81 |               6 |          7 |      Fixed 
    56 |  JC69 |         4 |    257 |               6 |          4 |      Fixed 
    57 |  JC69 |         4 |    267 |               8 |          5 |      Fixed 
    58 |  JC69 |         8 |    194 |              18 |          6 |      Fixed 
    59 |  JC69 |        18 |     66 |               0 |          1 |      Fixed 
    60 |  JC69 |        18 |     98 |               6 |          4 |      Fixed 
    61 |  JC69 |        12 |    408 |              10 |          8 |      Fixed 
    62 |  JC69 |         4 |    174 |               5 |          6 |      Fixed 
    63 |  JC69 |         2 |    251 |              40 |          6 |      Fixed 
    64 |  JC69 |         6 |    117 |               0 |          1 |      Fixed 
    65 |  JC69 |        13 |    128 |               5 |          6 |      Fixed 
    66 |  JC69 |         4 |    280 |              34 |         17 |      Fixed 
    67 |  JC69 |        20 |    112 |               5 |          6 |      Fixed 
    68 |  JC69 |         4 |    282 |             148 |          9 |      Fixed 
    69 |  JC69 |        10 |     41 |               3 |          2 |      Fixed 
    70 |  JC69 |        18 |    216 |              25 |         11 |      Fixed 
    71 |  JC69 |        16 |    516 |             249 |         18 |      Fixed 
    72 |  JC69 |         4 |    339 |               3 |          3 |      Fixed 
    73 |  JC69 |        11 |    283 |              48 |         21 |      Fixed 
    74 |  JC69 |        20 |    459 |               4 |          6 |      Fixed 
    75 |  JC69 |         6 |    130 |               0 |          2 |      Fixed 
    76 |  JC69 |         2 |     94 |               0 |          1 |      Fixed 
    77 |  JC69 |         4 |    248 |              31 |         13 |      Fixed 
    78 |  JC69 |         3 |     65 |               0 |          1 |      Fixed 
    79 |  JC69 |        16 |     64 |               4 |          5 |      Fixed 
    80 |  JC69 |         2 |    154 |              55 |          3 |      Fixed 
    81 |  JC69 |        17 |    126 |               9 |          6 |      Fixed 
    82 |  JC69 |         5 |    281 |              36 |          9 |      Fixed 
    83 |  JC69 |         2 |    292 |              30 |          4 |      Fixed 
    84 |  JC69 |         6 |    500 |             240 |         10 |      Fixed 
    85 |  JC69 |        20 |     95 |               4 |          5 |      Fixed 
    86 |  JC69 |         2 |    190 |              10 |          4 |      Fixed 
    87 |  JC69 |        19 |    149 |               3 |          4 |      Fixed 
    88 |  JC69 |         5 |    195 |              57 |          8 |      Fixed 
    89 |  JC69 |        17 |    263 |              18 |         13 |      Fixed 
    90 |  JC69 |        20 |    349 |              88 |         13 |      Fixed 
    91 |  JC69 |        19 |     84 |               3 |          4 |      Fixed 
    92 |  JC69 |        18 |    151 |              12 |          7 |      Fixed 
    93 |  JC69 |        18 |    387 |              19 |         17 |      Fixed 
    94 |  JC69 |        20 |    213 |              16 |         11 |      Fixed 
    95 |  JC69 |         2 |    282 |              10 |          5 |      Fixed 
    96 |  JC69 |        19 |    113 |               3 |          4 |      Fixed 
    97 |  JC69 |         2 |     54 |              18 |          3 |      Fixed 
    98 |  JC69 |        20 |    123 |               4 |          4 |      Fixed 
    99 |  JC69 |         3 |    285 |              19 |          8 |      Fixed 
   100 |  JC69 |        20 |    128 |               2 |          3 |      Fixed 
   101 |  JC69 |        20 |    275 |              16 |         14 |      Fixed 
   102 |  JC69 |        20 |    542 |             282 |         38 |      Fixed 
   103 |  JC69 |        10 |    183 |               4 |          4 |      Fixed 
   104 |  JC69 |         2 |    282 |              10 |          9 |      Fixed 
   105 |  JC69 |         6 |    155 |               0 |          1 |      Fixed 
   106 |  JC69 |        20 |    130 |               3 |          4 |      Fixed 
   107 |  JC69 |         8 |    129 |               5 |          4 |      Fixed 
   108 |  JC69 |        20 |     77 |               0 |          1 |      Fixed 
   109 |  JC69 |        18 |     90 |               5 |          6 |      Fixed 
   110 |  JC69 |        20 |    255 |              13 |          9 |      Fixed 
   111 |  JC69 |        20 |    211 |               1 |          2 |      Fixed 
   112 |  JC69 |        20 |    114 |               2 |          3 |      Fixed 
   113 |  JC69 |         3 |    562 |             292 |          6 |      Fixed 
   114 |  JC69 |        18 |    193 |               3 |          5 |      Fixed 
   115 |  JC69 |         4 |    285 |              31 |         11 |      Fixed 
   116 |  JC69 |        15 |     76 |               3 |          4 |      Fixed 
   117 |  JC69 |        19 |    127 |              25 |          9 |      Fixed 
   118 |  JC69 |        14 |    132 |               1 |          2 |      Fixed 
   119 |  JC69 |         7 |    101 |              24 |          8 |      Fixed 
   120 |  JC69 |         6 |    250 |              48 |         10 |      Fixed 
   121 |  JC69 |        10 |    285 |              25 |         13 |      Fixed 
   122 |  JC69 |        12 |     56 |               1 |          2 |      Fixed 
   123 |  JC69 |         3 |     58 |              28 |          2 |      Fixed 
   124 |  JC69 |         3 |    274 |              10 |          5 |      Fixed 
   125 |  JC69 |         5 |    172 |               2 |          4 |      Fixed 
   126 |  JC69 |         3 |    277 |              84 |          5 |      Fixed 
   127 |  JC69 |         9 |    282 |              15 |         12 |      Fixed 
   128 |  JC69 |        20 |     72 |               5 |          4 |      Fixed 
   129 |  JC69 |        18 |    187 |              51 |          4 |      Fixed 
   130 |  JC69 |        15 |    292 |              17 |         12 |      Fixed 
   131 |  JC69 |         9 |    272 |              13 |         10 |      Fixed 
   132 |  JC69 |        19 |    216 |               5 |          7 |      Fixed 
   133 |  JC69 |        20 |     69 |               2 |          4 |      Fixed 
   134 |  JC69 |         2 |    171 |               0 |          1 |      Fixed 
   135 |  JC69 |        20 |     86 |               0 |          1 |      Fixed 
   136 |  JC69 |        20 |    309 |             114 |          9 |      Fixed 
   137 |  JC69 |         5 |     61 |               3 |          4 |      Fixed 
   138 |  JC69 |        20 |     52 |               1 |          2 |      Fixed 
   139 |  JC69 |        20 |    116 |               1 |          2 |      Fixed 
   140 |  JC69 |        20 |    356 |              31 |         19 |      Fixed 
   141 |  JC69 |        20 |     75 |               2 |          3 |      Fixed 
   142 |  JC69 |         4 |    282 |              14 |          8 |      Fixed 
   143 |  JC69 |        16 |    170 |               1 |          2 |      Fixed 
   144 |  JC69 |        12 |    260 |             125 |          9 |      Fixed 
   145 |  JC69 |         4 |    280 |               9 |          5 |      Fixed 
   146 |  JC69 |        18 |    291 |              66 |         18 |      Fixed 
   147 |  JC69 |        20 |     93 |               2 |          3 |      Fixed 
   148 |  JC69 |         2 |    277 |              12 |          4 |      Fixed 
   149 |  JC69 |         2 |    111 |               0 |          1 |      Fixed 
   150 |  JC69 |        19 |    444 |             192 |         12 |      Fixed 
   151 |  JC69 |         8 |    485 |             226 |          6 |      Fixed 
   152 |  JC69 |         2 |    273 |              14 |          6 |      Fixed 
   153 |  JC69 |        20 |    946 |             180 |         16 |      Fixed 
   154 |  JC69 |        18 |    270 |              19 |         19 |      Fixed 
   155 |  JC69 |         4 |    119 |               0 |          1 |      Fixed 
   156 |  JC69 |        15 |    220 |              32 |         15 |      Fixed 
   157 |  JC69 |        18 |     93 |               4 |          4 |      Fixed 
   158 |  JC69 |        18 |    124 |              24 |         12 |      Fixed 
   159 |  JC69 |         7 |    161 |              65 |          8 |      Fixed 
   160 |  JC69 |        18 |     72 |              10 |         10 |      Fixed 
   161 |  JC69 |         3 |    280 |               7 |          6 |      Fixed 
   162 |  JC69 |        12 |    132 |               2 |          3 |      Fixed 
   163 |  JC69 |        20 |    146 |               7 |          8 |      Fixed 
   164 |  JC69 |         2 |    146 |              13 |          4 |      Fixed 
   165 |  JC69 |        20 |     91 |               3 |          3 |      Fixed 
   166 |  JC69 |        19 |    140 |               2 |          4 |      Fixed 
   167 |  JC69 |        17 |    510 |              20 |         17 |      Fixed 
   168 |  JC69 |        19 |     71 |               8 |          5 |      Fixed 
   169 |  JC69 |        15 |    213 |              12 |          7 |      Fixed 
   170 |  JC69 |        20 |    164 |               1 |          2 |      Fixed 
   171 |  JC69 |         6 |    157 |               3 |          6 |      Fixed 
   172 |  JC69 |         6 |     56 |               4 |          3 |      Fixed 
   173 |  JC69 |        20 |    163 |               2 |          3 |      Fixed 
   174 |  JC69 |         6 |    414 |             211 |         12 |      Fixed 
   175 |  JC69 |         3 |     60 |               0 |          1 |      Fixed 
   176 |  JC69 |        20 |     84 |               1 |          2 |      Fixed 
   177 |  JC69 |        20 |    540 |             267 |         22 |      Fixed 
   178 |  JC69 |         7 |    414 |             166 |          7 |      Fixed 
   179 |  JC69 |         5 |    218 |               2 |          3 |      Fixed 
   180 |  JC69 |        16 |    312 |             200 |         13 |      Fixed 
   181 |  JC69 |        14 |    110 |               1 |          2 |      Fixed 
   182 |  JC69 |        20 |     62 |               5 |          3 |      Fixed 
   183 |  JC69 |         3 |    278 |               2 |          3 |      Fixed 
   184 |  JC69 |        16 |     82 |               3 |          5 |      Fixed 
   185 |  JC69 |         6 |     58 |               0 |          1 |      Fixed 
   186 |  JC69 |         2 |    270 |              51 |          7 |      Fixed 
   187 |  JC69 |        10 |    115 |               1 |          2 |      Fixed 
   188 |  JC69 |         5 |    280 |              82 |         17 |      Fixed 
   189 |  JC69 |         4 |    285 |              28 |          6 |      Fixed 
   190 |  JC69 |        20 |    148 |               4 |          5 |      Fixed 
   191 |  JC69 |        14 |    270 |              13 |         10 |      Fixed 
   192 |  JC69 |         6 |    155 |               0 |          1 |      Fixed 
   193 |  JC69 |        11 |    214 |               5 |          7 |      Fixed 
   194 |  JC69 |        11 |    171 |              13 |          5 |      Fixed 
   195 |  JC69 |         3 |     74 |               0 |          1 |      Fixed 
   196 |  JC69 |         7 |    412 |             169 |          9 |      Fixed 
   197 |  JC69 |        20 |    199 |              91 |          9 |      Fixed 
   198 |  JC69 |        18 |    161 |              16 |         11 |      Fixed 
   199 |  JC69 |        20 |    146 |               6 |          3 |      Fixed 
   200 |  JC69 |         2 |    161 |               0 |          1 |      Fixed 
   201 |  JC69 |         3 |    446 |             260 |         10 |      Fixed 
   202 |  JC69 |        12 |    284 |              16 |         10 |      Fixed 
   203 |  JC69 |         3 |    235 |               8 |          3 |      Fixed 
   204 |  JC69 |        14 |    292 |              24 |         16 |      Fixed 
   205 |  JC69 |        15 |    292 |              21 |         15 |      Fixed 
   206 |  JC69 |        19 |     66 |               3 |          4 |      Fixed 
   207 |  JC69 |         9 |    186 |               1 |          2 |      Fixed 
   208 |  JC69 |        14 |     60 |               1 |          2 |      Fixed 
   209 |  JC69 |        20 |    148 |              11 |          9 |      Fixed 
   210 |  JC69 |         7 |    281 |               9 |          7 |      Fixed 
   211 |  JC69 |        12 |    274 |              17 |         13 |      Fixed 
   212 |  JC69 |        19 |     76 |               3 |          4 |      Fixed 
   213 |  JC69 |        18 |    118 |              50 |          6 |      Fixed 
   214 |  JC69 |        14 |    431 |             292 |         21 |      Fixed 
   215 |  JC69 |         8 |    256 |              44 |         11 |      Fixed 
   216 |  JC69 |        20 |    154 |               2 |          3 |      Fixed 
   217 |  JC69 |        12 |     68 |               3 |          2 |      Fixed 
   218 |  JC69 |        14 |    105 |               7 |          7 |      Fixed 
   219 |  JC69 |        20 |    244 |              95 |         18 |      Fixed 
   220 |  JC69 |         7 |    127 |               4 |          4 |      Fixed 
   221 |  JC69 |         2 |    466 |             157 |          5 |      Fixed 
   222 |  JC69 |        11 |    193 |               1 |          3 |      Fixed 
   223 |  JC69 |         4 |    428 |             156 |          6 |      Fixed 
   224 |  JC69 |         3 |    248 |               4 |          5 |      Fixed 
   225 |  JC69 |        16 |    371 |             280 |         23 |      Fixed 
   226 |  JC69 |        18 |     62 |               1 |          2 |      Fixed 
   227 |  JC69 |        10 |     78 |               3 |          5 |      Fixed 
   228 |  JC69 |        15 |     76 |               2 |          3 |      Fixed 
   229 |  JC69 |        20 |    292 |              24 |         20 |      Fixed 
   230 |  JC69 |        14 |    279 |              60 |         14 |      Fixed 
   231 |  JC69 |        18 |     62 |               1 |          2 |      Fixed 
   232 |  JC69 |         6 |    209 |              30 |          8 |      Fixed 
   233 |  JC69 |         6 |    286 |              19 |         12 |      Fixed 
   234 |  JC69 |        18 |    591 |             445 |         22 |      Fixed 
   235 |  JC69 |         7 |    129 |               0 |          1 |      Fixed 
   236 |  JC69 |        19 |    236 |              12 |         11 |      Fixed 
   237 |  JC69 |         3 |    264 |               7 |          5 |      Fixed 
   238 |  JC69 |        20 |     75 |               1 |          2 |      Fixed 
   239 |  JC69 |        12 |    222 |               6 |          5 |      Fixed 
   240 |  JC69 |         5 |    280 |              16 |          8 |      Fixed 
   241 |  JC69 |        20 |    186 |               4 |          5 |      Fixed 
   242 |  JC69 |        10 |    280 |              14 |          9 |      Fixed 
   243 |  JC69 |         2 |    269 |              69 |          6 |      Fixed 
   244 |  JC69 |        20 |    230 |               1 |          2 |      Fixed 
   245 |  JC69 |        20 |    121 |               2 |          3 |      Fixed 
   246 |  JC69 |        13 |    232 |               6 |          7 |      Fixed 
   247 |  JC69 |        16 |    104 |               0 |          1 |      Fixed 
   248 |  JC69 |        20 |    171 |               4 |          3 |      Fixed 
   249 |  JC69 |        13 |    176 |               2 |          3 |      Fixed 
   250 |  JC69 |        19 |    199 |              11 |         12 |      Fixed 
   251 |  JC69 |        10 |    816 |             716 |         23 |      Fixed 
   252 |  JC69 |         6 |    282 |              18 |         12 |      Fixed 
   253 |  JC69 |        18 |    146 |               1 |          4 |      Fixed 
   254 |  JC69 |        20 |    180 |               3 |          4 |      Fixed 
   255 |  JC69 |        18 |    387 |             387 |         17 |      Fixed 
   256 |  JC69 |        20 |    155 |              77 |          8 |      Fixed 
   257 |  JC69 |         4 |    277 |               9 |          6 |      Fixed 
   258 |  JC69 |        12 |    120 |               1 |          3 |      Fixed 
   259 |  JC69 |         3 |    277 |              21 |          8 |      Fixed 
   260 |  JC69 |        20 |    152 |               3 |          5 |      Fixed 
   261 |  JC69 |        10 |    505 |             260 |         16 |      Fixed 
   262 |  JC69 |         6 |    290 |              30 |          7 |      Fixed 
   263 |  JC69 |        18 |    292 |              27 |         21 |      Fixed 
   264 |  JC69 |        20 |    110 |               5 |          5 |      Fixed 
   265 |  JC69 |         8 |     76 |               0 |          1 |      Fixed 
   266 |  JC69 |         9 |    281 |             137 |         14 |      Fixed 
   267 |  JC69 |        15 |    106 |              10 |          8 |      Fixed 
   268 |  JC69 |        18 |    232 |               2 |          3 |      Fixed 
   269 |  JC69 |         2 |    187 |               5 |          3 |      Fixed 
   270 |  JC69 |         3 |    274 |               4 |          5 |      Fixed 
   271 |  JC69 |        14 |     89 |               8 |          9 |      Fixed 
   272 |  JC69 |         2 |    282 |              13 |          3 |      Fixed 
   273 |  JC69 |        10 |    282 |              13 |         10 |      Fixed 
   274 |  JC69 |         7 |    284 |              23 |         13 |      Fixed 
   275 |  JC69 |        19 |    164 |               5 |          8 |      Fixed 
   276 |  JC69 |         4 |    284 |              20 |          7 |      Fixed 
   277 |  JC69 |        10 |    147 |              15 |         12 |      Fixed 
   278 |  JC69 |         2 |     95 |               2 |          3 |      Fixed 
   279 |  JC69 |        20 |    301 |               7 |          6 |      Fixed 
   280 |  JC69 |        13 |     40 |               2 |          2 |      Fixed 
   281 |  JC69 |        20 |     94 |              13 |          7 |      Fixed 
   282 |  JC69 |         5 |    510 |              92 |          8 |      Fixed 
   283 |  JC69 |        20 |    189 |               0 |          1 |      Fixed 
   284 |  JC69 |        20 |    148 |               1 |          2 |      Fixed 
   285 |  JC69 |        20 |    151 |               2 |          3 |      Fixed 
   286 |  JC69 |        14 |    213 |             102 |          8 |      Fixed 
   287 |  JC69 |        13 |     71 |               6 |          3 |      Fixed 
   288 |  JC69 |        17 |    121 |               3 |          4 |      Fixed 
   289 |  JC69 |        20 |     92 |               1 |          2 |      Fixed 
   290 |  JC69 |         7 |    281 |              21 |         11 |      Fixed 
   291 |  JC69 |        11 |    517 |             270 |         16 |      Fixed 
   292 |  JC69 |        20 |     77 |               2 |          3 |      Fixed 
   293 |  JC69 |        16 |    255 |              14 |         12 |      Fixed 
   294 |  JC69 |        18 |    173 |              31 |         13 |      Fixed 
   295 |  JC69 |        18 |    291 |              27 |         23 |      Fixed 
   296 |  JC69 |        20 |    156 |               1 |          2 |      Fixed 
   297 |  JC69 |        19 |    841 |             765 |         32 |      Fixed 
   298 |  JC69 |         8 |    282 |              25 |         17 |      Fixed 
   299 |  JC69 |        20 |    210 |               2 |          3 |      Fixed 
   300 |  JC69 |        20 |    149 |               1 |          2 |      Fixed 
   301 |  JC69 |        19 |    292 |              25 |         15 |      Fixed 
   302 |  JC69 |        11 |    149 |               1 |          2 |      Fixed 
   303 |  JC69 |         3 |    259 |               6 |          2 |      Fixed 
   304 |  JC69 |         9 |     66 |               0 |          1 |      Fixed 
   305 |  JC69 |        15 |    149 |               4 |          5 |      Fixed 
   306 |  JC69 |         6 |    352 |               6 |          6 |      Fixed 
   307 |  JC69 |         2 |    280 |               3 |          2 |      Fixed 
   308 |  JC69 |        11 |    259 |              14 |          9 |      Fixed 
   309 |  JC69 |         8 |    475 |             206 |          9 |      Fixed 
   310 |  JC69 |        19 |    321 |             317 |         12 |      Fixed 
   311 |  JC69 |        18 |    285 |              59 |         18 |      Fixed 
   312 |  JC69 |         3 |    217 |               7 |          8 |      Fixed 
   313 |  JC69 |        18 |     66 |               8 |          5 |      Fixed 
   314 |  JC69 |         9 |    201 |              11 |          6 |      Fixed 
   315 |  JC69 |        15 |    122 |               8 |          6 |      Fixed 
   316 |  JC69 |         8 |    281 |              44 |         12 |      Fixed 
   317 |  JC69 |        19 |    292 |              16 |          9 |      Fixed 
   318 |  JC69 |        20 |    268 |               5 |          6 |      Fixed 
   319 |  JC69 |         2 |    278 |              51 |          5 |      Fixed 
   320 |  JC69 |         4 |    267 |               4 |          4 |      Fixed 
   321 |  JC69 |        20 |    173 |               9 |          9 |      Fixed 
   322 |  JC69 |        12 |     54 |               1 |          2 |      Fixed 
   323 |  JC69 |         2 |    280 |               5 |          3 |      Fixed 
   324 |  JC69 |         2 |    148 |              18 |          3 |      Fixed 
   325 |  JC69 |        20 |    125 |               6 |          5 |      Fixed 
   326 |  JC69 |         8 |    361 |             154 |         14 |      Fixed 
   327 |  JC69 |        20 |    351 |             232 |         10 |      Fixed 
   328 |  JC69 |        14 |     56 |               1 |          2 |      Fixed 
   329 |  JC69 |        17 |    499 |              55 |         24 |      Fixed 
   330 |  JC69 |         9 |    281 |              22 |         14 |      Fixed 
   331 |  JC69 |        10 |    192 |               5 |          6 |      Fixed 
   332 |  JC69 |        18 |     91 |               1 |          2 |      Fixed 
   333 |  JC69 |         9 |    557 |             143 |         13 |      Fixed 
   334 |  JC69 |        20 |    340 |              70 |          6 |      Fixed 
   335 |  JC69 |        17 |    134 |               2 |          3 |      Fixed 
   336 |  JC69 |        20 |    193 |               7 |          8 |      Fixed 
   337 |  JC69 |        20 |    523 |             251 |         20 |      Fixed 
   338 |  JC69 |         8 |    286 |              11 |         10 |      Fixed 
   339 |  JC69 |        17 |    123 |               4 |          5 |      Fixed 
   340 |  JC69 |         7 |    274 |              32 |         15 |      Fixed 
   341 |  JC69 |        19 |     70 |               5 |          4 |      Fixed 
   342 |  JC69 |        19 |    230 |              94 |         12 |      Fixed 
   343 |  JC69 |        20 |    134 |              24 |          6 |      Fixed 
   344 |  JC69 |         4 |    237 |              12 |          5 |      Fixed 
   345 |  JC69 |        20 |    317 |             116 |          8 |      Fixed 
   346 |  JC69 |         5 |     61 |               2 |          3 |      Fixed 
   347 |  JC69 |        18 |     89 |               1 |          2 |      Fixed 
   348 |  JC69 |        20 |    907 |             332 |         27 |      Fixed 
   349 |  JC69 |        19 |     72 |               3 |          2 |      Fixed 
   350 |  JC69 |         6 |    239 |              13 |          8 |      Fixed 
   351 |  JC69 |         2 |    252 |               3 |          3 |      Fixed 
   352 |  JC69 |        20 |    111 |              10 |          8 |      Fixed 
   353 |  JC69 |         3 |    282 |              13 |          5 |      Fixed 
   354 |  JC69 |         3 |     51 |               0 |          1 |      Fixed 
   355 |  JC69 |        13 |    414 |              40 |         28 |      Fixed 
   356 |  JC69 |         2 |    195 |               8 |          7 |      Fixed 
   357 |  JC69 |        19 |    100 |               1 |          2 |      Fixed 
   358 |  JC69 |        20 |    257 |              10 |          6 |      Fixed 
   359 |  JC69 |         4 |    266 |              67 |         11 |      Fixed 
   360 |  JC69 |         8 |    127 |               0 |          1 |      Fixed 
   361 |  JC69 |         2 |     54 |               1 |          2 |      Fixed 
   362 |  JC69 |        14 |    152 |              12 |         12 |      Fixed 
   363 |  JC69 |         8 |    205 |               4 |          4 |      Fixed 
   364 |  JC69 |        20 |    107 |               3 |          4 |      Fixed 
   365 |  JC69 |        13 |    133 |              10 |          8 |      Fixed 
   366 |  JC69 |        20 |    432 |              13 |         14 |      Fixed 
   367 |  JC69 |         2 |    508 |              33 |          6 |      Fixed 
   368 |  JC69 |        20 |     78 |               1 |          2 |      Fixed 
   369 |  JC69 |         7 |    225 |               2 |          3 |      Fixed 
   370 |  JC69 |        19 |    184 |               5 |          5 |      Fixed 
   371 |  JC69 |        12 |    231 |               1 |          2 |      Fixed 
   372 |  JC69 |        15 |    160 |              13 |          8 |      Fixed 
   373 |  JC69 |        20 |    171 |               6 |          7 |      Fixed 
   374 |  JC69 |         5 |    282 |              18 |          9 |      Fixed 
   375 |  JC69 |         3 |     46 |               0 |          1 |      Fixed 
   376 |  JC69 |        19 |    158 |               7 |          9 |      Fixed 
   377 |  JC69 |         4 |    280 |              15 |          7 |      Fixed 
   378 |  JC69 |         6 |    284 |              24 |         18 |      Fixed 
   379 |  JC69 |         7 |    405 |             147 |         11 |      Fixed 
   380 |  JC69 |        12 |    126 |               2 |          3 |      Fixed 
   381 |  JC69 |        19 |    188 |              24 |          8 |      Fixed 
   382 |  JC69 |        20 |    385 |             165 |         13 |      Fixed 
   383 |  JC69 |        20 |    718 |             299 |         21 |      Fixed 
   384 |  JC69 |        19 |    594 |             490 |         24 |      Fixed 
   385 |  JC69 |        20 |    314 |             163 |         18 |      Fixed 
   386 |  JC69 |         2 |    276 |               1 |          2 |      Fixed 
   387 |  JC69 |         7 |    323 |             110 |         12 |      Fixed 
   388 |  JC69 |        15 |    237 |               6 |          5 |      Fixed 
   389 |  JC69 |        18 |    490 |             226 |         22 |      Fixed 
   390 |  JC69 |        20 |    230 |               8 |          8 |      Fixed 
   391 |  JC69 |         2 |    170 |              20 |          3 |      Fixed 
   392 |  JC69 |        18 |    151 |               5 |          6 |      Fixed 
   393 |  JC69 |        10 |    281 |              56 |         17 |      Fixed 
   394 |  JC69 |        20 |    245 |               5 |          5 |      Fixed 
   395 |  JC69 |        19 |    656 |             386 |         29 |      Fixed 
   396 |  JC69 |        20 |    265 |              13 |         14 |      Fixed 
   397 |  JC69 |        19 |    190 |              90 |          8 |      Fixed 
   398 |  JC69 |        20 |    186 |               3 |          4 |      Fixed 
   399 |  JC69 |         2 |     49 |               0 |          1 |      Fixed 
   400 |  JC69 |        20 |    119 |               2 |          3 |      Fixed 
   401 |  JC69 |        13 |    208 |               3 |          3 |      Fixed 
   402 |  JC69 |        20 |    204 |               8 |          8 |      Fixed 
   403 |  JC69 |        18 |    290 |              32 |         23 |      Fixed 
   404 |  JC69 |        10 |    356 |             181 |         14 |      Fixed 
   405 |  JC69 |        19 |    119 |              32 |         12 |      Fixed 
   406 |  JC69 |        19 |     81 |               6 |          6 |      Fixed 
   407 |  JC69 |         2 |    286 |              11 |          6 |      Fixed 
   408 |  JC69 |        11 |    282 |             103 |         22 |      Fixed 
   409 |  JC69 |        19 |     78 |               1 |          2 |      Fixed 
   410 |  JC69 |        19 |    168 |               3 |          4 |      Fixed 
   411 |  JC69 |         3 |     39 |               0 |          1 |      Fixed 
   412 |  JC69 |         9 |    337 |              73 |         16 |      Fixed 
   413 |  JC69 |        17 |    229 |               7 |          8 |      Fixed 
   414 |  JC69 |        19 |    365 |             190 |         10 |      Fixed 
   415 |  JC69 |         2 |    279 |               2 |          2 |      Fixed 
   416 |  JC69 |        20 |    210 |              85 |         11 |      Fixed 
   417 |  JC69 |         8 |    791 |             536 |         22 |      Fixed 
   418 |  JC69 |        20 |    117 |               4 |          6 |      Fixed 
   419 |  JC69 |         4 |     75 |               0 |          3 |      Fixed 
   420 |  JC69 |         7 |    159 |              34 |          5 |      Fixed 
   421 |  JC69 |         4 |    275 |               3 |          4 |      Fixed 
   422 |  JC69 |        16 |    266 |               4 |          4 |      Fixed 
   423 |  JC69 |         3 |     56 |               0 |          1 |      Fixed 
   424 |  JC69 |         3 |    167 |               5 |          3 |      Fixed 
   425 |  JC69 |         4 |    136 |               3 |          7 |      Fixed 
   426 |  JC69 |         4 |    280 |              14 |          8 |      Fixed 
   427 |  JC69 |        20 |    109 |               1 |          2 |      Fixed 
   428 |  JC69 |         2 |    281 |              15 |          5 |      Fixed 
   429 |  JC69 |         5 |    279 |              61 |         11 |      Fixed 
   430 |  JC69 |         6 |     52 |               1 |          2 |      Fixed 
   431 |  JC69 |        19 |    263 |              16 |         12 |      Fixed 
   432 |  JC69 |         6 |    274 |              10 |          7 |      Fixed 
   433 |  JC69 |         3 |    282 |              12 |          3 |      Fixed 
   434 |  JC69 |        18 |    344 |               6 |          7 |      Fixed 
   435 |  JC69 |        20 |    611 |             232 |         22 |      Fixed 
   436 |  JC69 |        10 |    151 |              68 |          6 |      Fixed 
   437 |  JC69 |         2 |     79 |              10 |          3 |      Fixed 
   438 |  JC69 |         2 |    548 |             273 |          6 |      Fixed 
   439 |  JC69 |        15 |     59 |               7 |          5 |      Fixed 
   440 |  JC69 |         9 |    353 |              92 |         16 |      Fixed 
   441 |  JC69 |        17 |    616 |             538 |         21 |      Fixed 
   442 |  JC69 |         2 |    282 |               5 |          2 |      Fixed 
   443 |  JC69 |         5 |    280 |              43 |         10 |      Fixed 
   444 |  JC69 |         7 |    280 |               7 |          7 |      Fixed 
   445 |  JC69 |         8 |    374 |             152 |         12 |      Fixed 
   446 |  JC69 |        13 |    144 |               2 |          2 |      Fixed 
   447 |  JC69 |        20 |    129 |               4 |          5 |      Fixed 
   448 |  JC69 |        15 |    119 |               2 |          2 |      Fixed 
   449 |  JC69 |        20 |    205 |               7 |          9 |      Fixed 
   450 |  JC69 |        13 |    235 |              13 |         11 |      Fixed 
   451 |  JC69 |        20 |    233 |               1 |          2 |      Fixed 
   452 |  JC69 |         3 |    121 |               1 |          3 |      Fixed 
   453 |  JC69 |         2 |     47 |               0 |          1 |      Fixed 
   454 |  JC69 |        20 |    141 |               2 |          3 |      Fixed 
   455 |  JC69 |        20 |    149 |               2 |          3 |      Fixed 
   456 |  JC69 |         2 |     57 |               1 |          2 |      Fixed 
   457 |  JC69 |         3 |    207 |               0 |          1 |      Fixed 
   458 |  JC69 |         2 |    270 |              10 |          7 |      Fixed 
   459 |  JC69 |        12 |    169 |              56 |         16 |      Fixed 
   460 |  JC69 |         3 |    137 |               9 |          3 |      Fixed 
   461 |  JC69 |         2 |    123 |               1 |          2 |      Fixed 
   462 |  JC69 |        11 |    144 |              17 |          4 |      Fixed 
   463 |  JC69 |         4 |    281 |              10 |          7 |      Fixed 
   464 |  JC69 |         4 |     38 |               0 |          1 |      Fixed 
   465 |  JC69 |        19 |    232 |              25 |         21 |      Fixed 
   466 |  JC69 |        13 |    283 |              16 |          9 |      Fixed 
   467 |  JC69 |        20 |    294 |             152 |         11 |      Fixed 
   468 |  JC69 |        18 |    513 |             145 |         24 |      Fixed 
   469 |  JC69 |        20 |    213 |              96 |          6 |      Fixed 
   470 |  JC69 |        18 |    204 |              14 |         10 |      Fixed 
   471 |  JC69 |        20 |    274 |               8 |         10 |      Fixed 
   472 |  JC69 |         6 |    281 |              89 |         13 |      Fixed 
   473 |  JC69 |         3 |     93 |               0 |          1 |      Fixed 
   474 |  JC69 |        20 |    116 |               2 |          3 |      Fixed 
   475 |  JC69 |         9 |    280 |             112 |         18 |      Fixed 
   476 |  JC69 |        20 |    127 |               4 |          5 |      Fixed 
   477 |  JC69 |        20 |    288 |             131 |         10 |      Fixed 
   478 |  JC69 |         4 |    255 |              15 |          7 |      Fixed 
   479 |  JC69 |        20 |    322 |              68 |         11 |      Fixed 
   480 |  JC69 |        20 |    439 |             130 |         12 |      Fixed 
   481 |  JC69 |        20 |    261 |             114 |          7 |      Fixed 
   482 |  JC69 |        18 |     66 |               2 |          3 |      Fixed 
   483 |  JC69 |         2 |    148 |               0 |          1 |      Fixed 
   484 |  JC69 |         2 |    109 |               1 |          3 |      Fixed 
   485 |  JC69 |        19 |    292 |              27 |         20 |      Fixed 
   486 |  JC69 |        19 |    475 |              27 |         23 |      Fixed 
   487 |  JC69 |        17 |    155 |               9 |         10 |      Fixed 
   488 |  JC69 |         6 |    286 |              22 |          9 |      Fixed 
   489 |  JC69 |         2 |     53 |               0 |          1 |      Fixed 
   490 |  JC69 |         3 |    130 |               1 |          2 |      Fixed 
   491 |  JC69 |         5 |    126 |              23 |          3 |      Fixed 
   492 |  JC69 |        17 |    810 |             532 |         24 |      Fixed 
   493 |  JC69 |        16 |    102 |               5 |          6 |      Fixed 
   494 |  JC69 |         3 |    198 |              11 |         10 |      Fixed 
   495 |  JC69 |         7 |    456 |             210 |          7 |      Fixed 
   496 |  JC69 |         2 |    473 |             197 |          4 |      Fixed 
   497 |  JC69 |        14 |     61 |               6 |          4 |      Fixed 
   498 |  JC69 |        18 |     69 |               3 |          3 |      Fixed 
   499 |  JC69 |        15 |    219 |              17 |         13 |      Fixed 
   500 |  JC69 |         4 |    177 |              64 |          4 |      Fixed 
   501 |  JC69 |         9 |    532 |              17 |         12 |      Fixed 
   502 |  JC69 |         4 |     92 |               0 |          1 |      Fixed 
   503 |  JC69 |        20 |    206 |              12 |         10 |      Fixed 
   504 |  JC69 |        11 |    282 |              22 |         17 |      Fixed 
   505 |  JC69 |        16 |     77 |               1 |          2 |      Fixed 
   506 |  JC69 |         3 |     41 |               0 |          1 |      Fixed 
   507 |  JC69 |        13 |    166 |              25 |          9 |      Fixed 
   508 |  JC69 |        20 |    199 |              11 |         11 |      Fixed 
   509 |  JC69 |        15 |    144 |              22 |         16 |      Fixed 
   510 |  JC69 |        10 |    283 |              20 |         18 |      Fixed 
   511 |  JC69 |        18 |     95 |               5 |          6 |      Fixed 
   512 |  JC69 |        20 |     52 |               2 |          3 |      Fixed 
   513 |  JC69 |         4 |     88 |               0 |          1 |      Fixed 
   514 |  JC69 |         8 |    137 |               5 |          8 |      Fixed 
   515 |  JC69 |         7 |    278 |              35 |         15 |      Fixed 
   516 |  JC69 |         3 |    278 |              29 |         12 |      Fixed 
   517 |  JC69 |         3 |    141 |               6 |          6 |      Fixed 
   518 |  JC69 |        20 |     43 |               3 |          4 |      Fixed 
   519 |  JC69 |        19 |     82 |               5 |          6 |      Fixed 
   520 |  JC69 |        15 |     90 |               2 |          2 |      Fixed 
   521 |  JC69 |         2 |     46 |               0 |          1 |      Fixed 
   522 |  JC69 |         2 |    278 |               8 |          3 |      Fixed 
   523 |  JC69 |         2 |    282 |              10 |          4 |      Fixed 
   524 |  JC69 |         2 |    277 |               3 |          4 |      Fixed 
   525 |  JC69 |        20 |    915 |             407 |         27 |      Fixed 
   526 |  JC69 |        15 |    221 |               7 |          6 |      Fixed 
   527 |  JC69 |        17 |     62 |               0 |          1 |      Fixed 
   528 |  JC69 |        20 |    147 |               2 |          3 |      Fixed 
   529 |  JC69 |        20 |    137 |               4 |          5 |      Fixed 
   530 |  JC69 |         7 |    171 |               3 |          5 |      Fixed 
   531 |  JC69 |        17 |    268 |             134 |         16 |      Fixed 
   532 |  JC69 |         8 |    100 |               2 |          3 |      Fixed 
   533 |  JC69 |         2 |     92 |               0 |          1 |      Fixed 
   534 |  JC69 |        20 |    225 |             104 |          7 |      Fixed 
   535 |  JC69 |         9 |    451 |              45 |         17 |      Fixed 
   536 |  JC69 |         4 |    281 |               8 |          7 |      Fixed 
   537 |  JC69 |        11 |    267 |              10 |         11 |      Fixed 
   538 |  JC69 |        17 |    288 |              22 |         18 |      Fixed 
   539 |  JC69 |         4 |    252 |              17 |          6 |      Fixed 
   540 |  JC69 |         8 |    407 |             161 |         14 |      Fixed 
   541 |  JC69 |        19 |     79 |               2 |          3 |      Fixed 
   542 |  JC69 |         2 |    281 |               4 |          4 |      Fixed 
   543 |  JC69 |        13 |    156 |               1 |          4 |      Fixed 
   544 |  JC69 |         3 |    244 |               1 |          3 |      Fixed 
   545 |  JC69 |        20 |    151 |              47 |         13 |      Fixed 
   546 |  JC69 |         5 |    382 |             150 |          9 |      Fixed 
   547 |  JC69 |         5 |    279 |              14 |          8 |      Fixed 
   548 |  JC69 |         4 |    261 |               4 |          4 |      Fixed 
   549 |  JC69 |         4 |    281 |              19 |         11 |      Fixed 
   550 |  JC69 |        18 |    101 |              36 |          7 |      Fixed 
   551 |  JC69 |        20 |    375 |             120 |         15 |      Fixed 
   552 |  JC69 |        17 |     59 |              15 |          4 |      Fixed 
   553 |  JC69 |        20 |    146 |               4 |          5 |      Fixed 
   554 |  JC69 |         3 |     51 |               2 |          3 |      Fixed 
   555 |  JC69 |         2 |     55 |               0 |          2 |      Fixed 
   556 |  JC69 |         2 |    280 |              34 |          5 |      Fixed 
   557 |  JC69 |        19 |    540 |             276 |         15 |      Fixed 
   558 |  JC69 |        20 |    403 |              59 |         17 |      Fixed 
   559 |  JC69 |        20 |    623 |              18 |         16 |      Fixed 
   560 |  JC69 |         5 |    283 |              82 |         17 |      Fixed 
   561 |  JC69 |         2 |     70 |               0 |          1 |      Fixed 
   562 |  JC69 |         9 |    181 |              18 |         13 |      Fixed 
   563 |  JC69 |        17 |    276 |              68 |         11 |      Fixed 
   564 |  JC69 |        15 |    188 |              50 |          4 |      Fixed 
   565 |  JC69 |        16 |    215 |              60 |         12 |      Fixed 
   566 |  JC69 |        10 |    130 |              18 |          4 |      Fixed 
   567 |  JC69 |        20 |    160 |              35 |         12 |      Fixed 
   568 |  JC69 |        20 |     92 |               5 |          6 |      Fixed 
   569 |  JC69 |        10 |     94 |              11 |          8 |      Fixed 
   570 |  JC69 |        13 |    103 |               7 |          8 |      Fixed 
   571 |  JC69 |         2 |    272 |              42 |         14 |      Fixed 
   572 |  JC69 |         7 |    115 |               4 |          5 |      Fixed 
   573 |  JC69 |        20 |     90 |               2 |          3 |      Fixed 
   574 |  JC69 |        13 |    470 |             152 |         13 |      Fixed 
   575 |  JC69 |        19 |    318 |             147 |         19 |      Fixed 
   576 |  JC69 |        20 |    212 |               5 |          6 |      Fixed 
   577 |  JC69 |        19 |    180 |               7 |          6 |      Fixed 
   578 |  JC69 |         2 |    281 |              11 |          4 |      Fixed 
   579 |  JC69 |        13 |    536 |              28 |         19 |      Fixed 
   580 |  JC69 |        11 |     54 |               1 |          2 |      Fixed 
   581 |  JC69 |         4 |    281 |              10 |          7 |      Fixed 
   582 |  JC69 |         3 |    152 |              56 |          5 |      Fixed 
   583 |  JC69 |         8 |    432 |             207 |         15 |      Fixed 
   584 |  JC69 |        20 |    445 |             182 |          8 |      Fixed 
   585 |  JC69 |         3 |     51 |               0 |          1 |      Fixed 
   586 |  JC69 |        20 |    101 |               1 |          2 |      Fixed 
   587 |  JC69 |        20 |     97 |               0 |          1 |      Fixed 
   588 |  JC69 |         9 |    287 |              36 |         12 |      Fixed 
   589 |  JC69 |         2 |    131 |              39 |          3 |      Fixed 
   590 |  JC69 |         3 |    160 |              34 |          6 |      Fixed 
   591 |  JC69 |         6 |    196 |              26 |         11 |      Fixed 
   592 |  JC69 |        20 |    327 |             154 |         18 |      Fixed 
   593 |  JC69 |        11 |    297 |               3 |          4 |      Fixed 
   594 |  JC69 |        15 |    111 |               1 |          2 |      Fixed 
   595 |  JC69 |        18 |    146 |               6 |          5 |      Fixed 
   596 |  JC69 |         3 |    393 |              64 |         10 |      Fixed 
   597 |  JC69 |        13 |    115 |               5 |          6 |      Fixed 
   598 |  JC69 |        20 |    218 |               7 |          8 |      Fixed 
   599 |  JC69 |        16 |    364 |             120 |         26 |      Fixed 
   600 |  JC69 |         3 |    277 |             138 |          4 |      Fixed 
   601 |  JC69 |         3 |     66 |               0 |          2 |      Fixed 
   602 |  JC69 |         5 |    282 |              17 |         11 |      Fixed 
   603 |  JC69 |         9 |    485 |              10 |         11 |      Fixed 
   604 |  JC69 |         9 |    928 |             506 |         19 |      Fixed 
   605 |  JC69 |         7 |    111 |               3 |          4 |      Fixed 
   606 |  JC69 |        20 |    108 |               2 |          4 |      Fixed 
   607 |  JC69 |        14 |    490 |             144 |         23 |      Fixed 
   608 |  JC69 |         3 |    284 |               5 |          5 |      Fixed 
   609 |  JC69 |         6 |    278 |             117 |         15 |      Fixed 
   610 |  JC69 |        20 |     79 |               2 |          3 |      Fixed 
   611 |  JC69 |         3 |    171 |               0 |          1 |      Fixed 
   612 |  JC69 |         2 |     96 |               1 |          2 |      Fixed 
   613 |  JC69 |        17 |    289 |             125 |          7 |      Fixed 
   614 |  JC69 |        17 |    292 |              27 |         19 |      Fixed 
   615 |  JC69 |        15 |    314 |             123 |          7 |      Fixed 
   616 |  JC69 |         8 |     83 |               1 |          2 |      Fixed 
   617 |  JC69 |        20 |    141 |               2 |          3 |      Fixed 
   618 |  JC69 |        19 |    433 |              18 |         18 |      Fixed 
   619 |  JC69 |         2 |    225 |              97 |          2 |      Fixed 
   620 |  JC69 |        16 |     93 |               3 |          5 |      Fixed 
   621 |  JC69 |        19 |     49 |               3 |          4 |      Fixed 
   622 |  JC69 |        19 |     72 |               2 |          3 |      Fixed 
   623 |  JC69 |        20 |    100 |               3 |          4 |      Fixed 
   624 |  JC69 |        15 |    129 |               5 |          6 |      Fixed 
   625 |  JC69 |        20 |    289 |             131 |          4 |      Fixed 
   626 |  JC69 |        20 |    146 |              11 |          9 |      Fixed 
   627 |  JC69 |         2 |     69 |               0 |          1 |      Fixed 
   628 |  JC69 |         5 |    203 |               7 |          7 |      Fixed 
   629 |  JC69 |         7 |    157 |              41 |         13 |      Fixed 
   630 |  JC69 |         2 |    281 |               9 |          5 |      Fixed 
   631 |  JC69 |         3 |    173 |               0 |          1 |      Fixed 
   632 |  JC69 |        17 |     81 |               3 |          4 |      Fixed 
   633 |  JC69 |         3 |    226 |               0 |          1 |      Fixed 
   634 |  JC69 |         8 |    279 |             123 |         11 |      Fixed 
   635 |  JC69 |         4 |    209 |               9 |          6 |      Fixed 
   636 |  JC69 |        17 |     58 |               7 |          4 |      Fixed 
   637 |  JC69 |        13 |     85 |              10 |          4 |      Fixed 
   638 |  JC69 |        14 |    290 |              37 |         25 |      Fixed 
   639 |  JC69 |        17 |    161 |               5 |          5 |      Fixed 
   640 |  JC69 |        17 |    421 |              36 |         30 |      Fixed 
   641 |  JC69 |        20 |    218 |              78 |         10 |      Fixed 
   642 |  JC69 |        12 |    482 |              27 |         22 |      Fixed 
   643 |  JC69 |        18 |    666 |             549 |         31 |      Fixed 
   644 |  JC69 |        20 |    220 |               3 |          4 |      Fixed 
   645 |  JC69 |         5 |    280 |              14 |          7 |      Fixed 
   646 |  JC69 |        10 |    109 |               7 |          8 |      Fixed 
   647 |  JC69 |        15 |    129 |               1 |          2 |      Fixed 
   648 |  JC69 |        20 |    180 |               2 |          3 |      Fixed 
   649 |  JC69 |        11 |    118 |               4 |          6 |      Fixed 
   650 |  JC69 |        16 |     45 |               2 |          3 |      Fixed 
   651 |  JC69 |        17 |    144 |               8 |          9 |      Fixed 
   652 |  JC69 |        20 |    272 |               2 |          3 |      Fixed 
   653 |  JC69 |        17 |    299 |               8 |          9 |      Fixed 
   654 |  JC69 |         3 |    286 |              17 |          6 |      Fixed 
   655 |  JC69 |        14 |    155 |              43 |          7 |      Fixed 
   656 |  JC69 |        19 |    358 |              88 |         20 |      Fixed 
   657 |  JC69 |        14 |     96 |               8 |          8 |      Fixed 
   658 |  JC69 |        15 |    144 |               3 |          4 |      Fixed 
   659 |  JC69 |        12 |     51 |               0 |          2 |      Fixed 
   660 |  JC69 |        19 |    315 |               5 |          6 |      Fixed 
   661 |  JC69 |         3 |     66 |               6 |          2 |      Fixed 
   662 |  JC69 |        11 |    350 |             138 |         15 |      Fixed 
   663 |  JC69 |        19 |    134 |              10 |          9 |      Fixed 
   664 |  JC69 |         3 |    417 |              54 |         15 |      Fixed 
   665 |  JC69 |        20 |    207 |               5 |          6 |      Fixed 
   666 |  JC69 |        15 |    389 |             111 |         15 |      Fixed 
   667 |  JC69 |        20 |     84 |               7 |          6 |      Fixed 
   668 |  JC69 |         2 |    282 |              22 |          8 |      Fixed 
   669 |  JC69 |        20 |    163 |               2 |          3 |      Fixed 
   670 |  JC69 |        17 |    408 |              75 |          8 |      Fixed 
   671 |  JC69 |        20 |    137 |               1 |          2 |      Fixed 
   672 |  JC69 |        19 |    329 |              20 |         11 |      Fixed 
   673 |  JC69 |        20 |     93 |               5 |          4 |      Fixed 
   674 |  JC69 |        20 |    179 |               2 |          3 |      Fixed 
   675 |  JC69 |         5 |    240 |              20 |          8 |      Fixed 
   676 |  JC69 |        20 |    644 |             323 |         28 |      Fixed 
   677 |  JC69 |        12 |    382 |             168 |         10 |      Fixed 
   678 |  JC69 |        20 |    552 |             276 |         13 |      Fixed 
   679 |  JC69 |         6 |    263 |              81 |         10 |      Fixed 
   680 |  JC69 |        15 |    108 |               3 |          4 |      Fixed 
   681 |  JC69 |        17 |     88 |               4 |          5 |      Fixed 
   682 |  JC69 |        14 |    283 |              25 |         20 |      Fixed 
   683 |  JC69 |        11 |    303 |              33 |         10 |      Fixed 
   684 |  JC69 |        20 |    193 |              51 |          8 |      Fixed 
   685 |  JC69 |        20 |    147 |              57 |          6 |      Fixed 
   686 |  JC69 |        18 |    117 |               7 |          8 |      Fixed 
   687 |  JC69 |        19 |    145 |               7 |          8 |      Fixed 
   688 |  JC69 |        16 |     71 |               1 |          2 |      Fixed 
   689 |  JC69 |        20 |    522 |             119 |         14 |      Fixed 
   690 |  JC69 |         2 |    148 |              11 |          4 |      Fixed 
   691 |  JC69 |        16 |     63 |               6 |          7 |      Fixed 
   692 |  JC69 |         2 |     62 |               0 |          1 |      Fixed 
   693 |  JC69 |         3 |     84 |               0 |          2 |      Fixed 
   694 |  JC69 |        20 |    115 |               5 |          6 |      Fixed 
   695 |  JC69 |         2 |    279 |               7 |          4 |      Fixed 
   696 |  JC69 |         7 |    281 |              18 |         16 |      Fixed 
   697 |  JC69 |        20 |    213 |               4 |          5 |      Fixed 
   698 |  JC69 |        20 |    214 |              82 |          9 |      Fixed 
   699 |  JC69 |         6 |    280 |              27 |         21 |      Fixed 
   700 |  JC69 |        19 |     70 |               3 |          4 |      Fixed 
   701 |  JC69 |        17 |    185 |              27 |         10 |      Fixed 
   702 |  JC69 |        15 |    146 |              10 |         11 |      Fixed 
   703 |  JC69 |        19 |    224 |               6 |          6 |      Fixed 
   704 |  JC69 |         3 |    281 |               5 |          3 |      Fixed 
   705 |  JC69 |        11 |    233 |              45 |         11 |      Fixed 
   706 |  JC69 |        20 |    125 |               6 |          7 |      Fixed 
   707 |  JC69 |        18 |     63 |               2 |          3 |      Fixed 
   708 |  JC69 |        20 |    316 |             107 |         11 |      Fixed 
   709 |  JC69 |         3 |    136 |               1 |          2 |      Fixed 
   710 |  JC69 |        19 |    511 |             285 |         20 |      Fixed 
   711 |  JC69 |        15 |    370 |             165 |         23 |      Fixed 
   712 |  JC69 |         2 |    277 |               7 |          4 |      Fixed 
   713 |  JC69 |         4 |    241 |              10 |          4 |      Fixed 
   714 |  JC69 |        11 |    154 |              14 |          8 |      Fixed 
   715 |  JC69 |         8 |    255 |               9 |          9 |      Fixed 
   716 |  JC69 |        13 |    384 |             100 |         21 |      Fixed 
   717 |  JC69 |        20 |    163 |               8 |          9 |      Fixed 
   718 |  JC69 |        18 |    572 |             333 |         19 |      Fixed 
   719 |  JC69 |        19 |     59 |               0 |          1 |      Fixed 
   720 |  JC69 |        20 |    151 |               1 |          2 |      Fixed 
   721 |  JC69 |         2 |    280 |               3 |          3 |      Fixed 
   722 |  JC69 |        20 |    125 |               9 |          8 |      Fixed 
   723 |  JC69 |         2 |     93 |               0 |          2 |      Fixed 
   724 |  JC69 |        20 |    465 |              65 |         13 |      Fixed 
   725 |  JC69 |        20 |    405 |             149 |         18 |      Fixed 
   726 |  JC69 |         3 |    358 |               5 |          6 |      Fixed 
   727 |  JC69 |        16 |    170 |              13 |         13 |      Fixed 
   728 |  JC69 |        20 |    151 |              12 |          3 |      Fixed 
   729 |  JC69 |         9 |    162 |               2 |          4 |      Fixed 
   730 |  JC69 |         6 |    263 |              13 |          5 |      Fixed 
   731 |  JC69 |        20 |     71 |               6 |          7 |      Fixed 
   732 |  JC69 |         6 |     86 |               7 |          8 |      Fixed 
   733 |  JC69 |        20 |    210 |               3 |          4 |      Fixed 
   734 |  JC69 |        19 |     84 |               2 |          3 |      Fixed 
   735 |  JC69 |        19 |    135 |               2 |          3 |      Fixed 
   736 |  JC69 |        20 |     89 |               3 |          4 |      Fixed 
   737 |  JC69 |         7 |    279 |              62 |         14 |      Fixed 
   738 |  JC69 |         2 |    245 |              13 |          4 |      Fixed 
   739 |  JC69 |        17 |    228 |             173 |         25 |      Fixed 
   740 |  JC69 |        20 |    174 |              14 |         11 |      Fixed 
   741 |  JC69 |        18 |    241 |              13 |          9 |      Fixed 
   742 |  JC69 |         8 |     68 |              10 |          8 |      Fixed 
   743 |  JC69 |         2 |    159 |               0 |          2 |      Fixed 
   744 |  JC69 |        12 |    311 |             150 |          9 |      Fixed 
   745 |  JC69 |         7 |    347 |              17 |          9 |      Fixed 
   746 |  JC69 |         5 |    283 |              54 |         17 |      Fixed 
   747 |  JC69 |         6 |    314 |             170 |          6 |      Fixed 
   748 |  JC69 |         7 |     72 |               0 |          1 |      Fixed 
   749 |  JC69 |        18 |    163 |               3 |          4 |      Fixed 
   750 |  JC69 |        11 |    273 |              51 |         19 |      Fixed 
   751 |  JC69 |         7 |    433 |             298 |         15 |      Fixed 
   752 |  JC69 |         8 |    274 |              10 |          8 |      Fixed 
   753 |  JC69 |        18 |    128 |               9 |         10 |      Fixed 
   754 |  JC69 |         6 |    286 |              19 |          9 |      Fixed 
   755 |  JC69 |        10 |    283 |              15 |         14 |      Fixed 
   756 |  JC69 |        16 |    289 |              83 |         18 |      Fixed 
   757 |  JC69 |        20 |    309 |              71 |          9 |      Fixed 
   758 |  JC69 |        19 |    345 |              64 |         14 |      Fixed 
   759 |  JC69 |         3 |    181 |               2 |          4 |      Fixed 
   760 |  JC69 |         9 |    372 |              12 |         10 |      Fixed 
   761 |  JC69 |        20 |    244 |               6 |          5 |      Fixed 
   762 |  JC69 |        16 |    131 |               5 |          5 |      Fixed 
   763 |  JC69 |         9 |    154 |               2 |          3 |      Fixed 
   764 |  JC69 |         9 |    152 |               6 |          6 |      Fixed 
   765 |  JC69 |        20 |    539 |             118 |         10 |      Fixed 
   766 |  JC69 |        20 |    648 |             313 |         25 |      Fixed 
   767 |  JC69 |        19 |     79 |               9 |          5 |      Fixed 
   768 |  JC69 |        20 |     93 |               3 |          4 |      Fixed 
   769 |  JC69 |         3 |    108 |               4 |          2 |      Fixed 
   770 |  JC69 |        19 |    191 |              29 |         12 |      Fixed 
   771 |  JC69 |        20 |    432 |             195 |         23 |      Fixed 
   772 |  JC69 |        13 |    337 |             150 |         17 |      Fixed 
   773 |  JC69 |        18 |    259 |              17 |         16 |      Fixed 
   774 |  JC69 |        12 |    223 |               4 |          5 |      Fixed 
   775 |  JC69 |        20 |    336 |             232 |          9 |      Fixed 
   776 |  JC69 |        11 |    452 |              28 |         17 |      Fixed 
   777 |  JC69 |         8 |    434 |             207 |          9 |      Fixed 
   778 |  JC69 |        20 |     97 |               9 |         10 |      Fixed 
   779 |  JC69 |        13 |     56 |               4 |          4 |      Fixed 
   780 |  JC69 |        20 |     87 |               6 |          8 |      Fixed 
   781 |  JC69 |         4 |    220 |              16 |          7 |      Fixed 
   782 |  JC69 |        11 |    216 |              14 |         11 |      Fixed 
   783 |  JC69 |        10 |     42 |               2 |          3 |      Fixed 
   784 |  JC69 |        20 |    184 |               3 |          4 |      Fixed 
   785 |  JC69 |         2 |    222 |               6 |          5 |      Fixed 
   786 |  JC69 |        18 |     95 |               4 |          5 |      Fixed 
   787 |  JC69 |        12 |    220 |               7 |          6 |      Fixed 
   788 |  JC69 |        20 |     60 |               1 |          2 |      Fixed 
   789 |  JC69 |         4 |     35 |               0 |          1 |      Fixed 
   790 |  JC69 |        20 |    117 |               9 |          8 |      Fixed 
   791 |  JC69 |        20 |    182 |               2 |          3 |      Fixed 
   792 |  JC69 |        20 |    146 |               4 |          5 |      Fixed 
   793 |  JC69 |        17 |     72 |               4 |          5 |      Fixed 
   794 |  JC69 |         4 |    279 |              49 |         12 |      Fixed 
   795 |  JC69 |         6 |    278 |              29 |         23 |      Fixed 
   796 |  JC69 |         7 |     76 |               3 |          4 |      Fixed 
   797 |  JC69 |        20 |     58 |               3 |          4 |      Fixed 
   798 |  JC69 |         4 |    239 |              24 |         11 |      Fixed 
   799 |  JC69 |        20 |     58 |               1 |          2 |      Fixed 
   800 |  JC69 |        20 |     84 |               6 |          7 |      Fixed 
   801 |  JC69 |        20 |    110 |               1 |          2 |      Fixed 
   802 |  JC69 |        20 |    341 |               6 |          7 |      Fixed 
   803 |  JC69 |        20 |    170 |               1 |          2 |      Fixed 
   804 |  JC69 |        20 |    103 |              47 |          5 |      Fixed 
   805 |  JC69 |        10 |    324 |              78 |         13 |      Fixed 
   806 |  JC69 |         3 |    248 |               5 |          3 |      Fixed 
   807 |  JC69 |        16 |    247 |             130 |          6 |      Fixed 
   808 |  JC69 |        16 |     87 |               4 |          5 |      Fixed 
   809 |  JC69 |        19 |     90 |               2 |          3 |      Fixed 
   810 |  JC69 |        13 |    124 |               2 |          3 |      Fixed 
   811 |  JC69 |         5 |    286 |               9 |          6 |      Fixed 
   812 |  JC69 |         7 |    282 |              28 |         17 |      Fixed 
   813 |  JC69 |         2 |    159 |               0 |          1 |      Fixed 
   814 |  JC69 |         7 |    137 |               0 |          1 |      Fixed 
   815 |  JC69 |        15 |     87 |               8 |          5 |      Fixed 
   816 |  JC69 |         4 |     97 |               1 |          4 |      Fixed 
   817 |  JC69 |        17 |    195 |              71 |          9 |      Fixed 
   818 |  JC69 |         6 |    453 |             206 |         13 |      Fixed 
   819 |  JC69 |        19 |    216 |              14 |          5 |      Fixed 
   820 |  JC69 |        20 |    408 |              25 |         21 |      Fixed 
   821 |  JC69 |         3 |    278 |              20 |          8 |      Fixed 
   822 |  JC69 |         2 |    278 |               9 |          5 |      Fixed 
   823 |  JC69 |         5 |    285 |              21 |         11 |      Fixed 
   824 |  JC69 |        11 |     86 |               3 |          4 |      Fixed 
   825 |  JC69 |        20 |    144 |              21 |          3 |      Fixed 
   826 |  JC69 |         6 |    531 |             188 |         23 |      Fixed 
   827 |  JC69 |        20 |    204 |              10 |          9 |      Fixed 
   828 |  JC69 |         2 |    237 |               0 |          1 |      Fixed 
   829 |  JC69 |         5 |     82 |               0 |          2 |      Fixed 
   830 |  JC69 |        20 |    127 |               2 |          3 |      Fixed 
   831 |  JC69 |        20 |     82 |               1 |          2 |      Fixed 
   832 |  JC69 |         5 |    257 |               4 |          4 |      Fixed 
   833 |  JC69 |        12 |    268 |              16 |         15 |      Fixed 
   834 |  JC69 |        17 |    299 |               8 |          8 |      Fixed 
   835 |  JC69 |         6 |    286 |              64 |         20 |      Fixed 
   836 |  JC69 |        20 |    303 |             122 |          9 |      Fixed 
   837 |  JC69 |         7 |    276 |             146 |         12 |      Fixed 
   838 |  JC69 |        20 |    572 |              85 |         10 |      Fixed 
   839 |  JC69 |        20 |    445 |             106 |         17 |      Fixed 
   840 |  JC69 |        20 |    344 |              11 |          9 |      Fixed 
   841 |  JC69 |        20 |     90 |               2 |          3 |      Fixed 
   842 |  JC69 |        18 |    247 |               1 |          3 |      Fixed 
   843 |  JC69 |        20 |    173 |              10 |          6 |      Fixed 
   844 |  JC69 |        19 |    949 |             820 |         43 |      Fixed 
   845 |  JC69 |        20 |    175 |               6 |          7 |      Fixed 
   846 |  JC69 |        20 |    122 |               5 |          6 |      Fixed 
   847 |  JC69 |        11 |     47 |               3 |          4 |      Fixed 
   848 |  JC69 |         4 |    292 |              19 |          6 |      Fixed 
   849 |  JC69 |         9 |    185 |               8 |          8 |      Fixed 
   850 |  JC69 |         8 |    280 |              83 |         14 |      Fixed 
   851 |  JC69 |        20 |    162 |              14 |         15 |      Fixed 
   852 |  JC69 |         8 |    281 |              12 |          8 |      Fixed 
   853 |  JC69 |         5 |    287 |              12 |          6 |      Fixed 
   854 |  JC69 |        20 |     96 |               4 |          5 |      Fixed 
   855 |  JC69 |        15 |    193 |              12 |          8 |      Fixed 
   856 |  JC69 |         2 |    280 |              15 |          3 |      Fixed 
   857 |  JC69 |        20 |    240 |              11 |          8 |      Fixed 
   858 |  JC69 |         6 |    250 |              74 |          7 |      Fixed 
   859 |  JC69 |        12 |    249 |              48 |         12 |      Fixed 
   860 |  JC69 |         2 |     72 |               0 |          1 |      Fixed 
   861 |  JC69 |         7 |    178 |               0 |          2 |      Fixed 
   862 |  JC69 |        15 |    426 |             151 |         18 |      Fixed 
   863 |  JC69 |        20 |    272 |              19 |         12 |      Fixed 
   864 |  JC69 |        20 |    232 |             105 |          9 |      Fixed 
   865 |  JC69 |         2 |    285 |              15 |          3 |      Fixed 
   866 |  JC69 |        20 |    213 |               5 |          5 |      Fixed 
   867 |  JC69 |         2 |    283 |              16 |          3 |      Fixed 
   868 |  JC69 |        19 |     87 |               2 |          3 |      Fixed 
   869 |  JC69 |        15 |     80 |               6 |          4 |      Fixed 
   870 |  JC69 |         3 |    280 |              22 |          8 |      Fixed 
   871 |  JC69 |        10 |    215 |              43 |         20 |      Fixed 
   872 |  JC69 |         6 |    287 |              25 |          6 |      Fixed 
   873 |  JC69 |        16 |    424 |             163 |         27 |      Fixed 
   874 |  JC69 |        20 |    377 |              70 |         12 |      Fixed 
   875 |  JC69 |        14 |    778 |             319 |         19 |      Fixed 
   876 |  JC69 |        19 |    672 |             672 |         25 |      Fixed 
   877 |  JC69 |         2 |    561 |             281 |          4 |      Fixed 
   878 |  JC69 |        14 |     50 |               1 |          2 |      Fixed 
   879 |  JC69 |         2 |    276 |              25 |          5 |      Fixed 
   880 |  JC69 |        20 |    179 |               6 |          7 |      Fixed 
   881 |  JC69 |        13 |    230 |              54 |          9 |      Fixed 
   882 |  JC69 |        20 |     74 |               2 |          3 |      Fixed 
   883 |  JC69 |        18 |    636 |             294 |         29 |      Fixed 
   884 |  JC69 |         2 |    282 |               6 |          4 |      Fixed 
   885 |  JC69 |         4 |    159 |               2 |          3 |      Fixed 
   886 |  JC69 |        19 |     99 |               3 |          4 |      Fixed 
   887 |  JC69 |        16 |    292 |              24 |         16 |      Fixed 
   888 |  JC69 |        19 |    189 |               5 |          6 |      Fixed 
   889 |  JC69 |        12 |    298 |             185 |         21 |      Fixed 
   890 |  JC69 |         9 |    233 |               4 |          7 |      Fixed 
   891 |  JC69 |        17 |    256 |              54 |          7 |      Fixed 
   892 |  JC69 |        20 |    118 |               8 |          9 |      Fixed 
   893 |  JC69 |        20 |    121 |               5 |          6 |      Fixed 
   894 |  JC69 |         3 |    548 |             112 |         10 |      Fixed 
   895 |  JC69 |         3 |     47 |               0 |          1 |      Fixed 
   896 |  JC69 |        14 |    118 |               8 |          4 |      Fixed 
   897 |  JC69 |         4 |    279 |             145 |          8 |      Fixed 
   898 |  JC69 |         3 |    248 |              12 |          3 |      Fixed 
   899 |  JC69 |        20 |     54 |               2 |          3 |      Fixed 
   900 |  JC69 |        16 |     67 |               1 |          2 |      Fixed 
   901 |  JC69 |         6 |    108 |               1 |          2 |      Fixed 
   902 |  JC69 |        18 |    263 |              10 |         11 |      Fixed 
   903 |  JC69 |         4 |    232 |              10 |          9 |      Fixed 
   904 |  JC69 |         8 |    365 |             110 |         12 |      Fixed 
   905 |  JC69 |         6 |     87 |               1 |          3 |      Fixed 
   906 |  JC69 |         7 |    234 |               8 |          4 |      Fixed 
   907 |  JC69 |        20 |    244 |              17 |         11 |      Fixed 
   908 |  JC69 |        20 |    220 |               9 |         10 |      Fixed 
   909 |  JC69 |        20 |    151 |               7 |          5 |      Fixed 
   910 |  JC69 |        16 |     84 |               5 |          6 |      Fixed 
   911 |  JC69 |        15 |    246 |              39 |         19 |      Fixed 
   912 |  JC69 |         3 |    282 |              10 |          5 |      Fixed 
   913 |  JC69 |         2 |    283 |             143 |          5 |      Fixed 
   914 |  JC69 |         3 |    270 |              20 |          6 |      Fixed 
   915 |  JC69 |        16 |    146 |               9 |          8 |      Fixed 
   916 |  JC69 |        20 |     88 |               3 |          3 |      Fixed 
   917 |  JC69 |        11 |    191 |               4 |          4 |      Fixed 
   918 |  JC69 |         2 |    286 |             131 |          6 |      Fixed 
   919 |  JC69 |         6 |    201 |               2 |          4 |      Fixed 
   920 |  JC69 |        16 |    391 |             101 |         10 |      Fixed 
   921 |  JC69 |         5 |     94 |               0 |          1 |      Fixed 
   922 |  JC69 |        20 |    541 |             229 |         15 |      Fixed 
   923 |  JC69 |        20 |    276 |              12 |         10 |      Fixed 
   924 |  JC69 |        14 |    503 |             159 |         22 |      Fixed 
   925 |  JC69 |        20 |    259 |               3 |          4 |      Fixed 
   926 |  JC69 |        20 |    105 |               3 |          5 |      Fixed 
   927 |  JC69 |        11 |    654 |             651 |         20 |      Fixed 
   928 |  JC69 |         2 |    171 |               5 |          2 |      Fixed 
   929 |  JC69 |         3 |    278 |              15 |          9 |      Fixed 
   930 |  JC69 |         8 |    281 |              59 |         21 |      Fixed 
   931 |  JC69 |        20 |    252 |              83 |          6 |      Fixed 
   932 |  JC69 |         6 |    479 |             228 |         27 |      Fixed 
   933 |  JC69 |         7 |     76 |               0 |          1 |      Fixed 
   934 |  JC69 |         3 |     92 |              29 |          4 |      Fixed 
   935 |  JC69 |         2 |    280 |               8 |          4 |      Fixed 
   936 |  JC69 |        12 |     54 |               6 |          5 |      Fixed 
   937 |  JC69 |         6 |    192 |              34 |          4 |      Fixed 
   938 |  JC69 |         3 |     57 |               4 |          2 |      Fixed 
   939 |  JC69 |        15 |    110 |               2 |          3 |      Fixed 
   940 |  JC69 |         7 |    282 |              14 |          9 |      Fixed 
   941 |  JC69 |         2 |     45 |               0 |          1 |      Fixed 
   942 |  JC69 |         3 |     73 |               0 |          1 |      Fixed 
   943 |  JC69 |        14 |     47 |               2 |          3 |      Fixed 
   944 |  JC69 |        20 |    125 |               4 |          3 |      Fixed 
   945 |  JC69 |         2 |    286 |               7 |          6 |      Fixed 
   946 |  JC69 |        20 |    126 |               5 |          6 |      Fixed 
   947 |  JC69 |        20 |    307 |              18 |         12 |      Fixed 
   948 |  JC69 |         2 |    273 |              99 |          3 |      Fixed 
   949 |  JC69 |        20 |    219 |               8 |          6 |      Fixed 
   950 |  JC69 |         4 |    386 |             149 |          6 |      Fixed 
   951 |  JC69 |        11 |    140 |               2 |          3 |      Fixed 
   952 |  JC69 |        20 |     57 |               4 |          5 |      Fixed 
   953 |  JC69 |         9 |     59 |               4 |          5 |      Fixed 
   954 |  JC69 |         6 |     45 |               5 |          5 |      Fixed 
   955 |  JC69 |        16 |    222 |               9 |          7 |      Fixed 
   956 |  JC69 |        20 |    156 |               9 |          6 |      Fixed 
   957 |  JC69 |        12 |    282 |              14 |         13 |      Fixed 
   958 |  JC69 |        20 |     94 |               2 |          4 |      Fixed 
   959 |  JC69 |        14 |    145 |               6 |          4 |      Fixed 
   960 |  JC69 |         7 |    386 |             164 |         20 |      Fixed 
   961 |  JC69 |        14 |    135 |               2 |          3 |      Fixed 
   962 |  JC69 |         8 |    265 |               9 |          7 |      Fixed 
   963 |  JC69 |        17 |     91 |               6 |          8 |      Fixed 
   964 |  JC69 |         4 |    281 |             147 |         10 |      Fixed 
   965 |  JC69 |        17 |    508 |             229 |         15 |      Fixed 
   966 |  JC69 |        10 |    142 |               1 |          3 |      Fixed 
   967 |  JC69 |        20 |     87 |               2 |          3 |      Fixed 
   968 |  JC69 |         9 |     78 |               2 |          3 |      Fixed 
   969 |  JC69 |        16 |     75 |              35 |          4 |      Fixed 
   970 |  JC69 |         6 |    250 |              60 |          8 |      Fixed 
   971 |  JC69 |         9 |    153 |               4 |          6 |      Fixed 
   972 |  JC69 |        12 |    286 |             182 |         20 |      Fixed 
   973 |  JC69 |         2 |    280 |               9 |          6 |      Fixed 
   974 |  JC69 |        18 |    192 |               4 |          6 |      Fixed 
   975 |  JC69 |        16 |    458 |             204 |         25 |      Fixed 
   976 |  JC69 |        13 |    286 |              30 |         22 |      Fixed 
   977 |  JC69 |        19 |    434 |             216 |         20 |      Fixed 
   978 |  JC69 |         6 |    280 |              56 |         11 |      Fixed 
   979 |  JC69 |         4 |     62 |               0 |          1 |      Fixed 
   980 |  JC69 |         3 |    278 |              64 |          6 |      Fixed 
   981 |  JC69 |        20 |     95 |               1 |          2 |      Fixed 
   982 |  JC69 |         5 |    276 |              79 |         12 |      Fixed 
   983 |  JC69 |         3 |    171 |               1 |          2 |      Fixed 
   984 |  JC69 |         5 |    205 |               6 |          7 |      Fixed 
   985 |  JC69 |         8 |    286 |             123 |         16 |      Fixed 
   986 |  JC69 |        19 |    124 |               5 |          7 |      Fixed 
   987 |  JC69 |         7 |    149 |               2 |          2 |      Fixed 
   988 |  JC69 |         2 |     51 |               0 |          1 |      Fixed 
   989 |  JC69 |         6 |    143 |               1 |          3 |      Fixed 
   990 |  JC69 |        15 |    176 |              19 |         13 |      Fixed 
   991 |  JC69 |         2 |     56 |               0 |          1 |      Fixed 
   992 |  JC69 |        10 |    145 |               7 |          8 |      Fixed 
   993 |  JC69 |        19 |     87 |               6 |          8 |      Fixed 
   994 |  JC69 |         7 |    146 |               7 |          6 |      Fixed 
   995 |  JC69 |        17 |     60 |               3 |          4 |      Fixed 
   996 |  JC69 |         6 |    332 |              69 |         15 |      Fixed 
   997 |  JC69 |        18 |     81 |               2 |          3 |      Fixed 
   998 |  JC69 |        19 |     76 |               3 |          4 |      Fixed 
   999 |  JC69 |        19 |    248 |               6 |          5 |      Fixed 
  1000 |  JC69 |         2 |    325 |             117 |          2 |      Fixed 
  1001 |  JC69 |        14 |    169 |               5 |          3 |      Fixed 
  1002 |  JC69 |         9 |    280 |              15 |         14 |      Fixed 
  1003 |  JC69 |         4 |    280 |              17 |          6 |      Fixed 
  1004 |  JC69 |        20 |     58 |               6 |          3 |      Fixed 
  1005 |  JC69 |         4 |     56 |               0 |          1 |      Fixed 
  1006 |  JC69 |        18 |    210 |             105 |         15 |      Fixed 
  1007 |  JC69 |        20 |    877 |             709 |         46 |      Fixed 
  1008 |  JC69 |         8 |    264 |              18 |         10 |      Fixed 
  1009 |  JC69 |        19 |    120 |              28 |          8 |      Fixed 
  1010 |  JC69 |        16 |    278 |              78 |         19 |      Fixed 
  1011 |  JC69 |        20 |    132 |               1 |          2 |      Fixed 
  1012 |  JC69 |         8 |    192 |              11 |          8 |      Fixed 
  1013 |  JC69 |         2 |    279 |              21 |          3 |      Fixed 
  1014 |  JC69 |        20 |    269 |               7 |          8 |      Fixed 
  1015 |  JC69 |        20 |    201 |               3 |          4 |      Fixed 
  1016 |  JC69 |        18 |    160 |               6 |          7 |      Fixed 
  1017 |  JC69 |         4 |    145 |               8 |          3 |      Fixed 
  1018 |  JC69 |         9 |    513 |             155 |         37 |      Fixed 
  1019 |  JC69 |        12 |    172 |              30 |          7 |      Fixed 
  1020 |  JC69 |        12 |    171 |              82 |          6 |      Fixed 
  1021 |  JC69 |         8 |    273 |              24 |         12 |      Fixed 
  1022 |  JC69 |         3 |     93 |               0 |          1 |      Fixed 
  1023 |  JC69 |         2 |    281 |              21 |          9 |      Fixed 
  1024 |  JC69 |         2 |    108 |               0 |          1 |      Fixed 
  1025 |  JC69 |         2 |    241 |               8 |          8 |      Fixed 
  1026 |  JC69 |        10 |    108 |               2 |          3 |      Fixed 
  1027 |  JC69 |        19 |    135 |              11 |          8 |      Fixed 
  1028 |  JC69 |         2 |    283 |              66 |          5 |      Fixed 
  1029 |  JC69 |         4 |    286 |              46 |          7 |      Fixed 
  1030 |  JC69 |         7 |    283 |              25 |         12 |      Fixed 
  1031 |  JC69 |         5 |     77 |               0 |          2 |      Fixed 
  1032 |  JC69 |         7 |    281 |             110 |         11 |      Fixed 
  1033 |  JC69 |         2 |     88 |               1 |          3 |      Fixed 
  1034 |  JC69 |         2 |    282 |              12 |          5 |      Fixed 
  1035 |  JC69 |         2 |    279 |              18 |          3 |      Fixed 
  1036 |  JC69 |         2 |    278 |               7 |          4 |      Fixed 
  1037 |  JC69 |         4 |     90 |               4 |          5 |      Fixed 
  1038 |  JC69 |        16 |     71 |               1 |          2 |      Fixed 
  1039 |  JC69 |        20 |     75 |               1 |          2 |      Fixed 
  1040 |  JC69 |         4 |     42 |               5 |          2 |      Fixed 
  1041 |  JC69 |         6 |    280 |              14 |         12 |      Fixed 
  1042 |  JC69 |        13 |     51 |               0 |          1 |      Fixed 
  1043 |  JC69 |         4 |    281 |              10 |          7 |      Fixed 
  1044 |  JC69 |         6 |    172 |               6 |          7 |      Fixed 
  1045 |  JC69 |        14 |    156 |               4 |          5 |      Fixed 
  1046 |  JC69 |        20 |    147 |               2 |          3 |      Fixed 
  1047 |  JC69 |        20 |    112 |               3 |          4 |      Fixed 
  1048 |  JC69 |        20 |    109 |               2 |          3 |      Fixed 
  1049 |  JC69 |         3 |    268 |              12 |          5 |      Fixed 
  1050 |  JC69 |        15 |     88 |              11 |          5 |      Fixed 
  1051 |  JC69 |         9 |    275 |              19 |         12 |      Fixed 
  1052 |  JC69 |         7 |     36 |               0 |          1 |      Fixed 
  1053 |  JC69 |        18 |    415 |             144 |         27 |      Fixed 
  1054 |  JC69 |        20 |     63 |               2 |          3 |      Fixed 
  1055 |  JC69 |        15 |     59 |               2 |          3 |      Fixed 
  1056 |  JC69 |         3 |    204 |               6 |          4 |      Fixed 
  1057 |  JC69 |        19 |    292 |              27 |         16 |      Fixed 
  1058 |  JC69 |        15 |    133 |              39 |          7 |      Fixed 
  1059 |  JC69 |         9 |     50 |               4 |          6 |      Fixed 
  1060 |  JC69 |        19 |    183 |              61 |          9 |      Fixed 
  1061 |  JC69 |         7 |     45 |               1 |          3 |      Fixed 
  1062 |  JC69 |         5 |     86 |              30 |          6 |      Fixed 
  1063 |  JC69 |        14 |     73 |              20 |          5 |      Fixed 
  1064 |  JC69 |         2 |    248 |              11 |          5 |      Fixed 
  1065 |  JC69 |         2 |    156 |               1 |          2 |      Fixed 
  1066 |  JC69 |         4 |    124 |               5 |          3 |      Fixed 
  1067 |  JC69 |         8 |    138 |              72 |          8 |      Fixed 
  1068 |  JC69 |        10 |    101 |               3 |          5 |      Fixed 
  1069 |  JC69 |        13 |    325 |             168 |         25 |      Fixed 
  1070 |  JC69 |        16 |    102 |               3 |          5 |      Fixed 
  1071 |  JC69 |        14 |     81 |               3 |          4 |      Fixed 
  1072 |  JC69 |         3 |    214 |              19 |          8 |      Fixed 
  1073 |  JC69 |        10 |    286 |             153 |         14 |      Fixed 
  1074 |  JC69 |        11 |    202 |              19 |         14 |      Fixed 
  1075 |  JC69 |         4 |    123 |               3 |          3 |      Fixed 
  1076 |  JC69 |        19 |    141 |               7 |          2 |      Fixed 
  1077 |  JC69 |        15 |    289 |             152 |         16 |      Fixed 
  1078 |  JC69 |         4 |    217 |              12 |          6 |      Fixed 
  1079 |  JC69 |         4 |    279 |              38 |          5 |      Fixed 
  1080 |  JC69 |        18 |     74 |               4 |          5 |      Fixed 
  1081 |  JC69 |        20 |    115 |               3 |          4 |      Fixed 
  1082 |  JC69 |        20 |    129 |               2 |          3 |      Fixed 
  1083 |  JC69 |        20 |     78 |               2 |          3 |      Fixed 
  1084 |  JC69 |        10 |    143 |              36 |         14 |      Fixed 
  1085 |  JC69 |        16 |    149 |              13 |          6 |      Fixed 
  1086 |  JC69 |        20 |    138 |               4 |          5 |      Fixed 
  1087 |  JC69 |        20 |     69 |               2 |          3 |      Fixed 
  1088 |  JC69 |        20 |    115 |               2 |          3 |      Fixed 
  1089 |  JC69 |         6 |    108 |              31 |         11 |      Fixed 
  1090 |  JC69 |         6 |    275 |             144 |         12 |      Fixed 
  1091 |  JC69 |        15 |     75 |               5 |          6 |      Fixed 
  1092 |  JC69 |         5 |     75 |               0 |          1 |      Fixed 
  1093 |  JC69 |        16 |     83 |               1 |          2 |      Fixed 
  1094 |  JC69 |        20 |    301 |             132 |          8 |      Fixed 
  1095 |  JC69 |        13 |     93 |               2 |          3 |      Fixed 
  1096 |  JC69 |         3 |    283 |              28 |         11 |      Fixed 
  1097 |  JC69 |         2 |    209 |               0 |          2 |      Fixed 
  1098 |  JC69 |         9 |    652 |             418 |         17 |      Fixed 
  1099 |  JC69 |         6 |    285 |              34 |         10 |      Fixed 
  1100 |  JC69 |        11 |     90 |               1 |          2 |      Fixed 
  1101 |  JC69 |         2 |     96 |              39 |          6 |      Fixed 
  1102 |  JC69 |        15 |    211 |               0 |          2 |      Fixed 
  1103 |  JC69 |        19 |    173 |               8 |          7 |      Fixed 
  1104 |  JC69 |        19 |    149 |               6 |          6 |      Fixed 
  1105 |  JC69 |        20 |    152 |               8 |          2 |      Fixed 
  1106 |  JC69 |         2 |    270 |               1 |          2 |      Fixed 
  1107 |  JC69 |        20 |    182 |               2 |          3 |      Fixed 
  1108 |  JC69 |        12 |     88 |               4 |          5 |      Fixed 
  1109 |  JC69 |         3 |     44 |               1 |          2 |      Fixed 
  1110 |  JC69 |         8 |    216 |              14 |          8 |      Fixed 
  1111 |  JC69 |         3 |    279 |              53 |          4 |      Fixed 
  1112 |  JC69 |         4 |     56 |               1 |          2 |      Fixed 
  1113 |  JC69 |         3 |    122 |               4 |          5 |      Fixed 
  1114 |  JC69 |         2 |    209 |               1 |          2 |      Fixed 
  1115 |  JC69 |         5 |    220 |               2 |          3 |      Fixed 
  1116 |  JC69 |        14 |    148 |              18 |         16 |      Fixed 
  1117 |  JC69 |        13 |    291 |              61 |         11 |      Fixed 
  1118 |  JC69 |        13 |    147 |               5 |          6 |      Fixed 
  1119 |  JC69 |         4 |     80 |               8 |          7 |      Fixed 
  1120 |  JC69 |        10 |     81 |              14 |         10 |      Fixed 
  1121 |  JC69 |         2 |    282 |               3 |          5 |      Fixed 
  1122 |  JC69 |         2 |     84 |               5 |          2 |      Fixed 
  1123 |  JC69 |         2 |    281 |               7 |          8 |      Fixed 
  1124 |  JC69 |         4 |     85 |               6 |          5 |      Fixed 
  1125 |  JC69 |        20 |    151 |              12 |          7 |      Fixed 
  1126 |  JC69 |         2 |    278 |              94 |          7 |      Fixed 
  1127 |  JC69 |        11 |    150 |              20 |          7 |      Fixed 
  1128 |  JC69 |        20 |    336 |             116 |         21 |      Fixed 
  1129 |  JC69 |        20 |    262 |              74 |         18 |      Fixed 
  1130 |  JC69 |         2 |    101 |               0 |          1 |      Fixed 
  1131 |  JC69 |         4 |    101 |               0 |          1 |      Fixed 
  1132 |  JC69 |         6 |    279 |              18 |         13 |      Fixed 
  1133 |  JC69 |        10 |    368 |             128 |         17 |      Fixed 
  1134 |  JC69 |        17 |    109 |               2 |          3 |      Fixed 
  1135 |  JC69 |        20 |    115 |               3 |          4 |      Fixed 
  1136 |  JC69 |        20 |    263 |              12 |         12 |      Fixed 
  1137 |  JC69 |        10 |    180 |              14 |         14 |      Fixed 
  1138 |  JC69 |         5 |    230 |               9 |         10 |      Fixed 
  1139 |  JC69 |         2 |     68 |               1 |          2 |      Fixed 
  1140 |  JC69 |        13 |    142 |               3 |          3 |      Fixed 
  1141 |  JC69 |         8 |    137 |              28 |          5 |      Fixed 
  1142 |  JC69 |         3 |    242 |               6 |          2 |      Fixed 
  1143 |  JC69 |         2 |    137 |               1 |          2 |      Fixed 
  1144 |  JC69 |         8 |    242 |              41 |         10 |      Fixed 
  1145 |  JC69 |         6 |    105 |               2 |          2 |      Fixed 
  1146 |  JC69 |        15 |    174 |              10 |          8 |      Fixed 
  1147 |  JC69 |         2 |    147 |               6 |          5 |      Fixed 
  1148 |  JC69 |        20 |    296 |               6 |          6 |      Fixed 
  1149 |  JC69 |         4 |    274 |              12 |          5 |      Fixed 
  1150 |  JC69 |         4 |    132 |               2 |          3 |      Fixed 
  1151 |  JC69 |        17 |    146 |               7 |          7 |      Fixed 
  1152 |  JC69 |         9 |    425 |             167 |         13 |      Fixed 
  1153 |  JC69 |         2 |    280 |               4 |          4 |      Fixed 
  1154 |  JC69 |         3 |     68 |               0 |          1 |      Fixed 
  1155 |  JC69 |        18 |    339 |             103 |          6 |      Fixed 
  1156 |  JC69 |        18 |     87 |               4 |          5 |      Fixed 
  1157 |  JC69 |        10 |    287 |               7 |          7 |      Fixed 
  1158 |  JC69 |         9 |    196 |               1 |          2 |      Fixed 
  1159 |  JC69 |         2 |    280 |              16 |          5 |      Fixed 
  1160 |  JC69 |         3 |    265 |               8 |          6 |      Fixed 
  1161 |  JC69 |        20 |    138 |               0 |          1 |      Fixed 
  1162 |  JC69 |         6 |    282 |              15 |         12 |      Fixed 
  1163 |  JC69 |        19 |    125 |               8 |          4 |      Fixed 
  1164 |  JC69 |        20 |    108 |               2 |          3 |      Fixed 
  1165 |  JC69 |        17 |    120 |               6 |          7 |      Fixed 
  1166 |  JC69 |         8 |     72 |               1 |          2 |      Fixed 
  1167 |  JC69 |         6 |    243 |             116 |         10 |      Fixed 
  1168 |  JC69 |         7 |     85 |              25 |          7 |      Fixed 
  1169 |  JC69 |         2 |    174 |               2 |          2 |      Fixed 
  1170 |  JC69 |         4 |    362 |             155 |          3 |      Fixed 
  1171 |  JC69 |        13 |    262 |             112 |         21 |      Fixed 
  1172 |  JC69 |         6 |     74 |               3 |          5 |      Fixed 
  1173 |  JC69 |         2 |    283 |              65 |          5 |      Fixed 
  1174 |  JC69 |         4 |     60 |               1 |          2 |      Fixed 
  1175 |  JC69 |        19 |    117 |               4 |          5 |      Fixed 
  1176 |  JC69 |        10 |     66 |               3 |          4 |      Fixed 
  1177 |  JC69 |         3 |     80 |              13 |          4 |      Fixed 
  1178 |  JC69 |        20 |    135 |               2 |          3 |      Fixed 
  1179 |  JC69 |        20 |    495 |             226 |         21 |      Fixed 
  1180 |  JC69 |        13 |    105 |              29 |          6 |      Fixed 
  1181 |  JC69 |        20 |    115 |               5 |          6 |      Fixed 
  1182 |  JC69 |        20 |    184 |               3 |          4 |      Fixed 
  1183 |  JC69 |        14 |    209 |               9 |         11 |      Fixed 
  1184 |  JC69 |         2 |    200 |               0 |          1 |      Fixed 
  1185 |  JC69 |         2 |    146 |               3 |          4 |      Fixed 
  1186 |  JC69 |         2 |    226 |               2 |          2 |      Fixed 
  1187 |  JC69 |         2 |    114 |               0 |          1 |      Fixed 
  1188 |  JC69 |         5 |    112 |               2 |          3 |      Fixed 
  1189 |  JC69 |         3 |    245 |               1 |          2 |      Fixed 
  1190 |  JC69 |        18 |    127 |               7 |          7 |      Fixed 
  1191 |  JC69 |         3 |     45 |               0 |          1 |      Fixed 
  1192 |  JC69 |         4 |     94 |               0 |          1 |      Fixed 
  1193 |  JC69 |        19 |    156 |               2 |          3 |      Fixed 
  1194 |  JC69 |         6 |    242 |              79 |          8 |      Fixed 
  1195 |  JC69 |         2 |    277 |               6 |          4 |      Fixed 
  1196 |  JC69 |        12 |     54 |               1 |          2 |      Fixed 
  1197 |  JC69 |         6 |    280 |              12 |          5 |      Fixed 
  1198 |  JC69 |         2 |    190 |               0 |          1 |      Fixed 
  1199 |  JC69 |         3 |    281 |               9 |          6 |      Fixed 
  1200 |  JC69 |        20 |    104 |               7 |          8 |      Fixed 
  1201 |  JC69 |         5 |    103 |              10 |          5 |      Fixed 
  1202 |  JC69 |         3 |    275 |              10 |          6 |      Fixed 
  1203 |  JC69 |        18 |    120 |               5 |          6 |      Fixed 
  1204 |  JC69 |         2 |     39 |               0 |          1 |      Fixed 
  1205 |  JC69 |        17 |     83 |               4 |          4 |      Fixed 
  1206 |  JC69 |         3 |    176 |               0 |          1 |      Fixed 
  1207 |  JC69 |         3 |     48 |               0 |          1 |      Fixed 
  1208 |  JC69 |         3 |    281 |              65 |          4 |      Fixed 
  1209 |  JC69 |         3 |    280 |              16 |          6 |      Fixed 
  1210 |  JC69 |         3 |    276 |               6 |          4 |      Fixed 
  1211 |  JC69 |         4 |     56 |               3 |          5 |      Fixed 
  1212 |  JC69 |        19 |    472 |             242 |         30 |      Fixed 
  1213 |  JC69 |         3 |    420 |              32 |          4 |      Fixed 
  1214 |  JC69 |         6 |    146 |               4 |          3 |      Fixed 
  1215 |  JC69 |         7 |    431 |              11 |          9 |      Fixed 
  1216 |  JC69 |        12 |    194 |             112 |         20 |      Fixed 
  1217 |  JC69 |         8 |    125 |              71 |         21 |      Fixed 
  1218 |  JC69 |        19 |    271 |              12 |         11 |      Fixed 
  1219 |  JC69 |        20 |    392 |              17 |         14 |      Fixed 
  1220 |  JC69 |        15 |    288 |              28 |         18 |      Fixed 
  1221 |  JC69 |         4 |    436 |             195 |          5 |      Fixed 
  1222 |  JC69 |         3 |     35 |               0 |          1 |      Fixed 
  1223 |  JC69 |         3 |    208 |              26 |          3 |      Fixed 
  1224 |  JC69 |         2 |    119 |               7 |          3 |      Fixed 
  1225 |  JC69 |        13 |    337 |              51 |         27 |      Fixed 
  1226 |  JC69 |         2 |     42 |               0 |          1 |      Fixed 
  1227 |  JC69 |        15 |    614 |             439 |         22 |      Fixed 
  1228 |  JC69 |        16 |     69 |               8 |          9 |      Fixed 
  1229 |  JC69 |         2 |     88 |               1 |          2 |      Fixed 
  1230 |  JC69 |         4 |     80 |               2 |          4 |      Fixed 
  1231 |  JC69 |         3 |    201 |               2 |          3 |      Fixed 
  1232 |  JC69 |        12 |    103 |               7 |          7 |      Fixed 
  1233 |  JC69 |        20 |    101 |               2 |          3 |      Fixed 
  1234 |  JC69 |        20 |    108 |               1 |          2 |      Fixed 
  1235 |  JC69 |         2 |    499 |             235 |          3 |      Fixed 
  1236 |  JC69 |         9 |     80 |               6 |          4 |      Fixed 
  1237 |  JC69 |        10 |    281 |              21 |         16 |      Fixed 
  1238 |  JC69 |        10 |    121 |               2 |          3 |      Fixed 
  1239 |  JC69 |         3 |    286 |              17 |          7 |      Fixed 
  1240 |  JC69 |        20 |    144 |               2 |          3 |      Fixed 
  1241 |  JC69 |         2 |    249 |               4 |          3 |      Fixed 
  1242 |  JC69 |         6 |    159 |               3 |          5 |      Fixed 
  1243 |  JC69 |         7 |    249 |               0 |          4 |      Fixed 
  1244 |  JC69 |        10 |     82 |               4 |          7 |      Fixed 
  1245 |  JC69 |         2 |     65 |               0 |          1 |      Fixed 
  1246 |  JC69 |         3 |    269 |              23 |          7 |      Fixed 
  1247 |  JC69 |         8 |    249 |               5 |          6 |      Fixed 
  1248 |  JC69 |        13 |    144 |               6 |          9 |      Fixed 
  1249 |  JC69 |         2 |    104 |               2 |          3 |      Fixed 
  1250 |  JC69 |        16 |     48 |               4 |          4 |      Fixed 
  1251 |  JC69 |         3 |    144 |               1 |          3 |      Fixed 
  1252 |  JC69 |         6 |    281 |              23 |         13 |      Fixed 
  1253 |  JC69 |        20 |    103 |               4 |          5 |      Fixed 
  1254 |  JC69 |        14 |    285 |             146 |         10 |      Fixed 
  1255 |  JC69 |        10 |    208 |               8 |          9 |      Fixed 
  1256 |  JC69 |         9 |     71 |               0 |          1 |      Fixed 
  1257 |  JC69 |         3 |    129 |               8 |          8 |      Fixed 
  1258 |  JC69 |        20 |    147 |               1 |          2 |      Fixed 
  1259 |  JC69 |         4 |     66 |               4 |          5 |      Fixed 
  1260 |  JC69 |        19 |     90 |               7 |          7 |      Fixed 
  1261 |  JC69 |        20 |    196 |               5 |          6 |      Fixed 
  1262 |  JC69 |        20 |    186 |              10 |         13 |      Fixed 
  1263 |  JC69 |         2 |    143 |              62 |          2 |      Fixed 
  1264 |  JC69 |        15 |    283 |              63 |         14 |      Fixed 
  1265 |  JC69 |         7 |    277 |              94 |         26 |      Fixed 
  1266 |  JC69 |         2 |    255 |              37 |         12 |      Fixed 
  1267 |  JC69 |         2 |    247 |               9 |          2 |      Fixed 
  1268 |  JC69 |         5 |    184 |               7 |          7 |      Fixed 
  1269 |  JC69 |         4 |    108 |               6 |          4 |      Fixed 
  1270 |  JC69 |         2 |    280 |             137 |          7 |      Fixed 
  1271 |  JC69 |        14 |    290 |              42 |         12 |      Fixed 
  1272 |  JC69 |         6 |    247 |              79 |         13 |      Fixed 
  1273 |  JC69 |         2 |     90 |               2 |          3 |      Fixed 
  1274 |  JC69 |        19 |     69 |               3 |          4 |      Fixed 
  1275 |  JC69 |         2 |     83 |               4 |          2 |      Fixed 
  1276 |  JC69 |         8 |     53 |              18 |         10 |      Fixed 
  1277 |  JC69 |         4 |    121 |              13 |          8 |      Fixed 
  1278 |  JC69 |         7 |    272 |             142 |         12 |      Fixed 
  1279 |  JC69 |        19 |     79 |               2 |          3 |      Fixed 
  1280 |  JC69 |        20 |    621 |             238 |         26 |      Fixed 
  1281 |  JC69 |        19 |     94 |               1 |          2 |      Fixed 
  1282 |  JC69 |        20 |    193 |              10 |         11 |      Fixed 
  1283 |  JC69 |        19 |    146 |               5 |          6 |      Fixed 
  1284 |  JC69 |        20 |    256 |              15 |         10 |      Fixed 
  1285 |  JC69 |        19 |    103 |               6 |          4 |      Fixed 
  1286 |  JC69 |        18 |     57 |               4 |          5 |      Fixed 
  1287 |  JC69 |        16 |     62 |               4 |          5 |      Fixed 
  1288 |  JC69 |        15 |    151 |              19 |         16 |      Fixed 
  1289 |  JC69 |         5 |    282 |              36 |         17 |      Fixed 
  1290 |  JC69 |         4 |    270 |             126 |         13 |      Fixed 
  1291 |  JC69 |         7 |    215 |              33 |         17 |      Fixed 
  1292 |  JC69 |         2 |     61 |               0 |          1 |      Fixed 
  1293 |  JC69 |         9 |    281 |              51 |         24 |      Fixed 
  1294 |  JC69 |         7 |     45 |               3 |          5 |      Fixed 
  1295 |  JC69 |         2 |    142 |               2 |          3 |      Fixed 
  1296 |  JC69 |         5 |    285 |              29 |         19 |      Fixed 
  1297 |  JC69 |         2 |    226 |               1 |          3 |      Fixed 
  1298 |  JC69 |         4 |    175 |               5 |          7 |      Fixed 
  1299 |  JC69 |        15 |    174 |              10 |         10 |      Fixed 
  1300 |  JC69 |         5 |    161 |               6 |          7 |      Fixed 
  1301 |  JC69 |        14 |    193 |              90 |          8 |      Fixed 
  1302 |  JC69 |         2 |    131 |               0 |          1 |      Fixed 
  1303 |  JC69 |         2 |    198 |               0 |          1 |      Fixed 
  1304 |  JC69 |        20 |    233 |              66 |         11 |      Fixed 
  1305 |  JC69 |         9 |     75 |               7 |          7 |      Fixed 
  1306 |  JC69 |         2 |    102 |              39 |          2 |      Fixed 
  1307 |  JC69 |         2 |    282 |               7 |          7 |      Fixed 
  1308 |  JC69 |        19 |    284 |              59 |         19 |      Fixed 
  1309 |  JC69 |        20 |    147 |               8 |          9 |      Fixed 
  1310 |  JC69 |         6 |    270 |              30 |         13 |      Fixed 
  1311 |  JC69 |        16 |    362 |             145 |         15 |      Fixed 
  1312 |  JC69 |         7 |    270 |             136 |         10 |      Fixed 
  1313 |  JC69 |         5 |     83 |               1 |          3 |      Fixed 
  1314 |  JC69 |         2 |    193 |               2 |          2 |      Fixed 
  1315 |  JC69 |         3 |    195 |              90 |          9 |      Fixed 
  1316 |  JC69 |         2 |     84 |               8 |          4 |      Fixed 
  1317 |  JC69 |         4 |    116 |               3 |          3 |      Fixed 
  1318 |  JC69 |        16 |     54 |               0 |          1 |      Fixed 
  1319 |  JC69 |         8 |     50 |               4 |          5 |      Fixed 
  1320 |  JC69 |         5 |    231 |               4 |          7 |      Fixed 
  1321 |  JC69 |        10 |    330 |             131 |         16 |      Fixed 
  1322 |  JC69 |        20 |    174 |              12 |         13 |      Fixed 
  1323 |  JC69 |         8 |    312 |              36 |          8 |      Fixed 
  1324 |  JC69 |        19 |    238 |              34 |         20 |      Fixed 
  1325 |  JC69 |        19 |    123 |              10 |         11 |      Fixed 
  1326 |  JC69 |         9 |     99 |               0 |          2 |      Fixed 
  1327 |  JC69 |        17 |    146 |               5 |          6 |      Fixed 
  1328 |  JC69 |         3 |     57 |              10 |          3 |      Fixed 
  1329 |  JC69 |        12 |    155 |               1 |          2 |      Fixed 
  1330 |  JC69 |        19 |    100 |               4 |          3 |      Fixed 
  1331 |  JC69 |         4 |     35 |               0 |          4 |      Fixed 
  1332 |  JC69 |         3 |    200 |               1 |          2 |      Fixed 
  1333 |  JC69 |         2 |    544 |             157 |          6 |      Fixed 
  1334 |  JC69 |        17 |    154 |               7 |          8 |      Fixed 
  1335 |  JC69 |         2 |    276 |               9 |          4 |      Fixed 
  1336 |  JC69 |         6 |     83 |               1 |          2 |      Fixed 
  1337 |  JC69 |         3 |     62 |               1 |          2 |      Fixed 
  1338 |  JC69 |         4 |    285 |             136 |         12 |      Fixed 
  1339 |  JC69 |         3 |    282 |              10 |          8 |      Fixed 
  1340 |  JC69 |         2 |    282 |              20 |          8 |      Fixed 
  1341 |  JC69 |         2 |     84 |               1 |          3 |      Fixed 
  1342 |  JC69 |         3 |    146 |               5 |          3 |      Fixed 
  1343 |  JC69 |         3 |    119 |               0 |          1 |      Fixed 
  1344 |  JC69 |         2 |    175 |               2 |          3 |      Fixed 
  1345 |  JC69 |         6 |    133 |              77 |         14 |      Fixed 
  1346 |  JC69 |         2 |    101 |               0 |          1 |      Fixed 
  1347 |  JC69 |         3 |    276 |              21 |         18 |      Fixed 
  1348 |  JC69 |         5 |     66 |              11 |          7 |      Fixed 
  1349 |  JC69 |         2 |     56 |               3 |          2 |      Fixed 
  1350 |  JC69 |         2 |    133 |               5 |          2 |      Fixed 
  1351 |  JC69 |        20 |    150 |              13 |          8 |      Fixed 
  1352 |  JC69 |         4 |    281 |              24 |         16 |      Fixed 
  1353 |  JC69 |         3 |    179 |              10 |          8 |      Fixed 
  1354 |  JC69 |         2 |     76 |               1 |          2 |      Fixed 
  1355 |  JC69 |        20 |    127 |               0 |          1 |      Fixed 
  1356 |  JC69 |        17 |    144 |               6 |          6 |      Fixed 
  1357 |  JC69 |        18 |    224 |              83 |         15 |      Fixed 
  1358 |  JC69 |         8 |     75 |               5 |          5 |      Fixed 
  1359 |  JC69 |        10 |    170 |              33 |          7 |      Fixed 
  1360 |  JC69 |        20 |    292 |              20 |         15 |      Fixed 
  1361 |  JC69 |         7 |     77 |               4 |          3 |      Fixed 
  1362 |  JC69 |         3 |    246 |               4 |          7 |      Fixed 
  1363 |  JC69 |         7 |     59 |              23 |         11 |      Fixed 
  1364 |  JC69 |         3 |    182 |              15 |          7 |      Fixed 
  1365 |  JC69 |        13 |    292 |              71 |         23 |      Fixed 
  1366 |  JC69 |         2 |     44 |               2 |          3 |      Fixed 
  1367 |  JC69 |        12 |     62 |               5 |          5 |      Fixed 
  1368 |  JC69 |         2 |    280 |               6 |          4 |      Fixed 
  1369 |  JC69 |         7 |    112 |               1 |          3 |      Fixed 
  1370 |  JC69 |         4 |     87 |               3 |          4 |      Fixed 
  1371 |  JC69 |        20 |    148 |               5 |          6 |      Fixed 
  1372 |  JC69 |        20 |    120 |               4 |          5 |      Fixed 
  1373 |  JC69 |         2 |    260 |               9 |          3 |      Fixed 
  1374 |  JC69 |         2 |    153 |               3 |          4 |      Fixed 
  1375 |  JC69 |         2 |     65 |               5 |          3 |      Fixed 
  1376 |  JC69 |         5 |    282 |              92 |         18 |      Fixed 
  1377 |  JC69 |        20 |    151 |               1 |          2 |      Fixed 
  1378 |  JC69 |        13 |    267 |              57 |          9 |      Fixed 
  1379 |  JC69 |         8 |    281 |              13 |         14 |      Fixed 
  1380 |  JC69 |         8 |    280 |             108 |         17 |      Fixed 
  1381 |  JC69 |         2 |    345 |             151 |          6 |      Fixed 
  1382 |  JC69 |         5 |    137 |              19 |          8 |      Fixed 
  1383 |  JC69 |        12 |    163 |              38 |         11 |      Fixed 
  1384 |  JC69 |         2 |    415 |             196 |          4 |      Fixed 
  1385 |  JC69 |        16 |     60 |               1 |          2 |      Fixed 
  1386 |  JC69 |         2 |    287 |               7 |          4 |      Fixed 
  1387 |  JC69 |         2 |    279 |               2 |          4 |      Fixed 
  1388 |  JC69 |         3 |     99 |               0 |          1 |      Fixed 
  1389 |  JC69 |         9 |    123 |               7 |          4 |      Fixed 
  1390 |  JC69 |         9 |    153 |              29 |         16 |      Fixed 
  1391 |  JC69 |         3 |    170 |              10 |          6 |      Fixed 
  1392 |  JC69 |         2 |    282 |              65 |          6 |      Fixed 
  1393 |  JC69 |         2 |    270 |              11 |          8 |      Fixed 
  1394 |  JC69 |         3 |    107 |               1 |          2 |      Fixed 
  1395 |  JC69 |        19 |     78 |               4 |          5 |      Fixed 
  1396 |  JC69 |        18 |     61 |               4 |          5 |      Fixed 
  1397 |  JC69 |        20 |    135 |               7 |          6 |      Fixed 
  1398 |  JC69 |        20 |    146 |              10 |         10 |      Fixed 
  1399 |  JC69 |         3 |     59 |               0 |          1 |      Fixed 
  1400 |  JC69 |         4 |     72 |               0 |          3 |      Fixed 
  1401 |  JC69 |         5 |     96 |               5 |          8 |      Fixed 
  1402 |  JC69 |         9 |    167 |               6 |          9 |      Fixed 
  1403 |  JC69 |         5 |    233 |             105 |          7 |      Fixed 
  1404 |  JC69 |         6 |     84 |               2 |          3 |      Fixed 
  1405 |  JC69 |         2 |    255 |             110 |          5 |      Fixed 
  1406 |  JC69 |         2 |     72 |               1 |          2 |      Fixed 
  1407 |  JC69 |         3 |     55 |               1 |          2 |      Fixed 
  1408 |  JC69 |         5 |    256 |              62 |          8 |      Fixed 
  1409 |  JC69 |         6 |     58 |               1 |          2 |      Fixed 
  1410 |  JC69 |        19 |    168 |              11 |         11 |      Fixed 
  1411 |  JC69 |         2 |    123 |              10 |          3 |      Fixed 
  1412 |  JC69 |         2 |    178 |              36 |          6 |      Fixed 
  1413 |  JC69 |         4 |     90 |              20 |          9 |      Fixed 
  1414 |  JC69 |        17 |    377 |             115 |         19 |      Fixed 
  1415 |  JC69 |         2 |    205 |               0 |          1 |      Fixed 
  1416 |  JC69 |        11 |    100 |               7 |          8 |      Fixed 
  1417 |  JC69 |         3 |    145 |               1 |          2 |      Fixed 
  1418 |  JC69 |        20 |    139 |               4 |          5 |      Fixed 
  1419 |  JC69 |         5 |    276 |             115 |         10 |      Fixed 
  1420 |  JC69 |         8 |    251 |               9 |          8 |      Fixed 
  1421 |  JC69 |        19 |    165 |               6 |          6 |      Fixed 
  1422 |  JC69 |         7 |    515 |             272 |         15 |      Fixed 
  1423 |  JC69 |         3 |    158 |               0 |          2 |      Fixed 
  1424 |  JC69 |        20 |    354 |             130 |         21 |      Fixed 
  1425 |  JC69 |        12 |    197 |              13 |          3 |      Fixed 
  1426 |  JC69 |        20 |    132 |               3 |          4 |      Fixed 
  1427 |  JC69 |         5 |    286 |              90 |         11 |      Fixed 
  1428 |  JC69 |         5 |     92 |               9 |          6 |      Fixed 
  1429 |  JC69 |         7 |    282 |              25 |         10 |      Fixed 
  1430 |  JC69 |        18 |    227 |              22 |         16 |      Fixed 
  1431 |  JC69 |        11 |    164 |               1 |          5 |      Fixed 
  1432 |  JC69 |         2 |    273 |               2 |          3 |      Fixed 
  1433 |  JC69 |         5 |    144 |              17 |          7 |      Fixed 
  1434 |  JC69 |         6 |    257 |             104 |          7 |      Fixed 
  1435 |  JC69 |        17 |     87 |               3 |          4 |      Fixed 
  1436 |  JC69 |         2 |    136 |               2 |          3 |      Fixed 
  1437 |  JC69 |         2 |    231 |               0 |          2 |      Fixed 
  1438 |  JC69 |        20 |     72 |               7 |          3 |      Fixed 
  1439 |  JC69 |         7 |    116 |              12 |          3 |      Fixed 
  1440 |  JC69 |         9 |    282 |              11 |         10 |      Fixed 
  1441 |  JC69 |         7 |    145 |              35 |         14 |      Fixed 
  1442 |  JC69 |        11 |     66 |               5 |          3 |      Fixed 
  1443 |  JC69 |         4 |    242 |               3 |          4 |      Fixed 
  1444 |  JC69 |        19 |    152 |               2 |          3 |      Fixed 
  1445 |  JC69 |         7 |     64 |               0 |          1 |      Fixed 

Parsing map file...
ajan_BABY6724 ajan
ajan_DW655 ajan
ajan_DW663 ajan
ajan_esa36 ajan
ajan_wdb38 ajan
ajan_ODP48916 ajan
ajancf_SLM01 ajan
ajancf_SLM05 ajan
ajancf_SLM10 ajan
alas_BABY422 alas
alas_BABY4577 alas
alas_BABY6558 alas
alas_DW641 alas
alas_DW646 alas
alas_ODP43138 alas
alas_ODP7414 alas
alas_ODP7415 alas
alas_ODP7424 alas
alas_ODP7429 alas
alas_ODP7432 alas
 Done
Writing multilocus alignments with compressed site patterns in fit/output/ch6.compressed-aln.phy

diploid_resolve_locus      1:        19      155        3 ->         3
diploid_resolve_locus      2:         4      154        1 ->         1
diploid_resolve_locus      3:         2      142        4 ->         4
diploid_resolve_locus      4:        20      562       16 ->        19
diploid_resolve_locus      5:        18      381       12 ->        12
diploid_resolve_locus      6:        20      198        2 ->         2
diploid_resolve_locus      7:        20      143        2 ->         2
diploid_resolve_locus      8:         2       62        1 ->         1
diploid_resolve_locus      9:        20       66        3 ->         3
diploid_resolve_locus     10:        16       87        3 ->         3
diploid_resolve_locus     11:        20      741       18 ->        21
diploid_resolve_locus     12:         5      397        5 ->         5
diploid_resolve_locus     13:        10      231        9 ->         9
diploid_resolve_locus     14:        20      187        2 ->         2
diploid_resolve_locus     15:        16       74        2 ->         2
diploid_resolve_locus     16:         5      109        1 ->         1
diploid_resolve_locus     17:         7      204        3 ->         3
diploid_resolve_locus     18:        19      629       17 ->        19
diploid_resolve_locus     19:        20      292       21 ->        21
diploid_resolve_locus     20:         6      434       11 ->        12
diploid_resolve_locus     21:        15      156        2 ->         2
diploid_resolve_locus     22:        20      432       11 ->        11
diploid_resolve_locus     23:        17       84        3 ->         3
diploid_resolve_locus     24:        19      186        5 ->         5
diploid_resolve_locus     25:        17      409       19 ->        30
diploid_resolve_locus     26:        14      130        3 ->         3
diploid_resolve_locus     27:        19       56        2 ->         2
diploid_resolve_locus     28:        18      235        5 ->         8
diploid_resolve_locus     29:        16      113        4 ->         4
diploid_resolve_locus     30:        16      288       19 ->        21
diploid_resolve_locus     31:         3      268        5 ->         7
diploid_resolve_locus     32:        18      493       14 ->        14
diploid_resolve_locus     33:        16       82        2 ->         2
diploid_resolve_locus     34:        18      485       22 ->       204
diploid_resolve_locus     35:         2      199        1 ->         1
diploid_resolve_locus     36:        20      225        6 ->         7
diploid_resolve_locus     37:        19      502       18 ->        25
diploid_resolve_locus     38:         9      279        2 ->         2
diploid_resolve_locus     39:        11      230        4 ->         7
diploid_resolve_locus     40:         7      281       13 ->        18
diploid_resolve_locus     41:         7      212        7 ->         7
diploid_resolve_locus     42:         7      406        7 ->         9
diploid_resolve_locus     43:         5      275       11 ->        11
diploid_resolve_locus     44:        10      141       15 ->        41
diploid_resolve_locus     45:        19      294        4 ->         4
diploid_resolve_locus     46:         3      273        5 ->         5
diploid_resolve_locus     47:        19      278        6 ->         6
diploid_resolve_locus     48:        18       99        3 ->         3
diploid_resolve_locus     49:         2      282        5 ->         5
diploid_resolve_locus     50:        20      152        2 ->         2
diploid_resolve_locus     51:        14      114        4 ->         4
diploid_resolve_locus     52:         4      271        4 ->         5
diploid_resolve_locus     53:        13      619       14 ->        14
diploid_resolve_locus     54:         2      278        5 ->         5
diploid_resolve_locus     55:        16       81        7 ->        10
diploid_resolve_locus     56:         4      257        4 ->         4
diploid_resolve_locus     57:         4      267        5 ->         6
diploid_resolve_locus     58:         8      194        6 ->         6
diploid_resolve_locus     59:        18       66        1 ->         1
diploid_resolve_locus     60:        18       98        4 ->         4
diploid_resolve_locus     61:        12      408        8 ->         8
diploid_resolve_locus     62:         4      174        6 ->         6
diploid_resolve_locus     63:         2      251        6 ->         6
diploid_resolve_locus     64:         6      117        1 ->         1
diploid_resolve_locus     65:        13      128        6 ->        18
diploid_resolve_locus     66:         4      280       17 ->        33
diploid_resolve_locus     67:        20      112        6 ->        10
diploid_resolve_locus     68:         4      282        9 ->         9
diploid_resolve_locus     69:        10       41        2 ->         2
diploid_resolve_locus     70:        18      216       11 ->        11
diploid_resolve_locus     71:        16      516       18 ->        36
diploid_resolve_locus     72:         4      339        3 ->         3
diploid_resolve_locus     73:        11      283       21 ->        22
diploid_resolve_locus     74:        20      459        6 ->         6
diploid_resolve_locus     75:         6      130        2 ->         2
diploid_resolve_locus     76:         2       94        1 ->         1
diploid_resolve_locus     77:         4      248       13 ->        14
diploid_resolve_locus     78:         3       65        1 ->         1
diploid_resolve_locus     79:        16       64        5 ->         5
diploid_resolve_locus     80:         2      154        3 ->         3
diploid_resolve_locus     81:        17      126        6 ->         6
diploid_resolve_locus     82:         5      281        9 ->         9
diploid_resolve_locus     83:         2      292        4 ->         5
diploid_resolve_locus     84:         6      500       10 ->        11
diploid_resolve_locus     85:        20       95        5 ->         7
diploid_resolve_locus     86:         2      190        4 ->         4
diploid_resolve_locus     87:        19      149        4 ->         4
diploid_resolve_locus     88:         5      195        8 ->         9
diploid_resolve_locus     89:        17      263       13 ->        13
diploid_resolve_locus     90:        20      349       13 ->        13
diploid_resolve_locus     91:        19       84        4 ->         4
diploid_resolve_locus     92:        18      151        7 ->         7
diploid_resolve_locus     93:        18      387       17 ->        31
diploid_resolve_locus     94:        20      213       11 ->        16
diploid_resolve_locus     95:         2      282        5 ->         5
diploid_resolve_locus     96:        19      113        4 ->         4
diploid_resolve_locus     97:         2       54        3 ->         3
diploid_resolve_locus     98:        20      123        4 ->         4
diploid_resolve_locus     99:         3      285        8 ->         9
diploid_resolve_locus    100:        20      128        3 ->         4
diploid_resolve_locus    101:        20      275       14 ->        27
diploid_resolve_locus    102:        20      542       38 ->        39
diploid_resolve_locus    103:        10      183        4 ->         4
diploid_resolve_locus    104:         2      282        9 ->        15
diploid_resolve_locus    105:         6      155        1 ->         1
diploid_resolve_locus    106:        20      130        4 ->         5
diploid_resolve_locus    107:         8      129        4 ->         4
diploid_resolve_locus    108:        20       77        1 ->         1
diploid_resolve_locus    109:        18       90        6 ->         6
diploid_resolve_locus    110:        20      255        9 ->        10
diploid_resolve_locus    111:        20      211        2 ->         2
diploid_resolve_locus    112:        20      114        3 ->         3
diploid_resolve_locus    113:         3      562        6 ->         6
diploid_resolve_locus    114:        18      193        5 ->         5
diploid_resolve_locus    115:         4      285       11 ->        13
diploid_resolve_locus    116:        15       76        4 ->         4
diploid_resolve_locus    117:        19      127        9 ->        10
diploid_resolve_locus    118:        14      132        2 ->         2
diploid_resolve_locus    119:         7      101        8 ->         8
diploid_resolve_locus    120:         6      250       10 ->        10
diploid_resolve_locus    121:        10      285       13 ->        15
diploid_resolve_locus    122:        12       56        2 ->         2
diploid_resolve_locus    123:         3       58        2 ->         2
diploid_resolve_locus    124:         3      274        5 ->         5
diploid_resolve_locus    125:         5      172        4 ->         4
diploid_resolve_locus    126:         3      277        5 ->         5
diploid_resolve_locus    127:         9      282       12 ->        12
diploid_resolve_locus    128:        20       72        4 ->         4
diploid_resolve_locus    129:        18      187        4 ->         4
diploid_resolve_locus    130:        15      292       12 ->        12
diploid_resolve_locus    131:         9      272       10 ->        10
diploid_resolve_locus    132:        19      216        7 ->         7
diploid_resolve_locus    133:        20       69        4 ->         4
diploid_resolve_locus    134:         2      171        1 ->         1
diploid_resolve_locus    135:        20       86        1 ->         1
diploid_resolve_locus    136:        20      309        9 ->        10
diploid_resolve_locus    137:         5       61        4 ->         4
diploid_resolve_locus    138:        20       52        2 ->         2
diploid_resolve_locus    139:        20      116        2 ->         2
diploid_resolve_locus    140:        20      356       19 ->        19
diploid_resolve_locus    141:        20       75        3 ->         3
diploid_resolve_locus    142:         4      282        8 ->         9
diploid_resolve_locus    143:        16      170        2 ->         2
diploid_resolve_locus    144:        12      260        9 ->        10
diploid_resolve_locus    145:         4      280        5 ->         5
diploid_resolve_locus    146:        18      291       18 ->        19
diploid_resolve_locus    147:        20       93        3 ->         3
diploid_resolve_locus    148:         2      277        4 ->         4
diploid_resolve_locus    149:         2      111        1 ->         1
diploid_resolve_locus    150:        19      444       12 ->        13
diploid_resolve_locus    151:         8      485        6 ->         6
diploid_resolve_locus    152:         2      273        6 ->         6
diploid_resolve_locus    153:        20      946       16 ->        17
diploid_resolve_locus    154:        18      270       19 ->        29
diploid_resolve_locus    155:         4      119        1 ->         1
diploid_resolve_locus    156:        15      220       15 ->        38
diploid_resolve_locus    157:        18       93        4 ->        11
diploid_resolve_locus    158:        18      124       12 ->        19
diploid_resolve_locus    159:         7      161        8 ->         8
diploid_resolve_locus    160:        18       72       10 ->        10
diploid_resolve_locus    161:         3      280        6 ->         6
diploid_resolve_locus    162:        12      132        3 ->         3
diploid_resolve_locus    163:        20      146        8 ->        10
diploid_resolve_locus    164:         2      146        4 ->         5
diploid_resolve_locus    165:        20       91        3 ->         3
diploid_resolve_locus    166:        19      140        4 ->         4
diploid_resolve_locus    167:        17      510       17 ->        29
diploid_resolve_locus    168:        19       71        5 ->         5
diploid_resolve_locus    169:        15      213        7 ->         7
diploid_resolve_locus    170:        20      164        2 ->         2
diploid_resolve_locus    171:         6      157        6 ->         6
diploid_resolve_locus    172:         6       56        3 ->         3
diploid_resolve_locus    173:        20      163        3 ->         4
diploid_resolve_locus    174:         6      414       12 ->        15
diploid_resolve_locus    175:         3       60        1 ->         1
diploid_resolve_locus    176:        20       84        2 ->         2
diploid_resolve_locus    177:        20      540       22 ->        23
diploid_resolve_locus    178:         7      414        7 ->         7
diploid_resolve_locus    179:         5      218        3 ->         3
diploid_resolve_locus    180:        16      312       13 ->        15
diploid_resolve_locus    181:        14      110        2 ->         2
diploid_resolve_locus    182:        20       62        3 ->         3
diploid_resolve_locus    183:         3      278        3 ->         3
diploid_resolve_locus    184:        16       82        5 ->         5
diploid_resolve_locus    185:         6       58        1 ->         1
diploid_resolve_locus    186:         2      270        7 ->         9
diploid_resolve_locus    187:        10      115        2 ->         2
diploid_resolve_locus    188:         5      280       17 ->        22
diploid_resolve_locus    189:         4      285        6 ->         6
diploid_resolve_locus    190:        20      148        5 ->         5
diploid_resolve_locus    191:        14      270       10 ->        10
diploid_resolve_locus    192:         6      155        1 ->         1
diploid_resolve_locus    193:        11      214        7 ->         7
diploid_resolve_locus    194:        11      171        5 ->         5
diploid_resolve_locus    195:         3       74        1 ->         1
diploid_resolve_locus    196:         7      412        9 ->         9
diploid_resolve_locus    197:        20      199        9 ->        10
diploid_resolve_locus    198:        18      161       11 ->        12
diploid_resolve_locus    199:        20      146        3 ->         3
diploid_resolve_locus    200:         2      161        1 ->         1
diploid_resolve_locus    201:         3      446       10 ->        10
diploid_resolve_locus    202:        12      284       10 ->        10
diploid_resolve_locus    203:         3      235        3 ->         3
diploid_resolve_locus    204:        14      292       16 ->        16
diploid_resolve_locus    205:        15      292       15 ->        42
diploid_resolve_locus    206:        19       66        4 ->         8
diploid_resolve_locus    207:         9      186        2 ->         2
diploid_resolve_locus    208:        14       60        2 ->         2
diploid_resolve_locus    209:        20      148        9 ->         9
diploid_resolve_locus    210:         7      281        7 ->         8
diploid_resolve_locus    211:        12      274       13 ->        21
diploid_resolve_locus    212:        19       76        4 ->         5
diploid_resolve_locus    213:        18      118        6 ->         7
diploid_resolve_locus    214:        14      431       21 ->        34
diploid_resolve_locus    215:         8      256       11 ->        13
diploid_resolve_locus    216:        20      154        3 ->         4
diploid_resolve_locus    217:        12       68        2 ->         2
diploid_resolve_locus    218:        14      105        7 ->        10
diploid_resolve_locus    219:        20      244       18 ->        42
diploid_resolve_locus    220:         7      127        4 ->         5
diploid_resolve_locus    221:         2      466        5 ->         5
diploid_resolve_locus    222:        11      193        3 ->         3
diploid_resolve_locus    223:         4      428        6 ->         6
diploid_resolve_locus    224:         3      248        5 ->         6
diploid_resolve_locus    225:        16      371       23 ->        57
diploid_resolve_locus    226:        18       62        2 ->         2
diploid_resolve_locus    227:        10       78        5 ->         6
diploid_resolve_locus    228:        15       76        3 ->         3
diploid_resolve_locus    229:        20      292       20 ->        22
diploid_resolve_locus    230:        14      279       14 ->        19
diploid_resolve_locus    231:        18       62        2 ->         2
diploid_resolve_locus    232:         6      209        8 ->        13
diploid_resolve_locus    233:         6      286       12 ->        13
diploid_resolve_locus    234:        18      591       22 ->        32
diploid_resolve_locus    235:         7      129        1 ->         1
diploid_resolve_locus    236:        19      236       11 ->        78
diploid_resolve_locus    237:         3      264        5 ->         6
diploid_resolve_locus    238:        20       75        2 ->         2
diploid_resolve_locus    239:        12      222        5 ->         6
diploid_resolve_locus    240:         5      280        8 ->         8
diploid_resolve_locus    241:        20      186        5 ->         5
diploid_resolve_locus    242:        10      280        9 ->         9
diploid_resolve_locus    243:         2      269        6 ->         7
diploid_resolve_locus    244:        20      230        2 ->         2
diploid_resolve_locus    245:        20      121        3 ->         3
diploid_resolve_locus    246:        13      232        7 ->         9
diploid_resolve_locus    247:        16      104        1 ->         1
diploid_resolve_locus    248:        20      171        3 ->         3
diploid_resolve_locus    249:        13      176        3 ->         3
diploid_resolve_locus    250:        19      199       12 ->        19
diploid_resolve_locus    251:        10      816       23 ->        26
diploid_resolve_locus    252:         6      282       12 ->        16
diploid_resolve_locus    253:        18      146        4 ->         4
diploid_resolve_locus    254:        20      180        4 ->         4
diploid_resolve_locus    255:        18      387       17 ->        19
diploid_resolve_locus    256:        20      155        8 ->        10
diploid_resolve_locus    257:         4      277        6 ->         6
diploid_resolve_locus    258:        12      120        3 ->         3
diploid_resolve_locus    259:         3      277        8 ->        10
diploid_resolve_locus    260:        20      152        5 ->         6
diploid_resolve_locus    261:        10      505       16 ->        17
diploid_resolve_locus    262:         6      290        7 ->         7
diploid_resolve_locus    263:        18      292       21 ->        38
diploid_resolve_locus    264:        20      110        5 ->        12
diploid_resolve_locus    265:         8       76        1 ->         1
diploid_resolve_locus    266:         9      281       14 ->        14
diploid_resolve_locus    267:        15      106        8 ->         8
diploid_resolve_locus    268:        18      232        3 ->         3
diploid_resolve_locus    269:         2      187        3 ->         3
diploid_resolve_locus    270:         3      274        5 ->         5
diploid_resolve_locus    271:        14       89        9 ->        18
diploid_resolve_locus    272:         2      282        3 ->         3
diploid_resolve_locus    273:        10      282       10 ->        10
diploid_resolve_locus    274:         7      284       13 ->        16
diploid_resolve_locus    275:        19      164        8 ->        10
diploid_resolve_locus    276:         4      284        7 ->         7
diploid_resolve_locus    277:        10      147       12 ->        12
diploid_resolve_locus    278:         2       95        3 ->         3
diploid_resolve_locus    279:        20      301        6 ->         8
diploid_resolve_locus    280:        13       40        2 ->         2
diploid_resolve_locus    281:        20       94        7 ->        38
diploid_resolve_locus    282:         5      510        8 ->        10
diploid_resolve_locus    283:        20      189        1 ->         1
diploid_resolve_locus    284:        20      148        2 ->         2
diploid_resolve_locus    285:        20      151        3 ->         3
diploid_resolve_locus    286:        14      213        8 ->         9
diploid_resolve_locus    287:        13       71        3 ->         3
diploid_resolve_locus    288:        17      121        4 ->         4
diploid_resolve_locus    289:        20       92        2 ->         2
diploid_resolve_locus    290:         7      281       11 ->        12
diploid_resolve_locus    291:        11      517       16 ->        17
diploid_resolve_locus    292:        20       77        3 ->         3
diploid_resolve_locus    293:        16      255       12 ->        13
diploid_resolve_locus    294:        18      173       13 ->        28
diploid_resolve_locus    295:        18      291       23 ->        24
diploid_resolve_locus    296:        20      156        2 ->         2
diploid_resolve_locus    297:        19      841       32 ->        32
diploid_resolve_locus    298:         8      282       17 ->        17
diploid_resolve_locus    299:        20      210        3 ->         3
diploid_resolve_locus    300:        20      149        2 ->         2
diploid_resolve_locus    301:        19      292       15 ->        15
diploid_resolve_locus    302:        11      149        2 ->         2
diploid_resolve_locus    303:         3      259        2 ->         2
diploid_resolve_locus    304:         9       66        1 ->         1
diploid_resolve_locus    305:        15      149        5 ->        50
diploid_resolve_locus    306:         6      352        6 ->         6
diploid_resolve_locus    307:         2      280        2 ->         2
diploid_resolve_locus    308:        11      259        9 ->        10
diploid_resolve_locus    309:         8      475        9 ->         9
diploid_resolve_locus    310:        19      321       12 ->        19
diploid_resolve_locus    311:        18      285       18 ->        18
diploid_resolve_locus    312:         3      217        8 ->        12
diploid_resolve_locus    313:        18       66        5 ->         5
diploid_resolve_locus    314:         9      201        6 ->         6
diploid_resolve_locus    315:        15      122        6 ->         6
diploid_resolve_locus    316:         8      281       12 ->        12
diploid_resolve_locus    317:        19      292        9 ->         9
diploid_resolve_locus    318:        20      268        6 ->         8
diploid_resolve_locus    319:         2      278        5 ->         5
diploid_resolve_locus    320:         4      267        4 ->         4
diploid_resolve_locus    321:        20      173        9 ->        24
diploid_resolve_locus    322:        12       54        2 ->         2
diploid_resolve_locus    323:         2      280        3 ->         6
diploid_resolve_locus    324:         2      148        3 ->         3
diploid_resolve_locus    325:        20      125        5 ->         5
diploid_resolve_locus    326:         8      361       14 ->        14
diploid_resolve_locus    327:        20      351       10 ->        11
diploid_resolve_locus    328:        14       56        2 ->         2
diploid_resolve_locus    329:        17      499       24 ->        26
diploid_resolve_locus    330:         9      281       14 ->        15
diploid_resolve_locus    331:        10      192        6 ->         6
diploid_resolve_locus    332:        18       91        2 ->         2
diploid_resolve_locus    333:         9      557       13 ->        13
diploid_resolve_locus    334:        20      340        6 ->         6
diploid_resolve_locus    335:        17      134        3 ->         3
diploid_resolve_locus    336:        20      193        8 ->         9
diploid_resolve_locus    337:        20      523       20 ->        31
diploid_resolve_locus    338:         8      286       10 ->        10
diploid_resolve_locus    339:        17      123        5 ->         5
diploid_resolve_locus    340:         7      274       15 ->        33
diploid_resolve_locus    341:        19       70        4 ->         4
diploid_resolve_locus    342:        19      230       12 ->        15
diploid_resolve_locus    343:        20      134        6 ->         6
diploid_resolve_locus    344:         4      237        5 ->         5
diploid_resolve_locus    345:        20      317        8 ->        23
diploid_resolve_locus    346:         5       61        3 ->         3
diploid_resolve_locus    347:        18       89        2 ->         2
diploid_resolve_locus    348:        20      907       27 ->        45
diploid_resolve_locus    349:        19       72        2 ->         2
diploid_resolve_locus    350:         6      239        8 ->         8
diploid_resolve_locus    351:         2      252        3 ->         3
diploid_resolve_locus    352:        20      111        8 ->         8
diploid_resolve_locus    353:         3      282        5 ->         5
diploid_resolve_locus    354:         3       51        1 ->         1
diploid_resolve_locus    355:        13      414       28 ->        49
diploid_resolve_locus    356:         2      195        7 ->        10
diploid_resolve_locus    357:        19      100        2 ->         2
diploid_resolve_locus    358:        20      257        6 ->         6
diploid_resolve_locus    359:         4      266       11 ->        18
diploid_resolve_locus    360:         8      127        1 ->         1
diploid_resolve_locus    361:         2       54        2 ->         2
diploid_resolve_locus    362:        14      152       12 ->        31
diploid_resolve_locus    363:         8      205        4 ->         5
diploid_resolve_locus    364:        20      107        4 ->         4
diploid_resolve_locus    365:        13      133        8 ->        10
diploid_resolve_locus    366:        20      432       14 ->        68
diploid_resolve_locus    367:         2      508        6 ->         6
diploid_resolve_locus    368:        20       78        2 ->         2
diploid_resolve_locus    369:         7      225        3 ->         3
diploid_resolve_locus    370:        19      184        5 ->        29
diploid_resolve_locus    371:        12      231        2 ->         2
diploid_resolve_locus    372:        15      160        8 ->        20
diploid_resolve_locus    373:        20      171        7 ->        71
diploid_resolve_locus    374:         5      282        9 ->         9
diploid_resolve_locus    375:         3       46        1 ->         1
diploid_resolve_locus    376:        19      158        9 ->        56
diploid_resolve_locus    377:         4      280        7 ->         7
diploid_resolve_locus    378:         6      284       18 ->        39
diploid_resolve_locus    379:         7      405       11 ->        12
diploid_resolve_locus    380:        12      126        3 ->         3
diploid_resolve_locus    381:        19      188        8 ->        13
diploid_resolve_locus    382:        20      385       13 ->        49
diploid_resolve_locus    383:        20      718       21 ->        26
diploid_resolve_locus    384:        19      594       24 ->        26
diploid_resolve_locus    385:        20      314       18 ->        36
diploid_resolve_locus    386:         2      276        2 ->         2
diploid_resolve_locus    387:         7      323       12 ->        13
diploid_resolve_locus    388:        15      237        5 ->         5
diploid_resolve_locus    389:        18      490       22 ->        40
diploid_resolve_locus    390:        20      230        8 ->        12
diploid_resolve_locus    391:         2      170        3 ->         3
diploid_resolve_locus    392:        18      151        6 ->        16
diploid_resolve_locus    393:        10      281       17 ->        19
diploid_resolve_locus    394:        20      245        5 ->         5
diploid_resolve_locus    395:        19      656       29 ->        33
diploid_resolve_locus    396:        20      265       14 ->        33
diploid_resolve_locus    397:        19      190        8 ->        12
diploid_resolve_locus    398:        20      186        4 ->         4
diploid_resolve_locus    399:         2       49        1 ->         1
diploid_resolve_locus    400:        20      119        3 ->         3
diploid_resolve_locus    401:        13      208        3 ->         3
diploid_resolve_locus    402:        20      204        8 ->       194
diploid_resolve_locus    403:        18      290       23 ->        74
diploid_resolve_locus    404:        10      356       14 ->        21
diploid_resolve_locus    405:        19      119       12 ->        62
diploid_resolve_locus    406:        19       81        6 ->        10
diploid_resolve_locus    407:         2      286        6 ->         6
diploid_resolve_locus    408:        11      282       22 ->        26
diploid_resolve_locus    409:        19       78        2 ->         2
diploid_resolve_locus    410:        19      168        4 ->         4
diploid_resolve_locus    411:         3       39        1 ->         1
diploid_resolve_locus    412:         9      337       16 ->        20
diploid_resolve_locus    413:        17      229        8 ->         9
diploid_resolve_locus    414:        19      365       10 ->        11
diploid_resolve_locus    415:         2      279        2 ->         2
diploid_resolve_locus    416:        20      210       11 ->        14
diploid_resolve_locus    417:         8      791       22 ->        30
diploid_resolve_locus    418:        20      117        6 ->         7
diploid_resolve_locus    419:         4       75        3 ->         3
diploid_resolve_locus    420:         7      159        5 ->         5
diploid_resolve_locus    421:         4      275        4 ->         4
diploid_resolve_locus    422:        16      266        4 ->         4
diploid_resolve_locus    423:         3       56        1 ->         1
diploid_resolve_locus    424:         3      167        3 ->         3
diploid_resolve_locus    425:         4      136        7 ->         7
diploid_resolve_locus    426:         4      280        8 ->         8
diploid_resolve_locus    427:        20      109        2 ->         2
diploid_resolve_locus    428:         2      281        5 ->         6
diploid_resolve_locus    429:         5      279       11 ->        12
diploid_resolve_locus    430:         6       52        2 ->         2
diploid_resolve_locus    431:        19      263       12 ->        13
diploid_resolve_locus    432:         6      274        7 ->         8
diploid_resolve_locus    433:         3      282        3 ->         3
diploid_resolve_locus    434:        18      344        7 ->         9
diploid_resolve_locus    435:        20      611       22 ->        38
diploid_resolve_locus    436:        10      151        6 ->         7
diploid_resolve_locus    437:         2       79        3 ->         3
diploid_resolve_locus    438:         2      548        6 ->         8
diploid_resolve_locus    439:        15       59        5 ->        19
diploid_resolve_locus    440:         9      353       16 ->        16
diploid_resolve_locus    441:        17      616       21 ->        21
diploid_resolve_locus    442:         2      282        2 ->         2
diploid_resolve_locus    443:         5      280       10 ->        10
diploid_resolve_locus    444:         7      280        7 ->        10
diploid_resolve_locus    445:         8      374       12 ->        15
diploid_resolve_locus    446:        13      144        2 ->         2
diploid_resolve_locus    447:        20      129        5 ->         5
diploid_resolve_locus    448:        15      119        2 ->         2
diploid_resolve_locus    449:        20      205        9 ->        11
diploid_resolve_locus    450:        13      235       11 ->        14
diploid_resolve_locus    451:        20      233        2 ->         2
diploid_resolve_locus    452:         3      121        3 ->         3
diploid_resolve_locus    453:         2       47        1 ->         1
diploid_resolve_locus    454:        20      141        3 ->         3
diploid_resolve_locus    455:        20      149        3 ->         5
diploid_resolve_locus    456:         2       57        2 ->         2
diploid_resolve_locus    457:         3      207        1 ->         1
diploid_resolve_locus    458:         2      270        7 ->        11
diploid_resolve_locus    459:        12      169       16 ->        23
diploid_resolve_locus    460:         3      137        3 ->         3
diploid_resolve_locus    461:         2      123        2 ->         2
diploid_resolve_locus    462:        11      144        4 ->         4
diploid_resolve_locus    463:         4      281        7 ->         7
diploid_resolve_locus    464:         4       38        1 ->         1
diploid_resolve_locus    465:        19      232       21 ->       542
diploid_resolve_locus    466:        13      283        9 ->        12
diploid_resolve_locus    467:        20      294       11 ->        13
diploid_resolve_locus    468:        18      513       24 ->        24
diploid_resolve_locus    469:        20      213        6 ->         7
diploid_resolve_locus    470:        18      204       10 ->        11
diploid_resolve_locus    471:        20      274       10 ->        11
diploid_resolve_locus    472:         6      281       13 ->        16
diploid_resolve_locus    473:         3       93        1 ->         1
diploid_resolve_locus    474:        20      116        3 ->         3
diploid_resolve_locus    475:         9      280       18 ->        21
diploid_resolve_locus    476:        20      127        5 ->         6
diploid_resolve_locus    477:        20      288       10 ->        16
diploid_resolve_locus    478:         4      255        7 ->         8
diploid_resolve_locus    479:        20      322       11 ->        27
diploid_resolve_locus    480:        20      439       12 ->        14
diploid_resolve_locus    481:        20      261        7 ->         9
diploid_resolve_locus    482:        18       66        3 ->         3
diploid_resolve_locus    483:         2      148        1 ->         1
diploid_resolve_locus    484:         2      109        3 ->         3
diploid_resolve_locus    485:        19      292       20 ->        30
diploid_resolve_locus    486:        19      475       23 ->       133
diploid_resolve_locus    487:        17      155       10 ->        50
diploid_resolve_locus    488:         6      286        9 ->         9
diploid_resolve_locus    489:         2       53        1 ->         1
diploid_resolve_locus    490:         3      130        2 ->         2
diploid_resolve_locus    491:         5      126        3 ->         3
diploid_resolve_locus    492:        17      810       24 ->        31
diploid_resolve_locus    493:        16      102        6 ->        37
diploid_resolve_locus    494:         3      198       10 ->        16
diploid_resolve_locus    495:         7      456        7 ->         7
diploid_resolve_locus    496:         2      473        4 ->         4
diploid_resolve_locus    497:        14       61        4 ->         4
diploid_resolve_locus    498:        18       69        3 ->         3
diploid_resolve_locus    499:        15      219       13 ->        32
diploid_resolve_locus    500:         4      177        4 ->         4
diploid_resolve_locus    501:         9      532       12 ->        22
diploid_resolve_locus    502:         4       92        1 ->         1
diploid_resolve_locus    503:        20      206       10 ->        23
diploid_resolve_locus    504:        11      282       17 ->        19
diploid_resolve_locus    505:        16       77        2 ->         2
diploid_resolve_locus    506:         3       41        1 ->         1
diploid_resolve_locus    507:        13      166        9 ->        10
diploid_resolve_locus    508:        20      199       11 ->        23
diploid_resolve_locus    509:        15      144       16 ->        23
diploid_resolve_locus    510:        10      283       18 ->        31
diploid_resolve_locus    511:        18       95        6 ->        12
diploid_resolve_locus    512:        20       52        3 ->         3
diploid_resolve_locus    513:         4       88        1 ->         1
diploid_resolve_locus    514:         8      137        8 ->        11
diploid_resolve_locus    515:         7      278       15 ->        24
diploid_resolve_locus    516:         3      278       12 ->        14
diploid_resolve_locus    517:         3      141        6 ->         9
diploid_resolve_locus    518:        20       43        4 ->         4
diploid_resolve_locus    519:        19       82        6 ->         8
diploid_resolve_locus    520:        15       90        2 ->         2
diploid_resolve_locus    521:         2       46        1 ->         1
diploid_resolve_locus    522:         2      278        3 ->         3
diploid_resolve_locus    523:         2      282        4 ->         4
diploid_resolve_locus    524:         2      277        4 ->         4
diploid_resolve_locus    525:        20      915       27 ->        39
diploid_resolve_locus    526:        15      221        6 ->         8
diploid_resolve_locus    527:        17       62        1 ->         1
diploid_resolve_locus    528:        20      147        3 ->         3
diploid_resolve_locus    529:        20      137        5 ->         6
diploid_resolve_locus    530:         7      171        5 ->         7
diploid_resolve_locus    531:        17      268       16 ->        16
diploid_resolve_locus    532:         8      100        3 ->         3
diploid_resolve_locus    533:         2       92        1 ->         1
diploid_resolve_locus    534:        20      225        7 ->         7
diploid_resolve_locus    535:         9      451       17 ->        19
diploid_resolve_locus    536:         4      281        7 ->         7
diploid_resolve_locus    537:        11      267       11 ->        13
diploid_resolve_locus    538:        17      288       18 ->        18
diploid_resolve_locus    539:         4      252        6 ->         6
diploid_resolve_locus    540:         8      407       14 ->        15
diploid_resolve_locus    541:        19       79        3 ->         3
diploid_resolve_locus    542:         2      281        4 ->         4
diploid_resolve_locus    543:        13      156        4 ->         4
diploid_resolve_locus    544:         3      244        3 ->         3
diploid_resolve_locus    545:        20      151       13 ->        23
diploid_resolve_locus    546:         5      382        9 ->         9
diploid_resolve_locus    547:         5      279        8 ->         9
diploid_resolve_locus    548:         4      261        4 ->         4
diploid_resolve_locus    549:         4      281       11 ->        18
diploid_resolve_locus    550:        18      101        7 ->         9
diploid_resolve_locus    551:        20      375       15 ->        21
diploid_resolve_locus    552:        17       59        4 ->         4
diploid_resolve_locus    553:        20      146        5 ->       132
diploid_resolve_locus    554:         3       51        3 ->         3
diploid_resolve_locus    555:         2       55        2 ->         2
diploid_resolve_locus    556:         2      280        5 ->         6
diploid_resolve_locus    557:        19      540       15 ->        25
diploid_resolve_locus    558:        20      403       17 ->       133
diploid_resolve_locus    559:        20      623       16 ->        18
diploid_resolve_locus    560:         5      283       17 ->        18
diploid_resolve_locus    561:         2       70        1 ->         1
diploid_resolve_locus    562:         9      181       13 ->        62
diploid_resolve_locus    563:        17      276       11 ->        14
diploid_resolve_locus    564:        15      188        4 ->         4
diploid_resolve_locus    565:        16      215       12 ->        17
diploid_resolve_locus    566:        10      130        4 ->         4
diploid_resolve_locus    567:        20      160       12 ->        17
diploid_resolve_locus    568:        20       92        6 ->         8
diploid_resolve_locus    569:        10       94        8 ->         9
diploid_resolve_locus    570:        13      103        8 ->        11
diploid_resolve_locus    571:         2      272       14 ->        21
diploid_resolve_locus    572:         7      115        5 ->         5
diploid_resolve_locus    573:        20       90        3 ->         4
diploid_resolve_locus    574:        13      470       13 ->        15
diploid_resolve_locus    575:        19      318       19 ->        51
diploid_resolve_locus    576:        20      212        6 ->         7
diploid_resolve_locus    577:        19      180        6 ->         6
diploid_resolve_locus    578:         2      281        4 ->         4
diploid_resolve_locus    579:        13      536       19 ->        28
diploid_resolve_locus    580:        11       54        2 ->         2
diploid_resolve_locus    581:         4      281        7 ->         9
diploid_resolve_locus    582:         3      152        5 ->         6
diploid_resolve_locus    583:         8      432       15 ->        16
diploid_resolve_locus    584:        20      445        8 ->         9
diploid_resolve_locus    585:         3       51        1 ->         1
diploid_resolve_locus    586:        20      101        2 ->         2
diploid_resolve_locus    587:        20       97        1 ->         1
diploid_resolve_locus    588:         9      287       12 ->        16
diploid_resolve_locus    589:         2      131        3 ->         3
diploid_resolve_locus    590:         3      160        6 ->         7
diploid_resolve_locus    591:         6      196       11 ->        13
diploid_resolve_locus    592:        20      327       18 ->        20
diploid_resolve_locus    593:        11      297        4 ->         4
diploid_resolve_locus    594:        15      111        2 ->         2
diploid_resolve_locus    595:        18      146        5 ->         5
diploid_resolve_locus    596:         3      393       10 ->        15
diploid_resolve_locus    597:        13      115        6 ->         7
diploid_resolve_locus    598:        20      218        8 ->        11
diploid_resolve_locus    599:        16      364       26 ->        37
diploid_resolve_locus    600:         3      277        4 ->         4
diploid_resolve_locus    601:         3       66        2 ->         2
diploid_resolve_locus    602:         5      282       11 ->        21
diploid_resolve_locus    603:         9      485       11 ->        28
diploid_resolve_locus    604:         9      928       19 ->        23
diploid_resolve_locus    605:         7      111        4 ->         4
diploid_resolve_locus    606:        20      108        4 ->         4
diploid_resolve_locus    607:        14      490       23 ->        34
diploid_resolve_locus    608:         3      284        5 ->         5
diploid_resolve_locus    609:         6      278       15 ->        17
diploid_resolve_locus    610:        20       79        3 ->         3
diploid_resolve_locus    611:         3      171        1 ->         1
diploid_resolve_locus    612:         2       96        2 ->         2
diploid_resolve_locus    613:        17      289        7 ->         8
diploid_resolve_locus    614:        17      292       19 ->        24
diploid_resolve_locus    615:        15      314        7 ->         8
diploid_resolve_locus    616:         8       83        2 ->         2
diploid_resolve_locus    617:        20      141        3 ->         3
diploid_resolve_locus    618:        19      433       18 ->        59
diploid_resolve_locus    619:         2      225        2 ->         2
diploid_resolve_locus    620:        16       93        5 ->         5
diploid_resolve_locus    621:        19       49        4 ->         4
diploid_resolve_locus    622:        19       72        3 ->         3
diploid_resolve_locus    623:        20      100        4 ->         4
diploid_resolve_locus    624:        15      129        6 ->         8
diploid_resolve_locus    625:        20      289        4 ->         4
diploid_resolve_locus    626:        20      146        9 ->        10
diploid_resolve_locus    627:         2       69        1 ->         1
diploid_resolve_locus    628:         5      203        7 ->         7
diploid_resolve_locus    629:         7      157       13 ->        20
diploid_resolve_locus    630:         2      281        5 ->         6
diploid_resolve_locus    631:         3      173        1 ->         1
diploid_resolve_locus    632:        17       81        4 ->         5
diploid_resolve_locus    633:         3      226        1 ->         1
diploid_resolve_locus    634:         8      279       11 ->        13
diploid_resolve_locus    635:         4      209        6 ->         6
diploid_resolve_locus    636:        17       58        4 ->         4
diploid_resolve_locus    637:        13       85        4 ->         4
diploid_resolve_locus    638:        14      290       25 ->        32
diploid_resolve_locus    639:        17      161        5 ->         5
diploid_resolve_locus    640:        17      421       30 ->        52
diploid_resolve_locus    641:        20      218       10 ->        10
diploid_resolve_locus    642:        12      482       22 ->        26
diploid_resolve_locus    643:        18      666       31 ->        43
diploid_resolve_locus    644:        20      220        4 ->         4
diploid_resolve_locus    645:         5      280        7 ->         7
diploid_resolve_locus    646:        10      109        8 ->        11
diploid_resolve_locus    647:        15      129        2 ->         2
diploid_resolve_locus    648:        20      180        3 ->         4
diploid_resolve_locus    649:        11      118        6 ->         7
diploid_resolve_locus    650:        16       45        3 ->         3
diploid_resolve_locus    651:        17      144        9 ->        56
diploid_resolve_locus    652:        20      272        3 ->         4
diploid_resolve_locus    653:        17      299        9 ->        22
diploid_resolve_locus    654:         3      286        6 ->         6
diploid_resolve_locus    655:        14      155        7 ->         8
diploid_resolve_locus    656:        19      358       20 ->        48
diploid_resolve_locus    657:        14       96        8 ->        18
diploid_resolve_locus    658:        15      144        4 ->         4
diploid_resolve_locus    659:        12       51        2 ->         2
diploid_resolve_locus    660:        19      315        6 ->        44
diploid_resolve_locus    661:         3       66        2 ->         2
diploid_resolve_locus    662:        11      350       15 ->        18
diploid_resolve_locus    663:        19      134        9 ->        11
diploid_resolve_locus    664:         3      417       15 ->        23
diploid_resolve_locus    665:        20      207        6 ->        27
diploid_resolve_locus    666:        15      389       15 ->        30
diploid_resolve_locus    667:        20       84        6 ->         7
diploid_resolve_locus    668:         2      282        8 ->        10
diploid_resolve_locus    669:        20      163        3 ->         3
diploid_resolve_locus    670:        17      408        8 ->         8
diploid_resolve_locus    671:        20      137        2 ->         2
diploid_resolve_locus    672:        19      329       11 ->        16
diploid_resolve_locus    673:        20       93        4 ->         4
diploid_resolve_locus    674:        20      179        3 ->         3
diploid_resolve_locus    675:         5      240        8 ->         8
diploid_resolve_locus    676:        20      644       28 ->        41
diploid_resolve_locus    677:        12      382       10 ->        16
diploid_resolve_locus    678:        20      552       13 ->        16
diploid_resolve_locus    679:         6      263       10 ->        10
diploid_resolve_locus    680:        15      108        4 ->         4
diploid_resolve_locus    681:        17       88        5 ->         5
diploid_resolve_locus    682:        14      283       20 ->        21
diploid_resolve_locus    683:        11      303       10 ->        10
diploid_resolve_locus    684:        20      193        8 ->        19
diploid_resolve_locus    685:        20      147        6 ->         7
diploid_resolve_locus    686:        18      117        8 ->         9
diploid_resolve_locus    687:        19      145        8 ->         8
diploid_resolve_locus    688:        16       71        2 ->         2
diploid_resolve_locus    689:        20      522       14 ->        18
diploid_resolve_locus    690:         2      148        4 ->         4
diploid_resolve_locus    691:        16       63        7 ->         8
diploid_resolve_locus    692:         2       62        1 ->         1
diploid_resolve_locus    693:         3       84        2 ->         2
diploid_resolve_locus    694:        20      115        6 ->         6
diploid_resolve_locus    695:         2      279        4 ->         4
diploid_resolve_locus    696:         7      281       16 ->        20
diploid_resolve_locus    697:        20      213        5 ->         6
diploid_resolve_locus    698:        20      214        9 ->         9
diploid_resolve_locus    699:         6      280       21 ->        42
diploid_resolve_locus    700:        19       70        4 ->         4
diploid_resolve_locus    701:        17      185       10 ->        12
diploid_resolve_locus    702:        15      146       11 ->        11
diploid_resolve_locus    703:        19      224        6 ->         8
diploid_resolve_locus    704:         3      281        3 ->         3
diploid_resolve_locus    705:        11      233       11 ->        11
diploid_resolve_locus    706:        20      125        7 ->        17
diploid_resolve_locus    707:        18       63        3 ->         3
diploid_resolve_locus    708:        20      316       11 ->        16
diploid_resolve_locus    709:         3      136        2 ->         2
diploid_resolve_locus    710:        19      511       20 ->        22
diploid_resolve_locus    711:        15      370       23 ->        56
diploid_resolve_locus    712:         2      277        4 ->         4
diploid_resolve_locus    713:         4      241        4 ->         4
diploid_resolve_locus    714:        11      154        8 ->         9
diploid_resolve_locus    715:         8      255        9 ->         9
diploid_resolve_locus    716:        13      384       21 ->        38
diploid_resolve_locus    717:        20      163        9 ->        18
diploid_resolve_locus    718:        18      572       19 ->        27
diploid_resolve_locus    719:        19       59        1 ->         1
diploid_resolve_locus    720:        20      151        2 ->         2
diploid_resolve_locus    721:         2      280        3 ->         3
diploid_resolve_locus    722:        20      125        8 ->         9
diploid_resolve_locus    723:         2       93        2 ->         2
diploid_resolve_locus    724:        20      465       13 ->        14
diploid_resolve_locus    725:        20      405       18 ->        20
diploid_resolve_locus    726:         3      358        6 ->         9
diploid_resolve_locus    727:        16      170       13 ->        15
diploid_resolve_locus    728:        20      151        3 ->         3
diploid_resolve_locus    729:         9      162        4 ->         4
diploid_resolve_locus    730:         6      263        5 ->         5
diploid_resolve_locus    731:        20       71        7 ->        14
diploid_resolve_locus    732:         6       86        8 ->        11
diploid_resolve_locus    733:        20      210        4 ->        19
diploid_resolve_locus    734:        19       84        3 ->         3
diploid_resolve_locus    735:        19      135        3 ->         3
diploid_resolve_locus    736:        20       89        4 ->         4
diploid_resolve_locus    737:         7      279       14 ->        14
diploid_resolve_locus    738:         2      245        4 ->         4
diploid_resolve_locus    739:        17      228       25 ->        29
diploid_resolve_locus    740:        20      174       11 ->        23
diploid_resolve_locus    741:        18      241        9 ->         9
diploid_resolve_locus    742:         8       68        8 ->         9
diploid_resolve_locus    743:         2      159        2 ->         2
diploid_resolve_locus    744:        12      311        9 ->         9
diploid_resolve_locus    745:         7      347        9 ->        10
diploid_resolve_locus    746:         5      283       17 ->        34
diploid_resolve_locus    747:         6      314        6 ->        10
diploid_resolve_locus    748:         7       72        1 ->         1
diploid_resolve_locus    749:        18      163        4 ->         5
diploid_resolve_locus    750:        11      273       19 ->        19
diploid_resolve_locus    751:         7      433       15 ->        22
diploid_resolve_locus    752:         8      274        8 ->         9
diploid_resolve_locus    753:        18      128       10 ->        12
diploid_resolve_locus    754:         6      286        9 ->         9
diploid_resolve_locus    755:        10      283       14 ->        14
diploid_resolve_locus    756:        16      289       18 ->        23
diploid_resolve_locus    757:        20      309        9 ->         9
diploid_resolve_locus    758:        19      345       14 ->        28
diploid_resolve_locus    759:         3      181        4 ->         4
diploid_resolve_locus    760:         9      372       10 ->        12
diploid_resolve_locus    761:        20      244        5 ->         6
diploid_resolve_locus    762:        16      131        5 ->         5
diploid_resolve_locus    763:         9      154        3 ->         3
diploid_resolve_locus    764:         9      152        6 ->         7
diploid_resolve_locus    765:        20      539       10 ->        18
diploid_resolve_locus    766:        20      648       25 ->        52
diploid_resolve_locus    767:        19       79        5 ->         7
diploid_resolve_locus    768:        20       93        4 ->         4
diploid_resolve_locus    769:         3      108        2 ->         2
diploid_resolve_locus    770:        19      191       12 ->        92
diploid_resolve_locus    771:        20      432       23 ->        91
diploid_resolve_locus    772:        13      337       17 ->        25
diploid_resolve_locus    773:        18      259       16 ->        65
diploid_resolve_locus    774:        12      223        5 ->         5
diploid_resolve_locus    775:        20      336        9 ->        10
diploid_resolve_locus    776:        11      452       17 ->        21
diploid_resolve_locus    777:         8      434        9 ->        10
diploid_resolve_locus    778:        20       97       10 ->        53
diploid_resolve_locus    779:        13       56        4 ->        18
diploid_resolve_locus    780:        20       87        8 ->         8
diploid_resolve_locus    781:         4      220        7 ->         7
diploid_resolve_locus    782:        11      216       11 ->        56
diploid_resolve_locus    783:        10       42        3 ->         3
diploid_resolve_locus    784:        20      184        4 ->         7
diploid_resolve_locus    785:         2      222        5 ->         6
diploid_resolve_locus    786:        18       95        5 ->         5
diploid_resolve_locus    787:        12      220        6 ->        10
diploid_resolve_locus    788:        20       60        2 ->         2
diploid_resolve_locus    789:         4       35        1 ->         1
diploid_resolve_locus    790:        20      117        8 ->        16
diploid_resolve_locus    791:        20      182        3 ->         3
diploid_resolve_locus    792:        20      146        5 ->         5
diploid_resolve_locus    793:        17       72        5 ->         5
diploid_resolve_locus    794:         4      279       12 ->        13
diploid_resolve_locus    795:         6      278       23 ->        49
diploid_resolve_locus    796:         7       76        4 ->         4
diploid_resolve_locus    797:        20       58        4 ->         6
diploid_resolve_locus    798:         4      239       11 ->        24
diploid_resolve_locus    799:        20       58        2 ->         2
diploid_resolve_locus    800:        20       84        7 ->        19
diploid_resolve_locus    801:        20      110        2 ->         2
diploid_resolve_locus    802:        20      341        7 ->        16
diploid_resolve_locus    803:        20      170        2 ->         2
diploid_resolve_locus    804:        20      103        5 ->         5
diploid_resolve_locus    805:        10      324       13 ->        14
diploid_resolve_locus    806:         3      248        3 ->         3
diploid_resolve_locus    807:        16      247        6 ->         7
diploid_resolve_locus    808:        16       87        5 ->         5
diploid_resolve_locus    809:        19       90        3 ->         4
diploid_resolve_locus    810:        13      124        3 ->         4
diploid_resolve_locus    811:         5      286        6 ->         6
diploid_resolve_locus    812:         7      282       17 ->        22
diploid_resolve_locus    813:         2      159        1 ->         1
diploid_resolve_locus    814:         7      137        1 ->         1
diploid_resolve_locus    815:        15       87        5 ->         5
diploid_resolve_locus    816:         4       97        4 ->         4
diploid_resolve_locus    817:        17      195        9 ->         9
diploid_resolve_locus    818:         6      453       13 ->        15
diploid_resolve_locus    819:        19      216        5 ->         6
diploid_resolve_locus    820:        20      408       21 ->        34
diploid_resolve_locus    821:         3      278        8 ->        11
diploid_resolve_locus    822:         2      278        5 ->         5
diploid_resolve_locus    823:         5      285       11 ->        13
diploid_resolve_locus    824:        11       86        4 ->         5
diploid_resolve_locus    825:        20      144        3 ->         3
diploid_resolve_locus    826:         6      531       23 ->        34
diploid_resolve_locus    827:        20      204        9 ->        11
diploid_resolve_locus    828:         2      237        1 ->         1
diploid_resolve_locus    829:         5       82        2 ->         2
diploid_resolve_locus    830:        20      127        3 ->         3
diploid_resolve_locus    831:        20       82        2 ->         2
diploid_resolve_locus    832:         5      257        4 ->         4
diploid_resolve_locus    833:        12      268       15 ->        27
diploid_resolve_locus    834:        17      299        8 ->        13
diploid_resolve_locus    835:         6      286       20 ->        24
diploid_resolve_locus    836:        20      303        9 ->         9
diploid_resolve_locus    837:         7      276       12 ->        12
diploid_resolve_locus    838:        20      572       10 ->        21
diploid_resolve_locus    839:        20      445       17 ->        25
diploid_resolve_locus    840:        20      344        9 ->        10
diploid_resolve_locus    841:        20       90        3 ->         4
diploid_resolve_locus    842:        18      247        3 ->         3
diploid_resolve_locus    843:        20      173        6 ->        13
diploid_resolve_locus    844:        19      949       43 ->        52
diploid_resolve_locus    845:        20      175        7 ->         9
diploid_resolve_locus    846:        20      122        6 ->         6
diploid_resolve_locus    847:        11       47        4 ->         8
diploid_resolve_locus    848:         4      292        6 ->         6
diploid_resolve_locus    849:         9      185        8 ->         9
diploid_resolve_locus    850:         8      280       14 ->        17
diploid_resolve_locus    851:        20      162       15 ->        23
diploid_resolve_locus    852:         8      281        8 ->        10
diploid_resolve_locus    853:         5      287        6 ->         6
diploid_resolve_locus    854:        20       96        5 ->         6
diploid_resolve_locus    855:        15      193        8 ->         9
diploid_resolve_locus    856:         2      280        3 ->         3
diploid_resolve_locus    857:        20      240        8 ->        18
diploid_resolve_locus    858:         6      250        7 ->         7
diploid_resolve_locus    859:        12      249       12 ->        21
diploid_resolve_locus    860:         2       72        1 ->         1
diploid_resolve_locus    861:         7      178        2 ->         2
diploid_resolve_locus    862:        15      426       18 ->        19
diploid_resolve_locus    863:        20      272       12 ->        14
diploid_resolve_locus    864:        20      232        9 ->        54
diploid_resolve_locus    865:         2      285        3 ->         3
diploid_resolve_locus    866:        20      213        5 ->         5
diploid_resolve_locus    867:         2      283        3 ->         3
diploid_resolve_locus    868:        19       87        3 ->         3
diploid_resolve_locus    869:        15       80        4 ->         4
diploid_resolve_locus    870:         3      280        8 ->         8
diploid_resolve_locus    871:        10      215       20 ->        21
diploid_resolve_locus    872:         6      287        6 ->         6
diploid_resolve_locus    873:        16      424       27 ->        39
diploid_resolve_locus    874:        20      377       12 ->        26
diploid_resolve_locus    875:        14      778       19 ->        21
diploid_resolve_locus    876:        19      672       25 ->        28
diploid_resolve_locus    877:         2      561        4 ->         4
diploid_resolve_locus    878:        14       50        2 ->         2
diploid_resolve_locus    879:         2      276        5 ->         5
diploid_resolve_locus    880:        20      179        7 ->        13
diploid_resolve_locus    881:        13      230        9 ->         9
diploid_resolve_locus    882:        20       74        3 ->         3
diploid_resolve_locus    883:        18      636       29 ->        53
diploid_resolve_locus    884:         2      282        4 ->         4
diploid_resolve_locus    885:         4      159        3 ->         3
diploid_resolve_locus    886:        19       99        4 ->         4
diploid_resolve_locus    887:        16      292       16 ->        17
diploid_resolve_locus    888:        19      189        6 ->         8
diploid_resolve_locus    889:        12      298       21 ->        25
diploid_resolve_locus    890:         9      233        7 ->         7
diploid_resolve_locus    891:        17      256        7 ->         7
diploid_resolve_locus    892:        20      118        9 ->        13
diploid_resolve_locus    893:        20      121        6 ->       104
diploid_resolve_locus    894:         3      548       10 ->        12
diploid_resolve_locus    895:         3       47        1 ->         1
diploid_resolve_locus    896:        14      118        4 ->         4
diploid_resolve_locus    897:         4      279        8 ->        10
diploid_resolve_locus    898:         3      248        3 ->         3
diploid_resolve_locus    899:        20       54        3 ->         3
diploid_resolve_locus    900:        16       67        2 ->         2
diploid_resolve_locus    901:         6      108        2 ->         2
diploid_resolve_locus    902:        18      263       11 ->        94
diploid_resolve_locus    903:         4      232        9 ->         9
diploid_resolve_locus    904:         8      365       12 ->        13
diploid_resolve_locus    905:         6       87        3 ->         3
diploid_resolve_locus    906:         7      234        4 ->         4
diploid_resolve_locus    907:        20      244       11 ->        11
diploid_resolve_locus    908:        20      220       10 ->        34
diploid_resolve_locus    909:        20      151        5 ->         8
diploid_resolve_locus    910:        16       84        6 ->         6
diploid_resolve_locus    911:        15      246       19 ->        27
diploid_resolve_locus    912:         3      282        5 ->         5
diploid_resolve_locus    913:         2      283        5 ->         6
diploid_resolve_locus    914:         3      270        6 ->         6
diploid_resolve_locus    915:        16      146        8 ->         8
diploid_resolve_locus    916:        20       88        3 ->         3
diploid_resolve_locus    917:        11      191        4 ->      1028
diploid_resolve_locus    918:         2      286        6 ->         6
diploid_resolve_locus    919:         6      201        4 ->         6
diploid_resolve_locus    920:        16      391       10 ->        10
diploid_resolve_locus    921:         5       94        1 ->         1
diploid_resolve_locus    922:        20      541       15 ->        17
diploid_resolve_locus    923:        20      276       10 ->        11
diploid_resolve_locus    924:        14      503       22 ->        25
diploid_resolve_locus    925:        20      259        4 ->         4
diploid_resolve_locus    926:        20      105        5 ->         5
diploid_resolve_locus    927:        11      654       20 ->        21
diploid_resolve_locus    928:         2      171        2 ->         2
diploid_resolve_locus    929:         3      278        9 ->        12
diploid_resolve_locus    930:         8      281       21 ->        23
diploid_resolve_locus    931:        20      252        6 ->         7
diploid_resolve_locus    932:         6      479       27 ->        50
diploid_resolve_locus    933:         7       76        1 ->         1
diploid_resolve_locus    934:         3       92        4 ->         4
diploid_resolve_locus    935:         2      280        4 ->         4
diploid_resolve_locus    936:        12       54        5 ->         5
diploid_resolve_locus    937:         6      192        4 ->         4
diploid_resolve_locus    938:         3       57        2 ->         2
diploid_resolve_locus    939:        15      110        3 ->         4
diploid_resolve_locus    940:         7      282        9 ->        10
diploid_resolve_locus    941:         2       45        1 ->         1
diploid_resolve_locus    942:         3       73        1 ->         1
diploid_resolve_locus    943:        14       47        3 ->         3
diploid_resolve_locus    944:        20      125        3 ->         3
diploid_resolve_locus    945:         2      286        6 ->         9
diploid_resolve_locus    946:        20      126        6 ->        13
diploid_resolve_locus    947:        20      307       12 ->        18
diploid_resolve_locus    948:         2      273        3 ->         3
diploid_resolve_locus    949:        20      219        6 ->         6
diploid_resolve_locus    950:         4      386        6 ->         6
diploid_resolve_locus    951:        11      140        3 ->         3
diploid_resolve_locus    952:        20       57        5 ->         5
diploid_resolve_locus    953:         9       59        5 ->         6
diploid_resolve_locus    954:         6       45        5 ->         5
diploid_resolve_locus    955:        16      222        7 ->         7
diploid_resolve_locus    956:        20      156        6 ->         7
diploid_resolve_locus    957:        12      282       13 ->        13
diploid_resolve_locus    958:        20       94        4 ->         4
diploid_resolve_locus    959:        14      145        4 ->         4
diploid_resolve_locus    960:         7      386       20 ->        29
diploid_resolve_locus    961:        14      135        3 ->         3
diploid_resolve_locus    962:         8      265        7 ->         7
diploid_resolve_locus    963:        17       91        8 ->         9
diploid_resolve_locus    964:         4      281       10 ->        10
diploid_resolve_locus    965:        17      508       15 ->        23
diploid_resolve_locus    966:        10      142        3 ->         3
diploid_resolve_locus    967:        20       87        3 ->         3
diploid_resolve_locus    968:         9       78        3 ->         3
diploid_resolve_locus    969:        16       75        4 ->         5
diploid_resolve_locus    970:         6      250        8 ->         8
diploid_resolve_locus    971:         9      153        6 ->         9
diploid_resolve_locus    972:        12      286       20 ->        35
diploid_resolve_locus    973:         2      280        6 ->         7
diploid_resolve_locus    974:        18      192        6 ->         6
diploid_resolve_locus    975:        16      458       25 ->        34
diploid_resolve_locus    976:        13      286       22 ->        27
diploid_resolve_locus    977:        19      434       20 ->        41
diploid_resolve_locus    978:         6      280       11 ->        11
diploid_resolve_locus    979:         4       62        1 ->         1
diploid_resolve_locus    980:         3      278        6 ->         6
diploid_resolve_locus    981:        20       95        2 ->         2
diploid_resolve_locus    982:         5      276       12 ->        12
diploid_resolve_locus    983:         3      171        2 ->         2
diploid_resolve_locus    984:         5      205        7 ->        10
diploid_resolve_locus    985:         8      286       16 ->        18
diploid_resolve_locus    986:        19      124        7 ->         7
diploid_resolve_locus    987:         7      149        2 ->         2
diploid_resolve_locus    988:         2       51        1 ->         1
diploid_resolve_locus    989:         6      143        3 ->         3
diploid_resolve_locus    990:        15      176       13 ->        23
diploid_resolve_locus    991:         2       56        1 ->         1
diploid_resolve_locus    992:        10      145        8 ->         8
diploid_resolve_locus    993:        19       87        8 ->         9
diploid_resolve_locus    994:         7      146        6 ->         6
diploid_resolve_locus    995:        17       60        4 ->         4
diploid_resolve_locus    996:         6      332       15 ->        28
diploid_resolve_locus    997:        18       81        3 ->         3
diploid_resolve_locus    998:        19       76        4 ->         4
diploid_resolve_locus    999:        19      248        5 ->         7
diploid_resolve_locus   1000:         2      325        2 ->         2
diploid_resolve_locus   1001:        14      169        3 ->         3
diploid_resolve_locus   1002:         9      280       14 ->        45
diploid_resolve_locus   1003:         4      280        6 ->         6
diploid_resolve_locus   1004:        20       58        3 ->         3
diploid_resolve_locus   1005:         4       56        1 ->         1
diploid_resolve_locus   1006:        18      210       15 ->        22
diploid_resolve_locus   1007:        20      877       46 ->        62
diploid_resolve_locus   1008:         8      264       10 ->        18
diploid_resolve_locus   1009:        19      120        8 ->         9
diploid_resolve_locus   1010:        16      278       19 ->        33
diploid_resolve_locus   1011:        20      132        2 ->         2
diploid_resolve_locus   1012:         8      192        8 ->        12
diploid_resolve_locus   1013:         2      279        3 ->         3
diploid_resolve_locus   1014:        20      269        8 ->        11
diploid_resolve_locus   1015:        20      201        4 ->         4
diploid_resolve_locus   1016:        18      160        7 ->        12
diploid_resolve_locus   1017:         4      145        3 ->         3
diploid_resolve_locus   1018:         9      513       37 ->        71
diploid_resolve_locus   1019:        12      172        7 ->         8
diploid_resolve_locus   1020:        12      171        6 ->         7
diploid_resolve_locus   1021:         8      273       12 ->        13
diploid_resolve_locus   1022:         3       93        1 ->         1
diploid_resolve_locus   1023:         2      281        9 ->        13
diploid_resolve_locus   1024:         2      108        1 ->         1
diploid_resolve_locus   1025:         2      241        8 ->        14
diploid_resolve_locus   1026:        10      108        3 ->         4
diploid_resolve_locus   1027:        19      135        8 ->         9
diploid_resolve_locus   1028:         2      283        5 ->         5
diploid_resolve_locus   1029:         4      286        7 ->         9
diploid_resolve_locus   1030:         7      283       12 ->        13
diploid_resolve_locus   1031:         5       77        2 ->         2
diploid_resolve_locus   1032:         7      281       11 ->        11
diploid_resolve_locus   1033:         2       88        3 ->         3
diploid_resolve_locus   1034:         2      282        5 ->         5
diploid_resolve_locus   1035:         2      279        3 ->         3
diploid_resolve_locus   1036:         2      278        4 ->         4
diploid_resolve_locus   1037:         4       90        5 ->         5
diploid_resolve_locus   1038:        16       71        2 ->         2
diploid_resolve_locus   1039:        20       75        2 ->         2
diploid_resolve_locus   1040:         4       42        2 ->         2
diploid_resolve_locus   1041:         6      280       12 ->        19
diploid_resolve_locus   1042:        13       51        1 ->         1
diploid_resolve_locus   1043:         4      281        7 ->         8
diploid_resolve_locus   1044:         6      172        7 ->        10
diploid_resolve_locus   1045:        14      156        5 ->         5
diploid_resolve_locus   1046:        20      147        3 ->         3
diploid_resolve_locus   1047:        20      112        4 ->         4
diploid_resolve_locus   1048:        20      109        3 ->         4
diploid_resolve_locus   1049:         3      268        5 ->         5
diploid_resolve_locus   1050:        15       88        5 ->         5
diploid_resolve_locus   1051:         9      275       12 ->        14
diploid_resolve_locus   1052:         7       36        1 ->         1
diploid_resolve_locus   1053:        18      415       27 ->        62
diploid_resolve_locus   1054:        20       63        3 ->         3
diploid_resolve_locus   1055:        15       59        3 ->         3
diploid_resolve_locus   1056:         3      204        4 ->         4
diploid_resolve_locus   1057:        19      292       16 ->        16
diploid_resolve_locus   1058:        15      133        7 ->         7
diploid_resolve_locus   1059:         9       50        6 ->         7
diploid_resolve_locus   1060:        19      183        9 ->        15
diploid_resolve_locus   1061:         7       45        3 ->         3
diploid_resolve_locus   1062:         5       86        6 ->         8
diploid_resolve_locus   1063:        14       73        5 ->         5
diploid_resolve_locus   1064:         2      248        5 ->         7
diploid_resolve_locus   1065:         2      156        2 ->         2
diploid_resolve_locus   1066:         4      124        3 ->         3
diploid_resolve_locus   1067:         8      138        8 ->         9
diploid_resolve_locus   1068:        10      101        5 ->         5
diploid_resolve_locus   1069:        13      325       25 ->        40
diploid_resolve_locus   1070:        16      102        5 ->         6
diploid_resolve_locus   1071:        14       81        4 ->         4
diploid_resolve_locus   1072:         3      214        8 ->        11
diploid_resolve_locus   1073:        10      286       14 ->        17
diploid_resolve_locus   1074:        11      202       14 ->        67
diploid_resolve_locus   1075:         4      123        3 ->         3
diploid_resolve_locus   1076:        19      141        2 ->         2
diploid_resolve_locus   1077:        15      289       16 ->        21
diploid_resolve_locus   1078:         4      217        6 ->         6
diploid_resolve_locus   1079:         4      279        5 ->         5
diploid_resolve_locus   1080:        18       74        5 ->         6
diploid_resolve_locus   1081:        20      115        4 ->         4
diploid_resolve_locus   1082:        20      129        3 ->         3
diploid_resolve_locus   1083:        20       78        3 ->         3
diploid_resolve_locus   1084:        10      143       14 ->        14
diploid_resolve_locus   1085:        16      149        6 ->         6
diploid_resolve_locus   1086:        20      138        5 ->         5
diploid_resolve_locus   1087:        20       69        3 ->         3
diploid_resolve_locus   1088:        20      115        3 ->         3
diploid_resolve_locus   1089:         6      108       11 ->        27
diploid_resolve_locus   1090:         6      275       12 ->        15
diploid_resolve_locus   1091:        15       75        6 ->        17
diploid_resolve_locus   1092:         5       75        1 ->         1
diploid_resolve_locus   1093:        16       83        2 ->         2
diploid_resolve_locus   1094:        20      301        8 ->        10
diploid_resolve_locus   1095:        13       93        3 ->         3
diploid_resolve_locus   1096:         3      283       11 ->        15
diploid_resolve_locus   1097:         2      209        2 ->         2
diploid_resolve_locus   1098:         9      652       17 ->        17
diploid_resolve_locus   1099:         6      285       10 ->        18
diploid_resolve_locus   1100:        11       90        2 ->         2
diploid_resolve_locus   1101:         2       96        6 ->         8
diploid_resolve_locus   1102:        15      211        2 ->         2
diploid_resolve_locus   1103:        19      173        7 ->         7
diploid_resolve_locus   1104:        19      149        6 ->         6
diploid_resolve_locus   1105:        20      152        2 ->         2
diploid_resolve_locus   1106:         2      270        2 ->         2
diploid_resolve_locus   1107:        20      182        3 ->         5
diploid_resolve_locus   1108:        12       88        5 ->         7
diploid_resolve_locus   1109:         3       44        2 ->         2
diploid_resolve_locus   1110:         8      216        8 ->         9
diploid_resolve_locus   1111:         3      279        4 ->         4
diploid_resolve_locus   1112:         4       56        2 ->         2
diploid_resolve_locus   1113:         3      122        5 ->         5
diploid_resolve_locus   1114:         2      209        2 ->         2
diploid_resolve_locus   1115:         5      220        3 ->         4
diploid_resolve_locus   1116:        14      148       16 ->        18
diploid_resolve_locus   1117:        13      291       11 ->        16
diploid_resolve_locus   1118:        13      147        6 ->        13
diploid_resolve_locus   1119:         4       80        7 ->        10
diploid_resolve_locus   1120:        10       81       10 ->        14
diploid_resolve_locus   1121:         2      282        5 ->         7
diploid_resolve_locus   1122:         2       84        2 ->         2
diploid_resolve_locus   1123:         2      281        8 ->        12
diploid_resolve_locus   1124:         4       85        5 ->         5
diploid_resolve_locus   1125:        20      151        7 ->         7
diploid_resolve_locus   1126:         2      278        7 ->         9
diploid_resolve_locus   1127:        11      150        7 ->         9
diploid_resolve_locus   1128:        20      336       21 ->        43
diploid_resolve_locus   1129:        20      262       18 ->        18
diploid_resolve_locus   1130:         2      101        1 ->         1
diploid_resolve_locus   1131:         4      101        1 ->         1
diploid_resolve_locus   1132:         6      279       13 ->        13
diploid_resolve_locus   1133:        10      368       17 ->        17
diploid_resolve_locus   1134:        17      109        3 ->         3
diploid_resolve_locus   1135:        20      115        4 ->         5
diploid_resolve_locus   1136:        20      263       12 ->        14
diploid_resolve_locus   1137:        10      180       14 ->        50
diploid_resolve_locus   1138:         5      230       10 ->        15
diploid_resolve_locus   1139:         2       68        2 ->         2
diploid_resolve_locus   1140:        13      142        3 ->         3
diploid_resolve_locus   1141:         8      137        5 ->         5
diploid_resolve_locus   1142:         3      242        2 ->         2
diploid_resolve_locus   1143:         2      137        2 ->         2
diploid_resolve_locus   1144:         8      242       10 ->        11
diploid_resolve_locus   1145:         6      105        2 ->         2
diploid_resolve_locus   1146:        15      174        8 ->         8
diploid_resolve_locus   1147:         2      147        5 ->         5
diploid_resolve_locus   1148:        20      296        6 ->         6
diploid_resolve_locus   1149:         4      274        5 ->         6
diploid_resolve_locus   1150:         4      132        3 ->         4
diploid_resolve_locus   1151:        17      146        7 ->        10
diploid_resolve_locus   1152:         9      425       13 ->        17
diploid_resolve_locus   1153:         2      280        4 ->         4
diploid_resolve_locus   1154:         3       68        1 ->         1
diploid_resolve_locus   1155:        18      339        6 ->         6
diploid_resolve_locus   1156:        18       87        5 ->         5
diploid_resolve_locus   1157:        10      287        7 ->        13
diploid_resolve_locus   1158:         9      196        2 ->         2
diploid_resolve_locus   1159:         2      280        5 ->         6
diploid_resolve_locus   1160:         3      265        6 ->         6
diploid_resolve_locus   1161:        20      138        1 ->         1
diploid_resolve_locus   1162:         6      282       12 ->        12
diploid_resolve_locus   1163:        19      125        4 ->         4
diploid_resolve_locus   1164:        20      108        3 ->         3
diploid_resolve_locus   1165:        17      120        7 ->         7
diploid_resolve_locus   1166:         8       72        2 ->         2
diploid_resolve_locus   1167:         6      243       10 ->        10
diploid_resolve_locus   1168:         7       85        7 ->         7
diploid_resolve_locus   1169:         2      174        2 ->         2
diploid_resolve_locus   1170:         4      362        3 ->         3
diploid_resolve_locus   1171:        13      262       21 ->        43
diploid_resolve_locus   1172:         6       74        5 ->         5
diploid_resolve_locus   1173:         2      283        5 ->         5
diploid_resolve_locus   1174:         4       60        2 ->         2
diploid_resolve_locus   1175:        19      117        5 ->        12
diploid_resolve_locus   1176:        10       66        4 ->         4
diploid_resolve_locus   1177:         3       80        4 ->         4
diploid_resolve_locus   1178:        20      135        3 ->         3
diploid_resolve_locus   1179:        20      495       21 ->        34
diploid_resolve_locus   1180:        13      105        6 ->         6
diploid_resolve_locus   1181:        20      115        6 ->        19
diploid_resolve_locus   1182:        20      184        4 ->         6
diploid_resolve_locus   1183:        14      209       11 ->        16
diploid_resolve_locus   1184:         2      200        1 ->         1
diploid_resolve_locus   1185:         2      146        4 ->         4
diploid_resolve_locus   1186:         2      226        2 ->         2
diploid_resolve_locus   1187:         2      114        1 ->         1
diploid_resolve_locus   1188:         5      112        3 ->         3
diploid_resolve_locus   1189:         3      245        2 ->         2
diploid_resolve_locus   1190:        18      127        7 ->         8
diploid_resolve_locus   1191:         3       45        1 ->         1
diploid_resolve_locus   1192:         4       94        1 ->         1
diploid_resolve_locus   1193:        19      156        3 ->         3
diploid_resolve_locus   1194:         6      242        8 ->         8
diploid_resolve_locus   1195:         2      277        4 ->         4
diploid_resolve_locus   1196:        12       54        2 ->         2
diploid_resolve_locus   1197:         6      280        5 ->         5
diploid_resolve_locus   1198:         2      190        1 ->         1
diploid_resolve_locus   1199:         3      281        6 ->         6
diploid_resolve_locus   1200:        20      104        8 ->        12
diploid_resolve_locus   1201:         5      103        5 ->         5
diploid_resolve_locus   1202:         3      275        6 ->         6
diploid_resolve_locus   1203:        18      120        6 ->        17
diploid_resolve_locus   1204:         2       39        1 ->         1
diploid_resolve_locus   1205:        17       83        4 ->         5
diploid_resolve_locus   1206:         3      176        1 ->         1
diploid_resolve_locus   1207:         3       48        1 ->         1
diploid_resolve_locus   1208:         3      281        4 ->         4
diploid_resolve_locus   1209:         3      280        6 ->         6
diploid_resolve_locus   1210:         3      276        4 ->         4
diploid_resolve_locus   1211:         4       56        5 ->         6
diploid_resolve_locus   1212:        19      472       30 ->        37
diploid_resolve_locus   1213:         3      420        4 ->         6
diploid_resolve_locus   1214:         6      146        3 ->         3
diploid_resolve_locus   1215:         7      431        9 ->         9
diploid_resolve_locus   1216:        12      194       20 ->        27
diploid_resolve_locus   1217:         8      125       21 ->        31
diploid_resolve_locus   1218:        19      271       11 ->        14
diploid_resolve_locus   1219:        20      392       14 ->        23
diploid_resolve_locus   1220:        15      288       18 ->        18
diploid_resolve_locus   1221:         4      436        5 ->         5
diploid_resolve_locus   1222:         3       35        1 ->         1
diploid_resolve_locus   1223:         3      208        3 ->         3
diploid_resolve_locus   1224:         2      119        3 ->         4
diploid_resolve_locus   1225:        13      337       27 ->        81
diploid_resolve_locus   1226:         2       42        1 ->         1
diploid_resolve_locus   1227:        15      614       22 ->        32
diploid_resolve_locus   1228:        16       69        9 ->        16
diploid_resolve_locus   1229:         2       88        2 ->         2
diploid_resolve_locus   1230:         4       80        4 ->         4
diploid_resolve_locus   1231:         3      201        3 ->         3
diploid_resolve_locus   1232:        12      103        7 ->         8
diploid_resolve_locus   1233:        20      101        3 ->         3
diploid_resolve_locus   1234:        20      108        2 ->         2
diploid_resolve_locus   1235:         2      499        3 ->         3
diploid_resolve_locus   1236:         9       80        4 ->         4
diploid_resolve_locus   1237:        10      281       16 ->        18
diploid_resolve_locus   1238:        10      121        3 ->         3
diploid_resolve_locus   1239:         3      286        7 ->         7
diploid_resolve_locus   1240:        20      144        3 ->         3
diploid_resolve_locus   1241:         2      249        3 ->         3
diploid_resolve_locus   1242:         6      159        5 ->         5
diploid_resolve_locus   1243:         7      249        4 ->         4
diploid_resolve_locus   1244:        10       82        7 ->         9
diploid_resolve_locus   1245:         2       65        1 ->         1
diploid_resolve_locus   1246:         3      269        7 ->         8
diploid_resolve_locus   1247:         8      249        6 ->         6
diploid_resolve_locus   1248:        13      144        9 ->        11
diploid_resolve_locus   1249:         2      104        3 ->         3
diploid_resolve_locus   1250:        16       48        4 ->         4
diploid_resolve_locus   1251:         3      144        3 ->         3
diploid_resolve_locus   1252:         6      281       13 ->        16
diploid_resolve_locus   1253:        20      103        5 ->        30
diploid_resolve_locus   1254:        14      285       10 ->        12
diploid_resolve_locus   1255:        10      208        9 ->        11
diploid_resolve_locus   1256:         9       71        1 ->         1
diploid_resolve_locus   1257:         3      129        8 ->        11
diploid_resolve_locus   1258:        20      147        2 ->         2
diploid_resolve_locus   1259:         4       66        5 ->         5
diploid_resolve_locus   1260:        19       90        7 ->        11
diploid_resolve_locus   1261:        20      196        6 ->         7
diploid_resolve_locus   1262:        20      186       13 ->        50
diploid_resolve_locus   1263:         2      143        2 ->         2
diploid_resolve_locus   1264:        15      283       14 ->        22
diploid_resolve_locus   1265:         7      277       26 ->        33
diploid_resolve_locus   1266:         2      255       12 ->        18
diploid_resolve_locus   1267:         2      247        2 ->         2
diploid_resolve_locus   1268:         5      184        7 ->        10
diploid_resolve_locus   1269:         4      108        4 ->         4
diploid_resolve_locus   1270:         2      280        7 ->         9
diploid_resolve_locus   1271:        14      290       12 ->        14
diploid_resolve_locus   1272:         6      247       13 ->        15
diploid_resolve_locus   1273:         2       90        3 ->         4
diploid_resolve_locus   1274:        19       69        4 ->         4
diploid_resolve_locus   1275:         2       83        2 ->         2
diploid_resolve_locus   1276:         8       53       10 ->        11
diploid_resolve_locus   1277:         4      121        8 ->        15
diploid_resolve_locus   1278:         7      272       12 ->        14
diploid_resolve_locus   1279:        19       79        3 ->         3
diploid_resolve_locus   1280:        20      621       26 ->        58
diploid_resolve_locus   1281:        19       94        2 ->         2
diploid_resolve_locus   1282:        20      193       11 ->        15
diploid_resolve_locus   1283:        19      146        6 ->         6
diploid_resolve_locus   1284:        20      256       10 ->        12
diploid_resolve_locus   1285:        19      103        4 ->         4
diploid_resolve_locus   1286:        18       57        5 ->         5
diploid_resolve_locus   1287:        16       62        5 ->         5
diploid_resolve_locus   1288:        15      151       16 ->        73
diploid_resolve_locus   1289:         5      282       17 ->        20
diploid_resolve_locus   1290:         4      270       13 ->        16
diploid_resolve_locus   1291:         7      215       17 ->        26
diploid_resolve_locus   1292:         2       61        1 ->         1
diploid_resolve_locus   1293:         9      281       24 ->        30
diploid_resolve_locus   1294:         7       45        5 ->         5
diploid_resolve_locus   1295:         2      142        3 ->         3
diploid_resolve_locus   1296:         5      285       19 ->        36
diploid_resolve_locus   1297:         2      226        3 ->         3
diploid_resolve_locus   1298:         4      175        7 ->        10
diploid_resolve_locus   1299:        15      174       10 ->        27
diploid_resolve_locus   1300:         5      161        7 ->        11
diploid_resolve_locus   1301:        14      193        8 ->         9
diploid_resolve_locus   1302:         2      131        1 ->         1
diploid_resolve_locus   1303:         2      198        1 ->         1
diploid_resolve_locus   1304:        20      233       11 ->        28
diploid_resolve_locus   1305:         9       75        7 ->         9
diploid_resolve_locus   1306:         2      102        2 ->         2
diploid_resolve_locus   1307:         2      282        7 ->        12
diploid_resolve_locus   1308:        19      284       19 ->        31
diploid_resolve_locus   1309:        20      147        9 ->        11
diploid_resolve_locus   1310:         6      270       13 ->        16
diploid_resolve_locus   1311:        16      362       15 ->        42
diploid_resolve_locus   1312:         7      270       10 ->        12
diploid_resolve_locus   1313:         5       83        3 ->         3
diploid_resolve_locus   1314:         2      193        2 ->         3
diploid_resolve_locus   1315:         3      195        9 ->        10
diploid_resolve_locus   1316:         2       84        4 ->         4
diploid_resolve_locus   1317:         4      116        3 ->         3
diploid_resolve_locus   1318:        16       54        1 ->         1
diploid_resolve_locus   1319:         8       50        5 ->         5
diploid_resolve_locus   1320:         5      231        7 ->         9
diploid_resolve_locus   1321:        10      330       16 ->        23
diploid_resolve_locus   1322:        20      174       13 ->        16
diploid_resolve_locus   1323:         8      312        8 ->         8
diploid_resolve_locus   1324:        19      238       20 ->        50
diploid_resolve_locus   1325:        19      123       11 ->        31
diploid_resolve_locus   1326:         9       99        2 ->         2
diploid_resolve_locus   1327:        17      146        6 ->        12
diploid_resolve_locus   1328:         3       57        3 ->         3
diploid_resolve_locus   1329:        12      155        2 ->         2
diploid_resolve_locus   1330:        19      100        3 ->         3
diploid_resolve_locus   1331:         4       35        4 ->         4
diploid_resolve_locus   1332:         3      200        2 ->         2
diploid_resolve_locus   1333:         2      544        6 ->         7
diploid_resolve_locus   1334:        17      154        8 ->        24
diploid_resolve_locus   1335:         2      276        4 ->         4
diploid_resolve_locus   1336:         6       83        2 ->         2
diploid_resolve_locus   1337:         3       62        2 ->         2
diploid_resolve_locus   1338:         4      285       12 ->        15
diploid_resolve_locus   1339:         3      282        8 ->        12
diploid_resolve_locus   1340:         2      282        8 ->        10
diploid_resolve_locus   1341:         2       84        3 ->         3
diploid_resolve_locus   1342:         3      146        3 ->         4
diploid_resolve_locus   1343:         3      119        1 ->         1
diploid_resolve_locus   1344:         2      175        3 ->         4
diploid_resolve_locus   1345:         6      133       14 ->        19
diploid_resolve_locus   1346:         2      101        1 ->         1
diploid_resolve_locus   1347:         3      276       18 ->        37
diploid_resolve_locus   1348:         5       66        7 ->         7
diploid_resolve_locus   1349:         2       56        2 ->         2
diploid_resolve_locus   1350:         2      133        2 ->         2
diploid_resolve_locus   1351:        20      150        8 ->        10
diploid_resolve_locus   1352:         4      281       16 ->        24
diploid_resolve_locus   1353:         3      179        8 ->        11
diploid_resolve_locus   1354:         2       76        2 ->         2
diploid_resolve_locus   1355:        20      127        1 ->         1
diploid_resolve_locus   1356:        17      144        6 ->         7
diploid_resolve_locus   1357:        18      224       15 ->        64
diploid_resolve_locus   1358:         8       75        5 ->         5
diploid_resolve_locus   1359:        10      170        7 ->         7
diploid_resolve_locus   1360:        20      292       15 ->        15
diploid_resolve_locus   1361:         7       77        3 ->         3
diploid_resolve_locus   1362:         3      246        7 ->         7
diploid_resolve_locus   1363:         7       59       11 ->        11
diploid_resolve_locus   1364:         3      182        7 ->        10
diploid_resolve_locus   1365:        13      292       23 ->        35
diploid_resolve_locus   1366:         2       44        3 ->         3
diploid_resolve_locus   1367:        12       62        5 ->         8
diploid_resolve_locus   1368:         2      280        4 ->         4
diploid_resolve_locus   1369:         7      112        3 ->         3
diploid_resolve_locus   1370:         4       87        4 ->         4
diploid_resolve_locus   1371:        20      148        6 ->        22
diploid_resolve_locus   1372:        20      120        5 ->         6
diploid_resolve_locus   1373:         2      260        3 ->         3
diploid_resolve_locus   1374:         2      153        4 ->         5
diploid_resolve_locus   1375:         2       65        3 ->         3
diploid_resolve_locus   1376:         5      282       18 ->        32
diploid_resolve_locus   1377:        20      151        2 ->         2
diploid_resolve_locus   1378:        13      267        9 ->         9
diploid_resolve_locus   1379:         8      281       14 ->        26
diploid_resolve_locus   1380:         8      280       17 ->        23
diploid_resolve_locus   1381:         2      345        6 ->         6
diploid_resolve_locus   1382:         5      137        8 ->        11
diploid_resolve_locus   1383:        12      163       11 ->        54
diploid_resolve_locus   1384:         2      415        4 ->         5
diploid_resolve_locus   1385:        16       60        2 ->         2
diploid_resolve_locus   1386:         2      287        4 ->         4
diploid_resolve_locus   1387:         2      279        4 ->         4
diploid_resolve_locus   1388:         3       99        1 ->         1
diploid_resolve_locus   1389:         9      123        4 ->         4
diploid_resolve_locus   1390:         9      153       16 ->        35
diploid_resolve_locus   1391:         3      170        6 ->         7
diploid_resolve_locus   1392:         2      282        6 ->         6
diploid_resolve_locus   1393:         2      270        8 ->        11
diploid_resolve_locus   1394:         3      107        2 ->         2
diploid_resolve_locus   1395:        19       78        5 ->         6
diploid_resolve_locus   1396:        18       61        5 ->         8
diploid_resolve_locus   1397:        20      135        6 ->         6
diploid_resolve_locus   1398:        20      146       10 ->        14
diploid_resolve_locus   1399:         3       59        1 ->         1
diploid_resolve_locus   1400:         4       72        3 ->         3
diploid_resolve_locus   1401:         5       96        8 ->        10
diploid_resolve_locus   1402:         9      167        9 ->        17
diploid_resolve_locus   1403:         5      233        7 ->         7
diploid_resolve_locus   1404:         6       84        3 ->         3
diploid_resolve_locus   1405:         2      255        5 ->         5
diploid_resolve_locus   1406:         2       72        2 ->         2
diploid_resolve_locus   1407:         3       55        2 ->         2
diploid_resolve_locus   1408:         5      256        8 ->        12
diploid_resolve_locus   1409:         6       58        2 ->         2
diploid_resolve_locus   1410:        19      168       11 ->        14
diploid_resolve_locus   1411:         2      123        3 ->         3
diploid_resolve_locus   1412:         2      178        6 ->         7
diploid_resolve_locus   1413:         4       90        9 ->        10
diploid_resolve_locus   1414:        17      377       19 ->        36
diploid_resolve_locus   1415:         2      205        1 ->         1
diploid_resolve_locus   1416:        11      100        8 ->        10
diploid_resolve_locus   1417:         3      145        2 ->         2
diploid_resolve_locus   1418:        20      139        5 ->        10
diploid_resolve_locus   1419:         5      276       10 ->        13
diploid_resolve_locus   1420:         8      251        8 ->        24
diploid_resolve_locus   1421:        19      165        6 ->         8
diploid_resolve_locus   1422:         7      515       15 ->        19
diploid_resolve_locus   1423:         3      158        2 ->         2
diploid_resolve_locus   1424:        20      354       21 ->        42
diploid_resolve_locus   1425:        12      197        3 ->         3
diploid_resolve_locus   1426:        20      132        4 ->        15
diploid_resolve_locus   1427:         5      286       11 ->        11
diploid_resolve_locus   1428:         5       92        6 ->         7
diploid_resolve_locus   1429:         7      282       10 ->        11
diploid_resolve_locus   1430:        18      227       16 ->        20
diploid_resolve_locus   1431:        11      164        5 ->         5
diploid_resolve_locus   1432:         2      273        3 ->         3
diploid_resolve_locus   1433:         5      144        7 ->         8
diploid_resolve_locus   1434:         6      257        7 ->         7
diploid_resolve_locus   1435:        17       87        4 ->         4
diploid_resolve_locus   1436:         2      136        3 ->         3
diploid_resolve_locus   1437:         2      231        2 ->         2
diploid_resolve_locus   1438:        20       72        3 ->         3
diploid_resolve_locus   1439:         7      116        3 ->         3
diploid_resolve_locus   1440:         9      282       10 ->        10
diploid_resolve_locus   1441:         7      145       14 ->        22
diploid_resolve_locus   1442:        11       66        3 ->         3
diploid_resolve_locus   1443:         4      242        4 ->         4
diploid_resolve_locus   1444:        19      152        3 ->         4
diploid_resolve_locus   1445:         7       64        1 ->         1
ajan_BABY6724 -> ajan (diploid=1)
ajan_DW655 -> ajan (diploid=1)
ajan_DW663 -> ajan (diploid=1)
ajan_esa36 -> ajan (diploid=1)
ajan_wdb38 -> ajan (diploid=1)
ajan_ODP48916 -> ajan (diploid=1)
ajancf_SLM01 -> ajan (diploid=1)
ajancf_SLM05 -> ajan (diploid=1)
ajancf_SLM10 -> ajan (diploid=1)
alas_BABY422 -> alas (diploid=1)
alas_BABY4577 -> alas (diploid=1)
alas_BABY6558 -> alas (diploid=1)
alas_DW641 -> alas (diploid=1)
alas_DW646 -> alas (diploid=1)
alas_ODP43138 -> alas (diploid=1)
alas_ODP7414 -> alas (diploid=1)
alas_ODP7415 -> alas (diploid=1)
alas_ODP7424 -> alas (diploid=1)
alas_ODP7429 -> alas (diploid=1)
alas_ODP7432 -> alas (diploid=1)


ajan_BABY6724.1 -> ajan (diploid=1)
ajan_BABY6724.2 -> ajan (diploid=1)
ajan_DW655.1 -> ajan (diploid=1)
ajan_DW655.2 -> ajan (diploid=1)
ajan_DW663.1 -> ajan (diploid=1)
ajan_DW663.2 -> ajan (diploid=1)
ajan_esa36.1 -> ajan (diploid=1)
ajan_esa36.2 -> ajan (diploid=1)
ajan_wdb38.1 -> ajan (diploid=1)
ajan_wdb38.2 -> ajan (diploid=1)
ajan_ODP48916.1 -> ajan (diploid=1)
ajan_ODP48916.2 -> ajan (diploid=1)
ajancf_SLM01.1 -> ajan (diploid=1)
ajancf_SLM01.2 -> ajan (diploid=1)
ajancf_SLM05.1 -> ajan (diploid=1)
ajancf_SLM05.2 -> ajan (diploid=1)
ajancf_SLM10.1 -> ajan (diploid=1)
ajancf_SLM10.2 -> ajan (diploid=1)
alas_BABY422.1 -> alas (diploid=1)
alas_BABY422.2 -> alas (diploid=1)
alas_BABY4577.1 -> alas (diploid=1)
alas_BABY4577.2 -> alas (diploid=1)
alas_BABY6558.1 -> alas (diploid=1)
alas_BABY6558.2 -> alas (diploid=1)
alas_DW641.1 -> alas (diploid=1)
alas_DW641.2 -> alas (diploid=1)
alas_DW646.1 -> alas (diploid=1)
alas_DW646.2 -> alas (diploid=1)
alas_ODP43138.1 -> alas (diploid=1)
alas_ODP43138.2 -> alas (diploid=1)
alas_ODP7414.1 -> alas (diploid=1)
alas_ODP7414.2 -> alas (diploid=1)
alas_ODP7415.1 -> alas (diploid=1)
alas_ODP7415.2 -> alas (diploid=1)
alas_ODP7424.1 -> alas (diploid=1)
alas_ODP7424.2 -> alas (diploid=1)
alas_ODP7429.1 -> alas (diploid=1)
alas_ODP7429.2 -> alas (diploid=1)
alas_ODP7432.1 -> alas (diploid=1)
alas_ODP7432.2 -> alas (diploid=1)

Summary of alignments *after* phasing sequences:
 Locus | Model | Sequences | Length | Ambiguous sites | Compressed | Base freqs 
-------+-------+-----------+--------+-----------------+------------+------------
     1 |  JC69 |        38 |    155 |               2 |          3 |      Fixed 
     2 |  JC69 |         8 |    154 |               0 |          1 |      Fixed 
     3 |  JC69 |         4 |    142 |              17 |          4 |      Fixed 
     4 |  JC69 |        40 |    562 |             235 |         18 |      Fixed 
     5 |  JC69 |        36 |    381 |              19 |         12 |      Fixed 
     6 |  JC69 |        40 |    198 |              92 |          2 |      Fixed 
     7 |  JC69 |        40 |    143 |               1 |          2 |      Fixed 
     8 |  JC69 |         4 |     62 |               0 |          1 |      Fixed 
     9 |  JC69 |        40 |     66 |               4 |          3 |      Fixed 
    10 |  JC69 |        32 |     87 |               2 |          3 |      Fixed 
    11 |  JC69 |        40 |    741 |              73 |         20 |      Fixed 
    12 |  JC69 |        10 |    397 |             122 |          5 |      Fixed 
    13 |  JC69 |        20 |    231 |              92 |          9 |      Fixed 
    14 |  JC69 |        40 |    187 |               1 |          2 |      Fixed 
    15 |  JC69 |        32 |     74 |               1 |          2 |      Fixed 
    16 |  JC69 |        10 |    109 |               0 |          1 |      Fixed 
    17 |  JC69 |        14 |    204 |               3 |          3 |      Fixed 
    18 |  JC69 |        38 |    629 |             519 |         19 |      Fixed 
    19 |  JC69 |        40 |    292 |              89 |         21 |      Fixed 
    20 |  JC69 |        12 |    434 |             168 |         12 |      Fixed 
    21 |  JC69 |        30 |    156 |               1 |          2 |      Fixed 
    22 |  JC69 |        40 |    432 |             125 |         11 |      Fixed 
    23 |  JC69 |        34 |     84 |               2 |          3 |      Fixed 
    24 |  JC69 |        38 |    186 |               4 |          5 |      Fixed 
    25 |  JC69 |        34 |    409 |             169 |         30 |      Fixed 
    26 |  JC69 |        28 |    130 |               1 |          3 |      Fixed 
    27 |  JC69 |        38 |     56 |               1 |          2 |      Fixed 
    28 |  JC69 |        36 |    235 |               6 |          8 |      Fixed 
    29 |  JC69 |        32 |    113 |               4 |          4 |      Fixed 
    30 |  JC69 |        32 |    288 |              20 |         20 |      Fixed 
    31 |  JC69 |         6 |    268 |               5 |          4 |      Fixed 
    32 |  JC69 |        36 |    493 |             230 |         14 |      Fixed 
    33 |  JC69 |        32 |     82 |               1 |          2 |      Fixed 
    34 |  JC69 |        36 |    485 |             485 |        192 |      Fixed 
    35 |  JC69 |         4 |    199 |               0 |          1 |      Fixed 
    36 |  JC69 |        40 |    225 |               6 |          7 |      Fixed 
    37 |  JC69 |        38 |    502 |             354 |         23 |      Fixed 
    38 |  JC69 |        18 |    279 |               1 |          2 |      Fixed 
    39 |  JC69 |        22 |    230 |               3 |          7 |      Fixed 
    40 |  JC69 |        14 |    281 |             117 |         16 |      Fixed 
    41 |  JC69 |        14 |    212 |              17 |          7 |      Fixed 
    42 |  JC69 |        14 |    406 |             134 |          9 |      Fixed 
    43 |  JC69 |        10 |    275 |              65 |         11 |      Fixed 
    44 |  JC69 |        20 |    141 |              36 |         39 |      Fixed 
    45 |  JC69 |        38 |    294 |               3 |          4 |      Fixed 
    46 |  JC69 |         6 |    273 |               5 |          5 |      Fixed 
    47 |  JC69 |        38 |    278 |               8 |          6 |      Fixed 
    48 |  JC69 |        36 |     99 |               8 |          3 |      Fixed 
    49 |  JC69 |         4 |    282 |              60 |          5 |      Fixed 
    50 |  JC69 |        40 |    152 |               1 |          2 |      Fixed 
    51 |  JC69 |        28 |    114 |              49 |          4 |      Fixed 
    52 |  JC69 |         8 |    271 |               8 |          5 |      Fixed 
    53 |  JC69 |        26 |    619 |             463 |         14 |      Fixed 
    54 |  JC69 |         4 |    278 |             106 |          5 |      Fixed 
    55 |  JC69 |        32 |     81 |               6 |         10 |      Fixed 
    56 |  JC69 |         8 |    257 |               6 |          4 |      Fixed 
    57 |  JC69 |         8 |    267 |               8 |          6 |      Fixed 
    58 |  JC69 |        16 |    194 |              18 |          6 |      Fixed 
    59 |  JC69 |        36 |     66 |               0 |          1 |      Fixed 
    60 |  JC69 |        36 |     98 |               6 |          4 |      Fixed 
    61 |  JC69 |        24 |    408 |              10 |          8 |      Fixed 
    62 |  JC69 |         8 |    174 |               5 |          6 |      Fixed 
    63 |  JC69 |         4 |    251 |              40 |          6 |      Fixed 
    64 |  JC69 |        12 |    117 |               0 |          1 |      Fixed 
    65 |  JC69 |        26 |    128 |               5 |         18 |      Fixed 
    66 |  JC69 |         8 |    280 |              34 |         24 |      Fixed 
    67 |  JC69 |        40 |    112 |               5 |         10 |      Fixed 
    68 |  JC69 |         8 |    282 |             148 |          9 |      Fixed 
    69 |  JC69 |        20 |     41 |               3 |          2 |      Fixed 
    70 |  JC69 |        36 |    216 |              25 |         11 |      Fixed 
    71 |  JC69 |        32 |    516 |             249 |         35 |      Fixed 
    72 |  JC69 |         8 |    339 |               3 |          3 |      Fixed 
    73 |  JC69 |        22 |    283 |              48 |         21 |      Fixed 
    74 |  JC69 |        40 |    459 |               4 |          6 |      Fixed 
    75 |  JC69 |        12 |    130 |               0 |          2 |      Fixed 
    76 |  JC69 |         4 |     94 |               0 |          1 |      Fixed 
    77 |  JC69 |         8 |    248 |              31 |         14 |      Fixed 
    78 |  JC69 |         6 |     65 |               0 |          1 |      Fixed 
    79 |  JC69 |        32 |     64 |               4 |          5 |      Fixed 
    80 |  JC69 |         4 |    154 |              55 |          3 |      Fixed 
    81 |  JC69 |        34 |    126 |               9 |          6 |      Fixed 
    82 |  JC69 |        10 |    281 |              36 |          9 |      Fixed 
    83 |  JC69 |         4 |    292 |              30 |          5 |      Fixed 
    84 |  JC69 |        12 |    500 |             240 |         11 |      Fixed 
    85 |  JC69 |        40 |     95 |               4 |          6 |      Fixed 
    86 |  JC69 |         4 |    190 |              10 |          4 |      Fixed 
    87 |  JC69 |        38 |    149 |               3 |          4 |      Fixed 
    88 |  JC69 |        10 |    195 |              57 |          9 |      Fixed 
    89 |  JC69 |        34 |    263 |              18 |         13 |      Fixed 
    90 |  JC69 |        40 |    349 |              88 |         13 |      Fixed 
    91 |  JC69 |        38 |     84 |               3 |          4 |      Fixed 
    92 |  JC69 |        36 |    151 |              12 |          7 |      Fixed 
    93 |  JC69 |        36 |    387 |              19 |         31 |      Fixed 
    94 |  JC69 |        40 |    213 |              16 |         16 |      Fixed 
    95 |  JC69 |         4 |    282 |              10 |          5 |      Fixed 
    96 |  JC69 |        38 |    113 |               3 |          4 |      Fixed 
    97 |  JC69 |         4 |     54 |              18 |          3 |      Fixed 
    98 |  JC69 |        40 |    123 |               4 |          4 |      Fixed 
    99 |  JC69 |         6 |    285 |              19 |          9 |      Fixed 
   100 |  JC69 |        40 |    128 |               2 |          3 |      Fixed 
   101 |  JC69 |        40 |    275 |              16 |         27 |      Fixed 
   102 |  JC69 |        40 |    542 |             282 |         39 |      Fixed 
   103 |  JC69 |        20 |    183 |               4 |          4 |      Fixed 
   104 |  JC69 |         4 |    282 |              10 |          6 |      Fixed 
   105 |  JC69 |        12 |    155 |               0 |          1 |      Fixed 
   106 |  JC69 |        40 |    130 |               3 |          5 |      Fixed 
   107 |  JC69 |        16 |    129 |               5 |          4 |      Fixed 
   108 |  JC69 |        40 |     77 |               0 |          1 |      Fixed 
   109 |  JC69 |        36 |     90 |               5 |          6 |      Fixed 
   110 |  JC69 |        40 |    255 |              13 |         10 |      Fixed 
   111 |  JC69 |        40 |    211 |               1 |          2 |      Fixed 
   112 |  JC69 |        40 |    114 |               2 |          3 |      Fixed 
   113 |  JC69 |         6 |    562 |             292 |          6 |      Fixed 
   114 |  JC69 |        36 |    193 |               3 |          5 |      Fixed 
   115 |  JC69 |         8 |    285 |              31 |         10 |      Fixed 
   116 |  JC69 |        30 |     76 |               3 |          4 |      Fixed 
   117 |  JC69 |        38 |    127 |              25 |         10 |      Fixed 
   118 |  JC69 |        28 |    132 |               1 |          2 |      Fixed 
   119 |  JC69 |        14 |    101 |              24 |          8 |      Fixed 
   120 |  JC69 |        12 |    250 |              48 |         10 |      Fixed 
   121 |  JC69 |        20 |    285 |              25 |         14 |      Fixed 
   122 |  JC69 |        24 |     56 |               1 |          2 |      Fixed 
   123 |  JC69 |         6 |     58 |              28 |          2 |      Fixed 
   124 |  JC69 |         6 |    274 |              10 |          5 |      Fixed 
   125 |  JC69 |        10 |    172 |               2 |          4 |      Fixed 
   126 |  JC69 |         6 |    277 |              84 |          5 |      Fixed 
   127 |  JC69 |        18 |    282 |              15 |         12 |      Fixed 
   128 |  JC69 |        40 |     72 |               5 |          4 |      Fixed 
   129 |  JC69 |        36 |    187 |              51 |          4 |      Fixed 
   130 |  JC69 |        30 |    292 |              17 |         12 |      Fixed 
   131 |  JC69 |        18 |    272 |              13 |         10 |      Fixed 
   132 |  JC69 |        38 |    216 |               5 |          7 |      Fixed 
   133 |  JC69 |        40 |     69 |               2 |          4 |      Fixed 
   134 |  JC69 |         4 |    171 |               0 |          1 |      Fixed 
   135 |  JC69 |        40 |     86 |               0 |          1 |      Fixed 
   136 |  JC69 |        40 |    309 |             114 |         10 |      Fixed 
   137 |  JC69 |        10 |     61 |               3 |          4 |      Fixed 
   138 |  JC69 |        40 |     52 |               1 |          2 |      Fixed 
   139 |  JC69 |        40 |    116 |               1 |          2 |      Fixed 
   140 |  JC69 |        40 |    356 |              31 |         19 |      Fixed 
   141 |  JC69 |        40 |     75 |               2 |          3 |      Fixed 
   142 |  JC69 |         8 |    282 |              14 |          8 |      Fixed 
   143 |  JC69 |        32 |    170 |               1 |          2 |      Fixed 
   144 |  JC69 |        24 |    260 |             125 |         10 |      Fixed 
   145 |  JC69 |         8 |    280 |               9 |          5 |      Fixed 
   146 |  JC69 |        36 |    291 |              66 |         19 |      Fixed 
   147 |  JC69 |        40 |     93 |               2 |          3 |      Fixed 
   148 |  JC69 |         4 |    277 |              12 |          4 |      Fixed 
   149 |  JC69 |         4 |    111 |               0 |          1 |      Fixed 
   150 |  JC69 |        38 |    444 |             192 |         12 |      Fixed 
   151 |  JC69 |        16 |    485 |             226 |          6 |      Fixed 
   152 |  JC69 |         4 |    273 |              14 |          6 |      Fixed 
   153 |  JC69 |        40 |    946 |             180 |         16 |      Fixed 
   154 |  JC69 |        36 |    270 |              19 |         29 |      Fixed 
   155 |  JC69 |         8 |    119 |               0 |          1 |      Fixed 
   156 |  JC69 |        30 |    220 |              32 |         34 |      Fixed 
   157 |  JC69 |        36 |     93 |               4 |         11 |      Fixed 
   158 |  JC69 |        36 |    124 |              24 |         19 |      Fixed 
   159 |  JC69 |        14 |    161 |              65 |          8 |      Fixed 
   160 |  JC69 |        36 |     72 |              10 |         10 |      Fixed 
   161 |  JC69 |         6 |    280 |               7 |          6 |      Fixed 
   162 |  JC69 |        24 |    132 |               2 |          3 |      Fixed 
   163 |  JC69 |        40 |    146 |               7 |         10 |      Fixed 
   164 |  JC69 |         4 |    146 |              13 |          4 |      Fixed 
   165 |  JC69 |        40 |     91 |               3 |          3 |      Fixed 
   166 |  JC69 |        38 |    140 |               2 |          4 |      Fixed 
   167 |  JC69 |        34 |    510 |              20 |         29 |      Fixed 
   168 |  JC69 |        38 |     71 |               8 |          5 |      Fixed 
   169 |  JC69 |        30 |    213 |              12 |          7 |      Fixed 
   170 |  JC69 |        40 |    164 |               1 |          2 |      Fixed 
   171 |  JC69 |        12 |    157 |               3 |          6 |      Fixed 
   172 |  JC69 |        12 |     56 |               4 |          3 |      Fixed 
   173 |  JC69 |        40 |    163 |               2 |          4 |      Fixed 
   174 |  JC69 |        12 |    414 |             211 |         11 |      Fixed 
   175 |  JC69 |         6 |     60 |               0 |          1 |      Fixed 
   176 |  JC69 |        40 |     84 |               1 |          2 |      Fixed 
   177 |  JC69 |        40 |    540 |             267 |         23 |      Fixed 
   178 |  JC69 |        14 |    414 |             166 |          7 |      Fixed 
   179 |  JC69 |        10 |    218 |               2 |          3 |      Fixed 
   180 |  JC69 |        32 |    312 |             200 |         15 |      Fixed 
   181 |  JC69 |        28 |    110 |               1 |          2 |      Fixed 
   182 |  JC69 |        40 |     62 |               5 |          3 |      Fixed 
   183 |  JC69 |         6 |    278 |               2 |          3 |      Fixed 
   184 |  JC69 |        32 |     82 |               3 |          5 |      Fixed 
   185 |  JC69 |        12 |     58 |               0 |          1 |      Fixed 
   186 |  JC69 |         4 |    270 |              51 |          6 |      Fixed 
   187 |  JC69 |        20 |    115 |               1 |          2 |      Fixed 
   188 |  JC69 |        10 |    280 |              82 |         15 |      Fixed 
   189 |  JC69 |         8 |    285 |              28 |          6 |      Fixed 
   190 |  JC69 |        40 |    148 |               4 |          5 |      Fixed 
   191 |  JC69 |        28 |    270 |              13 |         10 |      Fixed 
   192 |  JC69 |        12 |    155 |               0 |          1 |      Fixed 
   193 |  JC69 |        22 |    214 |               5 |          7 |      Fixed 
   194 |  JC69 |        22 |    171 |              13 |          5 |      Fixed 
   195 |  JC69 |         6 |     74 |               0 |          1 |      Fixed 
   196 |  JC69 |        14 |    412 |             169 |          9 |      Fixed 
   197 |  JC69 |        40 |    199 |              91 |         10 |      Fixed 
   198 |  JC69 |        36 |    161 |              16 |         11 |      Fixed 
   199 |  JC69 |        40 |    146 |               6 |          3 |      Fixed 
   200 |  JC69 |         4 |    161 |               0 |          1 |      Fixed 
   201 |  JC69 |         6 |    446 |             260 |         10 |      Fixed 
   202 |  JC69 |        24 |    284 |              16 |         10 |      Fixed 
   203 |  JC69 |         6 |    235 |               8 |          3 |      Fixed 
   204 |  JC69 |        28 |    292 |              24 |         16 |      Fixed 
   205 |  JC69 |        30 |    292 |              21 |         42 |      Fixed 
   206 |  JC69 |        38 |     66 |               3 |          8 |      Fixed 
   207 |  JC69 |        18 |    186 |               1 |          2 |      Fixed 
   208 |  JC69 |        28 |     60 |               1 |          2 |      Fixed 
   209 |  JC69 |        40 |    148 |              11 |          9 |      Fixed 
   210 |  JC69 |        14 |    281 |               9 |          8 |      Fixed 
   211 |  JC69 |        24 |    274 |              17 |         18 |      Fixed 
   212 |  JC69 |        38 |     76 |               3 |          5 |      Fixed 
   213 |  JC69 |        36 |    118 |              50 |          7 |      Fixed 
   214 |  JC69 |        28 |    431 |             292 |         34 |      Fixed 
   215 |  JC69 |        16 |    256 |              44 |         13 |      Fixed 
   216 |  JC69 |        40 |    154 |               2 |          3 |      Fixed 
   217 |  JC69 |        24 |     68 |               3 |          2 |      Fixed 
   218 |  JC69 |        28 |    105 |               7 |          8 |      Fixed 
   219 |  JC69 |        40 |    244 |              95 |         42 |      Fixed 
   220 |  JC69 |        14 |    127 |               4 |          4 |      Fixed 
   221 |  JC69 |         4 |    466 |             157 |          5 |      Fixed 
   222 |  JC69 |        22 |    193 |               1 |          3 |      Fixed 
   223 |  JC69 |         8 |    428 |             156 |          6 |      Fixed 
   224 |  JC69 |         6 |    248 |               4 |          5 |      Fixed 
   225 |  JC69 |        32 |    371 |             280 |         57 |      Fixed 
   226 |  JC69 |        36 |     62 |               1 |          2 |      Fixed 
   227 |  JC69 |        20 |     78 |               3 |          6 |      Fixed 
   228 |  JC69 |        30 |     76 |               2 |          3 |      Fixed 
   229 |  JC69 |        40 |    292 |              24 |         22 |      Fixed 
   230 |  JC69 |        28 |    279 |              60 |         18 |      Fixed 
   231 |  JC69 |        36 |     62 |               1 |          2 |      Fixed 
   232 |  JC69 |        12 |    209 |              30 |         13 |      Fixed 
   233 |  JC69 |        12 |    286 |              19 |         12 |      Fixed 
   234 |  JC69 |        36 |    591 |             445 |         31 |      Fixed 
   235 |  JC69 |        14 |    129 |               0 |          1 |      Fixed 
   236 |  JC69 |        38 |    236 |              12 |         77 |      Fixed 
   237 |  JC69 |         6 |    264 |               7 |          5 |      Fixed 
   238 |  JC69 |        40 |     75 |               1 |          2 |      Fixed 
   239 |  JC69 |        24 |    222 |               6 |          6 |      Fixed 
   240 |  JC69 |        10 |    280 |              16 |          8 |      Fixed 
   241 |  JC69 |        40 |    186 |               4 |          5 |      Fixed 
   242 |  JC69 |        20 |    280 |              14 |          9 |      Fixed 
   243 |  JC69 |         4 |    269 |              69 |          7 |      Fixed 
   244 |  JC69 |        40 |    230 |               1 |          2 |      Fixed 
   245 |  JC69 |        40 |    121 |               2 |          3 |      Fixed 
   246 |  JC69 |        26 |    232 |               6 |          9 |      Fixed 
   247 |  JC69 |        32 |    104 |               0 |          1 |      Fixed 
   248 |  JC69 |        40 |    171 |               4 |          3 |      Fixed 
   249 |  JC69 |        26 |    176 |               2 |          3 |      Fixed 
   250 |  JC69 |        38 |    199 |              11 |         17 |      Fixed 
   251 |  JC69 |        20 |    816 |             716 |         26 |      Fixed 
   252 |  JC69 |        12 |    282 |              18 |         15 |      Fixed 
   253 |  JC69 |        36 |    146 |               1 |          4 |      Fixed 
   254 |  JC69 |        40 |    180 |               3 |          4 |      Fixed 
   255 |  JC69 |        36 |    387 |             387 |         19 |      Fixed 
   256 |  JC69 |        40 |    155 |              77 |         10 |      Fixed 
   257 |  JC69 |         8 |    277 |               9 |          6 |      Fixed 
   258 |  JC69 |        24 |    120 |               1 |          3 |      Fixed 
   259 |  JC69 |         6 |    277 |              21 |          8 |      Fixed 
   260 |  JC69 |        40 |    152 |               3 |          6 |      Fixed 
   261 |  JC69 |        20 |    505 |             260 |         17 |      Fixed 
   262 |  JC69 |        12 |    290 |              30 |          7 |      Fixed 
   263 |  JC69 |        36 |    292 |              27 |         37 |      Fixed 
   264 |  JC69 |        40 |    110 |               5 |         12 |      Fixed 
   265 |  JC69 |        16 |     76 |               0 |          1 |      Fixed 
   266 |  JC69 |        18 |    281 |             137 |         14 |      Fixed 
   267 |  JC69 |        30 |    106 |              10 |          8 |      Fixed 
   268 |  JC69 |        36 |    232 |               2 |          3 |      Fixed 
   269 |  JC69 |         4 |    187 |               5 |          3 |      Fixed 
   270 |  JC69 |         6 |    274 |               4 |          5 |      Fixed 
   271 |  JC69 |        28 |     89 |               8 |         14 |      Fixed 
   272 |  JC69 |         4 |    282 |              13 |          3 |      Fixed 
   273 |  JC69 |        20 |    282 |              13 |         10 |      Fixed 
   274 |  JC69 |        14 |    284 |              23 |         13 |      Fixed 
   275 |  JC69 |        38 |    164 |               5 |          9 |      Fixed 
   276 |  JC69 |         8 |    284 |              20 |          7 |      Fixed 
   277 |  JC69 |        20 |    147 |              15 |         12 |      Fixed 
   278 |  JC69 |         4 |     95 |               2 |          3 |      Fixed 
   279 |  JC69 |        40 |    301 |               7 |          6 |      Fixed 
   280 |  JC69 |        26 |     40 |               2 |          2 |      Fixed 
   281 |  JC69 |        40 |     94 |              13 |         37 |      Fixed 
   282 |  JC69 |        10 |    510 |              92 |          8 |      Fixed 
   283 |  JC69 |        40 |    189 |               0 |          1 |      Fixed 
   284 |  JC69 |        40 |    148 |               1 |          2 |      Fixed 
   285 |  JC69 |        40 |    151 |               2 |          3 |      Fixed 
   286 |  JC69 |        28 |    213 |             102 |          9 |      Fixed 
   287 |  JC69 |        26 |     71 |               6 |          3 |      Fixed 
   288 |  JC69 |        34 |    121 |               3 |          4 |      Fixed 
   289 |  JC69 |        40 |     92 |               1 |          2 |      Fixed 
   290 |  JC69 |        14 |    281 |              21 |         12 |      Fixed 
   291 |  JC69 |        22 |    517 |             270 |         17 |      Fixed 
   292 |  JC69 |        40 |     77 |               2 |          3 |      Fixed 
   293 |  JC69 |        32 |    255 |              14 |         13 |      Fixed 
   294 |  JC69 |        36 |    173 |              31 |         28 |      Fixed 
   295 |  JC69 |        36 |    291 |              27 |         23 |      Fixed 
   296 |  JC69 |        40 |    156 |               1 |          2 |      Fixed 
   297 |  JC69 |        38 |    841 |             765 |         32 |      Fixed 
   298 |  JC69 |        16 |    282 |              25 |         17 |      Fixed 
   299 |  JC69 |        40 |    210 |               2 |          3 |      Fixed 
   300 |  JC69 |        40 |    149 |               1 |          2 |      Fixed 
   301 |  JC69 |        38 |    292 |              25 |         15 |      Fixed 
   302 |  JC69 |        22 |    149 |               1 |          2 |      Fixed 
   303 |  JC69 |         6 |    259 |               6 |          2 |      Fixed 
   304 |  JC69 |        18 |     66 |               0 |          1 |      Fixed 
   305 |  JC69 |        30 |    149 |               4 |         48 |      Fixed 
   306 |  JC69 |        12 |    352 |               6 |          6 |      Fixed 
   307 |  JC69 |         4 |    280 |               3 |          2 |      Fixed 
   308 |  JC69 |        22 |    259 |              14 |          9 |      Fixed 
   309 |  JC69 |        16 |    475 |             206 |          9 |      Fixed 
   310 |  JC69 |        38 |    321 |             317 |         19 |      Fixed 
   311 |  JC69 |        36 |    285 |              59 |         18 |      Fixed 
   312 |  JC69 |         6 |    217 |               7 |          6 |      Fixed 
   313 |  JC69 |        36 |     66 |               8 |          5 |      Fixed 
   314 |  JC69 |        18 |    201 |              11 |          6 |      Fixed 
   315 |  JC69 |        30 |    122 |               8 |          6 |      Fixed 
   316 |  JC69 |        16 |    281 |              44 |         12 |      Fixed 
   317 |  JC69 |        38 |    292 |              16 |          9 |      Fixed 
   318 |  JC69 |        40 |    268 |               5 |          8 |      Fixed 
   319 |  JC69 |         4 |    278 |              51 |          5 |      Fixed 
   320 |  JC69 |         8 |    267 |               4 |          4 |      Fixed 
   321 |  JC69 |        40 |    173 |               9 |         24 |      Fixed 
   322 |  JC69 |        24 |     54 |               1 |          2 |      Fixed 
   323 |  JC69 |         4 |    280 |               5 |          4 |      Fixed 
   324 |  JC69 |         4 |    148 |              18 |          3 |      Fixed 
   325 |  JC69 |        40 |    125 |               6 |          5 |      Fixed 
   326 |  JC69 |        16 |    361 |             154 |         14 |      Fixed 
   327 |  JC69 |        40 |    351 |             232 |         11 |      Fixed 
   328 |  JC69 |        28 |     56 |               1 |          2 |      Fixed 
   329 |  JC69 |        34 |    499 |              55 |         25 |      Fixed 
   330 |  JC69 |        18 |    281 |              22 |         14 |      Fixed 
   331 |  JC69 |        20 |    192 |               5 |          6 |      Fixed 
   332 |  JC69 |        36 |     91 |               1 |          2 |      Fixed 
   333 |  JC69 |        18 |    557 |             143 |         13 |      Fixed 
   334 |  JC69 |        40 |    340 |              70 |          6 |      Fixed 
   335 |  JC69 |        34 |    134 |               2 |          3 |      Fixed 
   336 |  JC69 |        40 |    193 |               7 |          8 |      Fixed 
   337 |  JC69 |        40 |    523 |             251 |         31 |      Fixed 
   338 |  JC69 |        16 |    286 |              11 |         10 |      Fixed 
   339 |  JC69 |        34 |    123 |               4 |          5 |      Fixed 
   340 |  JC69 |        14 |    274 |              32 |         31 |      Fixed 
   341 |  JC69 |        38 |     70 |               5 |          4 |      Fixed 
   342 |  JC69 |        38 |    230 |              94 |         12 |      Fixed 
   343 |  JC69 |        40 |    134 |              24 |          6 |      Fixed 
   344 |  JC69 |         8 |    237 |              12 |          5 |      Fixed 
   345 |  JC69 |        40 |    317 |             116 |         22 |      Fixed 
   346 |  JC69 |        10 |     61 |               2 |          3 |      Fixed 
   347 |  JC69 |        36 |     89 |               1 |          2 |      Fixed 
   348 |  JC69 |        40 |    907 |             332 |         45 |      Fixed 
   349 |  JC69 |        38 |     72 |               3 |          2 |      Fixed 
   350 |  JC69 |        12 |    239 |              13 |          8 |      Fixed 
   351 |  JC69 |         4 |    252 |               3 |          3 |      Fixed 
   352 |  JC69 |        40 |    111 |              10 |          8 |      Fixed 
   353 |  JC69 |         6 |    282 |              13 |          5 |      Fixed 
   354 |  JC69 |         6 |     51 |               0 |          1 |      Fixed 
   355 |  JC69 |        26 |    414 |              40 |         45 |      Fixed 
   356 |  JC69 |         4 |    195 |               8 |          6 |      Fixed 
   357 |  JC69 |        38 |    100 |               1 |          2 |      Fixed 
   358 |  JC69 |        40 |    257 |              10 |          6 |      Fixed 
   359 |  JC69 |         8 |    266 |              67 |         14 |      Fixed 
   360 |  JC69 |        16 |    127 |               0 |          1 |      Fixed 
   361 |  JC69 |         4 |     54 |               1 |          2 |      Fixed 
   362 |  JC69 |        28 |    152 |              12 |         21 |      Fixed 
   363 |  JC69 |        16 |    205 |               4 |          5 |      Fixed 
   364 |  JC69 |        40 |    107 |               3 |          4 |      Fixed 
   365 |  JC69 |        26 |    133 |              10 |         10 |      Fixed 
   366 |  JC69 |        40 |    432 |              13 |         64 |      Fixed 
   367 |  JC69 |         4 |    508 |              33 |          6 |      Fixed 
   368 |  JC69 |        40 |     78 |               1 |          2 |      Fixed 
   369 |  JC69 |        14 |    225 |               2 |          3 |      Fixed 
   370 |  JC69 |        38 |    184 |               5 |         29 |      Fixed 
   371 |  JC69 |        24 |    231 |               1 |          2 |      Fixed 
   372 |  JC69 |        30 |    160 |              13 |         15 |      Fixed 
   373 |  JC69 |        40 |    171 |               6 |         70 |      Fixed 
   374 |  JC69 |        10 |    282 |              18 |          9 |      Fixed 
   375 |  JC69 |         6 |     46 |               0 |          1 |      Fixed 
   376 |  JC69 |        38 |    158 |               7 |         56 |      Fixed 
   377 |  JC69 |         8 |    280 |              15 |          7 |      Fixed 
   378 |  JC69 |        12 |    284 |              24 |         30 |      Fixed 
   379 |  JC69 |        14 |    405 |             147 |         12 |      Fixed 
   380 |  JC69 |        24 |    126 |               2 |          3 |      Fixed 
   381 |  JC69 |        38 |    188 |              24 |         13 |      Fixed 
   382 |  JC69 |        40 |    385 |             165 |         41 |      Fixed 
   383 |  JC69 |        40 |    718 |             299 |         25 |      Fixed 
   384 |  JC69 |        38 |    594 |             490 |         25 |      Fixed 
   385 |  JC69 |        40 |    314 |             163 |         36 |      Fixed 
   386 |  JC69 |         4 |    276 |               1 |          2 |      Fixed 
   387 |  JC69 |        14 |    323 |             110 |         13 |      Fixed 
   388 |  JC69 |        30 |    237 |               6 |          5 |      Fixed 
   389 |  JC69 |        36 |    490 |             226 |         36 |      Fixed 
   390 |  JC69 |        40 |    230 |               8 |         11 |      Fixed 
   391 |  JC69 |         4 |    170 |              20 |          3 |      Fixed 
   392 |  JC69 |        36 |    151 |               5 |         14 |      Fixed 
   393 |  JC69 |        20 |    281 |              56 |         18 |      Fixed 
   394 |  JC69 |        40 |    245 |               5 |          5 |      Fixed 
   395 |  JC69 |        38 |    656 |             386 |         33 |      Fixed 
   396 |  JC69 |        40 |    265 |              13 |         25 |      Fixed 
   397 |  JC69 |        38 |    190 |              90 |         12 |      Fixed 
   398 |  JC69 |        40 |    186 |               3 |          4 |      Fixed 
   399 |  JC69 |         4 |     49 |               0 |          1 |      Fixed 
   400 |  JC69 |        40 |    119 |               2 |          3 |      Fixed 
   401 |  JC69 |        26 |    208 |               3 |          3 |      Fixed 
   402 |  JC69 |        40 |    204 |               8 |         98 |      Fixed 
   403 |  JC69 |        36 |    290 |              32 |         74 |      Fixed 
   404 |  JC69 |        20 |    356 |             181 |         17 |      Fixed 
   405 |  JC69 |        38 |    119 |              32 |         60 |      Fixed 
   406 |  JC69 |        38 |     81 |               6 |          8 |      Fixed 
   407 |  JC69 |         4 |    286 |              11 |          6 |      Fixed 
   408 |  JC69 |        22 |    282 |             103 |         24 |      Fixed 
   409 |  JC69 |        38 |     78 |               1 |          2 |      Fixed 
   410 |  JC69 |        38 |    168 |               3 |          4 |      Fixed 
   411 |  JC69 |         6 |     39 |               0 |          1 |      Fixed 
   412 |  JC69 |        18 |    337 |              73 |         19 |      Fixed 
   413 |  JC69 |        34 |    229 |               7 |          9 |      Fixed 
   414 |  JC69 |        38 |    365 |             190 |         11 |      Fixed 
   415 |  JC69 |         4 |    279 |               2 |          2 |      Fixed 
   416 |  JC69 |        40 |    210 |              85 |         14 |      Fixed 
   417 |  JC69 |        16 |    791 |             536 |         30 |      Fixed 
   418 |  JC69 |        40 |    117 |               4 |          7 |      Fixed 
   419 |  JC69 |         8 |     75 |               0 |          3 |      Fixed 
   420 |  JC69 |        14 |    159 |              34 |          5 |      Fixed 
   421 |  JC69 |         8 |    275 |               3 |          4 |      Fixed 
   422 |  JC69 |        32 |    266 |               4 |          4 |      Fixed 
   423 |  JC69 |         6 |     56 |               0 |          1 |      Fixed 
   424 |  JC69 |         6 |    167 |               5 |          3 |      Fixed 
   425 |  JC69 |         8 |    136 |               3 |          7 |      Fixed 
   426 |  JC69 |         8 |    280 |              14 |          8 |      Fixed 
   427 |  JC69 |        40 |    109 |               1 |          2 |      Fixed 
   428 |  JC69 |         4 |    281 |              15 |          5 |      Fixed 
   429 |  JC69 |        10 |    279 |              61 |         12 |      Fixed 
   430 |  JC69 |        12 |     52 |               1 |          2 |      Fixed 
   431 |  JC69 |        38 |    263 |              16 |         12 |      Fixed 
   432 |  JC69 |        12 |    274 |              10 |          8 |      Fixed 
   433 |  JC69 |         6 |    282 |              12 |          3 |      Fixed 
   434 |  JC69 |        36 |    344 |               6 |          9 |      Fixed 
   435 |  JC69 |        40 |    611 |             232 |         26 |      Fixed 
   436 |  JC69 |        20 |    151 |              68 |          7 |      Fixed 
   437 |  JC69 |         4 |     79 |              10 |          3 |      Fixed 
   438 |  JC69 |         4 |    548 |             273 |          8 |      Fixed 
   439 |  JC69 |        30 |     59 |               7 |         18 |      Fixed 
   440 |  JC69 |        18 |    353 |              92 |         16 |      Fixed 
   441 |  JC69 |        34 |    616 |             538 |         21 |      Fixed 
   442 |  JC69 |         4 |    282 |               5 |          2 |      Fixed 
   443 |  JC69 |        10 |    280 |              43 |         10 |      Fixed 
   444 |  JC69 |        14 |    280 |               7 |         10 |      Fixed 
   445 |  JC69 |        16 |    374 |             152 |         11 |      Fixed 
   446 |  JC69 |        26 |    144 |               2 |          2 |      Fixed 
   447 |  JC69 |        40 |    129 |               4 |          5 |      Fixed 
   448 |  JC69 |        30 |    119 |               2 |          2 |      Fixed 
   449 |  JC69 |        40 |    205 |               7 |         11 |      Fixed 
   450 |  JC69 |        26 |    235 |              13 |         13 |      Fixed 
   451 |  JC69 |        40 |    233 |               1 |          2 |      Fixed 
   452 |  JC69 |         6 |    121 |               1 |          3 |      Fixed 
   453 |  JC69 |         4 |     47 |               0 |          1 |      Fixed 
   454 |  JC69 |        40 |    141 |               2 |          3 |      Fixed 
   455 |  JC69 |        40 |    149 |               2 |          5 |      Fixed 
   456 |  JC69 |         4 |     57 |               1 |          2 |      Fixed 
   457 |  JC69 |         6 |    207 |               0 |          1 |      Fixed 
   458 |  JC69 |         4 |    270 |              10 |          5 |      Fixed 
   459 |  JC69 |        24 |    169 |              56 |         23 |      Fixed 
   460 |  JC69 |         6 |    137 |               9 |          3 |      Fixed 
   461 |  JC69 |         4 |    123 |               1 |          2 |      Fixed 
   462 |  JC69 |        22 |    144 |              17 |          4 |      Fixed 
   463 |  JC69 |         8 |    281 |              10 |          7 |      Fixed 
   464 |  JC69 |         8 |     38 |               0 |          1 |      Fixed 
   465 |  JC69 |        38 |    232 |              25 |        503 |      Fixed 
   466 |  JC69 |        26 |    283 |              16 |         12 |      Fixed 
   467 |  JC69 |        40 |    294 |             152 |         12 |      Fixed 
   468 |  JC69 |        36 |    513 |             145 |         24 |      Fixed 
   469 |  JC69 |        40 |    213 |              96 |          7 |      Fixed 
   470 |  JC69 |        36 |    204 |              14 |         11 |      Fixed 
   471 |  JC69 |        40 |    274 |               8 |         11 |      Fixed 
   472 |  JC69 |        12 |    281 |              89 |         16 |      Fixed 
   473 |  JC69 |         6 |     93 |               0 |          1 |      Fixed 
   474 |  JC69 |        40 |    116 |               2 |          3 |      Fixed 
   475 |  JC69 |        18 |    280 |             112 |         20 |      Fixed 
   476 |  JC69 |        40 |    127 |               4 |          6 |      Fixed 
   477 |  JC69 |        40 |    288 |             131 |         14 |      Fixed 
   478 |  JC69 |         8 |    255 |              15 |          8 |      Fixed 
   479 |  JC69 |        40 |    322 |              68 |         26 |      Fixed 
   480 |  JC69 |        40 |    439 |             130 |         12 |      Fixed 
   481 |  JC69 |        40 |    261 |             114 |          9 |      Fixed 
   482 |  JC69 |        36 |     66 |               2 |          3 |      Fixed 
   483 |  JC69 |         4 |    148 |               0 |          1 |      Fixed 
   484 |  JC69 |         4 |    109 |               1 |          3 |      Fixed 
   485 |  JC69 |        38 |    292 |              27 |         28 |      Fixed 
   486 |  JC69 |        38 |    475 |              27 |        130 |      Fixed 
   487 |  JC69 |        34 |    155 |               9 |         50 |      Fixed 
   488 |  JC69 |        12 |    286 |              22 |          9 |      Fixed 
   489 |  JC69 |         4 |     53 |               0 |          1 |      Fixed 
   490 |  JC69 |         6 |    130 |               1 |          2 |      Fixed 
   491 |  JC69 |        10 |    126 |              23 |          3 |      Fixed 
   492 |  JC69 |        34 |    810 |             532 |         26 |      Fixed 
   493 |  JC69 |        32 |    102 |               5 |         36 |      Fixed 
   494 |  JC69 |         6 |    198 |              11 |         13 |      Fixed 
   495 |  JC69 |        14 |    456 |             210 |          7 |      Fixed 
   496 |  JC69 |         4 |    473 |             197 |          4 |      Fixed 
   497 |  JC69 |        28 |     61 |               6 |          4 |      Fixed 
   498 |  JC69 |        36 |     69 |               3 |          3 |      Fixed 
   499 |  JC69 |        30 |    219 |              17 |         29 |      Fixed 
   500 |  JC69 |         8 |    177 |              64 |          4 |      Fixed 
   501 |  JC69 |        18 |    532 |              17 |         21 |      Fixed 
   502 |  JC69 |         8 |     92 |               0 |          1 |      Fixed 
   503 |  JC69 |        40 |    206 |              12 |         20 |      Fixed 
   504 |  JC69 |        22 |    282 |              22 |         19 |      Fixed 
   505 |  JC69 |        32 |     77 |               1 |          2 |      Fixed 
   506 |  JC69 |         6 |     41 |               0 |          1 |      Fixed 
   507 |  JC69 |        26 |    166 |              25 |         10 |      Fixed 
   508 |  JC69 |        40 |    199 |              11 |         10 |      Fixed 
   509 |  JC69 |        30 |    144 |              22 |         22 |      Fixed 
   510 |  JC69 |        20 |    283 |              20 |         25 |      Fixed 
   511 |  JC69 |        36 |     95 |               5 |         12 |      Fixed 
   512 |  JC69 |        40 |     52 |               2 |          3 |      Fixed 
   513 |  JC69 |         8 |     88 |               0 |          1 |      Fixed 
   514 |  JC69 |        16 |    137 |               5 |          7 |      Fixed 
   515 |  JC69 |        14 |    278 |              35 |         19 |      Fixed 
   516 |  JC69 |         6 |    278 |              29 |         11 |      Fixed 
   517 |  JC69 |         6 |    141 |               6 |          5 |      Fixed 
   518 |  JC69 |        40 |     43 |               3 |          4 |      Fixed 
   519 |  JC69 |        38 |     82 |               5 |          8 |      Fixed 
   520 |  JC69 |        30 |     90 |               2 |          2 |      Fixed 
   521 |  JC69 |         4 |     46 |               0 |          1 |      Fixed 
   522 |  JC69 |         4 |    278 |               8 |          3 |      Fixed 
   523 |  JC69 |         4 |    282 |              10 |          4 |      Fixed 
   524 |  JC69 |         4 |    277 |               3 |          4 |      Fixed 
   525 |  JC69 |        40 |    915 |             407 |         37 |      Fixed 
   526 |  JC69 |        30 |    221 |               7 |          8 |      Fixed 
   527 |  JC69 |        34 |     62 |               0 |          1 |      Fixed 
   528 |  JC69 |        40 |    147 |               2 |          3 |      Fixed 
   529 |  JC69 |        40 |    137 |               4 |          5 |      Fixed 
   530 |  JC69 |        14 |    171 |               3 |          4 |      Fixed 
   531 |  JC69 |        34 |    268 |             134 |         16 |      Fixed 
   532 |  JC69 |        16 |    100 |               2 |          3 |      Fixed 
   533 |  JC69 |         4 |     92 |               0 |          1 |      Fixed 
   534 |  JC69 |        40 |    225 |             104 |          7 |      Fixed 
   535 |  JC69 |        18 |    451 |              45 |         17 |      Fixed 
   536 |  JC69 |         8 |    281 |               8 |          7 |      Fixed 
   537 |  JC69 |        22 |    267 |              10 |         10 |      Fixed 
   538 |  JC69 |        34 |    288 |              22 |         18 |      Fixed 
   539 |  JC69 |         8 |    252 |              17 |          6 |      Fixed 
   540 |  JC69 |        16 |    407 |             161 |         15 |      Fixed 
   541 |  JC69 |        38 |     79 |               2 |          3 |      Fixed 
   542 |  JC69 |         4 |    281 |               4 |          4 |      Fixed 
   543 |  JC69 |        26 |    156 |               1 |          4 |      Fixed 
   544 |  JC69 |         6 |    244 |               1 |          3 |      Fixed 
   545 |  JC69 |        40 |    151 |              47 |         17 |      Fixed 
   546 |  JC69 |        10 |    382 |             150 |          9 |      Fixed 
   547 |  JC69 |        10 |    279 |              14 |          9 |      Fixed 
   548 |  JC69 |         8 |    261 |               4 |          4 |      Fixed 
   549 |  JC69 |         8 |    281 |              19 |         18 |      Fixed 
   550 |  JC69 |        36 |    101 |              36 |          9 |      Fixed 
   551 |  JC69 |        40 |    375 |             120 |         20 |      Fixed 
   552 |  JC69 |        34 |     59 |              15 |          4 |      Fixed 
   553 |  JC69 |        40 |    146 |               4 |        132 |      Fixed 
   554 |  JC69 |         6 |     51 |               2 |          3 |      Fixed 
   555 |  JC69 |         4 |     55 |               0 |          2 |      Fixed 
   556 |  JC69 |         4 |    280 |              34 |          5 |      Fixed 
   557 |  JC69 |        38 |    540 |             276 |         25 |      Fixed 
   558 |  JC69 |        40 |    403 |              59 |        133 |      Fixed 
   559 |  JC69 |        40 |    623 |              18 |         17 |      Fixed 
   560 |  JC69 |        10 |    283 |              82 |         18 |      Fixed 
   561 |  JC69 |         4 |     70 |               0 |          1 |      Fixed 
   562 |  JC69 |        18 |    181 |              18 |         51 |      Fixed 
   563 |  JC69 |        34 |    276 |              68 |         12 |      Fixed 
   564 |  JC69 |        30 |    188 |              50 |          4 |      Fixed 
   565 |  JC69 |        32 |    215 |              60 |         16 |      Fixed 
   566 |  JC69 |        20 |    130 |              18 |          4 |      Fixed 
   567 |  JC69 |        40 |    160 |              35 |         17 |      Fixed 
   568 |  JC69 |        40 |     92 |               5 |          8 |      Fixed 
   569 |  JC69 |        20 |     94 |              11 |          8 |      Fixed 
   570 |  JC69 |        26 |    103 |               7 |         11 |      Fixed 
   571 |  JC69 |         4 |    272 |              42 |         10 |      Fixed 
   572 |  JC69 |        14 |    115 |               4 |          5 |      Fixed 
   573 |  JC69 |        40 |     90 |               2 |          4 |      Fixed 
   574 |  JC69 |        26 |    470 |             152 |         15 |      Fixed 
   575 |  JC69 |        38 |    318 |             147 |         49 |      Fixed 
   576 |  JC69 |        40 |    212 |               5 |          6 |      Fixed 
   577 |  JC69 |        38 |    180 |               7 |          6 |      Fixed 
   578 |  JC69 |         4 |    281 |              11 |          4 |      Fixed 
   579 |  JC69 |        26 |    536 |              28 |         25 |      Fixed 
   580 |  JC69 |        22 |     54 |               1 |          2 |      Fixed 
   581 |  JC69 |         8 |    281 |              10 |          6 |      Fixed 
   582 |  JC69 |         6 |    152 |              56 |          5 |      Fixed 
   583 |  JC69 |        16 |    432 |             207 |         16 |      Fixed 
   584 |  JC69 |        40 |    445 |             182 |          8 |      Fixed 
   585 |  JC69 |         6 |     51 |               0 |          1 |      Fixed 
   586 |  JC69 |        40 |    101 |               1 |          2 |      Fixed 
   587 |  JC69 |        40 |     97 |               0 |          1 |      Fixed 
   588 |  JC69 |        18 |    287 |              36 |         16 |      Fixed 
   589 |  JC69 |         4 |    131 |              39 |          3 |      Fixed 
   590 |  JC69 |         6 |    160 |              34 |          6 |      Fixed 
   591 |  JC69 |        12 |    196 |              26 |         11 |      Fixed 
   592 |  JC69 |        40 |    327 |             154 |         20 |      Fixed 
   593 |  JC69 |        22 |    297 |               3 |          4 |      Fixed 
   594 |  JC69 |        30 |    111 |               1 |          2 |      Fixed 
   595 |  JC69 |        36 |    146 |               6 |          5 |      Fixed 
   596 |  JC69 |         6 |    393 |              64 |          9 |      Fixed 
   597 |  JC69 |        26 |    115 |               5 |          7 |      Fixed 
   598 |  JC69 |        40 |    218 |               7 |         11 |      Fixed 
   599 |  JC69 |        32 |    364 |             120 |         30 |      Fixed 
   600 |  JC69 |         6 |    277 |             138 |          4 |      Fixed 
   601 |  JC69 |         6 |     66 |               0 |          2 |      Fixed 
   602 |  JC69 |        10 |    282 |              17 |         16 |      Fixed 
   603 |  JC69 |        18 |    485 |              10 |         26 |      Fixed 
   604 |  JC69 |        18 |    928 |             506 |         23 |      Fixed 
   605 |  JC69 |        14 |    111 |               3 |          4 |      Fixed 
   606 |  JC69 |        40 |    108 |               2 |          4 |      Fixed 
   607 |  JC69 |        28 |    490 |             144 |         27 |      Fixed 
   608 |  JC69 |         6 |    284 |               5 |          5 |      Fixed 
   609 |  JC69 |        12 |    278 |             117 |         17 |      Fixed 
   610 |  JC69 |        40 |     79 |               2 |          3 |      Fixed 
   611 |  JC69 |         6 |    171 |               0 |          1 |      Fixed 
   612 |  JC69 |         4 |     96 |               1 |          2 |      Fixed 
   613 |  JC69 |        34 |    289 |             125 |          8 |      Fixed 
   614 |  JC69 |        34 |    292 |              27 |         23 |      Fixed 
   615 |  JC69 |        30 |    314 |             123 |          8 |      Fixed 
   616 |  JC69 |        16 |     83 |               1 |          2 |      Fixed 
   617 |  JC69 |        40 |    141 |               2 |          3 |      Fixed 
   618 |  JC69 |        38 |    433 |              18 |         47 |      Fixed 
   619 |  JC69 |         4 |    225 |              97 |          2 |      Fixed 
   620 |  JC69 |        32 |     93 |               3 |          5 |      Fixed 
   621 |  JC69 |        38 |     49 |               3 |          4 |      Fixed 
   622 |  JC69 |        38 |     72 |               2 |          3 |      Fixed 
   623 |  JC69 |        40 |    100 |               3 |          4 |      Fixed 
   624 |  JC69 |        30 |    129 |               5 |          5 |      Fixed 
   625 |  JC69 |        40 |    289 |             131 |          4 |      Fixed 
   626 |  JC69 |        40 |    146 |              11 |         10 |      Fixed 
   627 |  JC69 |         4 |     69 |               0 |          1 |      Fixed 
   628 |  JC69 |        10 |    203 |               7 |          7 |      Fixed 
   629 |  JC69 |        14 |    157 |              41 |         19 |      Fixed 
   630 |  JC69 |         4 |    281 |               9 |          5 |      Fixed 
   631 |  JC69 |         6 |    173 |               0 |          1 |      Fixed 
   632 |  JC69 |        34 |     81 |               3 |          5 |      Fixed 
   633 |  JC69 |         6 |    226 |               0 |          1 |      Fixed 
   634 |  JC69 |        16 |    279 |             123 |         13 |      Fixed 
   635 |  JC69 |         8 |    209 |               9 |          6 |      Fixed 
   636 |  JC69 |        34 |     58 |               7 |          4 |      Fixed 
   637 |  JC69 |        26 |     85 |              10 |          4 |      Fixed 
   638 |  JC69 |        28 |    290 |              37 |         29 |      Fixed 
   639 |  JC69 |        34 |    161 |               5 |          5 |      Fixed 
   640 |  JC69 |        34 |    421 |              36 |         42 |      Fixed 
   641 |  JC69 |        40 |    218 |              78 |         10 |      Fixed 
   642 |  JC69 |        24 |    482 |              27 |         26 |      Fixed 
   643 |  JC69 |        36 |    666 |             549 |         41 |      Fixed 
   644 |  JC69 |        40 |    220 |               3 |          4 |      Fixed 
   645 |  JC69 |        10 |    280 |              14 |          7 |      Fixed 
   646 |  JC69 |        20 |    109 |               7 |         11 |      Fixed 
   647 |  JC69 |        30 |    129 |               1 |          2 |      Fixed 
   648 |  JC69 |        40 |    180 |               2 |          4 |      Fixed 
   649 |  JC69 |        22 |    118 |               4 |          7 |      Fixed 
   650 |  JC69 |        32 |     45 |               2 |          3 |      Fixed 
   651 |  JC69 |        34 |    144 |               8 |         55 |      Fixed 
   652 |  JC69 |        40 |    272 |               2 |          4 |      Fixed 
   653 |  JC69 |        34 |    299 |               8 |         20 |      Fixed 
   654 |  JC69 |         6 |    286 |              17 |          6 |      Fixed 
   655 |  JC69 |        28 |    155 |              43 |          8 |      Fixed 
   656 |  JC69 |        38 |    358 |              88 |         48 |      Fixed 
   657 |  JC69 |        28 |     96 |               8 |         10 |      Fixed 
   658 |  JC69 |        30 |    144 |               3 |          4 |      Fixed 
   659 |  JC69 |        24 |     51 |               0 |          2 |      Fixed 
   660 |  JC69 |        38 |    315 |               5 |         40 |      Fixed 
   661 |  JC69 |         6 |     66 |               6 |          2 |      Fixed 
   662 |  JC69 |        22 |    350 |             138 |         15 |      Fixed 
   663 |  JC69 |        38 |    134 |              10 |         11 |      Fixed 
   664 |  JC69 |         6 |    417 |              54 |         12 |      Fixed 
   665 |  JC69 |        40 |    207 |               5 |         27 |      Fixed 
   666 |  JC69 |        30 |    389 |             111 |         26 |      Fixed 
   667 |  JC69 |        40 |     84 |               7 |          7 |      Fixed 
   668 |  JC69 |         4 |    282 |              22 |          7 |      Fixed 
   669 |  JC69 |        40 |    163 |               2 |          3 |      Fixed 
   670 |  JC69 |        34 |    408 |              75 |          8 |      Fixed 
   671 |  JC69 |        40 |    137 |               1 |          2 |      Fixed 
   672 |  JC69 |        38 |    329 |              20 |         15 |      Fixed 
   673 |  JC69 |        40 |     93 |               5 |          4 |      Fixed 
   674 |  JC69 |        40 |    179 |               2 |          3 |      Fixed 
   675 |  JC69 |        10 |    240 |              20 |          8 |      Fixed 
   676 |  JC69 |        40 |    644 |             323 |         39 |      Fixed 
   677 |  JC69 |        24 |    382 |             168 |         16 |      Fixed 
   678 |  JC69 |        40 |    552 |             276 |         16 |      Fixed 
   679 |  JC69 |        12 |    263 |              81 |         10 |      Fixed 
   680 |  JC69 |        30 |    108 |               3 |          4 |      Fixed 
   681 |  JC69 |        34 |     88 |               4 |          5 |      Fixed 
   682 |  JC69 |        28 |    283 |              25 |         21 |      Fixed 
   683 |  JC69 |        22 |    303 |              33 |         10 |      Fixed 
   684 |  JC69 |        40 |    193 |              51 |         19 |      Fixed 
   685 |  JC69 |        40 |    147 |              57 |          7 |      Fixed 
   686 |  JC69 |        36 |    117 |               7 |          9 |      Fixed 
   687 |  JC69 |        38 |    145 |               7 |          8 |      Fixed 
   688 |  JC69 |        32 |     71 |               1 |          2 |      Fixed 
   689 |  JC69 |        40 |    522 |             119 |         17 |      Fixed 
   690 |  JC69 |         4 |    148 |              11 |          4 |      Fixed 
   691 |  JC69 |        32 |     63 |               6 |          8 |      Fixed 
   692 |  JC69 |         4 |     62 |               0 |          1 |      Fixed 
   693 |  JC69 |         6 |     84 |               0 |          2 |      Fixed 
   694 |  JC69 |        40 |    115 |               5 |          6 |      Fixed 
   695 |  JC69 |         4 |    279 |               7 |          4 |      Fixed 
   696 |  JC69 |        14 |    281 |              18 |         16 |      Fixed 
   697 |  JC69 |        40 |    213 |               4 |          5 |      Fixed 
   698 |  JC69 |        40 |    214 |              82 |          9 |      Fixed 
   699 |  JC69 |        12 |    280 |              27 |         36 |      Fixed 
   700 |  JC69 |        38 |     70 |               3 |          4 |      Fixed 
   701 |  JC69 |        34 |    185 |              27 |         12 |      Fixed 
   702 |  JC69 |        30 |    146 |              10 |         11 |      Fixed 
   703 |  JC69 |        38 |    224 |               6 |          8 |      Fixed 
   704 |  JC69 |         6 |    281 |               5 |          3 |      Fixed 
   705 |  JC69 |        22 |    233 |              45 |         11 |      Fixed 
   706 |  JC69 |        40 |    125 |               6 |         12 |      Fixed 
   707 |  JC69 |        36 |     63 |               2 |          3 |      Fixed 
   708 |  JC69 |        40 |    316 |             107 |         16 |      Fixed 
   709 |  JC69 |         6 |    136 |               1 |          2 |      Fixed 
   710 |  JC69 |        38 |    511 |             285 |         22 |      Fixed 
   711 |  JC69 |        30 |    370 |             165 |         56 |      Fixed 
   712 |  JC69 |         4 |    277 |               7 |          4 |      Fixed 
   713 |  JC69 |         8 |    241 |              10 |          4 |      Fixed 
   714 |  JC69 |        22 |    154 |              14 |          9 |      Fixed 
   715 |  JC69 |        16 |    255 |               9 |          9 |      Fixed 
   716 |  JC69 |        26 |    384 |             100 |         37 |      Fixed 
   717 |  JC69 |        40 |    163 |               8 |         18 |      Fixed 
   718 |  JC69 |        36 |    572 |             333 |         27 |      Fixed 
   719 |  JC69 |        38 |     59 |               0 |          1 |      Fixed 
   720 |  JC69 |        40 |    151 |               1 |          2 |      Fixed 
   721 |  JC69 |         4 |    280 |               3 |          3 |      Fixed 
   722 |  JC69 |        40 |    125 |               9 |          9 |      Fixed 
   723 |  JC69 |         4 |     93 |               0 |          2 |      Fixed 
   724 |  JC69 |        40 |    465 |              65 |         14 |      Fixed 
   725 |  JC69 |        40 |    405 |             149 |         19 |      Fixed 
   726 |  JC69 |         6 |    358 |               5 |          5 |      Fixed 
   727 |  JC69 |        32 |    170 |              13 |         15 |      Fixed 
   728 |  JC69 |        40 |    151 |              12 |          3 |      Fixed 
   729 |  JC69 |        18 |    162 |               2 |          4 |      Fixed 
   730 |  JC69 |        12 |    263 |              13 |          5 |      Fixed 
   731 |  JC69 |        40 |     71 |               6 |         13 |      Fixed 
   732 |  JC69 |        12 |     86 |               7 |          6 |      Fixed 
   733 |  JC69 |        40 |    210 |               3 |         19 |      Fixed 
   734 |  JC69 |        38 |     84 |               2 |          3 |      Fixed 
   735 |  JC69 |        38 |    135 |               2 |          3 |      Fixed 
   736 |  JC69 |        40 |     89 |               3 |          4 |      Fixed 
   737 |  JC69 |        14 |    279 |              62 |         14 |      Fixed 
   738 |  JC69 |         4 |    245 |              13 |          4 |      Fixed 
   739 |  JC69 |        34 |    228 |             173 |         24 |      Fixed 
   740 |  JC69 |        40 |    174 |              14 |         16 |      Fixed 
   741 |  JC69 |        36 |    241 |              13 |          9 |      Fixed 
   742 |  JC69 |        16 |     68 |              10 |          9 |      Fixed 
   743 |  JC69 |         4 |    159 |               0 |          2 |      Fixed 
   744 |  JC69 |        24 |    311 |             150 |          9 |      Fixed 
   745 |  JC69 |        14 |    347 |              17 |         10 |      Fixed 
   746 |  JC69 |        10 |    283 |              54 |         30 |      Fixed 
   747 |  JC69 |        12 |    314 |             170 |          9 |      Fixed 
   748 |  JC69 |        14 |     72 |               0 |          1 |      Fixed 
   749 |  JC69 |        36 |    163 |               3 |          5 |      Fixed 
   750 |  JC69 |        22 |    273 |              51 |         19 |      Fixed 
   751 |  JC69 |        14 |    433 |             298 |         20 |      Fixed 
   752 |  JC69 |        16 |    274 |              10 |          9 |      Fixed 
   753 |  JC69 |        36 |    128 |               9 |         12 |      Fixed 
   754 |  JC69 |        12 |    286 |              19 |          9 |      Fixed 
   755 |  JC69 |        20 |    283 |              15 |         14 |      Fixed 
   756 |  JC69 |        32 |    289 |              83 |         23 |      Fixed 
   757 |  JC69 |        40 |    309 |              71 |          9 |      Fixed 
   758 |  JC69 |        38 |    345 |              64 |         27 |      Fixed 
   759 |  JC69 |         6 |    181 |               2 |          4 |      Fixed 
   760 |  JC69 |        18 |    372 |              12 |         10 |      Fixed 
   761 |  JC69 |        40 |    244 |               6 |          6 |      Fixed 
   762 |  JC69 |        32 |    131 |               5 |          5 |      Fixed 
   763 |  JC69 |        18 |    154 |               2 |          3 |      Fixed 
   764 |  JC69 |        18 |    152 |               6 |          7 |      Fixed 
   765 |  JC69 |        40 |    539 |             118 |         17 |      Fixed 
   766 |  JC69 |        40 |    648 |             313 |         52 |      Fixed 
   767 |  JC69 |        38 |     79 |               9 |          7 |      Fixed 
   768 |  JC69 |        40 |     93 |               3 |          4 |      Fixed 
   769 |  JC69 |         6 |    108 |               4 |          2 |      Fixed 
   770 |  JC69 |        38 |    191 |              29 |         92 |      Fixed 
   771 |  JC69 |        40 |    432 |             195 |         64 |      Fixed 
   772 |  JC69 |        26 |    337 |             150 |         21 |      Fixed 
   773 |  JC69 |        36 |    259 |              17 |         61 |      Fixed 
   774 |  JC69 |        24 |    223 |               4 |          5 |      Fixed 
   775 |  JC69 |        40 |    336 |             232 |         10 |      Fixed 
   776 |  JC69 |        22 |    452 |              28 |         19 |      Fixed 
   777 |  JC69 |        16 |    434 |             207 |         10 |      Fixed 
   778 |  JC69 |        40 |     97 |               9 |         52 |      Fixed 
   779 |  JC69 |        26 |     56 |               4 |         17 |      Fixed 
   780 |  JC69 |        40 |     87 |               6 |          8 |      Fixed 
   781 |  JC69 |         8 |    220 |              16 |          7 |      Fixed 
   782 |  JC69 |        22 |    216 |              14 |         44 |      Fixed 
   783 |  JC69 |        20 |     42 |               2 |          3 |      Fixed 
   784 |  JC69 |        40 |    184 |               3 |          7 |      Fixed 
   785 |  JC69 |         4 |    222 |               6 |          5 |      Fixed 
   786 |  JC69 |        36 |     95 |               4 |          5 |      Fixed 
   787 |  JC69 |        24 |    220 |               7 |         10 |      Fixed 
   788 |  JC69 |        40 |     60 |               1 |          2 |      Fixed 
   789 |  JC69 |         8 |     35 |               0 |          1 |      Fixed 
   790 |  JC69 |        40 |    117 |               9 |         16 |      Fixed 
   791 |  JC69 |        40 |    182 |               2 |          3 |      Fixed 
   792 |  JC69 |        40 |    146 |               4 |          5 |      Fixed 
   793 |  JC69 |        34 |     72 |               4 |          5 |      Fixed 
   794 |  JC69 |         8 |    279 |              49 |         12 |      Fixed 
   795 |  JC69 |        12 |    278 |              29 |         35 |      Fixed 
   796 |  JC69 |        14 |     76 |               3 |          4 |      Fixed 
   797 |  JC69 |        40 |     58 |               3 |          5 |      Fixed 
   798 |  JC69 |         8 |    239 |              24 |         15 |      Fixed 
   799 |  JC69 |        40 |     58 |               1 |          2 |      Fixed 
   800 |  JC69 |        40 |     84 |               6 |         19 |      Fixed 
   801 |  JC69 |        40 |    110 |               1 |          2 |      Fixed 
   802 |  JC69 |        40 |    341 |               6 |         16 |      Fixed 
   803 |  JC69 |        40 |    170 |               1 |          2 |      Fixed 
   804 |  JC69 |        40 |    103 |              47 |          5 |      Fixed 
   805 |  JC69 |        20 |    324 |              78 |         13 |      Fixed 
   806 |  JC69 |         6 |    248 |               5 |          3 |      Fixed 
   807 |  JC69 |        32 |    247 |             130 |          6 |      Fixed 
   808 |  JC69 |        32 |     87 |               4 |          5 |      Fixed 
   809 |  JC69 |        38 |     90 |               2 |          4 |      Fixed 
   810 |  JC69 |        26 |    124 |               2 |          4 |      Fixed 
   811 |  JC69 |        10 |    286 |               9 |          6 |      Fixed 
   812 |  JC69 |        14 |    282 |              28 |         18 |      Fixed 
   813 |  JC69 |         4 |    159 |               0 |          1 |      Fixed 
   814 |  JC69 |        14 |    137 |               0 |          1 |      Fixed 
   815 |  JC69 |        30 |     87 |               8 |          5 |      Fixed 
   816 |  JC69 |         8 |     97 |               1 |          4 |      Fixed 
   817 |  JC69 |        34 |    195 |              71 |          9 |      Fixed 
   818 |  JC69 |        12 |    453 |             206 |         14 |      Fixed 
   819 |  JC69 |        38 |    216 |              14 |          6 |      Fixed 
   820 |  JC69 |        40 |    408 |              25 |         32 |      Fixed 
   821 |  JC69 |         6 |    278 |              20 |          9 |      Fixed 
   822 |  JC69 |         4 |    278 |               9 |          5 |      Fixed 
   823 |  JC69 |        10 |    285 |              21 |         11 |      Fixed 
   824 |  JC69 |        22 |     86 |               3 |          5 |      Fixed 
   825 |  JC69 |        40 |    144 |              21 |          3 |      Fixed 
   826 |  JC69 |        12 |    531 |             188 |         26 |      Fixed 
   827 |  JC69 |        40 |    204 |              10 |         11 |      Fixed 
   828 |  JC69 |         4 |    237 |               0 |          1 |      Fixed 
   829 |  JC69 |        10 |     82 |               0 |          2 |      Fixed 
   830 |  JC69 |        40 |    127 |               2 |          3 |      Fixed 
   831 |  JC69 |        40 |     82 |               1 |          2 |      Fixed 
   832 |  JC69 |        10 |    257 |               4 |          4 |      Fixed 
   833 |  JC69 |        24 |    268 |              16 |         27 |      Fixed 
   834 |  JC69 |        34 |    299 |               8 |         13 |      Fixed 
   835 |  JC69 |        12 |    286 |              64 |         22 |      Fixed 
   836 |  JC69 |        40 |    303 |             122 |          9 |      Fixed 
   837 |  JC69 |        14 |    276 |             146 |         12 |      Fixed 
   838 |  JC69 |        40 |    572 |              85 |         20 |      Fixed 
   839 |  JC69 |        40 |    445 |             106 |         24 |      Fixed 
   840 |  JC69 |        40 |    344 |              11 |          9 |      Fixed 
   841 |  JC69 |        40 |     90 |               2 |          3 |      Fixed 
   842 |  JC69 |        36 |    247 |               1 |          3 |      Fixed 
   843 |  JC69 |        40 |    173 |              10 |         13 |      Fixed 
   844 |  JC69 |        38 |    949 |             820 |         50 |      Fixed 
   845 |  JC69 |        40 |    175 |               6 |          9 |      Fixed 
   846 |  JC69 |        40 |    122 |               5 |          6 |      Fixed 
   847 |  JC69 |        22 |     47 |               3 |          8 |      Fixed 
   848 |  JC69 |         8 |    292 |              19 |          6 |      Fixed 
   849 |  JC69 |        18 |    185 |               8 |          9 |      Fixed 
   850 |  JC69 |        16 |    280 |              83 |         16 |      Fixed 
   851 |  JC69 |        40 |    162 |              14 |         21 |      Fixed 
   852 |  JC69 |        16 |    281 |              12 |         10 |      Fixed 
   853 |  JC69 |        10 |    287 |              12 |          6 |      Fixed 
   854 |  JC69 |        40 |     96 |               4 |          6 |      Fixed 
   855 |  JC69 |        30 |    193 |              12 |          8 |      Fixed 
   856 |  JC69 |         4 |    280 |              15 |          3 |      Fixed 
   857 |  JC69 |        40 |    240 |              11 |         17 |      Fixed 
   858 |  JC69 |        12 |    250 |              74 |          7 |      Fixed 
   859 |  JC69 |        24 |    249 |              48 |         21 |      Fixed 
   860 |  JC69 |         4 |     72 |               0 |          1 |      Fixed 
   861 |  JC69 |        14 |    178 |               0 |          2 |      Fixed 
   862 |  JC69 |        30 |    426 |             151 |         18 |      Fixed 
   863 |  JC69 |        40 |    272 |              19 |         13 |      Fixed 
   864 |  JC69 |        40 |    232 |             105 |         54 |      Fixed 
   865 |  JC69 |         4 |    285 |              15 |          3 |      Fixed 
   866 |  JC69 |        40 |    213 |               5 |          5 |      Fixed 
   867 |  JC69 |         4 |    283 |              16 |          3 |      Fixed 
   868 |  JC69 |        38 |     87 |               2 |          3 |      Fixed 
   869 |  JC69 |        30 |     80 |               6 |          4 |      Fixed 
   870 |  JC69 |         6 |    280 |              22 |          8 |      Fixed 
   871 |  JC69 |        20 |    215 |              43 |         21 |      Fixed 
   872 |  JC69 |        12 |    287 |              25 |          6 |      Fixed 
   873 |  JC69 |        32 |    424 |             163 |         38 |      Fixed 
   874 |  JC69 |        40 |    377 |              70 |         26 |      Fixed 
   875 |  JC69 |        28 |    778 |             319 |         20 |      Fixed 
   876 |  JC69 |        38 |    672 |             672 |         28 |      Fixed 
   877 |  JC69 |         4 |    561 |             281 |          4 |      Fixed 
   878 |  JC69 |        28 |     50 |               1 |          2 |      Fixed 
   879 |  JC69 |         4 |    276 |              25 |          5 |      Fixed 
   880 |  JC69 |        40 |    179 |               6 |         12 |      Fixed 
   881 |  JC69 |        26 |    230 |              54 |          9 |      Fixed 
   882 |  JC69 |        40 |     74 |               2 |          3 |      Fixed 
   883 |  JC69 |        36 |    636 |             294 |         42 |      Fixed 
   884 |  JC69 |         4 |    282 |               6 |          4 |      Fixed 
   885 |  JC69 |         8 |    159 |               2 |          3 |      Fixed 
   886 |  JC69 |        38 |     99 |               3 |          4 |      Fixed 
   887 |  JC69 |        32 |    292 |              24 |         17 |      Fixed 
   888 |  JC69 |        38 |    189 |               5 |          8 |      Fixed 
   889 |  JC69 |        24 |    298 |             185 |         25 |      Fixed 
   890 |  JC69 |        18 |    233 |               4 |          7 |      Fixed 
   891 |  JC69 |        34 |    256 |              54 |          7 |      Fixed 
   892 |  JC69 |        40 |    118 |               8 |         13 |      Fixed 
   893 |  JC69 |        40 |    121 |               5 |        103 |      Fixed 
   894 |  JC69 |         6 |    548 |             112 |          9 |      Fixed 
   895 |  JC69 |         6 |     47 |               0 |          1 |      Fixed 
   896 |  JC69 |        28 |    118 |               8 |          4 |      Fixed 
   897 |  JC69 |         8 |    279 |             145 |         10 |      Fixed 
   898 |  JC69 |         6 |    248 |              12 |          3 |      Fixed 
   899 |  JC69 |        40 |     54 |               2 |          3 |      Fixed 
   900 |  JC69 |        32 |     67 |               1 |          2 |      Fixed 
   901 |  JC69 |        12 |    108 |               1 |          2 |      Fixed 
   902 |  JC69 |        36 |    263 |              10 |         78 |      Fixed 
   903 |  JC69 |         8 |    232 |              10 |          9 |      Fixed 
   904 |  JC69 |        16 |    365 |             110 |         12 |      Fixed 
   905 |  JC69 |        12 |     87 |               1 |          3 |      Fixed 
   906 |  JC69 |        14 |    234 |               8 |          4 |      Fixed 
   907 |  JC69 |        40 |    244 |              17 |         11 |      Fixed 
   908 |  JC69 |        40 |    220 |               9 |         25 |      Fixed 
   909 |  JC69 |        40 |    151 |               7 |          8 |      Fixed 
   910 |  JC69 |        32 |     84 |               5 |          6 |      Fixed 
   911 |  JC69 |        30 |    246 |              39 |         24 |      Fixed 
   912 |  JC69 |         6 |    282 |              10 |          5 |      Fixed 
   913 |  JC69 |         4 |    283 |             143 |          5 |      Fixed 
   914 |  JC69 |         6 |    270 |              20 |          6 |      Fixed 
   915 |  JC69 |        32 |    146 |               9 |          8 |      Fixed 
   916 |  JC69 |        40 |     88 |               3 |          3 |      Fixed 
   917 |  JC69 |        22 |    191 |               4 |       1027 |      Fixed 
   918 |  JC69 |         4 |    286 |             131 |          6 |      Fixed 
   919 |  JC69 |        12 |    201 |               2 |          5 |      Fixed 
   920 |  JC69 |        32 |    391 |             101 |         10 |      Fixed 
   921 |  JC69 |        10 |     94 |               0 |          1 |      Fixed 
   922 |  JC69 |        40 |    541 |             229 |         16 |      Fixed 
   923 |  JC69 |        40 |    276 |              12 |         11 |      Fixed 
   924 |  JC69 |        28 |    503 |             159 |         22 |      Fixed 
   925 |  JC69 |        40 |    259 |               3 |          4 |      Fixed 
   926 |  JC69 |        40 |    105 |               3 |          5 |      Fixed 
   927 |  JC69 |        22 |    654 |             651 |         21 |      Fixed 
   928 |  JC69 |         4 |    171 |               5 |          2 |      Fixed 
   929 |  JC69 |         6 |    278 |              15 |          9 |      Fixed 
   930 |  JC69 |        16 |    281 |              59 |         23 |      Fixed 
   931 |  JC69 |        40 |    252 |              83 |          7 |      Fixed 
   932 |  JC69 |        12 |    479 |             228 |         36 |      Fixed 
   933 |  JC69 |        14 |     76 |               0 |          1 |      Fixed 
   934 |  JC69 |         6 |     92 |              29 |          4 |      Fixed 
   935 |  JC69 |         4 |    280 |               8 |          4 |      Fixed 
   936 |  JC69 |        24 |     54 |               6 |          5 |      Fixed 
   937 |  JC69 |        12 |    192 |              34 |          4 |      Fixed 
   938 |  JC69 |         6 |     57 |               4 |          2 |      Fixed 
   939 |  JC69 |        30 |    110 |               2 |          3 |      Fixed 
   940 |  JC69 |        14 |    282 |              14 |         10 |      Fixed 
   941 |  JC69 |         4 |     45 |               0 |          1 |      Fixed 
   942 |  JC69 |         6 |     73 |               0 |          1 |      Fixed 
   943 |  JC69 |        28 |     47 |               2 |          3 |      Fixed 
   944 |  JC69 |        40 |    125 |               4 |          3 |      Fixed 
   945 |  JC69 |         4 |    286 |               7 |          4 |      Fixed 
   946 |  JC69 |        40 |    126 |               5 |         13 |      Fixed 
   947 |  JC69 |        40 |    307 |              18 |         16 |      Fixed 
   948 |  JC69 |         4 |    273 |              99 |          3 |      Fixed 
   949 |  JC69 |        40 |    219 |               8 |          6 |      Fixed 
   950 |  JC69 |         8 |    386 |             149 |          6 |      Fixed 
   951 |  JC69 |        22 |    140 |               2 |          3 |      Fixed 
   952 |  JC69 |        40 |     57 |               4 |          5 |      Fixed 
   953 |  JC69 |        18 |     59 |               4 |          6 |      Fixed 
   954 |  JC69 |        12 |     45 |               5 |          5 |      Fixed 
   955 |  JC69 |        32 |    222 |               9 |          7 |      Fixed 
   956 |  JC69 |        40 |    156 |               9 |          7 |      Fixed 
   957 |  JC69 |        24 |    282 |              14 |         13 |      Fixed 
   958 |  JC69 |        40 |     94 |               2 |          4 |      Fixed 
   959 |  JC69 |        28 |    145 |               6 |          4 |      Fixed 
   960 |  JC69 |        14 |    386 |             164 |         26 |      Fixed 
   961 |  JC69 |        28 |    135 |               2 |          3 |      Fixed 
   962 |  JC69 |        16 |    265 |               9 |          7 |      Fixed 
   963 |  JC69 |        34 |     91 |               6 |          9 |      Fixed 
   964 |  JC69 |         8 |    281 |             147 |         10 |      Fixed 
   965 |  JC69 |        34 |    508 |             229 |         20 |      Fixed 
   966 |  JC69 |        20 |    142 |               1 |          3 |      Fixed 
   967 |  JC69 |        40 |     87 |               2 |          3 |      Fixed 
   968 |  JC69 |        18 |     78 |               2 |          3 |      Fixed 
   969 |  JC69 |        32 |     75 |              35 |          5 |      Fixed 
   970 |  JC69 |        12 |    250 |              60 |          8 |      Fixed 
   971 |  JC69 |        18 |    153 |               4 |          9 |      Fixed 
   972 |  JC69 |        24 |    286 |             182 |         34 |      Fixed 
   973 |  JC69 |         4 |    280 |               9 |          6 |      Fixed 
   974 |  JC69 |        36 |    192 |               4 |          6 |      Fixed 
   975 |  JC69 |        32 |    458 |             204 |         34 |      Fixed 
   976 |  JC69 |        26 |    286 |              30 |         26 |      Fixed 
   977 |  JC69 |        38 |    434 |             216 |         33 |      Fixed 
   978 |  JC69 |        12 |    280 |              56 |         11 |      Fixed 
   979 |  JC69 |         8 |     62 |               0 |          1 |      Fixed 
   980 |  JC69 |         6 |    278 |              64 |          6 |      Fixed 
   981 |  JC69 |        40 |     95 |               1 |          2 |      Fixed 
   982 |  JC69 |        10 |    276 |              79 |         12 |      Fixed 
   983 |  JC69 |         6 |    171 |               1 |          2 |      Fixed 
   984 |  JC69 |        10 |    205 |               6 |          9 |      Fixed 
   985 |  JC69 |        16 |    286 |             123 |         18 |      Fixed 
   986 |  JC69 |        38 |    124 |               5 |          7 |      Fixed 
   987 |  JC69 |        14 |    149 |               2 |          2 |      Fixed 
   988 |  JC69 |         4 |     51 |               0 |          1 |      Fixed 
   989 |  JC69 |        12 |    143 |               1 |          3 |      Fixed 
   990 |  JC69 |        30 |    176 |              19 |         23 |      Fixed 
   991 |  JC69 |         4 |     56 |               0 |          1 |      Fixed 
   992 |  JC69 |        20 |    145 |               7 |          8 |      Fixed 
   993 |  JC69 |        38 |     87 |               6 |          9 |      Fixed 
   994 |  JC69 |        14 |    146 |               7 |          6 |      Fixed 
   995 |  JC69 |        34 |     60 |               3 |          4 |      Fixed 
   996 |  JC69 |        12 |    332 |              69 |         26 |      Fixed 
   997 |  JC69 |        36 |     81 |               2 |          3 |      Fixed 
   998 |  JC69 |        38 |     76 |               3 |          4 |      Fixed 
   999 |  JC69 |        38 |    248 |               6 |          6 |      Fixed 
  1000 |  JC69 |         4 |    325 |             117 |          2 |      Fixed 
  1001 |  JC69 |        28 |    169 |               5 |          3 |      Fixed 
  1002 |  JC69 |        18 |    280 |              15 |         41 |      Fixed 
  1003 |  JC69 |         8 |    280 |              17 |          6 |      Fixed 
  1004 |  JC69 |        40 |     58 |               6 |          3 |      Fixed 
  1005 |  JC69 |         8 |     56 |               0 |          1 |      Fixed 
  1006 |  JC69 |        36 |    210 |             105 |         22 |      Fixed 
  1007 |  JC69 |        40 |    877 |             709 |         60 |      Fixed 
  1008 |  JC69 |        16 |    264 |              18 |         17 |      Fixed 
  1009 |  JC69 |        38 |    120 |              28 |          9 |      Fixed 
  1010 |  JC69 |        32 |    278 |              78 |         32 |      Fixed 
  1011 |  JC69 |        40 |    132 |               1 |          2 |      Fixed 
  1012 |  JC69 |        16 |    192 |              11 |         11 |      Fixed 
  1013 |  JC69 |         4 |    279 |              21 |          3 |      Fixed 
  1014 |  JC69 |        40 |    269 |               7 |         10 |      Fixed 
  1015 |  JC69 |        40 |    201 |               3 |          4 |      Fixed 
  1016 |  JC69 |        36 |    160 |               6 |         12 |      Fixed 
  1017 |  JC69 |         8 |    145 |               8 |          3 |      Fixed 
  1018 |  JC69 |        18 |    513 |             155 |         71 |      Fixed 
  1019 |  JC69 |        24 |    172 |              30 |          8 |      Fixed 
  1020 |  JC69 |        24 |    171 |              82 |          7 |      Fixed 
  1021 |  JC69 |        16 |    273 |              24 |         12 |      Fixed 
  1022 |  JC69 |         6 |     93 |               0 |          1 |      Fixed 
  1023 |  JC69 |         4 |    281 |              21 |          7 |      Fixed 
  1024 |  JC69 |         4 |    108 |               0 |          1 |      Fixed 
  1025 |  JC69 |         4 |    241 |               8 |          6 |      Fixed 
  1026 |  JC69 |        20 |    108 |               2 |          4 |      Fixed 
  1027 |  JC69 |        38 |    135 |              11 |          9 |      Fixed 
  1028 |  JC69 |         4 |    283 |              66 |          5 |      Fixed 
  1029 |  JC69 |         8 |    286 |              46 |          7 |      Fixed 
  1030 |  JC69 |        14 |    283 |              25 |         13 |      Fixed 
  1031 |  JC69 |        10 |     77 |               0 |          2 |      Fixed 
  1032 |  JC69 |        14 |    281 |             110 |         11 |      Fixed 
  1033 |  JC69 |         4 |     88 |               1 |          3 |      Fixed 
  1034 |  JC69 |         4 |    282 |              12 |          5 |      Fixed 
  1035 |  JC69 |         4 |    279 |              18 |          3 |      Fixed 
  1036 |  JC69 |         4 |    278 |               7 |          4 |      Fixed 
  1037 |  JC69 |         8 |     90 |               4 |          5 |      Fixed 
  1038 |  JC69 |        32 |     71 |               1 |          2 |      Fixed 
  1039 |  JC69 |        40 |     75 |               1 |          2 |      Fixed 
  1040 |  JC69 |         8 |     42 |               5 |          2 |      Fixed 
  1041 |  JC69 |        12 |    280 |              14 |         16 |      Fixed 
  1042 |  JC69 |        26 |     51 |               0 |          1 |      Fixed 
  1043 |  JC69 |         8 |    281 |              10 |          7 |      Fixed 
  1044 |  JC69 |        12 |    172 |               6 |          6 |      Fixed 
  1045 |  JC69 |        28 |    156 |               4 |          5 |      Fixed 
  1046 |  JC69 |        40 |    147 |               2 |          3 |      Fixed 
  1047 |  JC69 |        40 |    112 |               3 |          4 |      Fixed 
  1048 |  JC69 |        40 |    109 |               2 |          4 |      Fixed 
  1049 |  JC69 |         6 |    268 |              12 |          5 |      Fixed 
  1050 |  JC69 |        30 |     88 |              11 |          5 |      Fixed 
  1051 |  JC69 |        18 |    275 |              19 |         11 |      Fixed 
  1052 |  JC69 |        14 |     36 |               0 |          1 |      Fixed 
  1053 |  JC69 |        36 |    415 |             144 |         58 |      Fixed 
  1054 |  JC69 |        40 |     63 |               2 |          3 |      Fixed 
  1055 |  JC69 |        30 |     59 |               2 |          3 |      Fixed 
  1056 |  JC69 |         6 |    204 |               6 |          4 |      Fixed 
  1057 |  JC69 |        38 |    292 |              27 |         16 |      Fixed 
  1058 |  JC69 |        30 |    133 |              39 |          7 |      Fixed 
  1059 |  JC69 |        18 |     50 |               4 |          6 |      Fixed 
  1060 |  JC69 |        38 |    183 |              61 |         15 |      Fixed 
  1061 |  JC69 |        14 |     45 |               1 |          3 |      Fixed 
  1062 |  JC69 |        10 |     86 |              30 |          5 |      Fixed 
  1063 |  JC69 |        28 |     73 |              20 |          5 |      Fixed 
  1064 |  JC69 |         4 |    248 |              11 |          4 |      Fixed 
  1065 |  JC69 |         4 |    156 |               1 |          2 |      Fixed 
  1066 |  JC69 |         8 |    124 |               5 |          3 |      Fixed 
  1067 |  JC69 |        16 |    138 |              72 |          9 |      Fixed 
  1068 |  JC69 |        20 |    101 |               3 |          5 |      Fixed 
  1069 |  JC69 |        26 |    325 |             168 |         37 |      Fixed 
  1070 |  JC69 |        32 |    102 |               3 |          6 |      Fixed 
  1071 |  JC69 |        28 |     81 |               3 |          4 |      Fixed 
  1072 |  JC69 |         6 |    214 |              19 |          9 |      Fixed 
  1073 |  JC69 |        20 |    286 |             153 |         17 |      Fixed 
  1074 |  JC69 |        22 |    202 |              19 |         58 |      Fixed 
  1075 |  JC69 |         8 |    123 |               3 |          3 |      Fixed 
  1076 |  JC69 |        38 |    141 |               7 |          2 |      Fixed 
  1077 |  JC69 |        30 |    289 |             152 |         20 |      Fixed 
  1078 |  JC69 |         8 |    217 |              12 |          6 |      Fixed 
  1079 |  JC69 |         8 |    279 |              38 |          5 |      Fixed 
  1080 |  JC69 |        36 |     74 |               4 |          6 |      Fixed 
  1081 |  JC69 |        40 |    115 |               3 |          4 |      Fixed 
  1082 |  JC69 |        40 |    129 |               2 |          3 |      Fixed 
  1083 |  JC69 |        40 |     78 |               2 |          3 |      Fixed 
  1084 |  JC69 |        20 |    143 |              36 |         14 |      Fixed 
  1085 |  JC69 |        32 |    149 |              13 |          6 |      Fixed 
  1086 |  JC69 |        40 |    138 |               4 |          5 |      Fixed 
  1087 |  JC69 |        40 |     69 |               2 |          3 |      Fixed 
  1088 |  JC69 |        40 |    115 |               2 |          3 |      Fixed 
  1089 |  JC69 |        12 |    108 |              31 |         25 |      Fixed 
  1090 |  JC69 |        12 |    275 |             144 |         10 |      Fixed 
  1091 |  JC69 |        30 |     75 |               5 |         16 |      Fixed 
  1092 |  JC69 |        10 |     75 |               0 |          1 |      Fixed 
  1093 |  JC69 |        32 |     83 |               1 |          2 |      Fixed 
  1094 |  JC69 |        40 |    301 |             132 |          7 |      Fixed 
  1095 |  JC69 |        26 |     93 |               2 |          3 |      Fixed 
  1096 |  JC69 |         6 |    283 |              28 |          9 |      Fixed 
  1097 |  JC69 |         4 |    209 |               0 |          2 |      Fixed 
  1098 |  JC69 |        18 |    652 |             418 |         17 |      Fixed 
  1099 |  JC69 |        12 |    285 |              34 |         17 |      Fixed 
  1100 |  JC69 |        22 |     90 |               1 |          2 |      Fixed 
  1101 |  JC69 |         4 |     96 |              39 |          6 |      Fixed 
  1102 |  JC69 |        30 |    211 |               0 |          2 |      Fixed 
  1103 |  JC69 |        38 |    173 |               8 |          7 |      Fixed 
  1104 |  JC69 |        38 |    149 |               6 |          6 |      Fixed 
  1105 |  JC69 |        40 |    152 |               8 |          2 |      Fixed 
  1106 |  JC69 |         4 |    270 |               1 |          2 |      Fixed 
  1107 |  JC69 |        40 |    182 |               2 |          5 |      Fixed 
  1108 |  JC69 |        24 |     88 |               4 |          7 |      Fixed 
  1109 |  JC69 |         6 |     44 |               1 |          2 |      Fixed 
  1110 |  JC69 |        16 |    216 |              14 |          9 |      Fixed 
  1111 |  JC69 |         6 |    279 |              53 |          4 |      Fixed 
  1112 |  JC69 |         8 |     56 |               1 |          2 |      Fixed 
  1113 |  JC69 |         6 |    122 |               4 |          5 |      Fixed 
  1114 |  JC69 |         4 |    209 |               1 |          2 |      Fixed 
  1115 |  JC69 |        10 |    220 |               2 |          4 |      Fixed 
  1116 |  JC69 |        28 |    148 |              18 |         18 |      Fixed 
  1117 |  JC69 |        26 |    291 |              61 |         16 |      Fixed 
  1118 |  JC69 |        26 |    147 |               5 |         12 |      Fixed 
  1119 |  JC69 |         8 |     80 |               8 |          9 |      Fixed 
  1120 |  JC69 |        20 |     81 |              14 |         14 |      Fixed 
  1121 |  JC69 |         4 |    282 |               3 |          5 |      Fixed 
  1122 |  JC69 |         4 |     84 |               5 |          2 |      Fixed 
  1123 |  JC69 |         4 |    281 |               7 |          5 |      Fixed 
  1124 |  JC69 |         8 |     85 |               6 |          5 |      Fixed 
  1125 |  JC69 |        40 |    151 |              12 |          7 |      Fixed 
  1126 |  JC69 |         4 |    278 |              94 |          6 |      Fixed 
  1127 |  JC69 |        22 |    150 |              20 |          9 |      Fixed 
  1128 |  JC69 |        40 |    336 |             116 |         41 |      Fixed 
  1129 |  JC69 |        40 |    262 |              74 |         18 |      Fixed 
  1130 |  JC69 |         4 |    101 |               0 |          1 |      Fixed 
  1131 |  JC69 |         8 |    101 |               0 |          1 |      Fixed 
  1132 |  JC69 |        12 |    279 |              18 |         13 |      Fixed 
  1133 |  JC69 |        20 |    368 |             128 |         17 |      Fixed 
  1134 |  JC69 |        34 |    109 |               2 |          3 |      Fixed 
  1135 |  JC69 |        40 |    115 |               3 |          5 |      Fixed 
  1136 |  JC69 |        40 |    263 |              12 |         13 |      Fixed 
  1137 |  JC69 |        20 |    180 |              14 |         24 |      Fixed 
  1138 |  JC69 |        10 |    230 |               9 |          8 |      Fixed 
  1139 |  JC69 |         4 |     68 |               1 |          2 |      Fixed 
  1140 |  JC69 |        26 |    142 |               3 |          3 |      Fixed 
  1141 |  JC69 |        16 |    137 |              28 |          5 |      Fixed 
  1142 |  JC69 |         6 |    242 |               6 |          2 |      Fixed 
  1143 |  JC69 |         4 |    137 |               1 |          2 |      Fixed 
  1144 |  JC69 |        16 |    242 |              41 |         10 |      Fixed 
  1145 |  JC69 |        12 |    105 |               2 |          2 |      Fixed 
  1146 |  JC69 |        30 |    174 |              10 |          8 |      Fixed 
  1147 |  JC69 |         4 |    147 |               6 |          5 |      Fixed 
  1148 |  JC69 |        40 |    296 |               6 |          6 |      Fixed 
  1149 |  JC69 |         8 |    274 |              12 |          5 |      Fixed 
  1150 |  JC69 |         8 |    132 |               2 |          3 |      Fixed 
  1151 |  JC69 |        34 |    146 |               7 |         10 |      Fixed 
  1152 |  JC69 |        18 |    425 |             167 |         15 |      Fixed 
  1153 |  JC69 |         4 |    280 |               4 |          4 |      Fixed 
  1154 |  JC69 |         6 |     68 |               0 |          1 |      Fixed 
  1155 |  JC69 |        36 |    339 |             103 |          6 |      Fixed 
  1156 |  JC69 |        36 |     87 |               4 |          5 |      Fixed 
  1157 |  JC69 |        20 |    287 |               7 |          9 |      Fixed 
  1158 |  JC69 |        18 |    196 |               1 |          2 |      Fixed 
  1159 |  JC69 |         4 |    280 |              16 |          5 |      Fixed 
  1160 |  JC69 |         6 |    265 |               8 |          6 |      Fixed 
  1161 |  JC69 |        40 |    138 |               0 |          1 |      Fixed 
  1162 |  JC69 |        12 |    282 |              15 |         12 |      Fixed 
  1163 |  JC69 |        38 |    125 |               8 |          4 |      Fixed 
  1164 |  JC69 |        40 |    108 |               2 |          3 |      Fixed 
  1165 |  JC69 |        34 |    120 |               6 |          7 |      Fixed 
  1166 |  JC69 |        16 |     72 |               1 |          2 |      Fixed 
  1167 |  JC69 |        12 |    243 |             116 |         10 |      Fixed 
  1168 |  JC69 |        14 |     85 |              25 |          7 |      Fixed 
  1169 |  JC69 |         4 |    174 |               2 |          2 |      Fixed 
  1170 |  JC69 |         8 |    362 |             155 |          3 |      Fixed 
  1171 |  JC69 |        26 |    262 |             112 |         32 |      Fixed 
  1172 |  JC69 |        12 |     74 |               3 |          5 |      Fixed 
  1173 |  JC69 |         4 |    283 |              65 |          5 |      Fixed 
  1174 |  JC69 |         8 |     60 |               1 |          2 |      Fixed 
  1175 |  JC69 |        38 |    117 |               4 |         12 |      Fixed 
  1176 |  JC69 |        20 |     66 |               3 |          4 |      Fixed 
  1177 |  JC69 |         6 |     80 |              13 |          4 |      Fixed 
  1178 |  JC69 |        40 |    135 |               2 |          3 |      Fixed 
  1179 |  JC69 |        40 |    495 |             226 |         31 |      Fixed 
  1180 |  JC69 |        26 |    105 |              29 |          6 |      Fixed 
  1181 |  JC69 |        40 |    115 |               5 |         17 |      Fixed 
  1182 |  JC69 |        40 |    184 |               3 |          6 |      Fixed 
  1183 |  JC69 |        28 |    209 |               9 |         16 |      Fixed 
  1184 |  JC69 |         4 |    200 |               0 |          1 |      Fixed 
  1185 |  JC69 |         4 |    146 |               3 |          4 |      Fixed 
  1186 |  JC69 |         4 |    226 |               2 |          2 |      Fixed 
  1187 |  JC69 |         4 |    114 |               0 |          1 |      Fixed 
  1188 |  JC69 |        10 |    112 |               2 |          3 |      Fixed 
  1189 |  JC69 |         6 |    245 |               1 |          2 |      Fixed 
  1190 |  JC69 |        36 |    127 |               7 |          8 |      Fixed 
  1191 |  JC69 |         6 |     45 |               0 |          1 |      Fixed 
  1192 |  JC69 |         8 |     94 |               0 |          1 |      Fixed 
  1193 |  JC69 |        38 |    156 |               2 |          3 |      Fixed 
  1194 |  JC69 |        12 |    242 |              79 |          8 |      Fixed 
  1195 |  JC69 |         4 |    277 |               6 |          4 |      Fixed 
  1196 |  JC69 |        24 |     54 |               1 |          2 |      Fixed 
  1197 |  JC69 |        12 |    280 |              12 |          5 |      Fixed 
  1198 |  JC69 |         4 |    190 |               0 |          1 |      Fixed 
  1199 |  JC69 |         6 |    281 |               9 |          6 |      Fixed 
  1200 |  JC69 |        40 |    104 |               7 |         12 |      Fixed 
  1201 |  JC69 |        10 |    103 |              10 |          5 |      Fixed 
  1202 |  JC69 |         6 |    275 |              10 |          6 |      Fixed 
  1203 |  JC69 |        36 |    120 |               5 |         17 |      Fixed 
  1204 |  JC69 |         4 |     39 |               0 |          1 |      Fixed 
  1205 |  JC69 |        34 |     83 |               4 |          5 |      Fixed 
  1206 |  JC69 |         6 |    176 |               0 |          1 |      Fixed 
  1207 |  JC69 |         6 |     48 |               0 |          1 |      Fixed 
  1208 |  JC69 |         6 |    281 |              65 |          4 |      Fixed 
  1209 |  JC69 |         6 |    280 |              16 |          6 |      Fixed 
  1210 |  JC69 |         6 |    276 |               6 |          4 |      Fixed 
  1211 |  JC69 |         8 |     56 |               3 |          5 |      Fixed 
  1212 |  JC69 |        38 |    472 |             242 |         36 |      Fixed 
  1213 |  JC69 |         6 |    420 |              32 |          5 |      Fixed 
  1214 |  JC69 |        12 |    146 |               4 |          3 |      Fixed 
  1215 |  JC69 |        14 |    431 |              11 |          9 |      Fixed 
  1216 |  JC69 |        24 |    194 |             112 |         22 |      Fixed 
  1217 |  JC69 |        16 |    125 |              71 |         19 |      Fixed 
  1218 |  JC69 |        38 |    271 |              12 |         12 |      Fixed 
  1219 |  JC69 |        40 |    392 |              17 |         22 |      Fixed 
  1220 |  JC69 |        30 |    288 |              28 |         18 |      Fixed 
  1221 |  JC69 |         8 |    436 |             195 |          5 |      Fixed 
  1222 |  JC69 |         6 |     35 |               0 |          1 |      Fixed 
  1223 |  JC69 |         6 |    208 |              26 |          3 |      Fixed 
  1224 |  JC69 |         4 |    119 |               7 |          4 |      Fixed 
  1225 |  JC69 |        26 |    337 |              51 |         73 |      Fixed 
  1226 |  JC69 |         4 |     42 |               0 |          1 |      Fixed 
  1227 |  JC69 |        30 |    614 |             439 |         32 |      Fixed 
  1228 |  JC69 |        32 |     69 |               8 |         10 |      Fixed 
  1229 |  JC69 |         4 |     88 |               1 |          2 |      Fixed 
  1230 |  JC69 |         8 |     80 |               2 |          4 |      Fixed 
  1231 |  JC69 |         6 |    201 |               2 |          3 |      Fixed 
  1232 |  JC69 |        24 |    103 |               7 |          8 |      Fixed 
  1233 |  JC69 |        40 |    101 |               2 |          3 |      Fixed 
  1234 |  JC69 |        40 |    108 |               1 |          2 |      Fixed 
  1235 |  JC69 |         4 |    499 |             235 |          3 |      Fixed 
  1236 |  JC69 |        18 |     80 |               6 |          4 |      Fixed 
  1237 |  JC69 |        20 |    281 |              21 |         18 |      Fixed 
  1238 |  JC69 |        20 |    121 |               2 |          3 |      Fixed 
  1239 |  JC69 |         6 |    286 |              17 |          7 |      Fixed 
  1240 |  JC69 |        40 |    144 |               2 |          3 |      Fixed 
  1241 |  JC69 |         4 |    249 |               4 |          3 |      Fixed 
  1242 |  JC69 |        12 |    159 |               3 |          5 |      Fixed 
  1243 |  JC69 |        14 |    249 |               0 |          4 |      Fixed 
  1244 |  JC69 |        20 |     82 |               4 |          9 |      Fixed 
  1245 |  JC69 |         4 |     65 |               0 |          1 |      Fixed 
  1246 |  JC69 |         6 |    269 |              23 |          8 |      Fixed 
  1247 |  JC69 |        16 |    249 |               5 |          6 |      Fixed 
  1248 |  JC69 |        26 |    144 |               6 |         11 |      Fixed 
  1249 |  JC69 |         4 |    104 |               2 |          3 |      Fixed 
  1250 |  JC69 |        32 |     48 |               4 |          4 |      Fixed 
  1251 |  JC69 |         6 |    144 |               1 |          3 |      Fixed 
  1252 |  JC69 |        12 |    281 |              23 |         15 |      Fixed 
  1253 |  JC69 |        40 |    103 |               4 |         29 |      Fixed 
  1254 |  JC69 |        28 |    285 |             146 |         12 |      Fixed 
  1255 |  JC69 |        20 |    208 |               8 |          9 |      Fixed 
  1256 |  JC69 |        18 |     71 |               0 |          1 |      Fixed 
  1257 |  JC69 |         6 |    129 |               8 |          8 |      Fixed 
  1258 |  JC69 |        40 |    147 |               1 |          2 |      Fixed 
  1259 |  JC69 |         8 |     66 |               4 |          5 |      Fixed 
  1260 |  JC69 |        38 |     90 |               7 |          4 |      Fixed 
  1261 |  JC69 |        40 |    196 |               5 |          6 |      Fixed 
  1262 |  JC69 |        40 |    186 |              10 |         48 |      Fixed 
  1263 |  JC69 |         4 |    143 |              62 |          2 |      Fixed 
  1264 |  JC69 |        30 |    283 |              63 |         22 |      Fixed 
  1265 |  JC69 |        14 |    277 |              94 |         30 |      Fixed 
  1266 |  JC69 |         4 |    255 |              37 |          7 |      Fixed 
  1267 |  JC69 |         4 |    247 |               9 |          2 |      Fixed 
  1268 |  JC69 |        10 |    184 |               7 |          8 |      Fixed 
  1269 |  JC69 |         8 |    108 |               6 |          4 |      Fixed 
  1270 |  JC69 |         4 |    280 |             137 |          8 |      Fixed 
  1271 |  JC69 |        28 |    290 |              42 |         14 |      Fixed 
  1272 |  JC69 |        12 |    247 |              79 |         14 |      Fixed 
  1273 |  JC69 |         4 |     90 |               2 |          3 |      Fixed 
  1274 |  JC69 |        38 |     69 |               3 |          4 |      Fixed 
  1275 |  JC69 |         4 |     83 |               4 |          2 |      Fixed 
  1276 |  JC69 |        16 |     53 |              18 |         10 |      Fixed 
  1277 |  JC69 |         8 |    121 |              13 |         15 |      Fixed 
  1278 |  JC69 |        14 |    272 |             142 |         13 |      Fixed 
  1279 |  JC69 |        38 |     79 |               2 |          3 |      Fixed 
  1280 |  JC69 |        40 |    621 |             238 |         53 |      Fixed 
  1281 |  JC69 |        38 |     94 |               1 |          2 |      Fixed 
  1282 |  JC69 |        40 |    193 |              10 |         12 |      Fixed 
  1283 |  JC69 |        38 |    146 |               5 |          6 |      Fixed 
  1284 |  JC69 |        40 |    256 |              15 |         10 |      Fixed 
  1285 |  JC69 |        38 |    103 |               6 |          4 |      Fixed 
  1286 |  JC69 |        36 |     57 |               4 |          5 |      Fixed 
  1287 |  JC69 |        32 |     62 |               4 |          5 |      Fixed 
  1288 |  JC69 |        30 |    151 |              19 |         61 |      Fixed 
  1289 |  JC69 |        10 |    282 |              36 |         19 |      Fixed 
  1290 |  JC69 |         8 |    270 |             126 |         14 |      Fixed 
  1291 |  JC69 |        14 |    215 |              33 |         22 |      Fixed 
  1292 |  JC69 |         4 |     61 |               0 |          1 |      Fixed 
  1293 |  JC69 |        18 |    281 |              51 |         30 |      Fixed 
  1294 |  JC69 |        14 |     45 |               3 |          5 |      Fixed 
  1295 |  JC69 |         4 |    142 |               2 |          3 |      Fixed 
  1296 |  JC69 |        10 |    285 |              29 |         26 |      Fixed 
  1297 |  JC69 |         4 |    226 |               1 |          3 |      Fixed 
  1298 |  JC69 |         8 |    175 |               5 |          5 |      Fixed 
  1299 |  JC69 |        30 |    174 |              10 |         15 |      Fixed 
  1300 |  JC69 |        10 |    161 |               6 |          4 |      Fixed 
  1301 |  JC69 |        28 |    193 |              90 |          9 |      Fixed 
  1302 |  JC69 |         4 |    131 |               0 |          1 |      Fixed 
  1303 |  JC69 |         4 |    198 |               0 |          1 |      Fixed 
  1304 |  JC69 |        40 |    233 |              66 |         27 |      Fixed 
  1305 |  JC69 |        18 |     75 |               7 |          9 |      Fixed 
  1306 |  JC69 |         4 |    102 |              39 |          2 |      Fixed 
  1307 |  JC69 |         4 |    282 |               7 |          7 |      Fixed 
  1308 |  JC69 |        38 |    284 |              59 |         29 |      Fixed 
  1309 |  JC69 |        40 |    147 |               8 |         11 |      Fixed 
  1310 |  JC69 |        12 |    270 |              30 |         14 |      Fixed 
  1311 |  JC69 |        32 |    362 |             145 |         39 |      Fixed 
  1312 |  JC69 |        14 |    270 |             136 |         11 |      Fixed 
  1313 |  JC69 |        10 |     83 |               1 |          3 |      Fixed 
  1314 |  JC69 |         4 |    193 |               2 |          3 |      Fixed 
  1315 |  JC69 |         6 |    195 |              90 |          9 |      Fixed 
  1316 |  JC69 |         4 |     84 |               8 |          4 |      Fixed 
  1317 |  JC69 |         8 |    116 |               3 |          3 |      Fixed 
  1318 |  JC69 |        32 |     54 |               0 |          1 |      Fixed 
  1319 |  JC69 |        16 |     50 |               4 |          5 |      Fixed 
  1320 |  JC69 |        10 |    231 |               4 |          8 |      Fixed 
  1321 |  JC69 |        20 |    330 |             131 |         23 |      Fixed 
  1322 |  JC69 |        40 |    174 |              12 |         14 |      Fixed 
  1323 |  JC69 |        16 |    312 |              36 |          8 |      Fixed 
  1324 |  JC69 |        38 |    238 |              34 |         37 |      Fixed 
  1325 |  JC69 |        38 |    123 |              10 |         31 |      Fixed 
  1326 |  JC69 |        18 |     99 |               0 |          2 |      Fixed 
  1327 |  JC69 |        34 |    146 |               5 |         12 |      Fixed 
  1328 |  JC69 |         6 |     57 |              10 |          3 |      Fixed 
  1329 |  JC69 |        24 |    155 |               1 |          2 |      Fixed 
  1330 |  JC69 |        38 |    100 |               4 |          3 |      Fixed 
  1331 |  JC69 |         8 |     35 |               0 |          4 |      Fixed 
  1332 |  JC69 |         6 |    200 |               1 |          2 |      Fixed 
  1333 |  JC69 |         4 |    544 |             157 |          6 |      Fixed 
  1334 |  JC69 |        34 |    154 |               7 |         20 |      Fixed 
  1335 |  JC69 |         4 |    276 |               9 |          4 |      Fixed 
  1336 |  JC69 |        12 |     83 |               1 |          2 |      Fixed 
  1337 |  JC69 |         6 |     62 |               1 |          2 |      Fixed 
  1338 |  JC69 |         8 |    285 |             136 |         15 |      Fixed 
  1339 |  JC69 |         6 |    282 |              10 |         12 |      Fixed 
  1340 |  JC69 |         4 |    282 |              20 |          7 |      Fixed 
  1341 |  JC69 |         4 |     84 |               1 |          3 |      Fixed 
  1342 |  JC69 |         6 |    146 |               5 |          4 |      Fixed 
  1343 |  JC69 |         6 |    119 |               0 |          1 |      Fixed 
  1344 |  JC69 |         4 |    175 |               2 |          3 |      Fixed 
  1345 |  JC69 |        12 |    133 |              77 |         18 |      Fixed 
  1346 |  JC69 |         4 |    101 |               0 |          1 |      Fixed 
  1347 |  JC69 |         6 |    276 |              21 |         22 |      Fixed 
  1348 |  JC69 |        10 |     66 |              11 |          7 |      Fixed 
  1349 |  JC69 |         4 |     56 |               3 |          2 |      Fixed 
  1350 |  JC69 |         4 |    133 |               5 |          2 |      Fixed 
  1351 |  JC69 |        40 |    150 |              13 |         10 |      Fixed 
  1352 |  JC69 |         8 |    281 |              24 |         15 |      Fixed 
  1353 |  JC69 |         6 |    179 |              10 |          8 |      Fixed 
  1354 |  JC69 |         4 |     76 |               1 |          2 |      Fixed 
  1355 |  JC69 |        40 |    127 |               0 |          1 |      Fixed 
  1356 |  JC69 |        34 |    144 |               6 |          6 |      Fixed 
  1357 |  JC69 |        36 |    224 |              83 |         64 |      Fixed 
  1358 |  JC69 |        16 |     75 |               5 |          5 |      Fixed 
  1359 |  JC69 |        20 |    170 |              33 |          7 |      Fixed 
  1360 |  JC69 |        40 |    292 |              20 |         15 |      Fixed 
  1361 |  JC69 |        14 |     77 |               4 |          3 |      Fixed 
  1362 |  JC69 |         6 |    246 |               4 |          7 |      Fixed 
  1363 |  JC69 |        14 |     59 |              23 |         11 |      Fixed 
  1364 |  JC69 |         6 |    182 |              15 |          9 |      Fixed 
  1365 |  JC69 |        26 |    292 |              71 |         33 |      Fixed 
  1366 |  JC69 |         4 |     44 |               2 |          3 |      Fixed 
  1367 |  JC69 |        24 |     62 |               5 |          7 |      Fixed 
  1368 |  JC69 |         4 |    280 |               6 |          4 |      Fixed 
  1369 |  JC69 |        14 |    112 |               1 |          3 |      Fixed 
  1370 |  JC69 |         8 |     87 |               3 |          4 |      Fixed 
  1371 |  JC69 |        40 |    148 |               5 |         22 |      Fixed 
  1372 |  JC69 |        40 |    120 |               4 |          5 |      Fixed 
  1373 |  JC69 |         4 |    260 |               9 |          3 |      Fixed 
  1374 |  JC69 |         4 |    153 |               3 |          3 |      Fixed 
  1375 |  JC69 |         4 |     65 |               5 |          3 |      Fixed 
  1376 |  JC69 |        10 |    282 |              92 |         21 |      Fixed 
  1377 |  JC69 |        40 |    151 |               1 |          2 |      Fixed 
  1378 |  JC69 |        26 |    267 |              57 |          9 |      Fixed 
  1379 |  JC69 |        16 |    281 |              13 |         22 |      Fixed 
  1380 |  JC69 |        16 |    280 |             108 |         23 |      Fixed 
  1381 |  JC69 |         4 |    345 |             151 |          6 |      Fixed 
  1382 |  JC69 |        10 |    137 |              19 |         11 |      Fixed 
  1383 |  JC69 |        24 |    163 |              38 |         36 |      Fixed 
  1384 |  JC69 |         4 |    415 |             196 |          4 |      Fixed 
  1385 |  JC69 |        32 |     60 |               1 |          2 |      Fixed 
  1386 |  JC69 |         4 |    287 |               7 |          4 |      Fixed 
  1387 |  JC69 |         4 |    279 |               2 |          4 |      Fixed 
  1388 |  JC69 |         6 |     99 |               0 |          1 |      Fixed 
  1389 |  JC69 |        18 |    123 |               7 |          4 |      Fixed 
  1390 |  JC69 |        18 |    153 |              29 |         29 |      Fixed 
  1391 |  JC69 |         6 |    170 |              10 |          6 |      Fixed 
  1392 |  JC69 |         4 |    282 |              65 |          6 |      Fixed 
  1393 |  JC69 |         4 |    270 |              11 |          7 |      Fixed 
  1394 |  JC69 |         6 |    107 |               1 |          2 |      Fixed 
  1395 |  JC69 |        38 |     78 |               4 |          6 |      Fixed 
  1396 |  JC69 |        36 |     61 |               4 |          8 |      Fixed 
  1397 |  JC69 |        40 |    135 |               7 |          6 |      Fixed 
  1398 |  JC69 |        40 |    146 |              10 |         14 |      Fixed 
  1399 |  JC69 |         6 |     59 |               0 |          1 |      Fixed 
  1400 |  JC69 |         8 |     72 |               0 |          3 |      Fixed 
  1401 |  JC69 |        10 |     96 |               5 |          9 |      Fixed 
  1402 |  JC69 |        18 |    167 |               6 |         13 |      Fixed 
  1403 |  JC69 |        10 |    233 |             105 |          7 |      Fixed 
  1404 |  JC69 |        12 |     84 |               2 |          3 |      Fixed 
  1405 |  JC69 |         4 |    255 |             110 |          5 |      Fixed 
  1406 |  JC69 |         4 |     72 |               1 |          2 |      Fixed 
  1407 |  JC69 |         6 |     55 |               1 |          2 |      Fixed 
  1408 |  JC69 |        10 |    256 |              62 |          9 |      Fixed 
  1409 |  JC69 |        12 |     58 |               1 |          2 |      Fixed 
  1410 |  JC69 |        38 |    168 |              11 |         11 |      Fixed 
  1411 |  JC69 |         4 |    123 |              10 |          3 |      Fixed 
  1412 |  JC69 |         4 |    178 |              36 |          6 |      Fixed 
  1413 |  JC69 |         8 |     90 |              20 |         10 |      Fixed 
  1414 |  JC69 |        34 |    377 |             115 |         36 |      Fixed 
  1415 |  JC69 |         4 |    205 |               0 |          1 |      Fixed 
  1416 |  JC69 |        22 |    100 |               7 |         10 |      Fixed 
  1417 |  JC69 |         6 |    145 |               1 |          2 |      Fixed 
  1418 |  JC69 |        40 |    139 |               4 |         10 |      Fixed 
  1419 |  JC69 |        10 |    276 |             115 |         10 |      Fixed 
  1420 |  JC69 |        16 |    251 |               9 |         23 |      Fixed 
  1421 |  JC69 |        38 |    165 |               6 |          6 |      Fixed 
  1422 |  JC69 |        14 |    515 |             272 |         18 |      Fixed 
  1423 |  JC69 |         6 |    158 |               0 |          2 |      Fixed 
  1424 |  JC69 |        40 |    354 |             130 |         40 |      Fixed 
  1425 |  JC69 |        24 |    197 |              13 |          3 |      Fixed 
  1426 |  JC69 |        40 |    132 |               3 |         15 |      Fixed 
  1427 |  JC69 |        10 |    286 |              90 |         11 |      Fixed 
  1428 |  JC69 |        10 |     92 |               9 |          7 |      Fixed 
  1429 |  JC69 |        14 |    282 |              25 |         11 |      Fixed 
  1430 |  JC69 |        36 |    227 |              22 |         19 |      Fixed 
  1431 |  JC69 |        22 |    164 |               1 |          5 |      Fixed 
  1432 |  JC69 |         4 |    273 |               2 |          3 |      Fixed 
  1433 |  JC69 |        10 |    144 |              17 |          7 |      Fixed 
  1434 |  JC69 |        12 |    257 |             104 |          7 |      Fixed 
  1435 |  JC69 |        34 |     87 |               3 |          4 |      Fixed 
  1436 |  JC69 |         4 |    136 |               2 |          3 |      Fixed 
  1437 |  JC69 |         4 |    231 |               0 |          2 |      Fixed 
  1438 |  JC69 |        40 |     72 |               7 |          3 |      Fixed 
  1439 |  JC69 |        14 |    116 |              12 |          3 |      Fixed 
  1440 |  JC69 |        18 |    282 |              11 |         10 |      Fixed 
  1441 |  JC69 |        14 |    145 |              35 |         22 |      Fixed 
  1442 |  JC69 |        22 |     66 |               5 |          3 |      Fixed 
  1443 |  JC69 |         8 |    242 |               3 |          4 |      Fixed 
  1444 |  JC69 |        38 |    152 |               2 |          4 |      Fixed 
  1445 |  JC69 |        14 |     64 |               0 |          1 |      Fixed 


Per-locus sequences in data and 'species&tree' tag:
C.File | Data |                Status                | Population
-------+------+--------------------------------------+-----------
    18 |   18 | [OK]                                 | ajan      
    22 |   22 | [OK]                                 | alas      


Map of populations and ancestors (1 in map indicates ancestor):
  Species   1  2  3
1 ajan      1  0  1
2 alas      0  1  1
3 R         0  0  1

Generating gene trees.... Done

Initial MSC density and log-likelihood of observing data:
log-PG0 = 161596.255931   log-L0 = -551620.584244


bitmatrix for MSC-M
 0 ajan         0.00000   0  1  0
 1 alas         0.00000   1  0  0
 2 R            0.00500   0  0  0
[EXPERIMENTAL] - New extended IM rubberband algorithm
Theta proposal: Mixed: Sliding window (0.10) + Inv-G approx Gibbs (0.90))
Linked thetas: none
0:00 taken to read and process data..
Restarting timer...


-*- Terms index -*-

  Prgs: progress of MCMC run (negative progress means burnin)
  Gage: gene-tree age proposal
  Gspr: gene-tree SPR proposal
   th1: species tree theta proposal (tips)   (sliding window)
   th2: species tree theta proposal (inner)  (sliding window)
   thg: species tree theta proposal (inner)  (gibbs sampler)
   tau: species tree tau proposal
   mix: mixing proposal
   wr1: migration rates proposal (sliding window)
   wrg: migration rates proposal (gibbs sampler)
  mrte: migration rates proposal
theta1: mean theta of node 1
theta2: mean theta of node 2
theta3: mean theta of node 3
  tau1: root node mean tau
    W1: mean migration rate ajan -> alas
    W2: mean migration rate alas -> ajan
log-PG: log-probability of gene trees (MSC)
 log-L: mean log-L of observing data

     |            Acceptance proportions            |
Prgs | Gage Gspr  th1  th2  thg  tau  mix wr1  wrg  | theta1 theta2 theta3    tau1      W1     W2         log-PG          log-L
-------------------------------------------------------------------------------------------------------------------------------


                      Gage    Gspr     th1     th2     tau     mix     wr1  
Current Pjump:      0.70471 0.65479 0.05071 0.00403 0.00080 0.01760 0.01987
Current finetune:   5.00000 0.00100 0.00050 0.00200 0.00100 0.30000 0.10000
New finetune:      19.61683 0.00326 0.00008 0.00002 0.00001 0.01628 0.00613

=> 'finetune = 1 Gage:19.616826 Gspr:0.003257 th1:0.000078 th2:0.000025 tau:0.000010 mix:0.016282 wr1:0.006129'

  -0%  0.71 0.66 0.67 0.69 1.00 0.30 0.60 0.77 1.00   0.0066 0.0091 0.0032  0.0006  2119.1025 1415.0694   337122.21382  -475823.09513

                      Gage    Gspr     th1     th2     tau     mix     wr1  
Current Pjump:      0.70630 0.65715 0.66632 0.68776 0.29600 0.60360 0.76923
Current finetune:  19.61683 0.00326 0.00008 0.00002 0.00001 0.01628 0.00613
New finetune:      77.44652 0.01070 0.00027 0.00009 0.00001 0.04451 0.03172

=> 'finetune = 1 Gage:77.446518 Gspr:0.010701 th1:0.000266 th2:0.000091 tau:0.000010 mix:0.044509 wr1:0.031718'



                      Gage    Gspr     th1     th2     tau     mix     wr1  
Current Pjump:      0.70703 0.65766 0.28571 0.16236 0.27600 0.21600 0.21901
Current finetune:  77.44652 0.01070 0.00027 0.00009 0.00001 0.04451 0.03172
New finetune:      99.00000 0.03521 0.00025 0.00005 0.00001 0.03083 0.02230

=> 'finetune = 1 Gage:99.000000 Gspr:0.035215 th1:0.000251 th2:0.000047 tau:0.000009 mix:0.030831 wr1:0.022302'

   0%  0.71 0.66 0.29 0.47 1.00 0.33 0.37 0.38 1.00   0.0080 0.0097 0.0033  0.0005  2053.5217 859.7202   251118.33013  -475815.40664  15:17:43


                      Gage    Gspr     th1     th2     tau     mix     wr1  
Current Pjump:      0.70846 0.65772 0.28854 0.47082 0.33480 0.36960 0.38046
Current finetune:  99.00000 0.03521 0.00025 0.00005 0.00001 0.03083 0.02230
New finetune:      99.00000 0.11592 0.00024 0.00008 0.00001 0.03969 0.02979

=> 'finetune = 1 Gage:99.000000 Gspr:0.115916 th1:0.000240 th2:0.000084 tau:0.000010 mix:0.039692 wr1:0.029792'

   1%  0.71 0.66 0.33 0.24 1.00 0.28 0.26 0.26 1.00   0.0073 0.0104 0.0034  0.0005  1510.3629 1299.9517   263595.82716  -475800.16704   1%  0.71 0.66 0.34 0.22 1.00 0.28 0.25 0.27 1.00   0.0071 0.0110 0.0034  0.0005  1301.8469 1483.2874   273772.01753  -475794.22599   2%  0.71 0.66 0.33 0.22 1.00 0.28 0.25 0.26 1.00   0.0071 0.0106 0.0033  0.0005  1443.8098 1436.5275   262057.52729  -475783.20369   2%  0.71 0.66 0.33 0.22 1.00 0.28 0.25 0.27 1.00   0.0073 0.0106 0.0034  0.0005  1478.1553 1347.4353   230765.74723  -475780.87789   3%  0.71 0.66 0.33 0.22 1.00 0.28 0.25 0.27 1.00   0.0075 0.0105 0.0034  0.0005  1536.9648 1249.6339   229692.61669  -475778.58725   3%  0.71 0.66 0.33 0.22 1.00 0.28 0.25 0.28 1.00   0.0076 0.0105 0.0034  0.0005  1575.5651 1176.1216   251679.14553  -475775.22637   4%  0.71 0.66 0.34 0.22 1.00 0.28 0.25 0.28 1.00   0.0076 0.0104 0.0034  0.0005  1602.9226 1172.5742   242057.62448  -475771.57870   4%  0.71 0.66 0.34 0.22 1.00 0.28 0.25 0.28 1.00   0.0075 0.0105 0.0034  0.0005  1537.2467 1204.3185   270004.96181  -475770.32628   5%  0.71 0.66 0.34 0.22 1.00 0.28 0.25 0.27 1.00   0.0075 0.0106 0.0034  0.0005  1514.4555 1239.8565   275272.67952  -475768.30320   5%  0.71 0.66 0.34 0.22 1.00 0.28 0.25 0.27 1.00   0.0074 0.0106 0.0034  0.0005  1480.6195 1298.7477   264472.89151  -475766.19505  26:52:39
   6%  0.71 0.66 0.34 0.22 1.00 0.28 0.25 0.27 1.00   0.0073 0.0106 0.0034  0.0005  1469.8209 1322.2902   238001.93691  -475764.04043   6%  0.71 0.66 0.34 0.22 1.00 0.28 0.25 0.27 1.00   0.0073 0.0106 0.0034  0.0005  1461.0045 1318.1519   278646.41206  -475763.52283   7%  0.71 0.66 0.34 0.22 1.00 0.28 0.25 0.27 1.00   0.0074 0.0106 0.0034  0.0005  1474.3844 1300.3347   253192.26806  -475762.77542   7%  0.71 0.66 0.34 0.22 1.00 0.28 0.25 0.27 1.00   0.0074 0.0106 0.0034  0.0005  1479.7631 1279.6813   248631.89819  -475761.61300   8%  0.71 0.66 0.34 0.21 1.00 0.28 0.25 0.27 1.00   0.0074 0.0106 0.0034  0.0005  1483.9571 1276.8553   271860.85662  -475760.47307   8%  0.71 0.66 0.34 0.21 1.00 0.28 0.25 0.27 1.00   0.0074 0.0106 0.0034  0.0005  1497.9388 1278.5282   279535.24041  -475759.02305   9%  0.71 0.66 0.34 0.21 1.00 0.28 0.25 0.27 1.00   0.0074 0.0105 0.0034  0.0005  1497.9075 1286.1471   256799.92207  -475757.75534   9%  0.71 0.66 0.33 0.22 1.00 0.28 0.25 0.27 1.00   0.0073 0.0106 0.0034  0.0005  1484.5495 1314.9101   253639.97678  -475756.43868  10%  0.71 0.66 0.33 0.21 1.00 0.28 0.25 0.27 1.00   0.0073 0.0106 0.0034  0.0005  1469.3410 1334.1753   268690.46042  -475755.30744  10%  0.71 0.66 0.33 0.21 1.00 0.28 0.25 0.27 1.00   0.0072 0.0106 0.0034  0.0005  1441.0972 1376.0607   287465.93682  -475754.76573  37:29:31
  11%  0.71 0.66 0.33 0.21 1.00 0.28 0.25 0.27 1.00   0.0072 0.0106 0.0034  0.0005  1428.9996 1398.8168   262787.79631  -475754.04394  11%  0.71 0.66 0.33 0.21 1.00 0.28 0.25 0.27 1.00   0.0072 0.0107 0.0034  0.0005  1406.5626 1424.2283   247259.73892  -475753.53638  12%  0.71 0.66 0.33 0.21 1.00 0.28 0.25 0.27 1.00   0.0071 0.0107 0.0034  0.0005  1377.4770 1456.0030   258569.30570  -475753.07149  12%  0.71 0.66 0.33 0.21 1.00 0.28 0.25 0.27 1.00   0.0071 0.0108 0.0034  0.0005  1355.2055 1489.0385   242961.76107  -475752.20272  13%  0.71 0.66 0.33 0.21 1.00 0.28 0.25 0.27 1.00   0.0071 0.0108 0.0034  0.0005  1343.6449 1487.6436   238221.10043  -475752.49690  13%  0.71 0.66 0.33 0.21 1.00 0.28 0.25 0.27 1.00   0.0071 0.0108 0.0034  0.0005  1333.9145 1497.0206   279553.93492  -475751.97192  14%  0.71 0.66 0.33 0.21 1.00 0.28 0.25 0.27 1.00   0.0071 0.0108 0.0034  0.0005  1334.3999 1497.3938   263510.90177  -475751.33786  14%  0.71 0.66 0.33 0.21 1.00 0.28 0.25 0.27 1.00   0.0071 0.0109 0.0034  0.0005  1321.8119 1511.3693   244415.38974  -475750.85787  15%  0.71 0.66 0.34 0.21 1.00 0.28 0.25 0.27 1.00   0.0071 0.0109 0.0034  0.0005  1306.4286 1520.2198   253676.17234  -475751.05072  15%  0.71 0.66 0.33 0.21 1.00 0.28 0.25 0.27 1.00   0.0070 0.0109 0.0034  0.0005  1286.3909 1542.8885   264250.25319  -475750.60205  47:43:43
  16%  0.71 0.66 0.34 0.21 1.00 0.28 0.25 0.27 1.00   0.0070 0.0109 0.0034  0.0005  1285.1602 1540.5933   269337.57358  -475750.44339  16%  0.71 0.66 0.34 0.21 1.00 0.28 0.25 0.27 1.00   0.0071 0.0109 0.0034  0.0005  1306.9218 1520.3921   253690.37194  -475750.11643  17%  0.71 0.66 0.34 0.21 1.00 0.28 0.25 0.28 1.00   0.0071 0.0109 0.0034  0.0005  1320.9079 1500.1783   242965.89918  -475749.87986  17%  0.71 0.66 0.34 0.21 1.00 0.28 0.25 0.28 1.00   0.0072 0.0109 0.0034  0.0005  1339.1636 1479.6847   252778.87906  -475749.29669  18%  0.71 0.66 0.34 0.21 1.00 0.28 0.25 0.28 1.00   0.0072 0.0109 0.0034  0.0005  1339.9839 1473.2469   262861.74885  -475748.94270  18%  0.71 0.66 0.34 0.21 1.00 0.28 0.25 0.28 1.00   0.0072 0.0109 0.0034  0.0005  1350.8826 1460.0822   251429.86914  -475748.50446  19%  0.71 0.66 0.34 0.21 1.00 0.28 0.25 0.28 1.00   0.0072 0.0108 0.0034  0.0005  1366.3343 1445.8793   284350.12531  -475748.14523  19%  0.71 0.66 0.34 0.21 1.00 0.28 0.25 0.28 1.00   0.0072 0.0108 0.0034  0.0005  1377.8943 1435.2590   276457.91161  -475747.67016  20%  0.71 0.66 0.34 0.21 1.00 0.28 0.25 0.28 1.00   0.0072 0.0108 0.0034  0.0005  1386.7637 1428.0155   246592.09250  -475747.14336  20%  0.71 0.66 0.34 0.21 1.00 0.28 0.25 0.28 1.00   0.0072 0.0108 0.0034  0.0005  1381.8649 1431.1089   260647.57906  -475746.86902  57:54:18
  21%  0.71 0.66 0.34 0.21 1.00 0.28 0.25 0.28 1.00   0.0072 0.0108 0.0034  0.0005  1381.2748 1432.9882   265858.92802  -475746.35522  21%  0.71 0.66 0.34 0.21 1.00 0.27 0.25 0.28 1.00   0.0072 0.0108 0.0034  0.0005  1384.0322 1428.9757   273687.11084  -475745.90134  22%  0.71 0.66 0.34 0.21 1.00 0.27 0.25 0.28 1.00   0.0072 0.0108 0.0034  0.0005  1378.5932 1436.8522   231463.56170  -475745.43114  22%  0.71 0.66 0.34 0.21 1.00 0.27 0.25 0.28 1.00   0.0072 0.0108 0.0034  0.0005  1373.6355 1430.8836   242861.56827  -475745.44986  23%  0.71 0.66 0.34 0.21 1.00 0.27 0.25 0.28 1.00   0.0072 0.0108 0.0034  0.0005  1372.6971 1433.6156   270981.61040  -475745.00507  23%  0.71 0.66 0.34 0.21 1.00 0.27 0.25 0.28 1.00   0.0072 0.0108 0.0034  0.0005  1367.4692 1439.2234   258594.00918  -475744.99610  24%  0.71 0.66 0.34 0.21 1.00 0.27 0.25 0.28 1.00   0.0072 0.0108 0.0034  0.0005  1368.4209 1433.2688   261013.94757  -475744.93921  24%  0.71 0.66 0.34 0.21 1.00 0.27 0.25 0.28 1.00   0.0072 0.0108 0.0034  0.0005  1371.1159 1432.2113   272395.19084  -475744.69959  25%  0.71 0.66 0.34 0.21 1.00 0.27 0.25 0.27 1.00   0.0072 0.0108 0.0034  0.0005  1378.1435 1427.6975   285469.81505  -475744.56001  25%  0.71 0.66 0.34 0.21 1.00 0.27 0.25 0.27 1.00   0.0072 0.0108 0.0034  0.0005  1378.3478 1429.9353   254566.36257  -475744.46419  68:12:34
  26%  0.71 0.66 0.34 0.21 1.00 0.27 0.25 0.27 1.00   0.0072 0.0108 0.0034  0.0005  1373.4541 1433.4270   252056.82089  -475744.58132  26%  0.71 0.66 0.34 0.21 1.00 0.27 0.25 0.27 1.00   0.0072 0.0108 0.0034  0.0005  1380.7917 1426.1362   276452.66073  -475744.55235  27%  0.71 0.66 0.34 0.21 1.00 0.27 0.25 0.27 1.00   0.0072 0.0108 0.0034  0.0005  1385.4777 1420.5853   237017.85196  -475744.39058  27%  0.71 0.66 0.34 0.21 1.00 0.27 0.25 0.27 1.00   0.0073 0.0108 0.0034  0.0005  1396.6869 1406.4685   250459.26885  -475744.42788  28%  0.71 0.66 0.34 0.21 1.00 0.27 0.24 0.28 1.00   0.0073 0.0108 0.0034  0.0005  1402.8740 1393.3850   236333.49698  -475744.64924  28%  0.71 0.66 0.34 0.21 1.00 0.27 0.24 0.28 1.00   0.0073 0.0108 0.0034  0.0005  1407.4848 1386.5032   270004.42571  -475744.68224  29%  0.71 0.66 0.34 0.21 1.00 0.27 0.24 0.27 1.00   0.0073 0.0108 0.0034  0.0005  1415.0566 1384.2413   271171.90205  -475744.61997  29%  0.71 0.66 0.34 0.21 1.00 0.27 0.24 0.27 1.00   0.0073 0.0108 0.0034  0.0005  1415.6629 1385.3496   272492.66160  -475744.58868  30%  0.71 0.66 0.34 0.21 1.00 0.27 0.24 0.27 1.00   0.0073 0.0108 0.0034  0.0005  1413.7466 1386.6311   252514.66527  -475744.75497  30%  0.71 0.66 0.34 0.21 1.00 0.27 0.24 0.28 1.00   0.0073 0.0108 0.0034  0.0005  1409.8095 1388.6463   244536.42131  -475744.61240  78:28:23
  31%  0.71 0.66 0.34 0.21 1.00 0.27 0.24 0.28 1.00   0.0073 0.0108 0.0034  0.0005  1395.9693 1404.0237   242352.27755  -475744.50775  31%  0.71 0.66 0.34 0.21 1.00 0.28 0.25 0.28 1.00   0.0072 0.0108 0.0034  0.0005  1384.3024 1415.6538   262401.02632  -475744.43717  32%  0.71 0.66 0.34 0.21 1.00 0.27 0.25 0.28 1.00   0.0072 0.0108 0.0034  0.0005  1380.9842 1418.5823   258844.19046  -475744.21514  32%  0.71 0.66 0.34 0.21 1.00 0.28 0.25 0.28 1.00   0.0072 0.0108 0.0034  0.0005  1382.3259 1413.9161   279738.95889  -475744.06559  33%  0.71 0.66 0.34 0.21 1.00 0.28 0.25 0.28 1.00   0.0073 0.0108 0.0034  0.0005  1392.2730 1406.4475   274641.19371  -475743.75301  33%  0.71 0.66 0.34 0.21 1.00 0.28 0.25 0.28 1.00   0.0073 0.0108 0.0034  0.0005  1394.8250 1403.6958   249521.08195  -475743.60139  34%  0.71 0.66 0.34 0.21 1.00 0.28 0.25 0.28 1.00   0.0073 0.0108 0.0034  0.0005  1398.7153 1401.6340   277525.87982  -475743.41620  34%  0.71 0.66 0.34 0.21 1.00 0.28 0.25 0.28 1.00   0.0073 0.0108 0.0034  0.0005  1401.7669 1400.6952   257600.02191  -475743.25525  35%  0.71 0.66 0.34 0.21 1.00 0.27 0.25 0.28 1.00   0.0073 0.0108 0.0034  0.0005  1403.9673 1401.9527   268911.06541  -475743.02174  35%  0.71 0.66 0.34 0.21 1.00 0.27 0.25 0.28 1.00   0.0073 0.0108 0.0034  0.0005  1401.9175 1403.3533   273268.85136  -475742.94179  88:50:15
  36%  0.71 0.66 0.34 0.21 1.00 0.27 0.25 0.28 1.00   0.0072 0.0108 0.0034  0.0005  1400.4137 1409.3417   273302.91177  -475742.69044  36%  0.71 0.66 0.34 0.21 1.00 0.27 0.25 0.28 1.00   0.0072 0.0108 0.0034  0.0005  1401.4007 1409.5996   249058.67482  -475742.52337  37%  0.71 0.66 0.34 0.21 1.00 0.27 0.24 0.27 1.00   0.0072 0.0108 0.0034  0.0005  1402.9713 1407.7576   269195.20073  -475742.33581  37%  0.71 0.66 0.34 0.21 1.00 0.27 0.24 0.27 1.00   0.0072 0.0108 0.0034  0.0005  1403.9708 1407.1666   253995.04137  -475742.08724  38%  0.71 0.66 0.34 0.21 1.00 0.27 0.25 0.27 1.00   0.0072 0.0108 0.0034  0.0005  1405.0581 1405.3377   254683.12518  -475742.06114  38%  0.71 0.66 0.34 0.21 1.00 0.27 0.25 0.27 1.00   0.0072 0.0107 0.0034  0.0005  1410.7371 1399.3119   261980.12375  -475742.02966  39%  0.71 0.66 0.34 0.21 1.00 0.27 0.25 0.27 1.00   0.0073 0.0107 0.0034  0.0005  1413.1782 1393.3934   247647.61875  -475742.11989  39%  0.71 0.66 0.34 0.21 1.00 0.27 0.24 0.27 1.00   0.0073 0.0107 0.0034  0.0005  1416.3207 1386.5815   249765.78269  -475742.18285  40%  0.71 0.66 0.34 0.21 1.00 0.27 0.24 0.27 1.00   0.0073 0.0108 0.0034  0.0005  1413.9472 1388.4122   254371.61544  -475742.05190  40%  0.71 0.66 0.34 0.21 1.00 0.27 0.24 0.27 1.00   0.0073 0.0108 0.0034  0.0005  1410.7295 1393.9245   270517.95454  -475741.92221  99:15:21
  41%  0.71 0.66 0.34 0.21 1.00 0.27 0.24 0.28 1.00   0.0073 0.0108 0.0034  0.0005  1403.9442 1402.5903   296857.41792  -475741.91367  41%  0.71 0.66 0.33 0.21 1.00 0.27 0.24 0.27 1.00   0.0072 0.0108 0.0034  0.0005  1404.5170 1405.1936   280460.58225  -475741.74482  42%  0.71 0.66 0.34 0.21 1.00 0.27 0.24 0.27 1.00   0.0072 0.0108 0.0034  0.0005  1403.0916 1406.6341   257426.55957  -475741.66424  42%  0.71 0.66 0.34 0.21 1.00 0.27 0.24 0.27 1.00   0.0072 0.0108 0.0034  0.0005  1400.0876 1408.8100   272131.15370  -475741.57958  43%  0.71 0.66 0.34 0.21 1.00 0.27 0.24 0.27 1.00   0.0072 0.0108 0.0034  0.0005  1403.8127 1409.3209   298553.58187  -475741.29303  43%  0.71 0.66 0.33 0.21 1.00 0.27 0.24 0.27 1.00   0.0072 0.0108 0.0034  0.0005  1404.2967 1411.3146   255837.59108  -475741.14993  44%  0.71 0.66 0.33 0.21 1.00 0.27 0.24 0.27 1.00   0.0072 0.0107 0.0034  0.0005  1406.7577 1408.5028   277505.44726  -475741.08968  44%  0.71 0.66 0.33 0.21 1.00 0.27 0.24 0.27 1.00   0.0072 0.0108 0.0034  0.0005  1403.8210 1412.2518   252211.34722  -475741.03614  45%  0.71 0.66 0.33 0.21 1.00 0.27 0.24 0.27 1.00   0.0072 0.0108 0.0034  0.0005  1400.6780 1416.5454   264091.21053  -475740.89765  45%  0.71 0.66 0.33 0.21 1.00 0.27 0.24 0.27 1.00   0.0072 0.0108 0.0034  0.0005  1398.5125 1421.1215   257517.92139  -475740.80075  109:52:31
  46%  0.71 0.66 0.33 0.21 1.00 0.27 0.24 0.27 1.00   0.0072 0.0108 0.0034  0.0005  1398.5835 1419.3074   263721.41934  -475740.82810  46%  0.71 0.66 0.33 0.21 1.00 0.27 0.24 0.27 1.00   0.0072 0.0108 0.0034  0.0005  1398.1907 1420.8918   292202.15421  -475740.69151  47%  0.71 0.66 0.33 0.21 1.00 0.27 0.24 0.27 1.00   0.0072 0.0108 0.0034  0.0005  1396.9984 1423.1218   250944.23401  -475740.57099  47%  0.71 0.66 0.33 0.21 1.00 0.27 0.24 0.27 1.00   0.0072 0.0108 0.0034  0.0005  1395.1864 1425.5151   244955.14891  -475740.35158  48%  0.71 0.66 0.33 0.21 1.00 0.27 0.24 0.27 1.00   0.0072 0.0108 0.0034  0.0005  1390.4804 1429.4270   260023.85109  -475740.24096  48%  0.71 0.66 0.33 0.21 1.00 0.27 0.24 0.27 1.00   0.0072 0.0108 0.0034  0.0005  1389.3225 1428.1812   260345.20257  -475740.33419  49%  0.71 0.66 0.33 0.21 1.00 0.27 0.24 0.27 1.00   0.0072 0.0108 0.0034  0.0005  1387.2959 1431.1659   253352.98528  -475740.27548  49%  0.71 0.66 0.33 0.21 1.00 0.27 0.24 0.27 1.00   0.0072 0.0108 0.0034  0.0005  1386.6877 1431.4903   274748.63981  -475740.22250  50%  0.71 0.66 0.33 0.21 1.00 0.27 0.24 0.27 1.00   0.0072 0.0108 0.0034  0.0005  1386.9302 1433.1941   262282.52482  -475740.11969  50%  0.71 0.66 0.33 0.21 1.00 0.27 0.24 0.27 1.00   0.0072 0.0108 0.0034  0.0005  1389.3355 1428.5931   243839.19115  -475740.15759  120:16:26
  51%  0.71 0.66 0.33 0.21 1.00 0.27 0.24 0.27 1.00   0.0072 0.0108 0.0034  0.0005  1388.7164 1429.2158   271419.40789  -475740.09452  51%  0.71 0.66 0.33 0.21 1.00 0.27 0.24 0.27 1.00   0.0072 0.0108 0.0034  0.0005  1388.0309 1430.1166   291601.76989  -475739.98902  52%  0.71 0.66 0.33 0.21 1.00 0.27 0.24 0.27 1.00   0.0072 0.0108 0.0034  0.0005  1387.3124 1431.9876   261716.33376  -475739.83771  52%  0.71 0.66 0.33 0.21 1.00 0.27 0.24 0.27 1.00   0.0072 0.0108 0.0034  0.0005  1382.7646 1437.8272   247302.30499  -475739.71468  53%  0.71 0.66 0.33 0.21 1.00 0.27 0.24 0.27 1.00   0.0072 0.0108 0.0034  0.0005  1377.8751 1441.7032   258299.62134  -475739.75015  53%  0.71 0.66 0.33 0.21 1.00 0.27 0.24 0.27 1.00   0.0072 0.0108 0.0034  0.0005  1376.0564 1443.7178   255123.35376  -475739.70225  54%  0.71 0.66 0.33 0.21 1.00 0.27 0.24 0.27 1.00   0.0072 0.0108 0.0034  0.0005  1374.2809 1443.8530   245808.35500  -475739.68347  54%  0.71 0.66 0.33 0.21 1.00 0.27 0.25 0.27 1.00   0.0072 0.0108 0.0034  0.0005  1375.1788 1442.2807   252316.61474  -475739.59755  55%  0.71 0.66 0.33 0.21 1.00 0.27 0.24 0.27 1.00   0.0072 0.0108 0.0034  0.0005  1376.9887 1440.3395   270545.64820  -475739.52039  55%  0.71 0.66 0.33 0.21 1.00 0.27 0.24 0.27 1.00   0.0072 0.0108 0.0034  0.0005  1380.6906 1438.2650   281442.54195  -475739.34339  130:41:52
  56%  0.71 0.66 0.33 0.21 1.00 0.27 0.24 0.27 1.00   0.0072 0.0108 0.0034  0.0005  1380.4042 1439.9372   259271.38859  -475739.23923  56%  0.71 0.66 0.33 0.21 1.00 0.27 0.24 0.27 1.00   0.0072 0.0108 0.0034  0.0005  1382.4820 1436.2102   257326.48387  -475739.23848  57%  0.71 0.66 0.33 0.21 1.00 0.27 0.24 0.27 1.00   0.0072 0.0108 0.0034  0.0005  1385.5765 1433.2651   274449.33065  -475739.15067  57%  0.71 0.66 0.33 0.21 1.00 0.27 0.24 0.27 1.00   0.0072 0.0108 0.0034  0.0005  1389.8469 1430.2554   260680.72782  -475739.08737  58%  0.71 0.66 0.33 0.21 1.00 0.27 0.24 0.27 1.00   0.0072 0.0108 0.0034  0.0005  1388.8526 1432.8870   255398.77245  -475739.03142  58%  0.71 0.66 0.33 0.21 1.00 0.27 0.24 0.27 1.00   0.0072 0.0108 0.0034  0.0005  1390.0009 1432.6602   275484.30897  -475738.96324  59%  0.71 0.66 0.33 0.21 1.00 0.27 0.24 0.27 1.00   0.0072 0.0108 0.0034  0.0005  1390.3661 1431.1612   249053.59558  -475738.96576  59%  0.71 0.66 0.33 0.21 1.00 0.27 0.24 0.27 1.00   0.0072 0.0108 0.0034  0.0005  1390.4073 1429.9063   237759.23908  -475738.94881  60%  0.71 0.66 0.33 0.21 1.00 0.27 0.24 0.27 1.00   0.0072 0.0108 0.0034  0.0005  1393.3330 1425.7445   264138.63037  -475738.95116  60%  0.71 0.66 0.33 0.21 1.00 0.27 0.24 0.27 1.00   0.0072 0.0108 0.0034  0.0005  1396.1725 1423.4807   288964.10392  -475738.88795  141:06:12
  61%  0.71 0.66 0.33 0.21 1.00 0.27 0.24 0.27 1.00   0.0072 0.0108 0.0034  0.0005  1397.7532 1422.1525   263192.92746  -475738.83099  61%  0.71 0.66 0.33 0.21 1.00 0.27 0.24 0.27 1.00   0.0072 0.0108 0.0034  0.0005  1400.4208 1418.6931   252348.98416  -475738.82121  62%  0.71 0.66 0.33 0.21 1.00 0.27 0.24 0.27 1.00   0.0072 0.0108 0.0034  0.0005  1403.2142 1414.3787   279286.49478  -475738.85855  62%  0.71 0.66 0.33 0.21 1.00 0.27 0.24 0.27 1.00   0.0072 0.0108 0.0034  0.0005  1404.6821 1413.1681   272380.36415  -475738.81586  63%  0.71 0.66 0.33 0.21 1.00 0.27 0.24 0.27 1.00   0.0072 0.0108 0.0034  0.0005  1404.1098 1414.0206   282260.61847  -475738.81132  63%  0.71 0.66 0.33 0.21 1.00 0.27 0.24 0.27 1.00   0.0072 0.0107 0.0034  0.0005  1407.3141 1410.6626   241629.64250  -475738.82790  64%  0.71 0.66 0.33 0.21 1.00 0.27 0.25 0.27 1.00   0.0072 0.0107 0.0034  0.0005  1408.2757 1408.7027   261095.73754  -475738.81803  64%  0.71 0.66 0.33 0.21 1.00 0.27 0.24 0.27 1.00   0.0072 0.0107 0.0034  0.0005  1407.9267 1409.2296   275725.80335  -475738.75070  65%  0.71 0.66 0.33 0.21 1.00 0.27 0.24 0.27 1.00   0.0072 0.0107 0.0034  0.0005  1411.3486 1406.8784   258583.68874  -475738.70348  65%  0.71 0.66 0.33 0.21 1.00 0.27 0.24 0.27 1.00   0.0072 0.0107 0.0034  0.0005  1408.5364 1410.1888   238320.78891  -475738.66399  150:55:37
  66%  0.71 0.66 0.33 0.21 1.00 0.27 0.25 0.27 1.00   0.0072 0.0107 0.0034  0.0005  1407.9389 1410.6682   290464.30685  -475738.62427  66%  0.71 0.66 0.33 0.21 1.00 0.27 0.24 0.27 1.00   0.0072 0.0107 0.0034  0.0005  1408.6088 1410.2547   274648.75955  -475738.57881  67%  0.71 0.66 0.33 0.21 1.00 0.27 0.24 0.27 1.00   0.0072 0.0107 0.0034  0.0005  1407.2610 1412.1114   271433.91446  -475738.45046  67%  0.71 0.66 0.33 0.21 1.00 0.27 0.24 0.27 1.00   0.0072 0.0108 0.0034  0.0005  1404.1829 1414.7833   258774.73645  -475738.37594  68%  0.71 0.66 0.33 0.21 1.00 0.27 0.24 0.27 1.00   0.0072 0.0108 0.0034  0.0005  1405.0431 1413.7601   267436.95297  -475738.29998  68%  0.71 0.66 0.33 0.21 1.00 0.27 0.24 0.27 1.00   0.0072 0.0107 0.0034  0.0005  1407.2472 1410.8084   245979.88355  -475738.29587  69%  0.71 0.66 0.33 0.21 1.00 0.27 0.24 0.27 1.00   0.0072 0.0108 0.0034  0.0005  1403.2916 1414.5003   245807.02060  -475738.21329  69%  0.71 0.66 0.33 0.21 1.00 0.27 0.24 0.27 1.00   0.0072 0.0108 0.0034  0.0005  1403.3930 1415.1514   262469.13367  -475738.18560  70%  0.71 0.66 0.33 0.21 1.00 0.27 0.24 0.27 1.00   0.0072 0.0108 0.0034  0.0005  1402.6060 1416.1702   259839.33847  -475738.09799  70%  0.71 0.66 0.33 0.21 1.00 0.27 0.25 0.27 1.00   0.0072 0.0108 0.0034  0.0005  1402.2663 1414.5612   248209.35597  -475738.02104  160:41:23
  71%  0.71 0.66 0.33 0.21 1.00 0.27 0.25 0.27 1.00   0.0072 0.0108 0.0034  0.0005  1403.1622 1411.2039   245595.76271  -475737.98437  71%  0.71 0.66 0.33 0.21 1.00 0.27 0.25 0.27 1.00   0.0072 0.0108 0.0034  0.0005  1400.3971 1413.4893   260441.56259  -475737.92251  72%  0.71 0.66 0.33 0.21 1.00 0.27 0.25 0.27 1.00   0.0072 0.0108 0.0034  0.0005  1399.9994 1414.0819   261520.59977  -475737.83151  72%  0.71 0.66 0.33 0.21 1.00 0.27 0.25 0.27 1.00   0.0072 0.0108 0.0034  0.0005  1396.8428 1416.4304   242015.65217  -475737.82120  73%  0.71 0.66 0.33 0.21 1.00 0.27 0.25 0.27 1.00   0.0072 0.0108 0.0034  0.0005  1394.6990 1418.5723   242241.15813  -475737.83972  73%  0.71 0.66 0.33 0.21 1.00 0.27 0.25 0.27 1.00   0.0072 0.0108 0.0034  0.0005  1393.1534 1419.0560   269396.07797  -475737.88474  74%  0.71 0.66 0.33 0.21 1.00 0.27 0.25 0.27 1.00   0.0072 0.0108 0.0034  0.0005  1389.6630 1422.8722   278075.37891  -475737.93974  74%  0.71 0.66 0.33 0.21 1.00 0.27 0.25 0.27 1.00   0.0072 0.0108 0.0034  0.0005  1389.3878 1422.2934   248569.98992  -475737.96937  75%  0.71 0.66 0.33 0.21 1.00 0.27 0.25 0.27 1.00   0.0072 0.0108 0.0034  0.0005  1393.0553 1419.2563   286538.04553  -475737.95487  75%  0.71 0.66 0.33 0.21 1.00 0.27 0.25 0.27 1.00   0.0072 0.0108 0.0034  0.0005  1394.5888 1417.7464   273348.61594  -475737.91918  170:18:20
  76%  0.71 0.66 0.33 0.21 1.00 0.27 0.25 0.27 1.00   0.0072 0.0108 0.0034  0.0005  1392.9386 1420.9844   265931.97177  -475737.87405  76%  0.71 0.66 0.33 0.21 1.00 0.27 0.24 0.27 1.00   0.0072 0.0108 0.0034  0.0005  1393.5640 1420.8448   267380.62196  -475737.81328  77%  0.71 0.66 0.33 0.21 1.00 0.27 0.24 0.27 1.00   0.0072 0.0108 0.0034  0.0005  1392.9328 1421.5444   255981.57408  -475737.71170  77%  0.71 0.66 0.33 0.21 1.00 0.27 0.25 0.27 1.00   0.0072 0.0108 0.0034  0.0005  1390.6831 1421.4009   235852.47516  -475737.77834  78%  0.71 0.66 0.33 0.21 1.00 0.27 0.24 0.27 1.00   0.0072 0.0108 0.0034  0.0005  1388.6148 1422.5584   237236.61929  -475737.74756  78%  0.71 0.66 0.33 0.21 1.00 0.27 0.24 0.27 1.00   0.0072 0.0108 0.0034  0.0005  1386.9735 1422.9281   267133.32443  -475737.82392  79%  0.71 0.66 0.33 0.21 1.00 0.27 0.24 0.27 1.00   0.0072 0.0108 0.0034  0.0005  1383.2515 1427.4475   296605.08988  -475737.81527  79%  0.71 0.66 0.33 0.21 1.00 0.27 0.24 0.27 1.00   0.0072 0.0108 0.0034  0.0005  1382.5758 1428.9039   273146.42369  -475737.77147  80%  0.71 0.66 0.33 0.21 1.00 0.27 0.24 0.27 1.00   0.0072 0.0108 0.0034  0.0005  1382.6273 1427.8117   272134.81141  -475737.79659  80%  0.71 0.66 0.33 0.21 1.00 0.27 0.24 0.27 1.00   0.0072 0.0108 0.0034  0.0005  1382.4487 1428.2325   262819.91357  -475737.76550  179:39:45
  81%  0.71 0.66 0.33 0.21 1.00 0.27 0.24 0.27 1.00   0.0072 0.0108 0.0034  0.0005  1382.4296 1428.3599   258801.75460  -475737.72353  81%  0.71 0.66 0.33 0.21 1.00 0.27 0.24 0.27 1.00   0.0072 0.0108 0.0034  0.0005  1382.1053 1429.3983   281996.96928  -475737.69903  82%  0.71 0.66 0.33 0.21 1.00 0.27 0.24 0.27 1.00   0.0072 0.0108 0.0034  0.0005  1384.4651 1427.3618   264602.12315  -475737.67019  82%  0.71 0.66 0.33 0.21 1.00 0.27 0.24 0.27 1.00   0.0072 0.0108 0.0034  0.0005  1386.5811 1426.1517   257117.50753  -475737.60915  83%  0.71 0.66 0.33 0.21 1.00 0.27 0.24 0.27 1.00   0.0072 0.0108 0.0034  0.0005  1384.8967 1428.0680   266302.17450  -475737.59441  83%  0.71 0.66 0.33 0.21 1.00 0.27 0.24 0.27 1.00   0.0072 0.0108 0.0034  0.0005  1384.1182 1429.1674   253279.88276  -475737.55088  84%  0.71 0.66 0.33 0.21 1.00 0.27 0.24 0.27 1.00   0.0072 0.0108 0.0034  0.0005  1383.8707 1429.2317   260770.53258  -475737.52722  84%  0.71 0.66 0.33 0.21 1.00 0.27 0.24 0.27 1.00   0.0072 0.0108 0.0034  0.0005  1382.7537 1430.9078   291225.54820  -475737.45443  85%  0.71 0.66 0.33 0.21 1.00 0.27 0.24 0.27 1.00   0.0072 0.0108 0.0034  0.0005  1380.3319 1433.5626   260530.46040  -475737.46373  85%  0.71 0.66 0.33 0.21 1.00 0.27 0.24 0.27 1.00   0.0072 0.0108 0.0034  0.0005  1378.7358 1434.9989   274023.42027  -475737.44305  189:29:21
  86%  0.71 0.66 0.33 0.21 1.00 0.27 0.24 0.27 1.00   0.0072 0.0108 0.0034  0.0005  1376.4735 1438.0674   275026.79374  -475737.35163  86%  0.71 0.66 0.33 0.21 1.00 0.27 0.24 0.27 1.00   0.0072 0.0108 0.0034  0.0005  1378.4441 1436.7921   248295.14118  -475737.32582  87%  0.71 0.66 0.33 0.21 1.00 0.27 0.24 0.27 1.00   0.0072 0.0108 0.0034  0.0005  1380.7630 1433.7445   265474.84679  -475737.34476  87%  0.71 0.66 0.33 0.21 1.00 0.27 0.24 0.27 1.00   0.0072 0.0108 0.0034  0.0005  1379.1719 1437.2073   249050.78800  -475737.27806  88%  0.71 0.66 0.33 0.21 1.00 0.27 0.24 0.27 1.00   0.0072 0.0108 0.0034  0.0005  1376.3117 1441.3858   264737.60049  -475737.21514  88%  0.71 0.66 0.33 0.21 1.00 0.27 0.24 0.27 1.00   0.0072 0.0108 0.0034  0.0005  1373.1937 1445.4058   263256.03828  -475737.18938  89%  0.71 0.66 0.33 0.21 1.00 0.27 0.24 0.27 1.00   0.0072 0.0108 0.0034  0.0005  1372.4623 1445.8625   254474.38097  -475737.17664  89%  0.71 0.66 0.33 0.21 1.00 0.27 0.24 0.27 1.00   0.0072 0.0108 0.0034  0.0005  1371.4872 1446.6880   257060.05472  -475737.16879  90%  0.71 0.66 0.33 0.21 1.00 0.27 0.24 0.27 1.00   0.0072 0.0108 0.0034  0.0005  1369.8040 1450.2374   248624.80539  -475737.16816  90%  0.71 0.66 0.33 0.21 1.00 0.27 0.24 0.27 1.00   0.0072 0.0108 0.0034  0.0005  1366.5039 1452.5371   252813.73249  -475737.18500  198:42:07
  91%  0.71 0.66 0.33 0.21 1.00 0.27 0.24 0.27 1.00   0.0072 0.0108 0.0034  0.0005  1365.1118 1453.6110   259774.89567  -475737.26711  91%  0.71 0.66 0.33 0.21 1.00 0.27 0.24 0.27 1.00   0.0072 0.0108 0.0034  0.0005  1365.0548 1452.3238   236668.99159  -475737.31598  92%  0.71 0.66 0.33 0.21 1.00 0.27 0.25 0.27 1.00   0.0072 0.0108 0.0034  0.0005  1365.3857 1450.7411   257091.89564  -475737.30823  92%  0.71 0.66 0.33 0.21 1.00 0.27 0.25 0.27 1.00   0.0072 0.0108 0.0034  0.0005  1365.2417 1450.6291   275213.63563  -475737.28028  93%  0.71 0.66 0.33 0.21 1.00 0.27 0.25 0.27 1.00   0.0072 0.0108 0.0034  0.0005  1369.2007 1448.1432   255107.53981  -475737.21815  93%  0.71 0.66 0.33 0.21 1.00 0.27 0.25 0.27 1.00   0.0072 0.0108 0.0034  0.0005  1372.1063 1445.7093   259888.98913  -475737.20371  94%  0.71 0.66 0.33 0.21 1.00 0.27 0.25 0.27 1.00   0.0072 0.0108 0.0034  0.0005  1375.3815 1443.4049   259996.37454  -475737.11300  94%  0.71 0.66 0.33 0.21 1.00 0.27 0.25 0.27 1.00   0.0072 0.0108 0.0034  0.0005  1379.0257 1439.6042   251155.13580  -475737.10007  95%  0.71 0.66 0.33 0.21 1.00 0.27 0.25 0.28 1.00   0.0072 0.0108 0.0034  0.0005  1381.2420 1435.2759   239480.51541  -475737.16246  95%  0.71 0.66 0.33 0.21 1.00 0.27 0.24 0.28 1.00   0.0072 0.0108 0.0034  0.0005  1382.6725 1432.8066   259155.76929  -475737.13403  207:38:37
  96%  0.71 0.66 0.33 0.21 1.00 0.27 0.24 0.28 1.00   0.0072 0.0108 0.0034  0.0005  1384.9108 1430.1599   259271.82961  -475737.12831  96%  0.71 0.66 0.33 0.21 1.00 0.27 0.25 0.28 1.00   0.0072 0.0108 0.0034  0.0005  1386.6763 1428.5790   262469.61135  -475737.07609  97%  0.71 0.66 0.33 0.21 1.00 0.27 0.25 0.28 1.00   0.0072 0.0108 0.0034  0.0005  1387.2463 1427.8851   249871.98567  -475737.07022  97%  0.71 0.66 0.33 0.21 1.00 0.27 0.25 0.28 1.00   0.0072 0.0108 0.0034  0.0005  1387.1447 1428.1275   248655.09255  -475737.04072  98%  0.71 0.66 0.33 0.21 1.00 0.27 0.25 0.28 1.00   0.0072 0.0108 0.0034  0.0005  1387.1850 1428.5413   273868.56382  -475737.00073  98%  0.71 0.66 0.33 0.21 1.00 0.27 0.25 0.28 1.00   0.0072 0.0108 0.0034  0.0005  1384.7074 1431.7320   252700.81945  -475736.97949  99%  0.71 0.66 0.33 0.21 1.00 0.27 0.25 0.28 1.00   0.0072 0.0108 0.0034  0.0005  1382.4353 1435.5535   261215.53660  -475736.92229  99%  0.71 0.66 0.33 0.21 1.00 0.27 0.25 0.28 1.00   0.0072 0.0108 0.0034  0.0005  1378.6975 1440.7243   245726.14796  -475736.87233 100%  0.71 0.66 0.33 0.21 1.00 0.27 0.25 0.28 1.00   0.0072 0.0108 0.0034  0.0005  1376.1838 1444.0360   246832.04145  -475736.90049 100%  0.71 0.66 0.33 0.21 1.00 0.27 0.25 0.28 1.00   0.0072 0.0108 0.0034  0.0005  1373.8948 1447.8348   280105.82110  -475736.85989  216:26:55

216:26:55 spent in MCMC

Node-Index  Node-Type  Node-Label
---------------------------------
1           Tip        ajan
2           Tip        alas
3           Root       R

 param      mean        median        S.D         min          max         2.5%        97.5%      2.5%HPD     97.5%HPD       ESS*        Eff*      rho1  
---------------------------------------------------------------------------------------------------------------------------------------------------------
theta:1     0.007180     0.007142    0.000830    0.004445     0.010996    0.005682     0.008887    0.005594     0.008790   127.447057  0.002549  0.877261
theta:2     0.010813     0.010758    0.001049    0.006875     0.015709    0.008881     0.013021    0.008788     0.012887   219.989485  0.004400  0.813633
theta:3     0.003374     0.003372    0.000108    0.002925     0.003828    0.003165     0.003586    0.003157     0.003577  1554.358903  0.031087  0.490933
tau:3       0.000517     0.000516    0.000033    0.000389     0.000666    0.000455     0.000583    0.000456     0.000583   550.839712  0.011017  0.887475
W:1->2   1373.909377  1356.494331  388.684729  267.904600  3431.752814  653.193922  2157.037078  620.396709  2115.840230    89.179629  0.001784  0.983363
W:2->1   1447.889097  1421.520827  451.142040  218.854212  3258.686042  640.849284  2384.489490  570.794960  2301.375676    85.688523  0.001714  0.984819
M:1->2      3.650291     3.647799    0.867915    0.917975     7.376824    1.968516     5.343930    1.966368     5.341002    97.136468  0.001943  0.955254
M:2->1      2.524206     2.537027    0.590110    0.522733     5.014208    1.347208     3.652415    1.351297     3.654334    94.683888  0.001894  0.955101

lnL      -475736.756392  -475735.824000   68.666634  -476005.139000  -475452.079000  -475872.965000  -475604.497000  -475873.502000  -475605.260000  1557.308701  0.031146  0.145956


FigTree tree is in fit/output/ch6.FigTree.tre

Summarizing parameter estimates using file fit/output/ch6.conditional_a1b1.txt ...

 param      mean         S.D         2.5%        97.5%      2.5%HPD     97.5%HPD      Effu      Effy       c    
----------------------------------------------------------------------------------------------------------------
theta:1     0.007181    0.000830    0.005671     0.008878    0.005578     0.008778  0.002541  0.002541  1.009975
theta:2     0.010815    0.001050    0.008896     0.013019    0.008770     0.012877  0.004410  0.004409  1.015953
theta:3     0.003374    0.000108    0.003166     0.003586    0.003162     0.003583  0.031029  0.030972  1.062785
W:1->2   1373.906020  388.808609  654.662892  2151.453665  622.442347  2116.303980  0.001786  0.001786  1.001449
M:1->2      3.650828    0.868378    1.959550     5.366037    2.000633     5.380439  0.001946  0.001946  1.004998
W:2->1   1447.755919  451.065541  642.273571  2382.103245  570.729173  2300.802793  0.001713  0.001713  1.001307
M:2->1      2.524316    0.590013    1.351818     3.655576    1.369061     3.667689  0.001895  0.001895  1.005036

