Detected CPU features: mmx sse sse2 sse3 ssse3 sse4.1 sse4.2 popcnt avx avx2
bpp v4.8.7_macos_x86_64, 128GB RAM, 36 cores
https://github.com/bpp/bpp

Auto-selected SIMD ISA: AVX2


Starting timer..
Seed: 1297691117 (randomly generated)
Parsing species tree... Done
Parsing phylip file... Done

Summary of alignments *before* phasing sequences:
 Locus | Model | Sequences | Length | Ambiguous sites | Compressed | Base freqs 
-------+-------+-----------+--------+-----------------+------------+------------
     1 |  JC69 |        10 |    128 |               1 |          2 |      Fixed 
     2 |  JC69 |        20 |    135 |               2 |          3 |      Fixed 
     3 |  JC69 |         2 |    274 |               7 |          4 |      Fixed 
     4 |  JC69 |         3 |    282 |              74 |          4 |      Fixed 
     5 |  JC69 |        15 |    108 |               2 |          3 |      Fixed 
     6 |  JC69 |        19 |    620 |             248 |         36 |      Fixed 
     7 |  JC69 |        16 |    153 |              77 |          4 |      Fixed 
     8 |  JC69 |         4 |     70 |               1 |          2 |      Fixed 
     9 |  JC69 |         2 |     53 |               0 |          1 |      Fixed 
    10 |  JC69 |        17 |    373 |             255 |         16 |      Fixed 
    11 |  JC69 |         5 |    282 |              13 |          7 |      Fixed 
    12 |  JC69 |        20 |    179 |               0 |          1 |      Fixed 
    13 |  JC69 |        20 |    565 |               4 |          5 |      Fixed 
    14 |  JC69 |         6 |    278 |              14 |          6 |      Fixed 
    15 |  JC69 |        15 |    778 |             575 |         39 |      Fixed 
    16 |  JC69 |        11 |    176 |               2 |          3 |      Fixed 
    17 |  JC69 |        12 |     61 |               2 |          3 |      Fixed 
    18 |  JC69 |         3 |    105 |               0 |          1 |      Fixed 
    19 |  JC69 |        16 |    201 |               6 |          7 |      Fixed 
    20 |  JC69 |        13 |     73 |               0 |          2 |      Fixed 
    21 |  JC69 |        19 |    826 |             566 |         35 |      Fixed 
    22 |  JC69 |        18 |    149 |               6 |          7 |      Fixed 
    23 |  JC69 |         9 |    329 |             164 |          7 |      Fixed 
    24 |  JC69 |        19 |    160 |               8 |          7 |      Fixed 
    25 |  JC69 |        20 |    362 |              62 |         18 |      Fixed 
    26 |  JC69 |        10 |    492 |             329 |         18 |      Fixed 
    27 |  JC69 |        19 |    207 |              10 |          6 |      Fixed 
    28 |  JC69 |        14 |    193 |               2 |          5 |      Fixed 
    29 |  JC69 |        18 |     91 |               3 |          4 |      Fixed 
    30 |  JC69 |         2 |     65 |               8 |          3 |      Fixed 
    31 |  JC69 |        12 |    427 |             163 |         17 |      Fixed 
    32 |  JC69 |         2 |    279 |               7 |          5 |      Fixed 
    33 |  JC69 |        17 |    158 |               2 |          3 |      Fixed 
    34 |  JC69 |         2 |    282 |              14 |          5 |      Fixed 
    35 |  JC69 |        14 |    510 |             201 |         20 |      Fixed 
    36 |  JC69 |         9 |    168 |               6 |          7 |      Fixed 
    37 |  JC69 |        19 |    172 |              12 |          5 |      Fixed 
    38 |  JC69 |        12 |    407 |             153 |         18 |      Fixed 
    39 |  JC69 |        15 |    241 |              22 |         13 |      Fixed 
    40 |  JC69 |         2 |    279 |               2 |          4 |      Fixed 
    41 |  JC69 |        17 |    227 |              13 |         10 |      Fixed 
    42 |  JC69 |        18 |    109 |               2 |          3 |      Fixed 
    43 |  JC69 |        19 |    335 |             176 |          7 |      Fixed 
    44 |  JC69 |         7 |     82 |               1 |          2 |      Fixed 
    45 |  JC69 |        19 |    457 |              84 |         30 |      Fixed 
    46 |  JC69 |        20 |    146 |              58 |          6 |      Fixed 
    47 |  JC69 |         2 |    271 |              80 |          6 |      Fixed 
    48 |  JC69 |        20 |    115 |               3 |          4 |      Fixed 
    49 |  JC69 |        15 |    154 |               7 |          8 |      Fixed 
    50 |  JC69 |         2 |    283 |              10 |          3 |      Fixed 
    51 |  JC69 |        20 |    149 |              64 |          7 |      Fixed 
    52 |  JC69 |        18 |    479 |              12 |         14 |      Fixed 
    53 |  JC69 |         3 |    180 |               3 |          3 |      Fixed 
    54 |  JC69 |         2 |     86 |               0 |          1 |      Fixed 
    55 |  JC69 |        20 |     93 |               5 |          7 |      Fixed 
    56 |  JC69 |         2 |    283 |               6 |          4 |      Fixed 
    57 |  JC69 |         3 |    283 |              15 |          5 |      Fixed 
    58 |  JC69 |         9 |    333 |             154 |         15 |      Fixed 
    59 |  JC69 |         3 |     60 |               0 |          1 |      Fixed 
    60 |  JC69 |        16 |    124 |               3 |          3 |      Fixed 
    61 |  JC69 |        20 |   1337 |             619 |         33 |      Fixed 
    62 |  JC69 |        19 |    405 |              53 |         31 |      Fixed 
    63 |  JC69 |        14 |    233 |              32 |         12 |      Fixed 
    64 |  JC69 |        20 |    201 |               4 |          3 |      Fixed 
    65 |  JC69 |        19 |    385 |              28 |         10 |      Fixed 
    66 |  JC69 |        10 |    207 |               9 |          5 |      Fixed 
    67 |  JC69 |        13 |    254 |              89 |          8 |      Fixed 
    68 |  JC69 |        14 |     83 |               0 |          1 |      Fixed 
    69 |  JC69 |        20 |    438 |             108 |          8 |      Fixed 
    70 |  JC69 |         3 |    278 |              28 |          8 |      Fixed 
    71 |  JC69 |         6 |    361 |             130 |         12 |      Fixed 
    72 |  JC69 |         7 |    315 |              59 |         14 |      Fixed 
    73 |  JC69 |        18 |    158 |               5 |          6 |      Fixed 
    74 |  JC69 |         9 |    178 |              36 |          4 |      Fixed 
    75 |  JC69 |        15 |    729 |             591 |         32 |      Fixed 
    76 |  JC69 |         8 |    279 |              21 |         18 |      Fixed 
    77 |  JC69 |        12 |    286 |              29 |         19 |      Fixed 
    78 |  JC69 |        20 |    272 |               1 |          2 |      Fixed 
    79 |  JC69 |         4 |    253 |              78 |          9 |      Fixed 
    80 |  JC69 |        19 |    465 |             230 |         12 |      Fixed 
    81 |  JC69 |         4 |    276 |              23 |          9 |      Fixed 
    82 |  JC69 |         4 |    282 |               9 |          7 |      Fixed 
    83 |  JC69 |        19 |    201 |               7 |          8 |      Fixed 
    84 |  JC69 |        20 |     98 |               5 |          6 |      Fixed 
    85 |  JC69 |         4 |    278 |              13 |          6 |      Fixed 
    86 |  JC69 |         2 |     43 |               0 |          1 |      Fixed 
    87 |  JC69 |         3 |    147 |               0 |          1 |      Fixed 
    88 |  JC69 |        10 |    284 |              22 |         16 |      Fixed 
    89 |  JC69 |        10 |    284 |              22 |         17 |      Fixed 
    90 |  JC69 |        20 |    368 |             185 |         14 |      Fixed 
    91 |  JC69 |        20 |    181 |               8 |          8 |      Fixed 
    92 |  JC69 |        20 |    422 |               8 |         10 |      Fixed 
    93 |  JC69 |         2 |    128 |               0 |          1 |      Fixed 
    94 |  JC69 |         7 |    404 |             193 |         11 |      Fixed 
    95 |  JC69 |         6 |    423 |             209 |         16 |      Fixed 
    96 |  JC69 |        11 |    282 |              12 |         13 |      Fixed 
    97 |  JC69 |        18 |     81 |               2 |          3 |      Fixed 
    98 |  JC69 |        20 |    383 |             117 |         21 |      Fixed 
    99 |  JC69 |        18 |    482 |              90 |         28 |      Fixed 
   100 |  JC69 |        12 |    527 |              21 |         19 |      Fixed 
   101 |  JC69 |         6 |    200 |              54 |          5 |      Fixed 
   102 |  JC69 |        20 |     65 |               5 |          2 |      Fixed 
   103 |  JC69 |         3 |     50 |               0 |          1 |      Fixed 
   104 |  JC69 |        20 |    410 |             155 |         12 |      Fixed 
   105 |  JC69 |         4 |     99 |               0 |          1 |      Fixed 
   106 |  JC69 |         8 |    240 |              91 |          3 |      Fixed 
   107 |  JC69 |        13 |     94 |               2 |          3 |      Fixed 
   108 |  JC69 |        16 |    103 |              23 |          4 |      Fixed 
   109 |  JC69 |        18 |     60 |               2 |          4 |      Fixed 
   110 |  JC69 |         3 |    280 |              10 |          6 |      Fixed 
   111 |  JC69 |        15 |    194 |               1 |          2 |      Fixed 
   112 |  JC69 |        20 |    323 |             146 |          7 |      Fixed 
   113 |  JC69 |         9 |    454 |             253 |         10 |      Fixed 
   114 |  JC69 |         2 |     90 |               0 |          1 |      Fixed 
   115 |  JC69 |         2 |    121 |               0 |          1 |      Fixed 
   116 |  JC69 |         2 |    110 |               0 |          1 |      Fixed 
   117 |  JC69 |         2 |    169 |               3 |          2 |      Fixed 
   118 |  JC69 |        13 |    224 |               5 |          6 |      Fixed 
   119 |  JC69 |         7 |    398 |             133 |         11 |      Fixed 
   120 |  JC69 |         4 |    282 |              10 |          6 |      Fixed 
   121 |  JC69 |        16 |    176 |               8 |          5 |      Fixed 
   122 |  JC69 |        20 |    164 |               3 |          4 |      Fixed 
   123 |  JC69 |        19 |    326 |             323 |         18 |      Fixed 
   124 |  JC69 |        11 |    245 |              75 |         13 |      Fixed 
   125 |  JC69 |         4 |     63 |               7 |          3 |      Fixed 
   126 |  JC69 |        17 |    137 |              13 |          7 |      Fixed 
   127 |  JC69 |         5 |    177 |              12 |          3 |      Fixed 
   128 |  JC69 |        16 |    259 |              27 |         21 |      Fixed 
   129 |  JC69 |        19 |     64 |               3 |          3 |      Fixed 
   130 |  JC69 |        20 |    262 |             100 |          7 |      Fixed 
   131 |  JC69 |         3 |    275 |              12 |          9 |      Fixed 
   132 |  JC69 |        10 |    235 |              12 |          7 |      Fixed 
   133 |  JC69 |         5 |    287 |              22 |          7 |      Fixed 
   134 |  JC69 |        20 |    132 |               2 |          3 |      Fixed 
   135 |  JC69 |         5 |    281 |              16 |          8 |      Fixed 
   136 |  JC69 |         4 |    223 |               5 |          3 |      Fixed 
   137 |  JC69 |        20 |    148 |              76 |          9 |      Fixed 
   138 |  JC69 |        16 |    148 |               5 |          6 |      Fixed 
   139 |  JC69 |        16 |    284 |              45 |         23 |      Fixed 
   140 |  JC69 |        20 |     73 |               2 |          3 |      Fixed 
   141 |  JC69 |        19 |    549 |             423 |         18 |      Fixed 
   142 |  JC69 |        20 |    219 |               4 |          5 |      Fixed 
   143 |  JC69 |        18 |    292 |              27 |         17 |      Fixed 
   144 |  JC69 |         7 |    278 |              62 |         15 |      Fixed 
   145 |  JC69 |        16 |   1036 |             754 |         44 |      Fixed 
   146 |  JC69 |        11 |    226 |               4 |          5 |      Fixed 
   147 |  JC69 |         3 |     55 |               0 |          1 |      Fixed 
   148 |  JC69 |         3 |     47 |               1 |          2 |      Fixed 
   149 |  JC69 |        18 |     86 |               6 |          7 |      Fixed 
   150 |  JC69 |         2 |    278 |              15 |          5 |      Fixed 
   151 |  JC69 |        17 |    486 |              30 |         21 |      Fixed 
   152 |  JC69 |        17 |    111 |               4 |          5 |      Fixed 
   153 |  JC69 |        16 |    967 |             755 |         46 |      Fixed 
   154 |  JC69 |        16 |     86 |               6 |          3 |      Fixed 
   155 |  JC69 |        17 |    176 |              11 |          9 |      Fixed 
   156 |  JC69 |         4 |     84 |               0 |          1 |      Fixed 
   157 |  JC69 |         5 |    287 |              75 |         12 |      Fixed 
   158 |  JC69 |         3 |     44 |               2 |          3 |      Fixed 
   159 |  JC69 |        20 |    296 |               9 |          9 |      Fixed 
   160 |  JC69 |        17 |    282 |              75 |         10 |      Fixed 
   161 |  JC69 |         5 |    215 |              16 |          8 |      Fixed 
   162 |  JC69 |        20 |    214 |              16 |         12 |      Fixed 
   163 |  JC69 |         3 |     47 |               0 |          1 |      Fixed 
   164 |  JC69 |        20 |    288 |             173 |         14 |      Fixed 
   165 |  JC69 |        20 |    186 |               6 |          4 |      Fixed 
   166 |  JC69 |        20 |    491 |             414 |         16 |      Fixed 
   167 |  JC69 |        15 |    231 |               5 |          7 |      Fixed 
   168 |  JC69 |        20 |    959 |             623 |         23 |      Fixed 
   169 |  JC69 |        19 |     56 |               2 |          3 |      Fixed 
   170 |  JC69 |        16 |    110 |               1 |          2 |      Fixed 
   171 |  JC69 |         4 |    456 |             200 |          5 |      Fixed 
   172 |  JC69 |        11 |     75 |               1 |          2 |      Fixed 
   173 |  JC69 |         3 |    192 |               7 |          3 |      Fixed 
   174 |  JC69 |         6 |    182 |               6 |          5 |      Fixed 
   175 |  JC69 |        20 |    136 |               2 |          3 |      Fixed 
   176 |  JC69 |        19 |    131 |               5 |          6 |      Fixed 
   177 |  JC69 |         4 |    280 |              21 |          7 |      Fixed 
   178 |  JC69 |        20 |    282 |               6 |          7 |      Fixed 
   179 |  JC69 |        18 |     86 |               8 |         10 |      Fixed 
   180 |  JC69 |         8 |     69 |               4 |          6 |      Fixed 
   181 |  JC69 |        18 |    191 |               4 |          7 |      Fixed 
   182 |  JC69 |        14 |    182 |              62 |         10 |      Fixed 
   183 |  JC69 |         6 |    282 |              83 |         11 |      Fixed 
   184 |  JC69 |         5 |    279 |              17 |         10 |      Fixed 
   185 |  JC69 |         3 |    322 |              55 |          7 |      Fixed 
   186 |  JC69 |        14 |     43 |               1 |          2 |      Fixed 
   187 |  JC69 |        20 |    292 |              21 |         16 |      Fixed 
   188 |  JC69 |        10 |     99 |               6 |          5 |      Fixed 
   189 |  JC69 |        20 |    146 |              20 |          7 |      Fixed 
   190 |  JC69 |         2 |    337 |               9 |          9 |      Fixed 
   191 |  JC69 |        18 |    292 |              22 |         16 |      Fixed 
   192 |  JC69 |         6 |     61 |               0 |          1 |      Fixed 
   193 |  JC69 |         5 |    283 |               2 |          2 |      Fixed 
   194 |  JC69 |        20 |    212 |               3 |          4 |      Fixed 
   195 |  JC69 |        18 |    241 |             106 |         15 |      Fixed 
   196 |  JC69 |        20 |    272 |               6 |          7 |      Fixed 
   197 |  JC69 |         9 |    114 |               1 |          2 |      Fixed 
   198 |  JC69 |        13 |    185 |              68 |         11 |      Fixed 
   199 |  JC69 |        15 |     75 |               2 |          3 |      Fixed 
   200 |  JC69 |         3 |    112 |              76 |         10 |      Fixed 
   201 |  JC69 |         4 |    286 |              34 |          8 |      Fixed 
   202 |  JC69 |         3 |     47 |               0 |          1 |      Fixed 
   203 |  JC69 |         2 |    259 |               0 |          1 |      Fixed 
   204 |  JC69 |         3 |     74 |               4 |          3 |      Fixed 
   205 |  JC69 |         2 |    248 |              10 |          5 |      Fixed 
   206 |  JC69 |         9 |     81 |               0 |          1 |      Fixed 
   207 |  JC69 |        16 |    382 |             115 |         17 |      Fixed 
   208 |  JC69 |         7 |     52 |               1 |          2 |      Fixed 
   209 |  JC69 |         4 |    351 |             173 |          6 |      Fixed 
   210 |  JC69 |         9 |    280 |              42 |         11 |      Fixed 
   211 |  JC69 |        15 |    251 |              10 |         10 |      Fixed 
   212 |  JC69 |         2 |     83 |               0 |          2 |      Fixed 
   213 |  JC69 |        20 |    138 |               3 |          3 |      Fixed 
   214 |  JC69 |        17 |    254 |               9 |          9 |      Fixed 
   215 |  JC69 |        20 |    149 |               7 |          7 |      Fixed 
   216 |  JC69 |         9 |    416 |             201 |          9 |      Fixed 
   217 |  JC69 |         8 |    278 |              12 |         11 |      Fixed 
   218 |  JC69 |         3 |     53 |               0 |          1 |      Fixed 
   219 |  JC69 |        17 |    587 |             336 |         26 |      Fixed 
   220 |  JC69 |         5 |    280 |              15 |          9 |      Fixed 
   221 |  JC69 |        20 |    601 |             340 |         23 |      Fixed 
   222 |  JC69 |        15 |     57 |               1 |          2 |      Fixed 
   223 |  JC69 |         7 |    489 |             250 |         10 |      Fixed 
   224 |  JC69 |         7 |    492 |             270 |         16 |      Fixed 
   225 |  JC69 |        13 |    211 |               9 |          7 |      Fixed 
   226 |  JC69 |         2 |    368 |              89 |          3 |      Fixed 
   227 |  JC69 |        14 |     54 |               1 |          2 |      Fixed 
   228 |  JC69 |         3 |    281 |              12 |          7 |      Fixed 
   229 |  JC69 |        13 |    287 |              21 |         16 |      Fixed 
   230 |  JC69 |         3 |     68 |               3 |          3 |      Fixed 
   231 |  JC69 |        20 |     84 |               3 |          4 |      Fixed 
   232 |  JC69 |         8 |    282 |              88 |         15 |      Fixed 
   233 |  JC69 |        20 |    118 |               0 |          1 |      Fixed 
   234 |  JC69 |        10 |    225 |               9 |          7 |      Fixed 
   235 |  JC69 |         3 |    172 |               0 |          2 |      Fixed 
   236 |  JC69 |        18 |    177 |               8 |          8 |      Fixed 
   237 |  JC69 |        19 |     75 |               2 |          3 |      Fixed 
   238 |  JC69 |         4 |    275 |              50 |          7 |      Fixed 
   239 |  JC69 |        19 |    148 |               3 |          4 |      Fixed 
   240 |  JC69 |         3 |    148 |               0 |          1 |      Fixed 
   241 |  JC69 |        12 |    272 |              74 |         11 |      Fixed 
   242 |  JC69 |         2 |     42 |               1 |          2 |      Fixed 
   243 |  JC69 |         3 |    192 |               1 |          2 |      Fixed 
   244 |  JC69 |         2 |     67 |               0 |          1 |      Fixed 
   245 |  JC69 |         2 |    257 |               1 |          2 |      Fixed 
   246 |  JC69 |        20 |    132 |               1 |          2 |      Fixed 
   247 |  JC69 |        20 |    206 |              12 |         12 |      Fixed 
   248 |  JC69 |         2 |    277 |               0 |          1 |      Fixed 
   249 |  JC69 |         8 |    283 |              24 |         14 |      Fixed 
   250 |  JC69 |         8 |    378 |               5 |          6 |      Fixed 
   251 |  JC69 |         3 |    171 |               7 |          7 |      Fixed 
   252 |  JC69 |        16 |    125 |              11 |         10 |      Fixed 
   253 |  JC69 |        20 |    268 |              14 |         12 |      Fixed 
   254 |  JC69 |        20 |    138 |              12 |          8 |      Fixed 
   255 |  JC69 |        15 |     73 |               1 |          2 |      Fixed 
   256 |  JC69 |        20 |    194 |               8 |          8 |      Fixed 
   257 |  JC69 |         7 |    101 |              21 |          5 |      Fixed 
   258 |  JC69 |         3 |    100 |               1 |          2 |      Fixed 
   259 |  JC69 |         2 |    283 |               0 |          1 |      Fixed 
   260 |  JC69 |        14 |    126 |              18 |          9 |      Fixed 
   261 |  JC69 |        15 |    166 |               6 |          5 |      Fixed 
   262 |  JC69 |         5 |    398 |             129 |         10 |      Fixed 
   263 |  JC69 |        10 |    211 |              82 |          4 |      Fixed 
   264 |  JC69 |        12 |    120 |              13 |         11 |      Fixed 
   265 |  JC69 |         2 |    283 |             144 |          8 |      Fixed 
   266 |  JC69 |        17 |    184 |               8 |          8 |      Fixed 
   267 |  JC69 |        20 |    598 |             244 |         18 |      Fixed 
   268 |  JC69 |         6 |    280 |              25 |         13 |      Fixed 
   269 |  JC69 |         3 |    275 |              20 |          6 |      Fixed 
   270 |  JC69 |        17 |    494 |              87 |         11 |      Fixed 
   271 |  JC69 |         5 |    282 |              11 |          8 |      Fixed 
   272 |  JC69 |         2 |    286 |               9 |          4 |      Fixed 
   273 |  JC69 |         6 |    281 |              19 |         13 |      Fixed 
   274 |  JC69 |        20 |    204 |               2 |          3 |      Fixed 
   275 |  JC69 |        20 |    150 |               1 |          2 |      Fixed 
   276 |  JC69 |         3 |    284 |               8 |          8 |      Fixed 
   277 |  JC69 |         9 |    284 |              12 |         12 |      Fixed 
   278 |  JC69 |         3 |    283 |              13 |          7 |      Fixed 
   279 |  JC69 |        17 |    257 |              12 |         11 |      Fixed 
   280 |  JC69 |         5 |    282 |              10 |          9 |      Fixed 
   281 |  JC69 |         3 |    145 |               0 |          1 |      Fixed 
   282 |  JC69 |        14 |    172 |              12 |          9 |      Fixed 
   283 |  JC69 |        20 |    129 |              12 |          2 |      Fixed 
   284 |  JC69 |        20 |    768 |             399 |         27 |      Fixed 
   285 |  JC69 |         3 |    283 |              86 |         10 |      Fixed 
   286 |  JC69 |        19 |    316 |               8 |         10 |      Fixed 
   287 |  JC69 |        19 |     51 |               2 |          3 |      Fixed 
   288 |  JC69 |        17 |    227 |              10 |          9 |      Fixed 
   289 |  JC69 |         5 |    236 |               5 |          4 |      Fixed 
   290 |  JC69 |        20 |    186 |               9 |         10 |      Fixed 
   291 |  JC69 |         5 |    100 |               0 |          1 |      Fixed 
   292 |  JC69 |        20 |    114 |               6 |          4 |      Fixed 
   293 |  JC69 |        20 |    157 |               2 |          3 |      Fixed 
   294 |  JC69 |        20 |    337 |             161 |         12 |      Fixed 
   295 |  JC69 |         6 |    247 |               6 |          4 |      Fixed 
   296 |  JC69 |        18 |     57 |               5 |          4 |      Fixed 
   297 |  JC69 |        16 |    630 |             630 |         34 |      Fixed 
   298 |  JC69 |        11 |    241 |               5 |          6 |      Fixed 
   299 |  JC69 |         4 |    187 |              17 |          6 |      Fixed 
   300 |  JC69 |        20 |    293 |             105 |          6 |      Fixed 
   301 |  JC69 |        15 |    433 |             197 |         37 |      Fixed 
   302 |  JC69 |        17 |    190 |               8 |          8 |      Fixed 
   303 |  JC69 |         5 |    246 |               3 |          4 |      Fixed 
   304 |  JC69 |        11 |    287 |              22 |         15 |      Fixed 
   305 |  JC69 |        20 |    148 |               2 |          3 |      Fixed 
   306 |  JC69 |        19 |    102 |               5 |          5 |      Fixed 
   307 |  JC69 |         3 |    281 |              17 |          9 |      Fixed 
   308 |  JC69 |        18 |    112 |              47 |          5 |      Fixed 
   309 |  JC69 |        17 |    657 |             546 |         24 |      Fixed 
   310 |  JC69 |        20 |    163 |              11 |          5 |      Fixed 
   311 |  JC69 |        15 |    157 |               7 |          8 |      Fixed 
   312 |  JC69 |        20 |    199 |               3 |          3 |      Fixed 
   313 |  JC69 |        11 |    484 |              32 |         17 |      Fixed 
   314 |  JC69 |        19 |    730 |             515 |         20 |      Fixed 
   315 |  JC69 |         8 |    432 |             161 |         11 |      Fixed 
   316 |  JC69 |         8 |    355 |             120 |         18 |      Fixed 
   317 |  JC69 |        20 |    116 |               8 |          8 |      Fixed 
   318 |  JC69 |        14 |    190 |              12 |         12 |      Fixed 
   319 |  JC69 |        17 |    250 |              18 |          9 |      Fixed 
   320 |  JC69 |        19 |     79 |               6 |          5 |      Fixed 
   321 |  JC69 |        18 |    149 |               7 |          6 |      Fixed 
   322 |  JC69 |        20 |     59 |               2 |          3 |      Fixed 
   323 |  JC69 |         6 |    540 |             273 |          8 |      Fixed 
   324 |  JC69 |         5 |     88 |               3 |          3 |      Fixed 
   325 |  JC69 |         7 |    260 |              10 |          8 |      Fixed 
   326 |  JC69 |        20 |    201 |               8 |          9 |      Fixed 
   327 |  JC69 |        14 |     93 |              17 |          9 |      Fixed 
   328 |  JC69 |         9 |     94 |               1 |          2 |      Fixed 
   329 |  JC69 |         2 |    135 |               0 |          2 |      Fixed 
   330 |  JC69 |         7 |    280 |              19 |         12 |      Fixed 
   331 |  JC69 |         5 |    188 |               6 |          5 |      Fixed 
   332 |  JC69 |        15 |    111 |               1 |          2 |      Fixed 
   333 |  JC69 |         3 |     71 |              23 |          2 |      Fixed 
   334 |  JC69 |         4 |    133 |               2 |          3 |      Fixed 
   335 |  JC69 |         2 |    283 |               3 |          2 |      Fixed 
   336 |  JC69 |        18 |    154 |               7 |          5 |      Fixed 
   337 |  JC69 |        18 |    162 |               2 |          3 |      Fixed 
   338 |  JC69 |         4 |     92 |               2 |          2 |      Fixed 
   339 |  JC69 |         8 |    206 |              13 |         11 |      Fixed 
   340 |  JC69 |        20 |     84 |               1 |          2 |      Fixed 
   341 |  JC69 |        17 |    292 |              27 |         17 |      Fixed 
   342 |  JC69 |        20 |     98 |               3 |          5 |      Fixed 
   343 |  JC69 |        13 |    282 |              72 |         13 |      Fixed 
   344 |  JC69 |         2 |    278 |              20 |          3 |      Fixed 
   345 |  JC69 |        20 |    362 |             101 |         23 |      Fixed 
   346 |  JC69 |        20 |     66 |               6 |          5 |      Fixed 
   347 |  JC69 |         6 |     69 |              19 |          3 |      Fixed 
   348 |  JC69 |        13 |    217 |              13 |          7 |      Fixed 
   349 |  JC69 |        20 |    389 |             126 |         28 |      Fixed 
   350 |  JC69 |        16 |    100 |              10 |          5 |      Fixed 
   351 |  JC69 |        20 |     99 |               3 |          5 |      Fixed 
   352 |  JC69 |        11 |    224 |               4 |          5 |      Fixed 
   353 |  JC69 |        20 |    361 |             160 |          7 |      Fixed 
   354 |  JC69 |        20 |    466 |             123 |         13 |      Fixed 
   355 |  JC69 |         6 |    280 |              13 |          9 |      Fixed 
   356 |  JC69 |         3 |    326 |              12 |          6 |      Fixed 
   357 |  JC69 |        20 |    453 |             116 |         18 |      Fixed 
   358 |  JC69 |        18 |    250 |              10 |          8 |      Fixed 
   359 |  JC69 |         8 |    348 |              85 |         15 |      Fixed 
   360 |  JC69 |         7 |     64 |               1 |          3 |      Fixed 
   361 |  JC69 |        16 |    150 |              18 |          9 |      Fixed 
   362 |  JC69 |        19 |    183 |               2 |          3 |      Fixed 
   363 |  JC69 |        17 |     51 |               5 |          4 |      Fixed 
   364 |  JC69 |         6 |    557 |             290 |         23 |      Fixed 
   365 |  JC69 |        10 |    400 |             144 |         23 |      Fixed 
   366 |  JC69 |         2 |    201 |               3 |          4 |      Fixed 
   367 |  JC69 |        20 |     73 |              12 |          6 |      Fixed 
   368 |  JC69 |        19 |     63 |               5 |          6 |      Fixed 
   369 |  JC69 |         8 |     74 |               1 |          2 |      Fixed 
   370 |  JC69 |        14 |    292 |              33 |         23 |      Fixed 
   371 |  JC69 |        13 |    115 |               5 |          7 |      Fixed 
   372 |  JC69 |        13 |    161 |              14 |         15 |      Fixed 
   373 |  JC69 |         4 |    277 |              12 |          7 |      Fixed 
   374 |  JC69 |        20 |    212 |               4 |          5 |      Fixed 
   375 |  JC69 |        20 |    203 |              12 |         12 |      Fixed 
   376 |  JC69 |         2 |    211 |               2 |          3 |      Fixed 
   377 |  JC69 |         3 |    123 |               0 |          1 |      Fixed 
   378 |  JC69 |        12 |    211 |               5 |          6 |      Fixed 
   379 |  JC69 |        20 |    248 |               4 |          5 |      Fixed 
   380 |  JC69 |         2 |    276 |               6 |          5 |      Fixed 
   381 |  JC69 |         2 |     45 |               0 |          1 |      Fixed 
   382 |  JC69 |        19 |     91 |               2 |          3 |      Fixed 
   383 |  JC69 |         4 |    268 |              27 |          8 |      Fixed 
   384 |  JC69 |         2 |    224 |              50 |          2 |      Fixed 
   385 |  JC69 |         9 |    168 |               2 |          4 |      Fixed 
   386 |  JC69 |        19 |    139 |               5 |          6 |      Fixed 
   387 |  JC69 |         3 |    123 |               4 |          6 |      Fixed 
   388 |  JC69 |         4 |    280 |               6 |          6 |      Fixed 
   389 |  JC69 |         4 |    129 |               4 |          3 |      Fixed 
   390 |  JC69 |         3 |     43 |               1 |          2 |      Fixed 
   391 |  JC69 |         4 |    279 |              21 |         10 |      Fixed 
   392 |  JC69 |        19 |    236 |              98 |         15 |      Fixed 
   393 |  JC69 |         7 |    406 |             269 |         11 |      Fixed 
   394 |  JC69 |        20 |    285 |              99 |          4 |      Fixed 
   395 |  JC69 |        20 |    253 |               5 |          4 |      Fixed 
   396 |  JC69 |        13 |    415 |             316 |         23 |      Fixed 
   397 |  JC69 |         6 |    244 |               7 |          6 |      Fixed 
   398 |  JC69 |        16 |    125 |              17 |          7 |      Fixed 
   399 |  JC69 |        15 |    135 |               3 |          4 |      Fixed 
   400 |  JC69 |         3 |    262 |              31 |          8 |      Fixed 
   401 |  JC69 |        20 |    549 |             179 |         19 |      Fixed 
   402 |  JC69 |         3 |     88 |               1 |          2 |      Fixed 
   403 |  JC69 |        14 |     54 |               7 |          5 |      Fixed 
   404 |  JC69 |        20 |     64 |               0 |          2 |      Fixed 
   405 |  JC69 |        16 |    152 |              17 |          5 |      Fixed 
   406 |  JC69 |        18 |   1156 |             701 |         48 |      Fixed 
   407 |  JC69 |        20 |    182 |               8 |          7 |      Fixed 
   408 |  JC69 |        16 |    393 |              15 |         16 |      Fixed 
   409 |  JC69 |        17 |     97 |               1 |          2 |      Fixed 
   410 |  JC69 |        20 |    108 |               2 |          3 |      Fixed 
   411 |  JC69 |        20 |    217 |             104 |          9 |      Fixed 
   412 |  JC69 |         5 |    282 |               9 |          6 |      Fixed 
   413 |  JC69 |        16 |    275 |               9 |          9 |      Fixed 
   414 |  JC69 |         3 |    184 |               3 |          3 |      Fixed 
   415 |  JC69 |        19 |    366 |              32 |         18 |      Fixed 
   416 |  JC69 |        16 |    360 |             169 |         24 |      Fixed 
   417 |  JC69 |         7 |    238 |              29 |         11 |      Fixed 
   418 |  JC69 |        11 |     58 |               3 |          4 |      Fixed 
   419 |  JC69 |         5 |     43 |               4 |          3 |      Fixed 
   420 |  JC69 |        18 |    215 |               6 |          7 |      Fixed 
   421 |  JC69 |         5 |    287 |              14 |         11 |      Fixed 
   422 |  JC69 |        15 |    252 |              45 |         17 |      Fixed 
   423 |  JC69 |        12 |    284 |              19 |         15 |      Fixed 
   424 |  JC69 |         8 |    187 |              54 |         10 |      Fixed 
   425 |  JC69 |        16 |     96 |              15 |          9 |      Fixed 
   426 |  JC69 |        10 |    344 |             126 |         13 |      Fixed 
   427 |  JC69 |        20 |     89 |               2 |          3 |      Fixed 
   428 |  JC69 |        20 |    371 |             371 |         18 |      Fixed 
   429 |  JC69 |        13 |    159 |               9 |          7 |      Fixed 
   430 |  JC69 |        16 |    446 |             238 |         26 |      Fixed 
   431 |  JC69 |         9 |     63 |               5 |          3 |      Fixed 
   432 |  JC69 |        20 |    144 |               3 |          4 |      Fixed 
   433 |  JC69 |        20 |    202 |              63 |          9 |      Fixed 
   434 |  JC69 |        19 |     75 |               1 |          2 |      Fixed 
   435 |  JC69 |         2 |    137 |               0 |          1 |      Fixed 
   436 |  JC69 |         7 |    202 |               2 |          4 |      Fixed 
   437 |  JC69 |        20 |    178 |               6 |          4 |      Fixed 
   438 |  JC69 |         2 |     67 |               6 |          2 |      Fixed 
   439 |  JC69 |        17 |    494 |              20 |         14 |      Fixed 
   440 |  JC69 |         4 |    280 |              84 |          7 |      Fixed 
   441 |  JC69 |         5 |    177 |               0 |          3 |      Fixed 
   442 |  JC69 |         4 |     73 |               1 |          2 |      Fixed 
   443 |  JC69 |         3 |    284 |              51 |          9 |      Fixed 
   444 |  JC69 |        20 |    124 |               2 |          3 |      Fixed 
   445 |  JC69 |        20 |    445 |             151 |         12 |      Fixed 
   446 |  JC69 |        20 |     78 |               3 |          3 |      Fixed 
   447 |  JC69 |         6 |    285 |              11 |          4 |      Fixed 
   448 |  JC69 |         6 |    281 |              32 |          9 |      Fixed 
   449 |  JC69 |        20 |    103 |               2 |          3 |      Fixed 
   450 |  JC69 |        13 |    156 |               2 |          4 |      Fixed 
   451 |  JC69 |        13 |    126 |               2 |          3 |      Fixed 
   452 |  JC69 |         7 |    259 |               5 |          4 |      Fixed 
   453 |  JC69 |         2 |    277 |               5 |          5 |      Fixed 
   454 |  JC69 |        17 |    213 |               9 |          8 |      Fixed 
   455 |  JC69 |        14 |    167 |               8 |         10 |      Fixed 
   456 |  JC69 |        14 |     80 |               4 |          5 |      Fixed 
   457 |  JC69 |         5 |    269 |              10 |          9 |      Fixed 
   458 |  JC69 |         6 |    280 |              76 |          9 |      Fixed 
   459 |  JC69 |         2 |     35 |               0 |          1 |      Fixed 
   460 |  JC69 |        16 |    116 |               3 |          4 |      Fixed 
   461 |  JC69 |        20 |    256 |              70 |          9 |      Fixed 
   462 |  JC69 |        11 |    257 |              41 |         11 |      Fixed 
   463 |  JC69 |        17 |    100 |               6 |          7 |      Fixed 
   464 |  JC69 |         3 |     44 |               0 |          1 |      Fixed 
   465 |  JC69 |        17 |    201 |              10 |         10 |      Fixed 
   466 |  JC69 |        20 |    280 |              94 |         12 |      Fixed 
   467 |  JC69 |         2 |    413 |             150 |          5 |      Fixed 
   468 |  JC69 |        20 |    130 |               5 |          7 |      Fixed 
   469 |  JC69 |         6 |    268 |              22 |         12 |      Fixed 
   470 |  JC69 |        19 |    218 |               2 |          4 |      Fixed 
   471 |  JC69 |         2 |     42 |               0 |          1 |      Fixed 
   472 |  JC69 |        20 |     88 |               2 |          3 |      Fixed 
   473 |  JC69 |        10 |    210 |               6 |          6 |      Fixed 
   474 |  JC69 |        20 |     78 |               3 |          4 |      Fixed 
   475 |  JC69 |        19 |    300 |             108 |          7 |      Fixed 
   476 |  JC69 |         2 |    280 |              37 |          8 |      Fixed 
   477 |  JC69 |        20 |    400 |             155 |         10 |      Fixed 
   478 |  JC69 |        15 |    129 |               5 |          6 |      Fixed 
   479 |  JC69 |        13 |    145 |              17 |         12 |      Fixed 
   480 |  JC69 |         5 |    192 |               1 |          3 |      Fixed 
   481 |  JC69 |         3 |    244 |               6 |          5 |      Fixed 
   482 |  JC69 |        20 |    225 |               4 |          5 |      Fixed 
   483 |  JC69 |        17 |    137 |              39 |          4 |      Fixed 
   484 |  JC69 |        11 |     45 |               1 |          2 |      Fixed 
   485 |  JC69 |        14 |     87 |               8 |          4 |      Fixed 
   486 |  JC69 |        13 |    241 |               9 |          7 |      Fixed 
   487 |  JC69 |        20 |    124 |               1 |          2 |      Fixed 
   488 |  JC69 |         3 |    276 |              21 |          8 |      Fixed 
   489 |  JC69 |        20 |    135 |               2 |          3 |      Fixed 
   490 |  JC69 |         3 |    279 |              14 |          9 |      Fixed 
   491 |  JC69 |        20 |    296 |              11 |          6 |      Fixed 
   492 |  JC69 |         2 |    186 |               0 |          1 |      Fixed 
   493 |  JC69 |         8 |    280 |               9 |          9 |      Fixed 
   494 |  JC69 |         8 |     51 |               4 |          2 |      Fixed 
   495 |  JC69 |        19 |     48 |               3 |          3 |      Fixed 
   496 |  JC69 |        20 |    211 |             103 |          5 |      Fixed 
   497 |  JC69 |        19 |    146 |               3 |          4 |      Fixed 
   498 |  JC69 |        16 |    228 |               4 |          5 |      Fixed 
   499 |  JC69 |         2 |     47 |               0 |          1 |      Fixed 
   500 |  JC69 |        20 |    175 |              46 |          4 |      Fixed 
   501 |  JC69 |         6 |     92 |               0 |          2 |      Fixed 
   502 |  JC69 |        12 |    219 |               5 |          5 |      Fixed 
   503 |  JC69 |         3 |    280 |              68 |          6 |      Fixed 
   504 |  JC69 |        19 |     81 |               2 |          3 |      Fixed 
   505 |  JC69 |        13 |    189 |              12 |         12 |      Fixed 
   506 |  JC69 |        14 |    127 |               2 |          4 |      Fixed 
   507 |  JC69 |        19 |     78 |               4 |          4 |      Fixed 
   508 |  JC69 |        17 |    477 |             326 |         16 |      Fixed 
   509 |  JC69 |        18 |    285 |              16 |         13 |      Fixed 
   510 |  JC69 |         2 |     55 |               2 |          2 |      Fixed 
   511 |  JC69 |         2 |    278 |              14 |         11 |      Fixed 
   512 |  JC69 |         3 |    214 |              11 |          5 |      Fixed 
   513 |  JC69 |        20 |    625 |             428 |         18 |      Fixed 
   514 |  JC69 |        20 |    813 |             813 |         47 |      Fixed 
   515 |  JC69 |         5 |     97 |               0 |          1 |      Fixed 
   516 |  JC69 |        12 |    281 |             101 |         22 |      Fixed 
   517 |  JC69 |        17 |    118 |               3 |          4 |      Fixed 
   518 |  JC69 |        11 |    178 |               8 |          5 |      Fixed 
   519 |  JC69 |         5 |    312 |             104 |         14 |      Fixed 
   520 |  JC69 |        13 |    207 |              16 |         16 |      Fixed 
   521 |  JC69 |        17 |    491 |             491 |         13 |      Fixed 
   522 |  JC69 |         9 |    283 |              71 |         16 |      Fixed 
   523 |  JC69 |        14 |    261 |              88 |         18 |      Fixed 
   524 |  JC69 |        18 |    292 |              30 |         21 |      Fixed 
   525 |  JC69 |        12 |    147 |              57 |         10 |      Fixed 
   526 |  JC69 |        16 |    109 |               3 |          4 |      Fixed 
   527 |  JC69 |         2 |    203 |               0 |          1 |      Fixed 
   528 |  JC69 |        20 |    122 |               8 |          5 |      Fixed 
   529 |  JC69 |         2 |    208 |               6 |          4 |      Fixed 
   530 |  JC69 |        19 |    139 |               2 |          3 |      Fixed 
   531 |  JC69 |         2 |    284 |              12 |          4 |      Fixed 
   532 |  JC69 |        20 |    177 |               4 |          5 |      Fixed 
   533 |  JC69 |        20 |    177 |               2 |          3 |      Fixed 
   534 |  JC69 |        13 |    285 |              59 |         19 |      Fixed 
   535 |  JC69 |        19 |     79 |               2 |          3 |      Fixed 
   536 |  JC69 |         5 |    281 |              66 |         11 |      Fixed 
   537 |  JC69 |        10 |    180 |              11 |          7 |      Fixed 
   538 |  JC69 |        15 |    148 |              16 |         17 |      Fixed 
   539 |  JC69 |        15 |    110 |              26 |          4 |      Fixed 
   540 |  JC69 |        19 |     43 |               3 |          4 |      Fixed 
   541 |  JC69 |         9 |    199 |               8 |          6 |      Fixed 
   542 |  JC69 |        20 |    103 |               2 |          3 |      Fixed 
   543 |  JC69 |        12 |    537 |              60 |         16 |      Fixed 
   544 |  JC69 |        11 |    668 |             557 |         19 |      Fixed 
   545 |  JC69 |         2 |     49 |               0 |          1 |      Fixed 
   546 |  JC69 |        20 |    153 |               3 |          3 |      Fixed 
   547 |  JC69 |        20 |     72 |               2 |          3 |      Fixed 
   548 |  JC69 |         3 |    175 |               0 |          1 |      Fixed 
   549 |  JC69 |        10 |    453 |             118 |         25 |      Fixed 
   550 |  JC69 |         2 |    282 |              91 |          5 |      Fixed 
   551 |  JC69 |         8 |    265 |               1 |          3 |      Fixed 
   552 |  JC69 |        15 |    292 |              24 |         11 |      Fixed 
   553 |  JC69 |        11 |    285 |              78 |         19 |      Fixed 
   554 |  JC69 |         9 |    371 |             112 |         10 |      Fixed 
   555 |  JC69 |        19 |    342 |              14 |          7 |      Fixed 
   556 |  JC69 |        17 |    188 |              14 |          4 |      Fixed 
   557 |  JC69 |        10 |    282 |              25 |         15 |      Fixed 
   558 |  JC69 |         2 |    338 |              11 |          8 |      Fixed 
   559 |  JC69 |         6 |    228 |              17 |         10 |      Fixed 
   560 |  JC69 |        18 |    247 |              15 |         12 |      Fixed 
   561 |  JC69 |        20 |    157 |               4 |          4 |      Fixed 
   562 |  JC69 |        19 |    104 |               2 |          3 |      Fixed 
   563 |  JC69 |        20 |    199 |               8 |          6 |      Fixed 
   564 |  JC69 |        12 |    124 |               2 |          3 |      Fixed 
   565 |  JC69 |        20 |    212 |             100 |          5 |      Fixed 
   566 |  JC69 |         3 |    280 |              33 |          6 |      Fixed 
   567 |  JC69 |         8 |     76 |               3 |          4 |      Fixed 
   568 |  JC69 |         9 |    102 |               0 |          4 |      Fixed 
   569 |  JC69 |        14 |    320 |             133 |         16 |      Fixed 
   570 |  JC69 |         6 |    382 |             117 |         17 |      Fixed 
   571 |  JC69 |        16 |     80 |               7 |          4 |      Fixed 
   572 |  JC69 |        19 |    272 |              81 |         14 |      Fixed 
   573 |  JC69 |         3 |     74 |               2 |          3 |      Fixed 
   574 |  JC69 |        13 |    138 |               6 |          7 |      Fixed 
   575 |  JC69 |         8 |    221 |               9 |         10 |      Fixed 
   576 |  JC69 |         4 |     78 |               4 |          4 |      Fixed 
   577 |  JC69 |         7 |    130 |              16 |          9 |      Fixed 
   578 |  JC69 |        13 |     63 |               1 |          6 |      Fixed 
   579 |  JC69 |         6 |    259 |              57 |         14 |      Fixed 
   580 |  JC69 |        12 |    135 |               3 |          5 |      Fixed 
   581 |  JC69 |         9 |     99 |               1 |          5 |      Fixed 
   582 |  JC69 |        20 |     58 |               5 |          6 |      Fixed 
   583 |  JC69 |        19 |     67 |               2 |          3 |      Fixed 
   584 |  JC69 |        20 |    141 |               7 |          7 |      Fixed 
   585 |  JC69 |        20 |    183 |               4 |          5 |      Fixed 
   586 |  JC69 |        20 |    127 |               2 |          3 |      Fixed 
   587 |  JC69 |         7 |    277 |               4 |          4 |      Fixed 
   588 |  JC69 |         2 |    178 |               0 |          1 |      Fixed 
   589 |  JC69 |        11 |    323 |             162 |         24 |      Fixed 
   590 |  JC69 |         3 |    281 |               4 |          4 |      Fixed 
   591 |  JC69 |         5 |    272 |              11 |          4 |      Fixed 
   592 |  JC69 |         5 |    350 |             107 |         12 |      Fixed 
   593 |  JC69 |        16 |     98 |               2 |          3 |      Fixed 
   594 |  JC69 |         2 |    280 |               8 |          3 |      Fixed 
   595 |  JC69 |        19 |    193 |               6 |          5 |      Fixed 
   596 |  JC69 |        15 |    311 |              15 |         14 |      Fixed 
   597 |  JC69 |         2 |    201 |              60 |          3 |      Fixed 
   598 |  JC69 |         4 |     88 |               0 |          1 |      Fixed 
   599 |  JC69 |        16 |     83 |               4 |          4 |      Fixed 
   600 |  JC69 |         5 |    282 |              18 |          9 |      Fixed 
   601 |  JC69 |         5 |    141 |               1 |          2 |      Fixed 
   602 |  JC69 |         3 |     61 |               0 |          1 |      Fixed 
   603 |  JC69 |        17 |    101 |               4 |          5 |      Fixed 
   604 |  JC69 |         5 |    298 |             156 |         11 |      Fixed 
   605 |  JC69 |         4 |    288 |              49 |          9 |      Fixed 
   606 |  JC69 |         7 |    283 |              18 |         16 |      Fixed 
   607 |  JC69 |         7 |    144 |              18 |          5 |      Fixed 
   608 |  JC69 |         2 |    120 |               0 |          1 |      Fixed 
   609 |  JC69 |         2 |    545 |             278 |          8 |      Fixed 
   610 |  JC69 |        16 |    292 |              35 |         21 |      Fixed 
   611 |  JC69 |         4 |    280 |              14 |          9 |      Fixed 
   612 |  JC69 |         2 |    282 |               7 |          7 |      Fixed 
   613 |  JC69 |         8 |    447 |             213 |         10 |      Fixed 
   614 |  JC69 |        20 |    134 |               5 |          6 |      Fixed 
   615 |  JC69 |         2 |    278 |               9 |          5 |      Fixed 
   616 |  JC69 |         8 |    130 |              20 |         11 |      Fixed 
   617 |  JC69 |         5 |    280 |              10 |          7 |      Fixed 
   618 |  JC69 |        20 |     75 |               1 |          2 |      Fixed 
   619 |  JC69 |         5 |    281 |               2 |          3 |      Fixed 
   620 |  JC69 |        16 |     89 |               3 |          4 |      Fixed 
   621 |  JC69 |        10 |    144 |              27 |          5 |      Fixed 
   622 |  JC69 |        18 |    292 |              27 |         20 |      Fixed 
   623 |  JC69 |        17 |   1199 |             931 |         51 |      Fixed 
   624 |  JC69 |         6 |    281 |              78 |         10 |      Fixed 
   625 |  JC69 |        10 |    287 |               2 |          3 |      Fixed 
   626 |  JC69 |         8 |    282 |              24 |         14 |      Fixed 
   627 |  JC69 |         3 |    279 |               8 |          3 |      Fixed 
   628 |  JC69 |        14 |    229 |              40 |         12 |      Fixed 
   629 |  JC69 |         4 |    253 |              70 |          4 |      Fixed 
   630 |  JC69 |        20 |    147 |               3 |          5 |      Fixed 
   631 |  JC69 |         5 |    206 |               1 |          5 |      Fixed 
   632 |  JC69 |         5 |    282 |              24 |         11 |      Fixed 
   633 |  JC69 |        13 |    119 |               6 |          8 |      Fixed 
   634 |  JC69 |         9 |    291 |              33 |         25 |      Fixed 
   635 |  JC69 |        20 |    169 |               7 |          8 |      Fixed 
   636 |  JC69 |         4 |    256 |               5 |          5 |      Fixed 
   637 |  JC69 |         2 |     51 |               0 |          1 |      Fixed 
   638 |  JC69 |         2 |     51 |               0 |          1 |      Fixed 
   639 |  JC69 |        19 |    471 |              11 |         12 |      Fixed 
   640 |  JC69 |        18 |    259 |               8 |          9 |      Fixed 
   641 |  JC69 |        12 |     81 |               6 |          7 |      Fixed 
   642 |  JC69 |         9 |    217 |              13 |         12 |      Fixed 
   643 |  JC69 |         2 |     46 |               0 |          1 |      Fixed 
   644 |  JC69 |         6 |    274 |             105 |          5 |      Fixed 
   645 |  JC69 |         3 |     76 |               6 |          3 |      Fixed 
   646 |  JC69 |        16 |    135 |              24 |         13 |      Fixed 
   647 |  JC69 |        12 |     93 |               4 |          5 |      Fixed 
   648 |  JC69 |         5 |    284 |             142 |          5 |      Fixed 
   649 |  JC69 |        20 |    181 |               6 |          7 |      Fixed 
   650 |  JC69 |        17 |    108 |               2 |          3 |      Fixed 
   651 |  JC69 |        17 |    105 |               9 |          8 |      Fixed 
   652 |  JC69 |        20 |    367 |             134 |         13 |      Fixed 
   653 |  JC69 |        16 |    170 |               3 |          4 |      Fixed 
   654 |  JC69 |         3 |    280 |              31 |          8 |      Fixed 
   655 |  JC69 |        18 |    261 |              49 |         22 |      Fixed 
   656 |  JC69 |         8 |    211 |               9 |          7 |      Fixed 
   657 |  JC69 |        12 |    198 |              80 |         11 |      Fixed 
   658 |  JC69 |         2 |    269 |              31 |          8 |      Fixed 
   659 |  JC69 |        18 |    107 |               5 |          6 |      Fixed 
   660 |  JC69 |        19 |    120 |               5 |          6 |      Fixed 
   661 |  JC69 |        20 |    308 |              11 |         12 |      Fixed 
   662 |  JC69 |         8 |    109 |               4 |          5 |      Fixed 
   663 |  JC69 |        18 |    213 |               2 |          3 |      Fixed 
   664 |  JC69 |         5 |    381 |               1 |          2 |      Fixed 
   665 |  JC69 |        20 |    121 |               1 |          2 |      Fixed 
   666 |  JC69 |         8 |    287 |              20 |         12 |      Fixed 
   667 |  JC69 |         2 |    153 |               1 |          2 |      Fixed 
   668 |  JC69 |         3 |    276 |               7 |          7 |      Fixed 
   669 |  JC69 |         4 |    277 |              10 |         10 |      Fixed 
   670 |  JC69 |         6 |    285 |              20 |          8 |      Fixed 
   671 |  JC69 |        10 |    282 |              10 |         10 |      Fixed 
   672 |  JC69 |         9 |    285 |              80 |         21 |      Fixed 
   673 |  JC69 |        16 |    157 |              36 |         15 |      Fixed 
   674 |  JC69 |        14 |    432 |             171 |         22 |      Fixed 
   675 |  JC69 |         3 |    180 |               2 |          4 |      Fixed 
   676 |  JC69 |         2 |     43 |               0 |          1 |      Fixed 
   677 |  JC69 |        14 |    196 |               3 |          4 |      Fixed 
   678 |  JC69 |        20 |     89 |               3 |          4 |      Fixed 
   679 |  JC69 |         2 |    280 |               6 |          5 |      Fixed 
   680 |  JC69 |         5 |    254 |               6 |          4 |      Fixed 
   681 |  JC69 |        20 |    713 |             203 |         26 |      Fixed 
   682 |  JC69 |         4 |    191 |              14 |          5 |      Fixed 
   683 |  JC69 |        19 |    406 |             183 |         15 |      Fixed 
   684 |  JC69 |        15 |    186 |              20 |          9 |      Fixed 
   685 |  JC69 |        16 |    294 |              11 |         11 |      Fixed 
   686 |  JC69 |        18 |   1126 |             916 |         28 |      Fixed 
   687 |  JC69 |        20 |   1013 |             487 |         18 |      Fixed 
   688 |  JC69 |        13 |    306 |              18 |         12 |      Fixed 
   689 |  JC69 |         4 |    286 |              31 |          6 |      Fixed 
   690 |  JC69 |         2 |    282 |              61 |          6 |      Fixed 
   691 |  JC69 |        18 |    290 |              89 |          7 |      Fixed 
   692 |  JC69 |         2 |    277 |               8 |          4 |      Fixed 
   693 |  JC69 |        19 |    221 |              84 |          7 |      Fixed 
   694 |  JC69 |         3 |    198 |               3 |          4 |      Fixed 
   695 |  JC69 |        20 |     88 |               2 |          3 |      Fixed 
   696 |  JC69 |        20 |    410 |             100 |         26 |      Fixed 
   697 |  JC69 |        20 |    160 |               1 |          2 |      Fixed 
   698 |  JC69 |         2 |    191 |              34 |          4 |      Fixed 
   699 |  JC69 |         2 |    343 |               4 |          4 |      Fixed 
   700 |  JC69 |        20 |    147 |              10 |          8 |      Fixed 
   701 |  JC69 |        16 |     94 |               5 |          4 |      Fixed 
   702 |  JC69 |        20 |    107 |               5 |          5 |      Fixed 
   703 |  JC69 |         3 |    334 |             105 |          5 |      Fixed 
   704 |  JC69 |        20 |    248 |               4 |          5 |      Fixed 
   705 |  JC69 |         3 |    285 |              90 |          8 |      Fixed 
   706 |  JC69 |        20 |     82 |               3 |          4 |      Fixed 
   707 |  JC69 |        20 |    117 |               3 |          4 |      Fixed 
   708 |  JC69 |        17 |    134 |               5 |          6 |      Fixed 
   709 |  JC69 |         6 |    202 |               6 |          8 |      Fixed 
   710 |  JC69 |        20 |    174 |              55 |          4 |      Fixed 
   711 |  JC69 |         3 |     61 |               0 |          1 |      Fixed 
   712 |  JC69 |         5 |    279 |             142 |          8 |      Fixed 
   713 |  JC69 |        19 |    123 |               4 |          5 |      Fixed 
   714 |  JC69 |         8 |    144 |              18 |          5 |      Fixed 
   715 |  JC69 |         3 |    280 |             129 |          8 |      Fixed 
   716 |  JC69 |        17 |    108 |              18 |         12 |      Fixed 
   717 |  JC69 |        13 |    286 |             120 |          6 |      Fixed 
   718 |  JC69 |        10 |    282 |              24 |         13 |      Fixed 
   719 |  JC69 |        20 |     94 |               3 |          4 |      Fixed 
   720 |  JC69 |         2 |     67 |               0 |          1 |      Fixed 
   721 |  JC69 |        16 |    183 |               6 |          7 |      Fixed 
   722 |  JC69 |        20 |    163 |               3 |          4 |      Fixed 
   723 |  JC69 |        14 |     47 |               0 |          1 |      Fixed 
   724 |  JC69 |         2 |    280 |               9 |          7 |      Fixed 
   725 |  JC69 |        17 |     49 |               4 |          5 |      Fixed 
   726 |  JC69 |         4 |    233 |              13 |          4 |      Fixed 
   727 |  JC69 |         4 |     48 |               3 |          2 |      Fixed 
   728 |  JC69 |         2 |    355 |              10 |          8 |      Fixed 
   729 |  JC69 |        20 |     61 |               1 |          2 |      Fixed 
   730 |  JC69 |        20 |    438 |             282 |         13 |      Fixed 
   731 |  JC69 |        19 |    275 |               6 |          6 |      Fixed 
   732 |  JC69 |         4 |    278 |              20 |          5 |      Fixed 
   733 |  JC69 |        20 |    212 |              14 |          9 |      Fixed 
   734 |  JC69 |        12 |    209 |              13 |         11 |      Fixed 
   735 |  JC69 |        14 |    124 |               1 |          2 |      Fixed 
   736 |  JC69 |        19 |    328 |              17 |         14 |      Fixed 
   737 |  JC69 |         4 |    353 |              86 |          9 |      Fixed 
   738 |  JC69 |         9 |     67 |               0 |          1 |      Fixed 
   739 |  JC69 |        20 |     56 |               3 |          4 |      Fixed 
   740 |  JC69 |        17 |     56 |               4 |          5 |      Fixed 
   741 |  JC69 |        18 |    251 |              16 |         14 |      Fixed 
   742 |  JC69 |        20 |    171 |               4 |          5 |      Fixed 
   743 |  JC69 |        15 |    213 |              27 |         15 |      Fixed 
   744 |  JC69 |        17 |    292 |              44 |         16 |      Fixed 
   745 |  JC69 |        20 |    533 |             251 |         16 |      Fixed 
   746 |  JC69 |        16 |    406 |             157 |         28 |      Fixed 
   747 |  JC69 |        20 |    178 |               9 |          7 |      Fixed 
   748 |  JC69 |        11 |     86 |               0 |          2 |      Fixed 
   749 |  JC69 |         2 |    127 |               0 |          2 |      Fixed 
   750 |  JC69 |         9 |    271 |             142 |         25 |      Fixed 
   751 |  JC69 |        20 |    123 |               8 |          9 |      Fixed 
   752 |  JC69 |        19 |     97 |               5 |          6 |      Fixed 
   753 |  JC69 |        14 |    701 |             499 |         23 |      Fixed 
   754 |  JC69 |        18 |    149 |               6 |          4 |      Fixed 
   755 |  JC69 |        19 |    217 |               3 |          5 |      Fixed 
   756 |  JC69 |        19 |    102 |               0 |          1 |      Fixed 
   757 |  JC69 |         4 |     91 |               9 |          2 |      Fixed 
   758 |  JC69 |        19 |    100 |               3 |          3 |      Fixed 
   759 |  JC69 |        18 |     45 |               1 |          2 |      Fixed 
   760 |  JC69 |        17 |    166 |               6 |          6 |      Fixed 
   761 |  JC69 |        19 |    994 |             717 |         40 |      Fixed 
   762 |  JC69 |        13 |    300 |              14 |          7 |      Fixed 
   763 |  JC69 |         2 |     97 |               0 |          1 |      Fixed 
   764 |  JC69 |        18 |    234 |             104 |         19 |      Fixed 
   765 |  JC69 |        20 |    276 |              18 |         13 |      Fixed 
   766 |  JC69 |         3 |     86 |               0 |          1 |      Fixed 
   767 |  JC69 |         2 |    191 |               0 |          2 |      Fixed 
   768 |  JC69 |         3 |    155 |               0 |          1 |      Fixed 
   769 |  JC69 |        20 |    263 |             120 |          8 |      Fixed 
   770 |  JC69 |        20 |    965 |             449 |         24 |      Fixed 
   771 |  JC69 |         8 |    285 |              46 |         20 |      Fixed 
   772 |  JC69 |        20 |    183 |               4 |          5 |      Fixed 
   773 |  JC69 |        20 |     85 |               2 |          3 |      Fixed 
   774 |  JC69 |         5 |    272 |              32 |          8 |      Fixed 
   775 |  JC69 |         7 |     60 |               1 |          2 |      Fixed 
   776 |  JC69 |        15 |     78 |               3 |          3 |      Fixed 
   777 |  JC69 |         3 |    282 |              10 |          6 |      Fixed 
   778 |  JC69 |         2 |    232 |               1 |          3 |      Fixed 
   779 |  JC69 |        10 |    117 |               8 |          6 |      Fixed 
   780 |  JC69 |         4 |    173 |              46 |          5 |      Fixed 
   781 |  JC69 |        13 |    185 |              28 |         18 |      Fixed 
   782 |  JC69 |        20 |    156 |              12 |          6 |      Fixed 
   783 |  JC69 |         3 |    158 |               2 |          3 |      Fixed 
   784 |  JC69 |         3 |    274 |             108 |          5 |      Fixed 
   785 |  JC69 |         3 |     49 |               0 |          1 |      Fixed 
   786 |  JC69 |        18 |    135 |               4 |          5 |      Fixed 
   787 |  JC69 |         2 |    236 |              21 |          8 |      Fixed 
   788 |  JC69 |        19 |    323 |              74 |         14 |      Fixed 
   789 |  JC69 |        20 |    148 |              10 |         11 |      Fixed 
   790 |  JC69 |        19 |    220 |               4 |          5 |      Fixed 
   791 |  JC69 |         2 |    280 |               6 |          4 |      Fixed 
   792 |  JC69 |        18 |    146 |               5 |          6 |      Fixed 
   793 |  JC69 |        20 |    123 |               1 |          2 |      Fixed 
   794 |  JC69 |         3 |    188 |               1 |          4 |      Fixed 
   795 |  JC69 |         3 |    203 |              72 |          8 |      Fixed 
   796 |  JC69 |        12 |    286 |              23 |         18 |      Fixed 
   797 |  JC69 |        20 |    178 |               7 |          8 |      Fixed 
   798 |  JC69 |        18 |    292 |              25 |         18 |      Fixed 
   799 |  JC69 |         9 |     99 |               0 |          1 |      Fixed 
   800 |  JC69 |         3 |    286 |              13 |          7 |      Fixed 
   801 |  JC69 |        15 |    122 |               3 |          3 |      Fixed 
   802 |  JC69 |        17 |    249 |              52 |         15 |      Fixed 
   803 |  JC69 |        11 |    105 |               1 |          2 |      Fixed 
   804 |  JC69 |        14 |    626 |             390 |         40 |      Fixed 
   805 |  JC69 |        20 |     45 |               2 |          3 |      Fixed 
   806 |  JC69 |         3 |     85 |               1 |          2 |      Fixed 
   807 |  JC69 |        20 |    158 |               1 |          2 |      Fixed 
   808 |  JC69 |        20 |    253 |              11 |         11 |      Fixed 
   809 |  JC69 |        15 |     84 |               5 |          3 |      Fixed 
   810 |  JC69 |        20 |    102 |               4 |          5 |      Fixed 
   811 |  JC69 |        18 |     62 |               2 |          3 |      Fixed 
   812 |  JC69 |        11 |    245 |              31 |         15 |      Fixed 
   813 |  JC69 |        20 |     66 |               1 |          2 |      Fixed 
   814 |  JC69 |        19 |    216 |             122 |         24 |      Fixed 
   815 |  JC69 |         2 |    283 |              10 |          3 |      Fixed 
   816 |  JC69 |        16 |    197 |               6 |          7 |      Fixed 
   817 |  JC69 |         4 |    121 |               0 |          1 |      Fixed 
   818 |  JC69 |         2 |    282 |               7 |          2 |      Fixed 
   819 |  JC69 |        19 |    148 |               5 |          5 |      Fixed 
   820 |  JC69 |        20 |    106 |               0 |          1 |      Fixed 
   821 |  JC69 |        20 |    134 |               1 |          2 |      Fixed 
   822 |  JC69 |         3 |    123 |               1 |          3 |      Fixed 
   823 |  JC69 |         2 |    159 |               1 |          2 |      Fixed 
   824 |  JC69 |        17 |     98 |              10 |          9 |      Fixed 
   825 |  JC69 |        20 |     84 |               5 |          5 |      Fixed 
   826 |  JC69 |        20 |    339 |             116 |         11 |      Fixed 
   827 |  JC69 |        19 |    508 |             230 |         15 |      Fixed 
   828 |  JC69 |        16 |    155 |              67 |          5 |      Fixed 
   829 |  JC69 |         4 |    281 |              10 |          7 |      Fixed 
   830 |  JC69 |         5 |    244 |              16 |         10 |      Fixed 
   831 |  JC69 |         6 |    150 |               5 |          7 |      Fixed 
   832 |  JC69 |         6 |    268 |              78 |          9 |      Fixed 
   833 |  JC69 |        15 |     72 |               2 |          3 |      Fixed 
   834 |  JC69 |        11 |    151 |              18 |         10 |      Fixed 
   835 |  JC69 |         4 |    116 |               0 |          2 |      Fixed 
   836 |  JC69 |         2 |    273 |               7 |          4 |      Fixed 
   837 |  JC69 |        10 |     95 |              32 |          8 |      Fixed 
   838 |  JC69 |         3 |    188 |               8 |          7 |      Fixed 
   839 |  JC69 |         3 |    157 |               0 |          1 |      Fixed 
   840 |  JC69 |        15 |     61 |               0 |          1 |      Fixed 
   841 |  JC69 |        10 |    248 |              10 |          9 |      Fixed 
   842 |  JC69 |         2 |     70 |               0 |          2 |      Fixed 
   843 |  JC69 |        19 |    188 |               9 |         11 |      Fixed 
   844 |  JC69 |        18 |    441 |             189 |         14 |      Fixed 
   845 |  JC69 |        19 |    181 |               3 |          4 |      Fixed 
   846 |  JC69 |        11 |    147 |              10 |          7 |      Fixed 
   847 |  JC69 |        19 |    178 |              19 |         11 |      Fixed 
   848 |  JC69 |        18 |     87 |               9 |          6 |      Fixed 
   849 |  JC69 |         2 |     90 |               0 |          1 |      Fixed 
   850 |  JC69 |        16 |     94 |               8 |          6 |      Fixed 
   851 |  JC69 |         7 |    446 |             230 |         12 |      Fixed 
   852 |  JC69 |         2 |     99 |               0 |          1 |      Fixed 
   853 |  JC69 |        19 |    177 |               3 |          4 |      Fixed 
   854 |  JC69 |        18 |    248 |             107 |         15 |      Fixed 
   855 |  JC69 |        20 |    652 |             652 |         30 |      Fixed 
   856 |  JC69 |        20 |    147 |               3 |          4 |      Fixed 
   857 |  JC69 |        19 |    183 |              27 |         15 |      Fixed 
   858 |  JC69 |        20 |    120 |               7 |          8 |      Fixed 
   859 |  JC69 |        20 |    117 |               7 |          7 |      Fixed 
   860 |  JC69 |        19 |     71 |               9 |         10 |      Fixed 
   861 |  JC69 |         3 |    155 |              16 |          4 |      Fixed 
   862 |  JC69 |         2 |    270 |              67 |          4 |      Fixed 
   863 |  JC69 |         3 |     55 |              19 |          3 |      Fixed 
   864 |  JC69 |         3 |    213 |               4 |          4 |      Fixed 
   865 |  JC69 |        13 |    116 |               8 |          6 |      Fixed 
   866 |  JC69 |         3 |     75 |               1 |          3 |      Fixed 
   867 |  JC69 |        12 |    292 |              22 |         13 |      Fixed 
   868 |  JC69 |        11 |    131 |               4 |          5 |      Fixed 
   869 |  JC69 |        13 |     54 |               5 |          5 |      Fixed 
   870 |  JC69 |         2 |     91 |               0 |          2 |      Fixed 
   871 |  JC69 |        10 |     56 |               0 |          1 |      Fixed 
   872 |  JC69 |         4 |    282 |              15 |          6 |      Fixed 
   873 |  JC69 |         2 |    129 |               2 |          2 |      Fixed 
   874 |  JC69 |         3 |    410 |             281 |         18 |      Fixed 
   875 |  JC69 |        16 |    136 |               7 |          7 |      Fixed 
   876 |  JC69 |        20 |    100 |               3 |          4 |      Fixed 
   877 |  JC69 |         2 |     66 |               5 |          3 |      Fixed 
   878 |  JC69 |        14 |    286 |             211 |         18 |      Fixed 
   879 |  JC69 |        19 |    148 |              13 |         12 |      Fixed 
   880 |  JC69 |        13 |    234 |               7 |          8 |      Fixed 
   881 |  JC69 |        15 |    395 |             170 |          8 |      Fixed 
   882 |  JC69 |        19 |    234 |               7 |          8 |      Fixed 
   883 |  JC69 |        19 |    395 |             169 |         15 |      Fixed 
   884 |  JC69 |        15 |    287 |              19 |         17 |      Fixed 
   885 |  JC69 |        15 |    162 |               2 |          4 |      Fixed 
   886 |  JC69 |        16 |     90 |               2 |          3 |      Fixed 
   887 |  JC69 |        13 |     64 |               7 |          7 |      Fixed 
   888 |  JC69 |        16 |     83 |               6 |          7 |      Fixed 
   889 |  JC69 |         2 |     44 |               0 |          1 |      Fixed 
   890 |  JC69 |        11 |    283 |              90 |         20 |      Fixed 
   891 |  JC69 |         5 |    103 |               3 |          2 |      Fixed 
   892 |  JC69 |         2 |    275 |             135 |          4 |      Fixed 
   893 |  JC69 |         2 |    276 |              62 |          3 |      Fixed 
   894 |  JC69 |         5 |    282 |             169 |          9 |      Fixed 
   895 |  JC69 |        15 |    134 |              13 |          6 |      Fixed 
   896 |  JC69 |        20 |    223 |               0 |          1 |      Fixed 
   897 |  JC69 |         2 |    261 |             105 |          8 |      Fixed 
   898 |  JC69 |         3 |    276 |               9 |          7 |      Fixed 
   899 |  JC69 |         3 |    280 |               5 |          2 |      Fixed 
   900 |  JC69 |         2 |     43 |               0 |          1 |      Fixed 
   901 |  JC69 |        11 |    277 |              30 |         15 |      Fixed 
   902 |  JC69 |        14 |     58 |               0 |          1 |      Fixed 
   903 |  JC69 |        20 |    350 |              23 |         13 |      Fixed 
   904 |  JC69 |        10 |     79 |               3 |          4 |      Fixed 
   905 |  JC69 |         2 |    284 |             139 |          4 |      Fixed 
   906 |  JC69 |        20 |    239 |               8 |          8 |      Fixed 
   907 |  JC69 |        17 |    164 |               5 |          4 |      Fixed 
   908 |  JC69 |         4 |    278 |              18 |          7 |      Fixed 
   909 |  JC69 |        20 |    490 |              26 |         21 |      Fixed 
   910 |  JC69 |        12 |    189 |              16 |          7 |      Fixed 
   911 |  JC69 |         3 |    253 |               1 |          3 |      Fixed 
   912 |  JC69 |         4 |    179 |               6 |          6 |      Fixed 
   913 |  JC69 |        20 |    205 |               5 |          6 |      Fixed 
   914 |  JC69 |        18 |    719 |             373 |         32 |      Fixed 
   915 |  JC69 |         3 |     61 |               3 |          2 |      Fixed 
   916 |  JC69 |         2 |    325 |               0 |          2 |      Fixed 
   917 |  JC69 |         3 |     86 |               0 |          1 |      Fixed 
   918 |  JC69 |         3 |     90 |               7 |          7 |      Fixed 
   919 |  JC69 |         3 |    164 |               2 |          3 |      Fixed 
   920 |  JC69 |        20 |    234 |             112 |          8 |      Fixed 
   921 |  JC69 |         9 |    100 |               2 |          2 |      Fixed 
   922 |  JC69 |         6 |    274 |              14 |         10 |      Fixed 
   923 |  JC69 |        20 |    160 |              48 |          7 |      Fixed 
   924 |  JC69 |        12 |    407 |             147 |         24 |      Fixed 
   925 |  JC69 |        19 |    110 |               3 |          4 |      Fixed 
   926 |  JC69 |        17 |    213 |              98 |         10 |      Fixed 
   927 |  JC69 |        17 |     66 |               5 |          3 |      Fixed 
   928 |  JC69 |         3 |    281 |               9 |         10 |      Fixed 
   929 |  JC69 |        13 |    241 |              19 |         13 |      Fixed 
   930 |  JC69 |        18 |    149 |               7 |          6 |      Fixed 
   931 |  JC69 |        17 |     93 |               2 |          3 |      Fixed 
   932 |  JC69 |        19 |    231 |              80 |          9 |      Fixed 
   933 |  JC69 |        19 |    268 |             114 |          8 |      Fixed 
   934 |  JC69 |        18 |     95 |               4 |          5 |      Fixed 
   935 |  JC69 |        20 |    126 |               8 |          9 |      Fixed 
   936 |  JC69 |        14 |    135 |              15 |          6 |      Fixed 
   937 |  JC69 |        18 |    123 |               7 |          4 |      Fixed 
   938 |  JC69 |        15 |    174 |               8 |          8 |      Fixed 
   939 |  JC69 |         7 |    222 |              46 |         10 |      Fixed 
   940 |  JC69 |         6 |    165 |              45 |          9 |      Fixed 
   941 |  JC69 |         3 |     82 |               5 |          3 |      Fixed 
   942 |  JC69 |        20 |    152 |               4 |          6 |      Fixed 
   943 |  JC69 |        20 |     58 |               1 |          2 |      Fixed 
   944 |  JC69 |         9 |    187 |              11 |          6 |      Fixed 
   945 |  JC69 |         5 |    290 |              27 |         10 |      Fixed 
   946 |  JC69 |        20 |    222 |               3 |          4 |      Fixed 
   947 |  JC69 |         6 |    266 |               0 |          1 |      Fixed 
   948 |  JC69 |         2 |    102 |               0 |          1 |      Fixed 
   949 |  JC69 |         7 |    161 |              10 |         12 |      Fixed 
   950 |  JC69 |        20 |    256 |              10 |         11 |      Fixed 
   951 |  JC69 |         4 |     50 |               9 |          5 |      Fixed 
   952 |  JC69 |        19 |     84 |               1 |          2 |      Fixed 
   953 |  JC69 |        12 |     93 |               0 |          1 |      Fixed 
   954 |  JC69 |        12 |    284 |              29 |         19 |      Fixed 
   955 |  JC69 |         2 |    117 |               2 |          3 |      Fixed 
   956 |  JC69 |        19 |     54 |               3 |          4 |      Fixed 
   957 |  JC69 |         2 |    279 |              17 |          9 |      Fixed 
   958 |  JC69 |        16 |    105 |               1 |          2 |      Fixed 
   959 |  JC69 |        20 |     96 |               3 |          4 |      Fixed 
   960 |  JC69 |         5 |    260 |              11 |          7 |      Fixed 
   961 |  JC69 |         3 |    284 |              23 |          9 |      Fixed 
   962 |  JC69 |         6 |    281 |              13 |         10 |      Fixed 
   963 |  JC69 |        20 |    126 |               5 |          7 |      Fixed 
   964 |  JC69 |         2 |    103 |               0 |          1 |      Fixed 
   965 |  JC69 |         5 |    279 |              12 |         10 |      Fixed 
   966 |  JC69 |         2 |    268 |               9 |          4 |      Fixed 
   967 |  JC69 |         3 |    150 |               1 |          3 |      Fixed 
   968 |  JC69 |         8 |    370 |             117 |         24 |      Fixed 
   969 |  JC69 |         8 |     65 |               2 |          3 |      Fixed 
   970 |  JC69 |         9 |    281 |              28 |         16 |      Fixed 
   971 |  JC69 |        16 |    291 |              27 |         17 |      Fixed 
   972 |  JC69 |        14 |    559 |             364 |         17 |      Fixed 
   973 |  JC69 |         5 |    276 |             173 |          9 |      Fixed 
   974 |  JC69 |         2 |     38 |               0 |          1 |      Fixed 
   975 |  JC69 |         3 |     84 |               8 |          5 |      Fixed 
   976 |  JC69 |         2 |     76 |               0 |          1 |      Fixed 
   977 |  JC69 |         8 |    210 |              86 |          9 |      Fixed 
   978 |  JC69 |         9 |    382 |             195 |         17 |      Fixed 
   979 |  JC69 |         2 |    165 |               0 |          2 |      Fixed 
   980 |  JC69 |         6 |     53 |               4 |          2 |      Fixed 
   981 |  JC69 |        15 |    259 |              21 |         13 |      Fixed 
   982 |  JC69 |         5 |     72 |              20 |          4 |      Fixed 
   983 |  JC69 |        19 |    101 |               2 |          3 |      Fixed 
   984 |  JC69 |         6 |     79 |               2 |          4 |      Fixed 
   985 |  JC69 |        14 |    292 |              17 |         13 |      Fixed 
   986 |  JC69 |         4 |    139 |               1 |          3 |      Fixed 
   987 |  JC69 |        13 |     72 |               2 |          3 |      Fixed 
   988 |  JC69 |         3 |     71 |               0 |          2 |      Fixed 
   989 |  JC69 |        11 |    455 |             236 |         20 |      Fixed 
   990 |  JC69 |         2 |     50 |               1 |          2 |      Fixed 
   991 |  JC69 |         7 |    212 |               1 |          6 |      Fixed 
   992 |  JC69 |        15 |    177 |              43 |          6 |      Fixed 
   993 |  JC69 |         3 |    185 |               3 |          3 |      Fixed 
   994 |  JC69 |         3 |    259 |              84 |          2 |      Fixed 
   995 |  JC69 |         2 |    105 |              48 |          3 |      Fixed 
   996 |  JC69 |         2 |     40 |               0 |          1 |      Fixed 
   997 |  JC69 |         6 |     36 |               0 |          1 |      Fixed 
   998 |  JC69 |        12 |    102 |               8 |          9 |      Fixed 
   999 |  JC69 |        17 |     91 |              14 |         11 |      Fixed 
  1000 |  JC69 |        10 |    194 |              39 |         14 |      Fixed 
  1001 |  JC69 |        16 |    161 |               4 |          3 |      Fixed 
  1002 |  JC69 |        19 |    401 |             158 |         25 |      Fixed 
  1003 |  JC69 |         3 |     83 |               1 |          2 |      Fixed 
  1004 |  JC69 |        20 |    133 |               2 |          3 |      Fixed 
  1005 |  JC69 |        20 |    195 |               5 |          6 |      Fixed 
  1006 |  JC69 |        20 |    200 |               2 |          3 |      Fixed 
  1007 |  JC69 |        19 |    170 |              46 |         11 |      Fixed 
  1008 |  JC69 |         2 |    229 |              31 |          2 |      Fixed 
  1009 |  JC69 |         3 |    104 |               0 |          1 |      Fixed 
  1010 |  JC69 |        19 |     85 |              11 |          9 |      Fixed 
  1011 |  JC69 |         3 |    132 |               0 |          2 |      Fixed 
  1012 |  JC69 |         3 |    217 |               4 |          4 |      Fixed 
  1013 |  JC69 |         3 |    282 |              15 |          6 |      Fixed 
  1014 |  JC69 |         4 |    365 |             241 |         17 |      Fixed 
  1015 |  JC69 |         9 |     93 |               6 |          6 |      Fixed 
  1016 |  JC69 |         4 |    281 |             137 |          3 |      Fixed 
  1017 |  JC69 |        11 |     80 |               0 |          1 |      Fixed 
  1018 |  JC69 |         4 |     94 |               0 |          1 |      Fixed 
  1019 |  JC69 |         3 |    241 |               9 |          5 |      Fixed 
  1020 |  JC69 |         7 |    277 |              15 |         12 |      Fixed 
  1021 |  JC69 |        20 |    218 |              84 |          9 |      Fixed 
  1022 |  JC69 |         4 |    146 |               0 |          1 |      Fixed 
  1023 |  JC69 |         6 |    281 |              24 |         15 |      Fixed 
  1024 |  JC69 |         2 |    286 |              10 |          4 |      Fixed 
  1025 |  JC69 |         3 |     52 |               0 |          1 |      Fixed 
  1026 |  JC69 |         2 |    282 |               8 |          4 |      Fixed 
  1027 |  JC69 |         8 |    288 |              42 |         23 |      Fixed 
  1028 |  JC69 |         3 |    280 |               9 |          6 |      Fixed 
  1029 |  JC69 |         3 |    203 |               5 |          7 |      Fixed 
  1030 |  JC69 |         4 |    224 |               2 |          3 |      Fixed 
  1031 |  JC69 |         8 |    109 |               0 |          2 |      Fixed 
  1032 |  JC69 |         5 |     68 |               2 |          3 |      Fixed 
  1033 |  JC69 |         2 |    170 |               4 |          3 |      Fixed 
  1034 |  JC69 |        11 |    119 |               7 |          8 |      Fixed 
  1035 |  JC69 |         3 |    232 |               3 |          5 |      Fixed 
  1036 |  JC69 |        10 |    130 |               6 |          5 |      Fixed 
  1037 |  JC69 |         4 |     98 |               1 |          2 |      Fixed 
  1038 |  JC69 |        14 |    101 |               8 |          9 |      Fixed 
  1039 |  JC69 |         8 |    109 |               3 |          4 |      Fixed 
  1040 |  JC69 |         3 |    112 |               3 |          4 |      Fixed 
  1041 |  JC69 |         4 |    113 |               0 |          1 |      Fixed 
  1042 |  JC69 |         2 |     85 |               0 |          1 |      Fixed 
  1043 |  JC69 |         2 |    167 |               5 |          4 |      Fixed 
  1044 |  JC69 |         2 |    284 |              14 |          5 |      Fixed 
  1045 |  JC69 |         2 |    105 |               0 |          2 |      Fixed 
  1046 |  JC69 |         9 |     96 |              11 |         10 |      Fixed 
  1047 |  JC69 |         2 |    164 |               0 |          1 |      Fixed 
  1048 |  JC69 |         3 |    231 |             107 |          5 |      Fixed 
  1049 |  JC69 |         3 |    167 |               0 |          2 |      Fixed 
  1050 |  JC69 |         2 |    283 |               7 |          6 |      Fixed 
  1051 |  JC69 |         3 |     80 |               2 |          2 |      Fixed 
  1052 |  JC69 |        11 |     86 |               3 |          6 |      Fixed 
  1053 |  JC69 |         3 |    177 |               1 |          2 |      Fixed 
  1054 |  JC69 |         2 |    205 |               0 |          2 |      Fixed 
  1055 |  JC69 |        18 |     64 |               5 |          6 |      Fixed 
  1056 |  JC69 |         2 |    280 |               9 |          5 |      Fixed 
  1057 |  JC69 |        12 |    167 |              47 |          6 |      Fixed 
  1058 |  JC69 |         9 |    187 |              40 |         15 |      Fixed 
  1059 |  JC69 |         4 |     71 |               0 |          1 |      Fixed 
  1060 |  JC69 |         2 |    147 |               0 |          2 |      Fixed 
  1061 |  JC69 |         4 |    221 |             113 |          9 |      Fixed 
  1062 |  JC69 |         6 |     78 |               1 |          2 |      Fixed 
  1063 |  JC69 |        15 |    183 |              15 |         13 |      Fixed 
  1064 |  JC69 |         2 |    187 |               0 |          1 |      Fixed 
  1065 |  JC69 |         4 |    116 |              11 |          4 |      Fixed 
  1066 |  JC69 |         2 |    330 |               4 |          2 |      Fixed 
  1067 |  JC69 |         2 |    146 |               1 |          3 |      Fixed 
  1068 |  JC69 |         2 |    123 |               0 |          1 |      Fixed 
  1069 |  JC69 |        16 |    163 |              11 |          9 |      Fixed 
  1070 |  JC69 |        14 |     66 |               7 |          5 |      Fixed 
  1071 |  JC69 |         3 |    280 |              98 |         11 |      Fixed 
  1072 |  JC69 |         2 |    118 |              12 |          2 |      Fixed 
  1073 |  JC69 |         5 |    178 |               1 |          2 |      Fixed 
  1074 |  JC69 |         2 |    207 |               0 |          2 |      Fixed 
  1075 |  JC69 |         3 |    132 |               0 |          1 |      Fixed 
  1076 |  JC69 |         5 |    157 |               1 |          4 |      Fixed 
  1077 |  JC69 |         2 |     65 |               0 |          1 |      Fixed 
  1078 |  JC69 |         2 |    204 |               1 |          3 |      Fixed 
  1079 |  JC69 |        13 |    215 |              33 |         19 |      Fixed 
  1080 |  JC69 |         5 |    247 |              79 |          9 |      Fixed 
  1081 |  JC69 |         3 |     50 |               2 |          4 |      Fixed 
  1082 |  JC69 |         8 |    153 |               1 |          3 |      Fixed 
  1083 |  JC69 |         3 |    211 |               6 |          7 |      Fixed 
  1084 |  JC69 |         6 |    145 |              11 |         12 |      Fixed 
  1085 |  JC69 |        16 |    129 |              18 |          8 |      Fixed 
  1086 |  JC69 |        20 |    109 |               6 |          7 |      Fixed 
  1087 |  JC69 |         4 |    177 |               0 |          2 |      Fixed 
  1088 |  JC69 |         2 |    287 |               9 |          3 |      Fixed 
  1089 |  JC69 |        10 |    105 |               2 |          3 |      Fixed 
  1090 |  JC69 |         2 |    176 |               0 |          1 |      Fixed 
  1091 |  JC69 |         9 |    274 |             135 |         12 |      Fixed 
  1092 |  JC69 |         3 |    133 |              46 |          9 |      Fixed 
  1093 |  JC69 |         2 |    116 |               1 |          2 |      Fixed 
  1094 |  JC69 |         4 |    259 |               5 |          6 |      Fixed 
  1095 |  JC69 |         4 |    110 |               3 |          3 |      Fixed 
  1096 |  JC69 |        15 |     90 |               2 |          3 |      Fixed 
  1097 |  JC69 |        11 |    292 |              15 |          7 |      Fixed 
  1098 |  JC69 |         4 |     55 |               0 |          2 |      Fixed 
  1099 |  JC69 |         5 |    138 |               7 |          3 |      Fixed 
  1100 |  JC69 |         3 |    106 |              10 |          6 |      Fixed 
  1101 |  JC69 |         3 |    159 |               4 |          6 |      Fixed 
  1102 |  JC69 |         9 |    288 |             110 |         15 |      Fixed 
  1103 |  JC69 |        20 |    186 |               4 |          5 |      Fixed 
  1104 |  JC69 |         6 |    520 |              22 |         19 |      Fixed 
  1105 |  JC69 |         2 |     59 |               0 |          1 |      Fixed 
  1106 |  JC69 |        18 |    187 |               6 |          5 |      Fixed 
  1107 |  JC69 |        11 |     64 |               6 |          6 |      Fixed 
  1108 |  JC69 |         4 |     86 |               1 |          2 |      Fixed 
  1109 |  JC69 |         3 |     82 |               7 |          3 |      Fixed 
  1110 |  JC69 |         6 |    211 |              23 |         14 |      Fixed 
  1111 |  JC69 |         3 |    112 |              54 |          3 |      Fixed 
  1112 |  JC69 |         2 |     50 |               1 |          2 |      Fixed 
  1113 |  JC69 |        12 |     75 |               9 |          7 |      Fixed 
  1114 |  JC69 |         3 |    163 |               2 |          4 |      Fixed 
  1115 |  JC69 |         2 |    163 |               1 |          2 |      Fixed 
  1116 |  JC69 |         2 |     74 |               1 |          2 |      Fixed 
  1117 |  JC69 |         2 |    278 |              20 |          6 |      Fixed 
  1118 |  JC69 |         3 |     63 |               2 |          3 |      Fixed 
  1119 |  JC69 |         2 |     74 |               0 |          2 |      Fixed 
  1120 |  JC69 |         2 |     61 |               1 |          2 |      Fixed 
  1121 |  JC69 |         8 |    140 |               5 |          4 |      Fixed 
  1122 |  JC69 |         2 |    181 |              80 |          2 |      Fixed 
  1123 |  JC69 |         2 |    139 |               5 |          2 |      Fixed 
  1124 |  JC69 |         2 |    166 |               8 |          8 |      Fixed 
  1125 |  JC69 |         2 |    139 |               8 |          7 |      Fixed 
  1126 |  JC69 |         2 |     65 |               3 |          2 |      Fixed 
  1127 |  JC69 |         2 |    181 |               4 |          5 |      Fixed 
  1128 |  JC69 |         2 |    235 |               5 |          5 |      Fixed 
  1129 |  JC69 |         3 |    285 |               2 |          4 |      Fixed 
  1130 |  JC69 |         3 |    369 |              54 |          9 |      Fixed 
  1131 |  JC69 |        13 |    181 |               2 |          3 |      Fixed 
  1132 |  JC69 |         2 |    263 |               1 |          3 |      Fixed 
  1133 |  JC69 |        14 |    238 |             105 |          8 |      Fixed 
  1134 |  JC69 |         3 |    143 |               7 |          4 |      Fixed 
  1135 |  JC69 |        17 |     70 |               2 |          4 |      Fixed 
  1136 |  JC69 |         2 |    163 |               1 |          3 |      Fixed 
  1137 |  JC69 |         2 |    338 |             151 |          4 |      Fixed 
  1138 |  JC69 |        20 |    150 |               3 |          5 |      Fixed 
  1139 |  JC69 |         8 |     81 |               4 |          3 |      Fixed 
  1140 |  JC69 |         2 |    120 |              23 |          4 |      Fixed 
  1141 |  JC69 |         6 |     74 |               8 |          4 |      Fixed 
  1142 |  JC69 |        13 |    320 |              54 |         19 |      Fixed 
  1143 |  JC69 |         2 |    254 |               0 |          1 |      Fixed 
  1144 |  JC69 |        20 |    150 |               5 |          6 |      Fixed 
  1145 |  JC69 |        10 |    225 |              32 |         17 |      Fixed 
  1146 |  JC69 |        13 |     42 |               0 |          1 |      Fixed 
  1147 |  JC69 |         4 |     81 |               5 |          6 |      Fixed 
  1148 |  JC69 |        11 |    293 |             145 |         11 |      Fixed 
  1149 |  JC69 |         2 |     85 |              15 |          6 |      Fixed 
  1150 |  JC69 |        19 |    543 |             404 |         19 |      Fixed 
  1151 |  JC69 |         6 |    185 |              13 |          7 |      Fixed 
  1152 |  JC69 |         4 |     59 |               3 |          4 |      Fixed 
  1153 |  JC69 |         2 |     83 |              27 |          2 |      Fixed 
  1154 |  JC69 |         2 |    278 |              12 |          6 |      Fixed 
  1155 |  JC69 |         4 |    244 |              13 |         10 |      Fixed 
  1156 |  JC69 |         7 |     65 |               7 |          5 |      Fixed 
  1157 |  JC69 |        16 |     63 |               7 |          7 |      Fixed 
  1158 |  JC69 |         5 |    146 |               9 |          3 |      Fixed 
  1159 |  JC69 |        15 |     95 |               1 |          2 |      Fixed 
  1160 |  JC69 |         8 |    129 |               4 |          6 |      Fixed 
  1161 |  JC69 |        10 |    269 |              19 |         10 |      Fixed 
  1162 |  JC69 |        17 |     65 |               1 |          2 |      Fixed 
  1163 |  JC69 |        15 |    111 |              11 |          4 |      Fixed 
  1164 |  JC69 |         2 |    144 |               0 |          2 |      Fixed 
  1165 |  JC69 |        14 |    386 |              85 |         22 |      Fixed 
  1166 |  JC69 |         2 |     52 |               2 |          2 |      Fixed 
  1167 |  JC69 |         6 |    282 |              24 |         12 |      Fixed 
  1168 |  JC69 |        20 |     57 |               1 |          2 |      Fixed 
  1169 |  JC69 |         2 |    281 |              17 |         10 |      Fixed 
  1170 |  JC69 |         3 |     74 |               0 |          1 |      Fixed 
  1171 |  JC69 |         4 |     88 |               0 |          1 |      Fixed 
  1172 |  JC69 |         7 |    200 |              16 |          6 |      Fixed 
  1173 |  JC69 |         9 |    324 |              45 |          8 |      Fixed 
  1174 |  JC69 |        20 |     88 |               3 |          4 |      Fixed 
  1175 |  JC69 |         2 |     60 |               0 |          1 |      Fixed 
  1176 |  JC69 |        20 |    402 |             177 |         17 |      Fixed 
  1177 |  JC69 |         2 |    233 |              45 |          6 |      Fixed 
  1178 |  JC69 |        18 |    138 |              66 |          7 |      Fixed 
  1179 |  JC69 |         3 |    361 |              85 |          6 |      Fixed 
  1180 |  JC69 |         4 |     65 |              12 |          5 |      Fixed 
  1181 |  JC69 |         6 |     74 |               4 |          3 |      Fixed 
  1182 |  JC69 |         3 |     64 |               0 |          1 |      Fixed 
  1183 |  JC69 |        16 |    229 |              80 |          6 |      Fixed 
  1184 |  JC69 |         2 |    285 |               8 |          5 |      Fixed 
  1185 |  JC69 |         2 |    155 |               1 |          3 |      Fixed 
  1186 |  JC69 |        17 |    292 |              69 |         26 |      Fixed 
  1187 |  JC69 |         2 |    274 |               4 |          4 |      Fixed 
  1188 |  JC69 |         4 |     46 |               0 |          1 |      Fixed 
  1189 |  JC69 |         5 |     58 |               0 |          1 |      Fixed 
  1190 |  JC69 |         4 |    165 |               5 |          4 |      Fixed 
  1191 |  JC69 |        17 |    180 |              15 |          7 |      Fixed 
  1192 |  JC69 |        20 |     70 |               2 |          3 |      Fixed 
  1193 |  JC69 |        19 |    146 |               3 |          2 |      Fixed 
  1194 |  JC69 |         8 |    407 |             268 |         20 |      Fixed 
  1195 |  JC69 |        20 |     96 |               4 |          5 |      Fixed 
  1196 |  JC69 |         3 |     99 |               0 |          1 |      Fixed 
  1197 |  JC69 |        19 |     92 |               1 |          2 |      Fixed 
  1198 |  JC69 |        20 |    104 |               2 |          4 |      Fixed 
  1199 |  JC69 |         9 |    118 |               0 |          3 |      Fixed 
  1200 |  JC69 |        20 |    194 |               2 |          3 |      Fixed 
  1201 |  JC69 |         3 |    173 |               4 |          3 |      Fixed 
  1202 |  JC69 |         7 |    243 |              96 |         10 |      Fixed 
  1203 |  JC69 |        16 |    115 |               3 |          5 |      Fixed 
  1204 |  JC69 |        19 |    163 |               2 |          3 |      Fixed 
  1205 |  JC69 |         2 |    120 |               8 |          5 |      Fixed 
  1206 |  JC69 |        20 |    212 |              13 |         13 |      Fixed 
  1207 |  JC69 |        20 |    267 |               8 |          9 |      Fixed 
  1208 |  JC69 |         2 |    561 |             285 |          7 |      Fixed 
  1209 |  JC69 |         2 |    200 |               7 |          5 |      Fixed 
  1210 |  JC69 |         5 |     66 |               4 |          2 |      Fixed 
  1211 |  JC69 |        20 |     88 |               5 |          6 |      Fixed 
  1212 |  JC69 |         9 |    146 |               1 |          2 |      Fixed 
  1213 |  JC69 |         2 |     76 |               0 |          2 |      Fixed 
  1214 |  JC69 |         2 |    155 |               5 |          3 |      Fixed 
  1215 |  JC69 |         2 |     46 |               1 |          2 |      Fixed 
  1216 |  JC69 |        15 |     95 |               4 |          5 |      Fixed 
  1217 |  JC69 |         2 |    281 |              44 |          7 |      Fixed 
  1218 |  JC69 |         3 |     78 |               2 |          3 |      Fixed 
  1219 |  JC69 |         2 |    145 |               0 |          1 |      Fixed 
  1220 |  JC69 |         5 |    223 |              51 |          8 |      Fixed 
  1221 |  JC69 |        13 |     81 |              14 |          5 |      Fixed 
  1222 |  JC69 |         4 |    193 |              13 |          9 |      Fixed 
  1223 |  JC69 |         2 |     48 |               3 |          2 |      Fixed 
  1224 |  JC69 |        20 |    226 |               8 |          9 |      Fixed 
  1225 |  JC69 |        19 |     52 |              10 |          8 |      Fixed 
  1226 |  JC69 |        18 |    148 |               7 |          9 |      Fixed 
  1227 |  JC69 |         5 |    177 |              13 |          4 |      Fixed 
  1228 |  JC69 |        20 |    151 |              22 |         20 |      Fixed 
  1229 |  JC69 |         3 |    112 |               1 |          2 |      Fixed 
  1230 |  JC69 |        10 |    302 |              14 |          9 |      Fixed 
  1231 |  JC69 |        10 |    140 |               7 |          7 |      Fixed 
  1232 |  JC69 |         8 |     78 |               1 |          2 |      Fixed 
  1233 |  JC69 |        16 |    216 |              66 |         13 |      Fixed 
  1234 |  JC69 |         5 |    513 |              27 |         19 |      Fixed 
  1235 |  JC69 |         2 |    278 |               8 |          4 |      Fixed 
  1236 |  JC69 |        13 |    202 |              42 |         10 |      Fixed 
  1237 |  JC69 |         7 |    151 |               7 |          3 |      Fixed 
  1238 |  JC69 |         4 |    201 |               0 |          4 |      Fixed 
  1239 |  JC69 |         8 |     66 |               3 |          2 |      Fixed 
  1240 |  JC69 |        16 |     86 |               7 |          5 |      Fixed 
  1241 |  JC69 |         2 |     90 |               0 |          1 |      Fixed 
  1242 |  JC69 |         2 |     68 |               1 |          2 |      Fixed 
  1243 |  JC69 |         2 |    232 |               3 |          4 |      Fixed 
  1244 |  JC69 |        13 |    146 |              10 |          4 |      Fixed 
  1245 |  JC69 |         2 |     63 |               0 |          1 |      Fixed 
  1246 |  JC69 |        12 |    147 |              15 |         10 |      Fixed 
  1247 |  JC69 |         3 |    117 |               1 |          2 |      Fixed 
  1248 |  JC69 |         9 |    169 |               2 |          3 |      Fixed 
  1249 |  JC69 |         3 |     81 |               9 |          5 |      Fixed 
  1250 |  JC69 |        13 |    143 |               9 |          9 |      Fixed 
  1251 |  JC69 |         2 |    213 |              96 |          3 |      Fixed 
  1252 |  JC69 |         2 |    185 |              21 |          3 |      Fixed 
  1253 |  JC69 |         5 |    148 |               2 |          3 |      Fixed 
  1254 |  JC69 |         4 |     76 |               0 |          1 |      Fixed 
  1255 |  JC69 |         4 |    272 |              19 |         16 |      Fixed 
  1256 |  JC69 |         3 |     42 |               0 |          2 |      Fixed 
  1257 |  JC69 |         5 |    170 |               4 |          5 |      Fixed 
  1258 |  JC69 |         3 |     51 |               6 |          3 |      Fixed 
  1259 |  JC69 |         7 |     76 |               0 |          1 |      Fixed 
  1260 |  JC69 |         9 |    151 |              29 |          7 |      Fixed 
  1261 |  JC69 |         2 |     89 |               3 |          3 |      Fixed 
  1262 |  JC69 |         2 |    226 |              15 |          9 |      Fixed 
  1263 |  JC69 |         8 |    218 |               3 |          4 |      Fixed 
  1264 |  JC69 |        20 |    145 |              15 |         13 |      Fixed 
  1265 |  JC69 |         5 |    134 |               4 |          5 |      Fixed 
  1266 |  JC69 |        20 |    402 |             193 |         23 |      Fixed 
  1267 |  JC69 |        20 |     81 |               1 |          3 |      Fixed 
  1268 |  JC69 |         9 |    252 |              89 |         17 |      Fixed 
  1269 |  JC69 |         2 |    213 |               0 |          1 |      Fixed 
  1270 |  JC69 |        11 |    126 |               2 |          3 |      Fixed 
  1271 |  JC69 |         7 |    288 |              40 |         19 |      Fixed 
  1272 |  JC69 |        12 |    155 |               3 |          4 |      Fixed 
  1273 |  JC69 |        16 |    112 |               7 |          6 |      Fixed 
  1274 |  JC69 |         9 |    292 |              27 |         15 |      Fixed 
  1275 |  JC69 |         3 |    148 |               0 |          4 |      Fixed 
  1276 |  JC69 |         5 |    113 |               1 |          2 |      Fixed 
  1277 |  JC69 |         2 |    175 |               0 |          1 |      Fixed 
  1278 |  JC69 |        17 |    222 |               8 |          6 |      Fixed 
  1279 |  JC69 |        20 |    109 |               1 |          2 |      Fixed 
  1280 |  JC69 |         4 |    152 |               1 |          5 |      Fixed 
  1281 |  JC69 |         2 |    173 |               2 |          3 |      Fixed 
  1282 |  JC69 |         8 |    216 |              21 |         13 |      Fixed 
  1283 |  JC69 |        10 |    208 |              27 |         12 |      Fixed 
  1284 |  JC69 |        16 |    157 |               5 |          6 |      Fixed 

Parsing map file...
ajan_BABY6724 ajan
ajan_DW655 ajan
ajan_DW663 ajan
ajan_esa36 ajan
ajan_wdb38 ajan
ajan_ODP48916 ajan
ajancf_SLM01 ajan
ajancf_SLM05 ajan
ajancf_SLM10 ajan
alas_BABY422 alas
alas_BABY4577 alas
alas_BABY6558 alas
alas_DW641 alas
alas_DW646 alas
alas_ODP43138 alas
alas_ODP7414 alas
alas_ODP7415 alas
alas_ODP7424 alas
alas_ODP7429 alas
alas_ODP7432 alas
 Done
Writing multilocus alignments with compressed site patterns in fit/output/ch7.compressed-aln.phy

diploid_resolve_locus      1:        10      128        2 ->         2
diploid_resolve_locus      2:        20      135        3 ->         3
diploid_resolve_locus      3:         2      274        4 ->         4
diploid_resolve_locus      4:         3      282        4 ->         4
diploid_resolve_locus      5:        15      108        3 ->         3
diploid_resolve_locus      6:        19      620       36 ->        55
diploid_resolve_locus      7:        16      153        4 ->         4
diploid_resolve_locus      8:         4       70        2 ->         2
diploid_resolve_locus      9:         2       53        1 ->         1
diploid_resolve_locus     10:        17      373       16 ->        17
diploid_resolve_locus     11:         5      282        7 ->         7
diploid_resolve_locus     12:        20      179        1 ->         1
diploid_resolve_locus     13:        20      565        5 ->         5
diploid_resolve_locus     14:         6      278        6 ->         6
diploid_resolve_locus     15:        15      778       39 ->        92
diploid_resolve_locus     16:        11      176        3 ->         4
diploid_resolve_locus     17:        12       61        3 ->         3
diploid_resolve_locus     18:         3      105        1 ->         1
diploid_resolve_locus     19:        16      201        7 ->         7
diploid_resolve_locus     20:        13       73        2 ->         2
diploid_resolve_locus     21:        19      826       35 ->       101
diploid_resolve_locus     22:        18      149        7 ->        73
diploid_resolve_locus     23:         9      329        7 ->         8
diploid_resolve_locus     24:        19      160        7 ->        10
diploid_resolve_locus     25:        20      362       18 ->        25
diploid_resolve_locus     26:        10      492       18 ->        19
diploid_resolve_locus     27:        19      207        6 ->         8
diploid_resolve_locus     28:        14      193        5 ->         5
diploid_resolve_locus     29:        18       91        4 ->         4
diploid_resolve_locus     30:         2       65        3 ->         3
diploid_resolve_locus     31:        12      427       17 ->        18
diploid_resolve_locus     32:         2      279        5 ->         5
diploid_resolve_locus     33:        17      158        3 ->         3
diploid_resolve_locus     34:         2      282        5 ->         5
diploid_resolve_locus     35:        14      510       20 ->        23
diploid_resolve_locus     36:         9      168        7 ->         9
diploid_resolve_locus     37:        19      172        5 ->         5
diploid_resolve_locus     38:        12      407       18 ->        18
diploid_resolve_locus     39:        15      241       13 ->        15
diploid_resolve_locus     40:         2      279        4 ->         4
diploid_resolve_locus     41:        17      227       10 ->        11
diploid_resolve_locus     42:        18      109        3 ->         3
diploid_resolve_locus     43:        19      335        7 ->         7
diploid_resolve_locus     44:         7       82        2 ->         2
diploid_resolve_locus     45:        19      457       30 ->        34
diploid_resolve_locus     46:        20      146        6 ->         6
diploid_resolve_locus     47:         2      271        6 ->         8
diploid_resolve_locus     48:        20      115        4 ->         4
diploid_resolve_locus     49:        15      154        8 ->         9
diploid_resolve_locus     50:         2      283        3 ->         3
diploid_resolve_locus     51:        20      149        7 ->         9
diploid_resolve_locus     52:        18      479       14 ->        26
diploid_resolve_locus     53:         3      180        3 ->         4
diploid_resolve_locus     54:         2       86        1 ->         1
diploid_resolve_locus     55:        20       93        7 ->         8
diploid_resolve_locus     56:         2      283        4 ->         4
diploid_resolve_locus     57:         3      283        5 ->         6
diploid_resolve_locus     58:         9      333       15 ->        18
diploid_resolve_locus     59:         3       60        1 ->         1
diploid_resolve_locus     60:        16      124        3 ->         3
diploid_resolve_locus     61:        20     1337       33 ->        43
diploid_resolve_locus     62:        19      405       31 ->        48
diploid_resolve_locus     63:        14      233       12 ->        15
diploid_resolve_locus     64:        20      201        3 ->         3
diploid_resolve_locus     65:        19      385       10 ->        22
diploid_resolve_locus     66:        10      207        5 ->         5
diploid_resolve_locus     67:        13      254        8 ->        36
diploid_resolve_locus     68:        14       83        1 ->         1
diploid_resolve_locus     69:        20      438        8 ->         8
diploid_resolve_locus     70:         3      278        8 ->         9
diploid_resolve_locus     71:         6      361       12 ->        15
diploid_resolve_locus     72:         7      315       14 ->        15
diploid_resolve_locus     73:        18      158        6 ->         8
diploid_resolve_locus     74:         9      178        4 ->         4
diploid_resolve_locus     75:        15      729       32 ->        48
diploid_resolve_locus     76:         8      279       18 ->        30
diploid_resolve_locus     77:        12      286       19 ->        22
diploid_resolve_locus     78:        20      272        2 ->         2
diploid_resolve_locus     79:         4      253        9 ->        12
diploid_resolve_locus     80:        19      465       12 ->        12
diploid_resolve_locus     81:         4      276        9 ->         9
diploid_resolve_locus     82:         4      282        7 ->         7
diploid_resolve_locus     83:        19      201        8 ->         8
diploid_resolve_locus     84:        20       98        6 ->         9
diploid_resolve_locus     85:         4      278        6 ->         6
diploid_resolve_locus     86:         2       43        1 ->         1
diploid_resolve_locus     87:         3      147        1 ->         1
diploid_resolve_locus     88:        10      284       16 ->        21
diploid_resolve_locus     89:        10      284       17 ->        24
diploid_resolve_locus     90:        20      368       14 ->        20
diploid_resolve_locus     91:        20      181        8 ->         8
diploid_resolve_locus     92:        20      422       10 ->        14
diploid_resolve_locus     93:         2      128        1 ->         1
diploid_resolve_locus     94:         7      404       11 ->        11
diploid_resolve_locus     95:         6      423       16 ->        17
diploid_resolve_locus     96:        11      282       13 ->        19
diploid_resolve_locus     97:        18       81        3 ->         3
diploid_resolve_locus     98:        20      383       21 ->        23
diploid_resolve_locus     99:        18      482       28 ->        35
diploid_resolve_locus    100:        12      527       19 ->        22
diploid_resolve_locus    101:         6      200        5 ->         5
diploid_resolve_locus    102:        20       65        2 ->         2
diploid_resolve_locus    103:         3       50        1 ->         1
diploid_resolve_locus    104:        20      410       12 ->        21
diploid_resolve_locus    105:         4       99        1 ->         1
diploid_resolve_locus    106:         8      240        3 ->         3
diploid_resolve_locus    107:        13       94        3 ->         3
diploid_resolve_locus    108:        16      103        4 ->         4
diploid_resolve_locus    109:        18       60        4 ->         4
diploid_resolve_locus    110:         3      280        6 ->         7
diploid_resolve_locus    111:        15      194        2 ->         2
diploid_resolve_locus    112:        20      323        7 ->         7
diploid_resolve_locus    113:         9      454       10 ->        10
diploid_resolve_locus    114:         2       90        1 ->         1
diploid_resolve_locus    115:         2      121        1 ->         1
diploid_resolve_locus    116:         2      110        1 ->         1
diploid_resolve_locus    117:         2      169        2 ->         2
diploid_resolve_locus    118:        13      224        6 ->         6
diploid_resolve_locus    119:         7      398       11 ->        17
diploid_resolve_locus    120:         4      282        6 ->         6
diploid_resolve_locus    121:        16      176        5 ->         5
diploid_resolve_locus    122:        20      164        4 ->         5
diploid_resolve_locus    123:        19      326       18 ->        31
diploid_resolve_locus    124:        11      245       13 ->        13
diploid_resolve_locus    125:         4       63        3 ->         3
diploid_resolve_locus    126:        17      137        7 ->        12
diploid_resolve_locus    127:         5      177        3 ->         3
diploid_resolve_locus    128:        16      259       21 ->        26
diploid_resolve_locus    129:        19       64        3 ->         3
diploid_resolve_locus    130:        20      262        7 ->         7
diploid_resolve_locus    131:         3      275        9 ->        17
diploid_resolve_locus    132:        10      235        7 ->         7
diploid_resolve_locus    133:         5      287        7 ->         7
diploid_resolve_locus    134:        20      132        3 ->         3
diploid_resolve_locus    135:         5      281        8 ->         8
diploid_resolve_locus    136:         4      223        3 ->         3
diploid_resolve_locus    137:        20      148        9 ->        10
diploid_resolve_locus    138:        16      148        6 ->        10
diploid_resolve_locus    139:        16      284       23 ->        24
diploid_resolve_locus    140:        20       73        3 ->         3
diploid_resolve_locus    141:        19      549       18 ->        19
diploid_resolve_locus    142:        20      219        5 ->        18
diploid_resolve_locus    143:        18      292       17 ->        29
diploid_resolve_locus    144:         7      278       15 ->        22
diploid_resolve_locus    145:        16     1036       44 ->        69
diploid_resolve_locus    146:        11      226        5 ->         5
diploid_resolve_locus    147:         3       55        1 ->         1
diploid_resolve_locus    148:         3       47        2 ->         2
diploid_resolve_locus    149:        18       86        7 ->         9
diploid_resolve_locus    150:         2      278        5 ->         6
diploid_resolve_locus    151:        17      486       21 ->        32
diploid_resolve_locus    152:        17      111        5 ->         5
diploid_resolve_locus    153:        16      967       46 ->       111
diploid_resolve_locus    154:        16       86        3 ->         3
diploid_resolve_locus    155:        17      176        9 ->        19
diploid_resolve_locus    156:         4       84        1 ->         1
diploid_resolve_locus    157:         5      287       12 ->        12
diploid_resolve_locus    158:         3       44        3 ->         3
diploid_resolve_locus    159:        20      296        9 ->        15
diploid_resolve_locus    160:        17      282       10 ->        12
diploid_resolve_locus    161:         5      215        8 ->         8
diploid_resolve_locus    162:        20      214       12 ->        34
diploid_resolve_locus    163:         3       47        1 ->         1
diploid_resolve_locus    164:        20      288       14 ->        31
diploid_resolve_locus    165:        20      186        4 ->         4
diploid_resolve_locus    166:        20      491       16 ->        34
diploid_resolve_locus    167:        15      231        7 ->         7
diploid_resolve_locus    168:        20      959       23 ->        30
diploid_resolve_locus    169:        19       56        3 ->         3
diploid_resolve_locus    170:        16      110        2 ->         2
diploid_resolve_locus    171:         4      456        5 ->         5
diploid_resolve_locus    172:        11       75        2 ->         2
diploid_resolve_locus    173:         3      192        3 ->         3
diploid_resolve_locus    174:         6      182        5 ->         6
diploid_resolve_locus    175:        20      136        3 ->         3
diploid_resolve_locus    176:        19      131        6 ->         6
diploid_resolve_locus    177:         4      280        7 ->         8
diploid_resolve_locus    178:        20      282        7 ->        13
diploid_resolve_locus    179:        18       86       10 ->        11
diploid_resolve_locus    180:         8       69        6 ->        17
diploid_resolve_locus    181:        18      191        7 ->        10
diploid_resolve_locus    182:        14      182       10 ->        11
diploid_resolve_locus    183:         6      282       11 ->        12
diploid_resolve_locus    184:         5      279       10 ->        10
diploid_resolve_locus    185:         3      322        7 ->         7
diploid_resolve_locus    186:        14       43        2 ->         2
diploid_resolve_locus    187:        20      292       16 ->        20
diploid_resolve_locus    188:        10       99        5 ->         6
diploid_resolve_locus    189:        20      146        7 ->         7
diploid_resolve_locus    190:         2      337        9 ->        13
diploid_resolve_locus    191:        18      292       16 ->        20
diploid_resolve_locus    192:         6       61        1 ->         1
diploid_resolve_locus    193:         5      283        2 ->         2
diploid_resolve_locus    194:        20      212        4 ->         5
diploid_resolve_locus    195:        18      241       15 ->        19
diploid_resolve_locus    196:        20      272        7 ->         8
diploid_resolve_locus    197:         9      114        2 ->         2
diploid_resolve_locus    198:        13      185       11 ->        12
diploid_resolve_locus    199:        15       75        3 ->         3
diploid_resolve_locus    200:         3      112       10 ->        14
diploid_resolve_locus    201:         4      286        8 ->         8
diploid_resolve_locus    202:         3       47        1 ->         1
diploid_resolve_locus    203:         2      259        1 ->         1
diploid_resolve_locus    204:         3       74        3 ->         3
diploid_resolve_locus    205:         2      248        5 ->         7
diploid_resolve_locus    206:         9       81        1 ->         1
diploid_resolve_locus    207:        16      382       17 ->        21
diploid_resolve_locus    208:         7       52        2 ->         2
diploid_resolve_locus    209:         4      351        6 ->         6
diploid_resolve_locus    210:         9      280       11 ->        11
diploid_resolve_locus    211:        15      251       10 ->        10
diploid_resolve_locus    212:         2       83        2 ->         2
diploid_resolve_locus    213:        20      138        3 ->         3
diploid_resolve_locus    214:        17      254        9 ->        15
diploid_resolve_locus    215:        20      149        7 ->         7
diploid_resolve_locus    216:         9      416        9 ->        10
diploid_resolve_locus    217:         8      278       11 ->        11
diploid_resolve_locus    218:         3       53        1 ->         1
diploid_resolve_locus    219:        17      587       26 ->        67
diploid_resolve_locus    220:         5      280        9 ->         9
diploid_resolve_locus    221:        20      601       23 ->        28
diploid_resolve_locus    222:        15       57        2 ->         2
diploid_resolve_locus    223:         7      489       10 ->        10
diploid_resolve_locus    224:         7      492       16 ->        25
diploid_resolve_locus    225:        13      211        7 ->         8
diploid_resolve_locus    226:         2      368        3 ->         3
diploid_resolve_locus    227:        14       54        2 ->         2
diploid_resolve_locus    228:         3      281        7 ->         7
diploid_resolve_locus    229:        13      287       16 ->        16
diploid_resolve_locus    230:         3       68        3 ->         3
diploid_resolve_locus    231:        20       84        4 ->         8
diploid_resolve_locus    232:         8      282       15 ->        20
diploid_resolve_locus    233:        20      118        1 ->         1
diploid_resolve_locus    234:        10      225        7 ->         8
diploid_resolve_locus    235:         3      172        2 ->         2
diploid_resolve_locus    236:        18      177        8 ->        18
diploid_resolve_locus    237:        19       75        3 ->         3
diploid_resolve_locus    238:         4      275        7 ->         9
diploid_resolve_locus    239:        19      148        4 ->         4
diploid_resolve_locus    240:         3      148        1 ->         1
diploid_resolve_locus    241:        12      272       11 ->        11
diploid_resolve_locus    242:         2       42        2 ->         2
diploid_resolve_locus    243:         3      192        2 ->         2
diploid_resolve_locus    244:         2       67        1 ->         1
diploid_resolve_locus    245:         2      257        2 ->         2
diploid_resolve_locus    246:        20      132        2 ->         2
diploid_resolve_locus    247:        20      206       12 ->        28
diploid_resolve_locus    248:         2      277        1 ->         1
diploid_resolve_locus    249:         8      283       14 ->        16
diploid_resolve_locus    250:         8      378        6 ->         8
diploid_resolve_locus    251:         3      171        7 ->        11
diploid_resolve_locus    252:        16      125       10 ->        12
diploid_resolve_locus    253:        20      268       12 ->        83
diploid_resolve_locus    254:        20      138        8 ->        10
diploid_resolve_locus    255:        15       73        2 ->         2
diploid_resolve_locus    256:        20      194        8 ->        24
diploid_resolve_locus    257:         7      101        5 ->         5
diploid_resolve_locus    258:         3      100        2 ->         2
diploid_resolve_locus    259:         2      283        1 ->         1
diploid_resolve_locus    260:        14      126        9 ->        10
diploid_resolve_locus    261:        15      166        5 ->         5
diploid_resolve_locus    262:         5      398       10 ->        13
diploid_resolve_locus    263:        10      211        4 ->         4
diploid_resolve_locus    264:        12      120       11 ->        13
diploid_resolve_locus    265:         2      283        8 ->        10
diploid_resolve_locus    266:        17      184        8 ->        28
diploid_resolve_locus    267:        20      598       18 ->        26
diploid_resolve_locus    268:         6      280       13 ->        14
diploid_resolve_locus    269:         3      275        6 ->         7
diploid_resolve_locus    270:        17      494       11 ->        18
diploid_resolve_locus    271:         5      282        8 ->         9
diploid_resolve_locus    272:         2      286        4 ->         4
diploid_resolve_locus    273:         6      281       13 ->        13
diploid_resolve_locus    274:        20      204        3 ->         3
diploid_resolve_locus    275:        20      150        2 ->         2
diploid_resolve_locus    276:         3      284        8 ->         9
diploid_resolve_locus    277:         9      284       12 ->        21
diploid_resolve_locus    278:         3      283        7 ->         7
diploid_resolve_locus    279:        17      257       11 ->        15
diploid_resolve_locus    280:         5      282        9 ->         9
diploid_resolve_locus    281:         3      145        1 ->         1
diploid_resolve_locus    282:        14      172        9 ->        10
diploid_resolve_locus    283:        20      129        2 ->         2
diploid_resolve_locus    284:        20      768       27 ->        35
diploid_resolve_locus    285:         3      283       10 ->        13
diploid_resolve_locus    286:        19      316       10 ->        18
diploid_resolve_locus    287:        19       51        3 ->         3
diploid_resolve_locus    288:        17      227        9 ->        10
diploid_resolve_locus    289:         5      236        4 ->         4
diploid_resolve_locus    290:        20      186       10 ->        27
diploid_resolve_locus    291:         5      100        1 ->         1
diploid_resolve_locus    292:        20      114        4 ->         4
diploid_resolve_locus    293:        20      157        3 ->         7
diploid_resolve_locus    294:        20      337       12 ->        16
diploid_resolve_locus    295:         6      247        4 ->         5
diploid_resolve_locus    296:        18       57        4 ->         4
diploid_resolve_locus    297:        16      630       34 ->        44
diploid_resolve_locus    298:        11      241        6 ->         6
diploid_resolve_locus    299:         4      187        6 ->         6
diploid_resolve_locus    300:        20      293        6 ->         8
diploid_resolve_locus    301:        15      433       37 ->        62
diploid_resolve_locus    302:        17      190        8 ->        13
diploid_resolve_locus    303:         5      246        4 ->         4
diploid_resolve_locus    304:        11      287       15 ->        16
diploid_resolve_locus    305:        20      148        3 ->         3
diploid_resolve_locus    306:        19      102        5 ->         5
diploid_resolve_locus    307:         3      281        9 ->        10
diploid_resolve_locus    308:        18      112        5 ->         9
diploid_resolve_locus    309:        17      657       24 ->        30
diploid_resolve_locus    310:        20      163        5 ->         6
diploid_resolve_locus    311:        15      157        8 ->        11
diploid_resolve_locus    312:        20      199        3 ->         3
diploid_resolve_locus    313:        11      484       17 ->        32
diploid_resolve_locus    314:        19      730       20 ->        24
diploid_resolve_locus    315:         8      432       11 ->        11
diploid_resolve_locus    316:         8      355       18 ->        22
diploid_resolve_locus    317:        20      116        8 ->        14
diploid_resolve_locus    318:        14      190       12 ->        21
diploid_resolve_locus    319:        17      250        9 ->        11
diploid_resolve_locus    320:        19       79        5 ->         5
diploid_resolve_locus    321:        18      149        6 ->         8
diploid_resolve_locus    322:        20       59        3 ->         3
diploid_resolve_locus    323:         6      540        8 ->         9
diploid_resolve_locus    324:         5       88        3 ->         3
diploid_resolve_locus    325:         7      260        8 ->         8
diploid_resolve_locus    326:        20      201        9 ->        11
diploid_resolve_locus    327:        14       93        9 ->        12
diploid_resolve_locus    328:         9       94        2 ->         2
diploid_resolve_locus    329:         2      135        2 ->         2
diploid_resolve_locus    330:         7      280       12 ->        16
diploid_resolve_locus    331:         5      188        5 ->         5
diploid_resolve_locus    332:        15      111        2 ->         2
diploid_resolve_locus    333:         3       71        2 ->         2
diploid_resolve_locus    334:         4      133        3 ->         3
diploid_resolve_locus    335:         2      283        2 ->         2
diploid_resolve_locus    336:        18      154        5 ->         5
diploid_resolve_locus    337:        18      162        3 ->         5
diploid_resolve_locus    338:         4       92        2 ->         2
diploid_resolve_locus    339:         8      206       11 ->        14
diploid_resolve_locus    340:        20       84        2 ->         2
diploid_resolve_locus    341:        17      292       17 ->        17
diploid_resolve_locus    342:        20       98        5 ->         5
diploid_resolve_locus    343:        13      282       13 ->        13
diploid_resolve_locus    344:         2      278        3 ->         3
diploid_resolve_locus    345:        20      362       23 ->        30
diploid_resolve_locus    346:        20       66        5 ->         5
diploid_resolve_locus    347:         6       69        3 ->         3
diploid_resolve_locus    348:        13      217        7 ->         8
diploid_resolve_locus    349:        20      389       28 ->        56
diploid_resolve_locus    350:        16      100        5 ->         6
diploid_resolve_locus    351:        20       99        5 ->         5
diploid_resolve_locus    352:        11      224        5 ->         5
diploid_resolve_locus    353:        20      361        7 ->         8
diploid_resolve_locus    354:        20      466       13 ->        17
diploid_resolve_locus    355:         6      280        9 ->        10
diploid_resolve_locus    356:         3      326        6 ->         6
diploid_resolve_locus    357:        20      453       18 ->        33
diploid_resolve_locus    358:        18      250        8 ->         9
diploid_resolve_locus    359:         8      348       15 ->        18
diploid_resolve_locus    360:         7       64        3 ->         3
diploid_resolve_locus    361:        16      150        9 ->         9
diploid_resolve_locus    362:        19      183        3 ->         3
diploid_resolve_locus    363:        17       51        4 ->         4
diploid_resolve_locus    364:         6      557       23 ->        43
diploid_resolve_locus    365:        10      400       23 ->        26
diploid_resolve_locus    366:         2      201        4 ->         5
diploid_resolve_locus    367:        20       73        6 ->         6
diploid_resolve_locus    368:        19       63        6 ->        16
diploid_resolve_locus    369:         8       74        2 ->         2
diploid_resolve_locus    370:        14      292       23 ->        25
diploid_resolve_locus    371:        13      115        7 ->         8
diploid_resolve_locus    372:        13      161       15 ->        38
diploid_resolve_locus    373:         4      277        7 ->         7
diploid_resolve_locus    374:        20      212        5 ->        22
diploid_resolve_locus    375:        20      203       12 ->        18
diploid_resolve_locus    376:         2      211        3 ->         3
diploid_resolve_locus    377:         3      123        1 ->         1
diploid_resolve_locus    378:        12      211        6 ->         7
diploid_resolve_locus    379:        20      248        5 ->         5
diploid_resolve_locus    380:         2      276        5 ->         5
diploid_resolve_locus    381:         2       45        1 ->         1
diploid_resolve_locus    382:        19       91        3 ->         3
diploid_resolve_locus    383:         4      268        8 ->         8
diploid_resolve_locus    384:         2      224        2 ->         2
diploid_resolve_locus    385:         9      168        4 ->         4
diploid_resolve_locus    386:        19      139        6 ->         8
diploid_resolve_locus    387:         3      123        6 ->         8
diploid_resolve_locus    388:         4      280        6 ->         6
diploid_resolve_locus    389:         4      129        3 ->         3
diploid_resolve_locus    390:         3       43        2 ->         2
diploid_resolve_locus    391:         4      279       10 ->        10
diploid_resolve_locus    392:        19      236       15 ->        28
diploid_resolve_locus    393:         7      406       11 ->        11
diploid_resolve_locus    394:        20      285        4 ->         4
diploid_resolve_locus    395:        20      253        4 ->         4
diploid_resolve_locus    396:        13      415       23 ->        35
diploid_resolve_locus    397:         6      244        6 ->         6
diploid_resolve_locus    398:        16      125        7 ->         8
diploid_resolve_locus    399:        15      135        4 ->         5
diploid_resolve_locus    400:         3      262        8 ->         8
diploid_resolve_locus    401:        20      549       19 ->        32
diploid_resolve_locus    402:         3       88        2 ->         2
diploid_resolve_locus    403:        14       54        5 ->         5
diploid_resolve_locus    404:        20       64        2 ->         2
diploid_resolve_locus    405:        16      152        5 ->         5
diploid_resolve_locus    406:        18     1156       48 ->       138
diploid_resolve_locus    407:        20      182        7 ->         8
diploid_resolve_locus    408:        16      393       16 ->        25
diploid_resolve_locus    409:        17       97        2 ->         2
diploid_resolve_locus    410:        20      108        3 ->         3
diploid_resolve_locus    411:        20      217        9 ->        15
diploid_resolve_locus    412:         5      282        6 ->         7
diploid_resolve_locus    413:        16      275        9 ->        12
diploid_resolve_locus    414:         3      184        3 ->         3
diploid_resolve_locus    415:        19      366       18 ->        19
diploid_resolve_locus    416:        16      360       24 ->        26
diploid_resolve_locus    417:         7      238       11 ->        13
diploid_resolve_locus    418:        11       58        4 ->         8
diploid_resolve_locus    419:         5       43        3 ->         3
diploid_resolve_locus    420:        18      215        7 ->        10
diploid_resolve_locus    421:         5      287       11 ->        12
diploid_resolve_locus    422:        15      252       17 ->        34
diploid_resolve_locus    423:        12      284       15 ->        17
diploid_resolve_locus    424:         8      187       10 ->        11
diploid_resolve_locus    425:        16       96        9 ->        11
diploid_resolve_locus    426:        10      344       13 ->        21
diploid_resolve_locus    427:        20       89        3 ->         3
diploid_resolve_locus    428:        20      371       18 ->        18
diploid_resolve_locus    429:        13      159        7 ->         7
diploid_resolve_locus    430:        16      446       26 ->        39
diploid_resolve_locus    431:         9       63        3 ->         3
diploid_resolve_locus    432:        20      144        4 ->         9
diploid_resolve_locus    433:        20      202        9 ->        22
diploid_resolve_locus    434:        19       75        2 ->         2
diploid_resolve_locus    435:         2      137        1 ->         1
diploid_resolve_locus    436:         7      202        4 ->         4
diploid_resolve_locus    437:        20      178        4 ->         4
diploid_resolve_locus    438:         2       67        2 ->         2
diploid_resolve_locus    439:        17      494       14 ->        37
diploid_resolve_locus    440:         4      280        7 ->         7
diploid_resolve_locus    441:         5      177        3 ->         3
diploid_resolve_locus    442:         4       73        2 ->         2
diploid_resolve_locus    443:         3      284        9 ->        10
diploid_resolve_locus    444:        20      124        3 ->         3
diploid_resolve_locus    445:        20      445       12 ->        13
diploid_resolve_locus    446:        20       78        3 ->         4
diploid_resolve_locus    447:         6      285        4 ->         4
diploid_resolve_locus    448:         6      281        9 ->         9
diploid_resolve_locus    449:        20      103        3 ->         3
diploid_resolve_locus    450:        13      156        4 ->         4
diploid_resolve_locus    451:        13      126        3 ->         3
diploid_resolve_locus    452:         7      259        4 ->         4
diploid_resolve_locus    453:         2      277        5 ->         5
diploid_resolve_locus    454:        17      213        8 ->        13
diploid_resolve_locus    455:        14      167       10 ->        16
diploid_resolve_locus    456:        14       80        5 ->         7
diploid_resolve_locus    457:         5      269        9 ->        12
diploid_resolve_locus    458:         6      280        9 ->         9
diploid_resolve_locus    459:         2       35        1 ->         1
diploid_resolve_locus    460:        16      116        4 ->         4
diploid_resolve_locus    461:        20      256        9 ->         9
diploid_resolve_locus    462:        11      257       11 ->        11
diploid_resolve_locus    463:        17      100        7 ->         7
diploid_resolve_locus    464:         3       44        1 ->         1
diploid_resolve_locus    465:        17      201       10 ->        14
diploid_resolve_locus    466:        20      280       12 ->        19
diploid_resolve_locus    467:         2      413        5 ->         5
diploid_resolve_locus    468:        20      130        7 ->         7
diploid_resolve_locus    469:         6      268       12 ->        15
diploid_resolve_locus    470:        19      218        4 ->         5
diploid_resolve_locus    471:         2       42        1 ->         1
diploid_resolve_locus    472:        20       88        3 ->         3
diploid_resolve_locus    473:        10      210        6 ->        12
diploid_resolve_locus    474:        20       78        4 ->         5
diploid_resolve_locus    475:        19      300        7 ->         7
diploid_resolve_locus    476:         2      280        8 ->        13
diploid_resolve_locus    477:        20      400       10 ->        45
diploid_resolve_locus    478:        15      129        6 ->         7
diploid_resolve_locus    479:        13      145       12 ->        15
diploid_resolve_locus    480:         5      192        3 ->         3
diploid_resolve_locus    481:         3      244        5 ->         5
diploid_resolve_locus    482:        20      225        5 ->         8
diploid_resolve_locus    483:        17      137        4 ->         5
diploid_resolve_locus    484:        11       45        2 ->         2
diploid_resolve_locus    485:        14       87        4 ->         4
diploid_resolve_locus    486:        13      241        7 ->         8
diploid_resolve_locus    487:        20      124        2 ->         2
diploid_resolve_locus    488:         3      276        8 ->         9
diploid_resolve_locus    489:        20      135        3 ->         5
diploid_resolve_locus    490:         3      279        9 ->        13
diploid_resolve_locus    491:        20      296        6 ->         7
diploid_resolve_locus    492:         2      186        1 ->         1
diploid_resolve_locus    493:         8      280        9 ->        10
diploid_resolve_locus    494:         8       51        2 ->         2
diploid_resolve_locus    495:        19       48        3 ->         3
diploid_resolve_locus    496:        20      211        5 ->         5
diploid_resolve_locus    497:        19      146        4 ->         6
diploid_resolve_locus    498:        16      228        5 ->         5
diploid_resolve_locus    499:         2       47        1 ->         1
diploid_resolve_locus    500:        20      175        4 ->         4
diploid_resolve_locus    501:         6       92        2 ->         2
diploid_resolve_locus    502:        12      219        5 ->        10
diploid_resolve_locus    503:         3      280        6 ->         8
diploid_resolve_locus    504:        19       81        3 ->         3
diploid_resolve_locus    505:        13      189       12 ->        95
diploid_resolve_locus    506:        14      127        4 ->         4
diploid_resolve_locus    507:        19       78        4 ->         4
diploid_resolve_locus    508:        17      477       16 ->        17
diploid_resolve_locus    509:        18      285       13 ->        13
diploid_resolve_locus    510:         2       55        2 ->         2
diploid_resolve_locus    511:         2      278       11 ->        17
diploid_resolve_locus    512:         3      214        5 ->         6
diploid_resolve_locus    513:        20      625       18 ->        19
diploid_resolve_locus    514:        20      813       47 ->        89
diploid_resolve_locus    515:         5       97        1 ->         1
diploid_resolve_locus    516:        12      281       22 ->        43
diploid_resolve_locus    517:        17      118        4 ->         4
diploid_resolve_locus    518:        11      178        5 ->         5
diploid_resolve_locus    519:         5      312       14 ->        27
diploid_resolve_locus    520:        13      207       16 ->        21
diploid_resolve_locus    521:        17      491       13 ->        15
diploid_resolve_locus    522:         9      283       16 ->        20
diploid_resolve_locus    523:        14      261       18 ->        22
diploid_resolve_locus    524:        18      292       21 ->        22
diploid_resolve_locus    525:        12      147       10 ->        13
diploid_resolve_locus    526:        16      109        4 ->         4
diploid_resolve_locus    527:         2      203        1 ->         1
diploid_resolve_locus    528:        20      122        5 ->         5
diploid_resolve_locus    529:         2      208        4 ->         4
diploid_resolve_locus    530:        19      139        3 ->         3
diploid_resolve_locus    531:         2      284        4 ->         4
diploid_resolve_locus    532:        20      177        5 ->         6
diploid_resolve_locus    533:        20      177        3 ->         3
diploid_resolve_locus    534:        13      285       19 ->        20
diploid_resolve_locus    535:        19       79        3 ->         3
diploid_resolve_locus    536:         5      281       11 ->        11
diploid_resolve_locus    537:        10      180        7 ->         7
diploid_resolve_locus    538:        15      148       17 ->        19
diploid_resolve_locus    539:        15      110        4 ->         4
diploid_resolve_locus    540:        19       43        4 ->         4
diploid_resolve_locus    541:         9      199        6 ->         7
diploid_resolve_locus    542:        20      103        3 ->         3
diploid_resolve_locus    543:        12      537       16 ->        16
diploid_resolve_locus    544:        11      668       19 ->        20
diploid_resolve_locus    545:         2       49        1 ->         1
diploid_resolve_locus    546:        20      153        3 ->         4
diploid_resolve_locus    547:        20       72        3 ->         3
diploid_resolve_locus    548:         3      175        1 ->         1
diploid_resolve_locus    549:        10      453       25 ->        40
diploid_resolve_locus    550:         2      282        5 ->         6
diploid_resolve_locus    551:         8      265        3 ->         3
diploid_resolve_locus    552:        15      292       11 ->        11
diploid_resolve_locus    553:        11      285       19 ->        19
diploid_resolve_locus    554:         9      371       10 ->        13
diploid_resolve_locus    555:        19      342        7 ->         8
diploid_resolve_locus    556:        17      188        4 ->         5
diploid_resolve_locus    557:        10      282       15 ->        15
diploid_resolve_locus    558:         2      338        8 ->        10
diploid_resolve_locus    559:         6      228       10 ->        10
diploid_resolve_locus    560:        18      247       12 ->        12
diploid_resolve_locus    561:        20      157        4 ->         4
diploid_resolve_locus    562:        19      104        3 ->         3
diploid_resolve_locus    563:        20      199        6 ->         7
diploid_resolve_locus    564:        12      124        3 ->         3
diploid_resolve_locus    565:        20      212        5 ->         5
diploid_resolve_locus    566:         3      280        6 ->         7
diploid_resolve_locus    567:         8       76        4 ->         4
diploid_resolve_locus    568:         9      102        4 ->         4
diploid_resolve_locus    569:        14      320       16 ->        21
diploid_resolve_locus    570:         6      382       17 ->        23
diploid_resolve_locus    571:        16       80        4 ->         6
diploid_resolve_locus    572:        19      272       14 ->        19
diploid_resolve_locus    573:         3       74        3 ->         3
diploid_resolve_locus    574:        13      138        7 ->        13
diploid_resolve_locus    575:         8      221       10 ->        44
diploid_resolve_locus    576:         4       78        4 ->         5
diploid_resolve_locus    577:         7      130        9 ->        12
diploid_resolve_locus    578:        13       63        6 ->         6
diploid_resolve_locus    579:         6      259       14 ->        26
diploid_resolve_locus    580:        12      135        5 ->         6
diploid_resolve_locus    581:         9       99        5 ->         5
diploid_resolve_locus    582:        20       58        6 ->         8
diploid_resolve_locus    583:        19       67        3 ->         4
diploid_resolve_locus    584:        20      141        7 ->         8
diploid_resolve_locus    585:        20      183        5 ->         7
diploid_resolve_locus    586:        20      127        3 ->         3
diploid_resolve_locus    587:         7      277        4 ->         5
diploid_resolve_locus    588:         2      178        1 ->         1
diploid_resolve_locus    589:        11      323       24 ->        25
diploid_resolve_locus    590:         3      281        4 ->         4
diploid_resolve_locus    591:         5      272        4 ->         4
diploid_resolve_locus    592:         5      350       12 ->        13
diploid_resolve_locus    593:        16       98        3 ->         3
diploid_resolve_locus    594:         2      280        3 ->         3
diploid_resolve_locus    595:        19      193        5 ->         5
diploid_resolve_locus    596:        15      311       14 ->        21
diploid_resolve_locus    597:         2      201        3 ->         3
diploid_resolve_locus    598:         4       88        1 ->         1
diploid_resolve_locus    599:        16       83        4 ->         4
diploid_resolve_locus    600:         5      282        9 ->         9
diploid_resolve_locus    601:         5      141        2 ->         2
diploid_resolve_locus    602:         3       61        1 ->         1
diploid_resolve_locus    603:        17      101        5 ->         8
diploid_resolve_locus    604:         5      298       11 ->        16
diploid_resolve_locus    605:         4      288        9 ->        10
diploid_resolve_locus    606:         7      283       16 ->        51
diploid_resolve_locus    607:         7      144        5 ->         5
diploid_resolve_locus    608:         2      120        1 ->         1
diploid_resolve_locus    609:         2      545        8 ->        11
diploid_resolve_locus    610:        16      292       21 ->        21
diploid_resolve_locus    611:         4      280        9 ->        10
diploid_resolve_locus    612:         2      282        7 ->         8
diploid_resolve_locus    613:         8      447       10 ->        10
diploid_resolve_locus    614:        20      134        6 ->        13
diploid_resolve_locus    615:         2      278        5 ->         6
diploid_resolve_locus    616:         8      130       11 ->        15
diploid_resolve_locus    617:         5      280        7 ->         7
diploid_resolve_locus    618:        20       75        2 ->         2
diploid_resolve_locus    619:         5      281        3 ->         3
diploid_resolve_locus    620:        16       89        4 ->         4
diploid_resolve_locus    621:        10      144        5 ->         5
diploid_resolve_locus    622:        18      292       20 ->        26
diploid_resolve_locus    623:        17     1199       51 ->       195
diploid_resolve_locus    624:         6      281       10 ->        10
diploid_resolve_locus    625:        10      287        3 ->         3
diploid_resolve_locus    626:         8      282       14 ->        20
diploid_resolve_locus    627:         3      279        3 ->         3
diploid_resolve_locus    628:        14      229       12 ->        14
diploid_resolve_locus    629:         4      253        4 ->         4
diploid_resolve_locus    630:        20      147        5 ->         5
diploid_resolve_locus    631:         5      206        5 ->         5
diploid_resolve_locus    632:         5      282       11 ->        11
diploid_resolve_locus    633:        13      119        8 ->        10
diploid_resolve_locus    634:         9      291       25 ->        73
diploid_resolve_locus    635:        20      169        8 ->        17
diploid_resolve_locus    636:         4      256        5 ->         7
diploid_resolve_locus    637:         2       51        1 ->         1
diploid_resolve_locus    638:         2       51        1 ->         1
diploid_resolve_locus    639:        19      471       12 ->        22
diploid_resolve_locus    640:        18      259        9 ->        15
diploid_resolve_locus    641:        12       81        7 ->        15
diploid_resolve_locus    642:         9      217       12 ->        20
diploid_resolve_locus    643:         2       46        1 ->         1
diploid_resolve_locus    644:         6      274        5 ->         5
diploid_resolve_locus    645:         3       76        3 ->         3
diploid_resolve_locus    646:        16      135       13 ->        15
diploid_resolve_locus    647:        12       93        5 ->         5
diploid_resolve_locus    648:         5      284        5 ->         5
diploid_resolve_locus    649:        20      181        7 ->         7
diploid_resolve_locus    650:        17      108        3 ->         3
diploid_resolve_locus    651:        17      105        8 ->         9
diploid_resolve_locus    652:        20      367       13 ->        24
diploid_resolve_locus    653:        16      170        4 ->         8
diploid_resolve_locus    654:         3      280        8 ->        10
diploid_resolve_locus    655:        18      261       22 ->        39
diploid_resolve_locus    656:         8      211        7 ->         7
diploid_resolve_locus    657:        12      198       11 ->        14
diploid_resolve_locus    658:         2      269        8 ->         9
diploid_resolve_locus    659:        18      107        6 ->         6
diploid_resolve_locus    660:        19      120        6 ->         7
diploid_resolve_locus    661:        20      308       12 ->        18
diploid_resolve_locus    662:         8      109        5 ->         5
diploid_resolve_locus    663:        18      213        3 ->         3
diploid_resolve_locus    664:         5      381        2 ->         2
diploid_resolve_locus    665:        20      121        2 ->         2
diploid_resolve_locus    666:         8      287       12 ->        13
diploid_resolve_locus    667:         2      153        2 ->         2
diploid_resolve_locus    668:         3      276        7 ->         8
diploid_resolve_locus    669:         4      277       10 ->        15
diploid_resolve_locus    670:         6      285        8 ->         9
diploid_resolve_locus    671:        10      282       10 ->        12
diploid_resolve_locus    672:         9      285       21 ->        21
diploid_resolve_locus    673:        16      157       15 ->        17
diploid_resolve_locus    674:        14      432       22 ->        32
diploid_resolve_locus    675:         3      180        4 ->         4
diploid_resolve_locus    676:         2       43        1 ->         1
diploid_resolve_locus    677:        14      196        4 ->         4
diploid_resolve_locus    678:        20       89        4 ->         5
diploid_resolve_locus    679:         2      280        5 ->         7
diploid_resolve_locus    680:         5      254        4 ->         4
diploid_resolve_locus    681:        20      713       26 ->        40
diploid_resolve_locus    682:         4      191        5 ->         6
diploid_resolve_locus    683:        19      406       15 ->        31
diploid_resolve_locus    684:        15      186        9 ->        39
diploid_resolve_locus    685:        16      294       11 ->        22
diploid_resolve_locus    686:        18     1126       28 ->        34
diploid_resolve_locus    687:        20     1013       18 ->        18
diploid_resolve_locus    688:        13      306       12 ->        16
diploid_resolve_locus    689:         4      286        6 ->         6
diploid_resolve_locus    690:         2      282        6 ->         6
diploid_resolve_locus    691:        18      290        7 ->        14
diploid_resolve_locus    692:         2      277        4 ->         5
diploid_resolve_locus    693:        19      221        7 ->         9
diploid_resolve_locus    694:         3      198        4 ->         4
diploid_resolve_locus    695:        20       88        3 ->         5
diploid_resolve_locus    696:        20      410       26 ->        60
diploid_resolve_locus    697:        20      160        2 ->         2
diploid_resolve_locus    698:         2      191        4 ->         4
diploid_resolve_locus    699:         2      343        4 ->         6
diploid_resolve_locus    700:        20      147        8 ->        10
diploid_resolve_locus    701:        16       94        4 ->         4
diploid_resolve_locus    702:        20      107        5 ->         5
diploid_resolve_locus    703:         3      334        5 ->         5
diploid_resolve_locus    704:        20      248        5 ->         7
diploid_resolve_locus    705:         3      285        8 ->         9
diploid_resolve_locus    706:        20       82        4 ->         4
diploid_resolve_locus    707:        20      117        4 ->         8
diploid_resolve_locus    708:        17      134        6 ->        10
diploid_resolve_locus    709:         6      202        8 ->        14
diploid_resolve_locus    710:        20      174        4 ->         4
diploid_resolve_locus    711:         3       61        1 ->         1
diploid_resolve_locus    712:         5      279        8 ->         8
diploid_resolve_locus    713:        19      123        5 ->         5
diploid_resolve_locus    714:         8      144        5 ->         5
diploid_resolve_locus    715:         3      280        8 ->         8
diploid_resolve_locus    716:        17      108       12 ->        17
diploid_resolve_locus    717:        13      286        6 ->         8
diploid_resolve_locus    718:        10      282       13 ->        22
diploid_resolve_locus    719:        20       94        4 ->         4
diploid_resolve_locus    720:         2       67        1 ->         1
diploid_resolve_locus    721:        16      183        7 ->        21
diploid_resolve_locus    722:        20      163        4 ->         5
diploid_resolve_locus    723:        14       47        1 ->         1
diploid_resolve_locus    724:         2      280        7 ->         9
diploid_resolve_locus    725:        17       49        5 ->         7
diploid_resolve_locus    726:         4      233        4 ->         4
diploid_resolve_locus    727:         4       48        2 ->         2
diploid_resolve_locus    728:         2      355        8 ->        11
diploid_resolve_locus    729:        20       61        2 ->         2
diploid_resolve_locus    730:        20      438       13 ->        25
diploid_resolve_locus    731:        19      275        6 ->         7
diploid_resolve_locus    732:         4      278        5 ->         5
diploid_resolve_locus    733:        20      212        9 ->         9
diploid_resolve_locus    734:        12      209       11 ->        12
diploid_resolve_locus    735:        14      124        2 ->         2
diploid_resolve_locus    736:        19      328       14 ->        15
diploid_resolve_locus    737:         4      353        9 ->         9
diploid_resolve_locus    738:         9       67        1 ->         1
diploid_resolve_locus    739:        20       56        4 ->         4
diploid_resolve_locus    740:        17       56        5 ->         5
diploid_resolve_locus    741:        18      251       14 ->        23
diploid_resolve_locus    742:        20      171        5 ->         5
diploid_resolve_locus    743:        15      213       15 ->        32
diploid_resolve_locus    744:        17      292       16 ->        16
diploid_resolve_locus    745:        20      533       16 ->        20
diploid_resolve_locus    746:        16      406       28 ->        36
diploid_resolve_locus    747:        20      178        7 ->         8
diploid_resolve_locus    748:        11       86        2 ->         2
diploid_resolve_locus    749:         2      127        2 ->         2
diploid_resolve_locus    750:         9      271       25 ->        54
diploid_resolve_locus    751:        20      123        9 ->        22
diploid_resolve_locus    752:        19       97        6 ->         6
diploid_resolve_locus    753:        14      701       23 ->        27
diploid_resolve_locus    754:        18      149        4 ->         4
diploid_resolve_locus    755:        19      217        5 ->         5
diploid_resolve_locus    756:        19      102        1 ->         1
diploid_resolve_locus    757:         4       91        2 ->         2
diploid_resolve_locus    758:        19      100        3 ->         4
diploid_resolve_locus    759:        18       45        2 ->         2
diploid_resolve_locus    760:        17      166        6 ->         7
diploid_resolve_locus    761:        19      994       40 ->        59
diploid_resolve_locus    762:        13      300        7 ->         8
diploid_resolve_locus    763:         2       97        1 ->         1
diploid_resolve_locus    764:        18      234       19 ->       105
diploid_resolve_locus    765:        20      276       13 ->        20
diploid_resolve_locus    766:         3       86        1 ->         1
diploid_resolve_locus    767:         2      191        2 ->         2
diploid_resolve_locus    768:         3      155        1 ->         1
diploid_resolve_locus    769:        20      263        8 ->         8
diploid_resolve_locus    770:        20      965       24 ->        41
diploid_resolve_locus    771:         8      285       20 ->        25
diploid_resolve_locus    772:        20      183        5 ->         5
diploid_resolve_locus    773:        20       85        3 ->         3
diploid_resolve_locus    774:         5      272        8 ->         8
diploid_resolve_locus    775:         7       60        2 ->         2
diploid_resolve_locus    776:        15       78        3 ->         3
diploid_resolve_locus    777:         3      282        6 ->         6
diploid_resolve_locus    778:         2      232        3 ->         3
diploid_resolve_locus    779:        10      117        6 ->        11
diploid_resolve_locus    780:         4      173        5 ->         5
diploid_resolve_locus    781:        13      185       18 ->        24
diploid_resolve_locus    782:        20      156        6 ->         6
diploid_resolve_locus    783:         3      158        3 ->         4
diploid_resolve_locus    784:         3      274        5 ->         6
diploid_resolve_locus    785:         3       49        1 ->         1
diploid_resolve_locus    786:        18      135        5 ->         5
diploid_resolve_locus    787:         2      236        8 ->        11
diploid_resolve_locus    788:        19      323       14 ->        20
diploid_resolve_locus    789:        20      148       11 ->        13
diploid_resolve_locus    790:        19      220        5 ->         5
diploid_resolve_locus    791:         2      280        4 ->         4
diploid_resolve_locus    792:        18      146        6 ->         6
diploid_resolve_locus    793:        20      123        2 ->         2
diploid_resolve_locus    794:         3      188        4 ->         4
diploid_resolve_locus    795:         3      203        8 ->        11
diploid_resolve_locus    796:        12      286       18 ->        21
diploid_resolve_locus    797:        20      178        8 ->        17
diploid_resolve_locus    798:        18      292       18 ->        18
diploid_resolve_locus    799:         9       99        1 ->         1
diploid_resolve_locus    800:         3      286        7 ->         7
diploid_resolve_locus    801:        15      122        3 ->         3
diploid_resolve_locus    802:        17      249       15 ->        38
diploid_resolve_locus    803:        11      105        2 ->         2
diploid_resolve_locus    804:        14      626       40 ->       108
diploid_resolve_locus    805:        20       45        3 ->         3
diploid_resolve_locus    806:         3       85        2 ->         2
diploid_resolve_locus    807:        20      158        2 ->         2
diploid_resolve_locus    808:        20      253       11 ->        17
diploid_resolve_locus    809:        15       84        3 ->         3
diploid_resolve_locus    810:        20      102        5 ->         5
diploid_resolve_locus    811:        18       62        3 ->         3
diploid_resolve_locus    812:        11      245       15 ->        18
diploid_resolve_locus    813:        20       66        2 ->         2
diploid_resolve_locus    814:        19      216       24 ->        37
diploid_resolve_locus    815:         2      283        3 ->         3
diploid_resolve_locus    816:        16      197        7 ->        10
diploid_resolve_locus    817:         4      121        1 ->         1
diploid_resolve_locus    818:         2      282        2 ->         2
diploid_resolve_locus    819:        19      148        5 ->         5
diploid_resolve_locus    820:        20      106        1 ->         1
diploid_resolve_locus    821:        20      134        2 ->         2
diploid_resolve_locus    822:         3      123        3 ->         3
diploid_resolve_locus    823:         2      159        2 ->         2
diploid_resolve_locus    824:        17       98        9 ->         9
diploid_resolve_locus    825:        20       84        5 ->         5
diploid_resolve_locus    826:        20      339       11 ->        12
diploid_resolve_locus    827:        19      508       15 ->        19
diploid_resolve_locus    828:        16      155        5 ->         5
diploid_resolve_locus    829:         4      281        7 ->         7
diploid_resolve_locus    830:         5      244       10 ->        15
diploid_resolve_locus    831:         6      150        7 ->         8
diploid_resolve_locus    832:         6      268        9 ->        10
diploid_resolve_locus    833:        15       72        3 ->         3
diploid_resolve_locus    834:        11      151       10 ->        13
diploid_resolve_locus    835:         4      116        2 ->         2
diploid_resolve_locus    836:         2      273        4 ->         5
diploid_resolve_locus    837:        10       95        8 ->         9
diploid_resolve_locus    838:         3      188        7 ->        14
diploid_resolve_locus    839:         3      157        1 ->         1
diploid_resolve_locus    840:        15       61        1 ->         1
diploid_resolve_locus    841:        10      248        9 ->         9
diploid_resolve_locus    842:         2       70        2 ->         2
diploid_resolve_locus    843:        19      188       11 ->        17
diploid_resolve_locus    844:        18      441       14 ->        15
diploid_resolve_locus    845:        19      181        4 ->       193
diploid_resolve_locus    846:        11      147        7 ->         7
diploid_resolve_locus    847:        19      178       11 ->        14
diploid_resolve_locus    848:        18       87        6 ->        10
diploid_resolve_locus    849:         2       90        1 ->         1
diploid_resolve_locus    850:        16       94        6 ->         6
diploid_resolve_locus    851:         7      446       12 ->        15
diploid_resolve_locus    852:         2       99        1 ->         1
diploid_resolve_locus    853:        19      177        4 ->         6
diploid_resolve_locus    854:        18      248       15 ->        21
diploid_resolve_locus    855:        20      652       30 ->        83
diploid_resolve_locus    856:        20      147        4 ->        66
diploid_resolve_locus    857:        19      183       15 ->        25
diploid_resolve_locus    858:        20      120        8 ->        10
diploid_resolve_locus    859:        20      117        7 ->         7
diploid_resolve_locus    860:        19       71       10 ->        22
diploid_resolve_locus    861:         3      155        4 ->         4
diploid_resolve_locus    862:         2      270        4 ->         4
diploid_resolve_locus    863:         3       55        3 ->         3
diploid_resolve_locus    864:         3      213        4 ->         6
diploid_resolve_locus    865:        13      116        6 ->         6
diploid_resolve_locus    866:         3       75        3 ->         3
diploid_resolve_locus    867:        12      292       13 ->        13
diploid_resolve_locus    868:        11      131        5 ->         5
diploid_resolve_locus    869:        13       54        5 ->         5
diploid_resolve_locus    870:         2       91        2 ->         2
diploid_resolve_locus    871:        10       56        1 ->         1
diploid_resolve_locus    872:         4      282        6 ->         6
diploid_resolve_locus    873:         2      129        2 ->         2
diploid_resolve_locus    874:         3      410       18 ->        28
diploid_resolve_locus    875:        16      136        7 ->        21
diploid_resolve_locus    876:        20      100        4 ->         4
diploid_resolve_locus    877:         2       66        3 ->         3
diploid_resolve_locus    878:        14      286       18 ->        38
diploid_resolve_locus    879:        19      148       12 ->        16
diploid_resolve_locus    880:        13      234        8 ->         8
diploid_resolve_locus    881:        15      395        8 ->         8
diploid_resolve_locus    882:        19      234        8 ->         9
diploid_resolve_locus    883:        19      395       15 ->        18
diploid_resolve_locus    884:        15      287       17 ->        25
diploid_resolve_locus    885:        15      162        4 ->         4
diploid_resolve_locus    886:        16       90        3 ->         3
diploid_resolve_locus    887:        13       64        7 ->        18
diploid_resolve_locus    888:        16       83        7 ->         7
diploid_resolve_locus    889:         2       44        1 ->         1
diploid_resolve_locus    890:        11      283       20 ->        26
diploid_resolve_locus    891:         5      103        2 ->         2
diploid_resolve_locus    892:         2      275        4 ->         5
diploid_resolve_locus    893:         2      276        3 ->         3
diploid_resolve_locus    894:         5      282        9 ->         9
diploid_resolve_locus    895:        15      134        6 ->        12
diploid_resolve_locus    896:        20      223        1 ->         1
diploid_resolve_locus    897:         2      261        8 ->        10
diploid_resolve_locus    898:         3      276        7 ->         9
diploid_resolve_locus    899:         3      280        2 ->         2
diploid_resolve_locus    900:         2       43        1 ->         1
diploid_resolve_locus    901:        11      277       15 ->        16
diploid_resolve_locus    902:        14       58        1 ->         1
diploid_resolve_locus    903:        20      350       13 ->        52
diploid_resolve_locus    904:        10       79        4 ->         4
diploid_resolve_locus    905:         2      284        4 ->         4
diploid_resolve_locus    906:        20      239        8 ->        10
diploid_resolve_locus    907:        17      164        4 ->         4
diploid_resolve_locus    908:         4      278        7 ->         7
diploid_resolve_locus    909:        20      490       21 ->        22
diploid_resolve_locus    910:        12      189        7 ->         7
diploid_resolve_locus    911:         3      253        3 ->         3
diploid_resolve_locus    912:         4      179        6 ->         6
diploid_resolve_locus    913:        20      205        6 ->         7
diploid_resolve_locus    914:        18      719       32 ->        46
diploid_resolve_locus    915:         3       61        2 ->         2
diploid_resolve_locus    916:         2      325        2 ->         2
diploid_resolve_locus    917:         3       86        1 ->         1
diploid_resolve_locus    918:         3       90        7 ->         7
diploid_resolve_locus    919:         3      164        3 ->         3
diploid_resolve_locus    920:        20      234        8 ->         9
diploid_resolve_locus    921:         9      100        2 ->         3
diploid_resolve_locus    922:         6      274       10 ->        12
diploid_resolve_locus    923:        20      160        7 ->         7
diploid_resolve_locus    924:        12      407       24 ->        31
diploid_resolve_locus    925:        19      110        4 ->         4
diploid_resolve_locus    926:        17      213       10 ->        12
diploid_resolve_locus    927:        17       66        3 ->         3
diploid_resolve_locus    928:         3      281       10 ->        22
diploid_resolve_locus    929:        13      241       13 ->        13
diploid_resolve_locus    930:        18      149        6 ->         7
diploid_resolve_locus    931:        17       93        3 ->         7
diploid_resolve_locus    932:        19      231        9 ->        53
diploid_resolve_locus    933:        19      268        8 ->         9
diploid_resolve_locus    934:        18       95        5 ->         6
diploid_resolve_locus    935:        20      126        9 ->         9
diploid_resolve_locus    936:        14      135        6 ->         6
diploid_resolve_locus    937:        18      123        4 ->         4
diploid_resolve_locus    938:        15      174        8 ->         9
diploid_resolve_locus    939:         7      222       10 ->        11
diploid_resolve_locus    940:         6      165        9 ->        12
diploid_resolve_locus    941:         3       82        3 ->         3
diploid_resolve_locus    942:        20      152        6 ->         6
diploid_resolve_locus    943:        20       58        2 ->         2
diploid_resolve_locus    944:         9      187        6 ->         7
diploid_resolve_locus    945:         5      290       10 ->        12
diploid_resolve_locus    946:        20      222        4 ->         4
diploid_resolve_locus    947:         6      266        1 ->         1
diploid_resolve_locus    948:         2      102        1 ->         1
diploid_resolve_locus    949:         7      161       12 ->        12
diploid_resolve_locus    950:        20      256       11 ->        14
diploid_resolve_locus    951:         4       50        5 ->         6
diploid_resolve_locus    952:        19       84        2 ->         2
diploid_resolve_locus    953:        12       93        1 ->         1
diploid_resolve_locus    954:        12      284       19 ->        19
diploid_resolve_locus    955:         2      117        3 ->         3
diploid_resolve_locus    956:        19       54        4 ->         4
diploid_resolve_locus    957:         2      279        9 ->        13
diploid_resolve_locus    958:        16      105        2 ->         2
diploid_resolve_locus    959:        20       96        4 ->         5
diploid_resolve_locus    960:         5      260        7 ->         7
diploid_resolve_locus    961:         3      284        9 ->        12
diploid_resolve_locus    962:         6      281       10 ->        11
diploid_resolve_locus    963:        20      126        7 ->        14
diploid_resolve_locus    964:         2      103        1 ->         1
diploid_resolve_locus    965:         5      279       10 ->        12
diploid_resolve_locus    966:         2      268        4 ->         4
diploid_resolve_locus    967:         3      150        3 ->         3
diploid_resolve_locus    968:         8      370       24 ->        33
diploid_resolve_locus    969:         8       65        3 ->         3
diploid_resolve_locus    970:         9      281       16 ->        17
diploid_resolve_locus    971:        16      291       17 ->        19
diploid_resolve_locus    972:        14      559       17 ->        24
diploid_resolve_locus    973:         5      276        9 ->         9
diploid_resolve_locus    974:         2       38        1 ->         1
diploid_resolve_locus    975:         3       84        5 ->         5
diploid_resolve_locus    976:         2       76        1 ->         1
diploid_resolve_locus    977:         8      210        9 ->         9
diploid_resolve_locus    978:         9      382       17 ->        17
diploid_resolve_locus    979:         2      165        2 ->         2
diploid_resolve_locus    980:         6       53        2 ->         2
diploid_resolve_locus    981:        15      259       13 ->        33
diploid_resolve_locus    982:         5       72        4 ->         4
diploid_resolve_locus    983:        19      101        3 ->         3
diploid_resolve_locus    984:         6       79        4 ->         4
diploid_resolve_locus    985:        14      292       13 ->        15
diploid_resolve_locus    986:         4      139        3 ->         3
diploid_resolve_locus    987:        13       72        3 ->         3
diploid_resolve_locus    988:         3       71        2 ->         2
diploid_resolve_locus    989:        11      455       20 ->        32
diploid_resolve_locus    990:         2       50        2 ->         2
diploid_resolve_locus    991:         7      212        6 ->         6
diploid_resolve_locus    992:        15      177        6 ->         6
diploid_resolve_locus    993:         3      185        3 ->         3
diploid_resolve_locus    994:         3      259        2 ->         2
diploid_resolve_locus    995:         2      105        3 ->         3
diploid_resolve_locus    996:         2       40        1 ->         1
diploid_resolve_locus    997:         6       36        1 ->         1
diploid_resolve_locus    998:        12      102        9 ->        29
diploid_resolve_locus    999:        17       91       11 ->        13
diploid_resolve_locus   1000:        10      194       14 ->        33
diploid_resolve_locus   1001:        16      161        3 ->         3
diploid_resolve_locus   1002:        19      401       25 ->        40
diploid_resolve_locus   1003:         3       83        2 ->         2
diploid_resolve_locus   1004:        20      133        3 ->         3
diploid_resolve_locus   1005:        20      195        6 ->        11
diploid_resolve_locus   1006:        20      200        3 ->         3
diploid_resolve_locus   1007:        19      170       11 ->        12
diploid_resolve_locus   1008:         2      229        2 ->         2
diploid_resolve_locus   1009:         3      104        1 ->         1
diploid_resolve_locus   1010:        19       85        9 ->        13
diploid_resolve_locus   1011:         3      132        2 ->         2
diploid_resolve_locus   1012:         3      217        4 ->         4
diploid_resolve_locus   1013:         3      282        6 ->         6
diploid_resolve_locus   1014:         4      365       17 ->        25
diploid_resolve_locus   1015:         9       93        6 ->         9
diploid_resolve_locus   1016:         4      281        3 ->         3
diploid_resolve_locus   1017:        11       80        1 ->         1
diploid_resolve_locus   1018:         4       94        1 ->         1
diploid_resolve_locus   1019:         3      241        5 ->         5
diploid_resolve_locus   1020:         7      277       12 ->        14
diploid_resolve_locus   1021:        20      218        9 ->        12
diploid_resolve_locus   1022:         4      146        1 ->         1
diploid_resolve_locus   1023:         6      281       15 ->        28
diploid_resolve_locus   1024:         2      286        4 ->         4
diploid_resolve_locus   1025:         3       52        1 ->         1
diploid_resolve_locus   1026:         2      282        4 ->         4
diploid_resolve_locus   1027:         8      288       23 ->        37
diploid_resolve_locus   1028:         3      280        6 ->         9
diploid_resolve_locus   1029:         3      203        7 ->         8
diploid_resolve_locus   1030:         4      224        3 ->         3
diploid_resolve_locus   1031:         8      109        2 ->         2
diploid_resolve_locus   1032:         5       68        3 ->         3
diploid_resolve_locus   1033:         2      170        3 ->         3
diploid_resolve_locus   1034:        11      119        8 ->        11
diploid_resolve_locus   1035:         3      232        5 ->         5
diploid_resolve_locus   1036:        10      130        5 ->         5
diploid_resolve_locus   1037:         4       98        2 ->         2
diploid_resolve_locus   1038:        14      101        9 ->        10
diploid_resolve_locus   1039:         8      109        4 ->         5
diploid_resolve_locus   1040:         3      112        4 ->         6
diploid_resolve_locus   1041:         4      113        1 ->         1
diploid_resolve_locus   1042:         2       85        1 ->         1
diploid_resolve_locus   1043:         2      167        4 ->         4
diploid_resolve_locus   1044:         2      284        5 ->         5
diploid_resolve_locus   1045:         2      105        2 ->         2
diploid_resolve_locus   1046:         9       96       10 ->        10
diploid_resolve_locus   1047:         2      164        1 ->         1
diploid_resolve_locus   1048:         3      231        5 ->         5
diploid_resolve_locus   1049:         3      167        2 ->         2
diploid_resolve_locus   1050:         2      283        6 ->         7
diploid_resolve_locus   1051:         3       80        2 ->         2
diploid_resolve_locus   1052:        11       86        6 ->         7
diploid_resolve_locus   1053:         3      177        2 ->         2
diploid_resolve_locus   1054:         2      205        2 ->         2
diploid_resolve_locus   1055:        18       64        6 ->        14
diploid_resolve_locus   1056:         2      280        5 ->         5
diploid_resolve_locus   1057:        12      167        6 ->         8
diploid_resolve_locus   1058:         9      187       15 ->        28
diploid_resolve_locus   1059:         4       71        1 ->         1
diploid_resolve_locus   1060:         2      147        2 ->         2
diploid_resolve_locus   1061:         4      221        9 ->        11
diploid_resolve_locus   1062:         6       78        2 ->         2
diploid_resolve_locus   1063:        15      183       13 ->        19
diploid_resolve_locus   1064:         2      187        1 ->         1
diploid_resolve_locus   1065:         4      116        4 ->         4
diploid_resolve_locus   1066:         2      330        2 ->         2
diploid_resolve_locus   1067:         2      146        3 ->         3
diploid_resolve_locus   1068:         2      123        1 ->         1
diploid_resolve_locus   1069:        16      163        9 ->        10
diploid_resolve_locus   1070:        14       66        5 ->         7
diploid_resolve_locus   1071:         3      280       11 ->        13
diploid_resolve_locus   1072:         2      118        2 ->         2
diploid_resolve_locus   1073:         5      178        2 ->         2
diploid_resolve_locus   1074:         2      207        2 ->         2
diploid_resolve_locus   1075:         3      132        1 ->         1
diploid_resolve_locus   1076:         5      157        4 ->         4
diploid_resolve_locus   1077:         2       65        1 ->         1
diploid_resolve_locus   1078:         2      204        3 ->         3
diploid_resolve_locus   1079:        13      215       19 ->        23
diploid_resolve_locus   1080:         5      247        9 ->        11
diploid_resolve_locus   1081:         3       50        4 ->         4
diploid_resolve_locus   1082:         8      153        3 ->         3
diploid_resolve_locus   1083:         3      211        7 ->         8
diploid_resolve_locus   1084:         6      145       12 ->        16
diploid_resolve_locus   1085:        16      129        8 ->        10
diploid_resolve_locus   1086:        20      109        7 ->         8
diploid_resolve_locus   1087:         4      177        2 ->         2
diploid_resolve_locus   1088:         2      287        3 ->         3
diploid_resolve_locus   1089:        10      105        3 ->         3
diploid_resolve_locus   1090:         2      176        1 ->         1
diploid_resolve_locus   1091:         9      274       12 ->        16
diploid_resolve_locus   1092:         3      133        9 ->         9
diploid_resolve_locus   1093:         2      116        2 ->         2
diploid_resolve_locus   1094:         4      259        6 ->         8
diploid_resolve_locus   1095:         4      110        3 ->         3
diploid_resolve_locus   1096:        15       90        3 ->         3
diploid_resolve_locus   1097:        11      292        7 ->         7
diploid_resolve_locus   1098:         4       55        2 ->         2
diploid_resolve_locus   1099:         5      138        3 ->         3
diploid_resolve_locus   1100:         3      106        6 ->         6
diploid_resolve_locus   1101:         3      159        6 ->         7
diploid_resolve_locus   1102:         9      288       15 ->       112
diploid_resolve_locus   1103:        20      186        5 ->         6
diploid_resolve_locus   1104:         6      520       19 ->        33
diploid_resolve_locus   1105:         2       59        1 ->         1
diploid_resolve_locus   1106:        18      187        5 ->         5
diploid_resolve_locus   1107:        11       64        6 ->         6
diploid_resolve_locus   1108:         4       86        2 ->         2
diploid_resolve_locus   1109:         3       82        3 ->         3
diploid_resolve_locus   1110:         6      211       14 ->        22
diploid_resolve_locus   1111:         3      112        3 ->         3
diploid_resolve_locus   1112:         2       50        2 ->         2
diploid_resolve_locus   1113:        12       75        7 ->         8
diploid_resolve_locus   1114:         3      163        4 ->         4
diploid_resolve_locus   1115:         2      163        2 ->         2
diploid_resolve_locus   1116:         2       74        2 ->         2
diploid_resolve_locus   1117:         2      278        6 ->         9
diploid_resolve_locus   1118:         3       63        3 ->         3
diploid_resolve_locus   1119:         2       74        2 ->         2
diploid_resolve_locus   1120:         2       61        2 ->         2
diploid_resolve_locus   1121:         8      140        4 ->         4
diploid_resolve_locus   1122:         2      181        2 ->         2
diploid_resolve_locus   1123:         2      139        2 ->         2
diploid_resolve_locus   1124:         2      166        8 ->        17
diploid_resolve_locus   1125:         2      139        7 ->        10
diploid_resolve_locus   1126:         2       65        2 ->         2
diploid_resolve_locus   1127:         2      181        5 ->         6
diploid_resolve_locus   1128:         2      235        5 ->         5
diploid_resolve_locus   1129:         3      285        4 ->         4
diploid_resolve_locus   1130:         3      369        9 ->        13
diploid_resolve_locus   1131:        13      181        3 ->         3
diploid_resolve_locus   1132:         2      263        3 ->         3
diploid_resolve_locus   1133:        14      238        8 ->        11
diploid_resolve_locus   1134:         3      143        4 ->         4
diploid_resolve_locus   1135:        17       70        4 ->         4
diploid_resolve_locus   1136:         2      163        3 ->         3
diploid_resolve_locus   1137:         2      338        4 ->         4
diploid_resolve_locus   1138:        20      150        5 ->         5
diploid_resolve_locus   1139:         8       81        3 ->         4
diploid_resolve_locus   1140:         2      120        4 ->         4
diploid_resolve_locus   1141:         6       74        4 ->         4
diploid_resolve_locus   1142:        13      320       19 ->        39
diploid_resolve_locus   1143:         2      254        1 ->         1
diploid_resolve_locus   1144:        20      150        6 ->        10
diploid_resolve_locus   1145:        10      225       17 ->        36
diploid_resolve_locus   1146:        13       42        1 ->         1
diploid_resolve_locus   1147:         4       81        6 ->         7
diploid_resolve_locus   1148:        11      293       11 ->        13
diploid_resolve_locus   1149:         2       85        6 ->         7
diploid_resolve_locus   1150:        19      543       19 ->        19
diploid_resolve_locus   1151:         6      185        7 ->         7
diploid_resolve_locus   1152:         4       59        4 ->         6
diploid_resolve_locus   1153:         2       83        2 ->         2
diploid_resolve_locus   1154:         2      278        6 ->         7
diploid_resolve_locus   1155:         4      244       10 ->        11
diploid_resolve_locus   1156:         7       65        5 ->         5
diploid_resolve_locus   1157:        16       63        7 ->         7
diploid_resolve_locus   1158:         5      146        3 ->         3
diploid_resolve_locus   1159:        15       95        2 ->         2
diploid_resolve_locus   1160:         8      129        6 ->         7
diploid_resolve_locus   1161:        10      269       10 ->        12
diploid_resolve_locus   1162:        17       65        2 ->         2
diploid_resolve_locus   1163:        15      111        4 ->         4
diploid_resolve_locus   1164:         2      144        2 ->         2
diploid_resolve_locus   1165:        14      386       22 ->        29
diploid_resolve_locus   1166:         2       52        2 ->         2
diploid_resolve_locus   1167:         6      282       12 ->        12
diploid_resolve_locus   1168:        20       57        2 ->         2
diploid_resolve_locus   1169:         2      281       10 ->        15
diploid_resolve_locus   1170:         3       74        1 ->         1
diploid_resolve_locus   1171:         4       88        1 ->         1
diploid_resolve_locus   1172:         7      200        6 ->         7
diploid_resolve_locus   1173:         9      324        8 ->         9
diploid_resolve_locus   1174:        20       88        4 ->         6
diploid_resolve_locus   1175:         2       60        1 ->         1
diploid_resolve_locus   1176:        20      402       17 ->        31
diploid_resolve_locus   1177:         2      233        6 ->        14
diploid_resolve_locus   1178:        18      138        7 ->         9
diploid_resolve_locus   1179:         3      361        6 ->         6
diploid_resolve_locus   1180:         4       65        5 ->         5
diploid_resolve_locus   1181:         6       74        3 ->         3
diploid_resolve_locus   1182:         3       64        1 ->         1
diploid_resolve_locus   1183:        16      229        6 ->         6
diploid_resolve_locus   1184:         2      285        5 ->         5
diploid_resolve_locus   1185:         2      155        3 ->         3
diploid_resolve_locus   1186:        17      292       26 ->        39
diploid_resolve_locus   1187:         2      274        4 ->         4
diploid_resolve_locus   1188:         4       46        1 ->         1
diploid_resolve_locus   1189:         5       58        1 ->         1
diploid_resolve_locus   1190:         4      165        4 ->         5
diploid_resolve_locus   1191:        17      180        7 ->         7
diploid_resolve_locus   1192:        20       70        3 ->         3
diploid_resolve_locus   1193:        19      146        2 ->         2
diploid_resolve_locus   1194:         8      407       20 ->        28
diploid_resolve_locus   1195:        20       96        5 ->         5
diploid_resolve_locus   1196:         3       99        1 ->         1
diploid_resolve_locus   1197:        19       92        2 ->         2
diploid_resolve_locus   1198:        20      104        4 ->         4
diploid_resolve_locus   1199:         9      118        3 ->         3
diploid_resolve_locus   1200:        20      194        3 ->         4
diploid_resolve_locus   1201:         3      173        3 ->         3
diploid_resolve_locus   1202:         7      243       10 ->        11
diploid_resolve_locus   1203:        16      115        5 ->         5
diploid_resolve_locus   1204:        19      163        3 ->         3
diploid_resolve_locus   1205:         2      120        5 ->         6
diploid_resolve_locus   1206:        20      212       13 ->        16
diploid_resolve_locus   1207:        20      267        9 ->        20
diploid_resolve_locus   1208:         2      561        7 ->        11
diploid_resolve_locus   1209:         2      200        5 ->         6
diploid_resolve_locus   1210:         5       66        2 ->         2
diploid_resolve_locus   1211:        20       88        6 ->         7
diploid_resolve_locus   1212:         9      146        2 ->         2
diploid_resolve_locus   1213:         2       76        2 ->         2
diploid_resolve_locus   1214:         2      155        3 ->         3
diploid_resolve_locus   1215:         2       46        2 ->         2
diploid_resolve_locus   1216:        15       95        5 ->         6
diploid_resolve_locus   1217:         2      281        7 ->         8
diploid_resolve_locus   1218:         3       78        3 ->         3
diploid_resolve_locus   1219:         2      145        1 ->         1
diploid_resolve_locus   1220:         5      223        8 ->        11
diploid_resolve_locus   1221:        13       81        5 ->         5
diploid_resolve_locus   1222:         4      193        9 ->        10
diploid_resolve_locus   1223:         2       48        2 ->         2
diploid_resolve_locus   1224:        20      226        9 ->        13
diploid_resolve_locus   1225:        19       52        8 ->         9
diploid_resolve_locus   1226:        18      148        9 ->        19
diploid_resolve_locus   1227:         5      177        4 ->         4
diploid_resolve_locus   1228:        20      151       20 ->        34
diploid_resolve_locus   1229:         3      112        2 ->         2
diploid_resolve_locus   1230:        10      302        9 ->        13
diploid_resolve_locus   1231:        10      140        7 ->         8
diploid_resolve_locus   1232:         8       78        2 ->         2
diploid_resolve_locus   1233:        16      216       13 ->        23
diploid_resolve_locus   1234:         5      513       19 ->        36
diploid_resolve_locus   1235:         2      278        4 ->         4
diploid_resolve_locus   1236:        13      202       10 ->        10
diploid_resolve_locus   1237:         7      151        3 ->         3
diploid_resolve_locus   1238:         4      201        4 ->         4
diploid_resolve_locus   1239:         8       66        2 ->         2
diploid_resolve_locus   1240:        16       86        5 ->         6
diploid_resolve_locus   1241:         2       90        1 ->         1
diploid_resolve_locus   1242:         2       68        2 ->         2
diploid_resolve_locus   1243:         2      232        4 ->         4
diploid_resolve_locus   1244:        13      146        4 ->         4
diploid_resolve_locus   1245:         2       63        1 ->         1
diploid_resolve_locus   1246:        12      147       10 ->        12
diploid_resolve_locus   1247:         3      117        2 ->         2
diploid_resolve_locus   1248:         9      169        3 ->         4
diploid_resolve_locus   1249:         3       81        5 ->         5
diploid_resolve_locus   1250:        13      143        9 ->        12
diploid_resolve_locus   1251:         2      213        3 ->         3
diploid_resolve_locus   1252:         2      185        3 ->         3
diploid_resolve_locus   1253:         5      148        3 ->         4
diploid_resolve_locus   1254:         4       76        1 ->         1
diploid_resolve_locus   1255:         4      272       16 ->        22
diploid_resolve_locus   1256:         3       42        2 ->         2
diploid_resolve_locus   1257:         5      170        5 ->         5
diploid_resolve_locus   1258:         3       51        3 ->         3
diploid_resolve_locus   1259:         7       76        1 ->         1
diploid_resolve_locus   1260:         9      151        7 ->         7
diploid_resolve_locus   1261:         2       89        3 ->         3
diploid_resolve_locus   1262:         2      226        9 ->        14
diploid_resolve_locus   1263:         8      218        4 ->         4
diploid_resolve_locus   1264:        20      145       13 ->        20
diploid_resolve_locus   1265:         5      134        5 ->         5
diploid_resolve_locus   1266:        20      402       23 ->        39
diploid_resolve_locus   1267:        20       81        3 ->         3
diploid_resolve_locus   1268:         9      252       17 ->        35
diploid_resolve_locus   1269:         2      213        1 ->         1
diploid_resolve_locus   1270:        11      126        3 ->         3
diploid_resolve_locus   1271:         7      288       19 ->        26
diploid_resolve_locus   1272:        12      155        4 ->         5
diploid_resolve_locus   1273:        16      112        6 ->         6
diploid_resolve_locus   1274:         9      292       15 ->        16
diploid_resolve_locus   1275:         3      148        4 ->         4
diploid_resolve_locus   1276:         5      113        2 ->         2
diploid_resolve_locus   1277:         2      175        1 ->         1
diploid_resolve_locus   1278:        17      222        6 ->         7
diploid_resolve_locus   1279:        20      109        2 ->         2
diploid_resolve_locus   1280:         4      152        5 ->         5
diploid_resolve_locus   1281:         2      173        3 ->         4
diploid_resolve_locus   1282:         8      216       13 ->        14
diploid_resolve_locus   1283:        10      208       12 ->        18
diploid_resolve_locus   1284:        16      157        6 ->         8
ajan_BABY6724 -> ajan (diploid=1)
ajan_DW655 -> ajan (diploid=1)
ajan_DW663 -> ajan (diploid=1)
ajan_esa36 -> ajan (diploid=1)
ajan_wdb38 -> ajan (diploid=1)
ajan_ODP48916 -> ajan (diploid=1)
ajancf_SLM01 -> ajan (diploid=1)
ajancf_SLM05 -> ajan (diploid=1)
ajancf_SLM10 -> ajan (diploid=1)
alas_BABY422 -> alas (diploid=1)
alas_BABY4577 -> alas (diploid=1)
alas_BABY6558 -> alas (diploid=1)
alas_DW641 -> alas (diploid=1)
alas_DW646 -> alas (diploid=1)
alas_ODP43138 -> alas (diploid=1)
alas_ODP7414 -> alas (diploid=1)
alas_ODP7415 -> alas (diploid=1)
alas_ODP7424 -> alas (diploid=1)
alas_ODP7429 -> alas (diploid=1)
alas_ODP7432 -> alas (diploid=1)


ajan_BABY6724.1 -> ajan (diploid=1)
ajan_BABY6724.2 -> ajan (diploid=1)
ajan_DW655.1 -> ajan (diploid=1)
ajan_DW655.2 -> ajan (diploid=1)
ajan_DW663.1 -> ajan (diploid=1)
ajan_DW663.2 -> ajan (diploid=1)
ajan_esa36.1 -> ajan (diploid=1)
ajan_esa36.2 -> ajan (diploid=1)
ajan_wdb38.1 -> ajan (diploid=1)
ajan_wdb38.2 -> ajan (diploid=1)
ajan_ODP48916.1 -> ajan (diploid=1)
ajan_ODP48916.2 -> ajan (diploid=1)
ajancf_SLM01.1 -> ajan (diploid=1)
ajancf_SLM01.2 -> ajan (diploid=1)
ajancf_SLM05.1 -> ajan (diploid=1)
ajancf_SLM05.2 -> ajan (diploid=1)
ajancf_SLM10.1 -> ajan (diploid=1)
ajancf_SLM10.2 -> ajan (diploid=1)
alas_BABY422.1 -> alas (diploid=1)
alas_BABY422.2 -> alas (diploid=1)
alas_BABY4577.1 -> alas (diploid=1)
alas_BABY4577.2 -> alas (diploid=1)
alas_BABY6558.1 -> alas (diploid=1)
alas_BABY6558.2 -> alas (diploid=1)
alas_DW641.1 -> alas (diploid=1)
alas_DW641.2 -> alas (diploid=1)
alas_DW646.1 -> alas (diploid=1)
alas_DW646.2 -> alas (diploid=1)
alas_ODP43138.1 -> alas (diploid=1)
alas_ODP43138.2 -> alas (diploid=1)
alas_ODP7414.1 -> alas (diploid=1)
alas_ODP7414.2 -> alas (diploid=1)
alas_ODP7415.1 -> alas (diploid=1)
alas_ODP7415.2 -> alas (diploid=1)
alas_ODP7424.1 -> alas (diploid=1)
alas_ODP7424.2 -> alas (diploid=1)
alas_ODP7429.1 -> alas (diploid=1)
alas_ODP7429.2 -> alas (diploid=1)
alas_ODP7432.1 -> alas (diploid=1)
alas_ODP7432.2 -> alas (diploid=1)

Summary of alignments *after* phasing sequences:
 Locus | Model | Sequences | Length | Ambiguous sites | Compressed | Base freqs 
-------+-------+-----------+--------+-----------------+------------+------------
     1 |  JC69 |        20 |    128 |               1 |          2 |      Fixed 
     2 |  JC69 |        40 |    135 |               2 |          3 |      Fixed 
     3 |  JC69 |         4 |    274 |               7 |          4 |      Fixed 
     4 |  JC69 |         6 |    282 |              74 |          4 |      Fixed 
     5 |  JC69 |        30 |    108 |               2 |          3 |      Fixed 
     6 |  JC69 |        38 |    620 |             248 |         47 |      Fixed 
     7 |  JC69 |        32 |    153 |              77 |          4 |      Fixed 
     8 |  JC69 |         8 |     70 |               1 |          2 |      Fixed 
     9 |  JC69 |         4 |     53 |               0 |          1 |      Fixed 
    10 |  JC69 |        34 |    373 |             255 |         17 |      Fixed 
    11 |  JC69 |        10 |    282 |              13 |          7 |      Fixed 
    12 |  JC69 |        40 |    179 |               0 |          1 |      Fixed 
    13 |  JC69 |        40 |    565 |               4 |          5 |      Fixed 
    14 |  JC69 |        12 |    278 |              14 |          6 |      Fixed 
    15 |  JC69 |        30 |    778 |             575 |         74 |      Fixed 
    16 |  JC69 |        22 |    176 |               2 |          4 |      Fixed 
    17 |  JC69 |        24 |     61 |               2 |          3 |      Fixed 
    18 |  JC69 |         6 |    105 |               0 |          1 |      Fixed 
    19 |  JC69 |        32 |    201 |               6 |          7 |      Fixed 
    20 |  JC69 |        26 |     73 |               0 |          2 |      Fixed 
    21 |  JC69 |        38 |    826 |             566 |         96 |      Fixed 
    22 |  JC69 |        36 |    149 |               6 |         54 |      Fixed 
    23 |  JC69 |        18 |    329 |             164 |          8 |      Fixed 
    24 |  JC69 |        38 |    160 |               8 |         10 |      Fixed 
    25 |  JC69 |        40 |    362 |              62 |         25 |      Fixed 
    26 |  JC69 |        20 |    492 |             329 |         19 |      Fixed 
    27 |  JC69 |        38 |    207 |              10 |          8 |      Fixed 
    28 |  JC69 |        28 |    193 |               2 |          5 |      Fixed 
    29 |  JC69 |        36 |     91 |               3 |          4 |      Fixed 
    30 |  JC69 |         4 |     65 |               8 |          3 |      Fixed 
    31 |  JC69 |        24 |    427 |             163 |         18 |      Fixed 
    32 |  JC69 |         4 |    279 |               7 |          5 |      Fixed 
    33 |  JC69 |        34 |    158 |               2 |          3 |      Fixed 
    34 |  JC69 |         4 |    282 |              14 |          5 |      Fixed 
    35 |  JC69 |        28 |    510 |             201 |         20 |      Fixed 
    36 |  JC69 |        18 |    168 |               6 |          6 |      Fixed 
    37 |  JC69 |        38 |    172 |              12 |          5 |      Fixed 
    38 |  JC69 |        24 |    407 |             153 |         18 |      Fixed 
    39 |  JC69 |        30 |    241 |              22 |         14 |      Fixed 
    40 |  JC69 |         4 |    279 |               2 |          4 |      Fixed 
    41 |  JC69 |        34 |    227 |              13 |         10 |      Fixed 
    42 |  JC69 |        36 |    109 |               2 |          3 |      Fixed 
    43 |  JC69 |        38 |    335 |             176 |          7 |      Fixed 
    44 |  JC69 |        14 |     82 |               1 |          2 |      Fixed 
    45 |  JC69 |        38 |    457 |              84 |         34 |      Fixed 
    46 |  JC69 |        40 |    146 |              58 |          6 |      Fixed 
    47 |  JC69 |         4 |    271 |              80 |          5 |      Fixed 
    48 |  JC69 |        40 |    115 |               3 |          4 |      Fixed 
    49 |  JC69 |        30 |    154 |               7 |          9 |      Fixed 
    50 |  JC69 |         4 |    283 |              10 |          3 |      Fixed 
    51 |  JC69 |        40 |    149 |              64 |          9 |      Fixed 
    52 |  JC69 |        36 |    479 |              12 |         24 |      Fixed 
    53 |  JC69 |         6 |    180 |               3 |          3 |      Fixed 
    54 |  JC69 |         4 |     86 |               0 |          1 |      Fixed 
    55 |  JC69 |        40 |     93 |               5 |          7 |      Fixed 
    56 |  JC69 |         4 |    283 |               6 |          4 |      Fixed 
    57 |  JC69 |         6 |    283 |              15 |          5 |      Fixed 
    58 |  JC69 |        18 |    333 |             154 |         18 |      Fixed 
    59 |  JC69 |         6 |     60 |               0 |          1 |      Fixed 
    60 |  JC69 |        32 |    124 |               3 |          3 |      Fixed 
    61 |  JC69 |        40 |   1337 |             619 |         38 |      Fixed 
    62 |  JC69 |        38 |    405 |              53 |         45 |      Fixed 
    63 |  JC69 |        28 |    233 |              32 |         14 |      Fixed 
    64 |  JC69 |        40 |    201 |               4 |          3 |      Fixed 
    65 |  JC69 |        38 |    385 |              28 |         22 |      Fixed 
    66 |  JC69 |        20 |    207 |               9 |          5 |      Fixed 
    67 |  JC69 |        26 |    254 |              89 |         32 |      Fixed 
    68 |  JC69 |        28 |     83 |               0 |          1 |      Fixed 
    69 |  JC69 |        40 |    438 |             108 |          8 |      Fixed 
    70 |  JC69 |         6 |    278 |              28 |          8 |      Fixed 
    71 |  JC69 |        12 |    361 |             130 |         14 |      Fixed 
    72 |  JC69 |        14 |    315 |              59 |         14 |      Fixed 
    73 |  JC69 |        36 |    158 |               5 |          8 |      Fixed 
    74 |  JC69 |        18 |    178 |              36 |          4 |      Fixed 
    75 |  JC69 |        30 |    729 |             591 |         48 |      Fixed 
    76 |  JC69 |        16 |    279 |              21 |         29 |      Fixed 
    77 |  JC69 |        24 |    286 |              29 |         20 |      Fixed 
    78 |  JC69 |        40 |    272 |               1 |          2 |      Fixed 
    79 |  JC69 |         8 |    253 |              78 |          9 |      Fixed 
    80 |  JC69 |        38 |    465 |             230 |         12 |      Fixed 
    81 |  JC69 |         8 |    276 |              23 |          9 |      Fixed 
    82 |  JC69 |         8 |    282 |               9 |          7 |      Fixed 
    83 |  JC69 |        38 |    201 |               7 |          8 |      Fixed 
    84 |  JC69 |        40 |     98 |               5 |          9 |      Fixed 
    85 |  JC69 |         8 |    278 |              13 |          6 |      Fixed 
    86 |  JC69 |         4 |     43 |               0 |          1 |      Fixed 
    87 |  JC69 |         6 |    147 |               0 |          1 |      Fixed 
    88 |  JC69 |        20 |    284 |              22 |         21 |      Fixed 
    89 |  JC69 |        20 |    284 |              22 |         18 |      Fixed 
    90 |  JC69 |        40 |    368 |             185 |         19 |      Fixed 
    91 |  JC69 |        40 |    181 |               8 |          8 |      Fixed 
    92 |  JC69 |        40 |    422 |               8 |         13 |      Fixed 
    93 |  JC69 |         4 |    128 |               0 |          1 |      Fixed 
    94 |  JC69 |        14 |    404 |             193 |         11 |      Fixed 
    95 |  JC69 |        12 |    423 |             209 |         17 |      Fixed 
    96 |  JC69 |        22 |    282 |              12 |         15 |      Fixed 
    97 |  JC69 |        36 |     81 |               2 |          3 |      Fixed 
    98 |  JC69 |        40 |    383 |             117 |         23 |      Fixed 
    99 |  JC69 |        36 |    482 |              90 |         34 |      Fixed 
   100 |  JC69 |        24 |    527 |              21 |         18 |      Fixed 
   101 |  JC69 |        12 |    200 |              54 |          5 |      Fixed 
   102 |  JC69 |        40 |     65 |               5 |          2 |      Fixed 
   103 |  JC69 |         6 |     50 |               0 |          1 |      Fixed 
   104 |  JC69 |        40 |    410 |             155 |         20 |      Fixed 
   105 |  JC69 |         8 |     99 |               0 |          1 |      Fixed 
   106 |  JC69 |        16 |    240 |              91 |          3 |      Fixed 
   107 |  JC69 |        26 |     94 |               2 |          3 |      Fixed 
   108 |  JC69 |        32 |    103 |              23 |          4 |      Fixed 
   109 |  JC69 |        36 |     60 |               2 |          4 |      Fixed 
   110 |  JC69 |         6 |    280 |              10 |          6 |      Fixed 
   111 |  JC69 |        30 |    194 |               1 |          2 |      Fixed 
   112 |  JC69 |        40 |    323 |             146 |          7 |      Fixed 
   113 |  JC69 |        18 |    454 |             253 |         10 |      Fixed 
   114 |  JC69 |         4 |     90 |               0 |          1 |      Fixed 
   115 |  JC69 |         4 |    121 |               0 |          1 |      Fixed 
   116 |  JC69 |         4 |    110 |               0 |          1 |      Fixed 
   117 |  JC69 |         4 |    169 |               3 |          2 |      Fixed 
   118 |  JC69 |        26 |    224 |               5 |          6 |      Fixed 
   119 |  JC69 |        14 |    398 |             133 |         16 |      Fixed 
   120 |  JC69 |         8 |    282 |              10 |          6 |      Fixed 
   121 |  JC69 |        32 |    176 |               8 |          5 |      Fixed 
   122 |  JC69 |        40 |    164 |               3 |          5 |      Fixed 
   123 |  JC69 |        38 |    326 |             323 |         31 |      Fixed 
   124 |  JC69 |        22 |    245 |              75 |         13 |      Fixed 
   125 |  JC69 |         8 |     63 |               7 |          3 |      Fixed 
   126 |  JC69 |        34 |    137 |              13 |         11 |      Fixed 
   127 |  JC69 |        10 |    177 |              12 |          3 |      Fixed 
   128 |  JC69 |        32 |    259 |              27 |         24 |      Fixed 
   129 |  JC69 |        38 |     64 |               3 |          3 |      Fixed 
   130 |  JC69 |        40 |    262 |             100 |          7 |      Fixed 
   131 |  JC69 |         6 |    275 |              12 |          9 |      Fixed 
   132 |  JC69 |        20 |    235 |              12 |          7 |      Fixed 
   133 |  JC69 |        10 |    287 |              22 |          7 |      Fixed 
   134 |  JC69 |        40 |    132 |               2 |          3 |      Fixed 
   135 |  JC69 |        10 |    281 |              16 |          8 |      Fixed 
   136 |  JC69 |         8 |    223 |               5 |          3 |      Fixed 
   137 |  JC69 |        40 |    148 |              76 |         10 |      Fixed 
   138 |  JC69 |        32 |    148 |               5 |          9 |      Fixed 
   139 |  JC69 |        32 |    284 |              45 |         23 |      Fixed 
   140 |  JC69 |        40 |     73 |               2 |          3 |      Fixed 
   141 |  JC69 |        38 |    549 |             423 |         18 |      Fixed 
   142 |  JC69 |        40 |    219 |               4 |         18 |      Fixed 
   143 |  JC69 |        36 |    292 |              27 |         29 |      Fixed 
   144 |  JC69 |        14 |    278 |              62 |         18 |      Fixed 
   145 |  JC69 |        32 |   1036 |             754 |         65 |      Fixed 
   146 |  JC69 |        22 |    226 |               4 |          5 |      Fixed 
   147 |  JC69 |         6 |     55 |               0 |          1 |      Fixed 
   148 |  JC69 |         6 |     47 |               1 |          2 |      Fixed 
   149 |  JC69 |        36 |     86 |               6 |          9 |      Fixed 
   150 |  JC69 |         4 |    278 |              15 |          5 |      Fixed 
   151 |  JC69 |        34 |    486 |              30 |         27 |      Fixed 
   152 |  JC69 |        34 |    111 |               4 |          5 |      Fixed 
   153 |  JC69 |        32 |    967 |             755 |         83 |      Fixed 
   154 |  JC69 |        32 |     86 |               6 |          3 |      Fixed 
   155 |  JC69 |        34 |    176 |              11 |         17 |      Fixed 
   156 |  JC69 |         8 |     84 |               0 |          1 |      Fixed 
   157 |  JC69 |        10 |    287 |              75 |         12 |      Fixed 
   158 |  JC69 |         6 |     44 |               2 |          3 |      Fixed 
   159 |  JC69 |        40 |    296 |               9 |         12 |      Fixed 
   160 |  JC69 |        34 |    282 |              75 |         11 |      Fixed 
   161 |  JC69 |        10 |    215 |              16 |          8 |      Fixed 
   162 |  JC69 |        40 |    214 |              16 |         34 |      Fixed 
   163 |  JC69 |         6 |     47 |               0 |          1 |      Fixed 
   164 |  JC69 |        40 |    288 |             173 |         25 |      Fixed 
   165 |  JC69 |        40 |    186 |               6 |          4 |      Fixed 
   166 |  JC69 |        40 |    491 |             414 |         32 |      Fixed 
   167 |  JC69 |        30 |    231 |               5 |          7 |      Fixed 
   168 |  JC69 |        40 |    959 |             623 |         26 |      Fixed 
   169 |  JC69 |        38 |     56 |               2 |          3 |      Fixed 
   170 |  JC69 |        32 |    110 |               1 |          2 |      Fixed 
   171 |  JC69 |         8 |    456 |             200 |          5 |      Fixed 
   172 |  JC69 |        22 |     75 |               1 |          2 |      Fixed 
   173 |  JC69 |         6 |    192 |               7 |          3 |      Fixed 
   174 |  JC69 |        12 |    182 |               6 |          5 |      Fixed 
   175 |  JC69 |        40 |    136 |               2 |          3 |      Fixed 
   176 |  JC69 |        38 |    131 |               5 |          6 |      Fixed 
   177 |  JC69 |         8 |    280 |              21 |          7 |      Fixed 
   178 |  JC69 |        40 |    282 |               6 |         12 |      Fixed 
   179 |  JC69 |        36 |     86 |               8 |         11 |      Fixed 
   180 |  JC69 |        16 |     69 |               4 |         17 |      Fixed 
   181 |  JC69 |        36 |    191 |               4 |         10 |      Fixed 
   182 |  JC69 |        28 |    182 |              62 |         11 |      Fixed 
   183 |  JC69 |        12 |    282 |              83 |         12 |      Fixed 
   184 |  JC69 |        10 |    279 |              17 |         10 |      Fixed 
   185 |  JC69 |         6 |    322 |              55 |          7 |      Fixed 
   186 |  JC69 |        28 |     43 |               1 |          2 |      Fixed 
   187 |  JC69 |        40 |    292 |              21 |         18 |      Fixed 
   188 |  JC69 |        20 |     99 |               6 |          6 |      Fixed 
   189 |  JC69 |        40 |    146 |              20 |          7 |      Fixed 
   190 |  JC69 |         4 |    337 |               9 |          7 |      Fixed 
   191 |  JC69 |        36 |    292 |              22 |         19 |      Fixed 
   192 |  JC69 |        12 |     61 |               0 |          1 |      Fixed 
   193 |  JC69 |        10 |    283 |               2 |          2 |      Fixed 
   194 |  JC69 |        40 |    212 |               3 |          5 |      Fixed 
   195 |  JC69 |        36 |    241 |             106 |         15 |      Fixed 
   196 |  JC69 |        40 |    272 |               6 |          8 |      Fixed 
   197 |  JC69 |        18 |    114 |               1 |          2 |      Fixed 
   198 |  JC69 |        26 |    185 |              68 |         12 |      Fixed 
   199 |  JC69 |        30 |     75 |               2 |          3 |      Fixed 
   200 |  JC69 |         6 |    112 |              76 |         11 |      Fixed 
   201 |  JC69 |         8 |    286 |              34 |          8 |      Fixed 
   202 |  JC69 |         6 |     47 |               0 |          1 |      Fixed 
   203 |  JC69 |         4 |    259 |               0 |          1 |      Fixed 
   204 |  JC69 |         6 |     74 |               4 |          3 |      Fixed 
   205 |  JC69 |         4 |    248 |              10 |          5 |      Fixed 
   206 |  JC69 |        18 |     81 |               0 |          1 |      Fixed 
   207 |  JC69 |        32 |    382 |             115 |         19 |      Fixed 
   208 |  JC69 |        14 |     52 |               1 |          2 |      Fixed 
   209 |  JC69 |         8 |    351 |             173 |          6 |      Fixed 
   210 |  JC69 |        18 |    280 |              42 |         11 |      Fixed 
   211 |  JC69 |        30 |    251 |              10 |         10 |      Fixed 
   212 |  JC69 |         4 |     83 |               0 |          2 |      Fixed 
   213 |  JC69 |        40 |    138 |               3 |          3 |      Fixed 
   214 |  JC69 |        34 |    254 |               9 |         15 |      Fixed 
   215 |  JC69 |        40 |    149 |               7 |          7 |      Fixed 
   216 |  JC69 |        18 |    416 |             201 |         10 |      Fixed 
   217 |  JC69 |        16 |    278 |              12 |         11 |      Fixed 
   218 |  JC69 |         6 |     53 |               0 |          1 |      Fixed 
   219 |  JC69 |        34 |    587 |             336 |         67 |      Fixed 
   220 |  JC69 |        10 |    280 |              15 |          9 |      Fixed 
   221 |  JC69 |        40 |    601 |             340 |         28 |      Fixed 
   222 |  JC69 |        30 |     57 |               1 |          2 |      Fixed 
   223 |  JC69 |        14 |    489 |             250 |         10 |      Fixed 
   224 |  JC69 |        14 |    492 |             270 |         21 |      Fixed 
   225 |  JC69 |        26 |    211 |               9 |          8 |      Fixed 
   226 |  JC69 |         4 |    368 |              89 |          3 |      Fixed 
   227 |  JC69 |        28 |     54 |               1 |          2 |      Fixed 
   228 |  JC69 |         6 |    281 |              12 |          7 |      Fixed 
   229 |  JC69 |        26 |    287 |              21 |         16 |      Fixed 
   230 |  JC69 |         6 |     68 |               3 |          3 |      Fixed 
   231 |  JC69 |        40 |     84 |               3 |          7 |      Fixed 
   232 |  JC69 |        16 |    282 |              88 |         16 |      Fixed 
   233 |  JC69 |        40 |    118 |               0 |          1 |      Fixed 
   234 |  JC69 |        20 |    225 |               9 |          8 |      Fixed 
   235 |  JC69 |         6 |    172 |               0 |          2 |      Fixed 
   236 |  JC69 |        36 |    177 |               8 |         17 |      Fixed 
   237 |  JC69 |        38 |     75 |               2 |          3 |      Fixed 
   238 |  JC69 |         8 |    275 |              50 |          8 |      Fixed 
   239 |  JC69 |        38 |    148 |               3 |          4 |      Fixed 
   240 |  JC69 |         6 |    148 |               0 |          1 |      Fixed 
   241 |  JC69 |        24 |    272 |              74 |         11 |      Fixed 
   242 |  JC69 |         4 |     42 |               1 |          2 |      Fixed 
   243 |  JC69 |         6 |    192 |               1 |          2 |      Fixed 
   244 |  JC69 |         4 |     67 |               0 |          1 |      Fixed 
   245 |  JC69 |         4 |    257 |               1 |          2 |      Fixed 
   246 |  JC69 |        40 |    132 |               1 |          2 |      Fixed 
   247 |  JC69 |        40 |    206 |              12 |         27 |      Fixed 
   248 |  JC69 |         4 |    277 |               0 |          1 |      Fixed 
   249 |  JC69 |        16 |    283 |              24 |         15 |      Fixed 
   250 |  JC69 |        16 |    378 |               5 |          8 |      Fixed 
   251 |  JC69 |         6 |    171 |               7 |          4 |      Fixed 
   252 |  JC69 |        32 |    125 |              11 |         11 |      Fixed 
   253 |  JC69 |        40 |    268 |              14 |         82 |      Fixed 
   254 |  JC69 |        40 |    138 |              12 |          9 |      Fixed 
   255 |  JC69 |        30 |     73 |               1 |          2 |      Fixed 
   256 |  JC69 |        40 |    194 |               8 |         22 |      Fixed 
   257 |  JC69 |        14 |    101 |              21 |          5 |      Fixed 
   258 |  JC69 |         6 |    100 |               1 |          2 |      Fixed 
   259 |  JC69 |         4 |    283 |               0 |          1 |      Fixed 
   260 |  JC69 |        28 |    126 |              18 |         10 |      Fixed 
   261 |  JC69 |        30 |    166 |               6 |          5 |      Fixed 
   262 |  JC69 |        10 |    398 |             129 |         11 |      Fixed 
   263 |  JC69 |        20 |    211 |              82 |          4 |      Fixed 
   264 |  JC69 |        24 |    120 |              13 |         13 |      Fixed 
   265 |  JC69 |         4 |    283 |             144 |          7 |      Fixed 
   266 |  JC69 |        34 |    184 |               8 |         20 |      Fixed 
   267 |  JC69 |        40 |    598 |             244 |         25 |      Fixed 
   268 |  JC69 |        12 |    280 |              25 |         14 |      Fixed 
   269 |  JC69 |         6 |    275 |              20 |          6 |      Fixed 
   270 |  JC69 |        34 |    494 |              87 |         14 |      Fixed 
   271 |  JC69 |        10 |    282 |              11 |          9 |      Fixed 
   272 |  JC69 |         4 |    286 |               9 |          4 |      Fixed 
   273 |  JC69 |        12 |    281 |              19 |         13 |      Fixed 
   274 |  JC69 |        40 |    204 |               2 |          3 |      Fixed 
   275 |  JC69 |        40 |    150 |               1 |          2 |      Fixed 
   276 |  JC69 |         6 |    284 |               8 |          9 |      Fixed 
   277 |  JC69 |        18 |    284 |              12 |         21 |      Fixed 
   278 |  JC69 |         6 |    283 |              13 |          7 |      Fixed 
   279 |  JC69 |        34 |    257 |              12 |         14 |      Fixed 
   280 |  JC69 |        10 |    282 |              10 |          9 |      Fixed 
   281 |  JC69 |         6 |    145 |               0 |          1 |      Fixed 
   282 |  JC69 |        28 |    172 |              12 |         10 |      Fixed 
   283 |  JC69 |        40 |    129 |              12 |          2 |      Fixed 
   284 |  JC69 |        40 |    768 |             399 |         33 |      Fixed 
   285 |  JC69 |         6 |    283 |              86 |         10 |      Fixed 
   286 |  JC69 |        38 |    316 |               8 |         16 |      Fixed 
   287 |  JC69 |        38 |     51 |               2 |          3 |      Fixed 
   288 |  JC69 |        34 |    227 |              10 |         10 |      Fixed 
   289 |  JC69 |        10 |    236 |               5 |          4 |      Fixed 
   290 |  JC69 |        40 |    186 |               9 |         25 |      Fixed 
   291 |  JC69 |        10 |    100 |               0 |          1 |      Fixed 
   292 |  JC69 |        40 |    114 |               6 |          4 |      Fixed 
   293 |  JC69 |        40 |    157 |               2 |          6 |      Fixed 
   294 |  JC69 |        40 |    337 |             161 |         15 |      Fixed 
   295 |  JC69 |        12 |    247 |               6 |          5 |      Fixed 
   296 |  JC69 |        36 |     57 |               5 |          4 |      Fixed 
   297 |  JC69 |        32 |    630 |             630 |         44 |      Fixed 
   298 |  JC69 |        22 |    241 |               5 |          6 |      Fixed 
   299 |  JC69 |         8 |    187 |              17 |          6 |      Fixed 
   300 |  JC69 |        40 |    293 |             105 |          8 |      Fixed 
   301 |  JC69 |        30 |    433 |             197 |         60 |      Fixed 
   302 |  JC69 |        34 |    190 |               8 |          9 |      Fixed 
   303 |  JC69 |        10 |    246 |               3 |          4 |      Fixed 
   304 |  JC69 |        22 |    287 |              22 |         15 |      Fixed 
   305 |  JC69 |        40 |    148 |               2 |          3 |      Fixed 
   306 |  JC69 |        38 |    102 |               5 |          5 |      Fixed 
   307 |  JC69 |         6 |    281 |              17 |          9 |      Fixed 
   308 |  JC69 |        36 |    112 |              47 |          9 |      Fixed 
   309 |  JC69 |        34 |    657 |             546 |         28 |      Fixed 
   310 |  JC69 |        40 |    163 |              11 |          6 |      Fixed 
   311 |  JC69 |        30 |    157 |               7 |          9 |      Fixed 
   312 |  JC69 |        40 |    199 |               3 |          3 |      Fixed 
   313 |  JC69 |        22 |    484 |              32 |         27 |      Fixed 
   314 |  JC69 |        38 |    730 |             515 |         24 |      Fixed 
   315 |  JC69 |        16 |    432 |             161 |         11 |      Fixed 
   316 |  JC69 |        16 |    355 |             120 |         22 |      Fixed 
   317 |  JC69 |        40 |    116 |               8 |         12 |      Fixed 
   318 |  JC69 |        28 |    190 |              12 |         15 |      Fixed 
   319 |  JC69 |        34 |    250 |              18 |         11 |      Fixed 
   320 |  JC69 |        38 |     79 |               6 |          5 |      Fixed 
   321 |  JC69 |        36 |    149 |               7 |          6 |      Fixed 
   322 |  JC69 |        40 |     59 |               2 |          3 |      Fixed 
   323 |  JC69 |        12 |    540 |             273 |          9 |      Fixed 
   324 |  JC69 |        10 |     88 |               3 |          3 |      Fixed 
   325 |  JC69 |        14 |    260 |              10 |          8 |      Fixed 
   326 |  JC69 |        40 |    201 |               8 |         11 |      Fixed 
   327 |  JC69 |        28 |     93 |              17 |         12 |      Fixed 
   328 |  JC69 |        18 |     94 |               1 |          2 |      Fixed 
   329 |  JC69 |         4 |    135 |               0 |          2 |      Fixed 
   330 |  JC69 |        14 |    280 |              19 |         12 |      Fixed 
   331 |  JC69 |        10 |    188 |               6 |          5 |      Fixed 
   332 |  JC69 |        30 |    111 |               1 |          2 |      Fixed 
   333 |  JC69 |         6 |     71 |              23 |          2 |      Fixed 
   334 |  JC69 |         8 |    133 |               2 |          3 |      Fixed 
   335 |  JC69 |         4 |    283 |               3 |          2 |      Fixed 
   336 |  JC69 |        36 |    154 |               7 |          5 |      Fixed 
   337 |  JC69 |        36 |    162 |               2 |          5 |      Fixed 
   338 |  JC69 |         8 |     92 |               2 |          2 |      Fixed 
   339 |  JC69 |        16 |    206 |              13 |         13 |      Fixed 
   340 |  JC69 |        40 |     84 |               1 |          2 |      Fixed 
   341 |  JC69 |        34 |    292 |              27 |         17 |      Fixed 
   342 |  JC69 |        40 |     98 |               3 |          5 |      Fixed 
   343 |  JC69 |        26 |    282 |              72 |         13 |      Fixed 
   344 |  JC69 |         4 |    278 |              20 |          3 |      Fixed 
   345 |  JC69 |        40 |    362 |             101 |         29 |      Fixed 
   346 |  JC69 |        40 |     66 |               6 |          5 |      Fixed 
   347 |  JC69 |        12 |     69 |              19 |          3 |      Fixed 
   348 |  JC69 |        26 |    217 |              13 |          7 |      Fixed 
   349 |  JC69 |        40 |    389 |             126 |         56 |      Fixed 
   350 |  JC69 |        32 |    100 |              10 |          5 |      Fixed 
   351 |  JC69 |        40 |     99 |               3 |          5 |      Fixed 
   352 |  JC69 |        22 |    224 |               4 |          5 |      Fixed 
   353 |  JC69 |        40 |    361 |             160 |          8 |      Fixed 
   354 |  JC69 |        40 |    466 |             123 |         16 |      Fixed 
   355 |  JC69 |        12 |    280 |              13 |          9 |      Fixed 
   356 |  JC69 |         6 |    326 |              12 |          6 |      Fixed 
   357 |  JC69 |        40 |    453 |             116 |         33 |      Fixed 
   358 |  JC69 |        36 |    250 |              10 |          9 |      Fixed 
   359 |  JC69 |        16 |    348 |              85 |         18 |      Fixed 
   360 |  JC69 |        14 |     64 |               1 |          3 |      Fixed 
   361 |  JC69 |        32 |    150 |              18 |          9 |      Fixed 
   362 |  JC69 |        38 |    183 |               2 |          3 |      Fixed 
   363 |  JC69 |        34 |     51 |               5 |          4 |      Fixed 
   364 |  JC69 |        12 |    557 |             290 |         26 |      Fixed 
   365 |  JC69 |        20 |    400 |             144 |         25 |      Fixed 
   366 |  JC69 |         4 |    201 |               3 |          4 |      Fixed 
   367 |  JC69 |        40 |     73 |              12 |          6 |      Fixed 
   368 |  JC69 |        38 |     63 |               5 |         16 |      Fixed 
   369 |  JC69 |        16 |     74 |               1 |          2 |      Fixed 
   370 |  JC69 |        28 |    292 |              33 |         23 |      Fixed 
   371 |  JC69 |        26 |    115 |               5 |          7 |      Fixed 
   372 |  JC69 |        26 |    161 |              14 |         28 |      Fixed 
   373 |  JC69 |         8 |    277 |              12 |          7 |      Fixed 
   374 |  JC69 |        40 |    212 |               4 |         21 |      Fixed 
   375 |  JC69 |        40 |    203 |              12 |         18 |      Fixed 
   376 |  JC69 |         4 |    211 |               2 |          3 |      Fixed 
   377 |  JC69 |         6 |    123 |               0 |          1 |      Fixed 
   378 |  JC69 |        24 |    211 |               5 |          6 |      Fixed 
   379 |  JC69 |        40 |    248 |               4 |          5 |      Fixed 
   380 |  JC69 |         4 |    276 |               6 |          5 |      Fixed 
   381 |  JC69 |         4 |     45 |               0 |          1 |      Fixed 
   382 |  JC69 |        38 |     91 |               2 |          3 |      Fixed 
   383 |  JC69 |         8 |    268 |              27 |          8 |      Fixed 
   384 |  JC69 |         4 |    224 |              50 |          2 |      Fixed 
   385 |  JC69 |        18 |    168 |               2 |          4 |      Fixed 
   386 |  JC69 |        38 |    139 |               5 |          6 |      Fixed 
   387 |  JC69 |         6 |    123 |               4 |          7 |      Fixed 
   388 |  JC69 |         8 |    280 |               6 |          6 |      Fixed 
   389 |  JC69 |         8 |    129 |               4 |          3 |      Fixed 
   390 |  JC69 |         6 |     43 |               1 |          2 |      Fixed 
   391 |  JC69 |         8 |    279 |              21 |         10 |      Fixed 
   392 |  JC69 |        38 |    236 |              98 |         23 |      Fixed 
   393 |  JC69 |        14 |    406 |             269 |         11 |      Fixed 
   394 |  JC69 |        40 |    285 |              99 |          4 |      Fixed 
   395 |  JC69 |        40 |    253 |               5 |          4 |      Fixed 
   396 |  JC69 |        26 |    415 |             316 |         35 |      Fixed 
   397 |  JC69 |        12 |    244 |               7 |          6 |      Fixed 
   398 |  JC69 |        32 |    125 |              17 |          8 |      Fixed 
   399 |  JC69 |        30 |    135 |               3 |          5 |      Fixed 
   400 |  JC69 |         6 |    262 |              31 |          8 |      Fixed 
   401 |  JC69 |        40 |    549 |             179 |         31 |      Fixed 
   402 |  JC69 |         6 |     88 |               1 |          2 |      Fixed 
   403 |  JC69 |        28 |     54 |               7 |          5 |      Fixed 
   404 |  JC69 |        40 |     64 |               0 |          2 |      Fixed 
   405 |  JC69 |        32 |    152 |              17 |          5 |      Fixed 
   406 |  JC69 |        36 |   1156 |             701 |        133 |      Fixed 
   407 |  JC69 |        40 |    182 |               8 |          8 |      Fixed 
   408 |  JC69 |        32 |    393 |              15 |         12 |      Fixed 
   409 |  JC69 |        34 |     97 |               1 |          2 |      Fixed 
   410 |  JC69 |        40 |    108 |               2 |          3 |      Fixed 
   411 |  JC69 |        40 |    217 |             104 |         15 |      Fixed 
   412 |  JC69 |        10 |    282 |               9 |          7 |      Fixed 
   413 |  JC69 |        32 |    275 |               9 |         11 |      Fixed 
   414 |  JC69 |         6 |    184 |               3 |          3 |      Fixed 
   415 |  JC69 |        38 |    366 |              32 |         19 |      Fixed 
   416 |  JC69 |        32 |    360 |             169 |         26 |      Fixed 
   417 |  JC69 |        14 |    238 |              29 |         13 |      Fixed 
   418 |  JC69 |        22 |     58 |               3 |          7 |      Fixed 
   419 |  JC69 |        10 |     43 |               4 |          3 |      Fixed 
   420 |  JC69 |        36 |    215 |               6 |         10 |      Fixed 
   421 |  JC69 |        10 |    287 |              14 |         11 |      Fixed 
   422 |  JC69 |        30 |    252 |              45 |         29 |      Fixed 
   423 |  JC69 |        24 |    284 |              19 |         16 |      Fixed 
   424 |  JC69 |        16 |    187 |              54 |         11 |      Fixed 
   425 |  JC69 |        32 |     96 |              15 |         11 |      Fixed 
   426 |  JC69 |        20 |    344 |             126 |         18 |      Fixed 
   427 |  JC69 |        40 |     89 |               2 |          3 |      Fixed 
   428 |  JC69 |        40 |    371 |             371 |         18 |      Fixed 
   429 |  JC69 |        26 |    159 |               9 |          7 |      Fixed 
   430 |  JC69 |        32 |    446 |             238 |         32 |      Fixed 
   431 |  JC69 |        18 |     63 |               5 |          3 |      Fixed 
   432 |  JC69 |        40 |    144 |               3 |          8 |      Fixed 
   433 |  JC69 |        40 |    202 |              63 |         22 |      Fixed 
   434 |  JC69 |        38 |     75 |               1 |          2 |      Fixed 
   435 |  JC69 |         4 |    137 |               0 |          1 |      Fixed 
   436 |  JC69 |        14 |    202 |               2 |          4 |      Fixed 
   437 |  JC69 |        40 |    178 |               6 |          4 |      Fixed 
   438 |  JC69 |         4 |     67 |               6 |          2 |      Fixed 
   439 |  JC69 |        34 |    494 |              20 |         37 |      Fixed 
   440 |  JC69 |         8 |    280 |              84 |          7 |      Fixed 
   441 |  JC69 |        10 |    177 |               0 |          3 |      Fixed 
   442 |  JC69 |         8 |     73 |               1 |          2 |      Fixed 
   443 |  JC69 |         6 |    284 |              51 |         10 |      Fixed 
   444 |  JC69 |        40 |    124 |               2 |          3 |      Fixed 
   445 |  JC69 |        40 |    445 |             151 |         13 |      Fixed 
   446 |  JC69 |        40 |     78 |               3 |          4 |      Fixed 
   447 |  JC69 |        12 |    285 |              11 |          4 |      Fixed 
   448 |  JC69 |        12 |    281 |              32 |          9 |      Fixed 
   449 |  JC69 |        40 |    103 |               2 |          3 |      Fixed 
   450 |  JC69 |        26 |    156 |               2 |          4 |      Fixed 
   451 |  JC69 |        26 |    126 |               2 |          3 |      Fixed 
   452 |  JC69 |        14 |    259 |               5 |          4 |      Fixed 
   453 |  JC69 |         4 |    277 |               5 |          5 |      Fixed 
   454 |  JC69 |        34 |    213 |               9 |         12 |      Fixed 
   455 |  JC69 |        28 |    167 |               8 |         16 |      Fixed 
   456 |  JC69 |        28 |     80 |               4 |          5 |      Fixed 
   457 |  JC69 |        10 |    269 |              10 |         12 |      Fixed 
   458 |  JC69 |        12 |    280 |              76 |          9 |      Fixed 
   459 |  JC69 |         4 |     35 |               0 |          1 |      Fixed 
   460 |  JC69 |        32 |    116 |               3 |          4 |      Fixed 
   461 |  JC69 |        40 |    256 |              70 |          9 |      Fixed 
   462 |  JC69 |        22 |    257 |              41 |         11 |      Fixed 
   463 |  JC69 |        34 |    100 |               6 |          7 |      Fixed 
   464 |  JC69 |         6 |     44 |               0 |          1 |      Fixed 
   465 |  JC69 |        34 |    201 |              10 |         10 |      Fixed 
   466 |  JC69 |        40 |    280 |              94 |         19 |      Fixed 
   467 |  JC69 |         4 |    413 |             150 |          5 |      Fixed 
   468 |  JC69 |        40 |    130 |               5 |          7 |      Fixed 
   469 |  JC69 |        12 |    268 |              22 |         15 |      Fixed 
   470 |  JC69 |        38 |    218 |               2 |          4 |      Fixed 
   471 |  JC69 |         4 |     42 |               0 |          1 |      Fixed 
   472 |  JC69 |        40 |     88 |               2 |          3 |      Fixed 
   473 |  JC69 |        20 |    210 |               6 |         10 |      Fixed 
   474 |  JC69 |        40 |     78 |               3 |          5 |      Fixed 
   475 |  JC69 |        38 |    300 |             108 |          7 |      Fixed 
   476 |  JC69 |         4 |    280 |              37 |          9 |      Fixed 
   477 |  JC69 |        40 |    400 |             155 |         45 |      Fixed 
   478 |  JC69 |        30 |    129 |               5 |          6 |      Fixed 
   479 |  JC69 |        26 |    145 |              17 |         15 |      Fixed 
   480 |  JC69 |        10 |    192 |               1 |          3 |      Fixed 
   481 |  JC69 |         6 |    244 |               6 |          5 |      Fixed 
   482 |  JC69 |        40 |    225 |               4 |          6 |      Fixed 
   483 |  JC69 |        34 |    137 |              39 |          5 |      Fixed 
   484 |  JC69 |        22 |     45 |               1 |          2 |      Fixed 
   485 |  JC69 |        28 |     87 |               8 |          4 |      Fixed 
   486 |  JC69 |        26 |    241 |               9 |          8 |      Fixed 
   487 |  JC69 |        40 |    124 |               1 |          2 |      Fixed 
   488 |  JC69 |         6 |    276 |              21 |          8 |      Fixed 
   489 |  JC69 |        40 |    135 |               2 |          5 |      Fixed 
   490 |  JC69 |         6 |    279 |              14 |          8 |      Fixed 
   491 |  JC69 |        40 |    296 |              11 |          7 |      Fixed 
   492 |  JC69 |         4 |    186 |               0 |          1 |      Fixed 
   493 |  JC69 |        16 |    280 |               9 |         10 |      Fixed 
   494 |  JC69 |        16 |     51 |               4 |          2 |      Fixed 
   495 |  JC69 |        38 |     48 |               3 |          3 |      Fixed 
   496 |  JC69 |        40 |    211 |             103 |          5 |      Fixed 
   497 |  JC69 |        38 |    146 |               3 |          6 |      Fixed 
   498 |  JC69 |        32 |    228 |               4 |          5 |      Fixed 
   499 |  JC69 |         4 |     47 |               0 |          1 |      Fixed 
   500 |  JC69 |        40 |    175 |              46 |          4 |      Fixed 
   501 |  JC69 |        12 |     92 |               0 |          2 |      Fixed 
   502 |  JC69 |        24 |    219 |               5 |          9 |      Fixed 
   503 |  JC69 |         6 |    280 |              68 |          7 |      Fixed 
   504 |  JC69 |        38 |     81 |               2 |          3 |      Fixed 
   505 |  JC69 |        26 |    189 |              12 |         93 |      Fixed 
   506 |  JC69 |        28 |    127 |               2 |          4 |      Fixed 
   507 |  JC69 |        38 |     78 |               4 |          4 |      Fixed 
   508 |  JC69 |        34 |    477 |             326 |         17 |      Fixed 
   509 |  JC69 |        36 |    285 |              16 |         13 |      Fixed 
   510 |  JC69 |         4 |     55 |               2 |          2 |      Fixed 
   511 |  JC69 |         4 |    278 |              14 |          6 |      Fixed 
   512 |  JC69 |         6 |    214 |              11 |          6 |      Fixed 
   513 |  JC69 |        40 |    625 |             428 |         19 |      Fixed 
   514 |  JC69 |        40 |    813 |             813 |         85 |      Fixed 
   515 |  JC69 |        10 |     97 |               0 |          1 |      Fixed 
   516 |  JC69 |        24 |    281 |             101 |         41 |      Fixed 
   517 |  JC69 |        34 |    118 |               3 |          4 |      Fixed 
   518 |  JC69 |        22 |    178 |               8 |          5 |      Fixed 
   519 |  JC69 |        10 |    312 |             104 |         18 |      Fixed 
   520 |  JC69 |        26 |    207 |              16 |         20 |      Fixed 
   521 |  JC69 |        34 |    491 |             491 |         14 |      Fixed 
   522 |  JC69 |        18 |    283 |              71 |         19 |      Fixed 
   523 |  JC69 |        28 |    261 |              88 |         19 |      Fixed 
   524 |  JC69 |        36 |    292 |              30 |         21 |      Fixed 
   525 |  JC69 |        24 |    147 |              57 |         13 |      Fixed 
   526 |  JC69 |        32 |    109 |               3 |          4 |      Fixed 
   527 |  JC69 |         4 |    203 |               0 |          1 |      Fixed 
   528 |  JC69 |        40 |    122 |               8 |          5 |      Fixed 
   529 |  JC69 |         4 |    208 |               6 |          4 |      Fixed 
   530 |  JC69 |        38 |    139 |               2 |          3 |      Fixed 
   531 |  JC69 |         4 |    284 |              12 |          4 |      Fixed 
   532 |  JC69 |        40 |    177 |               4 |          6 |      Fixed 
   533 |  JC69 |        40 |    177 |               2 |          3 |      Fixed 
   534 |  JC69 |        26 |    285 |              59 |         19 |      Fixed 
   535 |  JC69 |        38 |     79 |               2 |          3 |      Fixed 
   536 |  JC69 |        10 |    281 |              66 |         11 |      Fixed 
   537 |  JC69 |        20 |    180 |              11 |          7 |      Fixed 
   538 |  JC69 |        30 |    148 |              16 |         19 |      Fixed 
   539 |  JC69 |        30 |    110 |              26 |          4 |      Fixed 
   540 |  JC69 |        38 |     43 |               3 |          4 |      Fixed 
   541 |  JC69 |        18 |    199 |               8 |          6 |      Fixed 
   542 |  JC69 |        40 |    103 |               2 |          3 |      Fixed 
   543 |  JC69 |        24 |    537 |              60 |         16 |      Fixed 
   544 |  JC69 |        22 |    668 |             557 |         20 |      Fixed 
   545 |  JC69 |         4 |     49 |               0 |          1 |      Fixed 
   546 |  JC69 |        40 |    153 |               3 |          4 |      Fixed 
   547 |  JC69 |        40 |     72 |               2 |          3 |      Fixed 
   548 |  JC69 |         6 |    175 |               0 |          1 |      Fixed 
   549 |  JC69 |        20 |    453 |             118 |         38 |      Fixed 
   550 |  JC69 |         4 |    282 |              91 |          4 |      Fixed 
   551 |  JC69 |        16 |    265 |               1 |          3 |      Fixed 
   552 |  JC69 |        30 |    292 |              24 |         11 |      Fixed 
   553 |  JC69 |        22 |    285 |              78 |         19 |      Fixed 
   554 |  JC69 |        18 |    371 |             112 |         11 |      Fixed 
   555 |  JC69 |        38 |    342 |              14 |          7 |      Fixed 
   556 |  JC69 |        34 |    188 |              14 |          4 |      Fixed 
   557 |  JC69 |        20 |    282 |              25 |         15 |      Fixed 
   558 |  JC69 |         4 |    338 |              11 |          7 |      Fixed 
   559 |  JC69 |        12 |    228 |              17 |         10 |      Fixed 
   560 |  JC69 |        36 |    247 |              15 |         12 |      Fixed 
   561 |  JC69 |        40 |    157 |               4 |          4 |      Fixed 
   562 |  JC69 |        38 |    104 |               2 |          3 |      Fixed 
   563 |  JC69 |        40 |    199 |               8 |          7 |      Fixed 
   564 |  JC69 |        24 |    124 |               2 |          3 |      Fixed 
   565 |  JC69 |        40 |    212 |             100 |          5 |      Fixed 
   566 |  JC69 |         6 |    280 |              33 |          7 |      Fixed 
   567 |  JC69 |        16 |     76 |               3 |          4 |      Fixed 
   568 |  JC69 |        18 |    102 |               0 |          4 |      Fixed 
   569 |  JC69 |        28 |    320 |             133 |         21 |      Fixed 
   570 |  JC69 |        12 |    382 |             117 |         21 |      Fixed 
   571 |  JC69 |        32 |     80 |               7 |          5 |      Fixed 
   572 |  JC69 |        38 |    272 |              81 |         19 |      Fixed 
   573 |  JC69 |         6 |     74 |               2 |          3 |      Fixed 
   574 |  JC69 |        26 |    138 |               6 |         13 |      Fixed 
   575 |  JC69 |        16 |    221 |               9 |         32 |      Fixed 
   576 |  JC69 |         8 |     78 |               4 |          4 |      Fixed 
   577 |  JC69 |        14 |    130 |              16 |         11 |      Fixed 
   578 |  JC69 |        26 |     63 |               1 |          6 |      Fixed 
   579 |  JC69 |        12 |    259 |              57 |         16 |      Fixed 
   580 |  JC69 |        24 |    135 |               3 |          6 |      Fixed 
   581 |  JC69 |        18 |     99 |               1 |          5 |      Fixed 
   582 |  JC69 |        40 |     58 |               5 |          8 |      Fixed 
   583 |  JC69 |        38 |     67 |               2 |          4 |      Fixed 
   584 |  JC69 |        40 |    141 |               7 |          7 |      Fixed 
   585 |  JC69 |        40 |    183 |               4 |          7 |      Fixed 
   586 |  JC69 |        40 |    127 |               2 |          3 |      Fixed 
   587 |  JC69 |        14 |    277 |               4 |          5 |      Fixed 
   588 |  JC69 |         4 |    178 |               0 |          1 |      Fixed 
   589 |  JC69 |        22 |    323 |             162 |         25 |      Fixed 
   590 |  JC69 |         6 |    281 |               4 |          4 |      Fixed 
   591 |  JC69 |        10 |    272 |              11 |          4 |      Fixed 
   592 |  JC69 |        10 |    350 |             107 |         13 |      Fixed 
   593 |  JC69 |        32 |     98 |               2 |          3 |      Fixed 
   594 |  JC69 |         4 |    280 |               8 |          3 |      Fixed 
   595 |  JC69 |        38 |    193 |               6 |          5 |      Fixed 
   596 |  JC69 |        30 |    311 |              15 |         15 |      Fixed 
   597 |  JC69 |         4 |    201 |              60 |          3 |      Fixed 
   598 |  JC69 |         8 |     88 |               0 |          1 |      Fixed 
   599 |  JC69 |        32 |     83 |               4 |          4 |      Fixed 
   600 |  JC69 |        10 |    282 |              18 |          9 |      Fixed 
   601 |  JC69 |        10 |    141 |               1 |          2 |      Fixed 
   602 |  JC69 |         6 |     61 |               0 |          1 |      Fixed 
   603 |  JC69 |        34 |    101 |               4 |          8 |      Fixed 
   604 |  JC69 |        10 |    298 |             156 |         14 |      Fixed 
   605 |  JC69 |         8 |    288 |              49 |         10 |      Fixed 
   606 |  JC69 |        14 |    283 |              18 |         42 |      Fixed 
   607 |  JC69 |        14 |    144 |              18 |          5 |      Fixed 
   608 |  JC69 |         4 |    120 |               0 |          1 |      Fixed 
   609 |  JC69 |         4 |    545 |             278 |          6 |      Fixed 
   610 |  JC69 |        32 |    292 |              35 |         21 |      Fixed 
   611 |  JC69 |         8 |    280 |              14 |          9 |      Fixed 
   612 |  JC69 |         4 |    282 |               7 |          7 |      Fixed 
   613 |  JC69 |        16 |    447 |             213 |         10 |      Fixed 
   614 |  JC69 |        40 |    134 |               5 |         13 |      Fixed 
   615 |  JC69 |         4 |    278 |               9 |          5 |      Fixed 
   616 |  JC69 |        16 |    130 |              20 |         13 |      Fixed 
   617 |  JC69 |        10 |    280 |              10 |          7 |      Fixed 
   618 |  JC69 |        40 |     75 |               1 |          2 |      Fixed 
   619 |  JC69 |        10 |    281 |               2 |          3 |      Fixed 
   620 |  JC69 |        32 |     89 |               3 |          4 |      Fixed 
   621 |  JC69 |        20 |    144 |              27 |          5 |      Fixed 
   622 |  JC69 |        36 |    292 |              27 |         24 |      Fixed 
   623 |  JC69 |        34 |   1199 |             931 |        151 |      Fixed 
   624 |  JC69 |        12 |    281 |              78 |         10 |      Fixed 
   625 |  JC69 |        20 |    287 |               2 |          3 |      Fixed 
   626 |  JC69 |        16 |    282 |              24 |         18 |      Fixed 
   627 |  JC69 |         6 |    279 |               8 |          3 |      Fixed 
   628 |  JC69 |        28 |    229 |              40 |         14 |      Fixed 
   629 |  JC69 |         8 |    253 |              70 |          4 |      Fixed 
   630 |  JC69 |        40 |    147 |               3 |          5 |      Fixed 
   631 |  JC69 |        10 |    206 |               1 |          5 |      Fixed 
   632 |  JC69 |        10 |    282 |              24 |         11 |      Fixed 
   633 |  JC69 |        26 |    119 |               6 |          9 |      Fixed 
   634 |  JC69 |        18 |    291 |              33 |         65 |      Fixed 
   635 |  JC69 |        40 |    169 |               7 |         15 |      Fixed 
   636 |  JC69 |         8 |    256 |               5 |          7 |      Fixed 
   637 |  JC69 |         4 |     51 |               0 |          1 |      Fixed 
   638 |  JC69 |         4 |     51 |               0 |          1 |      Fixed 
   639 |  JC69 |        38 |    471 |              11 |         15 |      Fixed 
   640 |  JC69 |        36 |    259 |               8 |         15 |      Fixed 
   641 |  JC69 |        24 |     81 |               6 |         15 |      Fixed 
   642 |  JC69 |        18 |    217 |              13 |         16 |      Fixed 
   643 |  JC69 |         4 |     46 |               0 |          1 |      Fixed 
   644 |  JC69 |        12 |    274 |             105 |          5 |      Fixed 
   645 |  JC69 |         6 |     76 |               6 |          3 |      Fixed 
   646 |  JC69 |        32 |    135 |              24 |         12 |      Fixed 
   647 |  JC69 |        24 |     93 |               4 |          5 |      Fixed 
   648 |  JC69 |        10 |    284 |             142 |          5 |      Fixed 
   649 |  JC69 |        40 |    181 |               6 |          7 |      Fixed 
   650 |  JC69 |        34 |    108 |               2 |          3 |      Fixed 
   651 |  JC69 |        34 |    105 |               9 |          8 |      Fixed 
   652 |  JC69 |        40 |    367 |             134 |         21 |      Fixed 
   653 |  JC69 |        32 |    170 |               3 |          8 |      Fixed 
   654 |  JC69 |         6 |    280 |              31 |         10 |      Fixed 
   655 |  JC69 |        36 |    261 |              49 |         37 |      Fixed 
   656 |  JC69 |        16 |    211 |               9 |          7 |      Fixed 
   657 |  JC69 |        24 |    198 |              80 |         13 |      Fixed 
   658 |  JC69 |         4 |    269 |              31 |          8 |      Fixed 
   659 |  JC69 |        36 |    107 |               5 |          6 |      Fixed 
   660 |  JC69 |        38 |    120 |               5 |          7 |      Fixed 
   661 |  JC69 |        40 |    308 |              11 |         17 |      Fixed 
   662 |  JC69 |        16 |    109 |               4 |          5 |      Fixed 
   663 |  JC69 |        36 |    213 |               2 |          3 |      Fixed 
   664 |  JC69 |        10 |    381 |               1 |          2 |      Fixed 
   665 |  JC69 |        40 |    121 |               1 |          2 |      Fixed 
   666 |  JC69 |        16 |    287 |              20 |         13 |      Fixed 
   667 |  JC69 |         4 |    153 |               1 |          2 |      Fixed 
   668 |  JC69 |         6 |    276 |               7 |          7 |      Fixed 
   669 |  JC69 |         8 |    277 |              10 |         14 |      Fixed 
   670 |  JC69 |        12 |    285 |              20 |          9 |      Fixed 
   671 |  JC69 |        20 |    282 |              10 |         10 |      Fixed 
   672 |  JC69 |        18 |    285 |              80 |         21 |      Fixed 
   673 |  JC69 |        32 |    157 |              36 |         17 |      Fixed 
   674 |  JC69 |        28 |    432 |             171 |         26 |      Fixed 
   675 |  JC69 |         6 |    180 |               2 |          4 |      Fixed 
   676 |  JC69 |         4 |     43 |               0 |          1 |      Fixed 
   677 |  JC69 |        28 |    196 |               3 |          4 |      Fixed 
   678 |  JC69 |        40 |     89 |               3 |          4 |      Fixed 
   679 |  JC69 |         4 |    280 |               6 |          4 |      Fixed 
   680 |  JC69 |        10 |    254 |               6 |          4 |      Fixed 
   681 |  JC69 |        40 |    713 |             203 |         38 |      Fixed 
   682 |  JC69 |         8 |    191 |              14 |          6 |      Fixed 
   683 |  JC69 |        38 |    406 |             183 |         28 |      Fixed 
   684 |  JC69 |        30 |    186 |              20 |         39 |      Fixed 
   685 |  JC69 |        32 |    294 |              11 |         22 |      Fixed 
   686 |  JC69 |        36 |   1126 |             916 |         34 |      Fixed 
   687 |  JC69 |        40 |   1013 |             487 |         18 |      Fixed 
   688 |  JC69 |        26 |    306 |              18 |         15 |      Fixed 
   689 |  JC69 |         8 |    286 |              31 |          6 |      Fixed 
   690 |  JC69 |         4 |    282 |              61 |          6 |      Fixed 
   691 |  JC69 |        36 |    290 |              89 |         14 |      Fixed 
   692 |  JC69 |         4 |    277 |               8 |          4 |      Fixed 
   693 |  JC69 |        38 |    221 |              84 |          9 |      Fixed 
   694 |  JC69 |         6 |    198 |               3 |          4 |      Fixed 
   695 |  JC69 |        40 |     88 |               2 |          5 |      Fixed 
   696 |  JC69 |        40 |    410 |             100 |         56 |      Fixed 
   697 |  JC69 |        40 |    160 |               1 |          2 |      Fixed 
   698 |  JC69 |         4 |    191 |              34 |          4 |      Fixed 
   699 |  JC69 |         4 |    343 |               4 |          3 |      Fixed 
   700 |  JC69 |        40 |    147 |              10 |         10 |      Fixed 
   701 |  JC69 |        32 |     94 |               5 |          4 |      Fixed 
   702 |  JC69 |        40 |    107 |               5 |          5 |      Fixed 
   703 |  JC69 |         6 |    334 |             105 |          5 |      Fixed 
   704 |  JC69 |        40 |    248 |               4 |          7 |      Fixed 
   705 |  JC69 |         6 |    285 |              90 |          8 |      Fixed 
   706 |  JC69 |        40 |     82 |               3 |          4 |      Fixed 
   707 |  JC69 |        40 |    117 |               3 |          8 |      Fixed 
   708 |  JC69 |        34 |    134 |               5 |         10 |      Fixed 
   709 |  JC69 |        12 |    202 |               6 |         10 |      Fixed 
   710 |  JC69 |        40 |    174 |              55 |          4 |      Fixed 
   711 |  JC69 |         6 |     61 |               0 |          1 |      Fixed 
   712 |  JC69 |        10 |    279 |             142 |          8 |      Fixed 
   713 |  JC69 |        38 |    123 |               4 |          5 |      Fixed 
   714 |  JC69 |        16 |    144 |              18 |          5 |      Fixed 
   715 |  JC69 |         6 |    280 |             129 |          8 |      Fixed 
   716 |  JC69 |        34 |    108 |              18 |         14 |      Fixed 
   717 |  JC69 |        26 |    286 |             120 |          8 |      Fixed 
   718 |  JC69 |        20 |    282 |              24 |         22 |      Fixed 
   719 |  JC69 |        40 |     94 |               3 |          4 |      Fixed 
   720 |  JC69 |         4 |     67 |               0 |          1 |      Fixed 
   721 |  JC69 |        32 |    183 |               6 |         20 |      Fixed 
   722 |  JC69 |        40 |    163 |               3 |          5 |      Fixed 
   723 |  JC69 |        28 |     47 |               0 |          1 |      Fixed 
   724 |  JC69 |         4 |    280 |               9 |          7 |      Fixed 
   725 |  JC69 |        34 |     49 |               4 |          7 |      Fixed 
   726 |  JC69 |         8 |    233 |              13 |          4 |      Fixed 
   727 |  JC69 |         8 |     48 |               3 |          2 |      Fixed 
   728 |  JC69 |         4 |    355 |              10 |          9 |      Fixed 
   729 |  JC69 |        40 |     61 |               1 |          2 |      Fixed 
   730 |  JC69 |        40 |    438 |             282 |         25 |      Fixed 
   731 |  JC69 |        38 |    275 |               6 |          7 |      Fixed 
   732 |  JC69 |         8 |    278 |              20 |          5 |      Fixed 
   733 |  JC69 |        40 |    212 |              14 |          9 |      Fixed 
   734 |  JC69 |        24 |    209 |              13 |         11 |      Fixed 
   735 |  JC69 |        28 |    124 |               1 |          2 |      Fixed 
   736 |  JC69 |        38 |    328 |              17 |         15 |      Fixed 
   737 |  JC69 |         8 |    353 |              86 |          9 |      Fixed 
   738 |  JC69 |        18 |     67 |               0 |          1 |      Fixed 
   739 |  JC69 |        40 |     56 |               3 |          4 |      Fixed 
   740 |  JC69 |        34 |     56 |               4 |          5 |      Fixed 
   741 |  JC69 |        36 |    251 |              16 |         22 |      Fixed 
   742 |  JC69 |        40 |    171 |               4 |          5 |      Fixed 
   743 |  JC69 |        30 |    213 |              27 |         32 |      Fixed 
   744 |  JC69 |        34 |    292 |              44 |         16 |      Fixed 
   745 |  JC69 |        40 |    533 |             251 |         20 |      Fixed 
   746 |  JC69 |        32 |    406 |             157 |         36 |      Fixed 
   747 |  JC69 |        40 |    178 |               9 |          8 |      Fixed 
   748 |  JC69 |        22 |     86 |               0 |          2 |      Fixed 
   749 |  JC69 |         4 |    127 |               0 |          2 |      Fixed 
   750 |  JC69 |        18 |    271 |             142 |         42 |      Fixed 
   751 |  JC69 |        40 |    123 |               8 |         20 |      Fixed 
   752 |  JC69 |        38 |     97 |               5 |          6 |      Fixed 
   753 |  JC69 |        28 |    701 |             499 |         26 |      Fixed 
   754 |  JC69 |        36 |    149 |               6 |          4 |      Fixed 
   755 |  JC69 |        38 |    217 |               3 |          5 |      Fixed 
   756 |  JC69 |        38 |    102 |               0 |          1 |      Fixed 
   757 |  JC69 |         8 |     91 |               9 |          2 |      Fixed 
   758 |  JC69 |        38 |    100 |               3 |          4 |      Fixed 
   759 |  JC69 |        36 |     45 |               1 |          2 |      Fixed 
   760 |  JC69 |        34 |    166 |               6 |          6 |      Fixed 
   761 |  JC69 |        38 |    994 |             717 |         56 |      Fixed 
   762 |  JC69 |        26 |    300 |              14 |          8 |      Fixed 
   763 |  JC69 |         4 |     97 |               0 |          1 |      Fixed 
   764 |  JC69 |        36 |    234 |             104 |         95 |      Fixed 
   765 |  JC69 |        40 |    276 |              18 |         20 |      Fixed 
   766 |  JC69 |         6 |     86 |               0 |          1 |      Fixed 
   767 |  JC69 |         4 |    191 |               0 |          2 |      Fixed 
   768 |  JC69 |         6 |    155 |               0 |          1 |      Fixed 
   769 |  JC69 |        40 |    263 |             120 |          8 |      Fixed 
   770 |  JC69 |        40 |    965 |             449 |         41 |      Fixed 
   771 |  JC69 |        16 |    285 |              46 |         20 |      Fixed 
   772 |  JC69 |        40 |    183 |               4 |          5 |      Fixed 
   773 |  JC69 |        40 |     85 |               2 |          3 |      Fixed 
   774 |  JC69 |        10 |    272 |              32 |          8 |      Fixed 
   775 |  JC69 |        14 |     60 |               1 |          2 |      Fixed 
   776 |  JC69 |        30 |     78 |               3 |          3 |      Fixed 
   777 |  JC69 |         6 |    282 |              10 |          6 |      Fixed 
   778 |  JC69 |         4 |    232 |               1 |          3 |      Fixed 
   779 |  JC69 |        20 |    117 |               8 |          7 |      Fixed 
   780 |  JC69 |         8 |    173 |              46 |          5 |      Fixed 
   781 |  JC69 |        26 |    185 |              28 |         21 |      Fixed 
   782 |  JC69 |        40 |    156 |              12 |          6 |      Fixed 
   783 |  JC69 |         6 |    158 |               2 |          4 |      Fixed 
   784 |  JC69 |         6 |    274 |             108 |          5 |      Fixed 
   785 |  JC69 |         6 |     49 |               0 |          1 |      Fixed 
   786 |  JC69 |        36 |    135 |               4 |          5 |      Fixed 
   787 |  JC69 |         4 |    236 |              21 |          6 |      Fixed 
   788 |  JC69 |        38 |    323 |              74 |         17 |      Fixed 
   789 |  JC69 |        40 |    148 |              10 |         13 |      Fixed 
   790 |  JC69 |        38 |    220 |               4 |          5 |      Fixed 
   791 |  JC69 |         4 |    280 |               6 |          4 |      Fixed 
   792 |  JC69 |        36 |    146 |               5 |          6 |      Fixed 
   793 |  JC69 |        40 |    123 |               1 |          2 |      Fixed 
   794 |  JC69 |         6 |    188 |               1 |          4 |      Fixed 
   795 |  JC69 |         6 |    203 |              72 |          9 |      Fixed 
   796 |  JC69 |        24 |    286 |              23 |         21 |      Fixed 
   797 |  JC69 |        40 |    178 |               7 |         15 |      Fixed 
   798 |  JC69 |        36 |    292 |              25 |         18 |      Fixed 
   799 |  JC69 |        18 |     99 |               0 |          1 |      Fixed 
   800 |  JC69 |         6 |    286 |              13 |          7 |      Fixed 
   801 |  JC69 |        30 |    122 |               3 |          3 |      Fixed 
   802 |  JC69 |        34 |    249 |              52 |         33 |      Fixed 
   803 |  JC69 |        22 |    105 |               1 |          2 |      Fixed 
   804 |  JC69 |        28 |    626 |             390 |         80 |      Fixed 
   805 |  JC69 |        40 |     45 |               2 |          3 |      Fixed 
   806 |  JC69 |         6 |     85 |               1 |          2 |      Fixed 
   807 |  JC69 |        40 |    158 |               1 |          2 |      Fixed 
   808 |  JC69 |        40 |    253 |              11 |         17 |      Fixed 
   809 |  JC69 |        30 |     84 |               5 |          3 |      Fixed 
   810 |  JC69 |        40 |    102 |               4 |          5 |      Fixed 
   811 |  JC69 |        36 |     62 |               2 |          3 |      Fixed 
   812 |  JC69 |        22 |    245 |              31 |         17 |      Fixed 
   813 |  JC69 |        40 |     66 |               1 |          2 |      Fixed 
   814 |  JC69 |        38 |    216 |             122 |         36 |      Fixed 
   815 |  JC69 |         4 |    283 |              10 |          3 |      Fixed 
   816 |  JC69 |        32 |    197 |               6 |          8 |      Fixed 
   817 |  JC69 |         8 |    121 |               0 |          1 |      Fixed 
   818 |  JC69 |         4 |    282 |               7 |          2 |      Fixed 
   819 |  JC69 |        38 |    148 |               5 |          5 |      Fixed 
   820 |  JC69 |        40 |    106 |               0 |          1 |      Fixed 
   821 |  JC69 |        40 |    134 |               1 |          2 |      Fixed 
   822 |  JC69 |         6 |    123 |               1 |          3 |      Fixed 
   823 |  JC69 |         4 |    159 |               1 |          2 |      Fixed 
   824 |  JC69 |        34 |     98 |              10 |          9 |      Fixed 
   825 |  JC69 |        40 |     84 |               5 |          5 |      Fixed 
   826 |  JC69 |        40 |    339 |             116 |         12 |      Fixed 
   827 |  JC69 |        38 |    508 |             230 |         17 |      Fixed 
   828 |  JC69 |        32 |    155 |              67 |          5 |      Fixed 
   829 |  JC69 |         8 |    281 |              10 |          7 |      Fixed 
   830 |  JC69 |        10 |    244 |              16 |         13 |      Fixed 
   831 |  JC69 |        12 |    150 |               5 |          8 |      Fixed 
   832 |  JC69 |        12 |    268 |              78 |         10 |      Fixed 
   833 |  JC69 |        30 |     72 |               2 |          3 |      Fixed 
   834 |  JC69 |        22 |    151 |              18 |         13 |      Fixed 
   835 |  JC69 |         8 |    116 |               0 |          2 |      Fixed 
   836 |  JC69 |         4 |    273 |               7 |          5 |      Fixed 
   837 |  JC69 |        20 |     95 |              32 |          9 |      Fixed 
   838 |  JC69 |         6 |    188 |               8 |          8 |      Fixed 
   839 |  JC69 |         6 |    157 |               0 |          1 |      Fixed 
   840 |  JC69 |        30 |     61 |               0 |          1 |      Fixed 
   841 |  JC69 |        20 |    248 |              10 |          9 |      Fixed 
   842 |  JC69 |         4 |     70 |               0 |          2 |      Fixed 
   843 |  JC69 |        38 |    188 |               9 |         17 |      Fixed 
   844 |  JC69 |        36 |    441 |             189 |         15 |      Fixed 
   845 |  JC69 |        38 |    181 |               3 |        193 |      Fixed 
   846 |  JC69 |        22 |    147 |              10 |          7 |      Fixed 
   847 |  JC69 |        38 |    178 |              19 |         14 |      Fixed 
   848 |  JC69 |        36 |     87 |               9 |         10 |      Fixed 
   849 |  JC69 |         4 |     90 |               0 |          1 |      Fixed 
   850 |  JC69 |        32 |     94 |               8 |          6 |      Fixed 
   851 |  JC69 |        14 |    446 |             230 |         10 |      Fixed 
   852 |  JC69 |         4 |     99 |               0 |          1 |      Fixed 
   853 |  JC69 |        38 |    177 |               3 |          6 |      Fixed 
   854 |  JC69 |        36 |    248 |             107 |         21 |      Fixed 
   855 |  JC69 |        40 |    652 |             652 |         83 |      Fixed 
   856 |  JC69 |        40 |    147 |               3 |         65 |      Fixed 
   857 |  JC69 |        38 |    183 |              27 |         25 |      Fixed 
   858 |  JC69 |        40 |    120 |               7 |          9 |      Fixed 
   859 |  JC69 |        40 |    117 |               7 |          7 |      Fixed 
   860 |  JC69 |        38 |     71 |               9 |         22 |      Fixed 
   861 |  JC69 |         6 |    155 |              16 |          4 |      Fixed 
   862 |  JC69 |         4 |    270 |              67 |          4 |      Fixed 
   863 |  JC69 |         6 |     55 |              19 |          3 |      Fixed 
   864 |  JC69 |         6 |    213 |               4 |          3 |      Fixed 
   865 |  JC69 |        26 |    116 |               8 |          6 |      Fixed 
   866 |  JC69 |         6 |     75 |               1 |          3 |      Fixed 
   867 |  JC69 |        24 |    292 |              22 |         13 |      Fixed 
   868 |  JC69 |        22 |    131 |               4 |          5 |      Fixed 
   869 |  JC69 |        26 |     54 |               5 |          5 |      Fixed 
   870 |  JC69 |         4 |     91 |               0 |          2 |      Fixed 
   871 |  JC69 |        20 |     56 |               0 |          1 |      Fixed 
   872 |  JC69 |         8 |    282 |              15 |          6 |      Fixed 
   873 |  JC69 |         4 |    129 |               2 |          2 |      Fixed 
   874 |  JC69 |         6 |    410 |             281 |         20 |      Fixed 
   875 |  JC69 |        32 |    136 |               7 |         20 |      Fixed 
   876 |  JC69 |        40 |    100 |               3 |          4 |      Fixed 
   877 |  JC69 |         4 |     66 |               5 |          3 |      Fixed 
   878 |  JC69 |        28 |    286 |             211 |         30 |      Fixed 
   879 |  JC69 |        38 |    148 |              13 |         15 |      Fixed 
   880 |  JC69 |        26 |    234 |               7 |          8 |      Fixed 
   881 |  JC69 |        30 |    395 |             170 |          8 |      Fixed 
   882 |  JC69 |        38 |    234 |               7 |          8 |      Fixed 
   883 |  JC69 |        38 |    395 |             169 |         15 |      Fixed 
   884 |  JC69 |        30 |    287 |              19 |         25 |      Fixed 
   885 |  JC69 |        30 |    162 |               2 |          4 |      Fixed 
   886 |  JC69 |        32 |     90 |               2 |          3 |      Fixed 
   887 |  JC69 |        26 |     64 |               7 |         18 |      Fixed 
   888 |  JC69 |        32 |     83 |               6 |          7 |      Fixed 
   889 |  JC69 |         4 |     44 |               0 |          1 |      Fixed 
   890 |  JC69 |        22 |    283 |              90 |         25 |      Fixed 
   891 |  JC69 |        10 |    103 |               3 |          2 |      Fixed 
   892 |  JC69 |         4 |    275 |             135 |          5 |      Fixed 
   893 |  JC69 |         4 |    276 |              62 |          3 |      Fixed 
   894 |  JC69 |        10 |    282 |             169 |          9 |      Fixed 
   895 |  JC69 |        30 |    134 |              13 |         12 |      Fixed 
   896 |  JC69 |        40 |    223 |               0 |          1 |      Fixed 
   897 |  JC69 |         4 |    261 |             105 |          7 |      Fixed 
   898 |  JC69 |         6 |    276 |               9 |          7 |      Fixed 
   899 |  JC69 |         6 |    280 |               5 |          2 |      Fixed 
   900 |  JC69 |         4 |     43 |               0 |          1 |      Fixed 
   901 |  JC69 |        22 |    277 |              30 |         15 |      Fixed 
   902 |  JC69 |        28 |     58 |               0 |          1 |      Fixed 
   903 |  JC69 |        40 |    350 |              23 |         52 |      Fixed 
   904 |  JC69 |        20 |     79 |               3 |          4 |      Fixed 
   905 |  JC69 |         4 |    284 |             139 |          4 |      Fixed 
   906 |  JC69 |        40 |    239 |               8 |         10 |      Fixed 
   907 |  JC69 |        34 |    164 |               5 |          4 |      Fixed 
   908 |  JC69 |         8 |    278 |              18 |          7 |      Fixed 
   909 |  JC69 |        40 |    490 |              26 |         21 |      Fixed 
   910 |  JC69 |        24 |    189 |              16 |          7 |      Fixed 
   911 |  JC69 |         6 |    253 |               1 |          3 |      Fixed 
   912 |  JC69 |         8 |    179 |               6 |          6 |      Fixed 
   913 |  JC69 |        40 |    205 |               5 |          7 |      Fixed 
   914 |  JC69 |        36 |    719 |             373 |         45 |      Fixed 
   915 |  JC69 |         6 |     61 |               3 |          2 |      Fixed 
   916 |  JC69 |         4 |    325 |               0 |          2 |      Fixed 
   917 |  JC69 |         6 |     86 |               0 |          1 |      Fixed 
   918 |  JC69 |         6 |     90 |               7 |          7 |      Fixed 
   919 |  JC69 |         6 |    164 |               2 |          3 |      Fixed 
   920 |  JC69 |        40 |    234 |             112 |          8 |      Fixed 
   921 |  JC69 |        18 |    100 |               2 |          3 |      Fixed 
   922 |  JC69 |        12 |    274 |              14 |         10 |      Fixed 
   923 |  JC69 |        40 |    160 |              48 |          7 |      Fixed 
   924 |  JC69 |        24 |    407 |             147 |         30 |      Fixed 
   925 |  JC69 |        38 |    110 |               3 |          4 |      Fixed 
   926 |  JC69 |        34 |    213 |              98 |         11 |      Fixed 
   927 |  JC69 |        34 |     66 |               5 |          3 |      Fixed 
   928 |  JC69 |         6 |    281 |               9 |         20 |      Fixed 
   929 |  JC69 |        26 |    241 |              19 |         13 |      Fixed 
   930 |  JC69 |        36 |    149 |               7 |          6 |      Fixed 
   931 |  JC69 |        34 |     93 |               2 |          7 |      Fixed 
   932 |  JC69 |        38 |    231 |              80 |         45 |      Fixed 
   933 |  JC69 |        38 |    268 |             114 |          9 |      Fixed 
   934 |  JC69 |        36 |     95 |               4 |          5 |      Fixed 
   935 |  JC69 |        40 |    126 |               8 |          9 |      Fixed 
   936 |  JC69 |        28 |    135 |              15 |          6 |      Fixed 
   937 |  JC69 |        36 |    123 |               7 |          4 |      Fixed 
   938 |  JC69 |        30 |    174 |               8 |          9 |      Fixed 
   939 |  JC69 |        14 |    222 |              46 |         11 |      Fixed 
   940 |  JC69 |        12 |    165 |              45 |          9 |      Fixed 
   941 |  JC69 |         6 |     82 |               5 |          3 |      Fixed 
   942 |  JC69 |        40 |    152 |               4 |          6 |      Fixed 
   943 |  JC69 |        40 |     58 |               1 |          2 |      Fixed 
   944 |  JC69 |        18 |    187 |              11 |          7 |      Fixed 
   945 |  JC69 |        10 |    290 |              27 |         10 |      Fixed 
   946 |  JC69 |        40 |    222 |               3 |          4 |      Fixed 
   947 |  JC69 |        12 |    266 |               0 |          1 |      Fixed 
   948 |  JC69 |         4 |    102 |               0 |          1 |      Fixed 
   949 |  JC69 |        14 |    161 |              10 |         12 |      Fixed 
   950 |  JC69 |        40 |    256 |              10 |         13 |      Fixed 
   951 |  JC69 |         8 |     50 |               9 |          6 |      Fixed 
   952 |  JC69 |        38 |     84 |               1 |          2 |      Fixed 
   953 |  JC69 |        24 |     93 |               0 |          1 |      Fixed 
   954 |  JC69 |        24 |    284 |              29 |         19 |      Fixed 
   955 |  JC69 |         4 |    117 |               2 |          3 |      Fixed 
   956 |  JC69 |        38 |     54 |               3 |          4 |      Fixed 
   957 |  JC69 |         4 |    279 |              17 |          6 |      Fixed 
   958 |  JC69 |        32 |    105 |               1 |          2 |      Fixed 
   959 |  JC69 |        40 |     96 |               3 |          4 |      Fixed 
   960 |  JC69 |        10 |    260 |              11 |          7 |      Fixed 
   961 |  JC69 |         6 |    284 |              23 |          9 |      Fixed 
   962 |  JC69 |        12 |    281 |              13 |         10 |      Fixed 
   963 |  JC69 |        40 |    126 |               5 |         14 |      Fixed 
   964 |  JC69 |         4 |    103 |               0 |          1 |      Fixed 
   965 |  JC69 |        10 |    279 |              12 |         12 |      Fixed 
   966 |  JC69 |         4 |    268 |               9 |          4 |      Fixed 
   967 |  JC69 |         6 |    150 |               1 |          3 |      Fixed 
   968 |  JC69 |        16 |    370 |             117 |         27 |      Fixed 
   969 |  JC69 |        16 |     65 |               2 |          3 |      Fixed 
   970 |  JC69 |        18 |    281 |              28 |         17 |      Fixed 
   971 |  JC69 |        32 |    291 |              27 |         19 |      Fixed 
   972 |  JC69 |        28 |    559 |             364 |         22 |      Fixed 
   973 |  JC69 |        10 |    276 |             173 |          9 |      Fixed 
   974 |  JC69 |         4 |     38 |               0 |          1 |      Fixed 
   975 |  JC69 |         6 |     84 |               8 |          5 |      Fixed 
   976 |  JC69 |         4 |     76 |               0 |          1 |      Fixed 
   977 |  JC69 |        16 |    210 |              86 |          9 |      Fixed 
   978 |  JC69 |        18 |    382 |             195 |         17 |      Fixed 
   979 |  JC69 |         4 |    165 |               0 |          2 |      Fixed 
   980 |  JC69 |        12 |     53 |               4 |          2 |      Fixed 
   981 |  JC69 |        30 |    259 |              21 |         25 |      Fixed 
   982 |  JC69 |        10 |     72 |              20 |          4 |      Fixed 
   983 |  JC69 |        38 |    101 |               2 |          3 |      Fixed 
   984 |  JC69 |        12 |     79 |               2 |          4 |      Fixed 
   985 |  JC69 |        28 |    292 |              17 |         15 |      Fixed 
   986 |  JC69 |         8 |    139 |               1 |          3 |      Fixed 
   987 |  JC69 |        26 |     72 |               2 |          3 |      Fixed 
   988 |  JC69 |         6 |     71 |               0 |          2 |      Fixed 
   989 |  JC69 |        22 |    455 |             236 |         32 |      Fixed 
   990 |  JC69 |         4 |     50 |               1 |          2 |      Fixed 
   991 |  JC69 |        14 |    212 |               1 |          6 |      Fixed 
   992 |  JC69 |        30 |    177 |              43 |          6 |      Fixed 
   993 |  JC69 |         6 |    185 |               3 |          3 |      Fixed 
   994 |  JC69 |         6 |    259 |              84 |          2 |      Fixed 
   995 |  JC69 |         4 |    105 |              48 |          3 |      Fixed 
   996 |  JC69 |         4 |     40 |               0 |          1 |      Fixed 
   997 |  JC69 |        12 |     36 |               0 |          1 |      Fixed 
   998 |  JC69 |        24 |    102 |               8 |         27 |      Fixed 
   999 |  JC69 |        34 |     91 |              14 |         13 |      Fixed 
  1000 |  JC69 |        20 |    194 |              39 |         29 |      Fixed 
  1001 |  JC69 |        32 |    161 |               4 |          3 |      Fixed 
  1002 |  JC69 |        38 |    401 |             158 |         31 |      Fixed 
  1003 |  JC69 |         6 |     83 |               1 |          2 |      Fixed 
  1004 |  JC69 |        40 |    133 |               2 |          3 |      Fixed 
  1005 |  JC69 |        40 |    195 |               5 |         11 |      Fixed 
  1006 |  JC69 |        40 |    200 |               2 |          3 |      Fixed 
  1007 |  JC69 |        38 |    170 |              46 |         11 |      Fixed 
  1008 |  JC69 |         4 |    229 |              31 |          2 |      Fixed 
  1009 |  JC69 |         6 |    104 |               0 |          1 |      Fixed 
  1010 |  JC69 |        38 |     85 |              11 |         13 |      Fixed 
  1011 |  JC69 |         6 |    132 |               0 |          2 |      Fixed 
  1012 |  JC69 |         6 |    217 |               4 |          4 |      Fixed 
  1013 |  JC69 |         6 |    282 |              15 |          6 |      Fixed 
  1014 |  JC69 |         8 |    365 |             241 |         24 |      Fixed 
  1015 |  JC69 |        18 |     93 |               6 |          9 |      Fixed 
  1016 |  JC69 |         8 |    281 |             137 |          3 |      Fixed 
  1017 |  JC69 |        22 |     80 |               0 |          1 |      Fixed 
  1018 |  JC69 |         8 |     94 |               0 |          1 |      Fixed 
  1019 |  JC69 |         6 |    241 |               9 |          5 |      Fixed 
  1020 |  JC69 |        14 |    277 |              15 |         12 |      Fixed 
  1021 |  JC69 |        40 |    218 |              84 |         10 |      Fixed 
  1022 |  JC69 |         8 |    146 |               0 |          1 |      Fixed 
  1023 |  JC69 |        12 |    281 |              24 |         28 |      Fixed 
  1024 |  JC69 |         4 |    286 |              10 |          4 |      Fixed 
  1025 |  JC69 |         6 |     52 |               0 |          1 |      Fixed 
  1026 |  JC69 |         4 |    282 |               8 |          4 |      Fixed 
  1027 |  JC69 |        16 |    288 |              42 |         23 |      Fixed 
  1028 |  JC69 |         6 |    280 |               9 |          8 |      Fixed 
  1029 |  JC69 |         6 |    203 |               5 |          8 |      Fixed 
  1030 |  JC69 |         8 |    224 |               2 |          3 |      Fixed 
  1031 |  JC69 |        16 |    109 |               0 |          2 |      Fixed 
  1032 |  JC69 |        10 |     68 |               2 |          3 |      Fixed 
  1033 |  JC69 |         4 |    170 |               4 |          3 |      Fixed 
  1034 |  JC69 |        22 |    119 |               7 |          7 |      Fixed 
  1035 |  JC69 |         6 |    232 |               3 |          5 |      Fixed 
  1036 |  JC69 |        20 |    130 |               6 |          5 |      Fixed 
  1037 |  JC69 |         8 |     98 |               1 |          2 |      Fixed 
  1038 |  JC69 |        28 |    101 |               8 |          9 |      Fixed 
  1039 |  JC69 |        16 |    109 |               3 |          5 |      Fixed 
  1040 |  JC69 |         6 |    112 |               3 |          3 |      Fixed 
  1041 |  JC69 |         8 |    113 |               0 |          1 |      Fixed 
  1042 |  JC69 |         4 |     85 |               0 |          1 |      Fixed 
  1043 |  JC69 |         4 |    167 |               5 |          4 |      Fixed 
  1044 |  JC69 |         4 |    284 |              14 |          5 |      Fixed 
  1045 |  JC69 |         4 |    105 |               0 |          2 |      Fixed 
  1046 |  JC69 |        18 |     96 |              11 |         10 |      Fixed 
  1047 |  JC69 |         4 |    164 |               0 |          1 |      Fixed 
  1048 |  JC69 |         6 |    231 |             107 |          5 |      Fixed 
  1049 |  JC69 |         6 |    167 |               0 |          2 |      Fixed 
  1050 |  JC69 |         4 |    283 |               7 |          7 |      Fixed 
  1051 |  JC69 |         6 |     80 |               2 |          2 |      Fixed 
  1052 |  JC69 |        22 |     86 |               3 |          6 |      Fixed 
  1053 |  JC69 |         6 |    177 |               1 |          2 |      Fixed 
  1054 |  JC69 |         4 |    205 |               0 |          2 |      Fixed 
  1055 |  JC69 |        36 |     64 |               5 |         14 |      Fixed 
  1056 |  JC69 |         4 |    280 |               9 |          5 |      Fixed 
  1057 |  JC69 |        24 |    167 |              47 |          7 |      Fixed 
  1058 |  JC69 |        18 |    187 |              40 |         19 |      Fixed 
  1059 |  JC69 |         8 |     71 |               0 |          1 |      Fixed 
  1060 |  JC69 |         4 |    147 |               0 |          2 |      Fixed 
  1061 |  JC69 |         8 |    221 |             113 |          8 |      Fixed 
  1062 |  JC69 |        12 |     78 |               1 |          2 |      Fixed 
  1063 |  JC69 |        30 |    183 |              15 |         17 |      Fixed 
  1064 |  JC69 |         4 |    187 |               0 |          1 |      Fixed 
  1065 |  JC69 |         8 |    116 |              11 |          4 |      Fixed 
  1066 |  JC69 |         4 |    330 |               4 |          2 |      Fixed 
  1067 |  JC69 |         4 |    146 |               1 |          3 |      Fixed 
  1068 |  JC69 |         4 |    123 |               0 |          1 |      Fixed 
  1069 |  JC69 |        32 |    163 |              11 |         10 |      Fixed 
  1070 |  JC69 |        28 |     66 |               7 |          7 |      Fixed 
  1071 |  JC69 |         6 |    280 |              98 |         12 |      Fixed 
  1072 |  JC69 |         4 |    118 |              12 |          2 |      Fixed 
  1073 |  JC69 |        10 |    178 |               1 |          2 |      Fixed 
  1074 |  JC69 |         4 |    207 |               0 |          2 |      Fixed 
  1075 |  JC69 |         6 |    132 |               0 |          1 |      Fixed 
  1076 |  JC69 |        10 |    157 |               1 |          4 |      Fixed 
  1077 |  JC69 |         4 |     65 |               0 |          1 |      Fixed 
  1078 |  JC69 |         4 |    204 |               1 |          3 |      Fixed 
  1079 |  JC69 |        26 |    215 |              33 |         18 |      Fixed 
  1080 |  JC69 |        10 |    247 |              79 |          8 |      Fixed 
  1081 |  JC69 |         6 |     50 |               2 |          4 |      Fixed 
  1082 |  JC69 |        16 |    153 |               1 |          3 |      Fixed 
  1083 |  JC69 |         6 |    211 |               6 |          7 |      Fixed 
  1084 |  JC69 |        12 |    145 |              11 |         11 |      Fixed 
  1085 |  JC69 |        32 |    129 |              18 |          8 |      Fixed 
  1086 |  JC69 |        40 |    109 |               6 |          8 |      Fixed 
  1087 |  JC69 |         8 |    177 |               0 |          2 |      Fixed 
  1088 |  JC69 |         4 |    287 |               9 |          3 |      Fixed 
  1089 |  JC69 |        20 |    105 |               2 |          3 |      Fixed 
  1090 |  JC69 |         4 |    176 |               0 |          1 |      Fixed 
  1091 |  JC69 |        18 |    274 |             135 |         15 |      Fixed 
  1092 |  JC69 |         6 |    133 |              46 |          9 |      Fixed 
  1093 |  JC69 |         4 |    116 |               1 |          2 |      Fixed 
  1094 |  JC69 |         8 |    259 |               5 |          6 |      Fixed 
  1095 |  JC69 |         8 |    110 |               3 |          3 |      Fixed 
  1096 |  JC69 |        30 |     90 |               2 |          3 |      Fixed 
  1097 |  JC69 |        22 |    292 |              15 |          7 |      Fixed 
  1098 |  JC69 |         8 |     55 |               0 |          2 |      Fixed 
  1099 |  JC69 |        10 |    138 |               7 |          3 |      Fixed 
  1100 |  JC69 |         6 |    106 |              10 |          6 |      Fixed 
  1101 |  JC69 |         6 |    159 |               4 |          7 |      Fixed 
  1102 |  JC69 |        18 |    288 |             110 |         80 |      Fixed 
  1103 |  JC69 |        40 |    186 |               4 |          6 |      Fixed 
  1104 |  JC69 |        12 |    520 |              22 |         14 |      Fixed 
  1105 |  JC69 |         4 |     59 |               0 |          1 |      Fixed 
  1106 |  JC69 |        36 |    187 |               6 |          5 |      Fixed 
  1107 |  JC69 |        22 |     64 |               6 |          6 |      Fixed 
  1108 |  JC69 |         8 |     86 |               1 |          2 |      Fixed 
  1109 |  JC69 |         6 |     82 |               7 |          3 |      Fixed 
  1110 |  JC69 |        12 |    211 |              23 |         16 |      Fixed 
  1111 |  JC69 |         6 |    112 |              54 |          3 |      Fixed 
  1112 |  JC69 |         4 |     50 |               1 |          2 |      Fixed 
  1113 |  JC69 |        24 |     75 |               9 |          8 |      Fixed 
  1114 |  JC69 |         6 |    163 |               2 |          4 |      Fixed 
  1115 |  JC69 |         4 |    163 |               1 |          2 |      Fixed 
  1116 |  JC69 |         4 |     74 |               1 |          2 |      Fixed 
  1117 |  JC69 |         4 |    278 |              20 |          5 |      Fixed 
  1118 |  JC69 |         6 |     63 |               2 |          3 |      Fixed 
  1119 |  JC69 |         4 |     74 |               0 |          2 |      Fixed 
  1120 |  JC69 |         4 |     61 |               1 |          2 |      Fixed 
  1121 |  JC69 |        16 |    140 |               5 |          4 |      Fixed 
  1122 |  JC69 |         4 |    181 |              80 |          2 |      Fixed 
  1123 |  JC69 |         4 |    139 |               5 |          2 |      Fixed 
  1124 |  JC69 |         4 |    166 |               8 |          8 |      Fixed 
  1125 |  JC69 |         4 |    139 |               8 |          5 |      Fixed 
  1126 |  JC69 |         4 |     65 |               3 |          2 |      Fixed 
  1127 |  JC69 |         4 |    181 |               4 |          5 |      Fixed 
  1128 |  JC69 |         4 |    235 |               5 |          5 |      Fixed 
  1129 |  JC69 |         6 |    285 |               2 |          4 |      Fixed 
  1130 |  JC69 |         6 |    369 |              54 |         10 |      Fixed 
  1131 |  JC69 |        26 |    181 |               2 |          3 |      Fixed 
  1132 |  JC69 |         4 |    263 |               1 |          3 |      Fixed 
  1133 |  JC69 |        28 |    238 |             105 |         11 |      Fixed 
  1134 |  JC69 |         6 |    143 |               7 |          4 |      Fixed 
  1135 |  JC69 |        34 |     70 |               2 |          4 |      Fixed 
  1136 |  JC69 |         4 |    163 |               1 |          3 |      Fixed 
  1137 |  JC69 |         4 |    338 |             151 |          4 |      Fixed 
  1138 |  JC69 |        40 |    150 |               3 |          5 |      Fixed 
  1139 |  JC69 |        16 |     81 |               4 |          4 |      Fixed 
  1140 |  JC69 |         4 |    120 |              23 |          4 |      Fixed 
  1141 |  JC69 |        12 |     74 |               8 |          4 |      Fixed 
  1142 |  JC69 |        26 |    320 |              54 |         31 |      Fixed 
  1143 |  JC69 |         4 |    254 |               0 |          1 |      Fixed 
  1144 |  JC69 |        40 |    150 |               5 |         10 |      Fixed 
  1145 |  JC69 |        20 |    225 |              32 |         32 |      Fixed 
  1146 |  JC69 |        26 |     42 |               0 |          1 |      Fixed 
  1147 |  JC69 |         8 |     81 |               5 |          7 |      Fixed 
  1148 |  JC69 |        22 |    293 |             145 |         13 |      Fixed 
  1149 |  JC69 |         4 |     85 |              15 |          6 |      Fixed 
  1150 |  JC69 |        38 |    543 |             404 |         19 |      Fixed 
  1151 |  JC69 |        12 |    185 |              13 |          7 |      Fixed 
  1152 |  JC69 |         8 |     59 |               3 |          3 |      Fixed 
  1153 |  JC69 |         4 |     83 |              27 |          2 |      Fixed 
  1154 |  JC69 |         4 |    278 |              12 |          6 |      Fixed 
  1155 |  JC69 |         8 |    244 |              13 |         10 |      Fixed 
  1156 |  JC69 |        14 |     65 |               7 |          5 |      Fixed 
  1157 |  JC69 |        32 |     63 |               7 |          7 |      Fixed 
  1158 |  JC69 |        10 |    146 |               9 |          3 |      Fixed 
  1159 |  JC69 |        30 |     95 |               1 |          2 |      Fixed 
  1160 |  JC69 |        16 |    129 |               4 |          7 |      Fixed 
  1161 |  JC69 |        20 |    269 |              19 |         12 |      Fixed 
  1162 |  JC69 |        34 |     65 |               1 |          2 |      Fixed 
  1163 |  JC69 |        30 |    111 |              11 |          4 |      Fixed 
  1164 |  JC69 |         4 |    144 |               0 |          2 |      Fixed 
  1165 |  JC69 |        28 |    386 |              85 |         28 |      Fixed 
  1166 |  JC69 |         4 |     52 |               2 |          2 |      Fixed 
  1167 |  JC69 |        12 |    282 |              24 |         12 |      Fixed 
  1168 |  JC69 |        40 |     57 |               1 |          2 |      Fixed 
  1169 |  JC69 |         4 |    281 |              17 |          6 |      Fixed 
  1170 |  JC69 |         6 |     74 |               0 |          1 |      Fixed 
  1171 |  JC69 |         8 |     88 |               0 |          1 |      Fixed 
  1172 |  JC69 |        14 |    200 |              16 |          7 |      Fixed 
  1173 |  JC69 |        18 |    324 |              45 |          9 |      Fixed 
  1174 |  JC69 |        40 |     88 |               3 |          6 |      Fixed 
  1175 |  JC69 |         4 |     60 |               0 |          1 |      Fixed 
  1176 |  JC69 |        40 |    402 |             177 |         31 |      Fixed 
  1177 |  JC69 |         4 |    233 |              45 |          4 |      Fixed 
  1178 |  JC69 |        36 |    138 |              66 |          9 |      Fixed 
  1179 |  JC69 |         6 |    361 |              85 |          6 |      Fixed 
  1180 |  JC69 |         8 |     65 |              12 |          5 |      Fixed 
  1181 |  JC69 |        12 |     74 |               4 |          3 |      Fixed 
  1182 |  JC69 |         6 |     64 |               0 |          1 |      Fixed 
  1183 |  JC69 |        32 |    229 |              80 |          6 |      Fixed 
  1184 |  JC69 |         4 |    285 |               8 |          5 |      Fixed 
  1185 |  JC69 |         4 |    155 |               1 |          3 |      Fixed 
  1186 |  JC69 |        34 |    292 |              69 |         35 |      Fixed 
  1187 |  JC69 |         4 |    274 |               4 |          4 |      Fixed 
  1188 |  JC69 |         8 |     46 |               0 |          1 |      Fixed 
  1189 |  JC69 |        10 |     58 |               0 |          1 |      Fixed 
  1190 |  JC69 |         8 |    165 |               5 |          5 |      Fixed 
  1191 |  JC69 |        34 |    180 |              15 |          7 |      Fixed 
  1192 |  JC69 |        40 |     70 |               2 |          3 |      Fixed 
  1193 |  JC69 |        38 |    146 |               3 |          2 |      Fixed 
  1194 |  JC69 |        16 |    407 |             268 |         26 |      Fixed 
  1195 |  JC69 |        40 |     96 |               4 |          5 |      Fixed 
  1196 |  JC69 |         6 |     99 |               0 |          1 |      Fixed 
  1197 |  JC69 |        38 |     92 |               1 |          2 |      Fixed 
  1198 |  JC69 |        40 |    104 |               2 |          4 |      Fixed 
  1199 |  JC69 |        18 |    118 |               0 |          3 |      Fixed 
  1200 |  JC69 |        40 |    194 |               2 |          4 |      Fixed 
  1201 |  JC69 |         6 |    173 |               4 |          3 |      Fixed 
  1202 |  JC69 |        14 |    243 |              96 |         11 |      Fixed 
  1203 |  JC69 |        32 |    115 |               3 |          5 |      Fixed 
  1204 |  JC69 |        38 |    163 |               2 |          3 |      Fixed 
  1205 |  JC69 |         4 |    120 |               8 |          5 |      Fixed 
  1206 |  JC69 |        40 |    212 |              13 |         16 |      Fixed 
  1207 |  JC69 |        40 |    267 |               8 |         20 |      Fixed 
  1208 |  JC69 |         4 |    561 |             285 |          9 |      Fixed 
  1209 |  JC69 |         4 |    200 |               7 |          5 |      Fixed 
  1210 |  JC69 |        10 |     66 |               4 |          2 |      Fixed 
  1211 |  JC69 |        40 |     88 |               5 |          7 |      Fixed 
  1212 |  JC69 |        18 |    146 |               1 |          2 |      Fixed 
  1213 |  JC69 |         4 |     76 |               0 |          2 |      Fixed 
  1214 |  JC69 |         4 |    155 |               5 |          3 |      Fixed 
  1215 |  JC69 |         4 |     46 |               1 |          2 |      Fixed 
  1216 |  JC69 |        30 |     95 |               4 |          5 |      Fixed 
  1217 |  JC69 |         4 |    281 |              44 |          7 |      Fixed 
  1218 |  JC69 |         6 |     78 |               2 |          3 |      Fixed 
  1219 |  JC69 |         4 |    145 |               0 |          1 |      Fixed 
  1220 |  JC69 |        10 |    223 |              51 |         11 |      Fixed 
  1221 |  JC69 |        26 |     81 |              14 |          5 |      Fixed 
  1222 |  JC69 |         8 |    193 |              13 |          9 |      Fixed 
  1223 |  JC69 |         4 |     48 |               3 |          2 |      Fixed 
  1224 |  JC69 |        40 |    226 |               8 |         13 |      Fixed 
  1225 |  JC69 |        38 |     52 |              10 |          9 |      Fixed 
  1226 |  JC69 |        36 |    148 |               7 |         19 |      Fixed 
  1227 |  JC69 |        10 |    177 |              13 |          4 |      Fixed 
  1228 |  JC69 |        40 |    151 |              22 |         32 |      Fixed 
  1229 |  JC69 |         6 |    112 |               1 |          2 |      Fixed 
  1230 |  JC69 |        20 |    302 |              14 |         11 |      Fixed 
  1231 |  JC69 |        20 |    140 |               7 |          8 |      Fixed 
  1232 |  JC69 |        16 |     78 |               1 |          2 |      Fixed 
  1233 |  JC69 |        32 |    216 |              66 |         21 |      Fixed 
  1234 |  JC69 |        10 |    513 |              27 |         25 |      Fixed 
  1235 |  JC69 |         4 |    278 |               8 |          4 |      Fixed 
  1236 |  JC69 |        26 |    202 |              42 |         10 |      Fixed 
  1237 |  JC69 |        14 |    151 |               7 |          3 |      Fixed 
  1238 |  JC69 |         8 |    201 |               0 |          4 |      Fixed 
  1239 |  JC69 |        16 |     66 |               3 |          2 |      Fixed 
  1240 |  JC69 |        32 |     86 |               7 |          6 |      Fixed 
  1241 |  JC69 |         4 |     90 |               0 |          1 |      Fixed 
  1242 |  JC69 |         4 |     68 |               1 |          2 |      Fixed 
  1243 |  JC69 |         4 |    232 |               3 |          4 |      Fixed 
  1244 |  JC69 |        26 |    146 |              10 |          4 |      Fixed 
  1245 |  JC69 |         4 |     63 |               0 |          1 |      Fixed 
  1246 |  JC69 |        24 |    147 |              15 |         11 |      Fixed 
  1247 |  JC69 |         6 |    117 |               1 |          2 |      Fixed 
  1248 |  JC69 |        18 |    169 |               2 |          4 |      Fixed 
  1249 |  JC69 |         6 |     81 |               9 |          5 |      Fixed 
  1250 |  JC69 |        26 |    143 |               9 |         12 |      Fixed 
  1251 |  JC69 |         4 |    213 |              96 |          3 |      Fixed 
  1252 |  JC69 |         4 |    185 |              21 |          3 |      Fixed 
  1253 |  JC69 |        10 |    148 |               2 |          3 |      Fixed 
  1254 |  JC69 |         8 |     76 |               0 |          1 |      Fixed 
  1255 |  JC69 |         8 |    272 |              19 |         16 |      Fixed 
  1256 |  JC69 |         6 |     42 |               0 |          2 |      Fixed 
  1257 |  JC69 |        10 |    170 |               4 |          5 |      Fixed 
  1258 |  JC69 |         6 |     51 |               6 |          3 |      Fixed 
  1259 |  JC69 |        14 |     76 |               0 |          1 |      Fixed 
  1260 |  JC69 |        18 |    151 |              29 |          7 |      Fixed 
  1261 |  JC69 |         4 |     89 |               3 |          3 |      Fixed 
  1262 |  JC69 |         4 |    226 |              15 |          6 |      Fixed 
  1263 |  JC69 |        16 |    218 |               3 |          4 |      Fixed 
  1264 |  JC69 |        40 |    145 |              15 |         20 |      Fixed 
  1265 |  JC69 |        10 |    134 |               4 |          5 |      Fixed 
  1266 |  JC69 |        40 |    402 |             193 |         37 |      Fixed 
  1267 |  JC69 |        40 |     81 |               1 |          3 |      Fixed 
  1268 |  JC69 |        18 |    252 |              89 |         35 |      Fixed 
  1269 |  JC69 |         4 |    213 |               0 |          1 |      Fixed 
  1270 |  JC69 |        22 |    126 |               2 |          3 |      Fixed 
  1271 |  JC69 |        14 |    288 |              40 |         19 |      Fixed 
  1272 |  JC69 |        24 |    155 |               3 |          5 |      Fixed 
  1273 |  JC69 |        32 |    112 |               7 |          6 |      Fixed 
  1274 |  JC69 |        18 |    292 |              27 |         16 |      Fixed 
  1275 |  JC69 |         6 |    148 |               0 |          4 |      Fixed 
  1276 |  JC69 |        10 |    113 |               1 |          2 |      Fixed 
  1277 |  JC69 |         4 |    175 |               0 |          1 |      Fixed 
  1278 |  JC69 |        34 |    222 |               8 |          7 |      Fixed 
  1279 |  JC69 |        40 |    109 |               1 |          2 |      Fixed 
  1280 |  JC69 |         8 |    152 |               1 |          5 |      Fixed 
  1281 |  JC69 |         4 |    173 |               2 |          3 |      Fixed 
  1282 |  JC69 |        16 |    216 |              21 |         13 |      Fixed 
  1283 |  JC69 |        20 |    208 |              27 |         18 |      Fixed 
  1284 |  JC69 |        32 |    157 |               5 |          8 |      Fixed 


Per-locus sequences in data and 'species&tree' tag:
C.File | Data |                Status                | Population
-------+------+--------------------------------------+-----------
    18 |   18 | [OK]                                 | ajan      
    22 |   22 | [OK]                                 | alas      


Map of populations and ancestors (1 in map indicates ancestor):
  Species   1  2  3
1 ajan      1  0  1
2 alas      0  1  1
3 R         0  0  1

Generating gene trees.... Done

Initial MSC density and log-likelihood of observing data:
log-PG0 = 135856.856342   log-L0 = -481381.975238


bitmatrix for MSC-M
 0 ajan         0.00000   0  1  0
 1 alas         0.00000   1  0  0
 2 R            0.00500   0  0  0
[EXPERIMENTAL] - New extended IM rubberband algorithm
Theta proposal: Mixed: Sliding window (0.10) + Inv-G approx Gibbs (0.90))
Linked thetas: none
0:01 taken to read and process data..
Restarting timer...


-*- Terms index -*-

  Prgs: progress of MCMC run (negative progress means burnin)
  Gage: gene-tree age proposal
  Gspr: gene-tree SPR proposal
   th1: species tree theta proposal (tips)   (sliding window)
   th2: species tree theta proposal (inner)  (sliding window)
   thg: species tree theta proposal (inner)  (gibbs sampler)
   tau: species tree tau proposal
   mix: mixing proposal
   wr1: migration rates proposal (sliding window)
   wrg: migration rates proposal (gibbs sampler)
  mrte: migration rates proposal
theta1: mean theta of node 1
theta2: mean theta of node 2
theta3: mean theta of node 3
  tau1: root node mean tau
    W1: mean migration rate ajan -> alas
    W2: mean migration rate alas -> ajan
log-PG: log-probability of gene trees (MSC)
 log-L: mean log-L of observing data

     |            Acceptance proportions            |
Prgs | Gage Gspr  th1  th2  thg  tau  mix wr1  wrg  | theta1 theta2 theta3    tau1      W1     W2         log-PG          log-L
-------------------------------------------------------------------------------------------------------------------------------


                      Gage    Gspr     th1     th2     tau     mix     wr1  
Current Pjump:      0.69866 0.64884 0.04222 0.00866 0.00520 0.01600 0.07685
Current finetune:   5.00000 0.00100 0.00050 0.00200 0.00100 0.30000 0.10000
New finetune:      19.15959 0.00319 0.00007 0.00005 0.00002 0.01480 0.02381

=> 'finetune = 1 Gage:19.159585 Gspr:0.003190 th1:0.000065 th2:0.000053 tau:0.000016 mix:0.014801 wr1:0.023806'

  -0%  0.70 0.65 0.71 0.48 1.00 0.37 0.65 0.58 1.00   0.0071 0.0067 0.0033  0.0007  692.8141 278.8073   152950.85316  -416800.52780

                      Gage    Gspr     th1     th2     tau     mix     wr1  
Current Pjump:      0.70400 0.64873 0.71308 0.48163 0.37400 0.65400 0.57751
Current finetune:  19.15959 0.00319 0.00007 0.00005 0.00002 0.01480 0.02381
New finetune:      74.95967 0.01017 0.00026 0.00010 0.00002 0.04808 0.05975

=> 'finetune = 1 Gage:74.959670 Gspr:0.010170 th1:0.000264 th2:0.000099 tau:0.000021 mix:0.048078 wr1:0.059751'



                      Gage    Gspr     th1     th2     tau     mix     wr1  
Current Pjump:      0.70637 0.64851 0.27302 0.22881 0.26760 0.19880 0.32438
Current finetune:  74.95967 0.01017 0.00026 0.00010 0.00002 0.04808 0.05975
New finetune:      99.00000 0.03240 0.00024 0.00007 0.00002 0.03046 0.06552

=> 'finetune = 1 Gage:99.000000 Gspr:0.032400 th1:0.000237 th2:0.000073 tau:0.000018 mix:0.030462 wr1:0.065524'

   0%  0.71 0.65 0.26 0.31 1.00 0.32 0.38 0.29 1.00   0.0078 0.0071 0.0035  0.0006  683.9373 136.0091   154036.88113  -416780.28199  6:11:42


                      Gage    Gspr     th1     th2     tau     mix     wr1  
Current Pjump:      0.70625 0.64829 0.25709 0.30962 0.32080 0.37680 0.29072
Current finetune:  99.00000 0.03240 0.00024 0.00007 0.00002 0.03046 0.06552
New finetune:      99.00000 0.10314 0.00020 0.00008 0.00002 0.04019 0.06318

=> 'finetune = 1 Gage:99.000000 Gspr:0.103144 th1:0.000199 th2:0.000076 tau:0.000020 mix:0.040193 wr1:0.063180'

   1%  0.71 0.65 0.33 0.33 1.00 0.30 0.27 0.26 1.00   0.0075 0.0071 0.0034  0.0006  646.6397 173.3552   146325.84367  -416770.30420   1%  0.71 0.65 0.35 0.33 1.00 0.29 0.26 0.27 1.00   0.0077 0.0072 0.0034  0.0006  640.0199 156.4815   155139.75453  -416765.58051   2%  0.71 0.65 0.34 0.33 1.00 0.29 0.26 0.29 1.00   0.0077 0.0071 0.0034  0.0006  662.1221 140.9415   151970.35077  -416763.45378   2%  0.71 0.65 0.34 0.33 1.00 0.29 0.26 0.28 1.00   0.0076 0.0072 0.0034  0.0006  640.6218 166.9593   150894.31273  -416763.71167   3%  0.71 0.65 0.34 0.34 1.00 0.29 0.26 0.28 1.00   0.0076 0.0072 0.0034  0.0006  634.4112 178.7686   154658.18819  -416760.81097   3%  0.71 0.65 0.34 0.34 1.00 0.29 0.26 0.28 1.00   0.0076 0.0072 0.0034  0.0006  634.5352 175.5244   153541.96776  -416758.32415   4%  0.71 0.65 0.33 0.34 1.00 0.29 0.26 0.28 1.00   0.0075 0.0072 0.0034  0.0006  631.4144 193.2909   156647.93083  -416754.81734   4%  0.71 0.65 0.33 0.33 1.00 0.29 0.26 0.27 1.00   0.0075 0.0072 0.0034  0.0006  627.8298 201.4442   156364.88715  -416752.77052   5%  0.71 0.65 0.33 0.33 1.00 0.29 0.27 0.28 1.00   0.0075 0.0072 0.0034  0.0006  633.9003 195.2519   151063.11326  -416750.81126   5%  0.71 0.65 0.33 0.33 1.00 0.29 0.26 0.28 1.00   0.0076 0.0071 0.0034  0.0006  646.1557 185.8773   148409.77832  -416749.51655  20:52:17
   6%  0.71 0.65 0.33 0.33 1.00 0.29 0.26 0.28 1.00   0.0075 0.0071 0.0034  0.0006  642.4898 193.4112   160553.54644  -416748.28313   6%  0.71 0.65 0.33 0.32 1.00 0.29 0.26 0.28 1.00   0.0075 0.0072 0.0034  0.0006  632.2801 197.0225   158794.70258  -416747.64726   7%  0.71 0.65 0.33 0.33 1.00 0.29 0.26 0.27 1.00   0.0075 0.0071 0.0034  0.0006  636.9771 195.5544   155636.44124  -416746.58369   7%  0.71 0.65 0.33 0.33 1.00 0.29 0.26 0.28 1.00   0.0075 0.0071 0.0034  0.0006  639.3430 193.1969   155938.63706  -416745.71892   8%  0.71 0.65 0.33 0.33 1.00 0.29 0.26 0.27 1.00   0.0075 0.0072 0.0034  0.0006  629.2723 200.2178   145648.34044  -416745.45032   8%  0.71 0.65 0.33 0.33 1.00 0.29 0.26 0.27 1.00   0.0075 0.0072 0.0034  0.0006  616.7198 206.9248   148344.81410  -416744.29080   9%  0.71 0.65 0.33 0.33 1.00 0.29 0.26 0.27 1.00   0.0075 0.0072 0.0034  0.0006  614.7324 210.8554   153088.08734  -416743.31739   9%  0.71 0.65 0.33 0.33 1.00 0.29 0.26 0.27 1.00   0.0075 0.0072 0.0034  0.0006  617.4768 208.1317   152161.36150  -416742.34248  10%  0.71 0.65 0.33 0.33 1.00 0.29 0.26 0.27 1.00   0.0075 0.0072 0.0034  0.0006  618.1131 208.4267   150547.55861  -416741.18280  10%  0.71 0.65 0.33 0.33 1.00 0.29 0.26 0.27 1.00   0.0075 0.0072 0.0034  0.0006  621.3878 205.7071   149507.95534  -416740.12869  26:55:49
  11%  0.71 0.65 0.33 0.33 1.00 0.29 0.26 0.27 1.00   0.0075 0.0072 0.0034  0.0006  621.4707 204.4732   158606.44002  -416739.30732  11%  0.71 0.65 0.33 0.33 1.00 0.29 0.26 0.27 1.00   0.0075 0.0072 0.0034  0.0006  618.6098 210.2684   155690.98771  -416738.26696  12%  0.71 0.65 0.33 0.33 1.00 0.29 0.26 0.27 1.00   0.0075 0.0072 0.0034  0.0006  616.1717 214.3690   156021.92488  -416737.49996  12%  0.71 0.65 0.33 0.33 1.00 0.29 0.26 0.27 1.00   0.0075 0.0072 0.0034  0.0006  608.5401 221.1083   153623.77129  -416737.05338  13%  0.71 0.65 0.33 0.33 1.00 0.29 0.26 0.26 1.00   0.0075 0.0072 0.0034  0.0006  605.0031 224.2585   153434.41829  -416736.54626  13%  0.71 0.65 0.33 0.32 1.00 0.29 0.26 0.26 1.00   0.0075 0.0072 0.0034  0.0006  604.3434 224.3813   148202.29571  -416735.86598  14%  0.71 0.65 0.33 0.32 1.00 0.29 0.26 0.26 1.00   0.0075 0.0072 0.0034  0.0006  606.3865 223.1854   151879.87261  -416735.31892  14%  0.71 0.65 0.33 0.33 1.00 0.29 0.26 0.26 1.00   0.0075 0.0072 0.0034  0.0006  605.5663 223.0755   150549.24758  -416734.82388  15%  0.71 0.65 0.33 0.32 1.00 0.29 0.26 0.26 1.00   0.0075 0.0072 0.0034  0.0006  603.0877 223.6323   150630.28766  -416734.15877  15%  0.71 0.65 0.33 0.32 1.00 0.29 0.26 0.26 1.00   0.0075 0.0072 0.0034  0.0006  602.9368 222.7465   155390.58501  -416733.88302  32:58:09
  16%  0.71 0.65 0.33 0.32 1.00 0.29 0.26 0.27 1.00   0.0075 0.0073 0.0034  0.0006  597.8907 224.6477   152012.39860  -416733.64570  16%  0.71 0.65 0.33 0.32 1.00 0.29 0.26 0.26 1.00   0.0075 0.0073 0.0034  0.0006  596.1221 226.5905   158445.39812  -416733.48193  17%  0.71 0.65 0.33 0.32 1.00 0.29 0.26 0.26 1.00   0.0074 0.0073 0.0034  0.0006  596.0013 226.6386   151780.85340  -416733.24179  17%  0.71 0.65 0.33 0.32 1.00 0.29 0.26 0.27 1.00   0.0075 0.0073 0.0034  0.0006  596.4029 224.3647   154027.80602  -416733.05013  18%  0.71 0.65 0.33 0.32 1.00 0.29 0.26 0.27 1.00   0.0075 0.0073 0.0034  0.0006  597.3829 224.4929   152559.26156  -416732.60959  18%  0.71 0.65 0.33 0.32 1.00 0.29 0.26 0.26 1.00   0.0074 0.0073 0.0034  0.0006  594.6986 227.1281   153579.39425  -416732.25004  19%  0.71 0.65 0.33 0.32 1.00 0.29 0.26 0.26 1.00   0.0074 0.0073 0.0034  0.0006  591.0564 229.5024   164215.15926  -416732.01428  19%  0.71 0.65 0.33 0.32 1.00 0.29 0.26 0.26 1.00   0.0074 0.0073 0.0034  0.0006  592.5144 230.0661   158194.37217  -416731.70651  20%  0.71 0.65 0.33 0.32 1.00 0.29 0.26 0.26 1.00   0.0074 0.0073 0.0034  0.0006  590.8224 230.5951   151856.25581  -416731.49210  20%  0.71 0.65 0.33 0.32 1.00 0.29 0.26 0.26 1.00   0.0074 0.0073 0.0034  0.0006  590.1252 230.9844   148802.20574  -416731.22098  38:47:47
  21%  0.71 0.65 0.33 0.32 1.00 0.29 0.26 0.26 1.00   0.0074 0.0073 0.0034  0.0006  589.0206 231.7090   155815.99575  -416731.16554  21%  0.71 0.65 0.33 0.33 1.00 0.29 0.26 0.26 1.00   0.0074 0.0073 0.0034  0.0006  584.9555 235.0375   157179.43298  -416731.22464  22%  0.71 0.65 0.33 0.33 1.00 0.29 0.26 0.26 1.00   0.0074 0.0073 0.0034  0.0006  583.6766 235.8076   160816.36376  -416731.20850  22%  0.71 0.65 0.33 0.32 1.00 0.29 0.26 0.26 1.00   0.0074 0.0073 0.0034  0.0006  583.8291 234.9098   155874.75533  -416731.19846  23%  0.71 0.65 0.33 0.32 1.00 0.29 0.26 0.26 1.00   0.0074 0.0073 0.0034  0.0006  585.3656 234.6410   151360.11669  -416731.08002  23%  0.71 0.65 0.33 0.32 1.00 0.29 0.26 0.26 1.00   0.0074 0.0073 0.0034  0.0006  585.5676 233.2940   159634.77191  -416730.94106  24%  0.71 0.65 0.33 0.32 1.00 0.29 0.26 0.26 1.00   0.0074 0.0073 0.0034  0.0006  587.5531 231.1011   150816.55926  -416730.71014  24%  0.71 0.65 0.33 0.32 1.00 0.29 0.26 0.27 1.00   0.0074 0.0073 0.0034  0.0006  591.4796 228.4867   153498.91560  -416730.44424  25%  0.71 0.65 0.33 0.32 1.00 0.29 0.26 0.27 1.00   0.0074 0.0073 0.0034  0.0006  589.9360 228.9671   148802.74551  -416730.30817  25%  0.71 0.65 0.33 0.32 1.00 0.29 0.26 0.27 1.00   0.0074 0.0073 0.0034  0.0006  590.2319 227.8980   151855.88161  -416730.13287  44:45:25
  26%  0.71 0.65 0.33 0.32 1.00 0.29 0.26 0.27 1.00   0.0074 0.0073 0.0034  0.0006  590.3013 227.8357   158953.05524  -416729.97886  26%  0.71 0.65 0.33 0.32 1.00 0.29 0.26 0.27 1.00   0.0074 0.0073 0.0034  0.0006  590.9476 228.5772   151191.72327  -416729.78765  27%  0.71 0.65 0.33 0.32 1.00 0.29 0.26 0.27 1.00   0.0074 0.0073 0.0034  0.0006  590.8820 227.4539   154208.19034  -416729.83130  27%  0.71 0.65 0.33 0.32 1.00 0.29 0.26 0.27 1.00   0.0074 0.0073 0.0034  0.0006  589.4911 228.9409   151765.81925  -416729.63633  28%  0.71 0.65 0.33 0.32 1.00 0.29 0.26 0.27 1.00   0.0074 0.0073 0.0034  0.0006  589.5992 228.9318   152460.65853  -416729.17403  28%  0.71 0.65 0.33 0.32 1.00 0.29 0.26 0.27 1.00   0.0074 0.0073 0.0034  0.0006  587.8610 230.5927   148311.49149  -416728.92592  29%  0.71 0.65 0.33 0.32 1.00 0.29 0.26 0.27 1.00   0.0074 0.0073 0.0034  0.0006  588.3961 230.1696   152688.01559  -416728.68793  29%  0.71 0.65 0.33 0.32 1.00 0.29 0.26 0.27 1.00   0.0074 0.0073 0.0034  0.0006  586.8553 230.5309   151198.14321  -416728.46962  30%  0.71 0.65 0.33 0.32 1.00 0.29 0.26 0.26 1.00   0.0074 0.0073 0.0034  0.0006  586.2560 230.9361   148933.28936  -416728.18841  30%  0.71 0.65 0.33 0.32 1.00 0.29 0.26 0.27 1.00   0.0074 0.0073 0.0034  0.0006  586.2366 229.8397   151177.66960  -416728.05838  50:38:34
  31%  0.71 0.65 0.33 0.32 1.00 0.29 0.26 0.27 1.00   0.0074 0.0073 0.0034  0.0006  587.7570 228.8898   157806.96993  -416727.79864  31%  0.71 0.65 0.33 0.32 1.00 0.29 0.26 0.27 1.00   0.0074 0.0073 0.0034  0.0006  587.7367 228.8932   153085.58134  -416727.58892  32%  0.71 0.65 0.33 0.32 1.00 0.29 0.26 0.27 1.00   0.0074 0.0073 0.0034  0.0006  586.4377 228.7697   153791.06985  -416727.42882  32%  0.71 0.65 0.33 0.32 1.00 0.29 0.26 0.27 1.00   0.0074 0.0073 0.0034  0.0006  588.5387 227.1232   154964.88707  -416727.18641  33%  0.71 0.65 0.33 0.32 1.00 0.29 0.26 0.27 1.00   0.0074 0.0073 0.0034  0.0006  589.1734 227.4703   153319.76869  -416726.98617  33%  0.71 0.65 0.33 0.32 1.00 0.29 0.26 0.27 1.00   0.0074 0.0073 0.0034  0.0006  588.2138 228.1377   156846.96112  -416726.81020  34%  0.71 0.65 0.33 0.32 1.00 0.29 0.26 0.27 1.00   0.0074 0.0073 0.0034  0.0006  588.4300 227.6253   156283.32047  -416726.63056  34%  0.71 0.65 0.33 0.32 1.00 0.29 0.26 0.27 1.00   0.0074 0.0073 0.0034  0.0006  590.3735 226.4623   150353.82032  -416726.41640  35%  0.71 0.65 0.33 0.32 1.00 0.29 0.26 0.27 1.00   0.0074 0.0073 0.0034  0.0006  590.4290 226.8181   159353.59735  -416726.31166  35%  0.71 0.65 0.33 0.32 1.00 0.29 0.26 0.27 1.00   0.0074 0.0073 0.0034  0.0006  591.0125 227.1183   149817.79885  -416726.15804  56:29:56
  36%  0.71 0.65 0.33 0.32 1.00 0.29 0.26 0.27 1.00   0.0074 0.0073 0.0034  0.0006  591.0404 226.8772   151664.48670  -416726.09851  36%  0.71 0.65 0.33 0.32 1.00 0.29 0.26 0.27 1.00   0.0074 0.0073 0.0034  0.0006  590.4516 227.6536   151342.63190  -416725.98552  37%  0.71 0.65 0.33 0.32 1.00 0.29 0.26 0.27 1.00   0.0074 0.0073 0.0034  0.0006  591.1540 226.5622   152401.74935  -416725.86417  37%  0.71 0.65 0.33 0.32 1.00 0.29 0.26 0.27 1.00   0.0074 0.0073 0.0034  0.0006  594.1065 225.2847   151981.00498  -416725.66980  38%  0.71 0.65 0.33 0.32 1.00 0.29 0.26 0.27 1.00   0.0074 0.0073 0.0034  0.0006  593.2628 225.6430   157019.71537  -416725.60846  38%  0.71 0.65 0.33 0.32 1.00 0.29 0.26 0.27 1.00   0.0074 0.0073 0.0034  0.0006  593.5948 225.5518   159064.51036  -416725.42469  39%  0.71 0.65 0.33 0.32 1.00 0.29 0.26 0.27 1.00   0.0074 0.0073 0.0034  0.0006  592.9085 225.9847   153057.33368  -416725.37117  39%  0.71 0.65 0.33 0.32 1.00 0.29 0.26 0.27 1.00   0.0074 0.0073 0.0034  0.0006  592.2162 226.6099   156838.23255  -416725.38098  40%  0.71 0.65 0.33 0.32 1.00 0.29 0.26 0.26 1.00   0.0074 0.0073 0.0034  0.0006  590.1451 228.5812   154843.66692  -416725.23505  40%  0.71 0.65 0.33 0.32 1.00 0.29 0.26 0.26 1.00   0.0074 0.0073 0.0034  0.0006  590.4132 228.8362   149432.91707  -416725.04872  62:21:17
  41%  0.71 0.65 0.33 0.32 1.00 0.29 0.26 0.26 1.00   0.0074 0.0073 0.0034  0.0006  590.2753 229.0217   157771.04905  -416724.88172  41%  0.71 0.65 0.33 0.32 1.00 0.29 0.26 0.26 1.00   0.0074 0.0073 0.0034  0.0006  590.0990 228.3209   153807.41617  -416724.81447  42%  0.71 0.65 0.33 0.32 1.00 0.29 0.26 0.26 1.00   0.0074 0.0073 0.0034  0.0006  588.6696 229.1683   155839.83292  -416724.69585  42%  0.71 0.65 0.33 0.32 1.00 0.29 0.26 0.26 1.00   0.0074 0.0073 0.0034  0.0006  589.3922 229.0796   154335.46291  -416724.47981  43%  0.71 0.65 0.33 0.32 1.00 0.29 0.26 0.26 1.00   0.0074 0.0073 0.0034  0.0006  589.5211 228.0323   153498.54908  -416724.38624  43%  0.71 0.65 0.33 0.32 1.00 0.29 0.26 0.27 1.00   0.0074 0.0073 0.0034  0.0006  588.7093 227.5990   150773.49346  -416724.38354  44%  0.71 0.65 0.33 0.32 1.00 0.29 0.26 0.27 1.00   0.0074 0.0073 0.0034  0.0006  588.4435 228.3412   151433.05642  -416724.22520  44%  0.71 0.65 0.33 0.32 1.00 0.29 0.26 0.26 1.00   0.0074 0.0073 0.0034  0.0006  589.4921 228.0388   155611.86326  -416724.04985  45%  0.71 0.65 0.33 0.32 1.00 0.29 0.26 0.26 1.00   0.0074 0.0073 0.0034  0.0006  588.9150 228.9603   148967.77997  -416723.85009  45%  0.71 0.65 0.33 0.32 1.00 0.29 0.26 0.26 1.00   0.0074 0.0073 0.0034  0.0006  589.2028 228.9233   154117.13438  -416723.73192  68:11:38
  46%  0.71 0.65 0.33 0.32 1.00 0.29 0.26 0.26 1.00   0.0074 0.0073 0.0034  0.0006  588.8526 229.1868   154158.47142  -416723.55085  46%  0.71 0.65 0.33 0.32 1.00 0.29 0.26 0.26 1.00   0.0074 0.0073 0.0034  0.0006  587.8582 230.1824   147053.16268  -416723.45148  47%  0.71 0.65 0.33 0.32 1.00 0.29 0.26 0.26 1.00   0.0074 0.0073 0.0034  0.0006  587.2038 230.8325   151922.43254  -416723.38857  47%  0.71 0.65 0.33 0.32 1.00 0.29 0.26 0.26 1.00   0.0074 0.0073 0.0034  0.0006  587.7232 230.4359   148411.06693  -416723.24967  48%  0.71 0.65 0.33 0.32 1.00 0.29 0.26 0.26 1.00   0.0074 0.0073 0.0034  0.0006  588.1614 230.0888   154627.80694  -416723.10829  48%  0.71 0.65 0.33 0.32 1.00 0.29 0.26 0.26 1.00   0.0074 0.0073 0.0034  0.0006  588.6111 230.0801   153803.52461  -416722.90734  49%  0.71 0.65 0.33 0.32 1.00 0.29 0.26 0.26 1.00   0.0074 0.0073 0.0034  0.0006  588.1471 229.9588   158048.47249  -416722.87253  49%  0.71 0.65 0.33 0.32 1.00 0.29 0.26 0.26 1.00   0.0074 0.0073 0.0034  0.0006  588.8291 229.7151   149384.77387  -416722.72712  50%  0.71 0.65 0.33 0.32 1.00 0.29 0.26 0.26 1.00   0.0074 0.0073 0.0034  0.0006  587.8178 230.2226   154180.40408  -416722.75461  50%  0.71 0.65 0.33 0.32 1.00 0.29 0.26 0.26 1.00   0.0074 0.0073 0.0034  0.0006  587.6552 230.3401   149770.07195  -416722.66444  74:04:53
  51%  0.71 0.65 0.33 0.32 1.00 0.29 0.26 0.26 1.00   0.0074 0.0073 0.0034  0.0006  588.7776 229.5775   160851.48439  -416722.58537  51%  0.71 0.65 0.33 0.32 1.00 0.29 0.26 0.26 1.00   0.0074 0.0073 0.0034  0.0006  589.7383 228.7081   151112.24530  -416722.55666  52%  0.71 0.65 0.33 0.32 1.00 0.29 0.26 0.26 1.00   0.0074 0.0073 0.0034  0.0006  589.9418 227.9740   152109.80828  -416722.48734  52%  0.71 0.65 0.33 0.32 1.00 0.29 0.26 0.26 1.00   0.0074 0.0073 0.0034  0.0006  590.2479 227.2757   147630.86489  -416722.37271  53%  0.71 0.65 0.33 0.32 1.00 0.29 0.26 0.27 1.00   0.0074 0.0073 0.0034  0.0006  591.0740 225.9851   147623.77319  -416722.29312  53%  0.71 0.65 0.33 0.32 1.00 0.29 0.26 0.27 1.00   0.0074 0.0073 0.0034  0.0006  591.1685 225.3444   155054.51010  -416722.24678  54%  0.71 0.65 0.33 0.32 1.00 0.29 0.26 0.27 1.00   0.0074 0.0073 0.0034  0.0006  592.0865 225.4265   155141.05556  -416722.13494  54%  0.71 0.65 0.33 0.32 1.00 0.29 0.26 0.27 1.00   0.0074 0.0073 0.0034  0.0006  592.9505 224.0316   144835.43759  -416722.12306  55%  0.71 0.65 0.33 0.32 1.00 0.29 0.26 0.27 1.00   0.0074 0.0073 0.0034  0.0006  593.4883 223.5871   150051.64316  -416722.05630  55%  0.71 0.65 0.33 0.32 1.00 0.29 0.26 0.27 1.00   0.0075 0.0073 0.0034  0.0006  593.2696 223.0968   151102.77071  -416722.00486  79:54:21
  56%  0.71 0.65 0.33 0.32 1.00 0.29 0.26 0.27 1.00   0.0074 0.0073 0.0034  0.0006  591.8684 224.2281   151752.89668  -416721.95483  56%  0.71 0.65 0.33 0.32 1.00 0.29 0.26 0.27 1.00   0.0074 0.0073 0.0034  0.0006  592.1046 223.9077   150932.88485  -416721.90868  57%  0.71 0.65 0.33 0.32 1.00 0.29 0.26 0.27 1.00   0.0075 0.0073 0.0034  0.0006  592.4845 223.3708   152228.23020  -416721.82711  57%  0.71 0.65 0.33 0.32 1.00 0.29 0.26 0.27 1.00   0.0075 0.0073 0.0034  0.0006  592.8878 223.0401   156359.76033  -416721.73309  58%  0.71 0.65 0.33 0.32 1.00 0.29 0.26 0.27 1.00   0.0075 0.0073 0.0034  0.0006  593.7820 222.4074   156033.86035  -416721.62633  58%  0.71 0.65 0.33 0.32 1.00 0.29 0.26 0.27 1.00   0.0075 0.0073 0.0034  0.0006  593.5218 222.6071   146734.39612  -416721.58094  59%  0.71 0.65 0.33 0.32 1.00 0.29 0.26 0.27 1.00   0.0075 0.0073 0.0034  0.0006  593.6620 221.9457   151007.53571  -416721.49958  59%  0.71 0.65 0.33 0.32 1.00 0.29 0.26 0.27 1.00   0.0075 0.0073 0.0034  0.0006  593.5764 221.7851   155892.27182  -416721.46411  60%  0.71 0.65 0.33 0.32 1.00 0.29 0.26 0.27 1.00   0.0075 0.0073 0.0034  0.0006  593.9765 221.5278   152740.83689  -416721.36528  60%  0.71 0.65 0.33 0.32 1.00 0.29 0.26 0.27 1.00   0.0075 0.0073 0.0034  0.0006  593.8125 220.9073   151668.97471  -416721.31344  85:44:16
  61%  0.71 0.65 0.34 0.32 1.00 0.29 0.26 0.27 1.00   0.0075 0.0073 0.0034  0.0006  594.3693 220.2905   149346.82741  -416721.24799  61%  0.71 0.65 0.33 0.32 1.00 0.29 0.26 0.27 1.00   0.0075 0.0073 0.0034  0.0006  594.6336 219.8636   157465.63912  -416721.15571  62%  0.71 0.65 0.33 0.32 1.00 0.29 0.26 0.27 1.00   0.0075 0.0073 0.0034  0.0006  594.2777 219.7809   149337.68296  -416721.16977  62%  0.71 0.65 0.34 0.32 1.00 0.29 0.26 0.27 1.00   0.0075 0.0073 0.0034  0.0006  593.9644 220.0739   155597.58719  -416721.06844  63%  0.71 0.65 0.34 0.32 1.00 0.29 0.26 0.27 1.00   0.0075 0.0073 0.0034  0.0006  594.9738 219.6859   154545.42911  -416720.92855  63%  0.71 0.65 0.34 0.32 1.00 0.29 0.26 0.27 1.00   0.0075 0.0073 0.0034  0.0006  594.8937 219.1663   144895.78918  -416720.91656  64%  0.71 0.65 0.34 0.32 1.00 0.29 0.26 0.27 1.00   0.0075 0.0073 0.0034  0.0006  594.8004 219.0462   148275.14192  -416720.84221  64%  0.71 0.65 0.34 0.32 1.00 0.29 0.26 0.27 1.00   0.0075 0.0073 0.0034  0.0006  594.5555 218.5265   150405.72978  -416720.81758  65%  0.71 0.65 0.34 0.32 1.00 0.29 0.26 0.27 1.00   0.0075 0.0073 0.0034  0.0006  594.5656 218.4744   157172.88672  -416720.82189  65%  0.71 0.65 0.34 0.32 1.00 0.29 0.26 0.27 1.00   0.0075 0.0073 0.0034  0.0006  594.2984 218.2934   147395.63699  -416720.81910  91:33:25
  66%  0.71 0.65 0.34 0.32 1.00 0.29 0.26 0.27 1.00   0.0075 0.0073 0.0034  0.0006  594.5317 218.0664   149692.13336  -416720.77411  66%  0.71 0.65 0.34 0.32 1.00 0.29 0.26 0.27 1.00   0.0075 0.0073 0.0034  0.0006  593.8704 218.1115   152479.55194  -416720.77664  67%  0.71 0.65 0.34 0.32 1.00 0.29 0.26 0.27 1.00   0.0075 0.0073 0.0034  0.0006  593.6730 217.9523   157110.99853  -416720.78139  67%  0.71 0.65 0.34 0.32 1.00 0.29 0.26 0.27 1.00   0.0075 0.0073 0.0034  0.0006  593.9537 217.8045   159953.71451  -416720.77863  68%  0.71 0.65 0.34 0.32 1.00 0.29 0.26 0.27 1.00   0.0075 0.0073 0.0034  0.0006  593.9588 217.5630   159961.44151  -416720.74719  68%  0.71 0.65 0.34 0.32 1.00 0.29 0.26 0.27 1.00   0.0075 0.0073 0.0034  0.0006  594.2497 217.8232   151992.18412  -416720.65808  69%  0.71 0.65 0.34 0.32 1.00 0.29 0.26 0.27 1.00   0.0075 0.0073 0.0034  0.0006  593.4148 218.4581   152422.50734  -416720.59354  69%  0.71 0.65 0.34 0.32 1.00 0.29 0.26 0.27 1.00   0.0075 0.0073 0.0034  0.0006  592.4073 219.3683   156718.97995  -416720.57216  70%  0.71 0.65 0.34 0.32 1.00 0.29 0.26 0.27 1.00   0.0075 0.0073 0.0034  0.0006  592.2722 219.4069   152038.94109  -416720.54373  70%  0.71 0.65 0.34 0.32 1.00 0.29 0.26 0.27 1.00   0.0075 0.0073 0.0034  0.0006  593.0135 219.2388   149177.49032  -416720.42205  97:25:53
  71%  0.71 0.65 0.34 0.32 1.00 0.29 0.26 0.27 1.00   0.0075 0.0073 0.0034  0.0006  593.9348 218.4274   146101.97854  -416720.36500  71%  0.71 0.65 0.34 0.32 1.00 0.29 0.26 0.27 1.00   0.0075 0.0073 0.0034  0.0006  594.0906 217.9770   152177.04077  -416720.35330  72%  0.71 0.65 0.34 0.32 1.00 0.29 0.26 0.27 1.00   0.0075 0.0073 0.0034  0.0006  594.3590 218.0000   152923.29634  -416720.34146  72%  0.71 0.65 0.34 0.32 1.00 0.29 0.26 0.27 1.00   0.0075 0.0073 0.0034  0.0006  593.9115 218.1846   157490.49154  -416720.32389  73%  0.71 0.65 0.34 0.32 1.00 0.29 0.26 0.27 1.00   0.0075 0.0073 0.0034  0.0006  593.6908 218.7103   154421.03394  -416720.28931  73%  0.71 0.65 0.34 0.32 1.00 0.29 0.26 0.27 1.00   0.0075 0.0073 0.0034  0.0006  593.0652 219.1849   152752.77062  -416720.27259  74%  0.71 0.65 0.34 0.32 1.00 0.29 0.26 0.27 1.00   0.0075 0.0073 0.0034  0.0006  592.4003 219.5513   151180.74429  -416720.26776  74%  0.71 0.65 0.34 0.32 1.00 0.29 0.26 0.27 1.00   0.0075 0.0073 0.0034  0.0006  592.0918 219.9796   154151.63574  -416720.27572  75%  0.71 0.65 0.34 0.32 1.00 0.29 0.26 0.27 1.00   0.0075 0.0073 0.0034  0.0006  592.5123 219.7859   147745.78032  -416720.28049  75%  0.71 0.65 0.34 0.32 1.00 0.29 0.26 0.27 1.00   0.0075 0.0073 0.0034  0.0006  592.6309 219.7625   156790.67869  -416720.28786  103:18:27
  76%  0.71 0.65 0.34 0.32 1.00 0.29 0.26 0.27 1.00   0.0075 0.0073 0.0034  0.0006  593.2988 219.1771   152699.09765  -416720.22316  76%  0.71 0.65 0.34 0.32 1.00 0.29 0.26 0.27 1.00   0.0075 0.0073 0.0034  0.0006  593.8307 218.9289   154808.23878  -416720.20034  77%  0.71 0.65 0.34 0.32 1.00 0.29 0.26 0.27 1.00   0.0075 0.0073 0.0034  0.0006  594.8384 218.1145   145169.57767  -416720.17604  77%  0.71 0.65 0.34 0.32 1.00 0.29 0.26 0.27 1.00   0.0075 0.0073 0.0034  0.0006  595.5347 217.3823   149965.43964  -416720.17265  78%  0.71 0.65 0.34 0.32 1.00 0.29 0.26 0.27 1.00   0.0075 0.0073 0.0034  0.0006  595.9836 216.7554   155641.54938  -416720.17252  78%  0.71 0.65 0.34 0.32 1.00 0.29 0.26 0.27 1.00   0.0075 0.0073 0.0034  0.0006  596.4647 216.5269   147631.96068  -416720.19465  79%  0.71 0.65 0.34 0.32 1.00 0.29 0.26 0.27 1.00   0.0075 0.0073 0.0034  0.0006  596.3812 216.6369   148919.27133  -416720.19296  79%  0.71 0.65 0.34 0.32 1.00 0.29 0.26 0.27 1.00   0.0075 0.0073 0.0034  0.0006  596.2216 216.5222   151028.01351  -416720.22120  80%  0.71 0.65 0.34 0.32 1.00 0.29 0.26 0.27 1.00   0.0075 0.0073 0.0034  0.0006  596.5316 216.1217   153245.75146  -416720.23131  80%  0.71 0.65 0.34 0.32 1.00 0.29 0.26 0.27 1.00   0.0075 0.0073 0.0034  0.0006  596.5293 216.0615   150661.72094  -416720.19792  109:09:29
  81%  0.71 0.65 0.34 0.32 1.00 0.29 0.26 0.27 1.00   0.0075 0.0073 0.0034  0.0006  596.4520 216.0938   153519.47308  -416720.20028  81%  0.71 0.65 0.34 0.32 1.00 0.29 0.26 0.27 1.00   0.0075 0.0073 0.0034  0.0006  596.3192 216.6696   158740.64079  -416720.13644  82%  0.71 0.65 0.34 0.32 1.00 0.29 0.26 0.27 1.00   0.0075 0.0073 0.0034  0.0006  596.2456 216.6805   155785.87314  -416720.15244  82%  0.71 0.65 0.34 0.32 1.00 0.29 0.26 0.27 1.00   0.0075 0.0073 0.0034  0.0006  595.5612 217.1821   159618.33067  -416720.10915  83%  0.71 0.65 0.34 0.32 1.00 0.29 0.26 0.27 1.00   0.0075 0.0073 0.0034  0.0006  595.8964 217.1957   157763.76693  -416720.05381  83%  0.71 0.65 0.34 0.32 1.00 0.29 0.26 0.27 1.00   0.0075 0.0073 0.0034  0.0006  596.1342 217.2871   154217.78979  -416720.01559  84%  0.71 0.65 0.34 0.32 1.00 0.29 0.26 0.27 1.00   0.0075 0.0073 0.0034  0.0006  595.8136 217.7403   156309.60278  -416719.99363  84%  0.71 0.65 0.34 0.32 1.00 0.29 0.26 0.27 1.00   0.0075 0.0073 0.0034  0.0006  596.3082 217.4972   155738.90866  -416719.96335  85%  0.71 0.65 0.34 0.32 1.00 0.29 0.26 0.27 1.00   0.0075 0.0073 0.0034  0.0006  596.9156 216.7309   148224.29113  -416719.90013  85%  0.71 0.65 0.34 0.32 1.00 0.29 0.26 0.27 1.00   0.0075 0.0073 0.0034  0.0006  596.8811 216.7783   162419.96058  -416719.85764  115:03:59
  86%  0.71 0.65 0.34 0.32 1.00 0.29 0.26 0.27 1.00   0.0075 0.0073 0.0034  0.0006  595.9465 217.5126   151416.42222  -416719.82761  86%  0.71 0.65 0.34 0.32 1.00 0.29 0.26 0.27 1.00   0.0075 0.0073 0.0034  0.0006  595.3305 217.7861   149478.80165  -416719.78945  87%  0.71 0.65 0.34 0.32 1.00 0.29 0.26 0.27 1.00   0.0075 0.0073 0.0034  0.0006  595.1508 217.9926   149406.20415  -416719.77167  87%  0.71 0.65 0.34 0.32 1.00 0.29 0.26 0.27 1.00   0.0075 0.0073 0.0034  0.0006  595.2121 217.9211   156167.29269  -416719.77238  88%  0.71 0.65 0.34 0.32 1.00 0.29 0.26 0.27 1.00   0.0075 0.0073 0.0034  0.0006  595.5388 217.4774   151232.50051  -416719.72853  88%  0.71 0.65 0.34 0.32 1.00 0.29 0.26 0.27 1.00   0.0075 0.0073 0.0034  0.0006  595.2414 217.5895   153813.64883  -416719.67942  89%  0.71 0.65 0.34 0.32 1.00 0.29 0.26 0.27 1.00   0.0075 0.0073 0.0034  0.0006  595.5707 217.6062   154772.34908  -416719.68921  89%  0.71 0.65 0.34 0.32 1.00 0.29 0.26 0.27 1.00   0.0075 0.0073 0.0034  0.0006  596.0438 217.1239   148512.91742  -416719.68693  90%  0.71 0.65 0.34 0.32 1.00 0.29 0.26 0.27 1.00   0.0075 0.0073 0.0034  0.0006  596.0107 216.8171   152047.31293  -416719.72562  90%  0.71 0.65 0.34 0.32 1.00 0.29 0.26 0.27 1.00   0.0075 0.0073 0.0034  0.0006  596.6612 216.2395   155209.29538  -416719.73426  120:55:54
  91%  0.71 0.65 0.34 0.32 1.00 0.29 0.26 0.27 1.00   0.0075 0.0073 0.0034  0.0006  596.4938 216.2013   151705.64766  -416719.72198  91%  0.71 0.65 0.34 0.32 1.00 0.29 0.26 0.27 1.00   0.0075 0.0073 0.0034  0.0006  596.3180 216.0920   154336.71250  -416719.70168  92%  0.71 0.65 0.34 0.32 1.00 0.29 0.26 0.27 1.00   0.0075 0.0073 0.0034  0.0006  596.3981 216.2661   150476.46941  -416719.59441  92%  0.71 0.65 0.34 0.32 1.00 0.29 0.26 0.27 1.00   0.0075 0.0073 0.0034  0.0006  596.5139 216.0327   152949.79244  -416719.58094  93%  0.71 0.65 0.34 0.32 1.00 0.29 0.26 0.27 1.00   0.0075 0.0073 0.0034  0.0006  596.6307 215.8165   146365.19678  -416719.55075  93%  0.71 0.65 0.34 0.32 1.00 0.29 0.26 0.27 1.00   0.0075 0.0073 0.0034  0.0006  596.9942 215.5033   155933.40686  -416719.49945  94%  0.71 0.65 0.34 0.32 1.00 0.29 0.26 0.27 1.00   0.0075 0.0073 0.0034  0.0006  596.7929 215.8025   161600.07957  -416719.47043  94%  0.71 0.65 0.34 0.32 1.00 0.29 0.26 0.27 1.00   0.0075 0.0073 0.0034  0.0006  597.2903 215.8055   151888.35767  -416719.42281  95%  0.71 0.65 0.34 0.32 1.00 0.29 0.26 0.27 1.00   0.0075 0.0073 0.0034  0.0006  597.1910 215.7284   150188.95216  -416719.46956  95%  0.71 0.65 0.34 0.32 1.00 0.29 0.26 0.27 1.00   0.0075 0.0073 0.0034  0.0006  597.6785 215.2780   158388.54138  -416719.46616  126:49:03
  96%  0.71 0.65 0.34 0.32 1.00 0.29 0.26 0.27 1.00   0.0075 0.0073 0.0034  0.0006  597.6400 215.7378   162204.81339  -416719.43231  96%  0.71 0.65 0.34 0.32 1.00 0.29 0.26 0.27 1.00   0.0075 0.0073 0.0034  0.0006  597.4132 216.1709   153868.15937  -416719.37243  97%  0.71 0.65 0.34 0.32 1.00 0.29 0.26 0.27 1.00   0.0075 0.0073 0.0034  0.0006  596.9859 216.4154   154050.70472  -416719.36174  97%  0.71 0.65 0.34 0.32 1.00 0.29 0.26 0.27 1.00   0.0075 0.0073 0.0034  0.0006  596.8739 216.6991   155017.23519  -416719.33978  98%  0.71 0.65 0.34 0.32 1.00 0.29 0.26 0.27 1.00   0.0075 0.0073 0.0034  0.0006  596.7780 216.7366   149247.68313  -416719.31917  98%  0.71 0.65 0.34 0.32 1.00 0.29 0.26 0.27 1.00   0.0075 0.0073 0.0034  0.0006  596.7903 216.6004   154469.93301  -416719.32424  99%  0.71 0.65 0.34 0.32 1.00 0.29 0.26 0.27 1.00   0.0075 0.0073 0.0034  0.0006  596.5132 217.0789   153870.22891  -416719.27777  99%  0.71 0.65 0.34 0.32 1.00 0.29 0.26 0.27 1.00   0.0075 0.0073 0.0034  0.0006  596.5298 217.3267   158145.75998  -416719.25806 100%  0.71 0.65 0.34 0.32 1.00 0.29 0.26 0.27 1.00   0.0075 0.0073 0.0034  0.0006  596.9492 217.1699   152274.12053  -416719.23624 100%  0.71 0.65 0.34 0.32 1.00 0.29 0.26 0.27 1.00   0.0075 0.0073 0.0034  0.0006  596.8301 217.4648   156349.79085  -416719.20059  132:45:10

132:45:10 spent in MCMC

Node-Index  Node-Type  Node-Label
---------------------------------
1           Tip        ajan
2           Tip        alas
3           Root       R

 param      mean       median       S.D         min          max         2.5%       97.5%      2.5%HPD     97.5%HPD      ESS*        Eff*      rho1  
-----------------------------------------------------------------------------------------------------------------------------------------------------
theta:1    0.007465    0.007448    0.000510    0.005650     0.010019    0.006504    0.008494    0.006464    0.008450   714.067222  0.014281  0.650158
theta:2    0.007304    0.007279    0.000545    0.005292     0.009784    0.006305    0.008439    0.006265    0.008383   853.776501  0.017076  0.700334
theta:3    0.003438    0.003436    0.000113    0.002998     0.003928    0.003219    0.003662    0.003220    0.003662  4125.050362  0.082501  0.325112
tau:3      0.000621    0.000619    0.000035    0.000505     0.000771    0.000555    0.000692    0.000554    0.000690  1017.825820  0.020357  0.801724
W:1->2   596.962571  595.883453  117.274762  201.601581  1145.549068  371.864820  829.486807  368.200641  824.565038   390.166091  0.007803  0.928842
W:2->1   217.549995  209.337880   92.157534    6.318149   673.812052   60.862700  416.901480   49.027560  396.939801   242.489355  0.004850  0.964065
M:1->2     1.079411    1.080982    0.171536    0.409416     1.708070    0.737234    1.410561    0.747451    1.418518   431.847644  0.008637  0.862413
M:2->1     0.399026    0.389842    0.154895    0.013625     1.090902    0.120746    0.720083    0.103898    0.696054   227.046694  0.004541  0.952080

lnL      -416718.764854  -416718.148000   65.179067  -416999.599000  -416463.518000  -416847.710000  -416592.598000  -416844.549000  -416589.854000  1245.309076  0.024906  0.120861


FigTree tree is in fit/output/ch7.FigTree.tre

Summarizing parameter estimates using file fit/output/ch7.conditional_a1b1.txt ...

 param      mean        S.D         2.5%       97.5%      2.5%HPD     97.5%HPD     Effu      Effy       c    
-------------------------------------------------------------------------------------------------------------
theta:1    0.007464    0.000510    0.006503    0.008495    0.006458    0.008450  0.014463  0.014457  1.029568
theta:2    0.007303    0.000544    0.006309    0.008427    0.006244    0.008362  0.017195  0.017187  1.026929
theta:3    0.003437    0.000113    0.003219    0.003660    0.003211    0.003652  0.084045  0.083495  1.084977
W:1->2   597.023240  117.150041  372.563762  828.980321  364.128959  820.545518  0.007820  0.007819  1.008192
M:1->2     1.079419    0.171462    0.736478    1.409140    0.743113    1.413851  0.008664  0.008662  1.018683
W:2->1   217.512176   92.138425   61.243884  415.227673   43.661908  391.785038  0.004866  0.004866  1.004375
M:2->1     0.398937    0.154865    0.122255    0.721380    0.102533    0.694472  0.004551  0.004551  1.006273

