Detected CPU features: mmx sse sse2 sse3 ssse3 sse4.1 sse4.2 popcnt avx avx2
bpp v4.8.7_macos_x86_64, 128GB RAM, 36 cores
https://github.com/bpp/bpp

Auto-selected SIMD ISA: AVX2


Starting timer..
Seed: 1156397925 (randomly generated)
Parsing species tree... Done
Parsing phylip file... Done

Summary of alignments *before* phasing sequences:
 Locus | Model | Sequences | Length | Ambiguous sites | Compressed | Base freqs 
-------+-------+-----------+--------+-----------------+------------+------------
     1 |  JC69 |         6 |    165 |               9 |          2 |      Fixed 
     2 |  JC69 |        20 |    130 |              57 |          6 |      Fixed 
     3 |  JC69 |        15 |     84 |               2 |          3 |      Fixed 
     4 |  JC69 |         3 |    273 |              61 |         10 |      Fixed 
     5 |  JC69 |         2 |     81 |               0 |          1 |      Fixed 
     6 |  JC69 |        20 |     94 |               2 |          3 |      Fixed 
     7 |  JC69 |        12 |    483 |              14 |          9 |      Fixed 
     8 |  JC69 |        20 |    185 |               4 |          4 |      Fixed 
     9 |  JC69 |         6 |    282 |               4 |          4 |      Fixed 
    10 |  JC69 |         4 |    282 |              11 |          6 |      Fixed 
    11 |  JC69 |        15 |    104 |               1 |          2 |      Fixed 
    12 |  JC69 |        17 |    134 |              16 |          7 |      Fixed 
    13 |  JC69 |        19 |     70 |               3 |          4 |      Fixed 
    14 |  JC69 |        15 |    150 |               5 |          6 |      Fixed 
    15 |  JC69 |        20 |    226 |               5 |          6 |      Fixed 
    16 |  JC69 |        10 |    232 |              10 |          8 |      Fixed 
    17 |  JC69 |        20 |    673 |             322 |         16 |      Fixed 
    18 |  JC69 |        20 |    249 |              84 |          5 |      Fixed 
    19 |  JC69 |         9 |     82 |               3 |          4 |      Fixed 
    20 |  JC69 |         3 |    173 |              13 |          5 |      Fixed 
    21 |  JC69 |         4 |    281 |              10 |          7 |      Fixed 
    22 |  JC69 |         9 |    170 |               0 |          1 |      Fixed 
    23 |  JC69 |         2 |     88 |               0 |          1 |      Fixed 
    24 |  JC69 |        20 |    189 |              39 |          6 |      Fixed 
    25 |  JC69 |         7 |    138 |               5 |          5 |      Fixed 
    26 |  JC69 |        16 |     92 |               0 |          1 |      Fixed 
    27 |  JC69 |         9 |    116 |               7 |          3 |      Fixed 
    28 |  JC69 |        15 |     63 |               1 |          2 |      Fixed 
    29 |  JC69 |        14 |    661 |             661 |         37 |      Fixed 
    30 |  JC69 |        20 |    213 |               3 |          4 |      Fixed 
    31 |  JC69 |        10 |    284 |              26 |         15 |      Fixed 
    32 |  JC69 |        11 |    183 |               3 |          3 |      Fixed 
    33 |  JC69 |        19 |    488 |             219 |         12 |      Fixed 
    34 |  JC69 |        20 |    410 |             188 |         11 |      Fixed 
    35 |  JC69 |         3 |     47 |               2 |          2 |      Fixed 
    36 |  JC69 |         3 |    238 |              17 |          8 |      Fixed 
    37 |  JC69 |        18 |    188 |               3 |          5 |      Fixed 
    38 |  JC69 |         5 |    285 |              27 |          9 |      Fixed 
    39 |  JC69 |        14 |     71 |               2 |          3 |      Fixed 
    40 |  JC69 |         4 |    286 |              15 |          6 |      Fixed 
    41 |  JC69 |        19 |    439 |             133 |         17 |      Fixed 
    42 |  JC69 |        15 |    104 |               6 |          5 |      Fixed 
    43 |  JC69 |         5 |    262 |              21 |         11 |      Fixed 
    44 |  JC69 |        13 |    120 |              14 |          6 |      Fixed 
    45 |  JC69 |        17 |   1174 |             660 |         29 |      Fixed 
    46 |  JC69 |        20 |    188 |               2 |          3 |      Fixed 
    47 |  JC69 |        17 |     66 |               4 |          5 |      Fixed 
    48 |  JC69 |         4 |    279 |              38 |          8 |      Fixed 
    49 |  JC69 |         2 |    277 |              11 |          7 |      Fixed 
    50 |  JC69 |        18 |    399 |              67 |         22 |      Fixed 
    51 |  JC69 |        18 |     84 |              10 |          8 |      Fixed 
    52 |  JC69 |        20 |    214 |               2 |          3 |      Fixed 
    53 |  JC69 |        20 |    117 |               2 |          3 |      Fixed 
    54 |  JC69 |        19 |    148 |              11 |         10 |      Fixed 
    55 |  JC69 |        20 |    121 |               2 |          3 |      Fixed 
    56 |  JC69 |        20 |    178 |              11 |         12 |      Fixed 
    57 |  JC69 |        17 |    120 |              55 |          9 |      Fixed 
    58 |  JC69 |         5 |    278 |               7 |          5 |      Fixed 
    59 |  JC69 |         9 |    497 |             157 |         18 |      Fixed 
    60 |  JC69 |         9 |    282 |              30 |         11 |      Fixed 
    61 |  JC69 |        20 |    323 |               2 |          3 |      Fixed 
    62 |  JC69 |        10 |    496 |              19 |          8 |      Fixed 
    63 |  JC69 |         2 |    130 |              10 |          3 |      Fixed 
    64 |  JC69 |         7 |    434 |             158 |         10 |      Fixed 
    65 |  JC69 |        12 |    286 |              68 |         19 |      Fixed 
    66 |  JC69 |        17 |    237 |             109 |         13 |      Fixed 
    67 |  JC69 |         7 |     95 |               0 |          1 |      Fixed 
    68 |  JC69 |        13 |    265 |              59 |          8 |      Fixed 
    69 |  JC69 |        19 |    561 |             385 |         14 |      Fixed 
    70 |  JC69 |         4 |    247 |               2 |          3 |      Fixed 
    71 |  JC69 |        20 |    304 |              27 |         11 |      Fixed 
    72 |  JC69 |        19 |    251 |              85 |          9 |      Fixed 
    73 |  JC69 |        18 |    251 |              86 |         11 |      Fixed 
    74 |  JC69 |         4 |    272 |               9 |          4 |      Fixed 
    75 |  JC69 |        18 |    370 |              14 |         15 |      Fixed 
    76 |  JC69 |        16 |    108 |               3 |          4 |      Fixed 
    77 |  JC69 |        19 |    253 |               9 |          7 |      Fixed 
    78 |  JC69 |        19 |    291 |              31 |         22 |      Fixed 
    79 |  JC69 |        15 |     96 |               2 |          2 |      Fixed 
    80 |  JC69 |        16 |    369 |             296 |         12 |      Fixed 
    81 |  JC69 |        19 |    132 |               5 |          5 |      Fixed 
    82 |  JC69 |        19 |     79 |               1 |          2 |      Fixed 
    83 |  JC69 |         5 |     89 |               1 |          2 |      Fixed 
    84 |  JC69 |         2 |     80 |               0 |          1 |      Fixed 
    85 |  JC69 |        13 |    269 |              56 |         13 |      Fixed 
    86 |  JC69 |         7 |     48 |               5 |          2 |      Fixed 
    87 |  JC69 |        16 |    463 |             114 |         23 |      Fixed 
    88 |  JC69 |        18 |     51 |               3 |          3 |      Fixed 
    89 |  JC69 |        20 |    115 |               2 |          3 |      Fixed 
    90 |  JC69 |         7 |    210 |               2 |          5 |      Fixed 
    91 |  JC69 |         7 |     61 |               2 |          2 |      Fixed 
    92 |  JC69 |        19 |     73 |               2 |          3 |      Fixed 
    93 |  JC69 |        20 |    347 |              61 |         12 |      Fixed 
    94 |  JC69 |        12 |    479 |              90 |         20 |      Fixed 
    95 |  JC69 |         5 |    145 |               8 |          3 |      Fixed 
    96 |  JC69 |        20 |    148 |               9 |          8 |      Fixed 
    97 |  JC69 |        15 |    114 |               9 |          5 |      Fixed 
    98 |  JC69 |        20 |     64 |               6 |          7 |      Fixed 
    99 |  JC69 |        20 |     98 |               2 |          3 |      Fixed 
   100 |  JC69 |         6 |    283 |             128 |         15 |      Fixed 
   101 |  JC69 |         3 |    281 |             147 |          9 |      Fixed 
   102 |  JC69 |        20 |    163 |              43 |          6 |      Fixed 
   103 |  JC69 |        20 |    154 |               3 |          4 |      Fixed 
   104 |  JC69 |        19 |    123 |               4 |          5 |      Fixed 
   105 |  JC69 |        11 |    550 |              22 |         11 |      Fixed 
   106 |  JC69 |        20 |    104 |               1 |          2 |      Fixed 
   107 |  JC69 |         2 |    155 |               0 |          2 |      Fixed 
   108 |  JC69 |        13 |    165 |               0 |          1 |      Fixed 
   109 |  JC69 |        17 |    161 |              61 |          5 |      Fixed 
   110 |  JC69 |         4 |    226 |               6 |          6 |      Fixed 
   111 |  JC69 |        13 |     43 |               1 |          2 |      Fixed 
   112 |  JC69 |         8 |    280 |               8 |          8 |      Fixed 
   113 |  JC69 |        14 |    200 |              64 |          6 |      Fixed 
   114 |  JC69 |        19 |    921 |             686 |         28 |      Fixed 
   115 |  JC69 |        19 |    598 |             426 |         17 |      Fixed 
   116 |  JC69 |         2 |    286 |               7 |          3 |      Fixed 
   117 |  JC69 |        10 |    557 |             428 |         18 |      Fixed 
   118 |  JC69 |        14 |    532 |             268 |         26 |      Fixed 
   119 |  JC69 |        20 |    233 |               4 |          5 |      Fixed 
   120 |  JC69 |        20 |    219 |              93 |          9 |      Fixed 
   121 |  JC69 |         2 |     94 |               0 |          1 |      Fixed 
   122 |  JC69 |        13 |    153 |              17 |          9 |      Fixed 
   123 |  JC69 |         2 |     57 |               0 |          1 |      Fixed 
   124 |  JC69 |        11 |    284 |               2 |          3 |      Fixed 
   125 |  JC69 |         4 |    206 |               7 |          5 |      Fixed 
   126 |  JC69 |        14 |    288 |              25 |         17 |      Fixed 
   127 |  JC69 |         2 |    285 |              12 |          3 |      Fixed 
   128 |  JC69 |        20 |    228 |              20 |         18 |      Fixed 
   129 |  JC69 |         6 |    457 |             192 |         10 |      Fixed 
   130 |  JC69 |         7 |    282 |              26 |         12 |      Fixed 
   131 |  JC69 |         6 |    280 |              23 |         14 |      Fixed 
   132 |  JC69 |         2 |    277 |              18 |         10 |      Fixed 
   133 |  JC69 |        19 |    240 |              13 |         13 |      Fixed 
   134 |  JC69 |        15 |     42 |               3 |          4 |      Fixed 
   135 |  JC69 |        20 |     72 |               4 |          5 |      Fixed 
   136 |  JC69 |        20 |    566 |             243 |         27 |      Fixed 
   137 |  JC69 |         5 |    528 |             264 |          4 |      Fixed 
   138 |  JC69 |        18 |    144 |               4 |          4 |      Fixed 
   139 |  JC69 |        19 |     73 |               2 |          3 |      Fixed 
   140 |  JC69 |        20 |    148 |              13 |         10 |      Fixed 
   141 |  JC69 |         3 |    286 |               8 |          4 |      Fixed 
   142 |  JC69 |        11 |    402 |              20 |         13 |      Fixed 
   143 |  JC69 |        19 |    429 |              92 |          9 |      Fixed 
   144 |  JC69 |        16 |    584 |             288 |         16 |      Fixed 
   145 |  JC69 |        10 |    286 |              27 |         21 |      Fixed 
   146 |  JC69 |        20 |    292 |              89 |         11 |      Fixed 
   147 |  JC69 |         8 |    253 |              61 |          5 |      Fixed 
   148 |  JC69 |        15 |     61 |               2 |          3 |      Fixed 
   149 |  JC69 |         9 |    286 |             103 |         21 |      Fixed 
   150 |  JC69 |         3 |    279 |               6 |          5 |      Fixed 
   151 |  JC69 |         3 |    278 |               5 |          5 |      Fixed 
   152 |  JC69 |         2 |    272 |               1 |          2 |      Fixed 
   153 |  JC69 |        20 |    263 |              12 |          7 |      Fixed 
   154 |  JC69 |         5 |    331 |              91 |          9 |      Fixed 
   155 |  JC69 |        19 |    131 |               3 |          4 |      Fixed 
   156 |  JC69 |        20 |    263 |             102 |          6 |      Fixed 
   157 |  JC69 |         5 |    283 |              10 |          7 |      Fixed 
   158 |  JC69 |         6 |    282 |              93 |         12 |      Fixed 
   159 |  JC69 |        13 |    458 |              22 |         15 |      Fixed 
   160 |  JC69 |         9 |    432 |             162 |          9 |      Fixed 
   161 |  JC69 |        19 |    227 |              14 |         13 |      Fixed 
   162 |  JC69 |         4 |    100 |               1 |          2 |      Fixed 
   163 |  JC69 |        11 |    118 |              44 |         13 |      Fixed 
   164 |  JC69 |        20 |    167 |               6 |          7 |      Fixed 
   165 |  JC69 |        20 |    698 |             411 |         21 |      Fixed 
   166 |  JC69 |        13 |     53 |               1 |          2 |      Fixed 
   167 |  JC69 |        19 |     90 |               2 |          3 |      Fixed 
   168 |  JC69 |        19 |     90 |               3 |          4 |      Fixed 
   169 |  JC69 |        19 |    289 |              41 |         27 |      Fixed 
   170 |  JC69 |        18 |    188 |               3 |          4 |      Fixed 
   171 |  JC69 |        19 |    401 |               5 |          5 |      Fixed 
   172 |  JC69 |        20 |    501 |             172 |         17 |      Fixed 
   173 |  JC69 |        15 |     97 |               4 |          2 |      Fixed 
   174 |  JC69 |        20 |     73 |               1 |          2 |      Fixed 
   175 |  JC69 |        20 |    323 |             232 |         11 |      Fixed 
   176 |  JC69 |         3 |     72 |               0 |          1 |      Fixed 
   177 |  JC69 |        15 |    287 |              28 |         13 |      Fixed 
   178 |  JC69 |        12 |    215 |               1 |          4 |      Fixed 
   179 |  JC69 |        20 |    289 |               4 |          5 |      Fixed 
   180 |  JC69 |        18 |    388 |             128 |         13 |      Fixed 
   181 |  JC69 |         3 |    363 |             120 |         13 |      Fixed 
   182 |  JC69 |        17 |     81 |               3 |          3 |      Fixed 
   183 |  JC69 |         4 |    259 |              20 |          6 |      Fixed 
   184 |  JC69 |        15 |    192 |              14 |          7 |      Fixed 
   185 |  JC69 |        20 |     85 |               4 |          5 |      Fixed 
   186 |  JC69 |        15 |    283 |              28 |         17 |      Fixed 
   187 |  JC69 |        19 |    617 |             617 |         20 |      Fixed 
   188 |  JC69 |         5 |     48 |               0 |          1 |      Fixed 
   189 |  JC69 |        18 |    254 |              41 |         23 |      Fixed 
   190 |  JC69 |        16 |    148 |              17 |          8 |      Fixed 
   191 |  JC69 |        15 |    127 |              56 |         10 |      Fixed 
   192 |  JC69 |        16 |    245 |              22 |         18 |      Fixed 
   193 |  JC69 |        20 |     75 |               2 |          3 |      Fixed 
   194 |  JC69 |        20 |    205 |             101 |         11 |      Fixed 
   195 |  JC69 |        12 |    197 |               9 |         10 |      Fixed 
   196 |  JC69 |         6 |    281 |              72 |         11 |      Fixed 
   197 |  JC69 |        20 |    111 |              19 |          4 |      Fixed 
   198 |  JC69 |        15 |    152 |               5 |          5 |      Fixed 
   199 |  JC69 |         2 |    276 |              15 |          5 |      Fixed 
   200 |  JC69 |        20 |    278 |              11 |          9 |      Fixed 
   201 |  JC69 |         7 |    437 |             174 |         11 |      Fixed 
   202 |  JC69 |        20 |    131 |              51 |          8 |      Fixed 
   203 |  JC69 |        12 |    106 |              26 |          9 |      Fixed 
   204 |  JC69 |         4 |    279 |              90 |          8 |      Fixed 
   205 |  JC69 |         5 |    282 |              14 |          6 |      Fixed 
   206 |  JC69 |        16 |   1007 |             585 |         16 |      Fixed 
   207 |  JC69 |        19 |     75 |               1 |          2 |      Fixed 
   208 |  JC69 |         2 |    278 |              11 |          4 |      Fixed 
   209 |  JC69 |         6 |    113 |               0 |          1 |      Fixed 
   210 |  JC69 |        14 |    107 |               5 |          6 |      Fixed 
   211 |  JC69 |        19 |    118 |              15 |          5 |      Fixed 
   212 |  JC69 |        18 |    140 |              13 |          5 |      Fixed 
   213 |  JC69 |        19 |    164 |               1 |          3 |      Fixed 
   214 |  JC69 |        11 |   1084 |             852 |         27 |      Fixed 
   215 |  JC69 |         3 |    275 |               8 |          3 |      Fixed 
   216 |  JC69 |        20 |    204 |               6 |          7 |      Fixed 
   217 |  JC69 |        20 |    209 |               8 |          9 |      Fixed 
   218 |  JC69 |        18 |     87 |               2 |          3 |      Fixed 
   219 |  JC69 |        16 |    148 |              17 |         11 |      Fixed 
   220 |  JC69 |         2 |    257 |               6 |          4 |      Fixed 
   221 |  JC69 |        11 |    463 |             241 |         13 |      Fixed 
   222 |  JC69 |        20 |    108 |               2 |          3 |      Fixed 
   223 |  JC69 |        17 |    292 |              28 |         20 |      Fixed 
   224 |  JC69 |        11 |    154 |              75 |          7 |      Fixed 
   225 |  JC69 |         5 |    114 |               2 |          3 |      Fixed 
   226 |  JC69 |        14 |    384 |              28 |         25 |      Fixed 
   227 |  JC69 |        20 |    291 |              11 |         12 |      Fixed 
   228 |  JC69 |        20 |    229 |              21 |         15 |      Fixed 
   229 |  JC69 |        18 |     84 |               1 |          2 |      Fixed 
   230 |  JC69 |        20 |    210 |              81 |         12 |      Fixed 
   231 |  JC69 |         3 |    276 |              16 |         12 |      Fixed 
   232 |  JC69 |        17 |    266 |              58 |         15 |      Fixed 
   233 |  JC69 |         3 |    274 |              23 |          5 |      Fixed 
   234 |  JC69 |         6 |    171 |               0 |          1 |      Fixed 
   235 |  JC69 |        20 |     80 |               3 |          4 |      Fixed 
   236 |  JC69 |         7 |    329 |              14 |         10 |      Fixed 
   237 |  JC69 |         2 |    406 |             126 |          4 |      Fixed 
   238 |  JC69 |        18 |     49 |               4 |          4 |      Fixed 
   239 |  JC69 |        20 |    150 |              58 |         11 |      Fixed 
   240 |  JC69 |         3 |    144 |               0 |          1 |      Fixed 
   241 |  JC69 |         2 |    195 |               0 |          1 |      Fixed 
   242 |  JC69 |        18 |    215 |              86 |          9 |      Fixed 
   243 |  JC69 |        17 |    271 |              20 |         15 |      Fixed 
   244 |  JC69 |        20 |    195 |               7 |          7 |      Fixed 
   245 |  JC69 |         2 |    278 |               0 |          1 |      Fixed 
   246 |  JC69 |        18 |    727 |             619 |         21 |      Fixed 
   247 |  JC69 |        19 |    440 |             157 |         17 |      Fixed 
   248 |  JC69 |         5 |    231 |               5 |          5 |      Fixed 
   249 |  JC69 |         3 |     53 |               0 |          1 |      Fixed 
   250 |  JC69 |        20 |    106 |               8 |          7 |      Fixed 
   251 |  JC69 |        20 |    201 |              11 |          4 |      Fixed 
   252 |  JC69 |         7 |     44 |               3 |          2 |      Fixed 
   253 |  JC69 |        20 |    146 |               8 |          7 |      Fixed 
   254 |  JC69 |        20 |    154 |               4 |          4 |      Fixed 
   255 |  JC69 |         4 |     74 |              31 |          3 |      Fixed 
   256 |  JC69 |         4 |    277 |             102 |          7 |      Fixed 
   257 |  JC69 |        17 |    150 |               1 |          2 |      Fixed 
   258 |  JC69 |         2 |    285 |             126 |          5 |      Fixed 
   259 |  JC69 |        17 |    148 |               7 |          6 |      Fixed 
   260 |  JC69 |        14 |    109 |              11 |          4 |      Fixed 
   261 |  JC69 |        15 |    159 |               5 |          6 |      Fixed 
   262 |  JC69 |         6 |    284 |              21 |         12 |      Fixed 
   263 |  JC69 |        11 |    246 |              14 |         11 |      Fixed 
   264 |  JC69 |         6 |     45 |              11 |          5 |      Fixed 
   265 |  JC69 |        20 |    302 |             103 |         10 |      Fixed 
   266 |  JC69 |         9 |     97 |               1 |          2 |      Fixed 
   267 |  JC69 |        13 |    142 |               1 |          2 |      Fixed 
   268 |  JC69 |        20 |    178 |               4 |          5 |      Fixed 
   269 |  JC69 |         7 |    256 |              16 |         12 |      Fixed 
   270 |  JC69 |        20 |    146 |               2 |          3 |      Fixed 
   271 |  JC69 |         6 |    281 |              93 |         23 |      Fixed 
   272 |  JC69 |        17 |     47 |               3 |          4 |      Fixed 
   273 |  JC69 |        16 |    120 |               5 |          6 |      Fixed 
   274 |  JC69 |         5 |     75 |               1 |          2 |      Fixed 
   275 |  JC69 |        10 |    282 |              29 |         11 |      Fixed 
   276 |  JC69 |         3 |    162 |               4 |          2 |      Fixed 
   277 |  JC69 |        10 |    281 |              66 |         16 |      Fixed 
   278 |  JC69 |        19 |    108 |               6 |          7 |      Fixed 
   279 |  JC69 |        15 |     64 |               2 |          3 |      Fixed 
   280 |  JC69 |        13 |     48 |               2 |          3 |      Fixed 
   281 |  JC69 |        20 |     49 |               4 |          4 |      Fixed 
   282 |  JC69 |        15 |    227 |             105 |          6 |      Fixed 
   283 |  JC69 |        17 |    473 |             144 |         16 |      Fixed 
   284 |  JC69 |        12 |     58 |               3 |          4 |      Fixed 
   285 |  JC69 |        19 |    146 |               6 |          7 |      Fixed 
   286 |  JC69 |        13 |     95 |               0 |          1 |      Fixed 
   287 |  JC69 |        16 |    294 |              68 |         11 |      Fixed 
   288 |  JC69 |        20 |    209 |              68 |          8 |      Fixed 
   289 |  JC69 |         9 |    334 |               9 |          9 |      Fixed 
   290 |  JC69 |         4 |    138 |               1 |          2 |      Fixed 
   291 |  JC69 |        20 |    147 |               7 |          8 |      Fixed 
   292 |  JC69 |         7 |    209 |              22 |          7 |      Fixed 
   293 |  JC69 |         8 |    207 |              80 |          4 |      Fixed 
   294 |  JC69 |        17 |     67 |               7 |          8 |      Fixed 
   295 |  JC69 |        17 |    168 |               6 |          7 |      Fixed 
   296 |  JC69 |        19 |    640 |             491 |         30 |      Fixed 
   297 |  JC69 |         2 |    280 |              17 |          8 |      Fixed 
   298 |  JC69 |        19 |    754 |             631 |         28 |      Fixed 
   299 |  JC69 |         2 |    298 |              68 |          3 |      Fixed 
   300 |  JC69 |        20 |    190 |               7 |          7 |      Fixed 
   301 |  JC69 |        17 |    570 |             182 |         34 |      Fixed 
   302 |  JC69 |        14 |     61 |               0 |          1 |      Fixed 
   303 |  JC69 |        15 |     62 |              19 |          2 |      Fixed 
   304 |  JC69 |        11 |    235 |              11 |          7 |      Fixed 
   305 |  JC69 |        14 |     65 |               3 |          2 |      Fixed 
   306 |  JC69 |         3 |    377 |             113 |          6 |      Fixed 
   307 |  JC69 |        16 |    290 |             153 |          6 |      Fixed 
   308 |  JC69 |         6 |    463 |              10 |          9 |      Fixed 
   309 |  JC69 |         3 |     80 |               1 |          2 |      Fixed 
   310 |  JC69 |         4 |    254 |              47 |          9 |      Fixed 
   311 |  JC69 |         2 |    285 |              13 |          4 |      Fixed 
   312 |  JC69 |        19 |    574 |             443 |         20 |      Fixed 
   313 |  JC69 |        12 |    407 |             116 |         15 |      Fixed 
   314 |  JC69 |         4 |    281 |               9 |          7 |      Fixed 
   315 |  JC69 |        19 |    288 |               9 |          8 |      Fixed 
   316 |  JC69 |        20 |    216 |             107 |          4 |      Fixed 
   317 |  JC69 |        19 |    174 |               0 |          1 |      Fixed 
   318 |  JC69 |        16 |    223 |               4 |          5 |      Fixed 
   319 |  JC69 |        20 |   1309 |            1173 |         46 |      Fixed 
   320 |  JC69 |        18 |     55 |               4 |          5 |      Fixed 
   321 |  JC69 |        14 |     99 |               3 |          4 |      Fixed 
   322 |  JC69 |        20 |    109 |               2 |          4 |      Fixed 
   323 |  JC69 |         3 |    287 |              18 |          6 |      Fixed 
   324 |  JC69 |        19 |    208 |              12 |         12 |      Fixed 
   325 |  JC69 |        11 |    180 |              12 |         12 |      Fixed 
   326 |  JC69 |        10 |    244 |              15 |         10 |      Fixed 
   327 |  JC69 |        13 |    280 |              31 |         13 |      Fixed 
   328 |  JC69 |        19 |    251 |              17 |         10 |      Fixed 
   329 |  JC69 |         6 |    274 |              83 |         16 |      Fixed 
   330 |  JC69 |        10 |    284 |              17 |         16 |      Fixed 
   331 |  JC69 |         2 |    282 |               6 |          3 |      Fixed 
   332 |  JC69 |        20 |     91 |               1 |          2 |      Fixed 
   333 |  JC69 |         7 |    157 |              33 |          9 |      Fixed 
   334 |  JC69 |         3 |    280 |             146 |          8 |      Fixed 
   335 |  JC69 |        17 |    146 |              11 |         11 |      Fixed 
   336 |  JC69 |        12 |    499 |             239 |         19 |      Fixed 
   337 |  JC69 |        20 |    182 |              85 |          6 |      Fixed 
   338 |  JC69 |        16 |    110 |              29 |          3 |      Fixed 
   339 |  JC69 |        19 |    206 |               9 |          9 |      Fixed 
   340 |  JC69 |         2 |    283 |               2 |          3 |      Fixed 
   341 |  JC69 |        20 |    365 |             135 |         13 |      Fixed 
   342 |  JC69 |        20 |    450 |             206 |         15 |      Fixed 
   343 |  JC69 |         8 |    534 |             148 |         17 |      Fixed 
   344 |  JC69 |         2 |    108 |               2 |          2 |      Fixed 
   345 |  JC69 |        20 |    161 |               9 |          7 |      Fixed 
   346 |  JC69 |        18 |     58 |               2 |          3 |      Fixed 
   347 |  JC69 |        20 |    548 |             229 |         23 |      Fixed 
   348 |  JC69 |        18 |     67 |               3 |          4 |      Fixed 
   349 |  JC69 |        13 |    114 |               2 |          2 |      Fixed 
   350 |  JC69 |        14 |    455 |              29 |         14 |      Fixed 
   351 |  JC69 |         3 |    516 |             241 |          3 |      Fixed 
   352 |  JC69 |         3 |     55 |               0 |          1 |      Fixed 
   353 |  JC69 |        17 |    140 |              16 |          8 |      Fixed 
   354 |  JC69 |         3 |    279 |              10 |          7 |      Fixed 
   355 |  JC69 |        20 |     63 |               0 |          1 |      Fixed 
   356 |  JC69 |         2 |    283 |              12 |          4 |      Fixed 
   357 |  JC69 |         3 |     60 |               0 |          1 |      Fixed 
   358 |  JC69 |        10 |    282 |              15 |         13 |      Fixed 
   359 |  JC69 |        20 |     92 |               3 |          4 |      Fixed 
   360 |  JC69 |        17 |     92 |               0 |          2 |      Fixed 
   361 |  JC69 |         5 |    287 |              10 |          9 |      Fixed 
   362 |  JC69 |        20 |    192 |               4 |          5 |      Fixed 
   363 |  JC69 |        14 |    102 |               3 |          4 |      Fixed 
   364 |  JC69 |        10 |     93 |               1 |          2 |      Fixed 
   365 |  JC69 |        20 |    117 |               1 |          2 |      Fixed 
   366 |  JC69 |        19 |     64 |               1 |          2 |      Fixed 
   367 |  JC69 |        18 |     64 |               3 |          4 |      Fixed 
   368 |  JC69 |         3 |    283 |              58 |         10 |      Fixed 
   369 |  JC69 |         2 |     31 |               0 |          1 |      Fixed 
   370 |  JC69 |         2 |    254 |               3 |          3 |      Fixed 
   371 |  JC69 |        20 |    151 |               2 |          3 |      Fixed 
   372 |  JC69 |        20 |    122 |               3 |          4 |      Fixed 
   373 |  JC69 |         6 |    378 |             115 |          8 |      Fixed 
   374 |  JC69 |         5 |     69 |               8 |          3 |      Fixed 
   375 |  JC69 |        11 |    285 |              29 |         20 |      Fixed 
   376 |  JC69 |        11 |    212 |              15 |         15 |      Fixed 
   377 |  JC69 |        12 |    322 |              65 |         12 |      Fixed 
   378 |  JC69 |        10 |     76 |               3 |          4 |      Fixed 
   379 |  JC69 |        17 |     63 |               2 |          3 |      Fixed 
   380 |  JC69 |        20 |    314 |               9 |         10 |      Fixed 
   381 |  JC69 |        19 |    138 |              11 |         10 |      Fixed 
   382 |  JC69 |        20 |    103 |               3 |          4 |      Fixed 
   383 |  JC69 |        14 |    102 |               5 |          5 |      Fixed 
   384 |  JC69 |        20 |    184 |              12 |         14 |      Fixed 
   385 |  JC69 |         3 |     76 |               0 |          1 |      Fixed 
   386 |  JC69 |        19 |    277 |               8 |          9 |      Fixed 
   387 |  JC69 |         3 |    173 |               1 |          2 |      Fixed 
   388 |  JC69 |        19 |    273 |              16 |         15 |      Fixed 
   389 |  JC69 |         9 |    399 |             194 |         13 |      Fixed 
   390 |  JC69 |        20 |    135 |               4 |          5 |      Fixed 
   391 |  JC69 |        11 |    281 |              33 |         15 |      Fixed 
   392 |  JC69 |         2 |    286 |              10 |          3 |      Fixed 
   393 |  JC69 |         7 |    349 |              53 |          7 |      Fixed 
   394 |  JC69 |        10 |    175 |               2 |          3 |      Fixed 
   395 |  JC69 |        13 |     96 |               1 |          2 |      Fixed 
   396 |  JC69 |         8 |    227 |               9 |          8 |      Fixed 
   397 |  JC69 |         9 |    280 |              19 |         14 |      Fixed 
   398 |  JC69 |        17 |    257 |              17 |         12 |      Fixed 
   399 |  JC69 |        16 |    110 |              22 |          5 |      Fixed 
   400 |  JC69 |        20 |     86 |               4 |          5 |      Fixed 
   401 |  JC69 |         3 |    286 |              39 |          5 |      Fixed 
   402 |  JC69 |         2 |     42 |               0 |          1 |      Fixed 
   403 |  JC69 |        20 |     72 |               3 |          4 |      Fixed 
   404 |  JC69 |        16 |    179 |              13 |          6 |      Fixed 
   405 |  JC69 |        19 |    131 |              66 |          7 |      Fixed 
   406 |  JC69 |        14 |     67 |               7 |          6 |      Fixed 
   407 |  JC69 |         8 |    272 |               6 |          7 |      Fixed 
   408 |  JC69 |        20 |    187 |              17 |         11 |      Fixed 
   409 |  JC69 |         2 |    272 |               8 |          5 |      Fixed 
   410 |  JC69 |        20 |     76 |               1 |          2 |      Fixed 
   411 |  JC69 |         3 |    390 |             131 |          3 |      Fixed 
   412 |  JC69 |        20 |    102 |               4 |          6 |      Fixed 
   413 |  JC69 |        16 |    136 |               6 |          7 |      Fixed 
   414 |  JC69 |         3 |    280 |              15 |          8 |      Fixed 
   415 |  JC69 |         4 |    321 |             134 |         16 |      Fixed 
   416 |  JC69 |        20 |    187 |               4 |          5 |      Fixed 
   417 |  JC69 |        20 |    187 |               4 |          5 |      Fixed 
   418 |  JC69 |        20 |    455 |              64 |          9 |      Fixed 
   419 |  JC69 |        20 |    457 |              15 |          9 |      Fixed 
   420 |  JC69 |        20 |    278 |             135 |         13 |      Fixed 
   421 |  JC69 |        17 |     79 |               0 |          1 |      Fixed 
   422 |  JC69 |         2 |     50 |               0 |          1 |      Fixed 
   423 |  JC69 |        18 |    238 |              23 |         19 |      Fixed 
   424 |  JC69 |        20 |     85 |               1 |          2 |      Fixed 
   425 |  JC69 |        20 |     97 |               2 |          3 |      Fixed 
   426 |  JC69 |         6 |    283 |              70 |         12 |      Fixed 
   427 |  JC69 |        14 |    477 |              30 |         26 |      Fixed 
   428 |  JC69 |         3 |    158 |              72 |          4 |      Fixed 
   429 |  JC69 |         2 |    257 |             147 |          3 |      Fixed 
   430 |  JC69 |        12 |    390 |             194 |         13 |      Fixed 
   431 |  JC69 |        12 |    548 |             288 |         34 |      Fixed 
   432 |  JC69 |        15 |     48 |               1 |          2 |      Fixed 
   433 |  JC69 |        11 |    460 |              17 |         15 |      Fixed 
   434 |  JC69 |        19 |    323 |             104 |         18 |      Fixed 
   435 |  JC69 |        20 |    117 |               5 |          6 |      Fixed 
   436 |  JC69 |        20 |    224 |              70 |          7 |      Fixed 
   437 |  JC69 |        12 |    206 |              13 |          8 |      Fixed 
   438 |  JC69 |         2 |    253 |               5 |          4 |      Fixed 
   439 |  JC69 |        10 |    284 |              10 |         10 |      Fixed 
   440 |  JC69 |        16 |    103 |               3 |          5 |      Fixed 
   441 |  JC69 |        20 |     71 |               2 |          3 |      Fixed 
   442 |  JC69 |        12 |    282 |              19 |         14 |      Fixed 
   443 |  JC69 |        20 |    242 |              54 |          6 |      Fixed 
   444 |  JC69 |        20 |    117 |               3 |          4 |      Fixed 
   445 |  JC69 |        19 |    443 |             173 |         14 |      Fixed 
   446 |  JC69 |        16 |    611 |             542 |         23 |      Fixed 
   447 |  JC69 |         3 |    108 |               1 |          2 |      Fixed 
   448 |  JC69 |         6 |     90 |               1 |          2 |      Fixed 
   449 |  JC69 |         3 |    272 |               5 |          4 |      Fixed 
   450 |  JC69 |        19 |    121 |              14 |          9 |      Fixed 
   451 |  JC69 |        18 |    639 |             185 |         11 |      Fixed 
   452 |  JC69 |        20 |    213 |               6 |          7 |      Fixed 
   453 |  JC69 |         9 |    250 |               9 |          7 |      Fixed 
   454 |  JC69 |        20 |    176 |               4 |          3 |      Fixed 
   455 |  JC69 |        19 |    227 |             122 |         11 |      Fixed 
   456 |  JC69 |        10 |    282 |              12 |          9 |      Fixed 
   457 |  JC69 |         7 |    136 |               0 |          1 |      Fixed 
   458 |  JC69 |         2 |    165 |               0 |          1 |      Fixed 
   459 |  JC69 |        17 |     77 |              12 |          5 |      Fixed 
   460 |  JC69 |         4 |    101 |              12 |          6 |      Fixed 
   461 |  JC69 |        17 |    200 |               5 |          3 |      Fixed 
   462 |  JC69 |        20 |    264 |              69 |         10 |      Fixed 
   463 |  JC69 |         9 |    213 |              19 |          8 |      Fixed 
   464 |  JC69 |        13 |    333 |             137 |         19 |      Fixed 
   465 |  JC69 |        20 |    152 |               8 |          9 |      Fixed 
   466 |  JC69 |        19 |     60 |               1 |          2 |      Fixed 
   467 |  JC69 |        14 |    184 |              41 |          9 |      Fixed 
   468 |  JC69 |        16 |     95 |               2 |          3 |      Fixed 
   469 |  JC69 |         8 |    268 |               6 |          7 |      Fixed 
   470 |  JC69 |        20 |     92 |               1 |          2 |      Fixed 
   471 |  JC69 |         2 |    144 |               0 |          1 |      Fixed 
   472 |  JC69 |        20 |     66 |               4 |          5 |      Fixed 
   473 |  JC69 |         2 |    278 |              71 |          5 |      Fixed 
   474 |  JC69 |        20 |     50 |               5 |          3 |      Fixed 
   475 |  JC69 |         2 |     78 |               0 |          1 |      Fixed 
   476 |  JC69 |        19 |    209 |               6 |          5 |      Fixed 
   477 |  JC69 |        12 |    188 |               5 |          5 |      Fixed 
   478 |  JC69 |        19 |    159 |               6 |          7 |      Fixed 
   479 |  JC69 |         9 |    283 |              87 |         13 |      Fixed 
   480 |  JC69 |         5 |    275 |               8 |          8 |      Fixed 
   481 |  JC69 |         2 |     89 |               0 |          1 |      Fixed 
   482 |  JC69 |        20 |    639 |             502 |         20 |      Fixed 
   483 |  JC69 |         4 |    256 |             123 |          8 |      Fixed 
   484 |  JC69 |         5 |    113 |              19 |          3 |      Fixed 
   485 |  JC69 |         2 |     76 |               4 |          2 |      Fixed 
   486 |  JC69 |         3 |    277 |              12 |          4 |      Fixed 
   487 |  JC69 |        20 |    121 |               1 |          2 |      Fixed 
   488 |  JC69 |        15 |    292 |              46 |         20 |      Fixed 
   489 |  JC69 |        20 |    371 |              35 |         23 |      Fixed 
   490 |  JC69 |        19 |    198 |               9 |          8 |      Fixed 
   491 |  JC69 |        19 |    449 |             213 |         18 |      Fixed 
   492 |  JC69 |        11 |     96 |               0 |          1 |      Fixed 
   493 |  JC69 |         8 |    288 |              28 |         18 |      Fixed 
   494 |  JC69 |         2 |     50 |               1 |          2 |      Fixed 
   495 |  JC69 |         9 |     72 |               0 |          1 |      Fixed 
   496 |  JC69 |        10 |    418 |             155 |         10 |      Fixed 
   497 |  JC69 |        19 |    226 |               2 |          3 |      Fixed 
   498 |  JC69 |        18 |    270 |               5 |          6 |      Fixed 
   499 |  JC69 |        11 |    170 |               5 |          6 |      Fixed 
   500 |  JC69 |         4 |    227 |               2 |          3 |      Fixed 
   501 |  JC69 |         2 |    502 |             236 |          7 |      Fixed 
   502 |  JC69 |        20 |    247 |               5 |          6 |      Fixed 
   503 |  JC69 |        19 |     59 |               2 |          3 |      Fixed 
   504 |  JC69 |         3 |    189 |               0 |          1 |      Fixed 
   505 |  JC69 |        20 |    117 |               4 |          5 |      Fixed 
   506 |  JC69 |        15 |    286 |              24 |         21 |      Fixed 
   507 |  JC69 |        20 |     98 |               0 |          1 |      Fixed 
   508 |  JC69 |        20 |    103 |              12 |          9 |      Fixed 
   509 |  JC69 |         5 |    126 |              49 |          5 |      Fixed 
   510 |  JC69 |        20 |    121 |               6 |          6 |      Fixed 
   511 |  JC69 |         2 |    201 |               0 |          1 |      Fixed 
   512 |  JC69 |         2 |    278 |               8 |          4 |      Fixed 
   513 |  JC69 |        15 |    292 |              26 |         16 |      Fixed 
   514 |  JC69 |         6 |    258 |               9 |          6 |      Fixed 
   515 |  JC69 |        19 |    219 |               6 |          7 |      Fixed 
   516 |  JC69 |        18 |    921 |             734 |         30 |      Fixed 
   517 |  JC69 |        15 |    212 |              51 |          3 |      Fixed 
   518 |  JC69 |         4 |    161 |               0 |          1 |      Fixed 
   519 |  JC69 |        19 |    184 |               6 |          7 |      Fixed 
   520 |  JC69 |        18 |     85 |               4 |          6 |      Fixed 
   521 |  JC69 |        16 |    645 |             503 |         19 |      Fixed 
   522 |  JC69 |        20 |    576 |             294 |         25 |      Fixed 
   523 |  JC69 |         2 |    272 |               5 |          4 |      Fixed 
   524 |  JC69 |        20 |    112 |               7 |          6 |      Fixed 
   525 |  JC69 |        20 |    166 |               9 |          4 |      Fixed 
   526 |  JC69 |         8 |    283 |              53 |         15 |      Fixed 
   527 |  JC69 |        11 |    277 |             107 |         12 |      Fixed 
   528 |  JC69 |         4 |    199 |              78 |          4 |      Fixed 
   529 |  JC69 |         5 |     76 |               5 |          2 |      Fixed 
   530 |  JC69 |        17 |     77 |               2 |          3 |      Fixed 
   531 |  JC69 |        20 |     76 |               2 |          3 |      Fixed 
   532 |  JC69 |        20 |    290 |               5 |          7 |      Fixed 
   533 |  JC69 |         3 |    170 |               0 |          1 |      Fixed 
   534 |  JC69 |        19 |    369 |              96 |         17 |      Fixed 
   535 |  JC69 |        20 |    174 |              82 |          9 |      Fixed 
   536 |  JC69 |        19 |    197 |               4 |          6 |      Fixed 
   537 |  JC69 |        15 |    921 |             596 |         29 |      Fixed 
   538 |  JC69 |         9 |     93 |              47 |          5 |      Fixed 
   539 |  JC69 |         2 |     42 |               0 |          1 |      Fixed 
   540 |  JC69 |         7 |    282 |              16 |         13 |      Fixed 
   541 |  JC69 |        13 |    219 |               9 |          9 |      Fixed 
   542 |  JC69 |        15 |     58 |               0 |          1 |      Fixed 
   543 |  JC69 |        18 |    186 |               5 |          6 |      Fixed 
   544 |  JC69 |         5 |     59 |               0 |          3 |      Fixed 
   545 |  JC69 |        20 |    108 |               1 |          2 |      Fixed 
   546 |  JC69 |        20 |    191 |               9 |         10 |      Fixed 
   547 |  JC69 |        12 |     77 |               8 |          6 |      Fixed 
   548 |  JC69 |        16 |    292 |              29 |         18 |      Fixed 
   549 |  JC69 |         3 |    372 |             117 |          8 |      Fixed 
   550 |  JC69 |        12 |    264 |              15 |         11 |      Fixed 
   551 |  JC69 |        18 |    626 |             487 |         30 |      Fixed 
   552 |  JC69 |        20 |     95 |               2 |          3 |      Fixed 
   553 |  JC69 |        20 |    600 |             227 |         15 |      Fixed 
   554 |  JC69 |        20 |    746 |             442 |         22 |      Fixed 
   555 |  JC69 |        13 |    327 |              55 |         12 |      Fixed 
   556 |  JC69 |         2 |    138 |               0 |          1 |      Fixed 
   557 |  JC69 |         3 |     58 |               0 |          1 |      Fixed 
   558 |  JC69 |        17 |    175 |              14 |         15 |      Fixed 
   559 |  JC69 |         2 |    219 |               0 |          1 |      Fixed 
   560 |  JC69 |        11 |    210 |              24 |         11 |      Fixed 
   561 |  JC69 |         9 |    236 |              12 |          8 |      Fixed 
   562 |  JC69 |         3 |    248 |               7 |          5 |      Fixed 
   563 |  JC69 |         7 |    275 |              56 |          6 |      Fixed 
   564 |  JC69 |        17 |    112 |               3 |          4 |      Fixed 
   565 |  JC69 |         9 |    274 |              12 |         11 |      Fixed 
   566 |  JC69 |        20 |    119 |               8 |         10 |      Fixed 
   567 |  JC69 |        19 |    104 |              25 |          7 |      Fixed 
   568 |  JC69 |         3 |    515 |             261 |          8 |      Fixed 
   569 |  JC69 |        15 |    138 |               5 |          5 |      Fixed 
   570 |  JC69 |        20 |     61 |               4 |          5 |      Fixed 
   571 |  JC69 |        19 |    154 |              77 |         11 |      Fixed 
   572 |  JC69 |        20 |    261 |              13 |         14 |      Fixed 
   573 |  JC69 |         7 |     55 |               0 |          1 |      Fixed 
   574 |  JC69 |         2 |    278 |              84 |          5 |      Fixed 
   575 |  JC69 |         9 |     68 |               2 |          2 |      Fixed 
   576 |  JC69 |        14 |    190 |              23 |          8 |      Fixed 
   577 |  JC69 |         3 |    120 |              42 |          2 |      Fixed 
   578 |  JC69 |         9 |    260 |              13 |          8 |      Fixed 
   579 |  JC69 |        16 |    256 |              91 |         14 |      Fixed 
   580 |  JC69 |        10 |    144 |               0 |          1 |      Fixed 
   581 |  JC69 |         5 |    148 |               4 |          6 |      Fixed 
   582 |  JC69 |         3 |    271 |              64 |          5 |      Fixed 
   583 |  JC69 |         2 |    267 |               5 |          4 |      Fixed 
   584 |  JC69 |        13 |    177 |               4 |          4 |      Fixed 
   585 |  JC69 |        18 |    173 |               4 |          6 |      Fixed 
   586 |  JC69 |         7 |    279 |             126 |         20 |      Fixed 
   587 |  JC69 |        20 |    192 |              79 |         10 |      Fixed 
   588 |  JC69 |        19 |    410 |             161 |         18 |      Fixed 
   589 |  JC69 |         2 |    209 |               0 |          2 |      Fixed 
   590 |  JC69 |        14 |    468 |              16 |         15 |      Fixed 
   591 |  JC69 |        20 |    205 |               5 |          5 |      Fixed 
   592 |  JC69 |        20 |    454 |             210 |          8 |      Fixed 
   593 |  JC69 |         7 |    197 |               5 |          4 |      Fixed 
   594 |  JC69 |        20 |    195 |              60 |         14 |      Fixed 
   595 |  JC69 |        18 |     98 |               2 |          3 |      Fixed 
   596 |  JC69 |         7 |    273 |              15 |          6 |      Fixed 
   597 |  JC69 |         3 |     51 |               0 |          1 |      Fixed 
   598 |  JC69 |        15 |    215 |              31 |         15 |      Fixed 
   599 |  JC69 |        19 |     82 |               7 |          8 |      Fixed 
   600 |  JC69 |        10 |     83 |               1 |          2 |      Fixed 
   601 |  JC69 |         8 |    281 |              55 |         13 |      Fixed 
   602 |  JC69 |        20 |    135 |               2 |          3 |      Fixed 
   603 |  JC69 |         2 |    178 |               0 |          2 |      Fixed 
   604 |  JC69 |        12 |    288 |               4 |          5 |      Fixed 
   605 |  JC69 |         3 |    106 |               0 |          2 |      Fixed 
   606 |  JC69 |         7 |    263 |              20 |         20 |      Fixed 
   607 |  JC69 |        20 |    276 |              24 |         17 |      Fixed 
   608 |  JC69 |         8 |    247 |               5 |          6 |      Fixed 
   609 |  JC69 |        10 |    282 |              35 |         17 |      Fixed 
   610 |  JC69 |        18 |    244 |               5 |          6 |      Fixed 
   611 |  JC69 |        15 |    327 |              69 |         14 |      Fixed 
   612 |  JC69 |        20 |    160 |               1 |          2 |      Fixed 
   613 |  JC69 |         2 |    274 |             137 |          4 |      Fixed 
   614 |  JC69 |        19 |     82 |               9 |         10 |      Fixed 
   615 |  JC69 |         7 |    141 |              10 |          9 |      Fixed 
   616 |  JC69 |        15 |    257 |              17 |         16 |      Fixed 
   617 |  JC69 |         4 |    277 |              10 |          9 |      Fixed 
   618 |  JC69 |         2 |    283 |              26 |          5 |      Fixed 
   619 |  JC69 |         7 |    159 |               7 |          5 |      Fixed 
   620 |  JC69 |         6 |    289 |             154 |         14 |      Fixed 
   621 |  JC69 |         5 |    208 |              20 |          4 |      Fixed 
   622 |  JC69 |        11 |    363 |             186 |         18 |      Fixed 
   623 |  JC69 |        20 |    164 |               2 |          3 |      Fixed 
   624 |  JC69 |         7 |    277 |              22 |         17 |      Fixed 
   625 |  JC69 |        13 |     70 |               1 |          2 |      Fixed 
   626 |  JC69 |        19 |    210 |               7 |          8 |      Fixed 
   627 |  JC69 |        19 |     69 |               5 |          6 |      Fixed 
   628 |  JC69 |         5 |    256 |               7 |          7 |      Fixed 
   629 |  JC69 |        20 |    342 |              14 |         14 |      Fixed 
   630 |  JC69 |        15 |    366 |              30 |         20 |      Fixed 
   631 |  JC69 |         4 |    203 |              28 |          8 |      Fixed 
   632 |  JC69 |        20 |    264 |               7 |          8 |      Fixed 
   633 |  JC69 |        19 |    281 |               4 |          5 |      Fixed 
   634 |  JC69 |        16 |    103 |               6 |          7 |      Fixed 
   635 |  JC69 |        20 |    107 |               3 |          4 |      Fixed 
   636 |  JC69 |        19 |    178 |               6 |          6 |      Fixed 
   637 |  JC69 |        13 |     44 |              17 |          3 |      Fixed 
   638 |  JC69 |         7 |    281 |              35 |         12 |      Fixed 
   639 |  JC69 |         3 |    124 |               2 |          2 |      Fixed 
   640 |  JC69 |        20 |    345 |              10 |         10 |      Fixed 
   641 |  JC69 |        18 |    147 |               6 |          7 |      Fixed 
   642 |  JC69 |        19 |    299 |               8 |          8 |      Fixed 
   643 |  JC69 |        20 |    152 |              10 |         11 |      Fixed 
   644 |  JC69 |        19 |    323 |              66 |          8 |      Fixed 
   645 |  JC69 |        10 |    277 |              25 |         19 |      Fixed 
   646 |  JC69 |         2 |     51 |               0 |          1 |      Fixed 
   647 |  JC69 |         6 |    283 |               5 |          5 |      Fixed 
   648 |  JC69 |        17 |     55 |               4 |          4 |      Fixed 
   649 |  JC69 |         6 |    255 |              89 |          9 |      Fixed 
   650 |  JC69 |         2 |    242 |               5 |          4 |      Fixed 
   651 |  JC69 |        19 |    263 |               7 |          8 |      Fixed 
   652 |  JC69 |        14 |    184 |              10 |          8 |      Fixed 
   653 |  JC69 |        20 |     79 |               7 |          7 |      Fixed 
   654 |  JC69 |        15 |    156 |               8 |          7 |      Fixed 
   655 |  JC69 |        18 |    305 |             130 |         10 |      Fixed 
   656 |  JC69 |        19 |    287 |              12 |          8 |      Fixed 
   657 |  JC69 |         8 |    548 |              18 |         12 |      Fixed 
   658 |  JC69 |        20 |     64 |               1 |          2 |      Fixed 
   659 |  JC69 |        13 |     58 |               3 |          4 |      Fixed 
   660 |  JC69 |        12 |    247 |              11 |          9 |      Fixed 
   661 |  JC69 |        14 |    106 |               4 |          5 |      Fixed 
   662 |  JC69 |        17 |    471 |             138 |         17 |      Fixed 
   663 |  JC69 |         2 |    286 |               9 |          4 |      Fixed 
   664 |  JC69 |         3 |     90 |               0 |          2 |      Fixed 
   665 |  JC69 |        14 |    283 |              36 |         19 |      Fixed 
   666 |  JC69 |         4 |    278 |               9 |          8 |      Fixed 
   667 |  JC69 |         4 |    279 |             138 |          7 |      Fixed 
   668 |  JC69 |         4 |    148 |               0 |          1 |      Fixed 
   669 |  JC69 |        13 |    215 |               9 |          7 |      Fixed 
   670 |  JC69 |         2 |     38 |               0 |          1 |      Fixed 
   671 |  JC69 |        20 |     76 |               4 |          5 |      Fixed 
   672 |  JC69 |         3 |    282 |              64 |          7 |      Fixed 
   673 |  JC69 |        20 |     99 |               4 |          5 |      Fixed 
   674 |  JC69 |         2 |    282 |              24 |          7 |      Fixed 
   675 |  JC69 |        20 |    354 |              27 |         23 |      Fixed 
   676 |  JC69 |        10 |    193 |              68 |         13 |      Fixed 
   677 |  JC69 |        15 |    429 |             171 |         29 |      Fixed 
   678 |  JC69 |        13 |    178 |              13 |         12 |      Fixed 
   679 |  JC69 |        20 |     69 |              16 |          7 |      Fixed 
   680 |  JC69 |         3 |    207 |               2 |          4 |      Fixed 
   681 |  JC69 |         8 |    164 |               6 |          6 |      Fixed 
   682 |  JC69 |         2 |     45 |               0 |          1 |      Fixed 
   683 |  JC69 |         8 |    282 |              12 |         11 |      Fixed 
   684 |  JC69 |         3 |     51 |               0 |          1 |      Fixed 
   685 |  JC69 |         4 |    241 |              38 |         11 |      Fixed 
   686 |  JC69 |         4 |    282 |              33 |         12 |      Fixed 
   687 |  JC69 |         3 |    281 |              23 |         11 |      Fixed 
   688 |  JC69 |         5 |    136 |               7 |          4 |      Fixed 
   689 |  JC69 |         9 |    171 |               5 |          6 |      Fixed 
   690 |  JC69 |        20 |     68 |               7 |          6 |      Fixed 
   691 |  JC69 |        17 |    251 |              15 |         14 |      Fixed 
   692 |  JC69 |        20 |    121 |               8 |          8 |      Fixed 
   693 |  JC69 |        19 |    292 |              21 |         12 |      Fixed 
   694 |  JC69 |         3 |     59 |               0 |          2 |      Fixed 
   695 |  JC69 |         7 |     36 |               1 |          2 |      Fixed 
   696 |  JC69 |         8 |    356 |              63 |         14 |      Fixed 
   697 |  JC69 |         3 |    286 |              21 |          9 |      Fixed 
   698 |  JC69 |        16 |    146 |              17 |         14 |      Fixed 
   699 |  JC69 |        16 |    288 |              37 |         29 |      Fixed 
   700 |  JC69 |        18 |    373 |              20 |         15 |      Fixed 
   701 |  JC69 |         2 |    283 |              11 |          4 |      Fixed 
   702 |  JC69 |        20 |    147 |               4 |          5 |      Fixed 
   703 |  JC69 |        20 |     92 |               1 |          2 |      Fixed 
   704 |  JC69 |         3 |    284 |              12 |          6 |      Fixed 
   705 |  JC69 |        19 |    944 |             690 |         21 |      Fixed 
   706 |  JC69 |        19 |    519 |              51 |          4 |      Fixed 
   707 |  JC69 |         9 |    196 |               7 |          7 |      Fixed 
   708 |  JC69 |         4 |     40 |               5 |          2 |      Fixed 
   709 |  JC69 |         3 |     52 |               1 |          2 |      Fixed 
   710 |  JC69 |         8 |    279 |              16 |         15 |      Fixed 
   711 |  JC69 |         2 |    110 |               1 |          2 |      Fixed 
   712 |  JC69 |         2 |    123 |              32 |          3 |      Fixed 
   713 |  JC69 |         2 |     98 |              33 |          2 |      Fixed 
   714 |  JC69 |        19 |     89 |               4 |          3 |      Fixed 
   715 |  JC69 |         3 |    198 |               0 |          1 |      Fixed 
   716 |  JC69 |        18 |     76 |               0 |          1 |      Fixed 
   717 |  JC69 |         8 |    156 |              49 |          6 |      Fixed 
   718 |  JC69 |        20 |    168 |               2 |          3 |      Fixed 
   719 |  JC69 |         5 |    167 |               8 |          3 |      Fixed 
   720 |  JC69 |        12 |    286 |              20 |         14 |      Fixed 
   721 |  JC69 |         4 |    320 |              50 |         11 |      Fixed 
   722 |  JC69 |         3 |    229 |              92 |          4 |      Fixed 
   723 |  JC69 |         6 |     77 |               2 |          3 |      Fixed 
   724 |  JC69 |        20 |    118 |               5 |          6 |      Fixed 
   725 |  JC69 |        20 |    197 |              58 |         14 |      Fixed 
   726 |  JC69 |        20 |    206 |              24 |         21 |      Fixed 
   727 |  JC69 |         2 |    279 |               9 |          3 |      Fixed 
   728 |  JC69 |        15 |    321 |             135 |         26 |      Fixed 
   729 |  JC69 |        19 |    304 |               8 |         10 |      Fixed 
   730 |  JC69 |        13 |    287 |             125 |         26 |      Fixed 
   731 |  JC69 |         3 |     57 |               3 |          4 |      Fixed 
   732 |  JC69 |        17 |     51 |               9 |          3 |      Fixed 
   733 |  JC69 |         4 |    279 |              13 |          7 |      Fixed 
   734 |  JC69 |         2 |    117 |              20 |          6 |      Fixed 
   735 |  JC69 |         5 |     56 |               7 |          4 |      Fixed 
   736 |  JC69 |         3 |     71 |               9 |          3 |      Fixed 
   737 |  JC69 |        20 |    198 |               2 |          3 |      Fixed 
   738 |  JC69 |        19 |    292 |              23 |         14 |      Fixed 
   739 |  JC69 |        20 |    835 |             295 |         17 |      Fixed 
   740 |  JC69 |         6 |    127 |               4 |          3 |      Fixed 
   741 |  JC69 |         3 |    270 |              42 |          5 |      Fixed 
   742 |  JC69 |        10 |    196 |               3 |          4 |      Fixed 
   743 |  JC69 |         6 |    169 |               7 |          5 |      Fixed 
   744 |  JC69 |         2 |    114 |               0 |          1 |      Fixed 
   745 |  JC69 |         2 |    491 |             217 |          4 |      Fixed 
   746 |  JC69 |        15 |     72 |               6 |          7 |      Fixed 
   747 |  JC69 |        12 |    288 |              55 |         27 |      Fixed 
   748 |  JC69 |         2 |    172 |               0 |          2 |      Fixed 
   749 |  JC69 |        14 |    202 |              34 |         19 |      Fixed 
   750 |  JC69 |         8 |    271 |               1 |          2 |      Fixed 
   751 |  JC69 |         8 |    482 |             256 |         13 |      Fixed 
   752 |  JC69 |         6 |    126 |               1 |          3 |      Fixed 
   753 |  JC69 |        20 |    287 |               4 |          5 |      Fixed 
   754 |  JC69 |         2 |     67 |               3 |          2 |      Fixed 
   755 |  JC69 |        20 |    121 |              20 |         14 |      Fixed 
   756 |  JC69 |        14 |     62 |               2 |          3 |      Fixed 
   757 |  JC69 |         3 |    238 |               4 |          4 |      Fixed 
   758 |  JC69 |        20 |    148 |               3 |          4 |      Fixed 
   759 |  JC69 |         3 |    230 |               7 |          3 |      Fixed 
   760 |  JC69 |         2 |    280 |               6 |          5 |      Fixed 
   761 |  JC69 |         2 |     79 |               0 |          1 |      Fixed 
   762 |  JC69 |         7 |    356 |              95 |         12 |      Fixed 
   763 |  JC69 |        16 |    302 |              13 |         14 |      Fixed 
   764 |  JC69 |         3 |    106 |               4 |          2 |      Fixed 
   765 |  JC69 |        14 |    195 |               7 |          9 |      Fixed 
   766 |  JC69 |         2 |    260 |              49 |          6 |      Fixed 
   767 |  JC69 |         2 |    280 |              36 |          4 |      Fixed 
   768 |  JC69 |         2 |    151 |               0 |          1 |      Fixed 
   769 |  JC69 |         7 |     85 |               8 |          2 |      Fixed 
   770 |  JC69 |        19 |    156 |               1 |          2 |      Fixed 
   771 |  JC69 |         5 |    162 |              10 |          5 |      Fixed 
   772 |  JC69 |        12 |    122 |              11 |          6 |      Fixed 
   773 |  JC69 |         2 |     81 |               0 |          1 |      Fixed 
   774 |  JC69 |         2 |    237 |             100 |          3 |      Fixed 
   775 |  JC69 |         3 |    217 |               1 |          3 |      Fixed 
   776 |  JC69 |        11 |    247 |               5 |          7 |      Fixed 
   777 |  JC69 |         2 |    154 |               0 |          1 |      Fixed 
   778 |  JC69 |         2 |    172 |               0 |          1 |      Fixed 
   779 |  JC69 |        17 |     82 |              10 |          6 |      Fixed 
   780 |  JC69 |         2 |    213 |               4 |          2 |      Fixed 
   781 |  JC69 |         2 |    217 |               3 |          4 |      Fixed 
   782 |  JC69 |        19 |    229 |              35 |         20 |      Fixed 
   783 |  JC69 |         3 |     46 |               0 |          1 |      Fixed 
   784 |  JC69 |        19 |    150 |               4 |          8 |      Fixed 
   785 |  JC69 |        10 |    217 |               3 |          4 |      Fixed 
   786 |  JC69 |         3 |    280 |              30 |          6 |      Fixed 
   787 |  JC69 |         3 |     44 |               0 |          1 |      Fixed 
   788 |  JC69 |        19 |     83 |               4 |          4 |      Fixed 
   789 |  JC69 |         2 |    219 |              16 |          7 |      Fixed 
   790 |  JC69 |        18 |    348 |             223 |          9 |      Fixed 
   791 |  JC69 |        16 |    136 |               8 |          4 |      Fixed 
   792 |  JC69 |         6 |    268 |              10 |          8 |      Fixed 
   793 |  JC69 |        20 |     77 |               1 |          2 |      Fixed 
   794 |  JC69 |         5 |    541 |             271 |         10 |      Fixed 
   795 |  JC69 |         2 |    271 |               3 |          4 |      Fixed 
   796 |  JC69 |        20 |     66 |               2 |          3 |      Fixed 
   797 |  JC69 |        19 |    133 |               2 |          3 |      Fixed 
   798 |  JC69 |         3 |     45 |               0 |          1 |      Fixed 
   799 |  JC69 |        13 |    173 |              20 |         15 |      Fixed 
   800 |  JC69 |        20 |    103 |               2 |          3 |      Fixed 
   801 |  JC69 |        11 |     75 |               3 |          4 |      Fixed 
   802 |  JC69 |         2 |    158 |               0 |          1 |      Fixed 
   803 |  JC69 |        20 |    121 |              29 |         10 |      Fixed 
   804 |  JC69 |         4 |     86 |               2 |          3 |      Fixed 
   805 |  JC69 |         5 |    282 |              20 |          8 |      Fixed 
   806 |  JC69 |         8 |    279 |             146 |         11 |      Fixed 
   807 |  JC69 |         7 |    110 |               1 |          2 |      Fixed 
   808 |  JC69 |        19 |    152 |               7 |          7 |      Fixed 
   809 |  JC69 |        19 |    224 |              27 |          7 |      Fixed 
   810 |  JC69 |        18 |    102 |               5 |          4 |      Fixed 
   811 |  JC69 |         6 |    216 |               2 |          2 |      Fixed 
   812 |  JC69 |        12 |    282 |              27 |         20 |      Fixed 
   813 |  JC69 |        14 |     71 |               1 |          2 |      Fixed 
   814 |  JC69 |        11 |    283 |              95 |         27 |      Fixed 
   815 |  JC69 |        20 |    101 |               6 |          3 |      Fixed 
   816 |  JC69 |         3 |    376 |               3 |          5 |      Fixed 
   817 |  JC69 |         5 |    137 |               0 |          1 |      Fixed 
   818 |  JC69 |         4 |    243 |              71 |          2 |      Fixed 
   819 |  JC69 |        16 |     87 |               9 |          6 |      Fixed 
   820 |  JC69 |         2 |     47 |               4 |          3 |      Fixed 
   821 |  JC69 |         8 |     45 |               1 |          2 |      Fixed 
   822 |  JC69 |         6 |    137 |               7 |          7 |      Fixed 
   823 |  JC69 |         2 |    249 |               1 |          2 |      Fixed 
   824 |  JC69 |        20 |    170 |               4 |          5 |      Fixed 
   825 |  JC69 |        12 |    114 |               1 |          3 |      Fixed 
   826 |  JC69 |         3 |    278 |               9 |          5 |      Fixed 
   827 |  JC69 |        17 |    551 |             274 |         18 |      Fixed 
   828 |  JC69 |         6 |    103 |               0 |          1 |      Fixed 
   829 |  JC69 |        19 |    292 |              25 |         12 |      Fixed 
   830 |  JC69 |         5 |    179 |              17 |         11 |      Fixed 
   831 |  JC69 |         4 |     74 |               1 |          2 |      Fixed 
   832 |  JC69 |         2 |    177 |               0 |          1 |      Fixed 
   833 |  JC69 |        20 |    115 |               8 |          9 |      Fixed 
   834 |  JC69 |        20 |    109 |               7 |          9 |      Fixed 
   835 |  JC69 |         7 |    231 |              15 |         16 |      Fixed 
   836 |  JC69 |         2 |     91 |               1 |          2 |      Fixed 
   837 |  JC69 |         2 |     88 |               0 |          1 |      Fixed 
   838 |  JC69 |         2 |    140 |              21 |          3 |      Fixed 
   839 |  JC69 |         4 |    277 |               5 |          4 |      Fixed 
   840 |  JC69 |         2 |    138 |               1 |          2 |      Fixed 
   841 |  JC69 |         4 |    150 |               1 |          2 |      Fixed 
   842 |  JC69 |        20 |    273 |               9 |         11 |      Fixed 
   843 |  JC69 |        20 |    136 |              13 |         12 |      Fixed 
   844 |  JC69 |         2 |    136 |               0 |          1 |      Fixed 
   845 |  JC69 |         3 |    246 |              11 |         10 |      Fixed 
   846 |  JC69 |        20 |    149 |               7 |          8 |      Fixed 
   847 |  JC69 |         2 |    196 |               0 |          2 |      Fixed 
   848 |  JC69 |         4 |    145 |               0 |          3 |      Fixed 
   849 |  JC69 |        13 |     71 |               7 |          4 |      Fixed 
   850 |  JC69 |         2 |    157 |               1 |          2 |      Fixed 
   851 |  JC69 |         4 |    147 |               2 |          2 |      Fixed 
   852 |  JC69 |         2 |    278 |              89 |          5 |      Fixed 
   853 |  JC69 |         2 |    223 |              18 |          5 |      Fixed 
   854 |  JC69 |        19 |    187 |               8 |          7 |      Fixed 
   855 |  JC69 |        16 |     90 |               3 |          4 |      Fixed 
   856 |  JC69 |        12 |    138 |               4 |          5 |      Fixed 
   857 |  JC69 |         2 |    159 |               0 |          1 |      Fixed 
   858 |  JC69 |         3 |     46 |               0 |          1 |      Fixed 
   859 |  JC69 |         3 |     75 |               3 |          4 |      Fixed 
   860 |  JC69 |        11 |    286 |              30 |         17 |      Fixed 
   861 |  JC69 |        13 |    155 |              84 |         13 |      Fixed 
   862 |  JC69 |        12 |    270 |             128 |         15 |      Fixed 
   863 |  JC69 |         3 |     44 |               4 |          2 |      Fixed 
   864 |  JC69 |         2 |     56 |               2 |          3 |      Fixed 
   865 |  JC69 |        20 |    470 |              16 |         12 |      Fixed 
   866 |  JC69 |         2 |     37 |               0 |          1 |      Fixed 
   867 |  JC69 |        20 |    560 |             289 |         22 |      Fixed 
   868 |  JC69 |         6 |    282 |              81 |         17 |      Fixed 
   869 |  JC69 |        12 |    371 |              11 |         12 |      Fixed 
   870 |  JC69 |         5 |     77 |              27 |          4 |      Fixed 
   871 |  JC69 |         4 |    283 |              32 |         14 |      Fixed 
   872 |  JC69 |        12 |    285 |              34 |         25 |      Fixed 
   873 |  JC69 |        19 |    119 |               5 |          3 |      Fixed 
   874 |  JC69 |        14 |    199 |               9 |          6 |      Fixed 
   875 |  JC69 |        12 |    260 |              13 |          9 |      Fixed 
   876 |  JC69 |         4 |    311 |             155 |          7 |      Fixed 
   877 |  JC69 |         5 |    185 |              64 |          8 |      Fixed 
   878 |  JC69 |         4 |    162 |              24 |          2 |      Fixed 
   879 |  JC69 |        15 |     72 |               8 |          6 |      Fixed 
   880 |  JC69 |         2 |    255 |               7 |          3 |      Fixed 
   881 |  JC69 |         4 |    175 |              12 |          3 |      Fixed 
   882 |  JC69 |         3 |     95 |              30 |          2 |      Fixed 
   883 |  JC69 |        13 |    184 |               3 |          4 |      Fixed 
   884 |  JC69 |        20 |     53 |               1 |          2 |      Fixed 
   885 |  JC69 |        17 |    159 |              74 |          7 |      Fixed 
   886 |  JC69 |         3 |    112 |               5 |          2 |      Fixed 
   887 |  JC69 |        20 |    148 |               2 |          4 |      Fixed 
   888 |  JC69 |        20 |    198 |              11 |         12 |      Fixed 
   889 |  JC69 |         8 |    724 |             724 |         24 |      Fixed 
   890 |  JC69 |         7 |    235 |              25 |         11 |      Fixed 
   891 |  JC69 |        16 |    292 |              27 |         21 |      Fixed 
   892 |  JC69 |         2 |     75 |               0 |          1 |      Fixed 
   893 |  JC69 |         3 |     72 |              16 |          3 |      Fixed 
   894 |  JC69 |         2 |    285 |               9 |          4 |      Fixed 
   895 |  JC69 |         8 |    344 |             115 |         13 |      Fixed 
   896 |  JC69 |        18 |     64 |               1 |          2 |      Fixed 
   897 |  JC69 |         6 |    275 |              14 |          7 |      Fixed 
   898 |  JC69 |         2 |     42 |               0 |          1 |      Fixed 
   899 |  JC69 |         2 |    134 |               0 |          2 |      Fixed 
   900 |  JC69 |        17 |    794 |             794 |         25 |      Fixed 
   901 |  JC69 |        12 |    250 |              37 |         12 |      Fixed 
   902 |  JC69 |         2 |    289 |               5 |          4 |      Fixed 
   903 |  JC69 |         4 |    122 |               5 |          4 |      Fixed 
   904 |  JC69 |        16 |     75 |               3 |          4 |      Fixed 
   905 |  JC69 |         2 |    225 |              32 |          3 |      Fixed 
   906 |  JC69 |         4 |    254 |               1 |          3 |      Fixed 
   907 |  JC69 |        20 |    314 |              94 |         12 |      Fixed 
   908 |  JC69 |        16 |    169 |              72 |          8 |      Fixed 
   909 |  JC69 |        20 |    147 |               2 |          4 |      Fixed 
   910 |  JC69 |        20 |     82 |               8 |          9 |      Fixed 
   911 |  JC69 |         2 |    128 |               0 |          1 |      Fixed 
   912 |  JC69 |         2 |    277 |              56 |          5 |      Fixed 
   913 |  JC69 |         4 |    170 |               0 |          1 |      Fixed 
   914 |  JC69 |         8 |    225 |              19 |          8 |      Fixed 
   915 |  JC69 |         2 |    301 |             120 |          4 |      Fixed 
   916 |  JC69 |         7 |    265 |              21 |         15 |      Fixed 
   917 |  JC69 |        10 |    207 |              85 |          7 |      Fixed 
   918 |  JC69 |         9 |    210 |               6 |          7 |      Fixed 
   919 |  JC69 |         3 |    284 |              15 |         11 |      Fixed 
   920 |  JC69 |        11 |    285 |             116 |         15 |      Fixed 
   921 |  JC69 |         2 |    280 |               9 |          5 |      Fixed 
   922 |  JC69 |        19 |     42 |               2 |          3 |      Fixed 
   923 |  JC69 |        19 |     91 |               3 |          4 |      Fixed 
   924 |  JC69 |        20 |    212 |              99 |          7 |      Fixed 
   925 |  JC69 |        20 |     84 |               7 |          8 |      Fixed 
   926 |  JC69 |         9 |    143 |              11 |          9 |      Fixed 
   927 |  JC69 |         3 |    284 |              51 |          8 |      Fixed 
   928 |  JC69 |         2 |    282 |              15 |          7 |      Fixed 
   929 |  JC69 |         8 |    280 |              45 |         12 |      Fixed 
   930 |  JC69 |         2 |     98 |               2 |          2 |      Fixed 
   931 |  JC69 |         2 |     72 |               0 |          1 |      Fixed 
   932 |  JC69 |         2 |     52 |               1 |          2 |      Fixed 
   933 |  JC69 |        12 |    538 |             173 |         25 |      Fixed 
   934 |  JC69 |        20 |     77 |              28 |          3 |      Fixed 
   935 |  JC69 |        20 |    343 |              25 |         18 |      Fixed 
   936 |  JC69 |         5 |     72 |               1 |          2 |      Fixed 
   937 |  JC69 |        18 |    252 |               8 |          8 |      Fixed 
   938 |  JC69 |         2 |    280 |               2 |          3 |      Fixed 
   939 |  JC69 |        15 |     75 |              12 |         12 |      Fixed 
   940 |  JC69 |        17 |    259 |             123 |         21 |      Fixed 
   941 |  JC69 |         2 |    261 |              92 |          6 |      Fixed 
   942 |  JC69 |        14 |    255 |             119 |         13 |      Fixed 
   943 |  JC69 |        20 |    281 |              11 |          9 |      Fixed 
   944 |  JC69 |         3 |     39 |               1 |          2 |      Fixed 
   945 |  JC69 |        13 |    188 |              59 |          4 |      Fixed 
   946 |  JC69 |        20 |     78 |               3 |          4 |      Fixed 
   947 |  JC69 |         3 |    173 |               0 |          3 |      Fixed 
   948 |  JC69 |         3 |    130 |               1 |          2 |      Fixed 
   949 |  JC69 |         7 |     64 |               1 |          3 |      Fixed 
   950 |  JC69 |        17 |    292 |              26 |         21 |      Fixed 
   951 |  JC69 |        20 |    161 |               3 |          4 |      Fixed 
   952 |  JC69 |         8 |    150 |               8 |          4 |      Fixed 
   953 |  JC69 |         2 |    113 |              61 |          4 |      Fixed 
   954 |  JC69 |         2 |    133 |               0 |          1 |      Fixed 
   955 |  JC69 |        18 |    149 |              11 |         10 |      Fixed 
   956 |  JC69 |        19 |    142 |               2 |          3 |      Fixed 
   957 |  JC69 |        10 |    446 |             294 |         27 |      Fixed 
   958 |  JC69 |         2 |    276 |               0 |          2 |      Fixed 
   959 |  JC69 |         4 |    280 |             106 |          8 |      Fixed 
   960 |  JC69 |         2 |    146 |               0 |          2 |      Fixed 
   961 |  JC69 |         2 |    280 |               8 |          2 |      Fixed 
   962 |  JC69 |         2 |    152 |               4 |          2 |      Fixed 
   963 |  JC69 |         4 |    400 |             166 |         12 |      Fixed 
   964 |  JC69 |         2 |     71 |               4 |          4 |      Fixed 
   965 |  JC69 |         2 |    277 |               8 |          3 |      Fixed 
   966 |  JC69 |        20 |    114 |               5 |          6 |      Fixed 
   967 |  JC69 |        20 |     84 |              12 |          6 |      Fixed 
   968 |  JC69 |        18 |    372 |             195 |         28 |      Fixed 
   969 |  JC69 |        20 |     99 |               6 |          7 |      Fixed 
   970 |  JC69 |        20 |    238 |              96 |         11 |      Fixed 
   971 |  JC69 |         2 |     90 |               0 |          1 |      Fixed 
   972 |  JC69 |        16 |    148 |              68 |         12 |      Fixed 
   973 |  JC69 |        20 |    174 |               2 |          3 |      Fixed 
   974 |  JC69 |        20 |    283 |              14 |         15 |      Fixed 
   975 |  JC69 |         5 |     96 |               3 |          2 |      Fixed 
   976 |  JC69 |         6 |    210 |               2 |          3 |      Fixed 
   977 |  JC69 |         9 |     91 |              12 |          4 |      Fixed 
   978 |  JC69 |        17 |     60 |               2 |          3 |      Fixed 
   979 |  JC69 |         2 |     77 |               0 |          1 |      Fixed 
   980 |  JC69 |         2 |    228 |              93 |          3 |      Fixed 
   981 |  JC69 |         7 |    171 |              57 |          6 |      Fixed 
   982 |  JC69 |        18 |    271 |             117 |         19 |      Fixed 
   983 |  JC69 |         4 |    117 |               5 |          7 |      Fixed 
   984 |  JC69 |        20 |    181 |               3 |          4 |      Fixed 
   985 |  JC69 |         5 |    219 |               0 |          3 |      Fixed 
   986 |  JC69 |        14 |    554 |             302 |         34 |      Fixed 
   987 |  JC69 |         5 |    282 |              19 |          7 |      Fixed 
   988 |  JC69 |        13 |    401 |             139 |         21 |      Fixed 
   989 |  JC69 |        19 |     58 |               0 |          1 |      Fixed 
   990 |  JC69 |        19 |    146 |              10 |          8 |      Fixed 
   991 |  JC69 |        16 |     87 |               2 |          4 |      Fixed 
   992 |  JC69 |        13 |    288 |              27 |         16 |      Fixed 
   993 |  JC69 |        19 |    158 |               2 |          3 |      Fixed 
   994 |  JC69 |         4 |    285 |              53 |          9 |      Fixed 
   995 |  JC69 |         3 |     50 |               1 |          2 |      Fixed 
   996 |  JC69 |         5 |    223 |               3 |          4 |      Fixed 
   997 |  JC69 |        12 |    448 |             225 |         25 |      Fixed 
   998 |  JC69 |        16 |     93 |               6 |          7 |      Fixed 
   999 |  JC69 |        13 |    179 |               8 |          9 |      Fixed 
  1000 |  JC69 |        16 |    188 |               0 |          1 |      Fixed 
  1001 |  JC69 |         3 |    157 |               5 |          5 |      Fixed 
  1002 |  JC69 |        18 |    148 |               3 |          4 |      Fixed 
  1003 |  JC69 |         9 |     71 |               6 |          3 |      Fixed 
  1004 |  JC69 |         3 |    147 |              63 |          5 |      Fixed 
  1005 |  JC69 |         4 |    142 |               2 |          3 |      Fixed 
  1006 |  JC69 |        19 |    232 |               6 |          5 |      Fixed 
  1007 |  JC69 |        16 |    226 |               4 |          5 |      Fixed 
  1008 |  JC69 |         2 |    264 |               2 |          4 |      Fixed 
  1009 |  JC69 |        14 |    156 |               7 |          6 |      Fixed 
  1010 |  JC69 |         6 |     82 |               6 |          6 |      Fixed 
  1011 |  JC69 |        10 |    283 |              20 |         15 |      Fixed 
  1012 |  JC69 |         6 |     90 |               7 |          3 |      Fixed 
  1013 |  JC69 |         6 |    281 |               7 |          6 |      Fixed 
  1014 |  JC69 |         2 |    273 |               1 |          2 |      Fixed 
  1015 |  JC69 |        15 |    197 |              52 |         12 |      Fixed 
  1016 |  JC69 |         8 |     79 |               1 |          3 |      Fixed 
  1017 |  JC69 |        18 |    144 |               7 |          7 |      Fixed 
  1018 |  JC69 |        20 |    476 |             235 |         16 |      Fixed 
  1019 |  JC69 |         3 |    152 |               0 |          1 |      Fixed 
  1020 |  JC69 |         2 |     69 |               4 |          4 |      Fixed 
  1021 |  JC69 |         2 |    243 |              55 |          5 |      Fixed 
  1022 |  JC69 |        18 |    125 |              12 |          9 |      Fixed 
  1023 |  JC69 |        20 |    161 |               5 |          5 |      Fixed 
  1024 |  JC69 |         2 |    286 |              10 |          4 |      Fixed 
  1025 |  JC69 |         6 |    143 |               4 |          5 |      Fixed 
  1026 |  JC69 |        14 |    146 |              26 |         14 |      Fixed 
  1027 |  JC69 |         6 |    283 |              22 |         14 |      Fixed 
  1028 |  JC69 |         3 |    285 |              22 |          6 |      Fixed 
  1029 |  JC69 |         2 |    203 |               4 |          5 |      Fixed 
  1030 |  JC69 |        10 |    138 |               5 |          6 |      Fixed 
  1031 |  JC69 |        20 |    163 |              12 |         12 |      Fixed 
  1032 |  JC69 |        11 |    282 |              20 |         20 |      Fixed 
  1033 |  JC69 |        20 |     72 |               5 |          5 |      Fixed 
  1034 |  JC69 |         4 |     61 |               0 |          2 |      Fixed 
  1035 |  JC69 |         7 |    412 |             142 |         15 |      Fixed 
  1036 |  JC69 |        11 |    122 |               2 |          3 |      Fixed 
  1037 |  JC69 |        13 |    286 |              25 |         23 |      Fixed 
  1038 |  JC69 |         2 |    221 |              29 |          6 |      Fixed 
  1039 |  JC69 |        11 |     81 |              33 |          9 |      Fixed 
  1040 |  JC69 |         5 |     81 |               0 |          2 |      Fixed 
  1041 |  JC69 |        14 |     74 |               3 |          4 |      Fixed 
  1042 |  JC69 |         6 |    161 |               2 |          3 |      Fixed 
  1043 |  JC69 |         3 |     77 |               0 |          1 |      Fixed 
  1044 |  JC69 |         4 |    104 |               9 |          8 |      Fixed 
  1045 |  JC69 |         2 |    205 |               1 |          3 |      Fixed 
  1046 |  JC69 |        18 |    159 |               7 |          9 |      Fixed 
  1047 |  JC69 |         3 |    280 |               5 |          4 |      Fixed 
  1048 |  JC69 |         5 |     60 |               0 |          1 |      Fixed 
  1049 |  JC69 |         2 |    148 |               8 |          7 |      Fixed 
  1050 |  JC69 |        15 |    193 |               3 |          5 |      Fixed 
  1051 |  JC69 |        19 |    119 |               1 |          2 |      Fixed 
  1052 |  JC69 |        14 |    382 |             127 |         19 |      Fixed 
  1053 |  JC69 |        17 |     76 |               9 |          8 |      Fixed 
  1054 |  JC69 |         3 |    155 |               3 |          4 |      Fixed 
  1055 |  JC69 |        12 |    147 |              73 |         14 |      Fixed 
  1056 |  JC69 |         3 |     65 |               2 |          2 |      Fixed 
  1057 |  JC69 |        20 |    106 |               5 |          6 |      Fixed 
  1058 |  JC69 |        13 |    148 |               7 |          8 |      Fixed 
  1059 |  JC69 |        20 |    246 |             102 |         13 |      Fixed 
  1060 |  JC69 |         5 |    282 |               3 |          4 |      Fixed 
  1061 |  JC69 |         7 |    101 |               2 |          3 |      Fixed 
  1062 |  JC69 |         6 |    176 |               5 |          6 |      Fixed 
  1063 |  JC69 |         2 |    281 |               5 |          4 |      Fixed 
  1064 |  JC69 |        19 |    175 |               6 |          7 |      Fixed 
  1065 |  JC69 |        18 |    126 |               1 |          2 |      Fixed 
  1066 |  JC69 |         4 |    278 |              23 |         13 |      Fixed 
  1067 |  JC69 |        18 |    695 |             695 |         32 |      Fixed 
  1068 |  JC69 |         2 |    206 |              78 |          2 |      Fixed 
  1069 |  JC69 |         9 |    186 |              21 |         14 |      Fixed 
  1070 |  JC69 |        11 |     94 |               6 |          7 |      Fixed 
  1071 |  JC69 |        15 |    106 |               4 |          6 |      Fixed 
  1072 |  JC69 |         2 |    137 |               2 |          2 |      Fixed 
  1073 |  JC69 |        10 |    159 |               7 |          7 |      Fixed 
  1074 |  JC69 |        10 |    162 |              12 |          6 |      Fixed 
  1075 |  JC69 |         4 |    366 |               7 |          7 |      Fixed 
  1076 |  JC69 |         3 |    245 |              30 |          6 |      Fixed 
  1077 |  JC69 |        16 |    207 |              33 |         17 |      Fixed 
  1078 |  JC69 |         4 |    116 |              20 |          4 |      Fixed 
  1079 |  JC69 |         3 |    112 |              46 |          2 |      Fixed 
  1080 |  JC69 |         3 |    190 |               7 |          8 |      Fixed 
  1081 |  JC69 |        17 |     64 |               4 |          4 |      Fixed 
  1082 |  JC69 |         3 |    280 |               5 |          5 |      Fixed 
  1083 |  JC69 |         2 |    113 |              49 |          4 |      Fixed 
  1084 |  JC69 |         9 |    262 |              92 |         28 |      Fixed 
  1085 |  JC69 |        14 |    206 |               9 |          8 |      Fixed 
  1086 |  JC69 |        16 |    164 |               4 |          5 |      Fixed 
  1087 |  JC69 |         4 |    114 |               1 |          2 |      Fixed 
  1088 |  JC69 |         4 |    114 |               0 |          1 |      Fixed 
  1089 |  JC69 |         6 |    161 |               1 |          2 |      Fixed 
  1090 |  JC69 |         6 |     40 |               2 |          3 |      Fixed 
  1091 |  JC69 |        12 |    223 |              61 |          7 |      Fixed 
  1092 |  JC69 |         4 |    190 |              67 |          7 |      Fixed 
  1093 |  JC69 |         3 |    281 |               8 |          7 |      Fixed 
  1094 |  JC69 |         3 |     76 |               0 |          2 |      Fixed 
  1095 |  JC69 |         2 |    236 |               2 |          4 |      Fixed 
  1096 |  JC69 |         5 |     92 |              10 |          3 |      Fixed 
  1097 |  JC69 |         4 |     81 |              36 |          5 |      Fixed 
  1098 |  JC69 |         6 |    120 |              16 |         12 |      Fixed 
  1099 |  JC69 |         2 |    242 |               4 |          3 |      Fixed 
  1100 |  JC69 |         5 |    129 |               1 |          2 |      Fixed 
  1101 |  JC69 |        17 |    100 |               0 |          1 |      Fixed 
  1102 |  JC69 |         6 |    146 |              14 |          8 |      Fixed 
  1103 |  JC69 |         2 |    118 |               0 |          1 |      Fixed 
  1104 |  JC69 |         5 |    135 |              11 |          5 |      Fixed 
  1105 |  JC69 |         6 |     58 |               1 |          2 |      Fixed 
  1106 |  JC69 |         3 |    146 |               0 |          1 |      Fixed 
  1107 |  JC69 |         5 |     58 |               0 |          2 |      Fixed 
  1108 |  JC69 |        10 |    102 |               3 |          2 |      Fixed 
  1109 |  JC69 |         2 |    163 |               0 |          2 |      Fixed 
  1110 |  JC69 |         3 |     76 |               3 |          3 |      Fixed 
  1111 |  JC69 |         6 |    168 |               9 |          6 |      Fixed 
  1112 |  JC69 |         3 |    163 |               3 |          5 |      Fixed 
  1113 |  JC69 |         6 |    113 |              72 |         12 |      Fixed 
  1114 |  JC69 |         2 |    222 |              79 |          5 |      Fixed 
  1115 |  JC69 |         2 |    140 |               2 |          2 |      Fixed 
  1116 |  JC69 |         4 |     61 |               3 |          4 |      Fixed 
  1117 |  JC69 |         3 |    117 |               8 |          6 |      Fixed 
  1118 |  JC69 |         8 |     79 |               9 |          9 |      Fixed 
  1119 |  JC69 |         8 |     85 |              13 |         12 |      Fixed 
  1120 |  JC69 |         7 |    281 |              32 |         16 |      Fixed 
  1121 |  JC69 |         3 |    286 |              12 |          9 |      Fixed 
  1122 |  JC69 |         4 |    157 |               4 |          5 |      Fixed 
  1123 |  JC69 |         2 |     70 |               0 |          1 |      Fixed 
  1124 |  JC69 |        16 |    103 |               1 |          2 |      Fixed 
  1125 |  JC69 |        17 |    147 |               2 |          3 |      Fixed 
  1126 |  JC69 |         2 |    144 |               7 |          4 |      Fixed 
  1127 |  JC69 |         2 |     77 |               3 |          2 |      Fixed 
  1128 |  JC69 |         5 |    401 |              45 |          9 |      Fixed 
  1129 |  JC69 |         4 |    161 |               5 |          6 |      Fixed 
  1130 |  JC69 |         2 |    139 |               0 |          2 |      Fixed 
  1131 |  JC69 |        19 |    462 |             202 |         21 |      Fixed 
  1132 |  JC69 |         2 |     83 |               0 |          1 |      Fixed 
  1133 |  JC69 |        13 |    140 |              18 |         12 |      Fixed 
  1134 |  JC69 |         3 |    262 |              11 |          4 |      Fixed 
  1135 |  JC69 |        15 |     74 |               3 |          4 |      Fixed 
  1136 |  JC69 |         9 |    146 |               8 |          4 |      Fixed 
  1137 |  JC69 |         3 |    111 |               8 |          6 |      Fixed 
  1138 |  JC69 |         2 |    237 |               4 |          2 |      Fixed 
  1139 |  JC69 |         2 |    101 |               0 |          1 |      Fixed 
  1140 |  JC69 |        13 |     76 |              14 |          7 |      Fixed 
  1141 |  JC69 |         2 |     74 |               0 |          1 |      Fixed 
  1142 |  JC69 |         6 |    205 |               0 |          2 |      Fixed 
  1143 |  JC69 |         6 |     66 |               5 |          6 |      Fixed 
  1144 |  JC69 |         9 |    489 |             358 |         22 |      Fixed 
  1145 |  JC69 |         9 |     53 |               2 |          4 |      Fixed 
  1146 |  JC69 |        18 |    208 |              21 |         18 |      Fixed 
  1147 |  JC69 |        20 |    158 |               3 |          4 |      Fixed 
  1148 |  JC69 |         6 |    209 |              11 |          9 |      Fixed 
  1149 |  JC69 |         4 |    186 |              12 |          9 |      Fixed 
  1150 |  JC69 |        18 |     63 |              16 |          7 |      Fixed 
  1151 |  JC69 |        10 |    136 |              19 |          7 |      Fixed 
  1152 |  JC69 |         6 |    131 |              18 |          3 |      Fixed 
  1153 |  JC69 |         3 |     93 |               0 |          2 |      Fixed 
  1154 |  JC69 |         2 |    281 |               9 |          8 |      Fixed 
  1155 |  JC69 |         3 |    280 |               4 |          5 |      Fixed 
  1156 |  JC69 |        20 |    930 |             613 |         30 |      Fixed 
  1157 |  JC69 |        12 |     77 |              10 |          9 |      Fixed 
  1158 |  JC69 |         4 |    257 |               8 |          9 |      Fixed 
  1159 |  JC69 |         7 |    107 |               6 |          5 |      Fixed 
  1160 |  JC69 |        15 |    185 |              14 |         15 |      Fixed 
  1161 |  JC69 |         2 |    241 |               9 |          6 |      Fixed 
  1162 |  JC69 |         6 |     43 |               2 |          3 |      Fixed 
  1163 |  JC69 |         3 |    212 |               4 |          5 |      Fixed 
  1164 |  JC69 |         2 |     84 |               1 |          2 |      Fixed 
  1165 |  JC69 |        20 |    151 |               9 |          3 |      Fixed 
  1166 |  JC69 |         3 |    111 |               5 |          3 |      Fixed 
  1167 |  JC69 |        20 |    158 |               2 |          3 |      Fixed 
  1168 |  JC69 |        11 |     84 |               0 |          1 |      Fixed 
  1169 |  JC69 |        15 |    267 |             126 |          9 |      Fixed 
  1170 |  JC69 |         7 |     64 |              10 |          3 |      Fixed 
  1171 |  JC69 |         4 |     49 |               1 |          2 |      Fixed 
  1172 |  JC69 |        19 |    103 |               5 |          3 |      Fixed 
  1173 |  JC69 |         9 |    157 |               2 |          3 |      Fixed 
  1174 |  JC69 |         2 |    226 |               0 |          1 |      Fixed 
  1175 |  JC69 |         4 |     47 |               1 |          2 |      Fixed 
  1176 |  JC69 |        14 |    246 |             121 |         24 |      Fixed 
  1177 |  JC69 |         5 |    282 |              34 |         10 |      Fixed 
  1178 |  JC69 |         5 |    135 |              45 |          6 |      Fixed 
  1179 |  JC69 |         8 |    125 |               6 |          7 |      Fixed 
  1180 |  JC69 |         2 |    280 |              21 |         11 |      Fixed 
  1181 |  JC69 |        10 |     85 |               0 |          3 |      Fixed 
  1182 |  JC69 |         2 |    231 |               2 |          2 |      Fixed 
  1183 |  JC69 |         2 |    272 |               8 |          7 |      Fixed 
  1184 |  JC69 |         4 |    283 |             147 |          8 |      Fixed 
  1185 |  JC69 |         3 |     93 |               2 |          2 |      Fixed 
  1186 |  JC69 |         3 |     86 |               8 |          5 |      Fixed 
  1187 |  JC69 |         2 |    281 |               4 |          3 |      Fixed 
  1188 |  JC69 |         3 |     74 |               0 |          1 |      Fixed 
  1189 |  JC69 |         4 |     85 |               0 |          1 |      Fixed 
  1190 |  JC69 |         5 |    142 |               5 |          6 |      Fixed 
  1191 |  JC69 |         2 |    103 |               4 |          3 |      Fixed 
  1192 |  JC69 |         2 |    125 |               0 |          1 |      Fixed 
  1193 |  JC69 |         4 |    260 |              24 |         14 |      Fixed 
  1194 |  JC69 |        11 |    135 |               5 |          6 |      Fixed 
  1195 |  JC69 |        16 |     75 |               3 |          5 |      Fixed 
  1196 |  JC69 |        19 |    124 |               7 |          6 |      Fixed 
  1197 |  JC69 |        14 |    193 |              26 |         14 |      Fixed 
  1198 |  JC69 |        13 |    203 |               6 |          6 |      Fixed 
  1199 |  JC69 |        16 |    243 |              20 |         20 |      Fixed 
  1200 |  JC69 |        20 |     67 |               0 |          1 |      Fixed 
  1201 |  JC69 |        14 |    168 |              12 |         13 |      Fixed 
  1202 |  JC69 |         3 |    277 |              77 |          8 |      Fixed 
  1203 |  JC69 |         3 |    222 |              38 |         18 |      Fixed 
  1204 |  JC69 |         2 |    278 |               6 |          4 |      Fixed 
  1205 |  JC69 |        11 |    471 |             161 |         20 |      Fixed 
  1206 |  JC69 |        12 |     48 |               0 |          1 |      Fixed 
  1207 |  JC69 |         4 |    256 |               2 |          3 |      Fixed 
  1208 |  JC69 |         3 |    166 |               5 |          6 |      Fixed 
  1209 |  JC69 |         9 |    256 |             101 |         18 |      Fixed 
  1210 |  JC69 |         7 |    165 |               1 |          2 |      Fixed 
  1211 |  JC69 |         2 |    279 |               8 |          4 |      Fixed 
  1212 |  JC69 |        11 |    165 |              43 |          5 |      Fixed 
  1213 |  JC69 |        12 |    108 |              22 |          4 |      Fixed 
  1214 |  JC69 |        20 |    128 |               1 |          2 |      Fixed 
  1215 |  JC69 |         5 |    278 |              40 |         15 |      Fixed 
  1216 |  JC69 |        18 |    301 |             200 |         10 |      Fixed 
  1217 |  JC69 |         2 |    277 |               5 |          5 |      Fixed 
  1218 |  JC69 |         5 |    282 |              30 |          7 |      Fixed 
  1219 |  JC69 |        16 |    291 |              37 |         25 |      Fixed 
  1220 |  JC69 |        10 |    139 |              40 |         21 |      Fixed 
  1221 |  JC69 |         2 |     93 |               2 |          2 |      Fixed 
  1222 |  JC69 |        15 |    344 |             115 |         26 |      Fixed 
  1223 |  JC69 |         3 |     99 |               1 |          2 |      Fixed 
  1224 |  JC69 |        17 |    115 |               7 |          8 |      Fixed 
  1225 |  JC69 |        17 |    143 |               5 |          7 |      Fixed 
  1226 |  JC69 |         2 |    148 |               4 |          2 |      Fixed 
  1227 |  JC69 |         2 |    105 |               2 |          4 |      Fixed 
  1228 |  JC69 |         8 |    114 |              32 |         10 |      Fixed 
  1229 |  JC69 |         3 |     58 |               3 |          2 |      Fixed 
  1230 |  JC69 |         2 |     40 |               0 |          1 |      Fixed 
  1231 |  JC69 |        19 |    102 |              10 |         10 |      Fixed 
  1232 |  JC69 |         2 |     47 |               0 |          1 |      Fixed 
  1233 |  JC69 |         4 |     92 |               0 |          2 |      Fixed 
  1234 |  JC69 |         2 |     81 |               1 |          2 |      Fixed 
  1235 |  JC69 |        17 |    155 |              13 |         12 |      Fixed 
  1236 |  JC69 |        14 |    160 |              13 |         12 |      Fixed 
  1237 |  JC69 |         3 |    281 |               3 |          3 |      Fixed 
  1238 |  JC69 |         4 |     55 |               0 |          1 |      Fixed 
  1239 |  JC69 |         3 |    140 |               1 |          3 |      Fixed 
  1240 |  JC69 |        12 |    282 |              24 |         19 |      Fixed 
  1241 |  JC69 |        10 |    159 |              45 |          6 |      Fixed 
  1242 |  JC69 |        20 |     94 |               1 |          2 |      Fixed 
  1243 |  JC69 |        20 |     48 |               1 |          2 |      Fixed 
  1244 |  JC69 |        20 |     71 |               2 |          3 |      Fixed 

Parsing map file...
ajan_BABY6724 ajan
ajan_DW655 ajan
ajan_DW663 ajan
ajan_esa36 ajan
ajan_wdb38 ajan
ajan_ODP48916 ajan
ajancf_SLM01 ajan
ajancf_SLM05 ajan
ajancf_SLM10 ajan
alas_BABY422 alas
alas_BABY4577 alas
alas_BABY6558 alas
alas_DW641 alas
alas_DW646 alas
alas_ODP43138 alas
alas_ODP7414 alas
alas_ODP7415 alas
alas_ODP7424 alas
alas_ODP7429 alas
alas_ODP7432 alas
 Done
Writing multilocus alignments with compressed site patterns in fit/output/ch8.compressed-aln.phy

diploid_resolve_locus      1:         6      165        2 ->         2
diploid_resolve_locus      2:        20      130        6 ->         7
diploid_resolve_locus      3:        15       84        3 ->         3
diploid_resolve_locus      4:         3      273       10 ->        10
diploid_resolve_locus      5:         2       81        1 ->         1
diploid_resolve_locus      6:        20       94        3 ->         3
diploid_resolve_locus      7:        12      483        9 ->         9
diploid_resolve_locus      8:        20      185        4 ->         4
diploid_resolve_locus      9:         6      282        4 ->         4
diploid_resolve_locus     10:         4      282        6 ->         6
diploid_resolve_locus     11:        15      104        2 ->         2
diploid_resolve_locus     12:        17      134        7 ->         7
diploid_resolve_locus     13:        19       70        4 ->         4
diploid_resolve_locus     14:        15      150        6 ->         7
diploid_resolve_locus     15:        20      226        6 ->         6
diploid_resolve_locus     16:        10      232        8 ->         9
diploid_resolve_locus     17:        20      673       16 ->        22
diploid_resolve_locus     18:        20      249        5 ->         6
diploid_resolve_locus     19:         9       82        4 ->         6
diploid_resolve_locus     20:         3      173        5 ->         6
diploid_resolve_locus     21:         4      281        7 ->         7
diploid_resolve_locus     22:         9      170        1 ->         1
diploid_resolve_locus     23:         2       88        1 ->         1
diploid_resolve_locus     24:        20      189        6 ->        12
diploid_resolve_locus     25:         7      138        5 ->         5
diploid_resolve_locus     26:        16       92        1 ->         1
diploid_resolve_locus     27:         9      116        3 ->         3
diploid_resolve_locus     28:        15       63        2 ->         2
diploid_resolve_locus     29:        14      661       37 ->        51
diploid_resolve_locus     30:        20      213        4 ->         4
diploid_resolve_locus     31:        10      284       15 ->        22
diploid_resolve_locus     32:        11      183        3 ->         3
diploid_resolve_locus     33:        19      488       12 ->        12
diploid_resolve_locus     34:        20      410       11 ->       172
diploid_resolve_locus     35:         3       47        2 ->         5
diploid_resolve_locus     36:         3      238        8 ->         9
diploid_resolve_locus     37:        18      188        5 ->         5
diploid_resolve_locus     38:         5      285        9 ->         9
diploid_resolve_locus     39:        14       71        3 ->         3
diploid_resolve_locus     40:         4      286        6 ->         6
diploid_resolve_locus     41:        19      439       17 ->        19
diploid_resolve_locus     42:        15      104        5 ->         5
diploid_resolve_locus     43:         5      262       11 ->        11
diploid_resolve_locus     44:        13      120        6 ->         7
diploid_resolve_locus     45:        17     1174       29 ->        50
diploid_resolve_locus     46:        20      188        3 ->         3
diploid_resolve_locus     47:        17       66        5 ->         5
diploid_resolve_locus     48:         4      279        8 ->         8
diploid_resolve_locus     49:         2      277        7 ->        10
diploid_resolve_locus     50:        18      399       22 ->        36
diploid_resolve_locus     51:        18       84        8 ->        24
diploid_resolve_locus     52:        20      214        3 ->         3
diploid_resolve_locus     53:        20      117        3 ->         3
diploid_resolve_locus     54:        19      148       10 ->        38
diploid_resolve_locus     55:        20      121        3 ->         3
diploid_resolve_locus     56:        20      178       12 ->        14
diploid_resolve_locus     57:        17      120        9 ->        11
diploid_resolve_locus     58:         5      278        5 ->         5
diploid_resolve_locus     59:         9      497       18 ->        24
diploid_resolve_locus     60:         9      282       11 ->        11
diploid_resolve_locus     61:        20      323        3 ->         3
diploid_resolve_locus     62:        10      496        8 ->         8
diploid_resolve_locus     63:         2      130        3 ->         3
diploid_resolve_locus     64:         7      434       10 ->        12
diploid_resolve_locus     65:        12      286       19 ->        19
diploid_resolve_locus     66:        17      237       13 ->        29
diploid_resolve_locus     67:         7       95        1 ->         1
diploid_resolve_locus     68:        13      265        8 ->         9
diploid_resolve_locus     69:        19      561       14 ->        16
diploid_resolve_locus     70:         4      247        3 ->         3
diploid_resolve_locus     71:        20      304       11 ->        13
diploid_resolve_locus     72:        19      251        9 ->        11
diploid_resolve_locus     73:        18      251       11 ->        14
diploid_resolve_locus     74:         4      272        4 ->         4
diploid_resolve_locus     75:        18      370       15 ->        28
diploid_resolve_locus     76:        16      108        4 ->         4
diploid_resolve_locus     77:        19      253        7 ->         8
diploid_resolve_locus     78:        19      291       22 ->        23
diploid_resolve_locus     79:        15       96        2 ->         2
diploid_resolve_locus     80:        16      369       12 ->        12
diploid_resolve_locus     81:        19      132        5 ->         5
diploid_resolve_locus     82:        19       79        2 ->         2
diploid_resolve_locus     83:         5       89        2 ->         2
diploid_resolve_locus     84:         2       80        1 ->         1
diploid_resolve_locus     85:        13      269       13 ->        17
diploid_resolve_locus     86:         7       48        2 ->         2
diploid_resolve_locus     87:        16      463       23 ->        24
diploid_resolve_locus     88:        18       51        3 ->         3
diploid_resolve_locus     89:        20      115        3 ->         3
diploid_resolve_locus     90:         7      210        5 ->         6
diploid_resolve_locus     91:         7       61        2 ->         2
diploid_resolve_locus     92:        19       73        3 ->         3
diploid_resolve_locus     93:        20      347       12 ->        22
diploid_resolve_locus     94:        12      479       20 ->        21
diploid_resolve_locus     95:         5      145        3 ->         3
diploid_resolve_locus     96:        20      148        8 ->         9
diploid_resolve_locus     97:        15      114        5 ->         5
diploid_resolve_locus     98:        20       64        7 ->         8
diploid_resolve_locus     99:        20       98        3 ->         3
diploid_resolve_locus    100:         6      283       15 ->        16
diploid_resolve_locus    101:         3      281        9 ->        10
diploid_resolve_locus    102:        20      163        6 ->         6
diploid_resolve_locus    103:        20      154        4 ->        11
diploid_resolve_locus    104:        19      123        5 ->        17
diploid_resolve_locus    105:        11      550       11 ->        16
diploid_resolve_locus    106:        20      104        2 ->         2
diploid_resolve_locus    107:         2      155        2 ->         2
diploid_resolve_locus    108:        13      165        1 ->         1
diploid_resolve_locus    109:        17      161        5 ->         6
diploid_resolve_locus    110:         4      226        6 ->         7
diploid_resolve_locus    111:        13       43        2 ->         2
diploid_resolve_locus    112:         8      280        8 ->         8
diploid_resolve_locus    113:        14      200        6 ->         6
diploid_resolve_locus    114:        19      921       28 ->        32
diploid_resolve_locus    115:        19      598       17 ->        18
diploid_resolve_locus    116:         2      286        3 ->         3
diploid_resolve_locus    117:        10      557       18 ->        21
diploid_resolve_locus    118:        14      532       26 ->        35
diploid_resolve_locus    119:        20      233        5 ->         9
diploid_resolve_locus    120:        20      219        9 ->        15
diploid_resolve_locus    121:         2       94        1 ->         1
diploid_resolve_locus    122:        13      153        9 ->        11
diploid_resolve_locus    123:         2       57        1 ->         1
diploid_resolve_locus    124:        11      284        3 ->         3
diploid_resolve_locus    125:         4      206        5 ->         5
diploid_resolve_locus    126:        14      288       17 ->        19
diploid_resolve_locus    127:         2      285        3 ->         3
diploid_resolve_locus    128:        20      228       18 ->        29
diploid_resolve_locus    129:         6      457       10 ->        11
diploid_resolve_locus    130:         7      282       12 ->        12
diploid_resolve_locus    131:         6      280       14 ->        16
diploid_resolve_locus    132:         2      277       10 ->        15
diploid_resolve_locus    133:        19      240       13 ->        24
diploid_resolve_locus    134:        15       42        4 ->         5
diploid_resolve_locus    135:        20       72        5 ->         5
diploid_resolve_locus    136:        20      566       27 ->       132
diploid_resolve_locus    137:         5      528        4 ->         4
diploid_resolve_locus    138:        18      144        4 ->         4
diploid_resolve_locus    139:        19       73        3 ->         3
diploid_resolve_locus    140:        20      148       10 ->        14
diploid_resolve_locus    141:         3      286        4 ->         4
diploid_resolve_locus    142:        11      402       13 ->        15
diploid_resolve_locus    143:        19      429        9 ->         9
diploid_resolve_locus    144:        16      584       16 ->        20
diploid_resolve_locus    145:        10      286       21 ->        23
diploid_resolve_locus    146:        20      292       11 ->        11
diploid_resolve_locus    147:         8      253        5 ->         5
diploid_resolve_locus    148:        15       61        3 ->         3
diploid_resolve_locus    149:         9      286       21 ->        21
diploid_resolve_locus    150:         3      279        5 ->         5
diploid_resolve_locus    151:         3      278        5 ->         5
diploid_resolve_locus    152:         2      272        2 ->         2
diploid_resolve_locus    153:        20      263        7 ->         7
diploid_resolve_locus    154:         5      331        9 ->         9
diploid_resolve_locus    155:        19      131        4 ->        19
diploid_resolve_locus    156:        20      263        6 ->         7
diploid_resolve_locus    157:         5      283        7 ->         9
diploid_resolve_locus    158:         6      282       12 ->        15
diploid_resolve_locus    159:        13      458       15 ->        17
diploid_resolve_locus    160:         9      432        9 ->         9
diploid_resolve_locus    161:        19      227       13 ->        17
diploid_resolve_locus    162:         4      100        2 ->         2
diploid_resolve_locus    163:        11      118       13 ->        26
diploid_resolve_locus    164:        20      167        7 ->        13
diploid_resolve_locus    165:        20      698       21 ->        23
diploid_resolve_locus    166:        13       53        2 ->         2
diploid_resolve_locus    167:        19       90        3 ->         3
diploid_resolve_locus    168:        19       90        4 ->        19
diploid_resolve_locus    169:        19      289       27 ->        34
diploid_resolve_locus    170:        18      188        4 ->         5
diploid_resolve_locus    171:        19      401        5 ->         5
diploid_resolve_locus    172:        20      501       17 ->        18
diploid_resolve_locus    173:        15       97        2 ->         2
diploid_resolve_locus    174:        20       73        2 ->         2
diploid_resolve_locus    175:        20      323       11 ->        15
diploid_resolve_locus    176:         3       72        1 ->         1
diploid_resolve_locus    177:        15      287       13 ->        13
diploid_resolve_locus    178:        12      215        4 ->         4
diploid_resolve_locus    179:        20      289        5 ->         6
diploid_resolve_locus    180:        18      388       13 ->        89
diploid_resolve_locus    181:         3      363       13 ->        17
diploid_resolve_locus    182:        17       81        3 ->         3
diploid_resolve_locus    183:         4      259        6 ->         6
diploid_resolve_locus    184:        15      192        7 ->         7
diploid_resolve_locus    185:        20       85        5 ->         6
diploid_resolve_locus    186:        15      283       17 ->        21
diploid_resolve_locus    187:        19      617       20 ->        21
diploid_resolve_locus    188:         5       48        1 ->         1
diploid_resolve_locus    189:        18      254       23 ->        23
diploid_resolve_locus    190:        16      148        8 ->         8
diploid_resolve_locus    191:        15      127       10 ->        10
diploid_resolve_locus    192:        16      245       18 ->        22
diploid_resolve_locus    193:        20       75        3 ->         3
diploid_resolve_locus    194:        20      205       11 ->        18
diploid_resolve_locus    195:        12      197       10 ->        13
diploid_resolve_locus    196:         6      281       11 ->        13
diploid_resolve_locus    197:        20      111        4 ->         4
diploid_resolve_locus    198:        15      152        5 ->         6
diploid_resolve_locus    199:         2      276        5 ->         5
diploid_resolve_locus    200:        20      278        9 ->         9
diploid_resolve_locus    201:         7      437       11 ->        13
diploid_resolve_locus    202:        20      131        8 ->        10
diploid_resolve_locus    203:        12      106        9 ->         9
diploid_resolve_locus    204:         4      279        8 ->         9
diploid_resolve_locus    205:         5      282        6 ->         6
diploid_resolve_locus    206:        16     1007       16 ->        18
diploid_resolve_locus    207:        19       75        2 ->         2
diploid_resolve_locus    208:         2      278        4 ->         4
diploid_resolve_locus    209:         6      113        1 ->         1
diploid_resolve_locus    210:        14      107        6 ->         9
diploid_resolve_locus    211:        19      118        5 ->         5
diploid_resolve_locus    212:        18      140        5 ->         5
diploid_resolve_locus    213:        19      164        3 ->         3
diploid_resolve_locus    214:        11     1084       27 ->        33
diploid_resolve_locus    215:         3      275        3 ->         3
diploid_resolve_locus    216:        20      204        7 ->         9
diploid_resolve_locus    217:        20      209        9 ->        11
diploid_resolve_locus    218:        18       87        3 ->         3
diploid_resolve_locus    219:        16      148       11 ->        14
diploid_resolve_locus    220:         2      257        4 ->         4
diploid_resolve_locus    221:        11      463       13 ->        19
diploid_resolve_locus    222:        20      108        3 ->         3
diploid_resolve_locus    223:        17      292       20 ->        33
diploid_resolve_locus    224:        11      154        7 ->         7
diploid_resolve_locus    225:         5      114        3 ->         3
diploid_resolve_locus    226:        14      384       25 ->        82
diploid_resolve_locus    227:        20      291       12 ->        22
diploid_resolve_locus    228:        20      229       15 ->        20
diploid_resolve_locus    229:        18       84        2 ->         2
diploid_resolve_locus    230:        20      210       12 ->        17
diploid_resolve_locus    231:         3      276       12 ->        20
diploid_resolve_locus    232:        17      266       15 ->        39
diploid_resolve_locus    233:         3      274        5 ->         5
diploid_resolve_locus    234:         6      171        1 ->         1
diploid_resolve_locus    235:        20       80        4 ->         4
diploid_resolve_locus    236:         7      329       10 ->        13
diploid_resolve_locus    237:         2      406        4 ->         4
diploid_resolve_locus    238:        18       49        4 ->         4
diploid_resolve_locus    239:        20      150       11 ->        12
diploid_resolve_locus    240:         3      144        1 ->         1
diploid_resolve_locus    241:         2      195        1 ->         1
diploid_resolve_locus    242:        18      215        9 ->        10
diploid_resolve_locus    243:        17      271       15 ->        24
diploid_resolve_locus    244:        20      195        7 ->        12
diploid_resolve_locus    245:         2      278        1 ->         1
diploid_resolve_locus    246:        18      727       21 ->        26
diploid_resolve_locus    247:        19      440       17 ->        19
diploid_resolve_locus    248:         5      231        5 ->         7
diploid_resolve_locus    249:         3       53        1 ->         1
diploid_resolve_locus    250:        20      106        7 ->         8
diploid_resolve_locus    251:        20      201        4 ->         4
diploid_resolve_locus    252:         7       44        2 ->         2
diploid_resolve_locus    253:        20      146        7 ->         7
diploid_resolve_locus    254:        20      154        4 ->         5
diploid_resolve_locus    255:         4       74        3 ->         3
diploid_resolve_locus    256:         4      277        7 ->         7
diploid_resolve_locus    257:        17      150        2 ->         2
diploid_resolve_locus    258:         2      285        5 ->         5
diploid_resolve_locus    259:        17      148        6 ->         6
diploid_resolve_locus    260:        14      109        4 ->         4
diploid_resolve_locus    261:        15      159        6 ->         9
diploid_resolve_locus    262:         6      284       12 ->        17
diploid_resolve_locus    263:        11      246       11 ->        18
diploid_resolve_locus    264:         6       45        5 ->         5
diploid_resolve_locus    265:        20      302       10 ->       140
diploid_resolve_locus    266:         9       97        2 ->         2
diploid_resolve_locus    267:        13      142        2 ->         2
diploid_resolve_locus    268:        20      178        5 ->         6
diploid_resolve_locus    269:         7      256       12 ->        13
diploid_resolve_locus    270:        20      146        3 ->         3
diploid_resolve_locus    271:         6      281       23 ->        29
diploid_resolve_locus    272:        17       47        4 ->         4
diploid_resolve_locus    273:        16      120        6 ->         6
diploid_resolve_locus    274:         5       75        2 ->         2
diploid_resolve_locus    275:        10      282       11 ->        11
diploid_resolve_locus    276:         3      162        2 ->         2
diploid_resolve_locus    277:        10      281       16 ->        18
diploid_resolve_locus    278:        19      108        7 ->        12
diploid_resolve_locus    279:        15       64        3 ->         3
diploid_resolve_locus    280:        13       48        3 ->         3
diploid_resolve_locus    281:        20       49        4 ->         4
diploid_resolve_locus    282:        15      227        6 ->         7
diploid_resolve_locus    283:        17      473       16 ->        19
diploid_resolve_locus    284:        12       58        4 ->         4
diploid_resolve_locus    285:        19      146        7 ->         7
diploid_resolve_locus    286:        13       95        1 ->         1
diploid_resolve_locus    287:        16      294       11 ->        11
diploid_resolve_locus    288:        20      209        8 ->         9
diploid_resolve_locus    289:         9      334        9 ->         9
diploid_resolve_locus    290:         4      138        2 ->         2
diploid_resolve_locus    291:        20      147        8 ->        13
diploid_resolve_locus    292:         7      209        7 ->         7
diploid_resolve_locus    293:         8      207        4 ->         4
diploid_resolve_locus    294:        17       67        8 ->        23
diploid_resolve_locus    295:        17      168        7 ->         7
diploid_resolve_locus    296:        19      640       30 ->        40
diploid_resolve_locus    297:         2      280        8 ->        12
diploid_resolve_locus    298:        19      754       28 ->        31
diploid_resolve_locus    299:         2      298        3 ->         3
diploid_resolve_locus    300:        20      190        7 ->        30
diploid_resolve_locus    301:        17      570       34 ->        53
diploid_resolve_locus    302:        14       61        1 ->         1
diploid_resolve_locus    303:        15       62        2 ->         2
diploid_resolve_locus    304:        11      235        7 ->         7
diploid_resolve_locus    305:        14       65        2 ->         2
diploid_resolve_locus    306:         3      377        6 ->         6
diploid_resolve_locus    307:        16      290        6 ->         6
diploid_resolve_locus    308:         6      463        9 ->        12
diploid_resolve_locus    309:         3       80        2 ->         2
diploid_resolve_locus    310:         4      254        9 ->        11
diploid_resolve_locus    311:         2      285        4 ->         4
diploid_resolve_locus    312:        19      574       20 ->        20
diploid_resolve_locus    313:        12      407       15 ->        17
diploid_resolve_locus    314:         4      281        7 ->         7
diploid_resolve_locus    315:        19      288        8 ->         9
diploid_resolve_locus    316:        20      216        4 ->         4
diploid_resolve_locus    317:        19      174        1 ->         1
diploid_resolve_locus    318:        16      223        5 ->         5
diploid_resolve_locus    319:        20     1309       46 ->        64
diploid_resolve_locus    320:        18       55        5 ->         5
diploid_resolve_locus    321:        14       99        4 ->         4
diploid_resolve_locus    322:        20      109        4 ->         4
diploid_resolve_locus    323:         3      287        6 ->         6
diploid_resolve_locus    324:        19      208       12 ->        21
diploid_resolve_locus    325:        11      180       12 ->        22
diploid_resolve_locus    326:        10      244       10 ->        10
diploid_resolve_locus    327:        13      280       13 ->        16
diploid_resolve_locus    328:        19      251       10 ->        17
diploid_resolve_locus    329:         6      274       16 ->        16
diploid_resolve_locus    330:        10      284       16 ->        17
diploid_resolve_locus    331:         2      282        3 ->         3
diploid_resolve_locus    332:        20       91        2 ->         2
diploid_resolve_locus    333:         7      157        9 ->        11
diploid_resolve_locus    334:         3      280        8 ->         8
diploid_resolve_locus    335:        17      146       11 ->        14
diploid_resolve_locus    336:        12      499       19 ->        21
diploid_resolve_locus    337:        20      182        6 ->         6
diploid_resolve_locus    338:        16      110        3 ->         3
diploid_resolve_locus    339:        19      206        9 ->        11
diploid_resolve_locus    340:         2      283        3 ->         3
diploid_resolve_locus    341:        20      365       13 ->       472
diploid_resolve_locus    342:        20      450       15 ->        32
diploid_resolve_locus    343:         8      534       17 ->        27
diploid_resolve_locus    344:         2      108        2 ->         2
diploid_resolve_locus    345:        20      161        7 ->         7
diploid_resolve_locus    346:        18       58        3 ->         4
diploid_resolve_locus    347:        20      548       23 ->        36
diploid_resolve_locus    348:        18       67        4 ->         4
diploid_resolve_locus    349:        13      114        2 ->         2
diploid_resolve_locus    350:        14      455       14 ->        24
diploid_resolve_locus    351:         3      516        3 ->         3
diploid_resolve_locus    352:         3       55        1 ->         1
diploid_resolve_locus    353:        17      140        8 ->         9
diploid_resolve_locus    354:         3      279        7 ->         9
diploid_resolve_locus    355:        20       63        1 ->         1
diploid_resolve_locus    356:         2      283        4 ->         4
diploid_resolve_locus    357:         3       60        1 ->         1
diploid_resolve_locus    358:        10      282       13 ->        13
diploid_resolve_locus    359:        20       92        4 ->         5
diploid_resolve_locus    360:        17       92        2 ->         2
diploid_resolve_locus    361:         5      287        9 ->         9
diploid_resolve_locus    362:        20      192        5 ->         5
diploid_resolve_locus    363:        14      102        4 ->         5
diploid_resolve_locus    364:        10       93        2 ->         2
diploid_resolve_locus    365:        20      117        2 ->         2
diploid_resolve_locus    366:        19       64        2 ->         2
diploid_resolve_locus    367:        18       64        4 ->         5
diploid_resolve_locus    368:         3      283       10 ->        12
diploid_resolve_locus    369:         2       31        1 ->         1
diploid_resolve_locus    370:         2      254        3 ->         4
diploid_resolve_locus    371:        20      151        3 ->         4
diploid_resolve_locus    372:        20      122        4 ->         4
diploid_resolve_locus    373:         6      378        8 ->         9
diploid_resolve_locus    374:         5       69        3 ->         3
diploid_resolve_locus    375:        11      285       20 ->        28
diploid_resolve_locus    376:        11      212       15 ->        20
diploid_resolve_locus    377:        12      322       12 ->        16
diploid_resolve_locus    378:        10       76        4 ->         4
diploid_resolve_locus    379:        17       63        3 ->         3
diploid_resolve_locus    380:        20      314       10 ->        11
diploid_resolve_locus    381:        19      138       10 ->        17
diploid_resolve_locus    382:        20      103        4 ->         5
diploid_resolve_locus    383:        14      102        5 ->         6
diploid_resolve_locus    384:        20      184       14 ->        27
diploid_resolve_locus    385:         3       76        1 ->         1
diploid_resolve_locus    386:        19      277        9 ->         9
diploid_resolve_locus    387:         3      173        2 ->         2
diploid_resolve_locus    388:        19      273       15 ->        26
diploid_resolve_locus    389:         9      399       13 ->        15
diploid_resolve_locus    390:        20      135        5 ->        15
diploid_resolve_locus    391:        11      281       15 ->        17
diploid_resolve_locus    392:         2      286        3 ->         3
diploid_resolve_locus    393:         7      349        7 ->        38
diploid_resolve_locus    394:        10      175        3 ->         3
diploid_resolve_locus    395:        13       96        2 ->         2
diploid_resolve_locus    396:         8      227        8 ->         9
diploid_resolve_locus    397:         9      280       14 ->        15
diploid_resolve_locus    398:        17      257       12 ->        12
diploid_resolve_locus    399:        16      110        5 ->         5
diploid_resolve_locus    400:        20       86        5 ->         9
diploid_resolve_locus    401:         3      286        5 ->         5
diploid_resolve_locus    402:         2       42        1 ->         1
diploid_resolve_locus    403:        20       72        4 ->         4
diploid_resolve_locus    404:        16      179        6 ->         6
diploid_resolve_locus    405:        19      131        7 ->         9
diploid_resolve_locus    406:        14       67        6 ->         6
diploid_resolve_locus    407:         8      272        7 ->         7
diploid_resolve_locus    408:        20      187       11 ->        13
diploid_resolve_locus    409:         2      272        5 ->         5
diploid_resolve_locus    410:        20       76        2 ->         2
diploid_resolve_locus    411:         3      390        3 ->         3
diploid_resolve_locus    412:        20      102        6 ->         7
diploid_resolve_locus    413:        16      136        7 ->         8
diploid_resolve_locus    414:         3      280        8 ->         8
diploid_resolve_locus    415:         4      321       16 ->        23
diploid_resolve_locus    416:        20      187        5 ->         7
diploid_resolve_locus    417:        20      187        5 ->         8
diploid_resolve_locus    418:        20      455        9 ->        11
diploid_resolve_locus    419:        20      457        9 ->        14
diploid_resolve_locus    420:        20      278       13 ->        20
diploid_resolve_locus    421:        17       79        1 ->         1
diploid_resolve_locus    422:         2       50        1 ->         1
diploid_resolve_locus    423:        18      238       19 ->        37
diploid_resolve_locus    424:        20       85        2 ->         2
diploid_resolve_locus    425:        20       97        3 ->         3
diploid_resolve_locus    426:         6      283       12 ->        13
diploid_resolve_locus    427:        14      477       26 ->        32
diploid_resolve_locus    428:         3      158        4 ->         4
diploid_resolve_locus    429:         2      257        3 ->         3
diploid_resolve_locus    430:        12      390       13 ->        16
diploid_resolve_locus    431:        12      548       34 ->        44
diploid_resolve_locus    432:        15       48        2 ->         2
diploid_resolve_locus    433:        11      460       15 ->       103
diploid_resolve_locus    434:        19      323       18 ->        19
diploid_resolve_locus    435:        20      117        6 ->        11
diploid_resolve_locus    436:        20      224        7 ->         7
diploid_resolve_locus    437:        12      206        8 ->         8
diploid_resolve_locus    438:         2      253        4 ->         5
diploid_resolve_locus    439:        10      284       10 ->        10
diploid_resolve_locus    440:        16      103        5 ->         6
diploid_resolve_locus    441:        20       71        3 ->         3
diploid_resolve_locus    442:        12      282       14 ->        15
diploid_resolve_locus    443:        20      242        6 ->         7
diploid_resolve_locus    444:        20      117        4 ->         4
diploid_resolve_locus    445:        19      443       14 ->        49
diploid_resolve_locus    446:        16      611       23 ->        31
diploid_resolve_locus    447:         3      108        2 ->         2
diploid_resolve_locus    448:         6       90        2 ->         2
diploid_resolve_locus    449:         3      272        4 ->         5
diploid_resolve_locus    450:        19      121        9 ->         9
diploid_resolve_locus    451:        18      639       11 ->        12
diploid_resolve_locus    452:        20      213        7 ->        49
diploid_resolve_locus    453:         9      250        7 ->         8
diploid_resolve_locus    454:        20      176        3 ->         3
diploid_resolve_locus    455:        19      227       11 ->        12
diploid_resolve_locus    456:        10      282        9 ->         9
diploid_resolve_locus    457:         7      136        1 ->         1
diploid_resolve_locus    458:         2      165        1 ->         1
diploid_resolve_locus    459:        17       77        5 ->         5
diploid_resolve_locus    460:         4      101        6 ->         6
diploid_resolve_locus    461:        17      200        3 ->         3
diploid_resolve_locus    462:        20      264       10 ->        12
diploid_resolve_locus    463:         9      213        8 ->        17
diploid_resolve_locus    464:        13      333       19 ->        20
diploid_resolve_locus    465:        20      152        9 ->        15
diploid_resolve_locus    466:        19       60        2 ->         2
diploid_resolve_locus    467:        14      184        9 ->        41
diploid_resolve_locus    468:        16       95        3 ->         3
diploid_resolve_locus    469:         8      268        7 ->         7
diploid_resolve_locus    470:        20       92        2 ->         2
diploid_resolve_locus    471:         2      144        1 ->         1
diploid_resolve_locus    472:        20       66        5 ->         5
diploid_resolve_locus    473:         2      278        5 ->         5
diploid_resolve_locus    474:        20       50        3 ->         3
diploid_resolve_locus    475:         2       78        1 ->         1
diploid_resolve_locus    476:        19      209        5 ->         8
diploid_resolve_locus    477:        12      188        5 ->         5
diploid_resolve_locus    478:        19      159        7 ->        14
diploid_resolve_locus    479:         9      283       13 ->        23
diploid_resolve_locus    480:         5      275        8 ->         9
diploid_resolve_locus    481:         2       89        1 ->         1
diploid_resolve_locus    482:        20      639       20 ->        25
diploid_resolve_locus    483:         4      256        8 ->         9
diploid_resolve_locus    484:         5      113        3 ->         3
diploid_resolve_locus    485:         2       76        2 ->         2
diploid_resolve_locus    486:         3      277        4 ->         4
diploid_resolve_locus    487:        20      121        2 ->         2
diploid_resolve_locus    488:        15      292       20 ->        21
diploid_resolve_locus    489:        20      371       23 ->        33
diploid_resolve_locus    490:        19      198        8 ->         8
diploid_resolve_locus    491:        19      449       18 ->        21
diploid_resolve_locus    492:        11       96        1 ->         1
diploid_resolve_locus    493:         8      288       18 ->        19
diploid_resolve_locus    494:         2       50        2 ->         2
diploid_resolve_locus    495:         9       72        1 ->         1
diploid_resolve_locus    496:        10      418       10 ->        11
diploid_resolve_locus    497:        19      226        3 ->         3
diploid_resolve_locus    498:        18      270        6 ->         7
diploid_resolve_locus    499:        11      170        6 ->         8
diploid_resolve_locus    500:         4      227        3 ->         3
diploid_resolve_locus    501:         2      502        7 ->         9
diploid_resolve_locus    502:        20      247        6 ->         8
diploid_resolve_locus    503:        19       59        3 ->         3
diploid_resolve_locus    504:         3      189        1 ->         1
diploid_resolve_locus    505:        20      117        5 ->        16
diploid_resolve_locus    506:        15      286       21 ->        30
diploid_resolve_locus    507:        20       98        1 ->         1
diploid_resolve_locus    508:        20      103        9 ->         9
diploid_resolve_locus    509:         5      126        5 ->         5
diploid_resolve_locus    510:        20      121        6 ->         6
diploid_resolve_locus    511:         2      201        1 ->         1
diploid_resolve_locus    512:         2      278        4 ->         5
diploid_resolve_locus    513:        15      292       16 ->        17
diploid_resolve_locus    514:         6      258        6 ->         6
diploid_resolve_locus    515:        19      219        7 ->         8
diploid_resolve_locus    516:        18      921       30 ->        32
diploid_resolve_locus    517:        15      212        3 ->         3
diploid_resolve_locus    518:         4      161        1 ->         1
diploid_resolve_locus    519:        19      184        7 ->        19
diploid_resolve_locus    520:        18       85        6 ->         8
diploid_resolve_locus    521:        16      645       19 ->        33
diploid_resolve_locus    522:        20      576       25 ->        51
diploid_resolve_locus    523:         2      272        4 ->         4
diploid_resolve_locus    524:        20      112        6 ->         6
diploid_resolve_locus    525:        20      166        4 ->         4
diploid_resolve_locus    526:         8      283       15 ->        15
diploid_resolve_locus    527:        11      277       12 ->        14
diploid_resolve_locus    528:         4      199        4 ->         4
diploid_resolve_locus    529:         5       76        2 ->         2
diploid_resolve_locus    530:        17       77        3 ->         3
diploid_resolve_locus    531:        20       76        3 ->         3
diploid_resolve_locus    532:        20      290        7 ->         7
diploid_resolve_locus    533:         3      170        1 ->         1
diploid_resolve_locus    534:        19      369       17 ->        22
diploid_resolve_locus    535:        20      174        9 ->        11
diploid_resolve_locus    536:        19      197        6 ->        11
diploid_resolve_locus    537:        15      921       29 ->        41
diploid_resolve_locus    538:         9       93        5 ->         5
diploid_resolve_locus    539:         2       42        1 ->         1
diploid_resolve_locus    540:         7      282       13 ->        13
diploid_resolve_locus    541:        13      219        9 ->        94
diploid_resolve_locus    542:        15       58        1 ->         1
diploid_resolve_locus    543:        18      186        6 ->        11
diploid_resolve_locus    544:         5       59        3 ->         3
diploid_resolve_locus    545:        20      108        2 ->         2
diploid_resolve_locus    546:        20      191       10 ->        25
diploid_resolve_locus    547:        12       77        6 ->         6
diploid_resolve_locus    548:        16      292       18 ->        20
diploid_resolve_locus    549:         3      372        8 ->         9
diploid_resolve_locus    550:        12      264       11 ->        26
diploid_resolve_locus    551:        18      626       30 ->        60
diploid_resolve_locus    552:        20       95        3 ->         3
diploid_resolve_locus    553:        20      600       15 ->        82
diploid_resolve_locus    554:        20      746       22 ->        29
diploid_resolve_locus    555:        13      327       12 ->        12
diploid_resolve_locus    556:         2      138        1 ->         1
diploid_resolve_locus    557:         3       58        1 ->         1
diploid_resolve_locus    558:        17      175       15 ->        30
diploid_resolve_locus    559:         2      219        1 ->         1
diploid_resolve_locus    560:        11      210       11 ->        11
diploid_resolve_locus    561:         9      236        8 ->         8
diploid_resolve_locus    562:         3      248        5 ->         5
diploid_resolve_locus    563:         7      275        6 ->         6
diploid_resolve_locus    564:        17      112        4 ->         4
diploid_resolve_locus    565:         9      274       11 ->        12
diploid_resolve_locus    566:        20      119       10 ->        30
diploid_resolve_locus    567:        19      104        7 ->         7
diploid_resolve_locus    568:         3      515        8 ->        12
diploid_resolve_locus    569:        15      138        5 ->         7
diploid_resolve_locus    570:        20       61        5 ->         5
diploid_resolve_locus    571:        19      154       11 ->        15
diploid_resolve_locus    572:        20      261       14 ->        17
diploid_resolve_locus    573:         7       55        1 ->         1
diploid_resolve_locus    574:         2      278        5 ->         5
diploid_resolve_locus    575:         9       68        2 ->         2
diploid_resolve_locus    576:        14      190        8 ->         9
diploid_resolve_locus    577:         3      120        2 ->         2
diploid_resolve_locus    578:         9      260        8 ->         8
diploid_resolve_locus    579:        16      256       14 ->        20
diploid_resolve_locus    580:        10      144        1 ->         1
diploid_resolve_locus    581:         5      148        6 ->         6
diploid_resolve_locus    582:         3      271        5 ->         5
diploid_resolve_locus    583:         2      267        4 ->         4
diploid_resolve_locus    584:        13      177        4 ->         6
diploid_resolve_locus    585:        18      173        6 ->         6
diploid_resolve_locus    586:         7      279       20 ->        30
diploid_resolve_locus    587:        20      192       10 ->        13
diploid_resolve_locus    588:        19      410       18 ->      2002
diploid_resolve_locus    589:         2      209        2 ->         2
diploid_resolve_locus    590:        14      468       15 ->        51
diploid_resolve_locus    591:        20      205        5 ->         5
diploid_resolve_locus    592:        20      454        8 ->         8
diploid_resolve_locus    593:         7      197        4 ->         4
diploid_resolve_locus    594:        20      195       14 ->        23
diploid_resolve_locus    595:        18       98        3 ->         4
diploid_resolve_locus    596:         7      273        6 ->         6
diploid_resolve_locus    597:         3       51        1 ->         1
diploid_resolve_locus    598:        15      215       15 ->        15
diploid_resolve_locus    599:        19       82        8 ->        11
diploid_resolve_locus    600:        10       83        2 ->         2
diploid_resolve_locus    601:         8      281       13 ->        33
diploid_resolve_locus    602:        20      135        3 ->         3
diploid_resolve_locus    603:         2      178        2 ->         2
diploid_resolve_locus    604:        12      288        5 ->         5
diploid_resolve_locus    605:         3      106        2 ->         2
diploid_resolve_locus    606:         7      263       20 ->        38
diploid_resolve_locus    607:        20      276       17 ->       331
diploid_resolve_locus    608:         8      247        6 ->         6
diploid_resolve_locus    609:        10      282       17 ->        17
diploid_resolve_locus    610:        18      244        6 ->        11
diploid_resolve_locus    611:        15      327       14 ->        21
diploid_resolve_locus    612:        20      160        2 ->         2
diploid_resolve_locus    613:         2      274        4 ->         4
diploid_resolve_locus    614:        19       82       10 ->        53
diploid_resolve_locus    615:         7      141        9 ->        16
diploid_resolve_locus    616:        15      257       16 ->        19
diploid_resolve_locus    617:         4      277        9 ->        11
diploid_resolve_locus    618:         2      283        5 ->         5
diploid_resolve_locus    619:         7      159        5 ->         5
diploid_resolve_locus    620:         6      289       14 ->        14
diploid_resolve_locus    621:         5      208        4 ->         4
diploid_resolve_locus    622:        11      363       18 ->        26
diploid_resolve_locus    623:        20      164        3 ->         3
diploid_resolve_locus    624:         7      277       17 ->        32
diploid_resolve_locus    625:        13       70        2 ->         2
diploid_resolve_locus    626:        19      210        8 ->         9
diploid_resolve_locus    627:        19       69        6 ->         7
diploid_resolve_locus    628:         5      256        7 ->         9
diploid_resolve_locus    629:        20      342       14 ->        20
diploid_resolve_locus    630:        15      366       20 ->        20
diploid_resolve_locus    631:         4      203        8 ->         8
diploid_resolve_locus    632:        20      264        8 ->        14
diploid_resolve_locus    633:        19      281        5 ->         7
diploid_resolve_locus    634:        16      103        7 ->        10
diploid_resolve_locus    635:        20      107        4 ->         5
diploid_resolve_locus    636:        19      178        6 ->         9
diploid_resolve_locus    637:        13       44        3 ->         3
diploid_resolve_locus    638:         7      281       12 ->        16
diploid_resolve_locus    639:         3      124        2 ->         2
diploid_resolve_locus    640:        20      345       10 ->        19
diploid_resolve_locus    641:        18      147        7 ->         9
diploid_resolve_locus    642:        19      299        8 ->        11
diploid_resolve_locus    643:        20      152       11 ->        27
diploid_resolve_locus    644:        19      323        8 ->         9
diploid_resolve_locus    645:        10      277       19 ->        29
diploid_resolve_locus    646:         2       51        1 ->         1
diploid_resolve_locus    647:         6      283        5 ->         5
diploid_resolve_locus    648:        17       55        4 ->        19
diploid_resolve_locus    649:         6      255        9 ->        11
diploid_resolve_locus    650:         2      242        4 ->         4
diploid_resolve_locus    651:        19      263        8 ->         9
diploid_resolve_locus    652:        14      184        8 ->        12
diploid_resolve_locus    653:        20       79        7 ->         9
diploid_resolve_locus    654:        15      156        7 ->         7
diploid_resolve_locus    655:        18      305       10 ->        10
diploid_resolve_locus    656:        19      287        8 ->         8
diploid_resolve_locus    657:         8      548       12 ->        16
diploid_resolve_locus    658:        20       64        2 ->         2
diploid_resolve_locus    659:        13       58        4 ->         5
diploid_resolve_locus    660:        12      247        9 ->         9
diploid_resolve_locus    661:        14      106        5 ->         5
diploid_resolve_locus    662:        17      471       17 ->        40
diploid_resolve_locus    663:         2      286        4 ->         4
diploid_resolve_locus    664:         3       90        2 ->         2
diploid_resolve_locus    665:        14      283       19 ->        21
diploid_resolve_locus    666:         4      278        8 ->        12
diploid_resolve_locus    667:         4      279        7 ->         8
diploid_resolve_locus    668:         4      148        1 ->         1
diploid_resolve_locus    669:        13      215        7 ->        28
diploid_resolve_locus    670:         2       38        1 ->         1
diploid_resolve_locus    671:        20       76        5 ->         6
diploid_resolve_locus    672:         3      282        7 ->         7
diploid_resolve_locus    673:        20       99        5 ->         5
diploid_resolve_locus    674:         2      282        7 ->         9
diploid_resolve_locus    675:        20      354       23 ->        28
diploid_resolve_locus    676:        10      193       13 ->        14
diploid_resolve_locus    677:        15      429       29 ->        44
diploid_resolve_locus    678:        13      178       12 ->        17
diploid_resolve_locus    679:        20       69        7 ->        37
diploid_resolve_locus    680:         3      207        4 ->         4
diploid_resolve_locus    681:         8      164        6 ->         7
diploid_resolve_locus    682:         2       45        1 ->         1
diploid_resolve_locus    683:         8      282       11 ->        11
diploid_resolve_locus    684:         3       51        1 ->         1
diploid_resolve_locus    685:         4      241       11 ->        12
diploid_resolve_locus    686:         4      282       12 ->        14
diploid_resolve_locus    687:         3      281       11 ->        14
diploid_resolve_locus    688:         5      136        4 ->         4
diploid_resolve_locus    689:         9      171        6 ->        11
diploid_resolve_locus    690:        20       68        6 ->         6
diploid_resolve_locus    691:        17      251       14 ->        84
diploid_resolve_locus    692:        20      121        8 ->        63
diploid_resolve_locus    693:        19      292       12 ->        13
diploid_resolve_locus    694:         3       59        2 ->         2
diploid_resolve_locus    695:         7       36        2 ->         2
diploid_resolve_locus    696:         8      356       14 ->        18
diploid_resolve_locus    697:         3      286        9 ->        11
diploid_resolve_locus    698:        16      146       14 ->        96
diploid_resolve_locus    699:        16      288       29 ->        42
diploid_resolve_locus    700:        18      373       15 ->        18
diploid_resolve_locus    701:         2      283        4 ->         4
diploid_resolve_locus    702:        20      147        5 ->        10
diploid_resolve_locus    703:        20       92        2 ->         2
diploid_resolve_locus    704:         3      284        6 ->         6
diploid_resolve_locus    705:        19      944       21 ->        23
diploid_resolve_locus    706:        19      519        4 ->         4
diploid_resolve_locus    707:         9      196        7 ->         9
diploid_resolve_locus    708:         4       40        2 ->         2
diploid_resolve_locus    709:         3       52        2 ->         2
diploid_resolve_locus    710:         8      279       15 ->        30
diploid_resolve_locus    711:         2      110        2 ->         2
diploid_resolve_locus    712:         2      123        3 ->         3
diploid_resolve_locus    713:         2       98        2 ->         2
diploid_resolve_locus    714:        19       89        3 ->         3
diploid_resolve_locus    715:         3      198        1 ->         1
diploid_resolve_locus    716:        18       76        1 ->         1
diploid_resolve_locus    717:         8      156        6 ->         7
diploid_resolve_locus    718:        20      168        3 ->         3
diploid_resolve_locus    719:         5      167        3 ->         3
diploid_resolve_locus    720:        12      286       14 ->        15
diploid_resolve_locus    721:         4      320       11 ->        14
diploid_resolve_locus    722:         3      229        4 ->         4
diploid_resolve_locus    723:         6       77        3 ->         4
diploid_resolve_locus    724:        20      118        6 ->        24
diploid_resolve_locus    725:        20      197       14 ->        14
diploid_resolve_locus    726:        20      206       21 ->       318
diploid_resolve_locus    727:         2      279        3 ->         3
diploid_resolve_locus    728:        15      321       26 ->        81
diploid_resolve_locus    729:        19      304       10 ->        11
diploid_resolve_locus    730:        13      287       26 ->        28
diploid_resolve_locus    731:         3       57        4 ->         5
diploid_resolve_locus    732:        17       51        3 ->         3
diploid_resolve_locus    733:         4      279        7 ->         7
diploid_resolve_locus    734:         2      117        6 ->         7
diploid_resolve_locus    735:         5       56        4 ->         4
diploid_resolve_locus    736:         3       71        3 ->         3
diploid_resolve_locus    737:        20      198        3 ->         3
diploid_resolve_locus    738:        19      292       14 ->        14
diploid_resolve_locus    739:        20      835       17 ->        17
diploid_resolve_locus    740:         6      127        3 ->         3
diploid_resolve_locus    741:         3      270        5 ->         5
diploid_resolve_locus    742:        10      196        4 ->         4
diploid_resolve_locus    743:         6      169        5 ->         5
diploid_resolve_locus    744:         2      114        1 ->         1
diploid_resolve_locus    745:         2      491        4 ->         4
diploid_resolve_locus    746:        15       72        7 ->        10
diploid_resolve_locus    747:        12      288       27 ->        56
diploid_resolve_locus    748:         2      172        2 ->         2
diploid_resolve_locus    749:        14      202       19 ->        19
diploid_resolve_locus    750:         8      271        2 ->         2
diploid_resolve_locus    751:         8      482       13 ->        14
diploid_resolve_locus    752:         6      126        3 ->         3
diploid_resolve_locus    753:        20      287        5 ->        15
diploid_resolve_locus    754:         2       67        2 ->         2
diploid_resolve_locus    755:        20      121       14 ->        34
diploid_resolve_locus    756:        14       62        3 ->         3
diploid_resolve_locus    757:         3      238        4 ->         5
diploid_resolve_locus    758:        20      148        4 ->        11
diploid_resolve_locus    759:         3      230        3 ->         3
diploid_resolve_locus    760:         2      280        5 ->         6
diploid_resolve_locus    761:         2       79        1 ->         1
diploid_resolve_locus    762:         7      356       12 ->        13
diploid_resolve_locus    763:        16      302       14 ->        23
diploid_resolve_locus    764:         3      106        2 ->         2
diploid_resolve_locus    765:        14      195        9 ->        14
diploid_resolve_locus    766:         2      260        6 ->         7
diploid_resolve_locus    767:         2      280        4 ->         4
diploid_resolve_locus    768:         2      151        1 ->         1
diploid_resolve_locus    769:         7       85        2 ->         2
diploid_resolve_locus    770:        19      156        2 ->         2
diploid_resolve_locus    771:         5      162        5 ->         5
diploid_resolve_locus    772:        12      122        6 ->        23
diploid_resolve_locus    773:         2       81        1 ->         1
diploid_resolve_locus    774:         2      237        3 ->         3
diploid_resolve_locus    775:         3      217        3 ->         3
diploid_resolve_locus    776:        11      247        7 ->        22
diploid_resolve_locus    777:         2      154        1 ->         1
diploid_resolve_locus    778:         2      172        1 ->         1
diploid_resolve_locus    779:        17       82        6 ->         9
diploid_resolve_locus    780:         2      213        2 ->         2
diploid_resolve_locus    781:         2      217        4 ->         4
diploid_resolve_locus    782:        19      229       20 ->        47
diploid_resolve_locus    783:         3       46        1 ->         1
diploid_resolve_locus    784:        19      150        8 ->         8
diploid_resolve_locus    785:        10      217        4 ->         4
diploid_resolve_locus    786:         3      280        6 ->         8
diploid_resolve_locus    787:         3       44        1 ->         1
diploid_resolve_locus    788:        19       83        4 ->         4
diploid_resolve_locus    789:         2      219        7 ->         9
diploid_resolve_locus    790:        18      348        9 ->        11
diploid_resolve_locus    791:        16      136        4 ->         4
diploid_resolve_locus    792:         6      268        8 ->        10
diploid_resolve_locus    793:        20       77        2 ->         2
diploid_resolve_locus    794:         5      541       10 ->        11
diploid_resolve_locus    795:         2      271        4 ->         4
diploid_resolve_locus    796:        20       66        3 ->         3
diploid_resolve_locus    797:        19      133        3 ->         3
diploid_resolve_locus    798:         3       45        1 ->         1
diploid_resolve_locus    799:        13      173       15 ->        15
diploid_resolve_locus    800:        20      103        3 ->         3
diploid_resolve_locus    801:        11       75        4 ->         5
diploid_resolve_locus    802:         2      158        1 ->         1
diploid_resolve_locus    803:        20      121       10 ->        13
diploid_resolve_locus    804:         4       86        3 ->         3
diploid_resolve_locus    805:         5      282        8 ->        12
diploid_resolve_locus    806:         8      279       11 ->        11
diploid_resolve_locus    807:         7      110        2 ->         2
diploid_resolve_locus    808:        19      152        7 ->         8
diploid_resolve_locus    809:        19      224        7 ->        10
diploid_resolve_locus    810:        18      102        4 ->         4
diploid_resolve_locus    811:         6      216        2 ->         2
diploid_resolve_locus    812:        12      282       20 ->        21
diploid_resolve_locus    813:        14       71        2 ->         2
diploid_resolve_locus    814:        11      283       27 ->        34
diploid_resolve_locus    815:        20      101        3 ->         3
diploid_resolve_locus    816:         3      376        5 ->         5
diploid_resolve_locus    817:         5      137        1 ->         1
diploid_resolve_locus    818:         4      243        2 ->         2
diploid_resolve_locus    819:        16       87        6 ->         7
diploid_resolve_locus    820:         2       47        3 ->         3
diploid_resolve_locus    821:         8       45        2 ->         2
diploid_resolve_locus    822:         6      137        7 ->         8
diploid_resolve_locus    823:         2      249        2 ->         2
diploid_resolve_locus    824:        20      170        5 ->         6
diploid_resolve_locus    825:        12      114        3 ->         3
diploid_resolve_locus    826:         3      278        5 ->         5
diploid_resolve_locus    827:        17      551       18 ->        22
diploid_resolve_locus    828:         6      103        1 ->         1
diploid_resolve_locus    829:        19      292       12 ->        12
diploid_resolve_locus    830:         5      179       11 ->        14
diploid_resolve_locus    831:         4       74        2 ->         2
diploid_resolve_locus    832:         2      177        1 ->         1
diploid_resolve_locus    833:        20      115        9 ->        37
diploid_resolve_locus    834:        20      109        9 ->        29
diploid_resolve_locus    835:         7      231       16 ->        35
diploid_resolve_locus    836:         2       91        2 ->         2
diploid_resolve_locus    837:         2       88        1 ->         1
diploid_resolve_locus    838:         2      140        3 ->         3
diploid_resolve_locus    839:         4      277        4 ->         4
diploid_resolve_locus    840:         2      138        2 ->         2
diploid_resolve_locus    841:         4      150        2 ->         2
diploid_resolve_locus    842:        20      273       11 ->        20
diploid_resolve_locus    843:        20      136       12 ->        18
diploid_resolve_locus    844:         2      136        1 ->         1
diploid_resolve_locus    845:         3      246       10 ->        12
diploid_resolve_locus    846:        20      149        8 ->        10
diploid_resolve_locus    847:         2      196        2 ->         2
diploid_resolve_locus    848:         4      145        3 ->         3
diploid_resolve_locus    849:        13       71        4 ->         4
diploid_resolve_locus    850:         2      157        2 ->         2
diploid_resolve_locus    851:         4      147        2 ->         2
diploid_resolve_locus    852:         2      278        5 ->         5
diploid_resolve_locus    853:         2      223        5 ->         5
diploid_resolve_locus    854:        19      187        7 ->         8
diploid_resolve_locus    855:        16       90        4 ->         4
diploid_resolve_locus    856:        12      138        5 ->         6
diploid_resolve_locus    857:         2      159        1 ->         1
diploid_resolve_locus    858:         3       46        1 ->         1
diploid_resolve_locus    859:         3       75        4 ->         6
diploid_resolve_locus    860:        11      286       17 ->        38
diploid_resolve_locus    861:        13      155       13 ->        28
diploid_resolve_locus    862:        12      270       15 ->        92
diploid_resolve_locus    863:         3       44        2 ->         2
diploid_resolve_locus    864:         2       56        3 ->         3
diploid_resolve_locus    865:        20      470       12 ->        14
diploid_resolve_locus    866:         2       37        1 ->         1
diploid_resolve_locus    867:        20      560       22 ->        26
diploid_resolve_locus    868:         6      282       17 ->        23
diploid_resolve_locus    869:        12      371       12 ->        19
diploid_resolve_locus    870:         5       77        4 ->         4
diploid_resolve_locus    871:         4      283       14 ->        26
diploid_resolve_locus    872:        12      285       25 ->        31
diploid_resolve_locus    873:        19      119        3 ->         3
diploid_resolve_locus    874:        14      199        6 ->         6
diploid_resolve_locus    875:        12      260        9 ->        10
diploid_resolve_locus    876:         4      311        7 ->         8
diploid_resolve_locus    877:         5      185        8 ->         8
diploid_resolve_locus    878:         4      162        2 ->         2
diploid_resolve_locus    879:        15       72        6 ->         6
diploid_resolve_locus    880:         2      255        3 ->         3
diploid_resolve_locus    881:         4      175        3 ->         3
diploid_resolve_locus    882:         3       95        2 ->         2
diploid_resolve_locus    883:        13      184        4 ->        27
diploid_resolve_locus    884:        20       53        2 ->         2
diploid_resolve_locus    885:        17      159        7 ->         9
diploid_resolve_locus    886:         3      112        2 ->         2
diploid_resolve_locus    887:        20      148        4 ->         4
diploid_resolve_locus    888:        20      198       12 ->        34
diploid_resolve_locus    889:         8      724       24 ->        33
diploid_resolve_locus    890:         7      235       11 ->        14
diploid_resolve_locus    891:        16      292       21 ->        33
diploid_resolve_locus    892:         2       75        1 ->         1
diploid_resolve_locus    893:         3       72        3 ->         3
diploid_resolve_locus    894:         2      285        4 ->         4
diploid_resolve_locus    895:         8      344       13 ->        18
diploid_resolve_locus    896:        18       64        2 ->         2
diploid_resolve_locus    897:         6      275        7 ->         8
diploid_resolve_locus    898:         2       42        1 ->         1
diploid_resolve_locus    899:         2      134        2 ->         2
diploid_resolve_locus    900:        17      794       25 ->        34
diploid_resolve_locus    901:        12      250       12 ->        16
diploid_resolve_locus    902:         2      289        4 ->         4
diploid_resolve_locus    903:         4      122        4 ->         4
diploid_resolve_locus    904:        16       75        4 ->         4
diploid_resolve_locus    905:         2      225        3 ->         3
diploid_resolve_locus    906:         4      254        3 ->         3
diploid_resolve_locus    907:        20      314       12 ->        13
diploid_resolve_locus    908:        16      169        8 ->         8
diploid_resolve_locus    909:        20      147        4 ->         4
diploid_resolve_locus    910:        20       82        9 ->        15
diploid_resolve_locus    911:         2      128        1 ->         1
diploid_resolve_locus    912:         2      277        5 ->         5
diploid_resolve_locus    913:         4      170        1 ->         1
diploid_resolve_locus    914:         8      225        8 ->         8
diploid_resolve_locus    915:         2      301        4 ->         4
diploid_resolve_locus    916:         7      265       15 ->        21
diploid_resolve_locus    917:        10      207        7 ->         7
diploid_resolve_locus    918:         9      210        7 ->         7
diploid_resolve_locus    919:         3      284       11 ->        16
diploid_resolve_locus    920:        11      285       15 ->        93
diploid_resolve_locus    921:         2      280        5 ->         6
diploid_resolve_locus    922:        19       42        3 ->         3
diploid_resolve_locus    923:        19       91        4 ->         5
diploid_resolve_locus    924:        20      212        7 ->         8
diploid_resolve_locus    925:        20       84        8 ->        10
diploid_resolve_locus    926:         9      143        9 ->         9
diploid_resolve_locus    927:         3      284        8 ->        10
diploid_resolve_locus    928:         2      282        7 ->         9
diploid_resolve_locus    929:         8      280       12 ->        13
diploid_resolve_locus    930:         2       98        2 ->         2
diploid_resolve_locus    931:         2       72        1 ->         1
diploid_resolve_locus    932:         2       52        2 ->         2
diploid_resolve_locus    933:        12      538       25 ->        25
diploid_resolve_locus    934:        20       77        3 ->         3
diploid_resolve_locus    935:        20      343       18 ->        40
diploid_resolve_locus    936:         5       72        2 ->         2
diploid_resolve_locus    937:        18      252        8 ->         9
diploid_resolve_locus    938:         2      280        3 ->         4
diploid_resolve_locus    939:        15       75       12 ->        23
diploid_resolve_locus    940:        17      259       21 ->        30
diploid_resolve_locus    941:         2      261        6 ->         6
diploid_resolve_locus    942:        14      255       13 ->        13
diploid_resolve_locus    943:        20      281        9 ->        11
diploid_resolve_locus    944:         3       39        2 ->         2
diploid_resolve_locus    945:        13      188        4 ->         4
diploid_resolve_locus    946:        20       78        4 ->         5
diploid_resolve_locus    947:         3      173        3 ->         3
diploid_resolve_locus    948:         3      130        2 ->         2
diploid_resolve_locus    949:         7       64        3 ->         3
diploid_resolve_locus    950:        17      292       21 ->        24
diploid_resolve_locus    951:        20      161        4 ->         4
diploid_resolve_locus    952:         8      150        4 ->         4
diploid_resolve_locus    953:         2      113        4 ->         4
diploid_resolve_locus    954:         2      133        1 ->         1
diploid_resolve_locus    955:        18      149       10 ->        19
diploid_resolve_locus    956:        19      142        3 ->         3
diploid_resolve_locus    957:        10      446       27 ->        45
diploid_resolve_locus    958:         2      276        2 ->         2
diploid_resolve_locus    959:         4      280        8 ->         8
diploid_resolve_locus    960:         2      146        2 ->         2
diploid_resolve_locus    961:         2      280        2 ->         2
diploid_resolve_locus    962:         2      152        2 ->         2
diploid_resolve_locus    963:         4      400       12 ->        28
diploid_resolve_locus    964:         2       71        4 ->         5
diploid_resolve_locus    965:         2      277        3 ->         3
diploid_resolve_locus    966:        20      114        6 ->         6
diploid_resolve_locus    967:        20       84        6 ->         7
diploid_resolve_locus    968:        18      372       28 ->        34
diploid_resolve_locus    969:        20       99        7 ->        19
diploid_resolve_locus    970:        20      238       11 ->        14
diploid_resolve_locus    971:         2       90        1 ->         1
diploid_resolve_locus    972:        16      148       12 ->        15
diploid_resolve_locus    973:        20      174        3 ->         4
diploid_resolve_locus    974:        20      283       15 ->        21
diploid_resolve_locus    975:         5       96        2 ->         2
diploid_resolve_locus    976:         6      210        3 ->         3
diploid_resolve_locus    977:         9       91        4 ->         4
diploid_resolve_locus    978:        17       60        3 ->         3
diploid_resolve_locus    979:         2       77        1 ->         1
diploid_resolve_locus    980:         2      228        3 ->         3
diploid_resolve_locus    981:         7      171        6 ->         6
diploid_resolve_locus    982:        18      271       19 ->        34
diploid_resolve_locus    983:         4      117        7 ->        11
diploid_resolve_locus    984:        20      181        4 ->         4
diploid_resolve_locus    985:         5      219        3 ->         3
diploid_resolve_locus    986:        14      554       34 ->        42
diploid_resolve_locus    987:         5      282        7 ->         7
diploid_resolve_locus    988:        13      401       21 ->        22
diploid_resolve_locus    989:        19       58        1 ->         1
diploid_resolve_locus    990:        19      146        8 ->        12
diploid_resolve_locus    991:        16       87        4 ->         4
diploid_resolve_locus    992:        13      288       16 ->        17
diploid_resolve_locus    993:        19      158        3 ->         3
diploid_resolve_locus    994:         4      285        9 ->         9
diploid_resolve_locus    995:         3       50        2 ->         2
diploid_resolve_locus    996:         5      223        4 ->         4
diploid_resolve_locus    997:        12      448       25 ->       141
diploid_resolve_locus    998:        16       93        7 ->        73
diploid_resolve_locus    999:        13      179        9 ->        19
diploid_resolve_locus   1000:        16      188        1 ->         1
diploid_resolve_locus   1001:         3      157        5 ->         5
diploid_resolve_locus   1002:        18      148        4 ->         5
diploid_resolve_locus   1003:         9       71        3 ->         3
diploid_resolve_locus   1004:         3      147        5 ->         5
diploid_resolve_locus   1005:         4      142        3 ->         3
diploid_resolve_locus   1006:        19      232        5 ->        12
diploid_resolve_locus   1007:        16      226        5 ->         5
diploid_resolve_locus   1008:         2      264        4 ->         5
diploid_resolve_locus   1009:        14      156        6 ->        17
diploid_resolve_locus   1010:         6       82        6 ->         7
diploid_resolve_locus   1011:        10      283       15 ->        23
diploid_resolve_locus   1012:         6       90        3 ->         3
diploid_resolve_locus   1013:         6      281        6 ->         6
diploid_resolve_locus   1014:         2      273        2 ->         2
diploid_resolve_locus   1015:        15      197       12 ->        18
diploid_resolve_locus   1016:         8       79        3 ->         3
diploid_resolve_locus   1017:        18      144        7 ->        18
diploid_resolve_locus   1018:        20      476       16 ->        27
diploid_resolve_locus   1019:         3      152        1 ->         1
diploid_resolve_locus   1020:         2       69        4 ->         4
diploid_resolve_locus   1021:         2      243        5 ->         5
diploid_resolve_locus   1022:        18      125        9 ->        10
diploid_resolve_locus   1023:        20      161        5 ->         5
diploid_resolve_locus   1024:         2      286        4 ->         4
diploid_resolve_locus   1025:         6      143        5 ->         5
diploid_resolve_locus   1026:        14      146       14 ->        19
diploid_resolve_locus   1027:         6      283       14 ->        20
diploid_resolve_locus   1028:         3      285        6 ->         6
diploid_resolve_locus   1029:         2      203        5 ->         6
diploid_resolve_locus   1030:        10      138        6 ->         8
diploid_resolve_locus   1031:        20      163       12 ->        22
diploid_resolve_locus   1032:        11      282       20 ->        58
diploid_resolve_locus   1033:        20       72        5 ->         5
diploid_resolve_locus   1034:         4       61        2 ->         2
diploid_resolve_locus   1035:         7      412       15 ->        17
diploid_resolve_locus   1036:        11      122        3 ->         3
diploid_resolve_locus   1037:        13      286       23 ->        65
diploid_resolve_locus   1038:         2      221        6 ->         7
diploid_resolve_locus   1039:        11       81        9 ->        12
diploid_resolve_locus   1040:         5       81        2 ->         2
diploid_resolve_locus   1041:        14       74        4 ->         4
diploid_resolve_locus   1042:         6      161        3 ->         4
diploid_resolve_locus   1043:         3       77        1 ->         1
diploid_resolve_locus   1044:         4      104        8 ->        15
diploid_resolve_locus   1045:         2      205        3 ->         3
diploid_resolve_locus   1046:        18      159        9 ->        29
diploid_resolve_locus   1047:         3      280        4 ->         4
diploid_resolve_locus   1048:         5       60        1 ->         1
diploid_resolve_locus   1049:         2      148        7 ->        11
diploid_resolve_locus   1050:        15      193        5 ->         6
diploid_resolve_locus   1051:        19      119        2 ->         2
diploid_resolve_locus   1052:        14      382       19 ->        21
diploid_resolve_locus   1053:        17       76        8 ->        11
diploid_resolve_locus   1054:         3      155        4 ->         6
diploid_resolve_locus   1055:        12      147       14 ->        22
diploid_resolve_locus   1056:         3       65        2 ->         2
diploid_resolve_locus   1057:        20      106        6 ->         6
diploid_resolve_locus   1058:        13      148        8 ->        14
diploid_resolve_locus   1059:        20      246       13 ->        20
diploid_resolve_locus   1060:         5      282        4 ->         5
diploid_resolve_locus   1061:         7      101        3 ->         3
diploid_resolve_locus   1062:         6      176        6 ->         6
diploid_resolve_locus   1063:         2      281        4 ->         4
diploid_resolve_locus   1064:        19      175        7 ->        13
diploid_resolve_locus   1065:        18      126        2 ->         2
diploid_resolve_locus   1066:         4      278       13 ->        19
diploid_resolve_locus   1067:        18      695       32 ->        75
diploid_resolve_locus   1068:         2      206        2 ->         2
diploid_resolve_locus   1069:         9      186       14 ->        42
diploid_resolve_locus   1070:        11       94        7 ->         7
diploid_resolve_locus   1071:        15      106        6 ->         6
diploid_resolve_locus   1072:         2      137        2 ->         2
diploid_resolve_locus   1073:        10      159        7 ->         9
diploid_resolve_locus   1074:        10      162        6 ->         7
diploid_resolve_locus   1075:         4      366        7 ->        13
diploid_resolve_locus   1076:         3      245        6 ->         7
diploid_resolve_locus   1077:        16      207       17 ->        88
diploid_resolve_locus   1078:         4      116        4 ->         4
diploid_resolve_locus   1079:         3      112        2 ->         2
diploid_resolve_locus   1080:         3      190        8 ->        15
diploid_resolve_locus   1081:        17       64        4 ->         4
diploid_resolve_locus   1082:         3      280        5 ->         7
diploid_resolve_locus   1083:         2      113        4 ->         4
diploid_resolve_locus   1084:         9      262       28 ->        44
diploid_resolve_locus   1085:        14      206        8 ->        19
diploid_resolve_locus   1086:        16      164        5 ->         5
diploid_resolve_locus   1087:         4      114        2 ->         2
diploid_resolve_locus   1088:         4      114        1 ->         1
diploid_resolve_locus   1089:         6      161        2 ->         2
diploid_resolve_locus   1090:         6       40        3 ->         3
diploid_resolve_locus   1091:        12      223        7 ->         8
diploid_resolve_locus   1092:         4      190        7 ->         7
diploid_resolve_locus   1093:         3      281        7 ->         7
diploid_resolve_locus   1094:         3       76        2 ->         2
diploid_resolve_locus   1095:         2      236        4 ->         4
diploid_resolve_locus   1096:         5       92        3 ->         3
diploid_resolve_locus   1097:         4       81        5 ->         5
diploid_resolve_locus   1098:         6      120       12 ->        23
diploid_resolve_locus   1099:         2      242        3 ->         3
diploid_resolve_locus   1100:         5      129        2 ->         2
diploid_resolve_locus   1101:        17      100        1 ->         1
diploid_resolve_locus   1102:         6      146        8 ->         9
diploid_resolve_locus   1103:         2      118        1 ->         1
diploid_resolve_locus   1104:         5      135        5 ->         5
diploid_resolve_locus   1105:         6       58        2 ->         2
diploid_resolve_locus   1106:         3      146        1 ->         1
diploid_resolve_locus   1107:         5       58        2 ->         2
diploid_resolve_locus   1108:        10      102        2 ->         2
diploid_resolve_locus   1109:         2      163        2 ->         2
diploid_resolve_locus   1110:         3       76        3 ->         3
diploid_resolve_locus   1111:         6      168        6 ->         8
diploid_resolve_locus   1112:         3      163        5 ->         6
diploid_resolve_locus   1113:         6      113       12 ->        14
diploid_resolve_locus   1114:         2      222        5 ->         5
diploid_resolve_locus   1115:         2      140        2 ->         2
diploid_resolve_locus   1116:         4       61        4 ->         9
diploid_resolve_locus   1117:         3      117        6 ->         9
diploid_resolve_locus   1118:         8       79        9 ->        15
diploid_resolve_locus   1119:         8       85       12 ->        58
diploid_resolve_locus   1120:         7      281       16 ->        19
diploid_resolve_locus   1121:         3      286        9 ->        11
diploid_resolve_locus   1122:         4      157        5 ->         9
diploid_resolve_locus   1123:         2       70        1 ->         1
diploid_resolve_locus   1124:        16      103        2 ->         2
diploid_resolve_locus   1125:        17      147        3 ->         3
diploid_resolve_locus   1126:         2      144        4 ->         4
diploid_resolve_locus   1127:         2       77        2 ->         2
diploid_resolve_locus   1128:         5      401        9 ->        18
diploid_resolve_locus   1129:         4      161        6 ->         8
diploid_resolve_locus   1130:         2      139        2 ->         2
diploid_resolve_locus   1131:        19      462       21 ->        26
diploid_resolve_locus   1132:         2       83        1 ->         1
diploid_resolve_locus   1133:        13      140       12 ->        25
diploid_resolve_locus   1134:         3      262        4 ->         4
diploid_resolve_locus   1135:        15       74        4 ->         4
diploid_resolve_locus   1136:         9      146        4 ->         4
diploid_resolve_locus   1137:         3      111        6 ->         6
diploid_resolve_locus   1138:         2      237        2 ->         2
diploid_resolve_locus   1139:         2      101        1 ->         1
diploid_resolve_locus   1140:        13       76        7 ->         8
diploid_resolve_locus   1141:         2       74        1 ->         1
diploid_resolve_locus   1142:         6      205        2 ->         2
diploid_resolve_locus   1143:         6       66        6 ->         9
diploid_resolve_locus   1144:         9      489       22 ->        31
diploid_resolve_locus   1145:         9       53        4 ->         5
diploid_resolve_locus   1146:        18      208       18 ->       100
diploid_resolve_locus   1147:        20      158        4 ->         4
diploid_resolve_locus   1148:         6      209        9 ->        21
diploid_resolve_locus   1149:         4      186        9 ->        11
diploid_resolve_locus   1150:        18       63        7 ->        18
diploid_resolve_locus   1151:        10      136        7 ->         7
diploid_resolve_locus   1152:         6      131        3 ->         3
diploid_resolve_locus   1153:         3       93        2 ->         2
diploid_resolve_locus   1154:         2      281        8 ->        10
diploid_resolve_locus   1155:         3      280        5 ->         5
diploid_resolve_locus   1156:        20      930       30 ->       327
diploid_resolve_locus   1157:        12       77        9 ->         9
diploid_resolve_locus   1158:         4      257        9 ->        13
diploid_resolve_locus   1159:         7      107        5 ->         5
diploid_resolve_locus   1160:        15      185       15 ->        71
diploid_resolve_locus   1161:         2      241        6 ->         9
diploid_resolve_locus   1162:         6       43        3 ->         3
diploid_resolve_locus   1163:         3      212        5 ->         5
diploid_resolve_locus   1164:         2       84        2 ->         2
diploid_resolve_locus   1165:        20      151        3 ->         3
diploid_resolve_locus   1166:         3      111        3 ->         3
diploid_resolve_locus   1167:        20      158        3 ->         3
diploid_resolve_locus   1168:        11       84        1 ->         1
diploid_resolve_locus   1169:        15      267        9 ->        16
diploid_resolve_locus   1170:         7       64        3 ->         3
diploid_resolve_locus   1171:         4       49        2 ->         2
diploid_resolve_locus   1172:        19      103        3 ->         3
diploid_resolve_locus   1173:         9      157        3 ->         3
diploid_resolve_locus   1174:         2      226        1 ->         1
diploid_resolve_locus   1175:         4       47        2 ->         2
diploid_resolve_locus   1176:        14      246       24 ->        37
diploid_resolve_locus   1177:         5      282       10 ->        22
diploid_resolve_locus   1178:         5      135        6 ->         6
diploid_resolve_locus   1179:         8      125        7 ->        11
diploid_resolve_locus   1180:         2      280       11 ->        18
diploid_resolve_locus   1181:        10       85        3 ->         3
diploid_resolve_locus   1182:         2      231        2 ->         2
diploid_resolve_locus   1183:         2      272        7 ->         9
diploid_resolve_locus   1184:         4      283        8 ->        14
diploid_resolve_locus   1185:         3       93        2 ->         2
diploid_resolve_locus   1186:         3       86        5 ->         5
diploid_resolve_locus   1187:         2      281        3 ->         3
diploid_resolve_locus   1188:         3       74        1 ->         1
diploid_resolve_locus   1189:         4       85        1 ->         1
diploid_resolve_locus   1190:         5      142        6 ->        10
diploid_resolve_locus   1191:         2      103        3 ->         3
diploid_resolve_locus   1192:         2      125        1 ->         1
diploid_resolve_locus   1193:         4      260       14 ->        15
diploid_resolve_locus   1194:        11      135        6 ->        12
diploid_resolve_locus   1195:        16       75        5 ->         5
diploid_resolve_locus   1196:        19      124        6 ->        43
diploid_resolve_locus   1197:        14      193       14 ->        33
diploid_resolve_locus   1198:        13      203        6 ->         6
diploid_resolve_locus   1199:        16      243       20 ->        25
diploid_resolve_locus   1200:        20       67        1 ->         1
diploid_resolve_locus   1201:        14      168       13 ->        83
diploid_resolve_locus   1202:         3      277        8 ->        11
diploid_resolve_locus   1203:         3      222       18 ->        31
diploid_resolve_locus   1204:         2      278        4 ->         4
diploid_resolve_locus   1205:        11      471       20 ->        26
diploid_resolve_locus   1206:        12       48        1 ->         1
diploid_resolve_locus   1207:         4      256        3 ->         3
diploid_resolve_locus   1208:         3      166        6 ->         9
diploid_resolve_locus   1209:         9      256       18 ->        38
diploid_resolve_locus   1210:         7      165        2 ->         2
diploid_resolve_locus   1211:         2      279        4 ->         4
diploid_resolve_locus   1212:        11      165        5 ->        10
diploid_resolve_locus   1213:        12      108        4 ->         5
diploid_resolve_locus   1214:        20      128        2 ->         2
diploid_resolve_locus   1215:         5      278       15 ->        27
diploid_resolve_locus   1216:        18      301       10 ->        10
diploid_resolve_locus   1217:         2      277        5 ->         5
diploid_resolve_locus   1218:         5      282        7 ->         7
diploid_resolve_locus   1219:        16      291       25 ->        74
diploid_resolve_locus   1220:        10      139       21 ->        28
diploid_resolve_locus   1221:         2       93        2 ->         3
diploid_resolve_locus   1222:        15      344       26 ->       108
diploid_resolve_locus   1223:         3       99        2 ->         2
diploid_resolve_locus   1224:        17      115        8 ->         9
diploid_resolve_locus   1225:        17      143        7 ->        12
diploid_resolve_locus   1226:         2      148        2 ->         2
diploid_resolve_locus   1227:         2      105        4 ->         5
diploid_resolve_locus   1228:         8      114       10 ->        13
diploid_resolve_locus   1229:         3       58        2 ->         2
diploid_resolve_locus   1230:         2       40        1 ->         1
diploid_resolve_locus   1231:        19      102       10 ->        14
diploid_resolve_locus   1232:         2       47        1 ->         1
diploid_resolve_locus   1233:         4       92        2 ->         2
diploid_resolve_locus   1234:         2       81        2 ->         2
diploid_resolve_locus   1235:        17      155       12 ->        27
diploid_resolve_locus   1236:        14      160       12 ->        34
diploid_resolve_locus   1237:         3      281        3 ->         3
diploid_resolve_locus   1238:         4       55        1 ->         1
diploid_resolve_locus   1239:         3      140        3 ->         3
diploid_resolve_locus   1240:        12      282       19 ->        32
diploid_resolve_locus   1241:        10      159        6 ->        12
diploid_resolve_locus   1242:        20       94        2 ->         2
diploid_resolve_locus   1243:        20       48        2 ->         2
diploid_resolve_locus   1244:        20       71        3 ->         3
ajan_BABY6724 -> ajan (diploid=1)
ajan_DW655 -> ajan (diploid=1)
ajan_DW663 -> ajan (diploid=1)
ajan_esa36 -> ajan (diploid=1)
ajan_wdb38 -> ajan (diploid=1)
ajan_ODP48916 -> ajan (diploid=1)
ajancf_SLM01 -> ajan (diploid=1)
ajancf_SLM05 -> ajan (diploid=1)
ajancf_SLM10 -> ajan (diploid=1)
alas_BABY422 -> alas (diploid=1)
alas_BABY4577 -> alas (diploid=1)
alas_BABY6558 -> alas (diploid=1)
alas_DW641 -> alas (diploid=1)
alas_DW646 -> alas (diploid=1)
alas_ODP43138 -> alas (diploid=1)
alas_ODP7414 -> alas (diploid=1)
alas_ODP7415 -> alas (diploid=1)
alas_ODP7424 -> alas (diploid=1)
alas_ODP7429 -> alas (diploid=1)
alas_ODP7432 -> alas (diploid=1)


ajan_BABY6724.1 -> ajan (diploid=1)
ajan_BABY6724.2 -> ajan (diploid=1)
ajan_DW655.1 -> ajan (diploid=1)
ajan_DW655.2 -> ajan (diploid=1)
ajan_DW663.1 -> ajan (diploid=1)
ajan_DW663.2 -> ajan (diploid=1)
ajan_esa36.1 -> ajan (diploid=1)
ajan_esa36.2 -> ajan (diploid=1)
ajan_wdb38.1 -> ajan (diploid=1)
ajan_wdb38.2 -> ajan (diploid=1)
ajan_ODP48916.1 -> ajan (diploid=1)
ajan_ODP48916.2 -> ajan (diploid=1)
ajancf_SLM01.1 -> ajan (diploid=1)
ajancf_SLM01.2 -> ajan (diploid=1)
ajancf_SLM05.1 -> ajan (diploid=1)
ajancf_SLM05.2 -> ajan (diploid=1)
ajancf_SLM10.1 -> ajan (diploid=1)
ajancf_SLM10.2 -> ajan (diploid=1)
alas_BABY422.1 -> alas (diploid=1)
alas_BABY422.2 -> alas (diploid=1)
alas_BABY4577.1 -> alas (diploid=1)
alas_BABY4577.2 -> alas (diploid=1)
alas_BABY6558.1 -> alas (diploid=1)
alas_BABY6558.2 -> alas (diploid=1)
alas_DW641.1 -> alas (diploid=1)
alas_DW641.2 -> alas (diploid=1)
alas_DW646.1 -> alas (diploid=1)
alas_DW646.2 -> alas (diploid=1)
alas_ODP43138.1 -> alas (diploid=1)
alas_ODP43138.2 -> alas (diploid=1)
alas_ODP7414.1 -> alas (diploid=1)
alas_ODP7414.2 -> alas (diploid=1)
alas_ODP7415.1 -> alas (diploid=1)
alas_ODP7415.2 -> alas (diploid=1)
alas_ODP7424.1 -> alas (diploid=1)
alas_ODP7424.2 -> alas (diploid=1)
alas_ODP7429.1 -> alas (diploid=1)
alas_ODP7429.2 -> alas (diploid=1)
alas_ODP7432.1 -> alas (diploid=1)
alas_ODP7432.2 -> alas (diploid=1)

Summary of alignments *after* phasing sequences:
 Locus | Model | Sequences | Length | Ambiguous sites | Compressed | Base freqs 
-------+-------+-----------+--------+-----------------+------------+------------
     1 |  JC69 |        12 |    165 |               9 |          2 |      Fixed 
     2 |  JC69 |        40 |    130 |              57 |          7 |      Fixed 
     3 |  JC69 |        30 |     84 |               2 |          3 |      Fixed 
     4 |  JC69 |         6 |    273 |              61 |         10 |      Fixed 
     5 |  JC69 |         4 |     81 |               0 |          1 |      Fixed 
     6 |  JC69 |        40 |     94 |               2 |          3 |      Fixed 
     7 |  JC69 |        24 |    483 |              14 |          9 |      Fixed 
     8 |  JC69 |        40 |    185 |               4 |          4 |      Fixed 
     9 |  JC69 |        12 |    282 |               4 |          4 |      Fixed 
    10 |  JC69 |         8 |    282 |              11 |          6 |      Fixed 
    11 |  JC69 |        30 |    104 |               1 |          2 |      Fixed 
    12 |  JC69 |        34 |    134 |              16 |          7 |      Fixed 
    13 |  JC69 |        38 |     70 |               3 |          4 |      Fixed 
    14 |  JC69 |        30 |    150 |               5 |          7 |      Fixed 
    15 |  JC69 |        40 |    226 |               5 |          6 |      Fixed 
    16 |  JC69 |        20 |    232 |              10 |          9 |      Fixed 
    17 |  JC69 |        40 |    673 |             322 |         22 |      Fixed 
    18 |  JC69 |        40 |    249 |              84 |          6 |      Fixed 
    19 |  JC69 |        18 |     82 |               3 |          4 |      Fixed 
    20 |  JC69 |         6 |    173 |              13 |          6 |      Fixed 
    21 |  JC69 |         8 |    281 |              10 |          7 |      Fixed 
    22 |  JC69 |        18 |    170 |               0 |          1 |      Fixed 
    23 |  JC69 |         4 |     88 |               0 |          1 |      Fixed 
    24 |  JC69 |        40 |    189 |              39 |         12 |      Fixed 
    25 |  JC69 |        14 |    138 |               5 |          5 |      Fixed 
    26 |  JC69 |        32 |     92 |               0 |          1 |      Fixed 
    27 |  JC69 |        18 |    116 |               7 |          3 |      Fixed 
    28 |  JC69 |        30 |     63 |               1 |          2 |      Fixed 
    29 |  JC69 |        28 |    661 |             661 |         47 |      Fixed 
    30 |  JC69 |        40 |    213 |               3 |          4 |      Fixed 
    31 |  JC69 |        20 |    284 |              26 |         22 |      Fixed 
    32 |  JC69 |        22 |    183 |               3 |          3 |      Fixed 
    33 |  JC69 |        38 |    488 |             219 |         12 |      Fixed 
    34 |  JC69 |        40 |    410 |             188 |        156 |      Fixed 
    35 |  JC69 |         6 |     47 |               2 |          5 |      Fixed 
    36 |  JC69 |         6 |    238 |              17 |          8 |      Fixed 
    37 |  JC69 |        36 |    188 |               3 |          5 |      Fixed 
    38 |  JC69 |        10 |    285 |              27 |          9 |      Fixed 
    39 |  JC69 |        28 |     71 |               2 |          3 |      Fixed 
    40 |  JC69 |         8 |    286 |              15 |          6 |      Fixed 
    41 |  JC69 |        38 |    439 |             133 |         18 |      Fixed 
    42 |  JC69 |        30 |    104 |               6 |          5 |      Fixed 
    43 |  JC69 |        10 |    262 |              21 |         11 |      Fixed 
    44 |  JC69 |        26 |    120 |              14 |          7 |      Fixed 
    45 |  JC69 |        34 |   1174 |             660 |         47 |      Fixed 
    46 |  JC69 |        40 |    188 |               2 |          3 |      Fixed 
    47 |  JC69 |        34 |     66 |               4 |          5 |      Fixed 
    48 |  JC69 |         8 |    279 |              38 |          8 |      Fixed 
    49 |  JC69 |         4 |    277 |              11 |          5 |      Fixed 
    50 |  JC69 |        36 |    399 |              67 |         36 |      Fixed 
    51 |  JC69 |        36 |     84 |              10 |         23 |      Fixed 
    52 |  JC69 |        40 |    214 |               2 |          3 |      Fixed 
    53 |  JC69 |        40 |    117 |               2 |          3 |      Fixed 
    54 |  JC69 |        38 |    148 |              11 |         34 |      Fixed 
    55 |  JC69 |        40 |    121 |               2 |          3 |      Fixed 
    56 |  JC69 |        40 |    178 |              11 |         14 |      Fixed 
    57 |  JC69 |        34 |    120 |              55 |         11 |      Fixed 
    58 |  JC69 |        10 |    278 |               7 |          5 |      Fixed 
    59 |  JC69 |        18 |    497 |             157 |         24 |      Fixed 
    60 |  JC69 |        18 |    282 |              30 |         11 |      Fixed 
    61 |  JC69 |        40 |    323 |               2 |          3 |      Fixed 
    62 |  JC69 |        20 |    496 |              19 |          8 |      Fixed 
    63 |  JC69 |         4 |    130 |              10 |          3 |      Fixed 
    64 |  JC69 |        14 |    434 |             158 |         10 |      Fixed 
    65 |  JC69 |        24 |    286 |              68 |         19 |      Fixed 
    66 |  JC69 |        34 |    237 |             109 |         27 |      Fixed 
    67 |  JC69 |        14 |     95 |               0 |          1 |      Fixed 
    68 |  JC69 |        26 |    265 |              59 |          9 |      Fixed 
    69 |  JC69 |        38 |    561 |             385 |         16 |      Fixed 
    70 |  JC69 |         8 |    247 |               2 |          3 |      Fixed 
    71 |  JC69 |        40 |    304 |              27 |         13 |      Fixed 
    72 |  JC69 |        38 |    251 |              85 |         11 |      Fixed 
    73 |  JC69 |        36 |    251 |              86 |         14 |      Fixed 
    74 |  JC69 |         8 |    272 |               9 |          4 |      Fixed 
    75 |  JC69 |        36 |    370 |              14 |         25 |      Fixed 
    76 |  JC69 |        32 |    108 |               3 |          4 |      Fixed 
    77 |  JC69 |        38 |    253 |               9 |          8 |      Fixed 
    78 |  JC69 |        38 |    291 |              31 |         23 |      Fixed 
    79 |  JC69 |        30 |     96 |               2 |          2 |      Fixed 
    80 |  JC69 |        32 |    369 |             296 |         12 |      Fixed 
    81 |  JC69 |        38 |    132 |               5 |          5 |      Fixed 
    82 |  JC69 |        38 |     79 |               1 |          2 |      Fixed 
    83 |  JC69 |        10 |     89 |               1 |          2 |      Fixed 
    84 |  JC69 |         4 |     80 |               0 |          1 |      Fixed 
    85 |  JC69 |        26 |    269 |              56 |         16 |      Fixed 
    86 |  JC69 |        14 |     48 |               5 |          2 |      Fixed 
    87 |  JC69 |        32 |    463 |             114 |         24 |      Fixed 
    88 |  JC69 |        36 |     51 |               3 |          3 |      Fixed 
    89 |  JC69 |        40 |    115 |               2 |          3 |      Fixed 
    90 |  JC69 |        14 |    210 |               2 |          6 |      Fixed 
    91 |  JC69 |        14 |     61 |               2 |          2 |      Fixed 
    92 |  JC69 |        38 |     73 |               2 |          3 |      Fixed 
    93 |  JC69 |        40 |    347 |              61 |         17 |      Fixed 
    94 |  JC69 |        24 |    479 |              90 |         21 |      Fixed 
    95 |  JC69 |        10 |    145 |               8 |          3 |      Fixed 
    96 |  JC69 |        40 |    148 |               9 |          9 |      Fixed 
    97 |  JC69 |        30 |    114 |               9 |          5 |      Fixed 
    98 |  JC69 |        40 |     64 |               6 |          8 |      Fixed 
    99 |  JC69 |        40 |     98 |               2 |          3 |      Fixed 
   100 |  JC69 |        12 |    283 |             128 |         16 |      Fixed 
   101 |  JC69 |         6 |    281 |             147 |          9 |      Fixed 
   102 |  JC69 |        40 |    163 |              43 |          6 |      Fixed 
   103 |  JC69 |        40 |    154 |               3 |         11 |      Fixed 
   104 |  JC69 |        38 |    123 |               4 |         16 |      Fixed 
   105 |  JC69 |        22 |    550 |              22 |         16 |      Fixed 
   106 |  JC69 |        40 |    104 |               1 |          2 |      Fixed 
   107 |  JC69 |         4 |    155 |               0 |          2 |      Fixed 
   108 |  JC69 |        26 |    165 |               0 |          1 |      Fixed 
   109 |  JC69 |        34 |    161 |              61 |          5 |      Fixed 
   110 |  JC69 |         8 |    226 |               6 |          7 |      Fixed 
   111 |  JC69 |        26 |     43 |               1 |          2 |      Fixed 
   112 |  JC69 |        16 |    280 |               8 |          8 |      Fixed 
   113 |  JC69 |        28 |    200 |              64 |          6 |      Fixed 
   114 |  JC69 |        38 |    921 |             686 |         31 |      Fixed 
   115 |  JC69 |        38 |    598 |             426 |         18 |      Fixed 
   116 |  JC69 |         4 |    286 |               7 |          3 |      Fixed 
   117 |  JC69 |        20 |    557 |             428 |         21 |      Fixed 
   118 |  JC69 |        28 |    532 |             268 |         30 |      Fixed 
   119 |  JC69 |        40 |    233 |               4 |          9 |      Fixed 
   120 |  JC69 |        40 |    219 |              93 |         14 |      Fixed 
   121 |  JC69 |         4 |     94 |               0 |          1 |      Fixed 
   122 |  JC69 |        26 |    153 |              17 |         11 |      Fixed 
   123 |  JC69 |         4 |     57 |               0 |          1 |      Fixed 
   124 |  JC69 |        22 |    284 |               2 |          3 |      Fixed 
   125 |  JC69 |         8 |    206 |               7 |          5 |      Fixed 
   126 |  JC69 |        28 |    288 |              25 |         19 |      Fixed 
   127 |  JC69 |         4 |    285 |              12 |          3 |      Fixed 
   128 |  JC69 |        40 |    228 |              20 |         27 |      Fixed 
   129 |  JC69 |        12 |    457 |             192 |         10 |      Fixed 
   130 |  JC69 |        14 |    282 |              26 |         12 |      Fixed 
   131 |  JC69 |        12 |    280 |              23 |         16 |      Fixed 
   132 |  JC69 |         4 |    277 |              18 |          7 |      Fixed 
   133 |  JC69 |        38 |    240 |              13 |         24 |      Fixed 
   134 |  JC69 |        30 |     42 |               3 |          5 |      Fixed 
   135 |  JC69 |        40 |     72 |               4 |          5 |      Fixed 
   136 |  JC69 |        40 |    566 |             243 |        128 |      Fixed 
   137 |  JC69 |        10 |    528 |             264 |          4 |      Fixed 
   138 |  JC69 |        36 |    144 |               4 |          4 |      Fixed 
   139 |  JC69 |        38 |     73 |               2 |          3 |      Fixed 
   140 |  JC69 |        40 |    148 |              13 |         14 |      Fixed 
   141 |  JC69 |         6 |    286 |               8 |          4 |      Fixed 
   142 |  JC69 |        22 |    402 |              20 |         12 |      Fixed 
   143 |  JC69 |        38 |    429 |              92 |          9 |      Fixed 
   144 |  JC69 |        32 |    584 |             288 |         19 |      Fixed 
   145 |  JC69 |        20 |    286 |              27 |         23 |      Fixed 
   146 |  JC69 |        40 |    292 |              89 |         11 |      Fixed 
   147 |  JC69 |        16 |    253 |              61 |          5 |      Fixed 
   148 |  JC69 |        30 |     61 |               2 |          3 |      Fixed 
   149 |  JC69 |        18 |    286 |             103 |         21 |      Fixed 
   150 |  JC69 |         6 |    279 |               6 |          5 |      Fixed 
   151 |  JC69 |         6 |    278 |               5 |          5 |      Fixed 
   152 |  JC69 |         4 |    272 |               1 |          2 |      Fixed 
   153 |  JC69 |        40 |    263 |              12 |          7 |      Fixed 
   154 |  JC69 |        10 |    331 |              91 |          9 |      Fixed 
   155 |  JC69 |        38 |    131 |               3 |         19 |      Fixed 
   156 |  JC69 |        40 |    263 |             102 |          6 |      Fixed 
   157 |  JC69 |        10 |    283 |              10 |          9 |      Fixed 
   158 |  JC69 |        12 |    282 |              93 |         15 |      Fixed 
   159 |  JC69 |        26 |    458 |              22 |         15 |      Fixed 
   160 |  JC69 |        18 |    432 |             162 |          9 |      Fixed 
   161 |  JC69 |        38 |    227 |              14 |         17 |      Fixed 
   162 |  JC69 |         8 |    100 |               1 |          2 |      Fixed 
   163 |  JC69 |        22 |    118 |              44 |         26 |      Fixed 
   164 |  JC69 |        40 |    167 |               6 |         13 |      Fixed 
   165 |  JC69 |        40 |    698 |             411 |         21 |      Fixed 
   166 |  JC69 |        26 |     53 |               1 |          2 |      Fixed 
   167 |  JC69 |        38 |     90 |               2 |          3 |      Fixed 
   168 |  JC69 |        38 |     90 |               3 |         18 |      Fixed 
   169 |  JC69 |        38 |    289 |              41 |         34 |      Fixed 
   170 |  JC69 |        36 |    188 |               3 |          4 |      Fixed 
   171 |  JC69 |        38 |    401 |               5 |          5 |      Fixed 
   172 |  JC69 |        40 |    501 |             172 |         18 |      Fixed 
   173 |  JC69 |        30 |     97 |               4 |          2 |      Fixed 
   174 |  JC69 |        40 |     73 |               1 |          2 |      Fixed 
   175 |  JC69 |        40 |    323 |             232 |         15 |      Fixed 
   176 |  JC69 |         6 |     72 |               0 |          1 |      Fixed 
   177 |  JC69 |        30 |    287 |              28 |         13 |      Fixed 
   178 |  JC69 |        24 |    215 |               1 |          4 |      Fixed 
   179 |  JC69 |        40 |    289 |               4 |          6 |      Fixed 
   180 |  JC69 |        36 |    388 |             128 |         89 |      Fixed 
   181 |  JC69 |         6 |    363 |             120 |         12 |      Fixed 
   182 |  JC69 |        34 |     81 |               3 |          3 |      Fixed 
   183 |  JC69 |         8 |    259 |              20 |          6 |      Fixed 
   184 |  JC69 |        30 |    192 |              14 |          7 |      Fixed 
   185 |  JC69 |        40 |     85 |               4 |          6 |      Fixed 
   186 |  JC69 |        30 |    283 |              28 |         20 |      Fixed 
   187 |  JC69 |        38 |    617 |             617 |         21 |      Fixed 
   188 |  JC69 |        10 |     48 |               0 |          1 |      Fixed 
   189 |  JC69 |        36 |    254 |              41 |         23 |      Fixed 
   190 |  JC69 |        32 |    148 |              17 |          8 |      Fixed 
   191 |  JC69 |        30 |    127 |              56 |         10 |      Fixed 
   192 |  JC69 |        32 |    245 |              22 |         15 |      Fixed 
   193 |  JC69 |        40 |     75 |               2 |          3 |      Fixed 
   194 |  JC69 |        40 |    205 |             101 |         16 |      Fixed 
   195 |  JC69 |        24 |    197 |               9 |         11 |      Fixed 
   196 |  JC69 |        12 |    281 |              72 |         13 |      Fixed 
   197 |  JC69 |        40 |    111 |              19 |          4 |      Fixed 
   198 |  JC69 |        30 |    152 |               5 |          5 |      Fixed 
   199 |  JC69 |         4 |    276 |              15 |          5 |      Fixed 
   200 |  JC69 |        40 |    278 |              11 |          9 |      Fixed 
   201 |  JC69 |        14 |    437 |             174 |         13 |      Fixed 
   202 |  JC69 |        40 |    131 |              51 |         10 |      Fixed 
   203 |  JC69 |        24 |    106 |              26 |          9 |      Fixed 
   204 |  JC69 |         8 |    279 |              90 |          8 |      Fixed 
   205 |  JC69 |        10 |    282 |              14 |          6 |      Fixed 
   206 |  JC69 |        32 |   1007 |             585 |         18 |      Fixed 
   207 |  JC69 |        38 |     75 |               1 |          2 |      Fixed 
   208 |  JC69 |         4 |    278 |              11 |          4 |      Fixed 
   209 |  JC69 |        12 |    113 |               0 |          1 |      Fixed 
   210 |  JC69 |        28 |    107 |               5 |          7 |      Fixed 
   211 |  JC69 |        38 |    118 |              15 |          5 |      Fixed 
   212 |  JC69 |        36 |    140 |              13 |          5 |      Fixed 
   213 |  JC69 |        38 |    164 |               1 |          3 |      Fixed 
   214 |  JC69 |        22 |   1084 |             852 |         29 |      Fixed 
   215 |  JC69 |         6 |    275 |               8 |          3 |      Fixed 
   216 |  JC69 |        40 |    204 |               6 |          8 |      Fixed 
   217 |  JC69 |        40 |    209 |               8 |         11 |      Fixed 
   218 |  JC69 |        36 |     87 |               2 |          3 |      Fixed 
   219 |  JC69 |        32 |    148 |              17 |         10 |      Fixed 
   220 |  JC69 |         4 |    257 |               6 |          4 |      Fixed 
   221 |  JC69 |        22 |    463 |             241 |         19 |      Fixed 
   222 |  JC69 |        40 |    108 |               2 |          3 |      Fixed 
   223 |  JC69 |        34 |    292 |              28 |         25 |      Fixed 
   224 |  JC69 |        22 |    154 |              75 |          7 |      Fixed 
   225 |  JC69 |        10 |    114 |               2 |          3 |      Fixed 
   226 |  JC69 |        28 |    384 |              28 |         40 |      Fixed 
   227 |  JC69 |        40 |    291 |              11 |         17 |      Fixed 
   228 |  JC69 |        40 |    229 |              21 |         19 |      Fixed 
   229 |  JC69 |        36 |     84 |               1 |          2 |      Fixed 
   230 |  JC69 |        40 |    210 |              81 |         16 |      Fixed 
   231 |  JC69 |         6 |    276 |              16 |         11 |      Fixed 
   232 |  JC69 |        34 |    266 |              58 |         21 |      Fixed 
   233 |  JC69 |         6 |    274 |              23 |          5 |      Fixed 
   234 |  JC69 |        12 |    171 |               0 |          1 |      Fixed 
   235 |  JC69 |        40 |     80 |               3 |          4 |      Fixed 
   236 |  JC69 |        14 |    329 |              14 |         12 |      Fixed 
   237 |  JC69 |         4 |    406 |             126 |          4 |      Fixed 
   238 |  JC69 |        36 |     49 |               4 |          4 |      Fixed 
   239 |  JC69 |        40 |    150 |              58 |         12 |      Fixed 
   240 |  JC69 |         6 |    144 |               0 |          1 |      Fixed 
   241 |  JC69 |         4 |    195 |               0 |          1 |      Fixed 
   242 |  JC69 |        36 |    215 |              86 |          9 |      Fixed 
   243 |  JC69 |        34 |    271 |              20 |         24 |      Fixed 
   244 |  JC69 |        40 |    195 |               7 |          8 |      Fixed 
   245 |  JC69 |         4 |    278 |               0 |          1 |      Fixed 
   246 |  JC69 |        36 |    727 |             619 |         26 |      Fixed 
   247 |  JC69 |        38 |    440 |             157 |         19 |      Fixed 
   248 |  JC69 |        10 |    231 |               5 |          5 |      Fixed 
   249 |  JC69 |         6 |     53 |               0 |          1 |      Fixed 
   250 |  JC69 |        40 |    106 |               8 |          7 |      Fixed 
   251 |  JC69 |        40 |    201 |              11 |          4 |      Fixed 
   252 |  JC69 |        14 |     44 |               3 |          2 |      Fixed 
   253 |  JC69 |        40 |    146 |               8 |          7 |      Fixed 
   254 |  JC69 |        40 |    154 |               4 |          5 |      Fixed 
   255 |  JC69 |         8 |     74 |              31 |          3 |      Fixed 
   256 |  JC69 |         8 |    277 |             102 |          7 |      Fixed 
   257 |  JC69 |        34 |    150 |               1 |          2 |      Fixed 
   258 |  JC69 |         4 |    285 |             126 |          5 |      Fixed 
   259 |  JC69 |        34 |    148 |               7 |          6 |      Fixed 
   260 |  JC69 |        28 |    109 |              11 |          4 |      Fixed 
   261 |  JC69 |        30 |    159 |               5 |          9 |      Fixed 
   262 |  JC69 |        12 |    284 |              21 |         13 |      Fixed 
   263 |  JC69 |        22 |    246 |              14 |         18 |      Fixed 
   264 |  JC69 |        12 |     45 |              11 |          5 |      Fixed 
   265 |  JC69 |        40 |    302 |             103 |        119 |      Fixed 
   266 |  JC69 |        18 |     97 |               1 |          2 |      Fixed 
   267 |  JC69 |        26 |    142 |               1 |          2 |      Fixed 
   268 |  JC69 |        40 |    178 |               4 |          6 |      Fixed 
   269 |  JC69 |        14 |    256 |              16 |         12 |      Fixed 
   270 |  JC69 |        40 |    146 |               2 |          3 |      Fixed 
   271 |  JC69 |        12 |    281 |              93 |         29 |      Fixed 
   272 |  JC69 |        34 |     47 |               3 |          4 |      Fixed 
   273 |  JC69 |        32 |    120 |               5 |          6 |      Fixed 
   274 |  JC69 |        10 |     75 |               1 |          2 |      Fixed 
   275 |  JC69 |        20 |    282 |              29 |         11 |      Fixed 
   276 |  JC69 |         6 |    162 |               4 |          2 |      Fixed 
   277 |  JC69 |        20 |    281 |              66 |         17 |      Fixed 
   278 |  JC69 |        38 |    108 |               6 |         11 |      Fixed 
   279 |  JC69 |        30 |     64 |               2 |          3 |      Fixed 
   280 |  JC69 |        26 |     48 |               2 |          3 |      Fixed 
   281 |  JC69 |        40 |     49 |               4 |          4 |      Fixed 
   282 |  JC69 |        30 |    227 |             105 |          6 |      Fixed 
   283 |  JC69 |        34 |    473 |             144 |         18 |      Fixed 
   284 |  JC69 |        24 |     58 |               3 |          4 |      Fixed 
   285 |  JC69 |        38 |    146 |               6 |          7 |      Fixed 
   286 |  JC69 |        26 |     95 |               0 |          1 |      Fixed 
   287 |  JC69 |        32 |    294 |              68 |         11 |      Fixed 
   288 |  JC69 |        40 |    209 |              68 |          8 |      Fixed 
   289 |  JC69 |        18 |    334 |               9 |          9 |      Fixed 
   290 |  JC69 |         8 |    138 |               1 |          2 |      Fixed 
   291 |  JC69 |        40 |    147 |               7 |         13 |      Fixed 
   292 |  JC69 |        14 |    209 |              22 |          7 |      Fixed 
   293 |  JC69 |        16 |    207 |              80 |          4 |      Fixed 
   294 |  JC69 |        34 |     67 |               7 |         22 |      Fixed 
   295 |  JC69 |        34 |    168 |               6 |          7 |      Fixed 
   296 |  JC69 |        38 |    640 |             491 |         40 |      Fixed 
   297 |  JC69 |         4 |    280 |              17 |          5 |      Fixed 
   298 |  JC69 |        38 |    754 |             631 |         29 |      Fixed 
   299 |  JC69 |         4 |    298 |              68 |          3 |      Fixed 
   300 |  JC69 |        40 |    190 |               7 |         30 |      Fixed 
   301 |  JC69 |        34 |    570 |             182 |         46 |      Fixed 
   302 |  JC69 |        28 |     61 |               0 |          1 |      Fixed 
   303 |  JC69 |        30 |     62 |              19 |          2 |      Fixed 
   304 |  JC69 |        22 |    235 |              11 |          7 |      Fixed 
   305 |  JC69 |        28 |     65 |               3 |          2 |      Fixed 
   306 |  JC69 |         6 |    377 |             113 |          6 |      Fixed 
   307 |  JC69 |        32 |    290 |             153 |          6 |      Fixed 
   308 |  JC69 |        12 |    463 |              10 |         12 |      Fixed 
   309 |  JC69 |         6 |     80 |               1 |          2 |      Fixed 
   310 |  JC69 |         8 |    254 |              47 |         11 |      Fixed 
   311 |  JC69 |         4 |    285 |              13 |          4 |      Fixed 
   312 |  JC69 |        38 |    574 |             443 |         20 |      Fixed 
   313 |  JC69 |        24 |    407 |             116 |         17 |      Fixed 
   314 |  JC69 |         8 |    281 |               9 |          7 |      Fixed 
   315 |  JC69 |        38 |    288 |               9 |          9 |      Fixed 
   316 |  JC69 |        40 |    216 |             107 |          4 |      Fixed 
   317 |  JC69 |        38 |    174 |               0 |          1 |      Fixed 
   318 |  JC69 |        32 |    223 |               4 |          5 |      Fixed 
   319 |  JC69 |        40 |   1309 |            1173 |         64 |      Fixed 
   320 |  JC69 |        36 |     55 |               4 |          5 |      Fixed 
   321 |  JC69 |        28 |     99 |               3 |          4 |      Fixed 
   322 |  JC69 |        40 |    109 |               2 |          4 |      Fixed 
   323 |  JC69 |         6 |    287 |              18 |          6 |      Fixed 
   324 |  JC69 |        38 |    208 |              12 |         17 |      Fixed 
   325 |  JC69 |        22 |    180 |              12 |         21 |      Fixed 
   326 |  JC69 |        20 |    244 |              15 |         10 |      Fixed 
   327 |  JC69 |        26 |    280 |              31 |         14 |      Fixed 
   328 |  JC69 |        38 |    251 |              17 |         17 |      Fixed 
   329 |  JC69 |        12 |    274 |              83 |         16 |      Fixed 
   330 |  JC69 |        20 |    284 |              17 |         16 |      Fixed 
   331 |  JC69 |         4 |    282 |               6 |          3 |      Fixed 
   332 |  JC69 |        40 |     91 |               1 |          2 |      Fixed 
   333 |  JC69 |        14 |    157 |              33 |         11 |      Fixed 
   334 |  JC69 |         6 |    280 |             146 |          8 |      Fixed 
   335 |  JC69 |        34 |    146 |              11 |         13 |      Fixed 
   336 |  JC69 |        24 |    499 |             239 |         20 |      Fixed 
   337 |  JC69 |        40 |    182 |              85 |          6 |      Fixed 
   338 |  JC69 |        32 |    110 |              29 |          3 |      Fixed 
   339 |  JC69 |        38 |    206 |               9 |         11 |      Fixed 
   340 |  JC69 |         4 |    283 |               2 |          3 |      Fixed 
   341 |  JC69 |        40 |    365 |             135 |        424 |      Fixed 
   342 |  JC69 |        40 |    450 |             206 |         32 |      Fixed 
   343 |  JC69 |        16 |    534 |             148 |         25 |      Fixed 
   344 |  JC69 |         4 |    108 |               2 |          2 |      Fixed 
   345 |  JC69 |        40 |    161 |               9 |          7 |      Fixed 
   346 |  JC69 |        36 |     58 |               2 |          4 |      Fixed 
   347 |  JC69 |        40 |    548 |             229 |         36 |      Fixed 
   348 |  JC69 |        36 |     67 |               3 |          4 |      Fixed 
   349 |  JC69 |        26 |    114 |               2 |          2 |      Fixed 
   350 |  JC69 |        28 |    455 |              29 |         20 |      Fixed 
   351 |  JC69 |         6 |    516 |             241 |          3 |      Fixed 
   352 |  JC69 |         6 |     55 |               0 |          1 |      Fixed 
   353 |  JC69 |        34 |    140 |              16 |          9 |      Fixed 
   354 |  JC69 |         6 |    279 |              10 |          6 |      Fixed 
   355 |  JC69 |        40 |     63 |               0 |          1 |      Fixed 
   356 |  JC69 |         4 |    283 |              12 |          4 |      Fixed 
   357 |  JC69 |         6 |     60 |               0 |          1 |      Fixed 
   358 |  JC69 |        20 |    282 |              15 |         13 |      Fixed 
   359 |  JC69 |        40 |     92 |               3 |          4 |      Fixed 
   360 |  JC69 |        34 |     92 |               0 |          2 |      Fixed 
   361 |  JC69 |        10 |    287 |              10 |          9 |      Fixed 
   362 |  JC69 |        40 |    192 |               4 |          5 |      Fixed 
   363 |  JC69 |        28 |    102 |               3 |          5 |      Fixed 
   364 |  JC69 |        20 |     93 |               1 |          2 |      Fixed 
   365 |  JC69 |        40 |    117 |               1 |          2 |      Fixed 
   366 |  JC69 |        38 |     64 |               1 |          2 |      Fixed 
   367 |  JC69 |        36 |     64 |               3 |          4 |      Fixed 
   368 |  JC69 |         6 |    283 |              58 |         12 |      Fixed 
   369 |  JC69 |         4 |     31 |               0 |          1 |      Fixed 
   370 |  JC69 |         4 |    254 |               3 |          3 |      Fixed 
   371 |  JC69 |        40 |    151 |               2 |          4 |      Fixed 
   372 |  JC69 |        40 |    122 |               3 |          4 |      Fixed 
   373 |  JC69 |        12 |    378 |             115 |          9 |      Fixed 
   374 |  JC69 |        10 |     69 |               8 |          3 |      Fixed 
   375 |  JC69 |        22 |    285 |              29 |         28 |      Fixed 
   376 |  JC69 |        22 |    212 |              15 |         13 |      Fixed 
   377 |  JC69 |        24 |    322 |              65 |         16 |      Fixed 
   378 |  JC69 |        20 |     76 |               3 |          4 |      Fixed 
   379 |  JC69 |        34 |     63 |               2 |          3 |      Fixed 
   380 |  JC69 |        40 |    314 |               9 |         11 |      Fixed 
   381 |  JC69 |        38 |    138 |              11 |         17 |      Fixed 
   382 |  JC69 |        40 |    103 |               3 |          5 |      Fixed 
   383 |  JC69 |        28 |    102 |               5 |          6 |      Fixed 
   384 |  JC69 |        40 |    184 |              12 |         15 |      Fixed 
   385 |  JC69 |         6 |     76 |               0 |          1 |      Fixed 
   386 |  JC69 |        38 |    277 |               8 |          9 |      Fixed 
   387 |  JC69 |         6 |    173 |               1 |          2 |      Fixed 
   388 |  JC69 |        38 |    273 |              16 |         24 |      Fixed 
   389 |  JC69 |        18 |    399 |             194 |         14 |      Fixed 
   390 |  JC69 |        40 |    135 |               4 |         14 |      Fixed 
   391 |  JC69 |        22 |    281 |              33 |         17 |      Fixed 
   392 |  JC69 |         4 |    286 |              10 |          3 |      Fixed 
   393 |  JC69 |        14 |    349 |              53 |         37 |      Fixed 
   394 |  JC69 |        20 |    175 |               2 |          3 |      Fixed 
   395 |  JC69 |        26 |     96 |               1 |          2 |      Fixed 
   396 |  JC69 |        16 |    227 |               9 |          9 |      Fixed 
   397 |  JC69 |        18 |    280 |              19 |         15 |      Fixed 
   398 |  JC69 |        34 |    257 |              17 |         12 |      Fixed 
   399 |  JC69 |        32 |    110 |              22 |          5 |      Fixed 
   400 |  JC69 |        40 |     86 |               4 |          9 |      Fixed 
   401 |  JC69 |         6 |    286 |              39 |          5 |      Fixed 
   402 |  JC69 |         4 |     42 |               0 |          1 |      Fixed 
   403 |  JC69 |        40 |     72 |               3 |          4 |      Fixed 
   404 |  JC69 |        32 |    179 |              13 |          6 |      Fixed 
   405 |  JC69 |        38 |    131 |              66 |          9 |      Fixed 
   406 |  JC69 |        28 |     67 |               7 |          6 |      Fixed 
   407 |  JC69 |        16 |    272 |               6 |          7 |      Fixed 
   408 |  JC69 |        40 |    187 |              17 |         13 |      Fixed 
   409 |  JC69 |         4 |    272 |               8 |          5 |      Fixed 
   410 |  JC69 |        40 |     76 |               1 |          2 |      Fixed 
   411 |  JC69 |         6 |    390 |             131 |          3 |      Fixed 
   412 |  JC69 |        40 |    102 |               4 |          7 |      Fixed 
   413 |  JC69 |        32 |    136 |               6 |          8 |      Fixed 
   414 |  JC69 |         6 |    280 |              15 |          8 |      Fixed 
   415 |  JC69 |         8 |    321 |             134 |         23 |      Fixed 
   416 |  JC69 |        40 |    187 |               4 |          7 |      Fixed 
   417 |  JC69 |        40 |    187 |               4 |          8 |      Fixed 
   418 |  JC69 |        40 |    455 |              64 |         11 |      Fixed 
   419 |  JC69 |        40 |    457 |              15 |         14 |      Fixed 
   420 |  JC69 |        40 |    278 |             135 |         20 |      Fixed 
   421 |  JC69 |        34 |     79 |               0 |          1 |      Fixed 
   422 |  JC69 |         4 |     50 |               0 |          1 |      Fixed 
   423 |  JC69 |        36 |    238 |              23 |         28 |      Fixed 
   424 |  JC69 |        40 |     85 |               1 |          2 |      Fixed 
   425 |  JC69 |        40 |     97 |               2 |          3 |      Fixed 
   426 |  JC69 |        12 |    283 |              70 |         13 |      Fixed 
   427 |  JC69 |        28 |    477 |              30 |         28 |      Fixed 
   428 |  JC69 |         6 |    158 |              72 |          4 |      Fixed 
   429 |  JC69 |         4 |    257 |             147 |          3 |      Fixed 
   430 |  JC69 |        24 |    390 |             194 |         16 |      Fixed 
   431 |  JC69 |        24 |    548 |             288 |         43 |      Fixed 
   432 |  JC69 |        30 |     48 |               1 |          2 |      Fixed 
   433 |  JC69 |        22 |    460 |              17 |         95 |      Fixed 
   434 |  JC69 |        38 |    323 |             104 |         19 |      Fixed 
   435 |  JC69 |        40 |    117 |               5 |          7 |      Fixed 
   436 |  JC69 |        40 |    224 |              70 |          7 |      Fixed 
   437 |  JC69 |        24 |    206 |              13 |          8 |      Fixed 
   438 |  JC69 |         4 |    253 |               5 |          4 |      Fixed 
   439 |  JC69 |        20 |    284 |              10 |         10 |      Fixed 
   440 |  JC69 |        32 |    103 |               3 |          6 |      Fixed 
   441 |  JC69 |        40 |     71 |               2 |          3 |      Fixed 
   442 |  JC69 |        24 |    282 |              19 |         15 |      Fixed 
   443 |  JC69 |        40 |    242 |              54 |          7 |      Fixed 
   444 |  JC69 |        40 |    117 |               3 |          4 |      Fixed 
   445 |  JC69 |        38 |    443 |             173 |         48 |      Fixed 
   446 |  JC69 |        32 |    611 |             542 |         31 |      Fixed 
   447 |  JC69 |         6 |    108 |               1 |          2 |      Fixed 
   448 |  JC69 |        12 |     90 |               1 |          2 |      Fixed 
   449 |  JC69 |         6 |    272 |               5 |          5 |      Fixed 
   450 |  JC69 |        38 |    121 |              14 |          9 |      Fixed 
   451 |  JC69 |        36 |    639 |             185 |         12 |      Fixed 
   452 |  JC69 |        40 |    213 |               6 |         45 |      Fixed 
   453 |  JC69 |        18 |    250 |               9 |          8 |      Fixed 
   454 |  JC69 |        40 |    176 |               4 |          3 |      Fixed 
   455 |  JC69 |        38 |    227 |             122 |         12 |      Fixed 
   456 |  JC69 |        20 |    282 |              12 |          9 |      Fixed 
   457 |  JC69 |        14 |    136 |               0 |          1 |      Fixed 
   458 |  JC69 |         4 |    165 |               0 |          1 |      Fixed 
   459 |  JC69 |        34 |     77 |              12 |          5 |      Fixed 
   460 |  JC69 |         8 |    101 |              12 |          6 |      Fixed 
   461 |  JC69 |        34 |    200 |               5 |          3 |      Fixed 
   462 |  JC69 |        40 |    264 |              69 |         12 |      Fixed 
   463 |  JC69 |        18 |    213 |              19 |         17 |      Fixed 
   464 |  JC69 |        26 |    333 |             137 |         20 |      Fixed 
   465 |  JC69 |        40 |    152 |               8 |         15 |      Fixed 
   466 |  JC69 |        38 |     60 |               1 |          2 |      Fixed 
   467 |  JC69 |        28 |    184 |              41 |         41 |      Fixed 
   468 |  JC69 |        32 |     95 |               2 |          3 |      Fixed 
   469 |  JC69 |        16 |    268 |               6 |          7 |      Fixed 
   470 |  JC69 |        40 |     92 |               1 |          2 |      Fixed 
   471 |  JC69 |         4 |    144 |               0 |          1 |      Fixed 
   472 |  JC69 |        40 |     66 |               4 |          5 |      Fixed 
   473 |  JC69 |         4 |    278 |              71 |          5 |      Fixed 
   474 |  JC69 |        40 |     50 |               5 |          3 |      Fixed 
   475 |  JC69 |         4 |     78 |               0 |          1 |      Fixed 
   476 |  JC69 |        38 |    209 |               6 |          8 |      Fixed 
   477 |  JC69 |        24 |    188 |               5 |          5 |      Fixed 
   478 |  JC69 |        38 |    159 |               6 |         13 |      Fixed 
   479 |  JC69 |        18 |    283 |              87 |         19 |      Fixed 
   480 |  JC69 |        10 |    275 |               8 |          9 |      Fixed 
   481 |  JC69 |         4 |     89 |               0 |          1 |      Fixed 
   482 |  JC69 |        40 |    639 |             502 |         23 |      Fixed 
   483 |  JC69 |         8 |    256 |             123 |          8 |      Fixed 
   484 |  JC69 |        10 |    113 |              19 |          3 |      Fixed 
   485 |  JC69 |         4 |     76 |               4 |          2 |      Fixed 
   486 |  JC69 |         6 |    277 |              12 |          4 |      Fixed 
   487 |  JC69 |        40 |    121 |               1 |          2 |      Fixed 
   488 |  JC69 |        30 |    292 |              46 |         21 |      Fixed 
   489 |  JC69 |        40 |    371 |              35 |         31 |      Fixed 
   490 |  JC69 |        38 |    198 |               9 |          8 |      Fixed 
   491 |  JC69 |        38 |    449 |             213 |         19 |      Fixed 
   492 |  JC69 |        22 |     96 |               0 |          1 |      Fixed 
   493 |  JC69 |        16 |    288 |              28 |         18 |      Fixed 
   494 |  JC69 |         4 |     50 |               1 |          2 |      Fixed 
   495 |  JC69 |        18 |     72 |               0 |          1 |      Fixed 
   496 |  JC69 |        20 |    418 |             155 |         10 |      Fixed 
   497 |  JC69 |        38 |    226 |               2 |          3 |      Fixed 
   498 |  JC69 |        36 |    270 |               5 |          7 |      Fixed 
   499 |  JC69 |        22 |    170 |               5 |          7 |      Fixed 
   500 |  JC69 |         8 |    227 |               2 |          3 |      Fixed 
   501 |  JC69 |         4 |    502 |             236 |          9 |      Fixed 
   502 |  JC69 |        40 |    247 |               5 |          8 |      Fixed 
   503 |  JC69 |        38 |     59 |               2 |          3 |      Fixed 
   504 |  JC69 |         6 |    189 |               0 |          1 |      Fixed 
   505 |  JC69 |        40 |    117 |               4 |         16 |      Fixed 
   506 |  JC69 |        30 |    286 |              24 |         29 |      Fixed 
   507 |  JC69 |        40 |     98 |               0 |          1 |      Fixed 
   508 |  JC69 |        40 |    103 |              12 |          9 |      Fixed 
   509 |  JC69 |        10 |    126 |              49 |          5 |      Fixed 
   510 |  JC69 |        40 |    121 |               6 |          6 |      Fixed 
   511 |  JC69 |         4 |    201 |               0 |          1 |      Fixed 
   512 |  JC69 |         4 |    278 |               8 |          5 |      Fixed 
   513 |  JC69 |        30 |    292 |              26 |         17 |      Fixed 
   514 |  JC69 |        12 |    258 |               9 |          6 |      Fixed 
   515 |  JC69 |        38 |    219 |               6 |          7 |      Fixed 
   516 |  JC69 |        36 |    921 |             734 |         32 |      Fixed 
   517 |  JC69 |        30 |    212 |              51 |          3 |      Fixed 
   518 |  JC69 |         8 |    161 |               0 |          1 |      Fixed 
   519 |  JC69 |        38 |    184 |               6 |         19 |      Fixed 
   520 |  JC69 |        36 |     85 |               4 |          8 |      Fixed 
   521 |  JC69 |        32 |    645 |             503 |         33 |      Fixed 
   522 |  JC69 |        40 |    576 |             294 |         51 |      Fixed 
   523 |  JC69 |         4 |    272 |               5 |          4 |      Fixed 
   524 |  JC69 |        40 |    112 |               7 |          6 |      Fixed 
   525 |  JC69 |        40 |    166 |               9 |          4 |      Fixed 
   526 |  JC69 |        16 |    283 |              53 |         15 |      Fixed 
   527 |  JC69 |        22 |    277 |             107 |         13 |      Fixed 
   528 |  JC69 |         8 |    199 |              78 |          4 |      Fixed 
   529 |  JC69 |        10 |     76 |               5 |          2 |      Fixed 
   530 |  JC69 |        34 |     77 |               2 |          3 |      Fixed 
   531 |  JC69 |        40 |     76 |               2 |          3 |      Fixed 
   532 |  JC69 |        40 |    290 |               5 |          7 |      Fixed 
   533 |  JC69 |         6 |    170 |               0 |          1 |      Fixed 
   534 |  JC69 |        38 |    369 |              96 |         21 |      Fixed 
   535 |  JC69 |        40 |    174 |              82 |         11 |      Fixed 
   536 |  JC69 |        38 |    197 |               4 |          7 |      Fixed 
   537 |  JC69 |        30 |    921 |             596 |         31 |      Fixed 
   538 |  JC69 |        18 |     93 |              47 |          5 |      Fixed 
   539 |  JC69 |         4 |     42 |               0 |          1 |      Fixed 
   540 |  JC69 |        14 |    282 |              16 |         13 |      Fixed 
   541 |  JC69 |        26 |    219 |               9 |         78 |      Fixed 
   542 |  JC69 |        30 |     58 |               0 |          1 |      Fixed 
   543 |  JC69 |        36 |    186 |               5 |         11 |      Fixed 
   544 |  JC69 |        10 |     59 |               0 |          3 |      Fixed 
   545 |  JC69 |        40 |    108 |               1 |          2 |      Fixed 
   546 |  JC69 |        40 |    191 |               9 |         25 |      Fixed 
   547 |  JC69 |        24 |     77 |               8 |          6 |      Fixed 
   548 |  JC69 |        32 |    292 |              29 |         17 |      Fixed 
   549 |  JC69 |         6 |    372 |             117 |          9 |      Fixed 
   550 |  JC69 |        24 |    264 |              15 |         25 |      Fixed 
   551 |  JC69 |        36 |    626 |             487 |         56 |      Fixed 
   552 |  JC69 |        40 |     95 |               2 |          3 |      Fixed 
   553 |  JC69 |        40 |    600 |             227 |         82 |      Fixed 
   554 |  JC69 |        40 |    746 |             442 |         26 |      Fixed 
   555 |  JC69 |        26 |    327 |              55 |         12 |      Fixed 
   556 |  JC69 |         4 |    138 |               0 |          1 |      Fixed 
   557 |  JC69 |         6 |     58 |               0 |          1 |      Fixed 
   558 |  JC69 |        34 |    175 |              14 |         28 |      Fixed 
   559 |  JC69 |         4 |    219 |               0 |          1 |      Fixed 
   560 |  JC69 |        22 |    210 |              24 |         11 |      Fixed 
   561 |  JC69 |        18 |    236 |              12 |          8 |      Fixed 
   562 |  JC69 |         6 |    248 |               7 |          5 |      Fixed 
   563 |  JC69 |        14 |    275 |              56 |          6 |      Fixed 
   564 |  JC69 |        34 |    112 |               3 |          4 |      Fixed 
   565 |  JC69 |        18 |    274 |              12 |         12 |      Fixed 
   566 |  JC69 |        40 |    119 |               8 |         25 |      Fixed 
   567 |  JC69 |        38 |    104 |              25 |          7 |      Fixed 
   568 |  JC69 |         6 |    515 |             261 |          9 |      Fixed 
   569 |  JC69 |        30 |    138 |               5 |          6 |      Fixed 
   570 |  JC69 |        40 |     61 |               4 |          5 |      Fixed 
   571 |  JC69 |        38 |    154 |              77 |         14 |      Fixed 
   572 |  JC69 |        40 |    261 |              13 |         17 |      Fixed 
   573 |  JC69 |        14 |     55 |               0 |          1 |      Fixed 
   574 |  JC69 |         4 |    278 |              84 |          5 |      Fixed 
   575 |  JC69 |        18 |     68 |               2 |          2 |      Fixed 
   576 |  JC69 |        28 |    190 |              23 |          9 |      Fixed 
   577 |  JC69 |         6 |    120 |              42 |          2 |      Fixed 
   578 |  JC69 |        18 |    260 |              13 |          8 |      Fixed 
   579 |  JC69 |        32 |    256 |              91 |         15 |      Fixed 
   580 |  JC69 |        20 |    144 |               0 |          1 |      Fixed 
   581 |  JC69 |        10 |    148 |               4 |          6 |      Fixed 
   582 |  JC69 |         6 |    271 |              64 |          5 |      Fixed 
   583 |  JC69 |         4 |    267 |               5 |          4 |      Fixed 
   584 |  JC69 |        26 |    177 |               4 |          5 |      Fixed 
   585 |  JC69 |        36 |    173 |               4 |          6 |      Fixed 
   586 |  JC69 |        14 |    279 |             126 |         26 |      Fixed 
   587 |  JC69 |        40 |    192 |              79 |         13 |      Fixed 
   588 |  JC69 |        38 |    410 |             161 |        594 |      Fixed 
   589 |  JC69 |         4 |    209 |               0 |          2 |      Fixed 
   590 |  JC69 |        28 |    468 |              16 |         51 |      Fixed 
   591 |  JC69 |        40 |    205 |               5 |          5 |      Fixed 
   592 |  JC69 |        40 |    454 |             210 |          8 |      Fixed 
   593 |  JC69 |        14 |    197 |               5 |          4 |      Fixed 
   594 |  JC69 |        40 |    195 |              60 |         23 |      Fixed 
   595 |  JC69 |        36 |     98 |               2 |          4 |      Fixed 
   596 |  JC69 |        14 |    273 |              15 |          6 |      Fixed 
   597 |  JC69 |         6 |     51 |               0 |          1 |      Fixed 
   598 |  JC69 |        30 |    215 |              31 |         15 |      Fixed 
   599 |  JC69 |        38 |     82 |               7 |         10 |      Fixed 
   600 |  JC69 |        20 |     83 |               1 |          2 |      Fixed 
   601 |  JC69 |        16 |    281 |              55 |         30 |      Fixed 
   602 |  JC69 |        40 |    135 |               2 |          3 |      Fixed 
   603 |  JC69 |         4 |    178 |               0 |          2 |      Fixed 
   604 |  JC69 |        24 |    288 |               4 |          5 |      Fixed 
   605 |  JC69 |         6 |    106 |               0 |          2 |      Fixed 
   606 |  JC69 |        14 |    263 |              20 |         14 |      Fixed 
   607 |  JC69 |        40 |    276 |              24 |        327 |      Fixed 
   608 |  JC69 |        16 |    247 |               5 |          6 |      Fixed 
   609 |  JC69 |        20 |    282 |              35 |         17 |      Fixed 
   610 |  JC69 |        36 |    244 |               5 |         11 |      Fixed 
   611 |  JC69 |        30 |    327 |              69 |         19 |      Fixed 
   612 |  JC69 |        40 |    160 |               1 |          2 |      Fixed 
   613 |  JC69 |         4 |    274 |             137 |          4 |      Fixed 
   614 |  JC69 |        38 |     82 |               9 |         52 |      Fixed 
   615 |  JC69 |        14 |    141 |              10 |         13 |      Fixed 
   616 |  JC69 |        30 |    257 |              17 |         17 |      Fixed 
   617 |  JC69 |         8 |    277 |              10 |          8 |      Fixed 
   618 |  JC69 |         4 |    283 |              26 |          5 |      Fixed 
   619 |  JC69 |        14 |    159 |               7 |          5 |      Fixed 
   620 |  JC69 |        12 |    289 |             154 |         14 |      Fixed 
   621 |  JC69 |        10 |    208 |              20 |          4 |      Fixed 
   622 |  JC69 |        22 |    363 |             186 |         24 |      Fixed 
   623 |  JC69 |        40 |    164 |               2 |          3 |      Fixed 
   624 |  JC69 |        14 |    277 |              22 |         28 |      Fixed 
   625 |  JC69 |        26 |     70 |               1 |          2 |      Fixed 
   626 |  JC69 |        38 |    210 |               7 |          9 |      Fixed 
   627 |  JC69 |        38 |     69 |               5 |          6 |      Fixed 
   628 |  JC69 |        10 |    256 |               7 |          6 |      Fixed 
   629 |  JC69 |        40 |    342 |              14 |         19 |      Fixed 
   630 |  JC69 |        30 |    366 |              30 |         20 |      Fixed 
   631 |  JC69 |         8 |    203 |              28 |          8 |      Fixed 
   632 |  JC69 |        40 |    264 |               7 |         10 |      Fixed 
   633 |  JC69 |        38 |    281 |               4 |          7 |      Fixed 
   634 |  JC69 |        32 |    103 |               6 |         10 |      Fixed 
   635 |  JC69 |        40 |    107 |               3 |          5 |      Fixed 
   636 |  JC69 |        38 |    178 |               6 |          9 |      Fixed 
   637 |  JC69 |        26 |     44 |              17 |          3 |      Fixed 
   638 |  JC69 |        14 |    281 |              35 |          9 |      Fixed 
   639 |  JC69 |         6 |    124 |               2 |          2 |      Fixed 
   640 |  JC69 |        40 |    345 |              10 |         19 |      Fixed 
   641 |  JC69 |        36 |    147 |               6 |          9 |      Fixed 
   642 |  JC69 |        38 |    299 |               8 |         11 |      Fixed 
   643 |  JC69 |        40 |    152 |              10 |         18 |      Fixed 
   644 |  JC69 |        38 |    323 |              66 |          9 |      Fixed 
   645 |  JC69 |        20 |    277 |              25 |         25 |      Fixed 
   646 |  JC69 |         4 |     51 |               0 |          1 |      Fixed 
   647 |  JC69 |        12 |    283 |               5 |          5 |      Fixed 
   648 |  JC69 |        34 |     55 |               4 |         19 |      Fixed 
   649 |  JC69 |        12 |    255 |              89 |         10 |      Fixed 
   650 |  JC69 |         4 |    242 |               5 |          4 |      Fixed 
   651 |  JC69 |        38 |    263 |               7 |          9 |      Fixed 
   652 |  JC69 |        28 |    184 |              10 |         12 |      Fixed 
   653 |  JC69 |        40 |     79 |               7 |          8 |      Fixed 
   654 |  JC69 |        30 |    156 |               8 |          7 |      Fixed 
   655 |  JC69 |        36 |    305 |             130 |         10 |      Fixed 
   656 |  JC69 |        38 |    287 |              12 |          8 |      Fixed 
   657 |  JC69 |        16 |    548 |              18 |         14 |      Fixed 
   658 |  JC69 |        40 |     64 |               1 |          2 |      Fixed 
   659 |  JC69 |        26 |     58 |               3 |          5 |      Fixed 
   660 |  JC69 |        24 |    247 |              11 |          9 |      Fixed 
   661 |  JC69 |        28 |    106 |               4 |          5 |      Fixed 
   662 |  JC69 |        34 |    471 |             138 |         40 |      Fixed 
   663 |  JC69 |         4 |    286 |               9 |          4 |      Fixed 
   664 |  JC69 |         6 |     90 |               0 |          2 |      Fixed 
   665 |  JC69 |        28 |    283 |              36 |         21 |      Fixed 
   666 |  JC69 |         8 |    278 |               9 |          9 |      Fixed 
   667 |  JC69 |         8 |    279 |             138 |          8 |      Fixed 
   668 |  JC69 |         8 |    148 |               0 |          1 |      Fixed 
   669 |  JC69 |        26 |    215 |               9 |         28 |      Fixed 
   670 |  JC69 |         4 |     38 |               0 |          1 |      Fixed 
   671 |  JC69 |        40 |     76 |               4 |          6 |      Fixed 
   672 |  JC69 |         6 |    282 |              64 |          7 |      Fixed 
   673 |  JC69 |        40 |     99 |               4 |          5 |      Fixed 
   674 |  JC69 |         4 |    282 |              24 |          6 |      Fixed 
   675 |  JC69 |        40 |    354 |              27 |         25 |      Fixed 
   676 |  JC69 |        20 |    193 |              68 |         13 |      Fixed 
   677 |  JC69 |        30 |    429 |             171 |         44 |      Fixed 
   678 |  JC69 |        26 |    178 |              13 |         16 |      Fixed 
   679 |  JC69 |        40 |     69 |              16 |         36 |      Fixed 
   680 |  JC69 |         6 |    207 |               2 |          4 |      Fixed 
   681 |  JC69 |        16 |    164 |               6 |          7 |      Fixed 
   682 |  JC69 |         4 |     45 |               0 |          1 |      Fixed 
   683 |  JC69 |        16 |    282 |              12 |         11 |      Fixed 
   684 |  JC69 |         6 |     51 |               0 |          1 |      Fixed 
   685 |  JC69 |         8 |    241 |              38 |         12 |      Fixed 
   686 |  JC69 |         8 |    282 |              33 |         12 |      Fixed 
   687 |  JC69 |         6 |    281 |              23 |         10 |      Fixed 
   688 |  JC69 |        10 |    136 |               7 |          4 |      Fixed 
   689 |  JC69 |        18 |    171 |               5 |          8 |      Fixed 
   690 |  JC69 |        40 |     68 |               7 |          6 |      Fixed 
   691 |  JC69 |        34 |    251 |              15 |         68 |      Fixed 
   692 |  JC69 |        40 |    121 |               8 |         62 |      Fixed 
   693 |  JC69 |        38 |    292 |              21 |         13 |      Fixed 
   694 |  JC69 |         6 |     59 |               0 |          2 |      Fixed 
   695 |  JC69 |        14 |     36 |               1 |          2 |      Fixed 
   696 |  JC69 |        16 |    356 |              63 |         16 |      Fixed 
   697 |  JC69 |         6 |    286 |              21 |          9 |      Fixed 
   698 |  JC69 |        32 |    146 |              17 |         81 |      Fixed 
   699 |  JC69 |        32 |    288 |              37 |         34 |      Fixed 
   700 |  JC69 |        36 |    373 |              20 |         16 |      Fixed 
   701 |  JC69 |         4 |    283 |              11 |          4 |      Fixed 
   702 |  JC69 |        40 |    147 |               4 |         10 |      Fixed 
   703 |  JC69 |        40 |     92 |               1 |          2 |      Fixed 
   704 |  JC69 |         6 |    284 |              12 |          6 |      Fixed 
   705 |  JC69 |        38 |    944 |             690 |         22 |      Fixed 
   706 |  JC69 |        38 |    519 |              51 |          4 |      Fixed 
   707 |  JC69 |        18 |    196 |               7 |          8 |      Fixed 
   708 |  JC69 |         8 |     40 |               5 |          2 |      Fixed 
   709 |  JC69 |         6 |     52 |               1 |          2 |      Fixed 
   710 |  JC69 |        16 |    279 |              16 |         23 |      Fixed 
   711 |  JC69 |         4 |    110 |               1 |          2 |      Fixed 
   712 |  JC69 |         4 |    123 |              32 |          3 |      Fixed 
   713 |  JC69 |         4 |     98 |              33 |          2 |      Fixed 
   714 |  JC69 |        38 |     89 |               4 |          3 |      Fixed 
   715 |  JC69 |         6 |    198 |               0 |          1 |      Fixed 
   716 |  JC69 |        36 |     76 |               0 |          1 |      Fixed 
   717 |  JC69 |        16 |    156 |              49 |          7 |      Fixed 
   718 |  JC69 |        40 |    168 |               2 |          3 |      Fixed 
   719 |  JC69 |        10 |    167 |               8 |          3 |      Fixed 
   720 |  JC69 |        24 |    286 |              20 |         14 |      Fixed 
   721 |  JC69 |         8 |    320 |              50 |         12 |      Fixed 
   722 |  JC69 |         6 |    229 |              92 |          4 |      Fixed 
   723 |  JC69 |        12 |     77 |               2 |          3 |      Fixed 
   724 |  JC69 |        40 |    118 |               5 |         24 |      Fixed 
   725 |  JC69 |        40 |    197 |              58 |         14 |      Fixed 
   726 |  JC69 |        40 |    206 |              24 |        288 |      Fixed 
   727 |  JC69 |         4 |    279 |               9 |          3 |      Fixed 
   728 |  JC69 |        30 |    321 |             135 |         52 |      Fixed 
   729 |  JC69 |        38 |    304 |               8 |         10 |      Fixed 
   730 |  JC69 |        26 |    287 |             125 |         27 |      Fixed 
   731 |  JC69 |         6 |     57 |               3 |          4 |      Fixed 
   732 |  JC69 |        34 |     51 |               9 |          3 |      Fixed 
   733 |  JC69 |         8 |    279 |              13 |          7 |      Fixed 
   734 |  JC69 |         4 |    117 |              20 |          6 |      Fixed 
   735 |  JC69 |        10 |     56 |               7 |          4 |      Fixed 
   736 |  JC69 |         6 |     71 |               9 |          3 |      Fixed 
   737 |  JC69 |        40 |    198 |               2 |          3 |      Fixed 
   738 |  JC69 |        38 |    292 |              23 |         14 |      Fixed 
   739 |  JC69 |        40 |    835 |             295 |         17 |      Fixed 
   740 |  JC69 |        12 |    127 |               4 |          3 |      Fixed 
   741 |  JC69 |         6 |    270 |              42 |          5 |      Fixed 
   742 |  JC69 |        20 |    196 |               3 |          4 |      Fixed 
   743 |  JC69 |        12 |    169 |               7 |          5 |      Fixed 
   744 |  JC69 |         4 |    114 |               0 |          1 |      Fixed 
   745 |  JC69 |         4 |    491 |             217 |          4 |      Fixed 
   746 |  JC69 |        30 |     72 |               6 |         10 |      Fixed 
   747 |  JC69 |        24 |    288 |              55 |         52 |      Fixed 
   748 |  JC69 |         4 |    172 |               0 |          2 |      Fixed 
   749 |  JC69 |        28 |    202 |              34 |         19 |      Fixed 
   750 |  JC69 |        16 |    271 |               1 |          2 |      Fixed 
   751 |  JC69 |        16 |    482 |             256 |         14 |      Fixed 
   752 |  JC69 |        12 |    126 |               1 |          3 |      Fixed 
   753 |  JC69 |        40 |    287 |               4 |         15 |      Fixed 
   754 |  JC69 |         4 |     67 |               3 |          2 |      Fixed 
   755 |  JC69 |        40 |    121 |              20 |         32 |      Fixed 
   756 |  JC69 |        28 |     62 |               2 |          3 |      Fixed 
   757 |  JC69 |         6 |    238 |               4 |          4 |      Fixed 
   758 |  JC69 |        40 |    148 |               3 |         11 |      Fixed 
   759 |  JC69 |         6 |    230 |               7 |          3 |      Fixed 
   760 |  JC69 |         4 |    280 |               6 |          5 |      Fixed 
   761 |  JC69 |         4 |     79 |               0 |          1 |      Fixed 
   762 |  JC69 |        14 |    356 |              95 |         12 |      Fixed 
   763 |  JC69 |        32 |    302 |              13 |         23 |      Fixed 
   764 |  JC69 |         6 |    106 |               4 |          2 |      Fixed 
   765 |  JC69 |        28 |    195 |               7 |         14 |      Fixed 
   766 |  JC69 |         4 |    260 |              49 |          6 |      Fixed 
   767 |  JC69 |         4 |    280 |              36 |          4 |      Fixed 
   768 |  JC69 |         4 |    151 |               0 |          1 |      Fixed 
   769 |  JC69 |        14 |     85 |               8 |          2 |      Fixed 
   770 |  JC69 |        38 |    156 |               1 |          2 |      Fixed 
   771 |  JC69 |        10 |    162 |              10 |          5 |      Fixed 
   772 |  JC69 |        24 |    122 |              11 |         21 |      Fixed 
   773 |  JC69 |         4 |     81 |               0 |          1 |      Fixed 
   774 |  JC69 |         4 |    237 |             100 |          3 |      Fixed 
   775 |  JC69 |         6 |    217 |               1 |          3 |      Fixed 
   776 |  JC69 |        22 |    247 |               5 |         22 |      Fixed 
   777 |  JC69 |         4 |    154 |               0 |          1 |      Fixed 
   778 |  JC69 |         4 |    172 |               0 |          1 |      Fixed 
   779 |  JC69 |        34 |     82 |              10 |          9 |      Fixed 
   780 |  JC69 |         4 |    213 |               4 |          2 |      Fixed 
   781 |  JC69 |         4 |    217 |               3 |          4 |      Fixed 
   782 |  JC69 |        38 |    229 |              35 |         45 |      Fixed 
   783 |  JC69 |         6 |     46 |               0 |          1 |      Fixed 
   784 |  JC69 |        38 |    150 |               4 |          8 |      Fixed 
   785 |  JC69 |        20 |    217 |               3 |          4 |      Fixed 
   786 |  JC69 |         6 |    280 |              30 |          5 |      Fixed 
   787 |  JC69 |         6 |     44 |               0 |          1 |      Fixed 
   788 |  JC69 |        38 |     83 |               4 |          4 |      Fixed 
   789 |  JC69 |         4 |    219 |              16 |          6 |      Fixed 
   790 |  JC69 |        36 |    348 |             223 |         11 |      Fixed 
   791 |  JC69 |        32 |    136 |               8 |          4 |      Fixed 
   792 |  JC69 |        12 |    268 |              10 |         10 |      Fixed 
   793 |  JC69 |        40 |     77 |               1 |          2 |      Fixed 
   794 |  JC69 |        10 |    541 |             271 |          9 |      Fixed 
   795 |  JC69 |         4 |    271 |               3 |          4 |      Fixed 
   796 |  JC69 |        40 |     66 |               2 |          3 |      Fixed 
   797 |  JC69 |        38 |    133 |               2 |          3 |      Fixed 
   798 |  JC69 |         6 |     45 |               0 |          1 |      Fixed 
   799 |  JC69 |        26 |    173 |              20 |         15 |      Fixed 
   800 |  JC69 |        40 |    103 |               2 |          3 |      Fixed 
   801 |  JC69 |        22 |     75 |               3 |          4 |      Fixed 
   802 |  JC69 |         4 |    158 |               0 |          1 |      Fixed 
   803 |  JC69 |        40 |    121 |              29 |         13 |      Fixed 
   804 |  JC69 |         8 |     86 |               2 |          3 |      Fixed 
   805 |  JC69 |        10 |    282 |              20 |         11 |      Fixed 
   806 |  JC69 |        16 |    279 |             146 |         11 |      Fixed 
   807 |  JC69 |        14 |    110 |               1 |          2 |      Fixed 
   808 |  JC69 |        38 |    152 |               7 |          8 |      Fixed 
   809 |  JC69 |        38 |    224 |              27 |         10 |      Fixed 
   810 |  JC69 |        36 |    102 |               5 |          4 |      Fixed 
   811 |  JC69 |        12 |    216 |               2 |          2 |      Fixed 
   812 |  JC69 |        24 |    282 |              27 |         21 |      Fixed 
   813 |  JC69 |        28 |     71 |               1 |          2 |      Fixed 
   814 |  JC69 |        22 |    283 |              95 |         33 |      Fixed 
   815 |  JC69 |        40 |    101 |               6 |          3 |      Fixed 
   816 |  JC69 |         6 |    376 |               3 |          5 |      Fixed 
   817 |  JC69 |        10 |    137 |               0 |          1 |      Fixed 
   818 |  JC69 |         8 |    243 |              71 |          2 |      Fixed 
   819 |  JC69 |        32 |     87 |               9 |          7 |      Fixed 
   820 |  JC69 |         4 |     47 |               4 |          3 |      Fixed 
   821 |  JC69 |        16 |     45 |               1 |          2 |      Fixed 
   822 |  JC69 |        12 |    137 |               7 |          7 |      Fixed 
   823 |  JC69 |         4 |    249 |               1 |          2 |      Fixed 
   824 |  JC69 |        40 |    170 |               4 |          6 |      Fixed 
   825 |  JC69 |        24 |    114 |               1 |          3 |      Fixed 
   826 |  JC69 |         6 |    278 |               9 |          5 |      Fixed 
   827 |  JC69 |        34 |    551 |             274 |         20 |      Fixed 
   828 |  JC69 |        12 |    103 |               0 |          1 |      Fixed 
   829 |  JC69 |        38 |    292 |              25 |         12 |      Fixed 
   830 |  JC69 |        10 |    179 |              17 |         10 |      Fixed 
   831 |  JC69 |         8 |     74 |               1 |          2 |      Fixed 
   832 |  JC69 |         4 |    177 |               0 |          1 |      Fixed 
   833 |  JC69 |        40 |    115 |               8 |         35 |      Fixed 
   834 |  JC69 |        40 |    109 |               7 |         29 |      Fixed 
   835 |  JC69 |        14 |    231 |              15 |         21 |      Fixed 
   836 |  JC69 |         4 |     91 |               1 |          2 |      Fixed 
   837 |  JC69 |         4 |     88 |               0 |          1 |      Fixed 
   838 |  JC69 |         4 |    140 |              21 |          3 |      Fixed 
   839 |  JC69 |         8 |    277 |               5 |          4 |      Fixed 
   840 |  JC69 |         4 |    138 |               1 |          2 |      Fixed 
   841 |  JC69 |         8 |    150 |               1 |          2 |      Fixed 
   842 |  JC69 |        40 |    273 |               9 |         20 |      Fixed 
   843 |  JC69 |        40 |    136 |              13 |         17 |      Fixed 
   844 |  JC69 |         4 |    136 |               0 |          1 |      Fixed 
   845 |  JC69 |         6 |    246 |              11 |         11 |      Fixed 
   846 |  JC69 |        40 |    149 |               7 |          9 |      Fixed 
   847 |  JC69 |         4 |    196 |               0 |          2 |      Fixed 
   848 |  JC69 |         8 |    145 |               0 |          3 |      Fixed 
   849 |  JC69 |        26 |     71 |               7 |          4 |      Fixed 
   850 |  JC69 |         4 |    157 |               1 |          2 |      Fixed 
   851 |  JC69 |         8 |    147 |               2 |          2 |      Fixed 
   852 |  JC69 |         4 |    278 |              89 |          5 |      Fixed 
   853 |  JC69 |         4 |    223 |              18 |          5 |      Fixed 
   854 |  JC69 |        38 |    187 |               8 |          8 |      Fixed 
   855 |  JC69 |        32 |     90 |               3 |          4 |      Fixed 
   856 |  JC69 |        24 |    138 |               4 |          5 |      Fixed 
   857 |  JC69 |         4 |    159 |               0 |          1 |      Fixed 
   858 |  JC69 |         6 |     46 |               0 |          1 |      Fixed 
   859 |  JC69 |         6 |     75 |               3 |          6 |      Fixed 
   860 |  JC69 |        22 |    286 |              30 |         38 |      Fixed 
   861 |  JC69 |        26 |    155 |              84 |         26 |      Fixed 
   862 |  JC69 |        24 |    270 |             128 |         85 |      Fixed 
   863 |  JC69 |         6 |     44 |               4 |          2 |      Fixed 
   864 |  JC69 |         4 |     56 |               2 |          3 |      Fixed 
   865 |  JC69 |        40 |    470 |              16 |         13 |      Fixed 
   866 |  JC69 |         4 |     37 |               0 |          1 |      Fixed 
   867 |  JC69 |        40 |    560 |             289 |         23 |      Fixed 
   868 |  JC69 |        12 |    282 |              81 |         23 |      Fixed 
   869 |  JC69 |        24 |    371 |              11 |         19 |      Fixed 
   870 |  JC69 |        10 |     77 |              27 |          4 |      Fixed 
   871 |  JC69 |         8 |    283 |              32 |         20 |      Fixed 
   872 |  JC69 |        24 |    285 |              34 |         28 |      Fixed 
   873 |  JC69 |        38 |    119 |               5 |          3 |      Fixed 
   874 |  JC69 |        28 |    199 |               9 |          6 |      Fixed 
   875 |  JC69 |        24 |    260 |              13 |         10 |      Fixed 
   876 |  JC69 |         8 |    311 |             155 |          7 |      Fixed 
   877 |  JC69 |        10 |    185 |              64 |          8 |      Fixed 
   878 |  JC69 |         8 |    162 |              24 |          2 |      Fixed 
   879 |  JC69 |        30 |     72 |               8 |          6 |      Fixed 
   880 |  JC69 |         4 |    255 |               7 |          3 |      Fixed 
   881 |  JC69 |         8 |    175 |              12 |          3 |      Fixed 
   882 |  JC69 |         6 |     95 |              30 |          2 |      Fixed 
   883 |  JC69 |        26 |    184 |               3 |         26 |      Fixed 
   884 |  JC69 |        40 |     53 |               1 |          2 |      Fixed 
   885 |  JC69 |        34 |    159 |              74 |          9 |      Fixed 
   886 |  JC69 |         6 |    112 |               5 |          2 |      Fixed 
   887 |  JC69 |        40 |    148 |               2 |          4 |      Fixed 
   888 |  JC69 |        40 |    198 |              11 |         34 |      Fixed 
   889 |  JC69 |        16 |    724 |             724 |         30 |      Fixed 
   890 |  JC69 |        14 |    235 |              25 |         10 |      Fixed 
   891 |  JC69 |        32 |    292 |              27 |         32 |      Fixed 
   892 |  JC69 |         4 |     75 |               0 |          1 |      Fixed 
   893 |  JC69 |         6 |     72 |              16 |          3 |      Fixed 
   894 |  JC69 |         4 |    285 |               9 |          4 |      Fixed 
   895 |  JC69 |        16 |    344 |             115 |         16 |      Fixed 
   896 |  JC69 |        36 |     64 |               1 |          2 |      Fixed 
   897 |  JC69 |        12 |    275 |              14 |          8 |      Fixed 
   898 |  JC69 |         4 |     42 |               0 |          1 |      Fixed 
   899 |  JC69 |         4 |    134 |               0 |          2 |      Fixed 
   900 |  JC69 |        34 |    794 |             794 |         33 |      Fixed 
   901 |  JC69 |        24 |    250 |              37 |         16 |      Fixed 
   902 |  JC69 |         4 |    289 |               5 |          4 |      Fixed 
   903 |  JC69 |         8 |    122 |               5 |          4 |      Fixed 
   904 |  JC69 |        32 |     75 |               3 |          4 |      Fixed 
   905 |  JC69 |         4 |    225 |              32 |          3 |      Fixed 
   906 |  JC69 |         8 |    254 |               1 |          3 |      Fixed 
   907 |  JC69 |        40 |    314 |              94 |         12 |      Fixed 
   908 |  JC69 |        32 |    169 |              72 |          8 |      Fixed 
   909 |  JC69 |        40 |    147 |               2 |          4 |      Fixed 
   910 |  JC69 |        40 |     82 |               8 |         12 |      Fixed 
   911 |  JC69 |         4 |    128 |               0 |          1 |      Fixed 
   912 |  JC69 |         4 |    277 |              56 |          5 |      Fixed 
   913 |  JC69 |         8 |    170 |               0 |          1 |      Fixed 
   914 |  JC69 |        16 |    225 |              19 |          8 |      Fixed 
   915 |  JC69 |         4 |    301 |             120 |          4 |      Fixed 
   916 |  JC69 |        14 |    265 |              21 |         17 |      Fixed 
   917 |  JC69 |        20 |    207 |              85 |          7 |      Fixed 
   918 |  JC69 |        18 |    210 |               6 |          7 |      Fixed 
   919 |  JC69 |         6 |    284 |              15 |          7 |      Fixed 
   920 |  JC69 |        22 |    285 |             116 |         89 |      Fixed 
   921 |  JC69 |         4 |    280 |               9 |          5 |      Fixed 
   922 |  JC69 |        38 |     42 |               2 |          3 |      Fixed 
   923 |  JC69 |        38 |     91 |               3 |          5 |      Fixed 
   924 |  JC69 |        40 |    212 |              99 |          8 |      Fixed 
   925 |  JC69 |        40 |     84 |               7 |          8 |      Fixed 
   926 |  JC69 |        18 |    143 |              11 |          9 |      Fixed 
   927 |  JC69 |         6 |    284 |              51 |          9 |      Fixed 
   928 |  JC69 |         4 |    282 |              15 |          6 |      Fixed 
   929 |  JC69 |        16 |    280 |              45 |         13 |      Fixed 
   930 |  JC69 |         4 |     98 |               2 |          2 |      Fixed 
   931 |  JC69 |         4 |     72 |               0 |          1 |      Fixed 
   932 |  JC69 |         4 |     52 |               1 |          2 |      Fixed 
   933 |  JC69 |        24 |    538 |             173 |         25 |      Fixed 
   934 |  JC69 |        40 |     77 |              28 |          3 |      Fixed 
   935 |  JC69 |        40 |    343 |              25 |         28 |      Fixed 
   936 |  JC69 |        10 |     72 |               1 |          2 |      Fixed 
   937 |  JC69 |        36 |    252 |               8 |          9 |      Fixed 
   938 |  JC69 |         4 |    280 |               2 |          3 |      Fixed 
   939 |  JC69 |        30 |     75 |              12 |         21 |      Fixed 
   940 |  JC69 |        34 |    259 |             123 |         28 |      Fixed 
   941 |  JC69 |         4 |    261 |              92 |          6 |      Fixed 
   942 |  JC69 |        28 |    255 |             119 |         13 |      Fixed 
   943 |  JC69 |        40 |    281 |              11 |         10 |      Fixed 
   944 |  JC69 |         6 |     39 |               1 |          2 |      Fixed 
   945 |  JC69 |        26 |    188 |              59 |          4 |      Fixed 
   946 |  JC69 |        40 |     78 |               3 |          5 |      Fixed 
   947 |  JC69 |         6 |    173 |               0 |          3 |      Fixed 
   948 |  JC69 |         6 |    130 |               1 |          2 |      Fixed 
   949 |  JC69 |        14 |     64 |               1 |          3 |      Fixed 
   950 |  JC69 |        34 |    292 |              26 |         24 |      Fixed 
   951 |  JC69 |        40 |    161 |               3 |          4 |      Fixed 
   952 |  JC69 |        16 |    150 |               8 |          4 |      Fixed 
   953 |  JC69 |         4 |    113 |              61 |          4 |      Fixed 
   954 |  JC69 |         4 |    133 |               0 |          1 |      Fixed 
   955 |  JC69 |        36 |    149 |              11 |         19 |      Fixed 
   956 |  JC69 |        38 |    142 |               2 |          3 |      Fixed 
   957 |  JC69 |        20 |    446 |             294 |         45 |      Fixed 
   958 |  JC69 |         4 |    276 |               0 |          2 |      Fixed 
   959 |  JC69 |         8 |    280 |             106 |          8 |      Fixed 
   960 |  JC69 |         4 |    146 |               0 |          2 |      Fixed 
   961 |  JC69 |         4 |    280 |               8 |          2 |      Fixed 
   962 |  JC69 |         4 |    152 |               4 |          2 |      Fixed 
   963 |  JC69 |         8 |    400 |             166 |         12 |      Fixed 
   964 |  JC69 |         4 |     71 |               4 |          3 |      Fixed 
   965 |  JC69 |         4 |    277 |               8 |          3 |      Fixed 
   966 |  JC69 |        40 |    114 |               5 |          6 |      Fixed 
   967 |  JC69 |        40 |     84 |              12 |          7 |      Fixed 
   968 |  JC69 |        36 |    372 |             195 |         30 |      Fixed 
   969 |  JC69 |        40 |     99 |               6 |         18 |      Fixed 
   970 |  JC69 |        40 |    238 |              96 |         10 |      Fixed 
   971 |  JC69 |         4 |     90 |               0 |          1 |      Fixed 
   972 |  JC69 |        32 |    148 |              68 |         15 |      Fixed 
   973 |  JC69 |        40 |    174 |               2 |          4 |      Fixed 
   974 |  JC69 |        40 |    283 |              14 |         20 |      Fixed 
   975 |  JC69 |        10 |     96 |               3 |          2 |      Fixed 
   976 |  JC69 |        12 |    210 |               2 |          3 |      Fixed 
   977 |  JC69 |        18 |     91 |              12 |          4 |      Fixed 
   978 |  JC69 |        34 |     60 |               2 |          3 |      Fixed 
   979 |  JC69 |         4 |     77 |               0 |          1 |      Fixed 
   980 |  JC69 |         4 |    228 |              93 |          3 |      Fixed 
   981 |  JC69 |        14 |    171 |              57 |          6 |      Fixed 
   982 |  JC69 |        36 |    271 |             117 |         27 |      Fixed 
   983 |  JC69 |         8 |    117 |               5 |          4 |      Fixed 
   984 |  JC69 |        40 |    181 |               3 |          4 |      Fixed 
   985 |  JC69 |        10 |    219 |               0 |          3 |      Fixed 
   986 |  JC69 |        28 |    554 |             302 |         31 |      Fixed 
   987 |  JC69 |        10 |    282 |              19 |          7 |      Fixed 
   988 |  JC69 |        26 |    401 |             139 |         21 |      Fixed 
   989 |  JC69 |        38 |     58 |               0 |          1 |      Fixed 
   990 |  JC69 |        38 |    146 |              10 |         12 |      Fixed 
   991 |  JC69 |        32 |     87 |               2 |          4 |      Fixed 
   992 |  JC69 |        26 |    288 |              27 |         16 |      Fixed 
   993 |  JC69 |        38 |    158 |               2 |          3 |      Fixed 
   994 |  JC69 |         8 |    285 |              53 |          9 |      Fixed 
   995 |  JC69 |         6 |     50 |               1 |          2 |      Fixed 
   996 |  JC69 |        10 |    223 |               3 |          4 |      Fixed 
   997 |  JC69 |        24 |    448 |             225 |        137 |      Fixed 
   998 |  JC69 |        32 |     93 |               6 |         73 |      Fixed 
   999 |  JC69 |        26 |    179 |               8 |          8 |      Fixed 
  1000 |  JC69 |        32 |    188 |               0 |          1 |      Fixed 
  1001 |  JC69 |         6 |    157 |               5 |          5 |      Fixed 
  1002 |  JC69 |        36 |    148 |               3 |          5 |      Fixed 
  1003 |  JC69 |        18 |     71 |               6 |          3 |      Fixed 
  1004 |  JC69 |         6 |    147 |              63 |          5 |      Fixed 
  1005 |  JC69 |         8 |    142 |               2 |          3 |      Fixed 
  1006 |  JC69 |        38 |    232 |               6 |         12 |      Fixed 
  1007 |  JC69 |        32 |    226 |               4 |          5 |      Fixed 
  1008 |  JC69 |         4 |    264 |               2 |          4 |      Fixed 
  1009 |  JC69 |        28 |    156 |               7 |         17 |      Fixed 
  1010 |  JC69 |        12 |     82 |               6 |          6 |      Fixed 
  1011 |  JC69 |        20 |    283 |              20 |         23 |      Fixed 
  1012 |  JC69 |        12 |     90 |               7 |          3 |      Fixed 
  1013 |  JC69 |        12 |    281 |               7 |          6 |      Fixed 
  1014 |  JC69 |         4 |    273 |               1 |          2 |      Fixed 
  1015 |  JC69 |        30 |    197 |              52 |         14 |      Fixed 
  1016 |  JC69 |        16 |     79 |               1 |          3 |      Fixed 
  1017 |  JC69 |        36 |    144 |               7 |         18 |      Fixed 
  1018 |  JC69 |        40 |    476 |             235 |         27 |      Fixed 
  1019 |  JC69 |         6 |    152 |               0 |          1 |      Fixed 
  1020 |  JC69 |         4 |     69 |               4 |          4 |      Fixed 
  1021 |  JC69 |         4 |    243 |              55 |          5 |      Fixed 
  1022 |  JC69 |        36 |    125 |              12 |         10 |      Fixed 
  1023 |  JC69 |        40 |    161 |               5 |          5 |      Fixed 
  1024 |  JC69 |         4 |    286 |              10 |          4 |      Fixed 
  1025 |  JC69 |        12 |    143 |               4 |          5 |      Fixed 
  1026 |  JC69 |        28 |    146 |              26 |         17 |      Fixed 
  1027 |  JC69 |        12 |    283 |              22 |         18 |      Fixed 
  1028 |  JC69 |         6 |    285 |              22 |          6 |      Fixed 
  1029 |  JC69 |         4 |    203 |               4 |          5 |      Fixed 
  1030 |  JC69 |        20 |    138 |               5 |          6 |      Fixed 
  1031 |  JC69 |        40 |    163 |              12 |         22 |      Fixed 
  1032 |  JC69 |        22 |    282 |              20 |         52 |      Fixed 
  1033 |  JC69 |        40 |     72 |               5 |          5 |      Fixed 
  1034 |  JC69 |         8 |     61 |               0 |          2 |      Fixed 
  1035 |  JC69 |        14 |    412 |             142 |         17 |      Fixed 
  1036 |  JC69 |        22 |    122 |               2 |          3 |      Fixed 
  1037 |  JC69 |        26 |    286 |              25 |         62 |      Fixed 
  1038 |  JC69 |         4 |    221 |              29 |          7 |      Fixed 
  1039 |  JC69 |        22 |     81 |              33 |         10 |      Fixed 
  1040 |  JC69 |        10 |     81 |               0 |          2 |      Fixed 
  1041 |  JC69 |        28 |     74 |               3 |          4 |      Fixed 
  1042 |  JC69 |        12 |    161 |               2 |          3 |      Fixed 
  1043 |  JC69 |         6 |     77 |               0 |          1 |      Fixed 
  1044 |  JC69 |         8 |    104 |               9 |         13 |      Fixed 
  1045 |  JC69 |         4 |    205 |               1 |          3 |      Fixed 
  1046 |  JC69 |        36 |    159 |               7 |         26 |      Fixed 
  1047 |  JC69 |         6 |    280 |               5 |          4 |      Fixed 
  1048 |  JC69 |        10 |     60 |               0 |          1 |      Fixed 
  1049 |  JC69 |         4 |    148 |               8 |          4 |      Fixed 
  1050 |  JC69 |        30 |    193 |               3 |          5 |      Fixed 
  1051 |  JC69 |        38 |    119 |               1 |          2 |      Fixed 
  1052 |  JC69 |        28 |    382 |             127 |         21 |      Fixed 
  1053 |  JC69 |        34 |     76 |               9 |         10 |      Fixed 
  1054 |  JC69 |         6 |    155 |               3 |          5 |      Fixed 
  1055 |  JC69 |        24 |    147 |              73 |         21 |      Fixed 
  1056 |  JC69 |         6 |     65 |               2 |          2 |      Fixed 
  1057 |  JC69 |        40 |    106 |               5 |          6 |      Fixed 
  1058 |  JC69 |        26 |    148 |               7 |         12 |      Fixed 
  1059 |  JC69 |        40 |    246 |             102 |         20 |      Fixed 
  1060 |  JC69 |        10 |    282 |               3 |          5 |      Fixed 
  1061 |  JC69 |        14 |    101 |               2 |          3 |      Fixed 
  1062 |  JC69 |        12 |    176 |               5 |          6 |      Fixed 
  1063 |  JC69 |         4 |    281 |               5 |          4 |      Fixed 
  1064 |  JC69 |        38 |    175 |               6 |         12 |      Fixed 
  1065 |  JC69 |        36 |    126 |               1 |          2 |      Fixed 
  1066 |  JC69 |         8 |    278 |              23 |         15 |      Fixed 
  1067 |  JC69 |        36 |    695 |             695 |         71 |      Fixed 
  1068 |  JC69 |         4 |    206 |              78 |          2 |      Fixed 
  1069 |  JC69 |        18 |    186 |              21 |         25 |      Fixed 
  1070 |  JC69 |        22 |     94 |               6 |          7 |      Fixed 
  1071 |  JC69 |        30 |    106 |               4 |          6 |      Fixed 
  1072 |  JC69 |         4 |    137 |               2 |          2 |      Fixed 
  1073 |  JC69 |        20 |    159 |               7 |          7 |      Fixed 
  1074 |  JC69 |        20 |    162 |              12 |          7 |      Fixed 
  1075 |  JC69 |         8 |    366 |               7 |         10 |      Fixed 
  1076 |  JC69 |         6 |    245 |              30 |          7 |      Fixed 
  1077 |  JC69 |        32 |    207 |              33 |         47 |      Fixed 
  1078 |  JC69 |         8 |    116 |              20 |          4 |      Fixed 
  1079 |  JC69 |         6 |    112 |              46 |          2 |      Fixed 
  1080 |  JC69 |         6 |    190 |               7 |         12 |      Fixed 
  1081 |  JC69 |        34 |     64 |               4 |          4 |      Fixed 
  1082 |  JC69 |         6 |    280 |               5 |          7 |      Fixed 
  1083 |  JC69 |         4 |    113 |              49 |          4 |      Fixed 
  1084 |  JC69 |        18 |    262 |              92 |         40 |      Fixed 
  1085 |  JC69 |        28 |    206 |               9 |         18 |      Fixed 
  1086 |  JC69 |        32 |    164 |               4 |          5 |      Fixed 
  1087 |  JC69 |         8 |    114 |               1 |          2 |      Fixed 
  1088 |  JC69 |         8 |    114 |               0 |          1 |      Fixed 
  1089 |  JC69 |        12 |    161 |               1 |          2 |      Fixed 
  1090 |  JC69 |        12 |     40 |               2 |          3 |      Fixed 
  1091 |  JC69 |        24 |    223 |              61 |          8 |      Fixed 
  1092 |  JC69 |         8 |    190 |              67 |          7 |      Fixed 
  1093 |  JC69 |         6 |    281 |               8 |          7 |      Fixed 
  1094 |  JC69 |         6 |     76 |               0 |          2 |      Fixed 
  1095 |  JC69 |         4 |    236 |               2 |          4 |      Fixed 
  1096 |  JC69 |        10 |     92 |              10 |          3 |      Fixed 
  1097 |  JC69 |         8 |     81 |              36 |          5 |      Fixed 
  1098 |  JC69 |        12 |    120 |              16 |         11 |      Fixed 
  1099 |  JC69 |         4 |    242 |               4 |          3 |      Fixed 
  1100 |  JC69 |        10 |    129 |               1 |          2 |      Fixed 
  1101 |  JC69 |        34 |    100 |               0 |          1 |      Fixed 
  1102 |  JC69 |        12 |    146 |              14 |          8 |      Fixed 
  1103 |  JC69 |         4 |    118 |               0 |          1 |      Fixed 
  1104 |  JC69 |        10 |    135 |              11 |          5 |      Fixed 
  1105 |  JC69 |        12 |     58 |               1 |          2 |      Fixed 
  1106 |  JC69 |         6 |    146 |               0 |          1 |      Fixed 
  1107 |  JC69 |        10 |     58 |               0 |          2 |      Fixed 
  1108 |  JC69 |        20 |    102 |               3 |          2 |      Fixed 
  1109 |  JC69 |         4 |    163 |               0 |          2 |      Fixed 
  1110 |  JC69 |         6 |     76 |               3 |          3 |      Fixed 
  1111 |  JC69 |        12 |    168 |               9 |          7 |      Fixed 
  1112 |  JC69 |         6 |    163 |               3 |          6 |      Fixed 
  1113 |  JC69 |        12 |    113 |              72 |         13 |      Fixed 
  1114 |  JC69 |         4 |    222 |              79 |          5 |      Fixed 
  1115 |  JC69 |         4 |    140 |               2 |          2 |      Fixed 
  1116 |  JC69 |         8 |     61 |               3 |          7 |      Fixed 
  1117 |  JC69 |         6 |    117 |               8 |          6 |      Fixed 
  1118 |  JC69 |        16 |     79 |               9 |         14 |      Fixed 
  1119 |  JC69 |        16 |     85 |              13 |         54 |      Fixed 
  1120 |  JC69 |        14 |    281 |              32 |         17 |      Fixed 
  1121 |  JC69 |         6 |    286 |              12 |          8 |      Fixed 
  1122 |  JC69 |         8 |    157 |               4 |          6 |      Fixed 
  1123 |  JC69 |         4 |     70 |               0 |          1 |      Fixed 
  1124 |  JC69 |        32 |    103 |               1 |          2 |      Fixed 
  1125 |  JC69 |        34 |    147 |               2 |          3 |      Fixed 
  1126 |  JC69 |         4 |    144 |               7 |          4 |      Fixed 
  1127 |  JC69 |         4 |     77 |               3 |          2 |      Fixed 
  1128 |  JC69 |        10 |    401 |              45 |         16 |      Fixed 
  1129 |  JC69 |         8 |    161 |               5 |          8 |      Fixed 
  1130 |  JC69 |         4 |    139 |               0 |          2 |      Fixed 
  1131 |  JC69 |        38 |    462 |             202 |         24 |      Fixed 
  1132 |  JC69 |         4 |     83 |               0 |          1 |      Fixed 
  1133 |  JC69 |        26 |    140 |              18 |         23 |      Fixed 
  1134 |  JC69 |         6 |    262 |              11 |          4 |      Fixed 
  1135 |  JC69 |        30 |     74 |               3 |          4 |      Fixed 
  1136 |  JC69 |        18 |    146 |               8 |          4 |      Fixed 
  1137 |  JC69 |         6 |    111 |               8 |          6 |      Fixed 
  1138 |  JC69 |         4 |    237 |               4 |          2 |      Fixed 
  1139 |  JC69 |         4 |    101 |               0 |          1 |      Fixed 
  1140 |  JC69 |        26 |     76 |              14 |          7 |      Fixed 
  1141 |  JC69 |         4 |     74 |               0 |          1 |      Fixed 
  1142 |  JC69 |        12 |    205 |               0 |          2 |      Fixed 
  1143 |  JC69 |        12 |     66 |               5 |          9 |      Fixed 
  1144 |  JC69 |        18 |    489 |             358 |         27 |      Fixed 
  1145 |  JC69 |        18 |     53 |               2 |          5 |      Fixed 
  1146 |  JC69 |        36 |    208 |              21 |         98 |      Fixed 
  1147 |  JC69 |        40 |    158 |               3 |          4 |      Fixed 
  1148 |  JC69 |        12 |    209 |              11 |          9 |      Fixed 
  1149 |  JC69 |         8 |    186 |              12 |         10 |      Fixed 
  1150 |  JC69 |        36 |     63 |              16 |         18 |      Fixed 
  1151 |  JC69 |        20 |    136 |              19 |          7 |      Fixed 
  1152 |  JC69 |        12 |    131 |              18 |          3 |      Fixed 
  1153 |  JC69 |         6 |     93 |               0 |          2 |      Fixed 
  1154 |  JC69 |         4 |    281 |               9 |          7 |      Fixed 
  1155 |  JC69 |         6 |    280 |               4 |          5 |      Fixed 
  1156 |  JC69 |        40 |    930 |             613 |        295 |      Fixed 
  1157 |  JC69 |        24 |     77 |              10 |          9 |      Fixed 
  1158 |  JC69 |         8 |    257 |               8 |          8 |      Fixed 
  1159 |  JC69 |        14 |    107 |               6 |          5 |      Fixed 
  1160 |  JC69 |        30 |    185 |              14 |         69 |      Fixed 
  1161 |  JC69 |         4 |    241 |               9 |          7 |      Fixed 
  1162 |  JC69 |        12 |     43 |               2 |          3 |      Fixed 
  1163 |  JC69 |         6 |    212 |               4 |          5 |      Fixed 
  1164 |  JC69 |         4 |     84 |               1 |          2 |      Fixed 
  1165 |  JC69 |        40 |    151 |               9 |          3 |      Fixed 
  1166 |  JC69 |         6 |    111 |               5 |          3 |      Fixed 
  1167 |  JC69 |        40 |    158 |               2 |          3 |      Fixed 
  1168 |  JC69 |        22 |     84 |               0 |          1 |      Fixed 
  1169 |  JC69 |        30 |    267 |             126 |         16 |      Fixed 
  1170 |  JC69 |        14 |     64 |              10 |          3 |      Fixed 
  1171 |  JC69 |         8 |     49 |               1 |          2 |      Fixed 
  1172 |  JC69 |        38 |    103 |               5 |          3 |      Fixed 
  1173 |  JC69 |        18 |    157 |               2 |          3 |      Fixed 
  1174 |  JC69 |         4 |    226 |               0 |          1 |      Fixed 
  1175 |  JC69 |         8 |     47 |               1 |          2 |      Fixed 
  1176 |  JC69 |        28 |    246 |             121 |         35 |      Fixed 
  1177 |  JC69 |        10 |    282 |              34 |         20 |      Fixed 
  1178 |  JC69 |        10 |    135 |              45 |          6 |      Fixed 
  1179 |  JC69 |        16 |    125 |               6 |         11 |      Fixed 
  1180 |  JC69 |         4 |    280 |              21 |          8 |      Fixed 
  1181 |  JC69 |        20 |     85 |               0 |          3 |      Fixed 
  1182 |  JC69 |         4 |    231 |               2 |          2 |      Fixed 
  1183 |  JC69 |         4 |    272 |               8 |          6 |      Fixed 
  1184 |  JC69 |         8 |    283 |             147 |         12 |      Fixed 
  1185 |  JC69 |         6 |     93 |               2 |          2 |      Fixed 
  1186 |  JC69 |         6 |     86 |               8 |          5 |      Fixed 
  1187 |  JC69 |         4 |    281 |               4 |          3 |      Fixed 
  1188 |  JC69 |         6 |     74 |               0 |          1 |      Fixed 
  1189 |  JC69 |         8 |     85 |               0 |          1 |      Fixed 
  1190 |  JC69 |        10 |    142 |               5 |          9 |      Fixed 
  1191 |  JC69 |         4 |    103 |               4 |          3 |      Fixed 
  1192 |  JC69 |         4 |    125 |               0 |          1 |      Fixed 
  1193 |  JC69 |         8 |    260 |              24 |         14 |      Fixed 
  1194 |  JC69 |        22 |    135 |               5 |         11 |      Fixed 
  1195 |  JC69 |        32 |     75 |               3 |          5 |      Fixed 
  1196 |  JC69 |        38 |    124 |               7 |         39 |      Fixed 
  1197 |  JC69 |        28 |    193 |              26 |         33 |      Fixed 
  1198 |  JC69 |        26 |    203 |               6 |          6 |      Fixed 
  1199 |  JC69 |        32 |    243 |              20 |         24 |      Fixed 
  1200 |  JC69 |        40 |     67 |               0 |          1 |      Fixed 
  1201 |  JC69 |        28 |    168 |              12 |         56 |      Fixed 
  1202 |  JC69 |         6 |    277 |              77 |          9 |      Fixed 
  1203 |  JC69 |         6 |    222 |              38 |         23 |      Fixed 
  1204 |  JC69 |         4 |    278 |               6 |          4 |      Fixed 
  1205 |  JC69 |        22 |    471 |             161 |         25 |      Fixed 
  1206 |  JC69 |        24 |     48 |               0 |          1 |      Fixed 
  1207 |  JC69 |         8 |    256 |               2 |          3 |      Fixed 
  1208 |  JC69 |         6 |    166 |               5 |          6 |      Fixed 
  1209 |  JC69 |        18 |    256 |             101 |         28 |      Fixed 
  1210 |  JC69 |        14 |    165 |               1 |          2 |      Fixed 
  1211 |  JC69 |         4 |    279 |               8 |          4 |      Fixed 
  1212 |  JC69 |        22 |    165 |              43 |          9 |      Fixed 
  1213 |  JC69 |        24 |    108 |              22 |          5 |      Fixed 
  1214 |  JC69 |        40 |    128 |               1 |          2 |      Fixed 
  1215 |  JC69 |        10 |    278 |              40 |         21 |      Fixed 
  1216 |  JC69 |        36 |    301 |             200 |         10 |      Fixed 
  1217 |  JC69 |         4 |    277 |               5 |          5 |      Fixed 
  1218 |  JC69 |        10 |    282 |              30 |          7 |      Fixed 
  1219 |  JC69 |        32 |    291 |              37 |         57 |      Fixed 
  1220 |  JC69 |        20 |    139 |              40 |         24 |      Fixed 
  1221 |  JC69 |         4 |     93 |               2 |          3 |      Fixed 
  1222 |  JC69 |        30 |    344 |             115 |         96 |      Fixed 
  1223 |  JC69 |         6 |     99 |               1 |          2 |      Fixed 
  1224 |  JC69 |        34 |    115 |               7 |          8 |      Fixed 
  1225 |  JC69 |        34 |    143 |               5 |         12 |      Fixed 
  1226 |  JC69 |         4 |    148 |               4 |          2 |      Fixed 
  1227 |  JC69 |         4 |    105 |               2 |          4 |      Fixed 
  1228 |  JC69 |        16 |    114 |              32 |         13 |      Fixed 
  1229 |  JC69 |         6 |     58 |               3 |          2 |      Fixed 
  1230 |  JC69 |         4 |     40 |               0 |          1 |      Fixed 
  1231 |  JC69 |        38 |    102 |              10 |         13 |      Fixed 
  1232 |  JC69 |         4 |     47 |               0 |          1 |      Fixed 
  1233 |  JC69 |         8 |     92 |               0 |          2 |      Fixed 
  1234 |  JC69 |         4 |     81 |               1 |          2 |      Fixed 
  1235 |  JC69 |        34 |    155 |              13 |         15 |      Fixed 
  1236 |  JC69 |        28 |    160 |              13 |         17 |      Fixed 
  1237 |  JC69 |         6 |    281 |               3 |          3 |      Fixed 
  1238 |  JC69 |         8 |     55 |               0 |          1 |      Fixed 
  1239 |  JC69 |         6 |    140 |               1 |          3 |      Fixed 
  1240 |  JC69 |        24 |    282 |              24 |         30 |      Fixed 
  1241 |  JC69 |        20 |    159 |              45 |         12 |      Fixed 
  1242 |  JC69 |        40 |     94 |               1 |          2 |      Fixed 
  1243 |  JC69 |        40 |     48 |               1 |          2 |      Fixed 
  1244 |  JC69 |        40 |     71 |               2 |          3 |      Fixed 


Per-locus sequences in data and 'species&tree' tag:
C.File | Data |                Status                | Population
-------+------+--------------------------------------+-----------
    18 |   18 | [OK]                                 | ajan      
    22 |   22 | [OK]                                 | alas      


Map of populations and ancestors (1 in map indicates ancestor):
  Species   1  2  3
1 ajan      1  0  1
2 alas      0  1  1
3 R         0  0  1

Generating gene trees.... Done

Initial MSC density and log-likelihood of observing data:
log-PG0 = 135148.743666   log-L0 = -473263.114301


bitmatrix for MSC-M
 0 ajan         0.00000   0  1  0
 1 alas         0.00000   1  0  0
 2 R            0.00500   0  0  0
[EXPERIMENTAL] - New extended IM rubberband algorithm
Theta proposal: Mixed: Sliding window (0.10) + Inv-G approx Gibbs (0.90))
Linked thetas: none
0:01 taken to read and process data..
Restarting timer...


-*- Terms index -*-

  Prgs: progress of MCMC run (negative progress means burnin)
  Gage: gene-tree age proposal
  Gspr: gene-tree SPR proposal
   th1: species tree theta proposal (tips)   (sliding window)
   th2: species tree theta proposal (inner)  (sliding window)
   thg: species tree theta proposal (inner)  (gibbs sampler)
   tau: species tree tau proposal
   mix: mixing proposal
   wr1: migration rates proposal (sliding window)
   wrg: migration rates proposal (gibbs sampler)
  mrte: migration rates proposal
theta1: mean theta of node 1
theta2: mean theta of node 2
theta3: mean theta of node 3
  tau1: root node mean tau
    W1: mean migration rate ajan -> alas
    W2: mean migration rate alas -> ajan
log-PG: log-probability of gene trees (MSC)
 log-L: mean log-L of observing data

     |            Acceptance proportions            |
Prgs | Gage Gspr  th1  th2  thg  tau  mix wr1  wrg  | theta1 theta2 theta3    tau1      W1     W2         log-PG          log-L
-------------------------------------------------------------------------------------------------------------------------------


                      Gage    Gspr     th1     th2     tau     mix     wr1  
Current Pjump:      0.70256 0.63657 0.03614 0.00370 0.00560 0.01640 0.03870
Current finetune:   5.00000 0.00100 0.00050 0.00200 0.00100 0.30000 0.10000
New finetune:      19.45246 0.00306 0.00006 0.00002 0.00002 0.01517 0.01195

=> 'finetune = 1 Gage:19.452458 Gspr:0.003056 th1:0.000056 th2:0.000023 tau:0.000017 mix:0.015171 wr1:0.011946'

  -0%  0.71 0.64 0.76 0.72 1.00 0.21 0.66 0.75 1.00   0.0070 0.0089 0.0035  0.0006  1045.2540 1053.7298   179377.58180  -404383.22992

                      Gage    Gspr     th1     th2     tau     mix     wr1  
Current Pjump:      0.70644 0.63891 0.75702 0.72243 0.21480 0.65760 0.75322
Current finetune:  19.45246 0.00306 0.00006 0.00002 0.00002 0.01517 0.01195
New finetune:      76.83919 0.00942 0.00027 0.00010 0.00001 0.04992 0.05742

=> 'finetune = 1 Gage:76.839189 Gspr:0.009415 th1:0.000273 th2:0.000096 tau:0.000012 mix:0.049916 wr1:0.057423'



                      Gage    Gspr     th1     th2     tau     mix     wr1  
Current Pjump:      0.70795 0.63923 0.32296 0.21285 0.32760 0.18400 0.13428
Current finetune:  76.83919 0.00942 0.00027 0.00010 0.00001 0.04992 0.05742
New finetune:      99.00000 0.02904 0.00030 0.00007 0.00001 0.02913 0.02413

=> 'finetune = 1 Gage:99.000000 Gspr:0.029039 th1:0.000298 th2:0.000066 tau:0.000013 mix:0.029130 wr1:0.024130'

   0%  0.71 0.64 0.32 0.34 1.00 0.27 0.39 0.57 1.00   0.0082 0.0106 0.0037  0.0005  796.0012 758.9274   164688.88098  -404369.35813  10:30:53


                      Gage    Gspr     th1     th2     tau     mix     wr1  
Current Pjump:      0.70833 0.63924 0.32359 0.34058 0.27160 0.38640 0.56889
Current finetune:  99.00000 0.02904 0.00030 0.00007 0.00001 0.02913 0.02413
New finetune:      99.00000 0.08957 0.00033 0.00008 0.00001 0.03970 0.05890

=> 'finetune = 1 Gage:99.000000 Gspr:0.089571 th1:0.000325 th2:0.000076 tau:0.000012 mix:0.039700 wr1:0.058901'

   1%  0.71 0.64 0.29 0.29 1.00 0.33 0.27 0.19 1.00   0.0087 0.0103 0.0037  0.0005  871.1970 563.6727   174258.82728  -404377.37074   1%  0.71 0.64 0.28 0.28 1.00 0.33 0.27 0.19 1.00   0.0087 0.0102 0.0037  0.0005  849.5889 615.1929   169961.72974  -404369.16941   2%  0.71 0.64 0.27 0.29 1.00 0.33 0.27 0.18 1.00   0.0087 0.0099 0.0037  0.0005  933.0467 582.1444   168515.68692  -404354.81654   2%  0.71 0.64 0.27 0.30 1.00 0.33 0.27 0.18 1.00   0.0087 0.0099 0.0037  0.0005  945.1579 565.0933   174123.06033  -404349.62374   3%  0.71 0.64 0.26 0.30 1.00 0.33 0.27 0.17 1.00   0.0086 0.0098 0.0036  0.0005  951.5228 588.2117   174130.96402  -404340.56888   3%  0.71 0.64 0.27 0.30 1.00 0.33 0.27 0.17 1.00   0.0086 0.0099 0.0036  0.0005  934.8210 620.5063   171173.77395  -404334.65908   4%  0.71 0.64 0.27 0.31 1.00 0.33 0.27 0.18 1.00   0.0085 0.0100 0.0036  0.0005  902.8261 655.4396   171551.40102  -404330.87588   4%  0.71 0.64 0.27 0.31 1.00 0.33 0.27 0.18 1.00   0.0085 0.0099 0.0036  0.0005  930.6742 651.9666   171940.46972  -404327.17024   5%  0.71 0.64 0.27 0.31 1.00 0.32 0.27 0.18 1.00   0.0084 0.0099 0.0036  0.0005  928.2290 656.8288   168935.78226  -404323.02195   5%  0.71 0.64 0.27 0.31 1.00 0.33 0.27 0.18 1.00   0.0085 0.0098 0.0036  0.0005  941.0029 643.0125   186971.54160  -404318.91809  22:22:17
   6%  0.71 0.64 0.27 0.31 1.00 0.33 0.27 0.18 1.00   0.0084 0.0098 0.0036  0.0005  930.8409 666.3363   184840.26933  -404314.21671   6%  0.71 0.64 0.27 0.31 1.00 0.33 0.27 0.17 1.00   0.0083 0.0099 0.0036  0.0005  916.1116 688.2607   180037.53048  -404310.01458   7%  0.71 0.64 0.26 0.31 1.00 0.33 0.27 0.17 1.00   0.0083 0.0099 0.0036  0.0005  908.6674 708.8754   178184.93163  -404306.03067   7%  0.71 0.64 0.26 0.31 1.00 0.33 0.27 0.17 1.00   0.0083 0.0098 0.0036  0.0005  916.0973 708.5352   174011.08513  -404302.20243   8%  0.71 0.64 0.26 0.31 1.00 0.33 0.27 0.17 1.00   0.0083 0.0098 0.0036  0.0005  918.7177 699.6315   173357.00561  -404299.09581   8%  0.71 0.64 0.26 0.31 1.00 0.33 0.27 0.17 1.00   0.0083 0.0098 0.0036  0.0005  916.8915 697.8395   179359.33823  -404296.79802   9%  0.71 0.64 0.26 0.31 1.00 0.33 0.27 0.17 1.00   0.0083 0.0099 0.0036  0.0005  907.5205 706.5282   168892.34469  -404295.13373   9%  0.71 0.64 0.26 0.31 1.00 0.33 0.27 0.17 1.00   0.0083 0.0099 0.0036  0.0005  898.8407 712.1314   180725.55239  -404293.43889  10%  0.71 0.64 0.26 0.31 1.00 0.33 0.27 0.17 1.00   0.0082 0.0099 0.0036  0.0005  904.1413 712.0035   168759.54469  -404291.46829  10%  0.71 0.64 0.27 0.31 1.00 0.33 0.27 0.18 1.00   0.0083 0.0099 0.0036  0.0005  889.2918 712.1425   168260.27575  -404290.30467  29:32:09
  11%  0.71 0.64 0.27 0.31 1.00 0.33 0.27 0.18 1.00   0.0083 0.0100 0.0036  0.0005  880.8286 715.5159   183723.90654  -404288.90523  11%  0.71 0.64 0.27 0.31 1.00 0.33 0.27 0.17 1.00   0.0083 0.0099 0.0036  0.0005  880.4379 720.0017   179512.12168  -404287.49417  12%  0.71 0.64 0.27 0.31 1.00 0.33 0.27 0.17 1.00   0.0082 0.0099 0.0036  0.0005  879.6393 727.6636   183466.01075  -404286.37211  12%  0.71 0.64 0.27 0.31 1.00 0.33 0.27 0.17 1.00   0.0082 0.0099 0.0036  0.0005  885.2634 722.5422   188057.63577  -404284.62826  13%  0.71 0.64 0.27 0.31 1.00 0.33 0.27 0.17 1.00   0.0082 0.0099 0.0036  0.0005  886.9569 725.0565   176952.65431  -404283.99544  13%  0.71 0.64 0.27 0.30 1.00 0.33 0.27 0.17 1.00   0.0082 0.0099 0.0036  0.0005  881.0590 740.9423   172090.25853  -404282.88198  14%  0.71 0.64 0.26 0.30 1.00 0.33 0.27 0.17 1.00   0.0082 0.0099 0.0036  0.0005  878.0106 746.1219   179602.93114  -404282.09628  14%  0.71 0.64 0.26 0.30 1.00 0.33 0.27 0.17 1.00   0.0081 0.0099 0.0036  0.0005  878.3785 753.3406   181768.87604  -404280.97903  15%  0.71 0.64 0.26 0.30 1.00 0.33 0.27 0.17 1.00   0.0081 0.0099 0.0036  0.0005  877.2300 754.4241   185562.19062  -404280.60917  15%  0.71 0.64 0.26 0.30 1.00 0.33 0.27 0.17 1.00   0.0081 0.0099 0.0036  0.0005  881.3684 752.6487   169920.88024  -404280.03682  36:41:38
  16%  0.71 0.64 0.26 0.30 1.00 0.33 0.27 0.17 1.00   0.0082 0.0099 0.0036  0.0005  885.2373 743.5116   174165.92548  -404279.79009  16%  0.71 0.64 0.26 0.30 1.00 0.33 0.27 0.17 1.00   0.0082 0.0099 0.0036  0.0005  885.1163 744.4620   174400.56815  -404279.22843  17%  0.71 0.64 0.26 0.30 1.00 0.33 0.27 0.17 1.00   0.0082 0.0099 0.0036  0.0005  888.0443 744.8531   181317.38189  -404278.51508  17%  0.71 0.64 0.26 0.30 1.00 0.33 0.27 0.17 1.00   0.0082 0.0099 0.0036  0.0005  883.9295 746.1353   162507.84155  -404278.03266  18%  0.71 0.64 0.26 0.30 1.00 0.33 0.27 0.17 1.00   0.0082 0.0099 0.0036  0.0005  884.6047 749.2433   182768.96655  -404277.47970  18%  0.71 0.64 0.26 0.30 1.00 0.33 0.27 0.17 1.00   0.0082 0.0099 0.0036  0.0005  885.6253 751.5430   169669.31549  -404276.71661  19%  0.71 0.64 0.26 0.30 1.00 0.33 0.27 0.17 1.00   0.0081 0.0099 0.0036  0.0005  883.0006 756.8582   181941.43940  -404276.02686  19%  0.71 0.64 0.26 0.30 1.00 0.33 0.27 0.17 1.00   0.0081 0.0099 0.0036  0.0005  885.5681 758.7497   183429.60482  -404275.33184  20%  0.71 0.64 0.26 0.30 1.00 0.33 0.27 0.17 1.00   0.0081 0.0099 0.0036  0.0005  884.0888 760.8683   180196.29677  -404274.88044  20%  0.71 0.64 0.26 0.30 1.00 0.33 0.27 0.17 1.00   0.0081 0.0099 0.0036  0.0005  873.6451 770.5771   181790.19893  -404274.34018  43:50:35
  21%  0.71 0.64 0.26 0.30 1.00 0.33 0.27 0.17 1.00   0.0081 0.0099 0.0036  0.0005  870.7297 773.6205   180077.71331  -404273.71804  21%  0.71 0.64 0.26 0.30 1.00 0.33 0.27 0.17 1.00   0.0081 0.0099 0.0036  0.0005  875.2797 770.9090   188649.42510  -404273.02313  22%  0.71 0.64 0.26 0.30 1.00 0.33 0.27 0.17 1.00   0.0081 0.0099 0.0036  0.0005  873.5931 772.5370   175398.23442  -404272.59770  22%  0.71 0.64 0.26 0.30 1.00 0.33 0.27 0.17 1.00   0.0081 0.0099 0.0036  0.0005  875.2134 767.1525   160735.38234  -404272.37182  23%  0.71 0.64 0.26 0.30 1.00 0.33 0.27 0.17 1.00   0.0081 0.0099 0.0036  0.0005  878.2713 761.5412   182371.30116  -404271.97030  23%  0.71 0.64 0.26 0.30 1.00 0.33 0.27 0.17 1.00   0.0081 0.0099 0.0036  0.0005  884.1470 755.2711   170733.31488  -404271.46187  24%  0.71 0.64 0.26 0.30 1.00 0.33 0.27 0.17 1.00   0.0082 0.0099 0.0036  0.0005  888.1459 751.4514   180790.48757  -404271.02559  24%  0.71 0.64 0.26 0.30 1.00 0.33 0.27 0.17 1.00   0.0082 0.0099 0.0036  0.0005  890.7400 749.9280   185877.27866  -404270.57690  25%  0.71 0.64 0.26 0.30 1.00 0.33 0.27 0.17 1.00   0.0081 0.0099 0.0036  0.0005  884.7834 756.0544   165691.83601  -404270.04390  25%  0.71 0.64 0.26 0.30 1.00 0.33 0.27 0.17 1.00   0.0081 0.0099 0.0036  0.0005  881.0762 759.7908   200609.60074  -404269.70506  50:49:24
  26%  0.71 0.64 0.26 0.30 1.00 0.33 0.27 0.17 1.00   0.0081 0.0099 0.0036  0.0005  882.1637 762.3866   177875.94558  -404269.22584  26%  0.71 0.64 0.26 0.30 1.00 0.33 0.27 0.17 1.00   0.0081 0.0099 0.0036  0.0005  883.9645 764.4700   185870.34786  -404268.75942  27%  0.71 0.64 0.26 0.30 1.00 0.33 0.27 0.17 1.00   0.0081 0.0099 0.0036  0.0005  887.3704 762.6167   184053.43680  -404268.48660  27%  0.71 0.64 0.26 0.30 1.00 0.33 0.27 0.17 1.00   0.0081 0.0099 0.0036  0.0005  890.1900 758.5871   182124.33539  -404268.14694  28%  0.71 0.64 0.26 0.30 1.00 0.33 0.27 0.17 1.00   0.0081 0.0099 0.0036  0.0005  888.3326 760.6902   166616.19176  -404267.88761  28%  0.71 0.64 0.26 0.30 1.00 0.33 0.27 0.17 1.00   0.0081 0.0099 0.0036  0.0005  884.9009 759.9619   168646.71304  -404267.68414  29%  0.71 0.64 0.26 0.30 1.00 0.33 0.27 0.17 1.00   0.0081 0.0099 0.0036  0.0005  887.2963 757.7739   175155.33789  -404267.36662  29%  0.71 0.64 0.26 0.30 1.00 0.33 0.27 0.17 1.00   0.0081 0.0099 0.0036  0.0005  885.4255 758.9259   173565.53430  -404267.10117  30%  0.71 0.64 0.26 0.30 1.00 0.33 0.27 0.17 1.00   0.0081 0.0099 0.0036  0.0005  883.0106 762.4840   168928.31719  -404266.85365  30%  0.71 0.64 0.26 0.30 1.00 0.33 0.27 0.17 1.00   0.0081 0.0099 0.0036  0.0005  878.5533 768.4204   176663.31240  -404266.69611  57:50:20
  31%  0.71 0.64 0.26 0.30 1.00 0.33 0.27 0.17 1.00   0.0081 0.0099 0.0036  0.0005  879.3907 769.0690   173932.43547  -404266.44229  31%  0.71 0.64 0.26 0.30 1.00 0.33 0.27 0.17 1.00   0.0081 0.0099 0.0036  0.0005  877.6304 770.8211   169019.50425  -404266.23432  32%  0.71 0.64 0.26 0.30 1.00 0.33 0.27 0.17 1.00   0.0081 0.0099 0.0036  0.0005  871.7404 774.8555   179863.95385  -404266.04862  32%  0.71 0.64 0.26 0.30 1.00 0.33 0.27 0.17 1.00   0.0081 0.0099 0.0036  0.0005  868.6494 777.7451   169576.07032  -404265.84570  33%  0.71 0.64 0.26 0.30 1.00 0.33 0.27 0.17 1.00   0.0081 0.0099 0.0036  0.0005  865.1699 775.1740   177550.12734  -404265.80065  33%  0.71 0.64 0.26 0.30 1.00 0.33 0.27 0.17 1.00   0.0081 0.0099 0.0036  0.0005  865.1896 774.7657   173608.90614  -404265.65831  34%  0.71 0.64 0.26 0.30 1.00 0.33 0.27 0.17 1.00   0.0081 0.0099 0.0036  0.0005  868.7281 769.3627   169656.69265  -404265.37808  34%  0.71 0.64 0.26 0.30 1.00 0.33 0.27 0.17 1.00   0.0081 0.0099 0.0036  0.0005  867.4375 769.5904   184624.64381  -404265.31177  35%  0.71 0.64 0.26 0.30 1.00 0.33 0.27 0.17 1.00   0.0081 0.0100 0.0036  0.0005  865.2113 770.5674   172532.50186  -404265.12413  35%  0.71 0.64 0.26 0.30 1.00 0.33 0.27 0.17 1.00   0.0081 0.0100 0.0036  0.0005  864.7517 770.3979   172605.66297  -404265.09093  64:39:43
  36%  0.71 0.64 0.26 0.30 1.00 0.33 0.27 0.17 1.00   0.0081 0.0100 0.0036  0.0005  863.1655 773.1314   183519.61351  -404264.78930  36%  0.71 0.64 0.26 0.30 1.00 0.33 0.27 0.17 1.00   0.0081 0.0100 0.0036  0.0005  864.7210 771.4376   168597.29574  -404264.66997  37%  0.71 0.64 0.26 0.30 1.00 0.33 0.27 0.17 1.00   0.0081 0.0100 0.0036  0.0005  862.7208 771.4130   159635.06064  -404264.55520  37%  0.71 0.64 0.27 0.30 1.00 0.33 0.27 0.17 1.00   0.0081 0.0100 0.0036  0.0005  857.8150 774.4171   165006.02963  -404264.45549  38%  0.71 0.64 0.27 0.30 1.00 0.33 0.27 0.17 1.00   0.0081 0.0100 0.0036  0.0005  856.2674 775.7277   174934.35604  -404264.23056  38%  0.71 0.64 0.27 0.30 1.00 0.33 0.27 0.17 1.00   0.0081 0.0100 0.0036  0.0005  857.6236 774.1882   183286.09263  -404264.06312  39%  0.71 0.64 0.27 0.30 1.00 0.33 0.27 0.17 1.00   0.0081 0.0100 0.0036  0.0005  862.6160 770.0349   170510.76115  -404263.87129  39%  0.71 0.64 0.27 0.30 1.00 0.33 0.27 0.17 1.00   0.0081 0.0100 0.0036  0.0005  862.0702 771.8187   186306.31021  -404263.72366  40%  0.71 0.64 0.27 0.30 1.00 0.33 0.27 0.17 1.00   0.0081 0.0100 0.0036  0.0005  861.0099 770.8896   164351.30543  -404263.72069  40%  0.71 0.64 0.27 0.30 1.00 0.33 0.27 0.17 1.00   0.0081 0.0100 0.0036  0.0005  860.4273 771.6885   178026.46936  -404263.66489  71:34:35
  41%  0.71 0.64 0.27 0.30 1.00 0.33 0.27 0.17 1.00   0.0081 0.0100 0.0036  0.0005  859.1592 771.1402   151844.28193  -404263.57341  41%  0.71 0.64 0.27 0.30 1.00 0.33 0.27 0.17 1.00   0.0081 0.0100 0.0036  0.0005  857.0720 770.7130   164675.42188  -404263.55848  42%  0.71 0.64 0.27 0.30 1.00 0.33 0.27 0.17 1.00   0.0081 0.0100 0.0036  0.0005  856.7353 769.4740   168217.22376  -404263.45668  42%  0.71 0.64 0.27 0.30 1.00 0.33 0.27 0.17 1.00   0.0082 0.0100 0.0036  0.0005  859.2358 767.2653   170632.52377  -404263.25787  43%  0.71 0.64 0.27 0.30 1.00 0.33 0.27 0.17 1.00   0.0082 0.0100 0.0036  0.0005  862.7381 762.3808   168694.93279  -404263.16902  43%  0.71 0.64 0.27 0.30 1.00 0.33 0.27 0.17 1.00   0.0082 0.0100 0.0036  0.0005  862.8259 760.6153   161673.50887  -404263.14613  44%  0.71 0.64 0.27 0.30 1.00 0.33 0.27 0.17 1.00   0.0082 0.0100 0.0036  0.0005  860.7420 761.6725   174026.91748  -404263.01953  44%  0.71 0.64 0.27 0.30 1.00 0.33 0.27 0.17 1.00   0.0082 0.0100 0.0036  0.0005  860.5245 763.3188   184599.90411  -404262.87416  45%  0.71 0.64 0.27 0.30 1.00 0.33 0.27 0.17 1.00   0.0082 0.0100 0.0036  0.0005  860.2355 765.1227   178037.70430  -404262.67140  45%  0.71 0.64 0.27 0.30 1.00 0.33 0.27 0.17 1.00   0.0082 0.0100 0.0036  0.0005  860.4983 765.5654   175307.01906  -404262.62300  78:28:27
  46%  0.71 0.64 0.27 0.30 1.00 0.33 0.27 0.17 1.00   0.0082 0.0100 0.0036  0.0005  856.0893 769.2754   160956.48366  -404262.57471  46%  0.71 0.64 0.27 0.30 1.00 0.33 0.27 0.17 1.00   0.0082 0.0100 0.0036  0.0005  857.4474 767.7861   187116.59454  -404262.52427  47%  0.71 0.64 0.27 0.30 1.00 0.33 0.27 0.17 1.00   0.0082 0.0100 0.0036  0.0005  856.3878 769.4455   159766.47280  -404262.35191  47%  0.71 0.64 0.27 0.30 1.00 0.33 0.27 0.17 1.00   0.0082 0.0100 0.0036  0.0005  859.3814 763.8599   165933.50175  -404262.34230  48%  0.71 0.64 0.27 0.30 1.00 0.33 0.27 0.17 1.00   0.0082 0.0100 0.0036  0.0005  860.2404 760.9970   165094.45356  -404262.30100  48%  0.71 0.64 0.27 0.30 1.00 0.33 0.27 0.17 1.00   0.0082 0.0100 0.0036  0.0005  859.4704 761.3028   178859.36700  -404262.18723  49%  0.71 0.64 0.27 0.30 1.00 0.33 0.27 0.17 1.00   0.0082 0.0100 0.0036  0.0005  863.0107 759.4910   176690.50718  -404262.01676  49%  0.71 0.64 0.27 0.30 1.00 0.33 0.27 0.17 1.00   0.0082 0.0100 0.0036  0.0005  864.2014 758.1477   179086.99206  -404261.89886  50%  0.71 0.64 0.27 0.30 1.00 0.33 0.27 0.17 1.00   0.0082 0.0100 0.0036  0.0005  864.6110 757.8483   172005.32500  -404261.77622  50%  0.71 0.64 0.27 0.30 1.00 0.33 0.27 0.17 1.00   0.0082 0.0100 0.0036  0.0005  863.7654 759.6309   176296.12020  -404261.63495  85:22:12
  51%  0.71 0.64 0.27 0.30 1.00 0.33 0.27 0.17 1.00   0.0082 0.0100 0.0036  0.0005  862.4726 762.0441   186978.32344  -404261.59083  51%  0.71 0.64 0.27 0.30 1.00 0.33 0.27 0.17 1.00   0.0082 0.0100 0.0036  0.0005  863.8354 762.3824   182944.46403  -404261.45385  52%  0.71 0.64 0.27 0.30 1.00 0.33 0.27 0.17 1.00   0.0082 0.0100 0.0036  0.0005  863.8695 764.4306   187355.35814  -404261.34650  52%  0.71 0.64 0.27 0.30 1.00 0.33 0.27 0.17 1.00   0.0082 0.0100 0.0036  0.0005  863.5851 764.3237   165574.22110  -404261.24209  53%  0.71 0.64 0.27 0.30 1.00 0.33 0.27 0.17 1.00   0.0082 0.0100 0.0036  0.0005  863.7594 763.2602   180568.84903  -404261.09804  53%  0.71 0.64 0.27 0.30 1.00 0.33 0.27 0.17 1.00   0.0082 0.0100 0.0036  0.0005  863.3608 761.7047   184193.32614  -404261.08304  54%  0.71 0.64 0.27 0.30 1.00 0.33 0.27 0.17 1.00   0.0082 0.0100 0.0036  0.0005  863.3874 761.4783   173079.48242  -404261.07898  54%  0.71 0.64 0.27 0.30 1.00 0.33 0.27 0.17 1.00   0.0082 0.0100 0.0036  0.0005  864.1324 761.5552   177729.91978  -404261.01102  55%  0.71 0.64 0.27 0.30 1.00 0.33 0.27 0.17 1.00   0.0082 0.0100 0.0036  0.0005  865.9911 760.4156   180653.71423  -404260.88277  55%  0.71 0.64 0.27 0.30 1.00 0.33 0.27 0.17 1.00   0.0082 0.0100 0.0036  0.0005  864.2025 762.2998   187864.89029  -404260.81344  92:24:09
  56%  0.71 0.64 0.27 0.30 1.00 0.33 0.27 0.17 1.00   0.0082 0.0100 0.0036  0.0005  863.6373 764.8245   182197.13468  -404260.69980  56%  0.71 0.64 0.27 0.30 1.00 0.33 0.27 0.17 1.00   0.0082 0.0100 0.0036  0.0005  861.7302 768.1043   192328.65338  -404260.61274  57%  0.71 0.64 0.27 0.30 1.00 0.33 0.27 0.17 1.00   0.0082 0.0100 0.0036  0.0005  862.4323 767.9934   162584.69741  -404260.52773  57%  0.71 0.64 0.27 0.30 1.00 0.33 0.27 0.17 1.00   0.0082 0.0100 0.0036  0.0005  863.6653 766.5575   175606.46182  -404260.45293  58%  0.71 0.64 0.27 0.30 1.00 0.33 0.27 0.17 1.00   0.0082 0.0100 0.0036  0.0005  863.1724 766.7883   183653.69792  -404260.47922  58%  0.71 0.64 0.27 0.30 1.00 0.33 0.27 0.17 1.00   0.0081 0.0100 0.0036  0.0005  863.5570 767.8388   171121.65057  -404260.32832  59%  0.71 0.64 0.27 0.30 1.00 0.33 0.27 0.17 1.00   0.0081 0.0100 0.0036  0.0005  862.9871 769.0315   180899.06426  -404260.29705  59%  0.71 0.64 0.27 0.30 1.00 0.33 0.27 0.17 1.00   0.0081 0.0100 0.0036  0.0005  863.1288 770.5424   180417.19732  -404260.19373  60%  0.71 0.64 0.27 0.30 1.00 0.33 0.27 0.17 1.00   0.0081 0.0100 0.0036  0.0005  862.6617 770.3680   170627.55825  -404260.17228  60%  0.71 0.64 0.27 0.30 1.00 0.33 0.27 0.17 1.00   0.0081 0.0100 0.0036  0.0005  862.1628 770.9236   167668.65552  -404260.12790  99:30:35
  61%  0.71 0.64 0.27 0.30 1.00 0.33 0.27 0.17 1.00   0.0081 0.0100 0.0036  0.0005  863.8768 769.5410   182994.60089  -404260.06473  61%  0.71 0.64 0.27 0.30 1.00 0.33 0.27 0.17 1.00   0.0081 0.0100 0.0036  0.0005  865.7903 768.5794   169154.55154  -404259.93096  62%  0.71 0.64 0.27 0.30 1.00 0.33 0.27 0.17 1.00   0.0081 0.0100 0.0036  0.0005  866.6598 767.5869   190510.05580  -404259.93810  62%  0.71 0.64 0.27 0.30 1.00 0.33 0.27 0.17 1.00   0.0082 0.0100 0.0036  0.0005  867.5385 765.9463   169158.26922  -404259.83834  63%  0.71 0.64 0.27 0.30 1.00 0.33 0.27 0.17 1.00   0.0081 0.0100 0.0036  0.0005  867.0504 767.2205   182589.74293  -404259.80012  63%  0.71 0.64 0.27 0.30 1.00 0.33 0.27 0.17 1.00   0.0081 0.0100 0.0036  0.0005  866.9400 767.2742   180247.63838  -404259.78715  64%  0.71 0.64 0.27 0.30 1.00 0.33 0.27 0.17 1.00   0.0081 0.0100 0.0036  0.0005  866.5899 767.6228   169562.89402  -404259.78508  64%  0.71 0.64 0.27 0.30 1.00 0.33 0.27 0.17 1.00   0.0081 0.0100 0.0036  0.0005  867.3307 767.4838   185480.51827  -404259.72225  65%  0.71 0.64 0.27 0.30 1.00 0.33 0.27 0.17 1.00   0.0081 0.0100 0.0036  0.0005  867.4261 767.8054   181051.51187  -404259.70130  65%  0.71 0.64 0.27 0.30 1.00 0.33 0.27 0.17 1.00   0.0081 0.0100 0.0036  0.0005  867.8862 766.3140   175032.14500  -404259.62975  106:31:50
  66%  0.71 0.64 0.27 0.30 1.00 0.33 0.27 0.17 1.00   0.0081 0.0100 0.0036  0.0005  868.7386 766.6338   168912.49169  -404259.58112  66%  0.71 0.64 0.27 0.30 1.00 0.33 0.27 0.17 1.00   0.0081 0.0100 0.0036  0.0005  868.7117 767.1919   191051.93967  -404259.54518  67%  0.71 0.64 0.27 0.30 1.00 0.33 0.27 0.17 1.00   0.0081 0.0100 0.0036  0.0005  869.1539 767.6425   165472.73637  -404259.45682  67%  0.71 0.64 0.27 0.30 1.00 0.33 0.27 0.17 1.00   0.0081 0.0100 0.0036  0.0005  869.1359 767.8966   192727.98222  -404259.44259  68%  0.71 0.64 0.27 0.30 1.00 0.33 0.27 0.17 1.00   0.0081 0.0100 0.0036  0.0005  869.0768 768.9890   184137.88927  -404259.39553  68%  0.71 0.64 0.27 0.30 1.00 0.33 0.27 0.17 1.00   0.0081 0.0100 0.0036  0.0005  866.7532 772.1972   184474.76825  -404259.34203  69%  0.71 0.64 0.27 0.30 1.00 0.33 0.27 0.17 1.00   0.0081 0.0100 0.0036  0.0005  865.2896 773.9066   187208.35843  -404259.30220  69%  0.71 0.64 0.27 0.30 1.00 0.33 0.27 0.17 1.00   0.0081 0.0100 0.0036  0.0005  866.3112 772.4982   167536.49990  -404259.26589  70%  0.71 0.64 0.27 0.30 1.00 0.33 0.27 0.17 1.00   0.0081 0.0100 0.0036  0.0005  867.6964 771.5988   173140.50614  -404259.20910  70%  0.71 0.64 0.27 0.30 1.00 0.33 0.27 0.17 1.00   0.0081 0.0100 0.0036  0.0005  867.6354 771.5914   178402.69831  -404259.14653  113:38:01
  71%  0.71 0.64 0.27 0.30 1.00 0.33 0.27 0.17 1.00   0.0081 0.0100 0.0036  0.0005  867.8021 771.4651   179840.04600  -404259.09674  71%  0.71 0.64 0.27 0.30 1.00 0.33 0.27 0.17 1.00   0.0081 0.0100 0.0036  0.0005  867.9373 772.8271   190480.06808  -404259.04001  72%  0.71 0.64 0.27 0.30 1.00 0.33 0.27 0.17 1.00   0.0081 0.0100 0.0036  0.0005  867.4675 773.8408   176980.73666  -404259.02555  72%  0.71 0.64 0.27 0.30 1.00 0.33 0.27 0.17 1.00   0.0081 0.0100 0.0036  0.0005  865.8710 775.1832   182157.46896  -404259.01312  73%  0.71 0.64 0.27 0.30 1.00 0.33 0.27 0.17 1.00   0.0081 0.0100 0.0036  0.0005  863.8549 776.3896   166691.82305  -404258.98457  73%  0.71 0.64 0.27 0.30 1.00 0.33 0.27 0.17 1.00   0.0081 0.0100 0.0036  0.0005  860.8304 779.8211   170585.94406  -404258.94560  74%  0.71 0.64 0.27 0.30 1.00 0.33 0.27 0.17 1.00   0.0081 0.0100 0.0036  0.0005  858.5385 781.1094   147685.93582  -404258.94241  74%  0.71 0.64 0.27 0.30 1.00 0.33 0.27 0.17 1.00   0.0081 0.0100 0.0036  0.0005  857.4645 780.5715   172553.94628  -404258.92501  75%  0.71 0.64 0.27 0.30 1.00 0.33 0.27 0.17 1.00   0.0081 0.0100 0.0036  0.0005  856.2595 781.8333   177915.64738  -404258.84848  75%  0.71 0.64 0.27 0.30 1.00 0.33 0.27 0.17 1.00   0.0081 0.0100 0.0036  0.0005  855.2700 782.6558   180307.08311  -404258.81224  120:34:52
  76%  0.71 0.64 0.27 0.30 1.00 0.33 0.27 0.17 1.00   0.0081 0.0100 0.0036  0.0005  857.5757 779.9102   164176.06515  -404258.76089  76%  0.71 0.64 0.27 0.30 1.00 0.33 0.27 0.17 1.00   0.0081 0.0100 0.0036  0.0005  859.1511 777.4602   159103.63070  -404258.78513  77%  0.71 0.64 0.27 0.30 1.00 0.33 0.27 0.17 1.00   0.0081 0.0100 0.0036  0.0005  859.2723 777.9294   198712.65324  -404258.76929  77%  0.71 0.64 0.27 0.30 1.00 0.33 0.27 0.17 1.00   0.0081 0.0100 0.0036  0.0005  860.1002 777.2737   163071.67474  -404258.73512  78%  0.71 0.64 0.27 0.30 1.00 0.33 0.27 0.17 1.00   0.0081 0.0100 0.0036  0.0005  862.7998 774.0033   176742.63517  -404258.79976  78%  0.71 0.64 0.27 0.30 1.00 0.33 0.27 0.17 1.00   0.0081 0.0100 0.0036  0.0005  866.4730 770.9417   173252.40924  -404258.76708  79%  0.71 0.64 0.27 0.30 1.00 0.33 0.27 0.17 1.00   0.0081 0.0100 0.0036  0.0005  865.7577 772.4926   177314.81900  -404258.71801  79%  0.71 0.64 0.27 0.30 1.00 0.33 0.27 0.17 1.00   0.0081 0.0100 0.0036  0.0005  864.4657 774.6974   174103.89514  -404258.72421  80%  0.71 0.64 0.27 0.30 1.00 0.33 0.27 0.17 1.00   0.0081 0.0100 0.0036  0.0005  863.8181 775.1844   185879.33060  -404258.68257  80%  0.71 0.64 0.27 0.30 1.00 0.33 0.27 0.17 1.00   0.0081 0.0100 0.0036  0.0005  863.8222 776.2029   185980.07844  -404258.59600  127:36:18
  81%  0.71 0.64 0.27 0.30 1.00 0.33 0.27 0.17 1.00   0.0081 0.0100 0.0036  0.0005  864.2998 776.1367   160160.56198  -404258.53526  81%  0.71 0.64 0.27 0.30 1.00 0.33 0.27 0.17 1.00   0.0081 0.0100 0.0036  0.0005  863.5061 776.4076   171019.66843  -404258.47252  82%  0.71 0.64 0.27 0.30 1.00 0.33 0.27 0.17 1.00   0.0081 0.0100 0.0036  0.0005  861.7998 778.0519   167283.21461  -404258.42280  82%  0.71 0.64 0.27 0.30 1.00 0.33 0.27 0.17 1.00   0.0081 0.0100 0.0036  0.0005  861.4750 778.5787   190519.42739  -404258.38275  83%  0.71 0.64 0.27 0.30 1.00 0.33 0.27 0.17 1.00   0.0081 0.0100 0.0036  0.0005  860.5737 779.6421   170745.15193  -404258.34675  83%  0.71 0.64 0.27 0.30 1.00 0.33 0.27 0.17 1.00   0.0081 0.0100 0.0036  0.0005  859.4702 779.8958   155587.11954  -404258.33140  84%  0.71 0.64 0.27 0.30 1.00 0.33 0.27 0.17 1.00   0.0081 0.0100 0.0036  0.0005  858.0688 780.6546   185578.80793  -404258.32571  84%  0.71 0.64 0.27 0.30 1.00 0.33 0.27 0.17 1.00   0.0081 0.0100 0.0036  0.0005  857.5292 781.5757   169748.11612  -404258.30433  85%  0.71 0.64 0.27 0.30 1.00 0.33 0.27 0.17 1.00   0.0081 0.0100 0.0036  0.0005  857.7801 780.5275   164085.46058  -404258.25452  85%  0.71 0.64 0.27 0.30 1.00 0.33 0.27 0.17 1.00   0.0081 0.0100 0.0036  0.0005  856.8662 781.9625   180036.99438  -404258.22468  134:26:19
  86%  0.71 0.64 0.27 0.30 1.00 0.33 0.27 0.17 1.00   0.0081 0.0100 0.0036  0.0005  856.8687 781.8044   185045.21728  -404258.21855  86%  0.71 0.64 0.27 0.30 1.00 0.33 0.27 0.17 1.00   0.0081 0.0100 0.0036  0.0005  856.6468 783.0029   185712.76630  -404258.20544  87%  0.71 0.64 0.27 0.30 1.00 0.33 0.27 0.17 1.00   0.0081 0.0100 0.0036  0.0005  856.5600 784.2193   178860.24731  -404258.14561  87%  0.71 0.64 0.27 0.30 1.00 0.33 0.27 0.17 1.00   0.0081 0.0100 0.0036  0.0005  854.1159 787.9645   166448.76585  -404258.09307  88%  0.71 0.64 0.27 0.30 1.00 0.33 0.27 0.17 1.00   0.0081 0.0100 0.0036  0.0005  853.4394 788.1856   174832.65684  -404258.06006  88%  0.71 0.64 0.27 0.30 1.00 0.33 0.27 0.17 1.00   0.0081 0.0100 0.0036  0.0005  852.7038 788.5498   175959.71811  -404258.05503  89%  0.71 0.64 0.27 0.30 1.00 0.33 0.27 0.17 1.00   0.0081 0.0100 0.0036  0.0005  852.4092 788.6259   168613.92369  -404258.08253  89%  0.71 0.64 0.27 0.30 1.00 0.33 0.27 0.17 1.00   0.0081 0.0100 0.0036  0.0005  850.7015 788.3068   152277.23454  -404258.08082  90%  0.71 0.64 0.27 0.30 1.00 0.33 0.27 0.17 1.00   0.0081 0.0100 0.0036  0.0005  849.7146 788.2763   178405.10727  -404258.05818  90%  0.71 0.64 0.27 0.30 1.00 0.33 0.27 0.17 1.00   0.0081 0.0100 0.0036  0.0005  849.5572 789.0581   176400.23770  -404258.03507  141:23:54
  91%  0.71 0.64 0.27 0.30 1.00 0.33 0.27 0.17 1.00   0.0081 0.0100 0.0036  0.0005  849.5906 789.6555   182236.25390  -404257.98182  91%  0.71 0.64 0.27 0.30 1.00 0.33 0.27 0.17 1.00   0.0081 0.0100 0.0036  0.0005  849.9104 789.4515   181150.95978  -404257.95004  92%  0.71 0.64 0.27 0.30 1.00 0.33 0.27 0.17 1.00   0.0081 0.0100 0.0036  0.0005  850.9319 788.7819   181327.23682  -404257.90171  92%  0.71 0.64 0.27 0.30 1.00 0.33 0.27 0.17 1.00   0.0081 0.0100 0.0036  0.0005  850.1433 790.1120   180739.84780  -404257.83926  93%  0.71 0.64 0.27 0.30 1.00 0.33 0.27 0.17 1.00   0.0081 0.0100 0.0036  0.0005  849.9913 790.3208   175469.95654  -404257.82544  93%  0.71 0.64 0.27 0.30 1.00 0.33 0.27 0.17 1.00   0.0081 0.0100 0.0036  0.0005  850.5291 789.0017   168994.01329  -404257.85421  94%  0.71 0.64 0.27 0.30 1.00 0.33 0.27 0.17 1.00   0.0081 0.0100 0.0036  0.0005  851.5804 787.3901   172697.11304  -404257.85408  94%  0.71 0.64 0.27 0.30 1.00 0.33 0.27 0.17 1.00   0.0081 0.0100 0.0036  0.0005  850.8072 788.0555   161167.67333  -404257.84738  95%  0.71 0.64 0.27 0.30 1.00 0.33 0.27 0.17 1.00   0.0081 0.0100 0.0036  0.0005  848.8291 789.1542   176022.48024  -404257.84452  95%  0.71 0.64 0.27 0.30 1.00 0.33 0.27 0.17 1.00   0.0081 0.0100 0.0036  0.0005  849.1933 789.7111   177988.53379  -404257.86796  148:02:06
  96%  0.71 0.64 0.27 0.30 1.00 0.33 0.27 0.17 1.00   0.0081 0.0100 0.0036  0.0005  849.2318 789.1625   167713.63377  -404257.88191  96%  0.71 0.64 0.27 0.30 1.00 0.33 0.27 0.17 1.00   0.0081 0.0100 0.0036  0.0005  848.8076 788.8507   184818.23916  -404257.89102  97%  0.71 0.64 0.27 0.30 1.00 0.33 0.27 0.17 1.00   0.0081 0.0100 0.0036  0.0005  846.7333 791.4128   181558.02814  -404257.89101  97%  0.71 0.64 0.27 0.30 1.00 0.33 0.27 0.17 1.00   0.0081 0.0100 0.0036  0.0005  846.3143 791.8153   170328.26882  -404257.88425  98%  0.71 0.64 0.27 0.30 1.00 0.33 0.27 0.17 1.00   0.0081 0.0100 0.0036  0.0005  846.1827 791.1085   174221.45771  -404257.85817  98%  0.71 0.64 0.27 0.30 1.00 0.33 0.27 0.17 1.00   0.0081 0.0100 0.0036  0.0005  845.8958 791.0457   178284.54306  -404257.83270  99%  0.71 0.64 0.27 0.30 1.00 0.33 0.27 0.17 1.00   0.0081 0.0100 0.0036  0.0005  846.3022 790.4325   168999.33530  -404257.82027  99%  0.71 0.64 0.27 0.30 1.00 0.33 0.27 0.17 1.00   0.0081 0.0100 0.0036  0.0005  846.2911 790.1105   178221.98177  -404257.81118 100%  0.71 0.64 0.27 0.30 1.00 0.33 0.27 0.17 1.00   0.0081 0.0100 0.0036  0.0005  846.8222 789.4259   173260.28917  -404257.77505 100%  0.71 0.64 0.27 0.30 1.00 0.33 0.27 0.17 1.00   0.0081 0.0100 0.0036  0.0005  848.6858 786.8526   161717.04318  -404257.78238  154:29:17

154:29:17 spent in MCMC

Node-Index  Node-Type  Node-Label
---------------------------------
1           Tip        ajan
2           Tip        alas
3           Root       R

 param      mean       median       S.D         min          max         2.5%        97.5%      2.5%HPD     97.5%HPD       ESS*        Eff*      rho1  
-------------------------------------------------------------------------------------------------------------------------------------------------------
theta:1    0.008117    0.008063    0.000844    0.005334     0.013012    0.006616     0.009907    0.006549     0.009822   370.469401  0.007409  0.801980
theta:2    0.010029    0.009972    0.000973    0.006618     0.015364    0.008276     0.012096    0.008141     0.011923   504.876387  0.010098  0.775202
theta:3    0.003641    0.003639    0.000122    0.003146     0.004237    0.003407     0.003883    0.003406     0.003881  1291.620897  0.025832  0.462142
tau:3      0.000489    0.000488    0.000035    0.000349     0.000635    0.000422     0.000558    0.000420     0.000556   449.566930  0.008991  0.877919
W:1->2   848.735659  841.716541  235.095562  173.638773  1926.226222  411.871944  1351.173723  387.122478  1314.811602   233.124781  0.004662  0.969527
W:2->1   786.986944  779.354603  253.019901   76.953452  2110.257552  296.893785  1307.714196  289.855438  1299.250166   208.557442  0.004171  0.974505
M:1->2     2.091273    2.093397    0.480015    0.509413     4.415360    1.151508     3.061981    1.133125     3.037406   243.294322  0.004866  0.931510
M:2->1     1.559484    1.564984    0.413054    0.177070     3.403519    0.689669     2.359016    0.749193     2.400092   217.279316  0.004346  0.944703

lnL      -404257.864903  -404256.366000   66.331294  -404562.962000  -403994.969000  -404391.281000  -404129.872000  -404387.348000  -404126.903000   414.574135  0.008291  0.174703


FigTree tree is in fit/output/ch8.FigTree.tre

Summarizing parameter estimates using file fit/output/ch8.conditional_a1b1.txt ...

 param      mean        S.D         2.5%        97.5%      2.5%HPD     97.5%HPD      Effu      Effy       c    
---------------------------------------------------------------------------------------------------------------
theta:1    0.008119    0.000843    0.006618     0.009903    0.006524     0.009795  0.007495  0.007495  1.016369
theta:2    0.010031    0.000972    0.008285     0.012088    0.008137     0.011917  0.010076  0.010074  1.019240
theta:3    0.003641    0.000122    0.003405     0.003883    0.003402     0.003880  0.026408  0.026365  1.065150
W:1->2   848.724680  235.019812  412.319305  1349.652562  367.599207  1295.988444  0.004656  0.004656  1.003070
M:1->2     2.091663    0.480119    1.157939     3.062587    1.133078     3.037376  0.004867  0.004867  1.008146
W:2->1   786.894834  253.173275  297.831803  1305.601046  287.034275  1296.603106  0.004175  0.004175  1.002626
M:2->1     1.559694    0.413426    0.686436     2.359837    0.755706     2.414350  0.004335  0.004335  1.006621

