Detected CPU features: mmx sse sse2 sse3 ssse3 sse4.1 sse4.2 popcnt avx avx2
bpp v4.8.7_macos_x86_64, 128GB RAM, 36 cores
https://github.com/bpp/bpp

Auto-selected SIMD ISA: AVX2


Starting timer..
Seed: 383477503 (randomly generated)
Parsing species tree... Done
Parsing phylip file... Done

Summary of alignments *before* phasing sequences:
 Locus | Model | Sequences | Length | Ambiguous sites | Compressed | Base freqs 
-------+-------+-----------+--------+-----------------+------------+------------
     1 |  JC69 |         4 |    137 |               0 |          1 |      Fixed 
     2 |  JC69 |        20 |    397 |             116 |         13 |      Fixed 
     3 |  JC69 |         2 |    281 |              11 |          5 |      Fixed 
     4 |  JC69 |        19 |    449 |               5 |          6 |      Fixed 
     5 |  JC69 |         8 |    265 |               7 |          7 |      Fixed 
     6 |  JC69 |         3 |     51 |               0 |          1 |      Fixed 
     7 |  JC69 |         6 |    239 |              60 |          9 |      Fixed 
     8 |  JC69 |        17 |    499 |             292 |         28 |      Fixed 
     9 |  JC69 |         2 |    554 |             133 |          3 |      Fixed 
    10 |  JC69 |         6 |    287 |              32 |         11 |      Fixed 
    11 |  JC69 |        20 |    488 |             419 |         29 |      Fixed 
    12 |  JC69 |        18 |    288 |              92 |         10 |      Fixed 
    13 |  JC69 |         3 |    274 |               1 |          2 |      Fixed 
    14 |  JC69 |         3 |    112 |              11 |          3 |      Fixed 
    15 |  JC69 |         2 |    280 |               4 |          3 |      Fixed 
    16 |  JC69 |         3 |    161 |               0 |          2 |      Fixed 
    17 |  JC69 |        20 |    273 |               3 |          4 |      Fixed 
    18 |  JC69 |         2 |    132 |               0 |          1 |      Fixed 
    19 |  JC69 |         3 |     86 |               0 |          1 |      Fixed 
    20 |  JC69 |         7 |    279 |              23 |         15 |      Fixed 
    21 |  JC69 |        19 |    167 |               8 |          9 |      Fixed 
    22 |  JC69 |        13 |    254 |              96 |         10 |      Fixed 
    23 |  JC69 |        20 |    412 |              16 |         12 |      Fixed 
    24 |  JC69 |        20 |    182 |               3 |          4 |      Fixed 
    25 |  JC69 |         4 |    214 |               6 |          6 |      Fixed 
    26 |  JC69 |         6 |    278 |              13 |          6 |      Fixed 
    27 |  JC69 |         4 |    105 |               1 |          2 |      Fixed 
    28 |  JC69 |        16 |    206 |              93 |         18 |      Fixed 
    29 |  JC69 |         6 |     62 |               5 |          2 |      Fixed 
    30 |  JC69 |         5 |    242 |              41 |          7 |      Fixed 
    31 |  JC69 |        11 |    563 |             379 |         31 |      Fixed 
    32 |  JC69 |        18 |    261 |             125 |         18 |      Fixed 
    33 |  JC69 |         3 |    145 |              34 |          8 |      Fixed 
    34 |  JC69 |        20 |    167 |              81 |         12 |      Fixed 
    35 |  JC69 |        15 |    629 |             366 |         37 |      Fixed 
    36 |  JC69 |        15 |    117 |               2 |          3 |      Fixed 
    37 |  JC69 |         3 |    283 |              24 |          8 |      Fixed 
    38 |  JC69 |        12 |    178 |              10 |         10 |      Fixed 
    39 |  JC69 |        19 |     48 |               1 |          2 |      Fixed 
    40 |  JC69 |        19 |    349 |             107 |         17 |      Fixed 
    41 |  JC69 |         4 |     71 |               6 |          3 |      Fixed 
    42 |  JC69 |         2 |    159 |              70 |          4 |      Fixed 
    43 |  JC69 |        11 |     86 |              16 |         14 |      Fixed 
    44 |  JC69 |        10 |    247 |              17 |          9 |      Fixed 
    45 |  JC69 |         9 |    123 |               6 |          4 |      Fixed 
    46 |  JC69 |         3 |    222 |               6 |          4 |      Fixed 
    47 |  JC69 |         5 |    209 |              14 |          7 |      Fixed 
    48 |  JC69 |         2 |    280 |              17 |          6 |      Fixed 
    49 |  JC69 |         2 |    229 |               1 |          2 |      Fixed 
    50 |  JC69 |         6 |    222 |              33 |         12 |      Fixed 
    51 |  JC69 |         9 |    465 |             151 |         15 |      Fixed 
    52 |  JC69 |        20 |     97 |               2 |          3 |      Fixed 
    53 |  JC69 |         2 |    102 |               0 |          1 |      Fixed 
    54 |  JC69 |         3 |    271 |               4 |          4 |      Fixed 
    55 |  JC69 |        11 |    564 |              33 |         22 |      Fixed 
    56 |  JC69 |         6 |    522 |             253 |         14 |      Fixed 
    57 |  JC69 |         3 |    284 |               5 |          7 |      Fixed 
    58 |  JC69 |         2 |     95 |               0 |          1 |      Fixed 
    59 |  JC69 |        20 |    111 |               5 |          5 |      Fixed 
    60 |  JC69 |         9 |    268 |              15 |         11 |      Fixed 
    61 |  JC69 |        20 |    152 |              74 |         13 |      Fixed 
    62 |  JC69 |        20 |    138 |               9 |          8 |      Fixed 
    63 |  JC69 |        19 |     99 |               5 |          4 |      Fixed 
    64 |  JC69 |        19 |     60 |               2 |          3 |      Fixed 
    65 |  JC69 |         8 |    132 |               2 |          3 |      Fixed 
    66 |  JC69 |         6 |    211 |               7 |          4 |      Fixed 
    67 |  JC69 |        19 |    133 |               6 |          5 |      Fixed 
    68 |  JC69 |         2 |     81 |               5 |          2 |      Fixed 
    69 |  JC69 |         2 |     47 |               0 |          1 |      Fixed 
    70 |  JC69 |         5 |    278 |              48 |          7 |      Fixed 
    71 |  JC69 |        10 |     70 |              10 |          4 |      Fixed 
    72 |  JC69 |         3 |     95 |              45 |          3 |      Fixed 
    73 |  JC69 |         2 |     98 |               6 |          3 |      Fixed 
    74 |  JC69 |         2 |    118 |               0 |          1 |      Fixed 
    75 |  JC69 |         2 |    152 |               0 |          1 |      Fixed 
    76 |  JC69 |        19 |    301 |              10 |          9 |      Fixed 
    77 |  JC69 |        17 |    189 |               6 |          6 |      Fixed 
    78 |  JC69 |        19 |    194 |              12 |         11 |      Fixed 
    79 |  JC69 |        17 |     83 |               7 |          8 |      Fixed 
    80 |  JC69 |         3 |    279 |              17 |          6 |      Fixed 
    81 |  JC69 |         4 |     88 |               5 |          5 |      Fixed 
    82 |  JC69 |        15 |    102 |              12 |          9 |      Fixed 
    83 |  JC69 |         3 |     89 |               5 |          3 |      Fixed 
    84 |  JC69 |         3 |     93 |               8 |          9 |      Fixed 
    85 |  JC69 |         5 |    121 |               6 |          5 |      Fixed 
    86 |  JC69 |         3 |     45 |               0 |          1 |      Fixed 
    87 |  JC69 |         2 |    174 |              24 |          5 |      Fixed 
    88 |  JC69 |         2 |    278 |              28 |          5 |      Fixed 
    89 |  JC69 |         9 |     53 |               3 |          4 |      Fixed 
    90 |  JC69 |         2 |    143 |               1 |          3 |      Fixed 
    91 |  JC69 |         6 |     78 |              13 |          9 |      Fixed 
    92 |  JC69 |         5 |     65 |              28 |          9 |      Fixed 
    93 |  JC69 |         5 |     54 |               1 |          3 |      Fixed 
    94 |  JC69 |         2 |    105 |               1 |          3 |      Fixed 
    95 |  JC69 |         2 |     95 |               0 |          2 |      Fixed 
    96 |  JC69 |         4 |     62 |               0 |          1 |      Fixed 
    97 |  JC69 |         3 |     79 |              23 |          5 |      Fixed 
    98 |  JC69 |         8 |     55 |               5 |          3 |      Fixed 
    99 |  JC69 |         2 |    229 |               6 |          5 |      Fixed 
   100 |  JC69 |         2 |     67 |               0 |          1 |      Fixed 
   101 |  JC69 |         2 |     64 |               0 |          1 |      Fixed 
   102 |  JC69 |         2 |    278 |              31 |          5 |      Fixed 
   103 |  JC69 |        19 |    102 |               2 |          3 |      Fixed 
   104 |  JC69 |        20 |    117 |               6 |          7 |      Fixed 
   105 |  JC69 |         2 |    463 |             186 |          5 |      Fixed 
   106 |  JC69 |         3 |    154 |              17 |          3 |      Fixed 
   107 |  JC69 |         3 |    147 |               0 |          1 |      Fixed 
   108 |  JC69 |         3 |    244 |               8 |          6 |      Fixed 
   109 |  JC69 |        16 |    143 |              13 |         12 |      Fixed 
   110 |  JC69 |         3 |    276 |             131 |          4 |      Fixed 
   111 |  JC69 |        17 |    133 |              20 |         13 |      Fixed 
   112 |  JC69 |        20 |     99 |               2 |          3 |      Fixed 
   113 |  JC69 |         3 |     53 |               1 |          2 |      Fixed 
   114 |  JC69 |         4 |     59 |               7 |          7 |      Fixed 
   115 |  JC69 |         4 |    282 |               9 |          7 |      Fixed 
   116 |  JC69 |        10 |    161 |               5 |          5 |      Fixed 
   117 |  JC69 |         5 |     76 |              36 |          6 |      Fixed 
   118 |  JC69 |        17 |    270 |              40 |         20 |      Fixed 
   119 |  JC69 |        20 |     73 |               8 |          7 |      Fixed 
   120 |  JC69 |         3 |    160 |               8 |          8 |      Fixed 
   121 |  JC69 |         2 |     52 |               0 |          1 |      Fixed 
   122 |  JC69 |        19 |    191 |               7 |          9 |      Fixed 
   123 |  JC69 |         9 |    146 |               2 |          4 |      Fixed 
   124 |  JC69 |        11 |    155 |               4 |          6 |      Fixed 
   125 |  JC69 |        20 |    178 |               6 |          7 |      Fixed 
   126 |  JC69 |         6 |    225 |              21 |         10 |      Fixed 
   127 |  JC69 |         5 |    151 |              11 |         10 |      Fixed 
   128 |  JC69 |        15 |    218 |             108 |         12 |      Fixed 
   129 |  JC69 |         7 |    124 |               5 |          7 |      Fixed 
   130 |  JC69 |        11 |    146 |              20 |          7 |      Fixed 
   131 |  JC69 |         7 |     96 |               5 |          7 |      Fixed 
   132 |  JC69 |        20 |    245 |               4 |          5 |      Fixed 
   133 |  JC69 |         7 |    130 |              15 |          6 |      Fixed 
   134 |  JC69 |         5 |     58 |               2 |          3 |      Fixed 
   135 |  JC69 |         3 |    252 |               0 |          2 |      Fixed 
   136 |  JC69 |        13 |    113 |               3 |          4 |      Fixed 
   137 |  JC69 |         5 |     71 |               0 |          1 |      Fixed 
   138 |  JC69 |         2 |    273 |               0 |          2 |      Fixed 
   139 |  JC69 |         5 |     99 |               0 |          1 |      Fixed 
   140 |  JC69 |         3 |    216 |              13 |         11 |      Fixed 
   141 |  JC69 |         8 |    212 |               9 |          9 |      Fixed 
   142 |  JC69 |        20 |    591 |             401 |         35 |      Fixed 
   143 |  JC69 |        19 |    417 |             291 |         18 |      Fixed 
   144 |  JC69 |        12 |    265 |               9 |         10 |      Fixed 
   145 |  JC69 |        20 |     65 |               0 |          1 |      Fixed 
   146 |  JC69 |         2 |     51 |               0 |          1 |      Fixed 
   147 |  JC69 |        15 |     54 |               2 |          2 |      Fixed 
   148 |  JC69 |         2 |     53 |               3 |          3 |      Fixed 
   149 |  JC69 |         4 |    160 |              51 |          2 |      Fixed 
   150 |  JC69 |         2 |    225 |               9 |          5 |      Fixed 
   151 |  JC69 |         3 |    279 |              13 |          8 |      Fixed 
   152 |  JC69 |         6 |    147 |               9 |          8 |      Fixed 
   153 |  JC69 |        11 |    160 |              13 |          9 |      Fixed 
   154 |  JC69 |        16 |    308 |             154 |         12 |      Fixed 
   155 |  JC69 |        13 |    833 |             684 |         42 |      Fixed 
   156 |  JC69 |         4 |    142 |               5 |          3 |      Fixed 
   157 |  JC69 |         9 |    215 |               8 |          9 |      Fixed 
   158 |  JC69 |        20 |    171 |               1 |          2 |      Fixed 
   159 |  JC69 |         2 |    101 |               0 |          2 |      Fixed 
   160 |  JC69 |         2 |    129 |               0 |          1 |      Fixed 
   161 |  JC69 |        12 |    104 |               0 |          1 |      Fixed 
   162 |  JC69 |        11 |    131 |               0 |          1 |      Fixed 
   163 |  JC69 |         6 |    146 |              11 |          9 |      Fixed 
   164 |  JC69 |        20 |    420 |              10 |         12 |      Fixed 
   165 |  JC69 |        16 |    443 |             217 |         30 |      Fixed 
   166 |  JC69 |         3 |     41 |               0 |          1 |      Fixed 
   167 |  JC69 |        10 |    324 |              66 |         16 |      Fixed 
   168 |  JC69 |        17 |    153 |               0 |          1 |      Fixed 
   169 |  JC69 |         2 |    118 |               0 |          1 |      Fixed 
   170 |  JC69 |        13 |    211 |              18 |         14 |      Fixed 
   171 |  JC69 |         2 |    505 |             244 |          5 |      Fixed 
   172 |  JC69 |        11 |     98 |               4 |          5 |      Fixed 
   173 |  JC69 |         2 |    181 |               0 |          1 |      Fixed 
   174 |  JC69 |         2 |    136 |               2 |          3 |      Fixed 
   175 |  JC69 |        16 |    429 |               4 |          5 |      Fixed 
   176 |  JC69 |        12 |    358 |              13 |          9 |      Fixed 
   177 |  JC69 |        17 |    152 |              17 |         12 |      Fixed 
   178 |  JC69 |         3 |    193 |               1 |          2 |      Fixed 
   179 |  JC69 |        11 |    187 |              20 |         17 |      Fixed 
   180 |  JC69 |         4 |    199 |               1 |          2 |      Fixed 
   181 |  JC69 |        15 |    368 |             175 |         15 |      Fixed 
   182 |  JC69 |        16 |     80 |              12 |          9 |      Fixed 
   183 |  JC69 |        13 |     92 |               0 |          2 |      Fixed 
   184 |  JC69 |        20 |    292 |              32 |         21 |      Fixed 
   185 |  JC69 |         2 |    136 |               0 |          1 |      Fixed 
   186 |  JC69 |         3 |     42 |               0 |          1 |      Fixed 
   187 |  JC69 |         4 |    282 |              21 |         11 |      Fixed 
   188 |  JC69 |        20 |    146 |               5 |          6 |      Fixed 
   189 |  JC69 |         2 |    217 |               2 |          2 |      Fixed 
   190 |  JC69 |         3 |    272 |              79 |          5 |      Fixed 
   191 |  JC69 |         4 |    291 |              26 |          4 |      Fixed 
   192 |  JC69 |        13 |    404 |             204 |         23 |      Fixed 
   193 |  JC69 |         9 |    286 |              14 |         11 |      Fixed 
   194 |  JC69 |        17 |     60 |               2 |          3 |      Fixed 
   195 |  JC69 |        20 |     92 |               0 |          1 |      Fixed 
   196 |  JC69 |        18 |    150 |              14 |         12 |      Fixed 
   197 |  JC69 |         2 |     86 |               3 |          4 |      Fixed 
   198 |  JC69 |         2 |    210 |              67 |          2 |      Fixed 
   199 |  JC69 |        18 |     67 |               1 |          2 |      Fixed 
   200 |  JC69 |        19 |    149 |              12 |          8 |      Fixed 
   201 |  JC69 |         3 |     92 |               4 |          3 |      Fixed 
   202 |  JC69 |         2 |     67 |              25 |          3 |      Fixed 
   203 |  JC69 |         2 |    192 |               1 |          2 |      Fixed 
   204 |  JC69 |        20 |    386 |             221 |         13 |      Fixed 
   205 |  JC69 |        20 |    495 |             131 |         12 |      Fixed 
   206 |  JC69 |        16 |    286 |              23 |         19 |      Fixed 
   207 |  JC69 |         5 |    144 |               4 |          4 |      Fixed 
   208 |  JC69 |         4 |    278 |              19 |          6 |      Fixed 
   209 |  JC69 |         3 |     73 |               5 |          3 |      Fixed 
   210 |  JC69 |        20 |    209 |               5 |          6 |      Fixed 
   211 |  JC69 |         2 |    283 |              21 |          5 |      Fixed 
   212 |  JC69 |         3 |    280 |              22 |         11 |      Fixed 
   213 |  JC69 |        19 |     85 |               4 |          5 |      Fixed 
   214 |  JC69 |        19 |    318 |              24 |          9 |      Fixed 
   215 |  JC69 |        15 |    211 |              57 |         17 |      Fixed 
   216 |  JC69 |         7 |    153 |               1 |          3 |      Fixed 
   217 |  JC69 |        20 |    195 |               1 |          2 |      Fixed 
   218 |  JC69 |        20 |    103 |               2 |          3 |      Fixed 
   219 |  JC69 |        15 |     92 |               3 |          4 |      Fixed 
   220 |  JC69 |         4 |    234 |               0 |          1 |      Fixed 
   221 |  JC69 |         2 |     89 |               0 |          1 |      Fixed 
   222 |  JC69 |        20 |    173 |              22 |          6 |      Fixed 
   223 |  JC69 |         2 |     53 |              12 |          2 |      Fixed 
   224 |  JC69 |         4 |    278 |              61 |          8 |      Fixed 
   225 |  JC69 |         6 |    278 |               6 |          5 |      Fixed 
   226 |  JC69 |         2 |    133 |               0 |          1 |      Fixed 
   227 |  JC69 |        20 |    137 |              50 |         10 |      Fixed 
   228 |  JC69 |         3 |     90 |               1 |          2 |      Fixed 
   229 |  JC69 |         5 |    365 |              15 |         11 |      Fixed 
   230 |  JC69 |        20 |     87 |               0 |          1 |      Fixed 
   231 |  JC69 |         3 |     83 |               3 |          4 |      Fixed 
   232 |  JC69 |         6 |     92 |               3 |          4 |      Fixed 
   233 |  JC69 |        14 |    113 |               7 |          5 |      Fixed 
   234 |  JC69 |        16 |    230 |               3 |          4 |      Fixed 
   235 |  JC69 |        11 |    143 |               7 |          5 |      Fixed 
   236 |  JC69 |        15 |    243 |              12 |         13 |      Fixed 
   237 |  JC69 |         9 |    234 |              16 |          9 |      Fixed 
   238 |  JC69 |         3 |    282 |              18 |          6 |      Fixed 
   239 |  JC69 |         3 |    282 |               4 |          4 |      Fixed 
   240 |  JC69 |         9 |    233 |              19 |         12 |      Fixed 
   241 |  JC69 |        20 |    212 |              15 |         13 |      Fixed 
   242 |  JC69 |         4 |    251 |               9 |          6 |      Fixed 
   243 |  JC69 |        20 |    389 |              11 |         12 |      Fixed 
   244 |  JC69 |        18 |     51 |               3 |          4 |      Fixed 
   245 |  JC69 |         2 |     74 |               0 |          1 |      Fixed 
   246 |  JC69 |        14 |    167 |               9 |         10 |      Fixed 
   247 |  JC69 |         2 |    142 |              47 |          3 |      Fixed 
   248 |  JC69 |         4 |    113 |               7 |          3 |      Fixed 
   249 |  JC69 |        16 |     55 |               2 |          3 |      Fixed 
   250 |  JC69 |        14 |    336 |             150 |          9 |      Fixed 
   251 |  JC69 |         4 |    225 |              16 |          7 |      Fixed 
   252 |  JC69 |         6 |    282 |              19 |         11 |      Fixed 
   253 |  JC69 |        14 |    288 |              28 |         18 |      Fixed 
   254 |  JC69 |        10 |    202 |              10 |          6 |      Fixed 
   255 |  JC69 |        20 |    304 |              18 |         17 |      Fixed 
   256 |  JC69 |         3 |     75 |               7 |          5 |      Fixed 
   257 |  JC69 |         2 |    226 |               5 |          3 |      Fixed 
   258 |  JC69 |        20 |    253 |             124 |         18 |      Fixed 
   259 |  JC69 |        10 |    110 |              53 |          9 |      Fixed 
   260 |  JC69 |        14 |    146 |              21 |         12 |      Fixed 
   261 |  JC69 |        10 |     61 |               8 |          6 |      Fixed 
   262 |  JC69 |         2 |    123 |               1 |          2 |      Fixed 
   263 |  JC69 |         3 |    455 |             193 |         13 |      Fixed 
   264 |  JC69 |         2 |    156 |               2 |          3 |      Fixed 
   265 |  JC69 |         2 |    406 |              11 |         10 |      Fixed 
   266 |  JC69 |         4 |    283 |              15 |         12 |      Fixed 
   267 |  JC69 |         3 |     74 |              15 |          6 |      Fixed 
   268 |  JC69 |        20 |    161 |               4 |          5 |      Fixed 
   269 |  JC69 |        10 |    104 |               2 |          2 |      Fixed 
   270 |  JC69 |         2 |    362 |              10 |          6 |      Fixed 
   271 |  JC69 |        17 |     82 |               3 |          3 |      Fixed 
   272 |  JC69 |        19 |    176 |              55 |          5 |      Fixed 
   273 |  JC69 |        17 |    292 |              25 |         18 |      Fixed 
   274 |  JC69 |         3 |     88 |               1 |          3 |      Fixed 
   275 |  JC69 |        15 |    151 |              11 |          6 |      Fixed 
   276 |  JC69 |         4 |    278 |             108 |          6 |      Fixed 
   277 |  JC69 |        20 |     92 |               2 |          3 |      Fixed 
   278 |  JC69 |         4 |    302 |              50 |         17 |      Fixed 
   279 |  JC69 |         3 |    263 |             111 |          4 |      Fixed 
   280 |  JC69 |        15 |    229 |             116 |          5 |      Fixed 
   281 |  JC69 |        15 |     86 |               3 |          4 |      Fixed 
   282 |  JC69 |        20 |     80 |               2 |          3 |      Fixed 
   283 |  JC69 |        13 |    123 |               7 |          8 |      Fixed 
   284 |  JC69 |         2 |     51 |               0 |          1 |      Fixed 
   285 |  JC69 |         3 |     46 |               0 |          1 |      Fixed 
   286 |  JC69 |        10 |    280 |             129 |         20 |      Fixed 
   287 |  JC69 |         2 |    124 |               0 |          2 |      Fixed 
   288 |  JC69 |        20 |    227 |               9 |         11 |      Fixed 
   289 |  JC69 |        12 |    264 |             131 |         11 |      Fixed 
   290 |  JC69 |        20 |    279 |              14 |         12 |      Fixed 
   291 |  JC69 |        20 |    201 |               4 |          5 |      Fixed 
   292 |  JC69 |         2 |    137 |               0 |          1 |      Fixed 
   293 |  JC69 |        20 |     77 |               2 |          3 |      Fixed 
   294 |  JC69 |         2 |     48 |               0 |          1 |      Fixed 
   295 |  JC69 |        18 |    113 |               2 |          3 |      Fixed 
   296 |  JC69 |         9 |    102 |               2 |          3 |      Fixed 
   297 |  JC69 |        20 |    319 |              36 |         11 |      Fixed 
   298 |  JC69 |        20 |    196 |               3 |          4 |      Fixed 
   299 |  JC69 |        18 |    304 |             124 |         10 |      Fixed 
   300 |  JC69 |        13 |     78 |               1 |          3 |      Fixed 
   301 |  JC69 |         9 |    282 |             101 |         16 |      Fixed 
   302 |  JC69 |         7 |    205 |              28 |          8 |      Fixed 
   303 |  JC69 |        16 |    145 |              18 |         16 |      Fixed 
   304 |  JC69 |        18 |    155 |              10 |         10 |      Fixed 
   305 |  JC69 |         6 |    213 |              14 |         13 |      Fixed 
   306 |  JC69 |         6 |    369 |             234 |          6 |      Fixed 
   307 |  JC69 |        20 |    388 |               7 |          8 |      Fixed 
   308 |  JC69 |         3 |    134 |               1 |          3 |      Fixed 
   309 |  JC69 |        19 |    208 |              10 |         11 |      Fixed 
   310 |  JC69 |        12 |     52 |               0 |          1 |      Fixed 
   311 |  JC69 |         8 |    152 |               7 |          6 |      Fixed 
   312 |  JC69 |         2 |    273 |              65 |          7 |      Fixed 
   313 |  JC69 |        18 |    204 |              15 |          9 |      Fixed 
   314 |  JC69 |         6 |    184 |              22 |          5 |      Fixed 
   315 |  JC69 |         4 |     88 |              23 |          2 |      Fixed 
   316 |  JC69 |        18 |    288 |              36 |         34 |      Fixed 
   317 |  JC69 |        13 |    322 |             100 |         10 |      Fixed 
   318 |  JC69 |         3 |    274 |              12 |          4 |      Fixed 
   319 |  JC69 |         3 |    193 |              89 |          4 |      Fixed 
   320 |  JC69 |         3 |     86 |               0 |          1 |      Fixed 
   321 |  JC69 |        14 |    248 |               1 |          2 |      Fixed 
   322 |  JC69 |        11 |    284 |              14 |         13 |      Fixed 
   323 |  JC69 |         4 |    279 |              13 |          8 |      Fixed 
   324 |  JC69 |         7 |    370 |             144 |         13 |      Fixed 
   325 |  JC69 |         7 |    230 |             107 |         13 |      Fixed 
   326 |  JC69 |         8 |    287 |             154 |          3 |      Fixed 
   327 |  JC69 |         9 |    208 |              56 |         14 |      Fixed 
   328 |  JC69 |        19 |    210 |             102 |          8 |      Fixed 
   329 |  JC69 |         4 |    286 |              14 |         10 |      Fixed 
   330 |  JC69 |        20 |    149 |              12 |         11 |      Fixed 
   331 |  JC69 |        18 |    151 |              44 |          3 |      Fixed 
   332 |  JC69 |        12 |     64 |               2 |          3 |      Fixed 
   333 |  JC69 |         2 |    418 |             137 |          2 |      Fixed 
   334 |  JC69 |         4 |     48 |               5 |          2 |      Fixed 
   335 |  JC69 |        20 |    394 |             126 |         12 |      Fixed 
   336 |  JC69 |        12 |     45 |               2 |          3 |      Fixed 
   337 |  JC69 |         9 |    105 |              51 |          6 |      Fixed 
   338 |  JC69 |        16 |     83 |               1 |          2 |      Fixed 
   339 |  JC69 |        14 |    283 |              22 |         20 |      Fixed 
   340 |  JC69 |         7 |    286 |              18 |          9 |      Fixed 
   341 |  JC69 |        20 |    150 |               6 |          4 |      Fixed 
   342 |  JC69 |         2 |    207 |               0 |          1 |      Fixed 
   343 |  JC69 |         2 |    282 |              10 |          3 |      Fixed 
   344 |  JC69 |        19 |    292 |              18 |         13 |      Fixed 
   345 |  JC69 |         5 |    282 |              73 |         11 |      Fixed 
   346 |  JC69 |         2 |    283 |              11 |          5 |      Fixed 
   347 |  JC69 |         2 |    166 |               1 |          2 |      Fixed 
   348 |  JC69 |        10 |    382 |             112 |         16 |      Fixed 
   349 |  JC69 |         3 |    180 |               1 |          2 |      Fixed 
   350 |  JC69 |        18 |    164 |              14 |          6 |      Fixed 
   351 |  JC69 |         3 |    276 |              20 |         11 |      Fixed 
   352 |  JC69 |        11 |    307 |             170 |         10 |      Fixed 
   353 |  JC69 |         2 |     58 |               0 |          1 |      Fixed 
   354 |  JC69 |         3 |     42 |               2 |          2 |      Fixed 
   355 |  JC69 |         3 |    262 |               1 |          3 |      Fixed 
   356 |  JC69 |         3 |    272 |               7 |          5 |      Fixed 
   357 |  JC69 |        20 |     73 |               0 |          1 |      Fixed 
   358 |  JC69 |         2 |    222 |               0 |          1 |      Fixed 
   359 |  JC69 |         2 |    127 |               0 |          1 |      Fixed 
   360 |  JC69 |        19 |    308 |               4 |          5 |      Fixed 
   361 |  JC69 |         2 |    118 |               8 |          9 |      Fixed 
   362 |  JC69 |        20 |     88 |               1 |          2 |      Fixed 
   363 |  JC69 |        20 |     73 |               3 |          4 |      Fixed 
   364 |  JC69 |        11 |    117 |               2 |          3 |      Fixed 
   365 |  JC69 |         2 |    281 |             105 |          5 |      Fixed 
   366 |  JC69 |        16 |    241 |             117 |         10 |      Fixed 
   367 |  JC69 |        18 |     69 |               5 |          4 |      Fixed 
   368 |  JC69 |        20 |    126 |               7 |          5 |      Fixed 
   369 |  JC69 |        18 |    121 |               4 |          5 |      Fixed 
   370 |  JC69 |        20 |    101 |               2 |          3 |      Fixed 
   371 |  JC69 |        20 |     74 |               4 |          3 |      Fixed 
   372 |  JC69 |        10 |    286 |              29 |         19 |      Fixed 
   373 |  JC69 |         8 |    217 |              38 |         19 |      Fixed 
   374 |  JC69 |        19 |    211 |              10 |         10 |      Fixed 
   375 |  JC69 |        14 |    160 |               4 |          5 |      Fixed 
   376 |  JC69 |         9 |    200 |               4 |          5 |      Fixed 
   377 |  JC69 |        19 |    505 |             232 |         20 |      Fixed 
   378 |  JC69 |         2 |     46 |               0 |          1 |      Fixed 
   379 |  JC69 |        19 |    201 |               3 |          4 |      Fixed 
   380 |  JC69 |         2 |     95 |               0 |          1 |      Fixed 
   381 |  JC69 |        20 |     86 |               3 |          4 |      Fixed 
   382 |  JC69 |        18 |     86 |               4 |          4 |      Fixed 
   383 |  JC69 |        19 |     92 |               3 |          4 |      Fixed 
   384 |  JC69 |        20 |    233 |               2 |          3 |      Fixed 
   385 |  JC69 |        20 |    157 |               0 |          1 |      Fixed 
   386 |  JC69 |         4 |    103 |               5 |          6 |      Fixed 
   387 |  JC69 |        20 |     69 |              17 |          6 |      Fixed 
   388 |  JC69 |         7 |    441 |             340 |         12 |      Fixed 
   389 |  JC69 |        20 |    280 |               4 |          5 |      Fixed 
   390 |  JC69 |        17 |     99 |               5 |          5 |      Fixed 
   391 |  JC69 |        19 |     71 |               3 |          4 |      Fixed 
   392 |  JC69 |         2 |    156 |               0 |          1 |      Fixed 
   393 |  JC69 |        20 |    173 |              71 |         16 |      Fixed 
   394 |  JC69 |         4 |    263 |               8 |          5 |      Fixed 
   395 |  JC69 |        20 |    232 |               6 |          7 |      Fixed 
   396 |  JC69 |         2 |     85 |              38 |          2 |      Fixed 
   397 |  JC69 |        15 |    284 |             111 |         17 |      Fixed 
   398 |  JC69 |         5 |    192 |               1 |          5 |      Fixed 
   399 |  JC69 |        15 |    230 |              59 |         12 |      Fixed 
   400 |  JC69 |        20 |    115 |               1 |          3 |      Fixed 
   401 |  JC69 |         3 |    269 |              13 |          7 |      Fixed 
   402 |  JC69 |        11 |    109 |               1 |          2 |      Fixed 
   403 |  JC69 |        17 |    104 |               5 |          5 |      Fixed 
   404 |  JC69 |         8 |    161 |               1 |          2 |      Fixed 
   405 |  JC69 |        19 |     97 |               7 |          6 |      Fixed 
   406 |  JC69 |        19 |    218 |              52 |         16 |      Fixed 
   407 |  JC69 |        17 |     99 |               3 |          4 |      Fixed 
   408 |  JC69 |         5 |    120 |               1 |          2 |      Fixed 
   409 |  JC69 |         4 |    288 |             123 |          7 |      Fixed 
   410 |  JC69 |        10 |    144 |              16 |         11 |      Fixed 
   411 |  JC69 |        19 |     54 |               8 |          6 |      Fixed 
   412 |  JC69 |         2 |     84 |               0 |          1 |      Fixed 
   413 |  JC69 |        19 |    105 |               4 |          3 |      Fixed 
   414 |  JC69 |         5 |    265 |              26 |          6 |      Fixed 
   415 |  JC69 |        20 |    136 |               3 |          3 |      Fixed 
   416 |  JC69 |         2 |    251 |             126 |          5 |      Fixed 
   417 |  JC69 |        17 |    250 |              16 |          9 |      Fixed 
   418 |  JC69 |         8 |    462 |              53 |         15 |      Fixed 
   419 |  JC69 |        20 |     78 |               1 |          2 |      Fixed 
   420 |  JC69 |        15 |    130 |               8 |          7 |      Fixed 
   421 |  JC69 |        19 |    172 |               8 |          8 |      Fixed 
   422 |  JC69 |         2 |    226 |              67 |          7 |      Fixed 
   423 |  JC69 |         3 |    285 |              14 |          7 |      Fixed 
   424 |  JC69 |        18 |     78 |               3 |          4 |      Fixed 
   425 |  JC69 |        14 |    280 |              27 |         23 |      Fixed 
   426 |  JC69 |        12 |    165 |               2 |          3 |      Fixed 
   427 |  JC69 |        17 |     75 |               5 |          5 |      Fixed 
   428 |  JC69 |        15 |    291 |             101 |         28 |      Fixed 
   429 |  JC69 |        20 |    227 |               6 |          7 |      Fixed 
   430 |  JC69 |        20 |    263 |             121 |          9 |      Fixed 
   431 |  JC69 |        17 |    243 |               5 |          4 |      Fixed 
   432 |  JC69 |         2 |    280 |               9 |          5 |      Fixed 
   433 |  JC69 |        15 |    152 |              12 |          9 |      Fixed 
   434 |  JC69 |        20 |    132 |               3 |          4 |      Fixed 
   435 |  JC69 |        18 |     92 |               2 |          3 |      Fixed 
   436 |  JC69 |         3 |    133 |               0 |          1 |      Fixed 
   437 |  JC69 |         9 |     46 |               1 |          3 |      Fixed 
   438 |  JC69 |         4 |     64 |               3 |          3 |      Fixed 
   439 |  JC69 |        20 |    534 |             167 |         16 |      Fixed 
   440 |  JC69 |         4 |    278 |              27 |         11 |      Fixed 
   441 |  JC69 |        20 |    874 |             445 |         29 |      Fixed 
   442 |  JC69 |         2 |    249 |               4 |          3 |      Fixed 
   443 |  JC69 |         6 |     72 |               5 |          6 |      Fixed 
   444 |  JC69 |        19 |    204 |              73 |          7 |      Fixed 
   445 |  JC69 |        20 |     86 |               1 |          2 |      Fixed 
   446 |  JC69 |         4 |    285 |              39 |          9 |      Fixed 
   447 |  JC69 |        15 |     76 |               3 |          4 |      Fixed 
   448 |  JC69 |         9 |    281 |              14 |          9 |      Fixed 
   449 |  JC69 |        19 |     95 |               1 |          2 |      Fixed 
   450 |  JC69 |        20 |    228 |               9 |          8 |      Fixed 
   451 |  JC69 |         5 |    281 |              15 |          8 |      Fixed 
   452 |  JC69 |        11 |    165 |              27 |          3 |      Fixed 
   453 |  JC69 |        12 |    243 |              46 |         23 |      Fixed 
   454 |  JC69 |        17 |     60 |               7 |          8 |      Fixed 
   455 |  JC69 |        20 |    203 |             101 |          6 |      Fixed 
   456 |  JC69 |        20 |    133 |               1 |          2 |      Fixed 
   457 |  JC69 |        19 |    246 |               6 |          7 |      Fixed 
   458 |  JC69 |        12 |     75 |               4 |          4 |      Fixed 
   459 |  JC69 |        11 |     59 |               2 |          4 |      Fixed 
   460 |  JC69 |        14 |    285 |              23 |         13 |      Fixed 
   461 |  JC69 |         2 |    254 |              11 |          5 |      Fixed 
   462 |  JC69 |         4 |    116 |               2 |          3 |      Fixed 
   463 |  JC69 |        11 |    287 |              44 |         15 |      Fixed 
   464 |  JC69 |        19 |    415 |               8 |          9 |      Fixed 
   465 |  JC69 |         3 |     45 |               0 |          1 |      Fixed 
   466 |  JC69 |         4 |    142 |              17 |         15 |      Fixed 
   467 |  JC69 |        10 |    142 |              23 |         12 |      Fixed 
   468 |  JC69 |        20 |    188 |               4 |          5 |      Fixed 
   469 |  JC69 |        10 |    193 |               2 |          3 |      Fixed 
   470 |  JC69 |        20 |    514 |              36 |         14 |      Fixed 
   471 |  JC69 |         2 |    285 |              20 |          6 |      Fixed 
   472 |  JC69 |        17 |     81 |               2 |          3 |      Fixed 
   473 |  JC69 |         2 |    219 |              77 |          5 |      Fixed 
   474 |  JC69 |         9 |    146 |               8 |          4 |      Fixed 
   475 |  JC69 |        19 |     71 |               1 |          2 |      Fixed 
   476 |  JC69 |        19 |    213 |               7 |          6 |      Fixed 
   477 |  JC69 |        17 |     88 |               4 |          5 |      Fixed 
   478 |  JC69 |        18 |    422 |             160 |          9 |      Fixed 
   479 |  JC69 |         2 |    109 |               0 |          2 |      Fixed 
   480 |  JC69 |        18 |    726 |             374 |         29 |      Fixed 
   481 |  JC69 |        20 |    290 |             178 |         11 |      Fixed 
   482 |  JC69 |        20 |    417 |             417 |         19 |      Fixed 
   483 |  JC69 |         7 |    276 |               6 |          6 |      Fixed 
   484 |  JC69 |         7 |    114 |               1 |          2 |      Fixed 
   485 |  JC69 |        17 |    102 |               0 |          1 |      Fixed 
   486 |  JC69 |        16 |    291 |              24 |         18 |      Fixed 
   487 |  JC69 |        20 |    165 |               1 |          4 |      Fixed 
   488 |  JC69 |        16 |     89 |               5 |          4 |      Fixed 
   489 |  JC69 |         2 |     42 |               0 |          1 |      Fixed 
   490 |  JC69 |         2 |    278 |               7 |          7 |      Fixed 
   491 |  JC69 |        20 |    226 |               0 |          1 |      Fixed 
   492 |  JC69 |        20 |     90 |               2 |          4 |      Fixed 
   493 |  JC69 |        18 |    122 |               4 |          5 |      Fixed 
   494 |  JC69 |         2 |    291 |              10 |          5 |      Fixed 
   495 |  JC69 |         4 |    392 |             127 |         10 |      Fixed 
   496 |  JC69 |         7 |    268 |              12 |         11 |      Fixed 
   497 |  JC69 |         8 |    270 |              21 |         14 |      Fixed 
   498 |  JC69 |        13 |    238 |              11 |         11 |      Fixed 
   499 |  JC69 |         2 |     37 |               0 |          1 |      Fixed 
   500 |  JC69 |         6 |    286 |              54 |         17 |      Fixed 
   501 |  JC69 |         3 |    277 |             107 |          9 |      Fixed 
   502 |  JC69 |        17 |    290 |              25 |         16 |      Fixed 
   503 |  JC69 |         3 |     91 |               9 |          2 |      Fixed 
   504 |  JC69 |         3 |     75 |              13 |          2 |      Fixed 
   505 |  JC69 |         2 |    275 |               8 |          7 |      Fixed 
   506 |  JC69 |        10 |     50 |               4 |          5 |      Fixed 
   507 |  JC69 |        20 |    191 |               4 |          6 |      Fixed 
   508 |  JC69 |        20 |    165 |               5 |          6 |      Fixed 
   509 |  JC69 |         3 |    278 |              18 |          4 |      Fixed 
   510 |  JC69 |         6 |     94 |               9 |          7 |      Fixed 
   511 |  JC69 |         3 |    284 |              15 |          4 |      Fixed 
   512 |  JC69 |        19 |     49 |               3 |          4 |      Fixed 
   513 |  JC69 |        11 |    287 |              25 |         17 |      Fixed 
   514 |  JC69 |         3 |     43 |               0 |          1 |      Fixed 
   515 |  JC69 |         9 |    258 |              21 |         18 |      Fixed 
   516 |  JC69 |        18 |    118 |               2 |          3 |      Fixed 
   517 |  JC69 |        18 |     47 |               0 |          1 |      Fixed 
   518 |  JC69 |         4 |    284 |              45 |         10 |      Fixed 
   519 |  JC69 |         5 |    285 |              25 |         15 |      Fixed 
   520 |  JC69 |         5 |    254 |              19 |          6 |      Fixed 
   521 |  JC69 |        16 |    398 |             144 |         25 |      Fixed 
   522 |  JC69 |         3 |    278 |               7 |          7 |      Fixed 
   523 |  JC69 |        20 |    595 |             423 |         20 |      Fixed 
   524 |  JC69 |        12 |    197 |              91 |          3 |      Fixed 
   525 |  JC69 |        17 |    288 |              47 |         27 |      Fixed 
   526 |  JC69 |         3 |    100 |               1 |          3 |      Fixed 
   527 |  JC69 |        18 |    698 |             340 |         25 |      Fixed 
   528 |  JC69 |        12 |    240 |              10 |          7 |      Fixed 
   529 |  JC69 |        20 |    102 |               0 |          1 |      Fixed 
   530 |  JC69 |         2 |    286 |              13 |          4 |      Fixed 
   531 |  JC69 |         4 |    286 |              34 |         15 |      Fixed 
   532 |  JC69 |         7 |    291 |              14 |          8 |      Fixed 
   533 |  JC69 |         6 |    287 |              26 |          9 |      Fixed 
   534 |  JC69 |         4 |     55 |               0 |          1 |      Fixed 
   535 |  JC69 |        16 |    292 |              18 |         12 |      Fixed 
   536 |  JC69 |        17 |    191 |              72 |          8 |      Fixed 
   537 |  JC69 |        20 |     85 |               1 |          2 |      Fixed 
   538 |  JC69 |         3 |    289 |              10 |          7 |      Fixed 
   539 |  JC69 |         2 |     37 |               1 |          2 |      Fixed 
   540 |  JC69 |        18 |    462 |             196 |         28 |      Fixed 
   541 |  JC69 |         3 |    244 |               8 |          5 |      Fixed 
   542 |  JC69 |         3 |    274 |              99 |          6 |      Fixed 
   543 |  JC69 |         4 |    146 |               0 |          1 |      Fixed 
   544 |  JC69 |        15 |     97 |               4 |          5 |      Fixed 
   545 |  JC69 |        20 |    221 |              15 |         10 |      Fixed 
   546 |  JC69 |        20 |    223 |               3 |          4 |      Fixed 
   547 |  JC69 |        18 |     51 |               4 |          4 |      Fixed 
   548 |  JC69 |        14 |     44 |               1 |          3 |      Fixed 
   549 |  JC69 |         2 |    132 |               0 |          2 |      Fixed 
   550 |  JC69 |        16 |     48 |               4 |          5 |      Fixed 
   551 |  JC69 |        13 |    245 |             120 |         18 |      Fixed 
   552 |  JC69 |         4 |    283 |              21 |         11 |      Fixed 
   553 |  JC69 |        20 |    129 |              11 |          6 |      Fixed 
   554 |  JC69 |         2 |    175 |               1 |          2 |      Fixed 
   555 |  JC69 |        11 |    286 |              19 |         16 |      Fixed 
   556 |  JC69 |        18 |     59 |               2 |          3 |      Fixed 
   557 |  JC69 |        16 |    127 |               5 |          6 |      Fixed 
   558 |  JC69 |        19 |    106 |               4 |          5 |      Fixed 
   559 |  JC69 |         3 |    133 |               0 |          1 |      Fixed 
   560 |  JC69 |         2 |    277 |               4 |          5 |      Fixed 
   561 |  JC69 |         4 |    272 |               9 |          6 |      Fixed 
   562 |  JC69 |         3 |     61 |               0 |          1 |      Fixed 
   563 |  JC69 |        15 |    406 |             200 |         18 |      Fixed 
   564 |  JC69 |        18 |    238 |              11 |         11 |      Fixed 
   565 |  JC69 |         4 |    121 |               2 |          3 |      Fixed 
   566 |  JC69 |         3 |    282 |              51 |          5 |      Fixed 
   567 |  JC69 |        20 |    662 |             479 |         22 |      Fixed 
   568 |  JC69 |         3 |    286 |               2 |          3 |      Fixed 
   569 |  JC69 |        13 |    918 |             713 |         23 |      Fixed 
   570 |  JC69 |         2 |    243 |               0 |          2 |      Fixed 
   571 |  JC69 |        15 |    286 |              29 |         23 |      Fixed 
   572 |  JC69 |        17 |    134 |               9 |          8 |      Fixed 
   573 |  JC69 |        20 |     87 |               6 |          4 |      Fixed 
   574 |  JC69 |         4 |    277 |               8 |          6 |      Fixed 
   575 |  JC69 |         2 |     44 |               0 |          1 |      Fixed 
   576 |  JC69 |        20 |    150 |               0 |          1 |      Fixed 
   577 |  JC69 |        19 |    100 |               3 |          4 |      Fixed 
   578 |  JC69 |         7 |    275 |              26 |         14 |      Fixed 
   579 |  JC69 |        20 |    111 |               4 |          5 |      Fixed 
   580 |  JC69 |        20 |    712 |             368 |         30 |      Fixed 
   581 |  JC69 |         5 |    282 |              16 |         10 |      Fixed 
   582 |  JC69 |         7 |    135 |               5 |          6 |      Fixed 
   583 |  JC69 |        19 |    124 |               4 |          4 |      Fixed 
   584 |  JC69 |        18 |    103 |               2 |          3 |      Fixed 
   585 |  JC69 |        10 |    149 |               6 |          4 |      Fixed 
   586 |  JC69 |         5 |    287 |              50 |         17 |      Fixed 
   587 |  JC69 |        20 |    271 |              60 |          8 |      Fixed 
   588 |  JC69 |        20 |    160 |               3 |          4 |      Fixed 
   589 |  JC69 |         2 |     36 |               0 |          1 |      Fixed 
   590 |  JC69 |        20 |    123 |               4 |          5 |      Fixed 
   591 |  JC69 |         2 |     43 |               0 |          1 |      Fixed 
   592 |  JC69 |        18 |     52 |               1 |          2 |      Fixed 
   593 |  JC69 |         2 |     78 |               3 |          3 |      Fixed 
   594 |  JC69 |        14 |    132 |               2 |          3 |      Fixed 
   595 |  JC69 |         5 |    243 |              19 |         10 |      Fixed 
   596 |  JC69 |         9 |    242 |              66 |          5 |      Fixed 
   597 |  JC69 |         4 |    163 |               0 |          3 |      Fixed 
   598 |  JC69 |        17 |    454 |              23 |         25 |      Fixed 
   599 |  JC69 |        20 |    123 |               5 |          2 |      Fixed 
   600 |  JC69 |        14 |    280 |             208 |          8 |      Fixed 
   601 |  JC69 |        17 |    271 |              10 |          8 |      Fixed 
   602 |  JC69 |         6 |    392 |              11 |          7 |      Fixed 
   603 |  JC69 |        11 |    282 |              27 |         18 |      Fixed 
   604 |  JC69 |        20 |    164 |              26 |         13 |      Fixed 
   605 |  JC69 |         2 |    281 |              16 |          7 |      Fixed 
   606 |  JC69 |         4 |    238 |              10 |          5 |      Fixed 
   607 |  JC69 |        16 |    707 |             317 |         22 |      Fixed 
   608 |  JC69 |        10 |    259 |               2 |          3 |      Fixed 
   609 |  JC69 |         6 |    207 |              93 |          7 |      Fixed 
   610 |  JC69 |        18 |    217 |              73 |          7 |      Fixed 
   611 |  JC69 |         2 |    265 |               7 |          3 |      Fixed 
   612 |  JC69 |        12 |    377 |             113 |         14 |      Fixed 
   613 |  JC69 |         2 |    279 |              27 |          5 |      Fixed 
   614 |  JC69 |        15 |    262 |              86 |         23 |      Fixed 
   615 |  JC69 |        19 |    168 |              11 |          9 |      Fixed 
   616 |  JC69 |        17 |     82 |               0 |          1 |      Fixed 
   617 |  JC69 |         5 |    444 |             181 |          9 |      Fixed 
   618 |  JC69 |         3 |    254 |               5 |          5 |      Fixed 
   619 |  JC69 |         5 |    198 |               0 |          4 |      Fixed 
   620 |  JC69 |         2 |    146 |               0 |          1 |      Fixed 
   621 |  JC69 |         2 |    175 |               0 |          2 |      Fixed 
   622 |  JC69 |         4 |    112 |               0 |          1 |      Fixed 
   623 |  JC69 |        15 |     92 |               7 |          8 |      Fixed 
   624 |  JC69 |         6 |    245 |               4 |          5 |      Fixed 
   625 |  JC69 |         3 |     79 |               0 |          1 |      Fixed 
   626 |  JC69 |        17 |    120 |               2 |          3 |      Fixed 
   627 |  JC69 |        20 |    149 |               4 |          5 |      Fixed 
   628 |  JC69 |        11 |    257 |              77 |         17 |      Fixed 
   629 |  JC69 |        20 |    129 |               1 |          2 |      Fixed 
   630 |  JC69 |         6 |    165 |               3 |          3 |      Fixed 
   631 |  JC69 |         6 |    281 |              65 |         13 |      Fixed 
   632 |  JC69 |        13 |     60 |               4 |          3 |      Fixed 
   633 |  JC69 |        17 |    254 |              16 |         14 |      Fixed 
   634 |  JC69 |         6 |    283 |               7 |          6 |      Fixed 
   635 |  JC69 |        20 |    221 |               4 |          5 |      Fixed 
   636 |  JC69 |         6 |    283 |              20 |         11 |      Fixed 
   637 |  JC69 |        12 |    170 |               6 |          5 |      Fixed 
   638 |  JC69 |         7 |     41 |               0 |          1 |      Fixed 
   639 |  JC69 |        20 |    399 |             177 |         21 |      Fixed 
   640 |  JC69 |         2 |    158 |               1 |          2 |      Fixed 
   641 |  JC69 |         4 |     44 |               0 |          1 |      Fixed 
   642 |  JC69 |        20 |     91 |               3 |          5 |      Fixed 
   643 |  JC69 |         4 |    253 |               8 |          8 |      Fixed 
   644 |  JC69 |        19 |    182 |               3 |          5 |      Fixed 
   645 |  JC69 |         7 |    290 |             166 |         11 |      Fixed 
   646 |  JC69 |         5 |    280 |              19 |         10 |      Fixed 
   647 |  JC69 |        20 |    292 |              94 |         24 |      Fixed 
   648 |  JC69 |        15 |    172 |              11 |          7 |      Fixed 
   649 |  JC69 |        18 |    318 |             117 |          9 |      Fixed 
   650 |  JC69 |        20 |    263 |             121 |         10 |      Fixed 
   651 |  JC69 |        17 |    117 |               0 |          2 |      Fixed 
   652 |  JC69 |        20 |    146 |               3 |          4 |      Fixed 
   653 |  JC69 |        18 |    308 |              13 |         12 |      Fixed 
   654 |  JC69 |         8 |    464 |              45 |         11 |      Fixed 
   655 |  JC69 |        20 |    348 |               8 |          5 |      Fixed 
   656 |  JC69 |         3 |    279 |               6 |          7 |      Fixed 
   657 |  JC69 |         3 |    240 |               4 |          3 |      Fixed 
   658 |  JC69 |        17 |    562 |             389 |         34 |      Fixed 
   659 |  JC69 |         9 |    170 |              11 |          5 |      Fixed 
   660 |  JC69 |         6 |    292 |              14 |          7 |      Fixed 
   661 |  JC69 |         3 |     64 |               0 |          1 |      Fixed 
   662 |  JC69 |        18 |    224 |               5 |          6 |      Fixed 
   663 |  JC69 |        20 |    312 |               8 |          7 |      Fixed 
   664 |  JC69 |         5 |    143 |              23 |          4 |      Fixed 
   665 |  JC69 |        18 |     72 |               1 |          2 |      Fixed 
   666 |  JC69 |        15 |   1092 |             395 |         26 |      Fixed 
   667 |  JC69 |        10 |     62 |               3 |          4 |      Fixed 
   668 |  JC69 |         7 |    129 |              14 |          5 |      Fixed 
   669 |  JC69 |         2 |     74 |               0 |          1 |      Fixed 
   670 |  JC69 |        16 |    166 |              89 |          5 |      Fixed 
   671 |  JC69 |        17 |    227 |              13 |         11 |      Fixed 
   672 |  JC69 |        20 |    217 |               3 |          5 |      Fixed 
   673 |  JC69 |        12 |     40 |               7 |          3 |      Fixed 
   674 |  JC69 |        17 |    140 |               3 |          4 |      Fixed 
   675 |  JC69 |        19 |    119 |               5 |          6 |      Fixed 
   676 |  JC69 |        15 |     45 |               0 |          1 |      Fixed 
   677 |  JC69 |         2 |    280 |               3 |          4 |      Fixed 
   678 |  JC69 |        20 |     86 |               1 |          2 |      Fixed 
   679 |  JC69 |         6 |    281 |              35 |         20 |      Fixed 
   680 |  JC69 |         3 |    137 |               2 |          2 |      Fixed 
   681 |  JC69 |         2 |    193 |               1 |          2 |      Fixed 
   682 |  JC69 |        20 |     50 |               2 |          3 |      Fixed 
   683 |  JC69 |        10 |    286 |              26 |         16 |      Fixed 
   684 |  JC69 |        16 |    132 |              10 |         10 |      Fixed 
   685 |  JC69 |        10 |    246 |               1 |          4 |      Fixed 
   686 |  JC69 |         7 |    199 |              16 |          7 |      Fixed 
   687 |  JC69 |         2 |    248 |               1 |          2 |      Fixed 
   688 |  JC69 |        20 |    162 |               3 |          4 |      Fixed 
   689 |  JC69 |        20 |    172 |              51 |          7 |      Fixed 
   690 |  JC69 |        17 |    204 |              88 |          9 |      Fixed 
   691 |  JC69 |         7 |     80 |               5 |          3 |      Fixed 
   692 |  JC69 |        20 |    136 |               4 |          5 |      Fixed 
   693 |  JC69 |         2 |     46 |               0 |          1 |      Fixed 
   694 |  JC69 |        18 |    210 |               9 |          7 |      Fixed 
   695 |  JC69 |         3 |    278 |               9 |          7 |      Fixed 
   696 |  JC69 |         5 |    161 |               2 |          3 |      Fixed 
   697 |  JC69 |        14 |    131 |               4 |          5 |      Fixed 
   698 |  JC69 |        20 |    112 |               7 |          6 |      Fixed 
   699 |  JC69 |        18 |    149 |               5 |          4 |      Fixed 
   700 |  JC69 |         4 |    201 |               2 |          3 |      Fixed 
   701 |  JC69 |        17 |    683 |             486 |         27 |      Fixed 
   702 |  JC69 |         2 |    283 |               4 |          3 |      Fixed 
   703 |  JC69 |        20 |    208 |               8 |          9 |      Fixed 
   704 |  JC69 |        16 |    145 |              15 |         14 |      Fixed 
   705 |  JC69 |        13 |    120 |               8 |          7 |      Fixed 
   706 |  JC69 |         2 |     98 |               2 |          3 |      Fixed 
   707 |  JC69 |        17 |    192 |               8 |          5 |      Fixed 
   708 |  JC69 |        20 |    238 |              76 |          9 |      Fixed 
   709 |  JC69 |         7 |     67 |               0 |          1 |      Fixed 
   710 |  JC69 |        20 |    249 |              49 |          6 |      Fixed 
   711 |  JC69 |        18 |    261 |              11 |          8 |      Fixed 
   712 |  JC69 |         2 |    276 |              90 |          4 |      Fixed 
   713 |  JC69 |         2 |    273 |               2 |          4 |      Fixed 
   714 |  JC69 |        18 |    311 |             135 |         10 |      Fixed 
   715 |  JC69 |        19 |     65 |               3 |          4 |      Fixed 
   716 |  JC69 |        19 |    105 |               4 |          4 |      Fixed 
   717 |  JC69 |        20 |    566 |             281 |         19 |      Fixed 
   718 |  JC69 |         6 |     42 |               1 |          2 |      Fixed 
   719 |  JC69 |        10 |     61 |              12 |          9 |      Fixed 
   720 |  JC69 |        20 |    477 |              63 |         10 |      Fixed 
   721 |  JC69 |        10 |    136 |              42 |          4 |      Fixed 
   722 |  JC69 |         2 |    278 |               6 |          4 |      Fixed 
   723 |  JC69 |        18 |     74 |               7 |          4 |      Fixed 
   724 |  JC69 |        13 |     89 |               5 |          5 |      Fixed 
   725 |  JC69 |        20 |     66 |               2 |          3 |      Fixed 
   726 |  JC69 |        19 |    180 |              54 |          7 |      Fixed 
   727 |  JC69 |         8 |    557 |             426 |         21 |      Fixed 
   728 |  JC69 |         7 |    212 |               2 |          3 |      Fixed 
   729 |  JC69 |        12 |    119 |               1 |          2 |      Fixed 
   730 |  JC69 |        12 |    283 |              11 |         11 |      Fixed 
   731 |  JC69 |        16 |    132 |               5 |          4 |      Fixed 
   732 |  JC69 |        20 |    501 |             501 |         23 |      Fixed 
   733 |  JC69 |        20 |    605 |             209 |         25 |      Fixed 
   734 |  JC69 |         4 |    279 |              26 |          9 |      Fixed 
   735 |  JC69 |         6 |     92 |               7 |          4 |      Fixed 
   736 |  JC69 |         7 |    189 |               1 |          2 |      Fixed 
   737 |  JC69 |         2 |    141 |               0 |          1 |      Fixed 
   738 |  JC69 |        19 |    172 |               2 |          3 |      Fixed 
   739 |  JC69 |        18 |    182 |               5 |          7 |      Fixed 
   740 |  JC69 |         4 |    282 |               5 |          4 |      Fixed 
   741 |  JC69 |         3 |     89 |               0 |          1 |      Fixed 
   742 |  JC69 |        13 |    283 |              24 |         16 |      Fixed 
   743 |  JC69 |        20 |    438 |              82 |         13 |      Fixed 
   744 |  JC69 |        16 |    221 |              10 |         10 |      Fixed 
   745 |  JC69 |         8 |    111 |               0 |          1 |      Fixed 
   746 |  JC69 |        20 |    144 |              71 |          5 |      Fixed 
   747 |  JC69 |        17 |    108 |               1 |          2 |      Fixed 
   748 |  JC69 |        17 |    349 |              98 |         21 |      Fixed 
   749 |  JC69 |        19 |     61 |               1 |          2 |      Fixed 
   750 |  JC69 |        20 |     70 |               4 |          5 |      Fixed 
   751 |  JC69 |        20 |    111 |               6 |          7 |      Fixed 
   752 |  JC69 |         7 |    130 |               3 |          3 |      Fixed 
   753 |  JC69 |        19 |    536 |             268 |          9 |      Fixed 
   754 |  JC69 |         2 |     54 |               0 |          1 |      Fixed 
   755 |  JC69 |         2 |     83 |               0 |          1 |      Fixed 
   756 |  JC69 |         4 |    246 |               6 |          6 |      Fixed 
   757 |  JC69 |         5 |     99 |               1 |          3 |      Fixed 
   758 |  JC69 |        20 |    304 |               6 |          8 |      Fixed 
   759 |  JC69 |        17 |    406 |              26 |         18 |      Fixed 
   760 |  JC69 |         2 |     64 |               0 |          2 |      Fixed 
   761 |  JC69 |        16 |    107 |               6 |          7 |      Fixed 
   762 |  JC69 |        12 |    456 |             241 |         16 |      Fixed 
   763 |  JC69 |         7 |    153 |               5 |          4 |      Fixed 
   764 |  JC69 |        10 |     53 |               2 |          3 |      Fixed 
   765 |  JC69 |         2 |    197 |               1 |          2 |      Fixed 
   766 |  JC69 |        20 |    221 |               1 |          2 |      Fixed 
   767 |  JC69 |        17 |    102 |               4 |          4 |      Fixed 
   768 |  JC69 |         4 |    282 |              10 |          6 |      Fixed 
   769 |  JC69 |         6 |    223 |              15 |          7 |      Fixed 
   770 |  JC69 |        20 |    113 |               4 |          3 |      Fixed 
   771 |  JC69 |         2 |     94 |               0 |          1 |      Fixed 
   772 |  JC69 |         5 |    112 |               2 |          2 |      Fixed 
   773 |  JC69 |        16 |    180 |               7 |          5 |      Fixed 
   774 |  JC69 |        20 |    179 |               1 |          2 |      Fixed 
   775 |  JC69 |        20 |    161 |               4 |          6 |      Fixed 
   776 |  JC69 |        20 |    743 |             381 |         39 |      Fixed 
   777 |  JC69 |         3 |    281 |               5 |          5 |      Fixed 
   778 |  JC69 |         5 |    223 |              15 |          8 |      Fixed 
   779 |  JC69 |         4 |    281 |              25 |         11 |      Fixed 
   780 |  JC69 |        17 |     73 |               1 |          3 |      Fixed 
   781 |  JC69 |        11 |    257 |              14 |         10 |      Fixed 
   782 |  JC69 |        14 |     83 |               0 |          1 |      Fixed 
   783 |  JC69 |        10 |     63 |              15 |          5 |      Fixed 
   784 |  JC69 |        20 |    361 |             160 |          9 |      Fixed 
   785 |  JC69 |        11 |    281 |              32 |         23 |      Fixed 
   786 |  JC69 |        12 |    524 |             288 |         27 |      Fixed 
   787 |  JC69 |        16 |    317 |             103 |          7 |      Fixed 
   788 |  JC69 |         4 |    281 |              27 |          7 |      Fixed 
   789 |  JC69 |        15 |    102 |               1 |          2 |      Fixed 
   790 |  JC69 |        20 |    161 |               5 |          7 |      Fixed 
   791 |  JC69 |        19 |    376 |             129 |         13 |      Fixed 
   792 |  JC69 |        18 |    190 |             111 |         10 |      Fixed 
   793 |  JC69 |         5 |     79 |               1 |          4 |      Fixed 
   794 |  JC69 |        14 |    102 |               3 |          4 |      Fixed 
   795 |  JC69 |        15 |    141 |              13 |          4 |      Fixed 
   796 |  JC69 |         6 |     95 |               6 |          4 |      Fixed 
   797 |  JC69 |        20 |    127 |               3 |          4 |      Fixed 
   798 |  JC69 |         3 |    270 |              40 |         19 |      Fixed 
   799 |  JC69 |         5 |    234 |              97 |          5 |      Fixed 
   800 |  JC69 |         6 |    118 |               1 |          2 |      Fixed 
   801 |  JC69 |        15 |    288 |              26 |         19 |      Fixed 
   802 |  JC69 |        20 |     98 |               2 |          3 |      Fixed 
   803 |  JC69 |        19 |    520 |             190 |         16 |      Fixed 
   804 |  JC69 |        20 |    128 |               5 |          6 |      Fixed 
   805 |  JC69 |        18 |    353 |              16 |         14 |      Fixed 
   806 |  JC69 |        20 |    171 |              69 |          7 |      Fixed 
   807 |  JC69 |         5 |    282 |               9 |          9 |      Fixed 
   808 |  JC69 |        17 |    292 |              32 |         19 |      Fixed 
   809 |  JC69 |        20 |     61 |               5 |          6 |      Fixed 
   810 |  JC69 |        20 |     61 |               1 |          2 |      Fixed 
   811 |  JC69 |        20 |    360 |             178 |         12 |      Fixed 
   812 |  JC69 |        17 |     65 |               2 |          2 |      Fixed 
   813 |  JC69 |         4 |     41 |               0 |          2 |      Fixed 
   814 |  JC69 |         2 |    276 |              15 |          4 |      Fixed 
   815 |  JC69 |        19 |    392 |              32 |         17 |      Fixed 
   816 |  JC69 |        15 |    284 |              21 |         19 |      Fixed 
   817 |  JC69 |        16 |    167 |               9 |         11 |      Fixed 
   818 |  JC69 |         4 |     88 |               0 |          1 |      Fixed 
   819 |  JC69 |        20 |    119 |               0 |          1 |      Fixed 
   820 |  JC69 |        20 |    240 |               6 |          7 |      Fixed 
   821 |  JC69 |         7 |    147 |               1 |          5 |      Fixed 
   822 |  JC69 |         2 |    288 |              68 |          5 |      Fixed 
   823 |  JC69 |        10 |    179 |              11 |         10 |      Fixed 
   824 |  JC69 |         3 |     37 |               0 |          1 |      Fixed 
   825 |  JC69 |        10 |    391 |             122 |         15 |      Fixed 
   826 |  JC69 |        18 |    800 |             652 |         26 |      Fixed 
   827 |  JC69 |        20 |    117 |               2 |          3 |      Fixed 
   828 |  JC69 |         2 |    278 |              34 |          5 |      Fixed 
   829 |  JC69 |         3 |    282 |              80 |          9 |      Fixed 
   830 |  JC69 |         3 |    282 |              40 |          5 |      Fixed 
   831 |  JC69 |        20 |    116 |               1 |          2 |      Fixed 
   832 |  JC69 |        20 |    594 |             212 |         16 |      Fixed 
   833 |  JC69 |        13 |    187 |              15 |         12 |      Fixed 
   834 |  JC69 |         8 |    217 |               6 |          7 |      Fixed 
   835 |  JC69 |         2 |     62 |              15 |          2 |      Fixed 
   836 |  JC69 |         5 |    176 |               0 |          2 |      Fixed 
   837 |  JC69 |        17 |    152 |              14 |          7 |      Fixed 
   838 |  JC69 |         2 |    164 |               0 |          1 |      Fixed 
   839 |  JC69 |         2 |    147 |               0 |          1 |      Fixed 
   840 |  JC69 |         7 |    272 |              11 |         11 |      Fixed 
   841 |  JC69 |         3 |    280 |               8 |          5 |      Fixed 
   842 |  JC69 |        20 |    592 |             294 |         28 |      Fixed 
   843 |  JC69 |         7 |    268 |              18 |         11 |      Fixed 
   844 |  JC69 |        20 |    223 |              10 |          7 |      Fixed 
   845 |  JC69 |        12 |    334 |             121 |         14 |      Fixed 
   846 |  JC69 |         5 |    268 |               9 |          7 |      Fixed 
   847 |  JC69 |         9 |    533 |              22 |         15 |      Fixed 
   848 |  JC69 |        11 |    146 |               4 |          5 |      Fixed 
   849 |  JC69 |         5 |    280 |              24 |         15 |      Fixed 
   850 |  JC69 |        10 |     60 |               8 |          7 |      Fixed 
   851 |  JC69 |        19 |     77 |               5 |          4 |      Fixed 
   852 |  JC69 |         3 |    264 |               2 |          3 |      Fixed 
   853 |  JC69 |         5 |    483 |             212 |         10 |      Fixed 
   854 |  JC69 |        10 |    263 |              83 |         30 |      Fixed 
   855 |  JC69 |        20 |    123 |               3 |          4 |      Fixed 
   856 |  JC69 |        19 |    185 |               4 |          5 |      Fixed 
   857 |  JC69 |         3 |    281 |              20 |          7 |      Fixed 
   858 |  JC69 |        20 |    956 |             337 |         30 |      Fixed 
   859 |  JC69 |         2 |    284 |              12 |          3 |      Fixed 
   860 |  JC69 |        20 |     78 |               4 |          5 |      Fixed 
   861 |  JC69 |        10 |    271 |              33 |         16 |      Fixed 
   862 |  JC69 |         2 |    188 |               2 |          3 |      Fixed 
   863 |  JC69 |        20 |    383 |             188 |         14 |      Fixed 
   864 |  JC69 |         5 |    345 |              86 |          7 |      Fixed 
   865 |  JC69 |         3 |    278 |              25 |         13 |      Fixed 
   866 |  JC69 |        11 |    281 |             208 |         35 |      Fixed 
   867 |  JC69 |        11 |    270 |              25 |         23 |      Fixed 
   868 |  JC69 |         2 |    230 |              77 |          3 |      Fixed 
   869 |  JC69 |        18 |    189 |              92 |          5 |      Fixed 
   870 |  JC69 |        12 |    303 |             126 |         13 |      Fixed 
   871 |  JC69 |        19 |    129 |               3 |          4 |      Fixed 
   872 |  JC69 |        20 |    130 |               2 |          3 |      Fixed 
   873 |  JC69 |        20 |    168 |               4 |          5 |      Fixed 
   874 |  JC69 |        20 |     56 |               4 |          6 |      Fixed 
   875 |  JC69 |        18 |    281 |              23 |         10 |      Fixed 
   876 |  JC69 |        17 |    259 |               3 |          4 |      Fixed 
   877 |  JC69 |        17 |    232 |              15 |         12 |      Fixed 
   878 |  JC69 |        19 |    150 |              16 |          6 |      Fixed 
   879 |  JC69 |        20 |     96 |               1 |          2 |      Fixed 
   880 |  JC69 |         2 |    280 |               0 |          1 |      Fixed 
   881 |  JC69 |         9 |    125 |               5 |          5 |      Fixed 
   882 |  JC69 |         3 |    217 |               0 |          1 |      Fixed 
   883 |  JC69 |         4 |    278 |               1 |          2 |      Fixed 
   884 |  JC69 |        10 |     43 |               2 |          3 |      Fixed 
   885 |  JC69 |        20 |    364 |             102 |         25 |      Fixed 
   886 |  JC69 |         6 |    141 |               0 |          1 |      Fixed 
   887 |  JC69 |        16 |    289 |             101 |         19 |      Fixed 
   888 |  JC69 |        20 |    299 |             135 |          8 |      Fixed 
   889 |  JC69 |        20 |    271 |              67 |         11 |      Fixed 
   890 |  JC69 |        20 |     96 |               1 |          2 |      Fixed 
   891 |  JC69 |        14 |     76 |               8 |          4 |      Fixed 
   892 |  JC69 |        10 |    371 |             116 |         19 |      Fixed 
   893 |  JC69 |        18 |    133 |               5 |          6 |      Fixed 
   894 |  JC69 |         6 |    237 |               3 |          4 |      Fixed 
   895 |  JC69 |        10 |    204 |              11 |         10 |      Fixed 
   896 |  JC69 |        14 |    657 |             657 |         24 |      Fixed 
   897 |  JC69 |         3 |     41 |               0 |          1 |      Fixed 
   898 |  JC69 |         5 |    279 |              19 |         10 |      Fixed 
   899 |  JC69 |        14 |    366 |             107 |         27 |      Fixed 
   900 |  JC69 |         2 |    276 |               9 |          3 |      Fixed 
   901 |  JC69 |         6 |    285 |              53 |         22 |      Fixed 
   902 |  JC69 |        20 |    124 |               6 |          7 |      Fixed 
   903 |  JC69 |         2 |    286 |              39 |          6 |      Fixed 
   904 |  JC69 |         4 |     93 |               6 |          6 |      Fixed 
   905 |  JC69 |         9 |    116 |              15 |          4 |      Fixed 
   906 |  JC69 |        18 |    159 |               3 |          4 |      Fixed 
   907 |  JC69 |         5 |    119 |               0 |          1 |      Fixed 
   908 |  JC69 |        12 |    467 |              37 |         22 |      Fixed 
   909 |  JC69 |        19 |     92 |               6 |          7 |      Fixed 
   910 |  JC69 |         5 |    276 |              49 |          5 |      Fixed 
   911 |  JC69 |        14 |    718 |             471 |         32 |      Fixed 
   912 |  JC69 |        18 |    238 |              10 |          8 |      Fixed 
   913 |  JC69 |         3 |     44 |               0 |          1 |      Fixed 
   914 |  JC69 |         2 |    280 |              17 |          7 |      Fixed 
   915 |  JC69 |        20 |    154 |               2 |          3 |      Fixed 
   916 |  JC69 |        12 |    281 |              47 |         14 |      Fixed 
   917 |  JC69 |         6 |    282 |              14 |          9 |      Fixed 
   918 |  JC69 |         2 |    279 |               9 |          4 |      Fixed 
   919 |  JC69 |         9 |    261 |              35 |         10 |      Fixed 
   920 |  JC69 |         2 |    281 |               3 |          3 |      Fixed 
   921 |  JC69 |        20 |     83 |               2 |          3 |      Fixed 
   922 |  JC69 |        17 |    353 |               8 |          9 |      Fixed 
   923 |  JC69 |        11 |    256 |              22 |         12 |      Fixed 
   924 |  JC69 |        17 |    350 |             196 |         21 |      Fixed 
   925 |  JC69 |         5 |    283 |              12 |          8 |      Fixed 
   926 |  JC69 |        19 |    108 |               7 |          8 |      Fixed 
   927 |  JC69 |         2 |    271 |               0 |          1 |      Fixed 
   928 |  JC69 |        10 |    426 |             160 |         10 |      Fixed 
   929 |  JC69 |        19 |    322 |             125 |         14 |      Fixed 
   930 |  JC69 |         9 |    112 |               0 |          1 |      Fixed 
   931 |  JC69 |         5 |     68 |               4 |          2 |      Fixed 
   932 |  JC69 |        17 |     78 |               0 |          1 |      Fixed 
   933 |  JC69 |         4 |    107 |               1 |          2 |      Fixed 
   934 |  JC69 |        13 |    115 |              16 |          3 |      Fixed 
   935 |  JC69 |        15 |    433 |             169 |         16 |      Fixed 
   936 |  JC69 |         7 |    569 |             297 |         18 |      Fixed 
   937 |  JC69 |        20 |    152 |               1 |          2 |      Fixed 
   938 |  JC69 |        16 |    166 |               2 |          3 |      Fixed 
   939 |  JC69 |         2 |    210 |               0 |          1 |      Fixed 
   940 |  JC69 |        13 |    284 |              24 |         16 |      Fixed 
   941 |  JC69 |         4 |    151 |               0 |          1 |      Fixed 
   942 |  JC69 |        15 |    312 |              19 |         15 |      Fixed 
   943 |  JC69 |        12 |    104 |               6 |          3 |      Fixed 
   944 |  JC69 |        20 |    124 |               1 |          2 |      Fixed 
   945 |  JC69 |        19 |    574 |              39 |         29 |      Fixed 
   946 |  JC69 |        20 |    337 |              62 |         11 |      Fixed 
   947 |  JC69 |        20 |    356 |              90 |         12 |      Fixed 
   948 |  JC69 |         4 |    286 |              19 |          9 |      Fixed 
   949 |  JC69 |        15 |     74 |               2 |          3 |      Fixed 
   950 |  JC69 |         6 |    283 |              59 |          4 |      Fixed 
   951 |  JC69 |        20 |    238 |              68 |          7 |      Fixed 
   952 |  JC69 |        13 |    273 |              12 |         11 |      Fixed 
   953 |  JC69 |         3 |    281 |              18 |         11 |      Fixed 
   954 |  JC69 |        19 |    162 |               2 |          3 |      Fixed 
   955 |  JC69 |        20 |    192 |               3 |          4 |      Fixed 
   956 |  JC69 |        20 |    110 |               1 |          2 |      Fixed 
   957 |  JC69 |         4 |    215 |               9 |          6 |      Fixed 
   958 |  JC69 |        20 |    168 |               3 |          4 |      Fixed 
   959 |  JC69 |         5 |    557 |             279 |          8 |      Fixed 
   960 |  JC69 |        15 |    148 |              77 |         10 |      Fixed 
   961 |  JC69 |         6 |    279 |             112 |          7 |      Fixed 
   962 |  JC69 |        19 |     68 |               2 |          3 |      Fixed 
   963 |  JC69 |         8 |    403 |              16 |         14 |      Fixed 
   964 |  JC69 |        12 |    285 |              64 |         19 |      Fixed 
   965 |  JC69 |         7 |    111 |              11 |          6 |      Fixed 
   966 |  JC69 |        20 |     75 |               0 |          1 |      Fixed 
   967 |  JC69 |        20 |     53 |               0 |          1 |      Fixed 
   968 |  JC69 |        19 |    340 |              87 |         13 |      Fixed 
   969 |  JC69 |         3 |     45 |               0 |          1 |      Fixed 
   970 |  JC69 |        19 |     63 |               5 |          4 |      Fixed 
   971 |  JC69 |         4 |    284 |              23 |          6 |      Fixed 
   972 |  JC69 |         5 |    285 |              14 |          8 |      Fixed 
   973 |  JC69 |        20 |     49 |               2 |          3 |      Fixed 
   974 |  JC69 |        20 |    360 |             145 |          9 |      Fixed 
   975 |  JC69 |         4 |    278 |             103 |          7 |      Fixed 
   976 |  JC69 |        16 |    197 |              13 |          6 |      Fixed 
   977 |  JC69 |        16 |    135 |               1 |          2 |      Fixed 
   978 |  JC69 |        18 |    286 |              33 |         27 |      Fixed 
   979 |  JC69 |        20 |    391 |             222 |         12 |      Fixed 
   980 |  JC69 |        18 |     78 |               4 |          5 |      Fixed 
   981 |  JC69 |        16 |    551 |             254 |         29 |      Fixed 
   982 |  JC69 |        18 |     64 |               0 |          1 |      Fixed 
   983 |  JC69 |        20 |     84 |               2 |          3 |      Fixed 
   984 |  JC69 |         7 |    183 |              13 |          7 |      Fixed 
   985 |  JC69 |         6 |    319 |             132 |          6 |      Fixed 
   986 |  JC69 |         3 |    281 |               4 |          4 |      Fixed 
   987 |  JC69 |        20 |    102 |               1 |          2 |      Fixed 
   988 |  JC69 |         4 |    258 |              13 |          3 |      Fixed 
   989 |  JC69 |        20 |    194 |               0 |          1 |      Fixed 
   990 |  JC69 |        19 |    129 |              17 |          2 |      Fixed 
   991 |  JC69 |         2 |    102 |               0 |          1 |      Fixed 
   992 |  JC69 |         2 |    163 |               0 |          1 |      Fixed 
   993 |  JC69 |        15 |     87 |               1 |          2 |      Fixed 
   994 |  JC69 |         8 |    351 |              13 |         11 |      Fixed 
   995 |  JC69 |        18 |    833 |             563 |         27 |      Fixed 
   996 |  JC69 |         6 |     53 |               0 |          1 |      Fixed 
   997 |  JC69 |        18 |    390 |              21 |         22 |      Fixed 
   998 |  JC69 |        20 |     80 |               1 |          2 |      Fixed 
   999 |  JC69 |        20 |    186 |               5 |          4 |      Fixed 
  1000 |  JC69 |        15 |    717 |             576 |         29 |      Fixed 
  1001 |  JC69 |        20 |    198 |               7 |          8 |      Fixed 
  1002 |  JC69 |         3 |    250 |              28 |          9 |      Fixed 
  1003 |  JC69 |         3 |     47 |               0 |          1 |      Fixed 
  1004 |  JC69 |        20 |    171 |              84 |          9 |      Fixed 
  1005 |  JC69 |        20 |    478 |             250 |         15 |      Fixed 
  1006 |  JC69 |        12 |    163 |               6 |          7 |      Fixed 
  1007 |  JC69 |         9 |    282 |              29 |         11 |      Fixed 
  1008 |  JC69 |        15 |    209 |               5 |          6 |      Fixed 
  1009 |  JC69 |        20 |    253 |             132 |          9 |      Fixed 
  1010 |  JC69 |         6 |    264 |               5 |          5 |      Fixed 
  1011 |  JC69 |        18 |     51 |               2 |          2 |      Fixed 
  1012 |  JC69 |        20 |    151 |              16 |          6 |      Fixed 
  1013 |  JC69 |         9 |    374 |              82 |         12 |      Fixed 
  1014 |  JC69 |         9 |     86 |               0 |          1 |      Fixed 
  1015 |  JC69 |         4 |     81 |               1 |          2 |      Fixed 
  1016 |  JC69 |        20 |    114 |              10 |         11 |      Fixed 
  1017 |  JC69 |        20 |    146 |               7 |          6 |      Fixed 
  1018 |  JC69 |        15 |    464 |             332 |         17 |      Fixed 
  1019 |  JC69 |         6 |    240 |               4 |          6 |      Fixed 
  1020 |  JC69 |        13 |    282 |               9 |         10 |      Fixed 
  1021 |  JC69 |         4 |    167 |               3 |          4 |      Fixed 
  1022 |  JC69 |         4 |     65 |               0 |          2 |      Fixed 
  1023 |  JC69 |         3 |    100 |              14 |          2 |      Fixed 
  1024 |  JC69 |         5 |    273 |              63 |          5 |      Fixed 
  1025 |  JC69 |        20 |    149 |              10 |          8 |      Fixed 
  1026 |  JC69 |        18 |     61 |               1 |          2 |      Fixed 
  1027 |  JC69 |        19 |    148 |              10 |          9 |      Fixed 
  1028 |  JC69 |        19 |    166 |               4 |          5 |      Fixed 
  1029 |  JC69 |         4 |    281 |              62 |         11 |      Fixed 
  1030 |  JC69 |        18 |    986 |             492 |         26 |      Fixed 
  1031 |  JC69 |         8 |    457 |             198 |         17 |      Fixed 
  1032 |  JC69 |        20 |    626 |             304 |         26 |      Fixed 
  1033 |  JC69 |        20 |    214 |               8 |          6 |      Fixed 
  1034 |  JC69 |        20 |    518 |              76 |         15 |      Fixed 
  1035 |  JC69 |        10 |    211 |              19 |          7 |      Fixed 
  1036 |  JC69 |        16 |     56 |              11 |          4 |      Fixed 
  1037 |  JC69 |         2 |    282 |               4 |          4 |      Fixed 
  1038 |  JC69 |        18 |    254 |             114 |          8 |      Fixed 
  1039 |  JC69 |         9 |    123 |               0 |          1 |      Fixed 
  1040 |  JC69 |        20 |    588 |             427 |         28 |      Fixed 
  1041 |  JC69 |        11 |    280 |              93 |         14 |      Fixed 
  1042 |  JC69 |        12 |     73 |               3 |          3 |      Fixed 
  1043 |  JC69 |        11 |    222 |             146 |          9 |      Fixed 
  1044 |  JC69 |        12 |    263 |              40 |         15 |      Fixed 
  1045 |  JC69 |        15 |    254 |              98 |         19 |      Fixed 
  1046 |  JC69 |        15 |    260 |               9 |          8 |      Fixed 
  1047 |  JC69 |        14 |    291 |              27 |         18 |      Fixed 
  1048 |  JC69 |         7 |    266 |              12 |         12 |      Fixed 
  1049 |  JC69 |         2 |    257 |              11 |          3 |      Fixed 
  1050 |  JC69 |        18 |    146 |               8 |          8 |      Fixed 
  1051 |  JC69 |         5 |    509 |             237 |          4 |      Fixed 
  1052 |  JC69 |        10 |    233 |               8 |          7 |      Fixed 
  1053 |  JC69 |         2 |    282 |               7 |          3 |      Fixed 
  1054 |  JC69 |        14 |    283 |              14 |         13 |      Fixed 
  1055 |  JC69 |        20 |    181 |               7 |          8 |      Fixed 
  1056 |  JC69 |        17 |    255 |               8 |          7 |      Fixed 
  1057 |  JC69 |         6 |    245 |               5 |          5 |      Fixed 
  1058 |  JC69 |        10 |    282 |              27 |         23 |      Fixed 
  1059 |  JC69 |        19 |    168 |              40 |         15 |      Fixed 
  1060 |  JC69 |        10 |    234 |              15 |         10 |      Fixed 
  1061 |  JC69 |         3 |    265 |              13 |          4 |      Fixed 
  1062 |  JC69 |        20 |    274 |               4 |          5 |      Fixed 
  1063 |  JC69 |        20 |    830 |             385 |         35 |      Fixed 
  1064 |  JC69 |        20 |    240 |               8 |          9 |      Fixed 
  1065 |  JC69 |        13 |    282 |              15 |          9 |      Fixed 
  1066 |  JC69 |         8 |    211 |              17 |          8 |      Fixed 
  1067 |  JC69 |        19 |    178 |              12 |         13 |      Fixed 
  1068 |  JC69 |        20 |    142 |               4 |          3 |      Fixed 
  1069 |  JC69 |        18 |    520 |             232 |         16 |      Fixed 
  1070 |  JC69 |         3 |    162 |               1 |          2 |      Fixed 
  1071 |  JC69 |        17 |    837 |             335 |         39 |      Fixed 
  1072 |  JC69 |        17 |    147 |               6 |          7 |      Fixed 
  1073 |  JC69 |        20 |     65 |               2 |          3 |      Fixed 
  1074 |  JC69 |        11 |    367 |             122 |         21 |      Fixed 
  1075 |  JC69 |        17 |    623 |             495 |         22 |      Fixed 
  1076 |  JC69 |        18 |    167 |               2 |          3 |      Fixed 
  1077 |  JC69 |        20 |    201 |               4 |          5 |      Fixed 
  1078 |  JC69 |        17 |    254 |               7 |          8 |      Fixed 
  1079 |  JC69 |        17 |    292 |              22 |         13 |      Fixed 
  1080 |  JC69 |        13 |     73 |               1 |          2 |      Fixed 
  1081 |  JC69 |        19 |    218 |               8 |          8 |      Fixed 
  1082 |  JC69 |        20 |   1230 |             725 |         41 |      Fixed 
  1083 |  JC69 |        17 |    207 |              93 |         11 |      Fixed 
  1084 |  JC69 |        20 |    265 |               7 |          7 |      Fixed 
  1085 |  JC69 |        20 |    171 |              14 |         12 |      Fixed 
  1086 |  JC69 |        12 |    146 |               4 |          4 |      Fixed 
  1087 |  JC69 |        20 |    175 |               0 |          1 |      Fixed 
  1088 |  JC69 |         7 |    264 |               1 |          2 |      Fixed 
  1089 |  JC69 |        17 |    793 |             461 |         32 |      Fixed 
  1090 |  JC69 |        14 |    237 |              80 |         10 |      Fixed 
  1091 |  JC69 |        12 |    454 |              26 |          9 |      Fixed 
  1092 |  JC69 |         4 |     55 |               0 |          1 |      Fixed 
  1093 |  JC69 |        13 |     91 |              11 |          2 |      Fixed 
  1094 |  JC69 |         9 |    342 |              93 |         18 |      Fixed 
  1095 |  JC69 |         6 |     87 |              10 |          6 |      Fixed 
  1096 |  JC69 |        20 |    716 |             299 |         30 |      Fixed 
  1097 |  JC69 |        19 |    630 |             332 |         22 |      Fixed 
  1098 |  JC69 |        20 |    237 |               1 |          2 |      Fixed 
  1099 |  JC69 |        19 |     81 |               1 |          2 |      Fixed 
  1100 |  JC69 |         3 |    280 |               9 |          6 |      Fixed 
  1101 |  JC69 |         2 |     98 |               0 |          2 |      Fixed 
  1102 |  JC69 |         4 |    216 |              15 |          4 |      Fixed 
  1103 |  JC69 |         8 |    273 |              97 |          4 |      Fixed 
  1104 |  JC69 |        12 |     92 |               2 |          3 |      Fixed 
  1105 |  JC69 |         2 |    186 |               0 |          1 |      Fixed 
  1106 |  JC69 |         5 |    282 |              10 |          7 |      Fixed 
  1107 |  JC69 |        13 |     71 |               6 |          3 |      Fixed 
  1108 |  JC69 |         8 |    244 |               4 |          5 |      Fixed 
  1109 |  JC69 |        18 |    287 |              29 |         20 |      Fixed 
  1110 |  JC69 |         3 |    227 |               0 |          1 |      Fixed 
  1111 |  JC69 |        20 |    112 |              10 |          5 |      Fixed 
  1112 |  JC69 |        18 |    641 |             432 |         39 |      Fixed 
  1113 |  JC69 |        17 |    279 |              71 |         16 |      Fixed 
  1114 |  JC69 |         2 |    276 |              11 |          3 |      Fixed 
  1115 |  JC69 |         4 |    285 |              43 |         13 |      Fixed 
  1116 |  JC69 |         2 |    282 |               7 |          4 |      Fixed 
  1117 |  JC69 |        18 |    178 |               5 |          7 |      Fixed 
  1118 |  JC69 |        17 |    532 |             263 |         20 |      Fixed 
  1119 |  JC69 |         2 |    279 |              17 |          4 |      Fixed 
  1120 |  JC69 |        16 |    124 |               7 |          7 |      Fixed 
  1121 |  JC69 |        11 |    278 |              39 |          9 |      Fixed 
  1122 |  JC69 |        15 |    149 |              14 |         11 |      Fixed 
  1123 |  JC69 |        17 |     94 |               3 |          4 |      Fixed 
  1124 |  JC69 |        19 |     72 |               3 |          4 |      Fixed 
  1125 |  JC69 |         3 |    164 |               0 |          1 |      Fixed 
  1126 |  JC69 |        20 |    179 |               2 |          3 |      Fixed 
  1127 |  JC69 |        20 |    154 |               8 |          9 |      Fixed 
  1128 |  JC69 |        14 |    158 |               2 |          2 |      Fixed 
  1129 |  JC69 |        20 |    219 |               1 |          2 |      Fixed 
  1130 |  JC69 |         3 |     87 |               0 |          1 |      Fixed 
  1131 |  JC69 |         9 |    145 |              16 |         16 |      Fixed 
  1132 |  JC69 |        19 |    124 |              55 |         10 |      Fixed 
  1133 |  JC69 |         2 |    280 |              11 |          4 |      Fixed 
  1134 |  JC69 |         6 |    134 |               0 |          1 |      Fixed 
  1135 |  JC69 |        16 |     72 |               9 |          8 |      Fixed 
  1136 |  JC69 |        19 |    234 |              94 |          4 |      Fixed 
  1137 |  JC69 |        20 |    153 |               0 |          1 |      Fixed 
  1138 |  JC69 |        20 |    305 |              12 |         11 |      Fixed 
  1139 |  JC69 |        17 |     61 |               0 |          1 |      Fixed 
  1140 |  JC69 |        20 |    105 |               3 |          4 |      Fixed 
  1141 |  JC69 |        20 |    974 |             536 |         42 |      Fixed 
  1142 |  JC69 |        18 |     63 |               2 |          3 |      Fixed 
  1143 |  JC69 |         4 |    126 |               1 |          2 |      Fixed 
  1144 |  JC69 |        20 |    408 |              41 |         25 |      Fixed 
  1145 |  JC69 |        14 |     51 |               1 |          2 |      Fixed 
  1146 |  JC69 |        12 |     49 |               3 |          4 |      Fixed 
  1147 |  JC69 |         3 |    135 |               2 |          3 |      Fixed 
  1148 |  JC69 |         4 |    274 |              40 |         11 |      Fixed 
  1149 |  JC69 |        13 |     83 |               6 |          7 |      Fixed 
  1150 |  JC69 |         2 |    280 |              19 |         12 |      Fixed 
  1151 |  JC69 |         6 |    102 |              47 |         10 |      Fixed 
  1152 |  JC69 |         9 |    282 |              17 |         14 |      Fixed 
  1153 |  JC69 |        20 |    336 |             147 |         16 |      Fixed 
  1154 |  JC69 |        11 |    116 |               1 |          2 |      Fixed 
  1155 |  JC69 |        10 |    164 |               2 |          3 |      Fixed 
  1156 |  JC69 |         7 |     68 |               3 |          5 |      Fixed 
  1157 |  JC69 |         7 |    286 |             157 |         15 |      Fixed 
  1158 |  JC69 |         7 |    287 |              13 |          8 |      Fixed 
  1159 |  JC69 |        18 |    544 |             288 |         28 |      Fixed 
  1160 |  JC69 |        19 |    389 |             231 |         17 |      Fixed 
  1161 |  JC69 |        11 |    283 |              21 |         14 |      Fixed 
  1162 |  JC69 |         9 |    401 |             155 |         15 |      Fixed 
  1163 |  JC69 |         6 |    278 |              21 |         14 |      Fixed 
  1164 |  JC69 |         9 |    292 |               7 |          2 |      Fixed 
  1165 |  JC69 |         2 |    192 |               0 |          1 |      Fixed 
  1166 |  JC69 |         9 |    280 |               5 |          6 |      Fixed 
  1167 |  JC69 |         7 |   1252 |             764 |         18 |      Fixed 
  1168 |  JC69 |         9 |    178 |               0 |          1 |      Fixed 
  1169 |  JC69 |         4 |     86 |               1 |          2 |      Fixed 
  1170 |  JC69 |        18 |    437 |             398 |         16 |      Fixed 
  1171 |  JC69 |         6 |    540 |              76 |         17 |      Fixed 
  1172 |  JC69 |         7 |    255 |               9 |         10 |      Fixed 
  1173 |  JC69 |        14 |     78 |               2 |          3 |      Fixed 
  1174 |  JC69 |        20 |    233 |              89 |          9 |      Fixed 
  1175 |  JC69 |        14 |    286 |               9 |         10 |      Fixed 
  1176 |  JC69 |        20 |    130 |               3 |          4 |      Fixed 
  1177 |  JC69 |         5 |    282 |              15 |          5 |      Fixed 
  1178 |  JC69 |         3 |    550 |             275 |          8 |      Fixed 
  1179 |  JC69 |        19 |    439 |             207 |         16 |      Fixed 
  1180 |  JC69 |        16 |    233 |               8 |          7 |      Fixed 
  1181 |  JC69 |        15 |    820 |             548 |         28 |      Fixed 
  1182 |  JC69 |        16 |    426 |             169 |         22 |      Fixed 
  1183 |  JC69 |        20 |    225 |              86 |         12 |      Fixed 
  1184 |  JC69 |         5 |    270 |              28 |          8 |      Fixed 
  1185 |  JC69 |        17 |    239 |              10 |          9 |      Fixed 
  1186 |  JC69 |        20 |    221 |               7 |          5 |      Fixed 
  1187 |  JC69 |        20 |     56 |               2 |          3 |      Fixed 
  1188 |  JC69 |        15 |    259 |              22 |         15 |      Fixed 
  1189 |  JC69 |        18 |     69 |               3 |          4 |      Fixed 
  1190 |  JC69 |        19 |    196 |              12 |          8 |      Fixed 
  1191 |  JC69 |        12 |    482 |             220 |         14 |      Fixed 
  1192 |  JC69 |        20 |    146 |              20 |         12 |      Fixed 
  1193 |  JC69 |         9 |    348 |              25 |         15 |      Fixed 
  1194 |  JC69 |        16 |    269 |              33 |         16 |      Fixed 
  1195 |  JC69 |        20 |     95 |               1 |          2 |      Fixed 
  1196 |  JC69 |        15 |    285 |              71 |         33 |      Fixed 
  1197 |  JC69 |        17 |    111 |              48 |          4 |      Fixed 
  1198 |  JC69 |         3 |    372 |               2 |          3 |      Fixed 
  1199 |  JC69 |        20 |    553 |             392 |         26 |      Fixed 
  1200 |  JC69 |        19 |   1024 |             650 |         42 |      Fixed 
  1201 |  JC69 |        12 |    542 |             114 |         25 |      Fixed 
  1202 |  JC69 |        20 |    189 |               3 |          4 |      Fixed 
  1203 |  JC69 |         6 |    194 |               5 |          5 |      Fixed 
  1204 |  JC69 |        15 |    269 |              29 |         15 |      Fixed 
  1205 |  JC69 |        20 |     92 |               2 |          4 |      Fixed 
  1206 |  JC69 |        19 |    147 |               7 |          6 |      Fixed 
  1207 |  JC69 |        19 |    187 |               3 |          4 |      Fixed 
  1208 |  JC69 |        20 |    268 |               5 |          6 |      Fixed 
  1209 |  JC69 |        17 |    265 |             127 |          6 |      Fixed 
  1210 |  JC69 |        12 |    110 |               1 |          2 |      Fixed 
  1211 |  JC69 |         9 |    188 |              12 |          3 |      Fixed 
  1212 |  JC69 |        20 |     87 |               2 |          3 |      Fixed 
  1213 |  JC69 |        20 |    493 |              13 |         12 |      Fixed 
  1214 |  JC69 |         3 |    280 |               7 |          5 |      Fixed 
  1215 |  JC69 |        19 |    254 |              78 |         16 |      Fixed 
  1216 |  JC69 |        20 |    200 |              10 |         11 |      Fixed 
  1217 |  JC69 |         4 |     61 |               2 |          2 |      Fixed 
  1218 |  JC69 |         4 |    157 |               3 |          3 |      Fixed 
  1219 |  JC69 |        15 |    288 |             121 |         14 |      Fixed 
  1220 |  JC69 |        16 |    222 |              15 |         15 |      Fixed 
  1221 |  JC69 |         2 |    196 |               2 |          2 |      Fixed 
  1222 |  JC69 |        11 |     69 |              10 |          6 |      Fixed 
  1223 |  JC69 |         2 |    213 |             103 |          3 |      Fixed 
  1224 |  JC69 |        17 |    210 |              23 |         13 |      Fixed 
  1225 |  JC69 |         5 |    292 |              25 |         15 |      Fixed 
  1226 |  JC69 |        15 |     72 |               5 |          6 |      Fixed 
  1227 |  JC69 |         2 |     38 |               0 |          1 |      Fixed 
  1228 |  JC69 |         2 |    278 |              11 |          3 |      Fixed 
  1229 |  JC69 |         4 |    281 |              14 |          8 |      Fixed 
  1230 |  JC69 |         5 |    279 |             165 |         16 |      Fixed 
  1231 |  JC69 |        11 |    173 |               8 |          8 |      Fixed 
  1232 |  JC69 |         4 |    141 |               3 |          4 |      Fixed 
  1233 |  JC69 |        16 |    110 |               3 |          4 |      Fixed 
  1234 |  JC69 |        17 |    270 |              34 |         16 |      Fixed 
  1235 |  JC69 |        20 |     79 |               6 |          7 |      Fixed 
  1236 |  JC69 |        19 |     69 |               1 |          2 |      Fixed 
  1237 |  JC69 |        20 |    143 |               1 |          2 |      Fixed 
  1238 |  JC69 |        16 |    182 |               2 |          3 |      Fixed 
  1239 |  JC69 |        20 |    292 |              95 |         17 |      Fixed 
  1240 |  JC69 |        20 |     91 |               4 |          3 |      Fixed 
  1241 |  JC69 |         2 |    245 |               3 |          2 |      Fixed 
  1242 |  JC69 |         2 |    279 |               1 |          2 |      Fixed 
  1243 |  JC69 |         3 |    144 |               1 |          2 |      Fixed 
  1244 |  JC69 |        20 |    157 |               2 |          3 |      Fixed 
  1245 |  JC69 |        19 |    292 |              40 |         20 |      Fixed 
  1246 |  JC69 |        20 |    330 |             143 |          9 |      Fixed 
  1247 |  JC69 |         3 |     48 |               1 |          2 |      Fixed 
  1248 |  JC69 |        20 |    196 |               9 |          8 |      Fixed 
  1249 |  JC69 |        20 |     95 |               3 |          4 |      Fixed 
  1250 |  JC69 |        19 |     97 |               4 |          5 |      Fixed 
  1251 |  JC69 |        17 |    146 |              27 |          7 |      Fixed 
  1252 |  JC69 |        20 |    120 |              10 |          7 |      Fixed 
  1253 |  JC69 |         7 |    209 |              12 |          9 |      Fixed 
  1254 |  JC69 |         5 |    267 |               7 |          7 |      Fixed 
  1255 |  JC69 |         6 |    279 |              90 |          6 |      Fixed 
  1256 |  JC69 |        20 |     69 |               1 |          2 |      Fixed 
  1257 |  JC69 |         4 |    280 |              44 |          8 |      Fixed 
  1258 |  JC69 |         9 |    426 |              30 |         14 |      Fixed 
  1259 |  JC69 |        20 |    365 |             140 |         12 |      Fixed 
  1260 |  JC69 |        14 |    527 |             257 |         16 |      Fixed 
  1261 |  JC69 |        11 |    330 |              66 |         16 |      Fixed 
  1262 |  JC69 |         7 |     51 |               4 |          3 |      Fixed 
  1263 |  JC69 |         4 |     70 |               1 |          2 |      Fixed 
  1264 |  JC69 |        16 |    261 |              18 |         13 |      Fixed 
  1265 |  JC69 |         9 |    197 |              21 |          6 |      Fixed 
  1266 |  JC69 |        20 |     92 |               3 |          4 |      Fixed 
  1267 |  JC69 |        13 |    129 |               2 |          3 |      Fixed 
  1268 |  JC69 |        16 |    465 |             335 |         16 |      Fixed 
  1269 |  JC69 |         2 |    275 |              51 |          6 |      Fixed 
  1270 |  JC69 |         3 |    362 |             163 |          9 |      Fixed 
  1271 |  JC69 |         4 |     54 |               0 |          2 |      Fixed 
  1272 |  JC69 |         2 |     72 |               0 |          1 |      Fixed 
  1273 |  JC69 |         3 |    281 |               7 |          3 |      Fixed 
  1274 |  JC69 |        20 |    367 |              20 |         15 |      Fixed 
  1275 |  JC69 |         3 |    453 |             214 |          3 |      Fixed 
  1276 |  JC69 |        10 |    290 |              26 |         12 |      Fixed 
  1277 |  JC69 |        18 |     90 |               2 |          3 |      Fixed 
  1278 |  JC69 |         3 |    280 |              12 |          4 |      Fixed 
  1279 |  JC69 |        18 |    161 |               5 |          6 |      Fixed 
  1280 |  JC69 |         6 |    154 |               1 |          2 |      Fixed 
  1281 |  JC69 |         9 |    281 |              10 |         10 |      Fixed 
  1282 |  JC69 |        20 |    236 |              54 |         12 |      Fixed 
  1283 |  JC69 |        17 |    102 |               1 |          2 |      Fixed 
  1284 |  JC69 |        13 |    386 |              12 |         13 |      Fixed 
  1285 |  JC69 |        19 |    132 |               4 |          5 |      Fixed 
  1286 |  JC69 |         4 |    129 |              46 |         10 |      Fixed 
  1287 |  JC69 |         4 |    279 |               9 |          6 |      Fixed 
  1288 |  JC69 |         2 |     85 |               1 |          2 |      Fixed 
  1289 |  JC69 |        18 |    529 |              12 |         11 |      Fixed 
  1290 |  JC69 |        14 |    286 |              83 |         21 |      Fixed 
  1291 |  JC69 |        17 |    234 |              12 |         12 |      Fixed 
  1292 |  JC69 |        16 |    692 |             322 |         20 |      Fixed 
  1293 |  JC69 |        20 |    455 |              16 |         16 |      Fixed 
  1294 |  JC69 |        19 |     63 |               2 |          3 |      Fixed 
  1295 |  JC69 |        18 |    121 |               6 |          5 |      Fixed 
  1296 |  JC69 |         3 |    196 |               0 |          2 |      Fixed 
  1297 |  JC69 |        20 |    161 |               5 |          5 |      Fixed 
  1298 |  JC69 |        19 |    196 |               6 |          7 |      Fixed 
  1299 |  JC69 |        11 |    177 |               6 |          7 |      Fixed 
  1300 |  JC69 |        20 |    291 |              48 |         26 |      Fixed 
  1301 |  JC69 |        18 |     52 |               1 |          2 |      Fixed 
  1302 |  JC69 |        20 |    326 |              11 |          6 |      Fixed 
  1303 |  JC69 |        17 |    110 |               2 |          3 |      Fixed 
  1304 |  JC69 |        20 |    121 |               3 |          4 |      Fixed 
  1305 |  JC69 |        20 |    147 |               8 |          8 |      Fixed 
  1306 |  JC69 |         2 |    202 |               5 |          2 |      Fixed 
  1307 |  JC69 |         3 |     53 |               0 |          1 |      Fixed 
  1308 |  JC69 |        13 |    284 |              22 |         17 |      Fixed 
  1309 |  JC69 |         2 |    549 |              55 |          4 |      Fixed 
  1310 |  JC69 |         5 |    272 |              28 |         12 |      Fixed 
  1311 |  JC69 |         8 |    332 |              78 |         12 |      Fixed 
  1312 |  JC69 |        17 |    117 |               9 |          5 |      Fixed 
  1313 |  JC69 |         2 |    163 |              10 |          2 |      Fixed 
  1314 |  JC69 |        16 |     97 |               1 |          2 |      Fixed 
  1315 |  JC69 |        10 |    146 |               6 |          5 |      Fixed 
  1316 |  JC69 |        20 |    165 |               5 |          6 |      Fixed 
  1317 |  JC69 |        18 |    293 |              92 |         14 |      Fixed 
  1318 |  JC69 |         8 |     78 |               2 |          3 |      Fixed 
  1319 |  JC69 |         2 |    282 |              70 |          4 |      Fixed 
  1320 |  JC69 |         8 |    232 |              16 |          6 |      Fixed 
  1321 |  JC69 |         3 |    258 |              13 |         10 |      Fixed 
  1322 |  JC69 |        12 |    278 |             157 |         12 |      Fixed 
  1323 |  JC69 |        19 |    123 |              18 |         10 |      Fixed 
  1324 |  JC69 |         2 |    237 |               5 |          6 |      Fixed 
  1325 |  JC69 |         4 |     47 |               1 |          2 |      Fixed 
  1326 |  JC69 |         2 |    279 |              38 |          5 |      Fixed 
  1327 |  JC69 |        20 |    707 |             553 |         32 |      Fixed 
  1328 |  JC69 |         9 |    226 |              15 |         10 |      Fixed 
  1329 |  JC69 |        18 |    292 |              26 |         15 |      Fixed 
  1330 |  JC69 |        10 |    249 |              17 |         10 |      Fixed 
  1331 |  JC69 |         9 |    235 |              41 |         20 |      Fixed 
  1332 |  JC69 |         6 |    281 |              33 |         15 |      Fixed 
  1333 |  JC69 |         9 |    405 |             218 |         17 |      Fixed 
  1334 |  JC69 |        14 |    130 |               1 |          2 |      Fixed 
  1335 |  JC69 |        20 |    518 |             117 |         10 |      Fixed 
  1336 |  JC69 |         4 |     59 |               0 |          1 |      Fixed 
  1337 |  JC69 |         7 |    250 |               9 |          9 |      Fixed 
  1338 |  JC69 |        18 |    143 |               8 |          4 |      Fixed 
  1339 |  JC69 |        19 |    239 |               5 |          7 |      Fixed 
  1340 |  JC69 |         7 |    380 |               5 |          4 |      Fixed 
  1341 |  JC69 |        16 |    433 |             177 |         30 |      Fixed 
  1342 |  JC69 |        10 |    378 |              16 |         14 |      Fixed 
  1343 |  JC69 |         5 |    278 |              11 |         11 |      Fixed 
  1344 |  JC69 |        18 |    337 |             117 |         13 |      Fixed 
  1345 |  JC69 |        20 |    215 |               5 |          6 |      Fixed 
  1346 |  JC69 |         9 |    279 |              12 |          8 |      Fixed 
  1347 |  JC69 |        19 |    428 |              15 |         13 |      Fixed 
  1348 |  JC69 |        20 |    132 |               4 |          5 |      Fixed 
  1349 |  JC69 |        20 |    585 |             169 |         15 |      Fixed 
  1350 |  JC69 |        20 |    387 |              80 |          8 |      Fixed 
  1351 |  JC69 |        20 |    110 |               8 |          8 |      Fixed 
  1352 |  JC69 |        16 |    198 |              12 |          9 |      Fixed 
  1353 |  JC69 |        20 |    356 |             117 |         17 |      Fixed 
  1354 |  JC69 |        13 |    278 |              94 |         18 |      Fixed 
  1355 |  JC69 |         3 |    287 |              17 |          4 |      Fixed 
  1356 |  JC69 |         6 |    109 |              59 |          6 |      Fixed 
  1357 |  JC69 |        18 |    225 |               7 |          8 |      Fixed 
  1358 |  JC69 |        10 |    153 |               3 |          4 |      Fixed 
  1359 |  JC69 |        13 |     57 |               2 |          2 |      Fixed 
  1360 |  JC69 |         8 |    283 |              39 |         18 |      Fixed 
  1361 |  JC69 |        18 |    140 |              60 |          9 |      Fixed 
  1362 |  JC69 |        19 |    429 |             195 |         20 |      Fixed 
  1363 |  JC69 |         9 |    189 |              36 |          5 |      Fixed 
  1364 |  JC69 |        20 |    224 |              19 |          7 |      Fixed 
  1365 |  JC69 |        20 |    179 |               0 |          1 |      Fixed 
  1366 |  JC69 |        20 |    129 |               1 |          2 |      Fixed 
  1367 |  JC69 |        20 |     96 |               2 |          3 |      Fixed 
  1368 |  JC69 |        17 |    262 |              12 |         10 |      Fixed 
  1369 |  JC69 |        10 |    419 |             159 |         18 |      Fixed 
  1370 |  JC69 |         7 |    209 |               6 |          7 |      Fixed 
  1371 |  JC69 |        18 |    130 |              14 |          9 |      Fixed 
  1372 |  JC69 |         4 |    285 |              14 |          7 |      Fixed 
  1373 |  JC69 |         6 |    208 |              30 |          7 |      Fixed 
  1374 |  JC69 |        20 |    292 |              23 |         15 |      Fixed 
  1375 |  JC69 |        20 |     97 |               8 |          7 |      Fixed 
  1376 |  JC69 |        19 |    149 |               4 |          5 |      Fixed 
  1377 |  JC69 |        12 |    286 |              20 |         14 |      Fixed 
  1378 |  JC69 |        20 |    129 |               1 |          2 |      Fixed 
  1379 |  JC69 |        20 |    335 |              23 |         14 |      Fixed 
  1380 |  JC69 |         2 |    285 |              14 |          5 |      Fixed 
  1381 |  JC69 |         8 |    286 |              28 |         14 |      Fixed 
  1382 |  JC69 |         2 |     98 |               0 |          1 |      Fixed 
  1383 |  JC69 |        11 |    189 |               4 |          6 |      Fixed 
  1384 |  JC69 |        13 |    292 |              25 |         19 |      Fixed 
  1385 |  JC69 |        20 |     70 |               3 |          4 |      Fixed 

Parsing map file...
ajan_BABY6724 ajan
ajan_DW655 ajan
ajan_DW663 ajan
ajan_esa36 ajan
ajan_wdb38 ajan
ajan_ODP48916 ajan
ajancf_SLM01 ajan
ajancf_SLM05 ajan
ajancf_SLM10 ajan
alas_BABY422 alas
alas_BABY4577 alas
alas_BABY6558 alas
alas_DW641 alas
alas_DW646 alas
alas_ODP43138 alas
alas_ODP7414 alas
alas_ODP7415 alas
alas_ODP7424 alas
alas_ODP7429 alas
alas_ODP7432 alas
 Done
Writing multilocus alignments with compressed site patterns in fit/output/ch9.compressed-aln.phy

diploid_resolve_locus      1:         4      137        1 ->         1
diploid_resolve_locus      2:        20      397       13 ->        19
diploid_resolve_locus      3:         2      281        5 ->         5
diploid_resolve_locus      4:        19      449        6 ->        19
diploid_resolve_locus      5:         8      265        7 ->         7
diploid_resolve_locus      6:         3       51        1 ->         1
diploid_resolve_locus      7:         6      239        9 ->        11
diploid_resolve_locus      8:        17      499       28 ->        54
diploid_resolve_locus      9:         2      554        3 ->         3
diploid_resolve_locus     10:         6      287       11 ->        12
diploid_resolve_locus     11:        20      488       29 ->        59
diploid_resolve_locus     12:        18      288       10 ->        13
diploid_resolve_locus     13:         3      274        2 ->         2
diploid_resolve_locus     14:         3      112        3 ->         3
diploid_resolve_locus     15:         2      280        3 ->         3
diploid_resolve_locus     16:         3      161        2 ->         2
diploid_resolve_locus     17:        20      273        4 ->         5
diploid_resolve_locus     18:         2      132        1 ->         1
diploid_resolve_locus     19:         3       86        1 ->         1
diploid_resolve_locus     20:         7      279       15 ->        18
diploid_resolve_locus     21:        19      167        9 ->        13
diploid_resolve_locus     22:        13      254       10 ->        11
diploid_resolve_locus     23:        20      412       12 ->        19
diploid_resolve_locus     24:        20      182        4 ->         6
diploid_resolve_locus     25:         4      214        6 ->         7
diploid_resolve_locus     26:         6      278        6 ->         7
diploid_resolve_locus     27:         4      105        2 ->         2
diploid_resolve_locus     28:        16      206       18 ->       170
diploid_resolve_locus     29:         6       62        2 ->         2
diploid_resolve_locus     30:         5      242        7 ->         7
diploid_resolve_locus     31:        11      563       31 ->        67
diploid_resolve_locus     32:        18      261       18 ->        23
diploid_resolve_locus     33:         3      145        8 ->        14
diploid_resolve_locus     34:        20      167       12 ->        15
diploid_resolve_locus     35:        15      629       37 ->        60
diploid_resolve_locus     36:        15      117        3 ->         3
diploid_resolve_locus     37:         3      283        8 ->         8
diploid_resolve_locus     38:        12      178       10 ->        10
diploid_resolve_locus     39:        19       48        2 ->         2
diploid_resolve_locus     40:        19      349       17 ->        21
diploid_resolve_locus     41:         4       71        3 ->         3
diploid_resolve_locus     42:         2      159        4 ->         4
diploid_resolve_locus     43:        11       86       14 ->        26
diploid_resolve_locus     44:        10      247        9 ->        11
diploid_resolve_locus     45:         9      123        4 ->         4
diploid_resolve_locus     46:         3      222        4 ->         4
diploid_resolve_locus     47:         5      209        7 ->         8
diploid_resolve_locus     48:         2      280        6 ->         7
diploid_resolve_locus     49:         2      229        2 ->         2
diploid_resolve_locus     50:         6      222       12 ->        12
diploid_resolve_locus     51:         9      465       15 ->        57
diploid_resolve_locus     52:        20       97        3 ->         3
diploid_resolve_locus     53:         2      102        1 ->         1
diploid_resolve_locus     54:         3      271        4 ->         4
diploid_resolve_locus     55:        11      564       22 ->        40
diploid_resolve_locus     56:         6      522       14 ->        21
diploid_resolve_locus     57:         3      284        7 ->        10
diploid_resolve_locus     58:         2       95        1 ->         1
diploid_resolve_locus     59:        20      111        5 ->         6
diploid_resolve_locus     60:         9      268       11 ->        12
diploid_resolve_locus     61:        20      152       13 ->        19
diploid_resolve_locus     62:        20      138        8 ->        10
diploid_resolve_locus     63:        19       99        4 ->         4
diploid_resolve_locus     64:        19       60        3 ->         3
diploid_resolve_locus     65:         8      132        3 ->         4
diploid_resolve_locus     66:         6      211        4 ->         4
diploid_resolve_locus     67:        19      133        5 ->         5
diploid_resolve_locus     68:         2       81        2 ->         2
diploid_resolve_locus     69:         2       47        1 ->         1
diploid_resolve_locus     70:         5      278        7 ->         7
diploid_resolve_locus     71:        10       70        4 ->         4
diploid_resolve_locus     72:         3       95        3 ->         3
diploid_resolve_locus     73:         2       98        3 ->         3
diploid_resolve_locus     74:         2      118        1 ->         1
diploid_resolve_locus     75:         2      152        1 ->         1
diploid_resolve_locus     76:        19      301        9 ->        10
diploid_resolve_locus     77:        17      189        6 ->       132
diploid_resolve_locus     78:        19      194       11 ->        27
diploid_resolve_locus     79:        17       83        8 ->        12
diploid_resolve_locus     80:         3      279        6 ->         6
diploid_resolve_locus     81:         4       88        5 ->         6
diploid_resolve_locus     82:        15      102        9 ->         9
diploid_resolve_locus     83:         3       89        3 ->         3
diploid_resolve_locus     84:         3       93        9 ->         9
diploid_resolve_locus     85:         5      121        5 ->         5
diploid_resolve_locus     86:         3       45        1 ->         1
diploid_resolve_locus     87:         2      174        5 ->         5
diploid_resolve_locus     88:         2      278        5 ->         6
diploid_resolve_locus     89:         9       53        4 ->         4
diploid_resolve_locus     90:         2      143        3 ->         3
diploid_resolve_locus     91:         6       78        9 ->        16
diploid_resolve_locus     92:         5       65        9 ->        10
diploid_resolve_locus     93:         5       54        3 ->         3
diploid_resolve_locus     94:         2      105        3 ->         3
diploid_resolve_locus     95:         2       95        2 ->         2
diploid_resolve_locus     96:         4       62        1 ->         1
diploid_resolve_locus     97:         3       79        5 ->         5
diploid_resolve_locus     98:         8       55        3 ->         3
diploid_resolve_locus     99:         2      229        5 ->         6
diploid_resolve_locus    100:         2       67        1 ->         1
diploid_resolve_locus    101:         2       64        1 ->         1
diploid_resolve_locus    102:         2      278        5 ->         7
diploid_resolve_locus    103:        19      102        3 ->         3
diploid_resolve_locus    104:        20      117        7 ->        20
diploid_resolve_locus    105:         2      463        5 ->         6
diploid_resolve_locus    106:         3      154        3 ->         3
diploid_resolve_locus    107:         3      147        1 ->         1
diploid_resolve_locus    108:         3      244        6 ->         6
diploid_resolve_locus    109:        16      143       12 ->        15
diploid_resolve_locus    110:         3      276        4 ->         4
diploid_resolve_locus    111:        17      133       13 ->        21
diploid_resolve_locus    112:        20       99        3 ->         3
diploid_resolve_locus    113:         3       53        2 ->         2
diploid_resolve_locus    114:         4       59        7 ->         8
diploid_resolve_locus    115:         4      282        7 ->         8
diploid_resolve_locus    116:        10      161        5 ->         5
diploid_resolve_locus    117:         5       76        6 ->         6
diploid_resolve_locus    118:        17      270       20 ->        51
diploid_resolve_locus    119:        20       73        7 ->        10
diploid_resolve_locus    120:         3      160        8 ->        11
diploid_resolve_locus    121:         2       52        1 ->         1
diploid_resolve_locus    122:        19      191        9 ->        13
diploid_resolve_locus    123:         9      146        4 ->         4
diploid_resolve_locus    124:        11      155        6 ->         6
diploid_resolve_locus    125:        20      178        7 ->         9
diploid_resolve_locus    126:         6      225       10 ->        15
diploid_resolve_locus    127:         5      151       10 ->        12
diploid_resolve_locus    128:        15      218       12 ->        23
diploid_resolve_locus    129:         7      124        7 ->        10
diploid_resolve_locus    130:        11      146        7 ->         7
diploid_resolve_locus    131:         7       96        7 ->         7
diploid_resolve_locus    132:        20      245        5 ->         5
diploid_resolve_locus    133:         7      130        6 ->         6
diploid_resolve_locus    134:         5       58        3 ->         3
diploid_resolve_locus    135:         3      252        2 ->         2
diploid_resolve_locus    136:        13      113        4 ->         4
diploid_resolve_locus    137:         5       71        1 ->         1
diploid_resolve_locus    138:         2      273        2 ->         2
diploid_resolve_locus    139:         5       99        1 ->         1
diploid_resolve_locus    140:         3      216       11 ->        15
diploid_resolve_locus    141:         8      212        9 ->        11
diploid_resolve_locus    142:        20      591       35 ->        73
diploid_resolve_locus    143:        19      417       18 ->        25
diploid_resolve_locus    144:        12      265       10 ->        11
diploid_resolve_locus    145:        20       65        1 ->         1
diploid_resolve_locus    146:         2       51        1 ->         1
diploid_resolve_locus    147:        15       54        2 ->         2
diploid_resolve_locus    148:         2       53        3 ->         3
diploid_resolve_locus    149:         4      160        2 ->         2
diploid_resolve_locus    150:         2      225        5 ->         5
diploid_resolve_locus    151:         3      279        8 ->         9
diploid_resolve_locus    152:         6      147        8 ->        10
diploid_resolve_locus    153:        11      160        9 ->        39
diploid_resolve_locus    154:        16      308       12 ->        15
diploid_resolve_locus    155:        13      833       42 ->        58
diploid_resolve_locus    156:         4      142        3 ->         3
diploid_resolve_locus    157:         9      215        9 ->        30
diploid_resolve_locus    158:        20      171        2 ->         2
diploid_resolve_locus    159:         2      101        2 ->         2
diploid_resolve_locus    160:         2      129        1 ->         1
diploid_resolve_locus    161:        12      104        1 ->         1
diploid_resolve_locus    162:        11      131        1 ->         1
diploid_resolve_locus    163:         6      146        9 ->        11
diploid_resolve_locus    164:        20      420       12 ->        76
diploid_resolve_locus    165:        16      443       30 ->        36
diploid_resolve_locus    166:         3       41        1 ->         1
diploid_resolve_locus    167:        10      324       16 ->        23
diploid_resolve_locus    168:        17      153        1 ->         1
diploid_resolve_locus    169:         2      118        1 ->         1
diploid_resolve_locus    170:        13      211       14 ->        35
diploid_resolve_locus    171:         2      505        5 ->         5
diploid_resolve_locus    172:        11       98        5 ->        10
diploid_resolve_locus    173:         2      181        1 ->         1
diploid_resolve_locus    174:         2      136        3 ->         4
diploid_resolve_locus    175:        16      429        5 ->         5
diploid_resolve_locus    176:        12      358        9 ->         9
diploid_resolve_locus    177:        17      152       12 ->        12
diploid_resolve_locus    178:         3      193        2 ->         2
diploid_resolve_locus    179:        11      187       17 ->        39
diploid_resolve_locus    180:         4      199        2 ->         2
diploid_resolve_locus    181:        15      368       15 ->        23
diploid_resolve_locus    182:        16       80        9 ->        10
diploid_resolve_locus    183:        13       92        2 ->         2
diploid_resolve_locus    184:        20      292       21 ->        41
diploid_resolve_locus    185:         2      136        1 ->         1
diploid_resolve_locus    186:         3       42        1 ->         1
diploid_resolve_locus    187:         4      282       11 ->        11
diploid_resolve_locus    188:        20      146        6 ->         8
diploid_resolve_locus    189:         2      217        2 ->         2
diploid_resolve_locus    190:         3      272        5 ->         5
diploid_resolve_locus    191:         4      291        4 ->         4
diploid_resolve_locus    192:        13      404       23 ->        43
diploid_resolve_locus    193:         9      286       11 ->        12
diploid_resolve_locus    194:        17       60        3 ->         4
diploid_resolve_locus    195:        20       92        1 ->         1
diploid_resolve_locus    196:        18      150       12 ->        36
diploid_resolve_locus    197:         2       86        4 ->         7
diploid_resolve_locus    198:         2      210        2 ->         2
diploid_resolve_locus    199:        18       67        2 ->         2
diploid_resolve_locus    200:        19      149        8 ->         9
diploid_resolve_locus    201:         3       92        3 ->         3
diploid_resolve_locus    202:         2       67        3 ->         3
diploid_resolve_locus    203:         2      192        2 ->         2
diploid_resolve_locus    204:        20      386       13 ->        21
diploid_resolve_locus    205:        20      495       12 ->        28
diploid_resolve_locus    206:        16      286       19 ->        28
diploid_resolve_locus    207:         5      144        4 ->         4
diploid_resolve_locus    208:         4      278        6 ->         7
diploid_resolve_locus    209:         3       73        3 ->         3
diploid_resolve_locus    210:        20      209        6 ->         9
diploid_resolve_locus    211:         2      283        5 ->         6
diploid_resolve_locus    212:         3      280       11 ->        12
diploid_resolve_locus    213:        19       85        5 ->         5
diploid_resolve_locus    214:        19      318        9 ->        19
diploid_resolve_locus    215:        15      211       17 ->        19
diploid_resolve_locus    216:         7      153        3 ->         3
diploid_resolve_locus    217:        20      195        2 ->         2
diploid_resolve_locus    218:        20      103        3 ->         3
diploid_resolve_locus    219:        15       92        4 ->         4
diploid_resolve_locus    220:         4      234        1 ->         1
diploid_resolve_locus    221:         2       89        1 ->         1
diploid_resolve_locus    222:        20      173        6 ->         7
diploid_resolve_locus    223:         2       53        2 ->         2
diploid_resolve_locus    224:         4      278        8 ->         8
diploid_resolve_locus    225:         6      278        5 ->         5
diploid_resolve_locus    226:         2      133        1 ->         1
diploid_resolve_locus    227:        20      137       10 ->        15
diploid_resolve_locus    228:         3       90        2 ->         2
diploid_resolve_locus    229:         5      365       11 ->        18
diploid_resolve_locus    230:        20       87        1 ->         1
diploid_resolve_locus    231:         3       83        4 ->         6
diploid_resolve_locus    232:         6       92        4 ->         5
diploid_resolve_locus    233:        14      113        5 ->         5
diploid_resolve_locus    234:        16      230        4 ->         5
diploid_resolve_locus    235:        11      143        5 ->         5
diploid_resolve_locus    236:        15      243       13 ->        38
diploid_resolve_locus    237:         9      234        9 ->        11
diploid_resolve_locus    238:         3      282        6 ->         7
diploid_resolve_locus    239:         3      282        4 ->         4
diploid_resolve_locus    240:         9      233       12 ->        12
diploid_resolve_locus    241:        20      212       13 ->        19
diploid_resolve_locus    242:         4      251        6 ->         6
diploid_resolve_locus    243:        20      389       12 ->        20
diploid_resolve_locus    244:        18       51        4 ->         6
diploid_resolve_locus    245:         2       74        1 ->         1
diploid_resolve_locus    246:        14      167       10 ->        19
diploid_resolve_locus    247:         2      142        3 ->         3
diploid_resolve_locus    248:         4      113        3 ->         3
diploid_resolve_locus    249:        16       55        3 ->         3
diploid_resolve_locus    250:        14      336        9 ->         9
diploid_resolve_locus    251:         4      225        7 ->         8
diploid_resolve_locus    252:         6      282       11 ->        11
diploid_resolve_locus    253:        14      288       18 ->        26
diploid_resolve_locus    254:        10      202        6 ->         6
diploid_resolve_locus    255:        20      304       17 ->        39
diploid_resolve_locus    256:         3       75        5 ->         6
diploid_resolve_locus    257:         2      226        3 ->         3
diploid_resolve_locus    258:        20      253       18 ->        45
diploid_resolve_locus    259:        10      110        9 ->         9
diploid_resolve_locus    260:        14      146       12 ->        15
diploid_resolve_locus    261:        10       61        6 ->        11
diploid_resolve_locus    262:         2      123        2 ->         2
diploid_resolve_locus    263:         3      455       13 ->        17
diploid_resolve_locus    264:         2      156        3 ->         3
diploid_resolve_locus    265:         2      406       10 ->        15
diploid_resolve_locus    266:         4      283       12 ->        15
diploid_resolve_locus    267:         3       74        6 ->         7
diploid_resolve_locus    268:        20      161        5 ->        16
diploid_resolve_locus    269:        10      104        2 ->         2
diploid_resolve_locus    270:         2      362        6 ->         8
diploid_resolve_locus    271:        17       82        3 ->         3
diploid_resolve_locus    272:        19      176        5 ->         7
diploid_resolve_locus    273:        17      292       18 ->        19
diploid_resolve_locus    274:         3       88        3 ->         3
diploid_resolve_locus    275:        15      151        6 ->         6
diploid_resolve_locus    276:         4      278        6 ->         6
diploid_resolve_locus    277:        20       92        3 ->         3
diploid_resolve_locus    278:         4      302       17 ->        24
diploid_resolve_locus    279:         3      263        4 ->         4
diploid_resolve_locus    280:        15      229        5 ->         5
diploid_resolve_locus    281:        15       86        4 ->         4
diploid_resolve_locus    282:        20       80        3 ->         3
diploid_resolve_locus    283:        13      123        8 ->        13
diploid_resolve_locus    284:         2       51        1 ->         1
diploid_resolve_locus    285:         3       46        1 ->         1
diploid_resolve_locus    286:        10      280       20 ->        27
diploid_resolve_locus    287:         2      124        2 ->         2
diploid_resolve_locus    288:        20      227       11 ->        41
diploid_resolve_locus    289:        12      264       11 ->        12
diploid_resolve_locus    290:        20      279       12 ->       104
diploid_resolve_locus    291:        20      201        5 ->         5
diploid_resolve_locus    292:         2      137        1 ->         1
diploid_resolve_locus    293:        20       77        3 ->         4
diploid_resolve_locus    294:         2       48        1 ->         1
diploid_resolve_locus    295:        18      113        3 ->         3
diploid_resolve_locus    296:         9      102        3 ->         3
diploid_resolve_locus    297:        20      319       11 ->        76
diploid_resolve_locus    298:        20      196        4 ->         8
diploid_resolve_locus    299:        18      304       10 ->        10
diploid_resolve_locus    300:        13       78        3 ->         3
diploid_resolve_locus    301:         9      282       16 ->        21
diploid_resolve_locus    302:         7      205        8 ->         8
diploid_resolve_locus    303:        16      145       16 ->        17
diploid_resolve_locus    304:        18      155       10 ->        13
diploid_resolve_locus    305:         6      213       13 ->        19
diploid_resolve_locus    306:         6      369        6 ->         6
diploid_resolve_locus    307:        20      388        8 ->        14
diploid_resolve_locus    308:         3      134        3 ->         3
diploid_resolve_locus    309:        19      208       11 ->        13
diploid_resolve_locus    310:        12       52        1 ->         1
diploid_resolve_locus    311:         8      152        6 ->         6
diploid_resolve_locus    312:         2      273        7 ->         9
diploid_resolve_locus    313:        18      204        9 ->         9
diploid_resolve_locus    314:         6      184        5 ->         5
diploid_resolve_locus    315:         4       88        2 ->         2
diploid_resolve_locus    316:        18      288       34 ->        41
diploid_resolve_locus    317:        13      322       10 ->        11
diploid_resolve_locus    318:         3      274        4 ->         5
diploid_resolve_locus    319:         3      193        4 ->         4
diploid_resolve_locus    320:         3       86        1 ->         1
diploid_resolve_locus    321:        14      248        2 ->         2
diploid_resolve_locus    322:        11      284       13 ->        14
diploid_resolve_locus    323:         4      279        8 ->         8
diploid_resolve_locus    324:         7      370       13 ->        19
diploid_resolve_locus    325:         7      230       13 ->        13
diploid_resolve_locus    326:         8      287        3 ->         3
diploid_resolve_locus    327:         9      208       14 ->        23
diploid_resolve_locus    328:        19      210        8 ->        10
diploid_resolve_locus    329:         4      286       10 ->        11
diploid_resolve_locus    330:        20      149       11 ->        19
diploid_resolve_locus    331:        18      151        3 ->         3
diploid_resolve_locus    332:        12       64        3 ->         5
diploid_resolve_locus    333:         2      418        2 ->         2
diploid_resolve_locus    334:         4       48        2 ->         2
diploid_resolve_locus    335:        20      394       12 ->        13
diploid_resolve_locus    336:        12       45        3 ->         3
diploid_resolve_locus    337:         9      105        6 ->         7
diploid_resolve_locus    338:        16       83        2 ->         2
diploid_resolve_locus    339:        14      283       20 ->        22
diploid_resolve_locus    340:         7      286        9 ->        11
diploid_resolve_locus    341:        20      150        4 ->         4
diploid_resolve_locus    342:         2      207        1 ->         1
diploid_resolve_locus    343:         2      282        3 ->         3
diploid_resolve_locus    344:        19      292       13 ->        16
diploid_resolve_locus    345:         5      282       11 ->        13
diploid_resolve_locus    346:         2      283        5 ->         6
diploid_resolve_locus    347:         2      166        2 ->         2
diploid_resolve_locus    348:        10      382       16 ->        30
diploid_resolve_locus    349:         3      180        2 ->         2
diploid_resolve_locus    350:        18      164        6 ->        11
diploid_resolve_locus    351:         3      276       11 ->        15
diploid_resolve_locus    352:        11      307       10 ->        10
diploid_resolve_locus    353:         2       58        1 ->         1
diploid_resolve_locus    354:         3       42        2 ->         2
diploid_resolve_locus    355:         3      262        3 ->         3
diploid_resolve_locus    356:         3      272        5 ->         7
diploid_resolve_locus    357:        20       73        1 ->         1
diploid_resolve_locus    358:         2      222        1 ->         1
diploid_resolve_locus    359:         2      127        1 ->         1
diploid_resolve_locus    360:        19      308        5 ->        14
diploid_resolve_locus    361:         2      118        9 ->        17
diploid_resolve_locus    362:        20       88        2 ->         2
diploid_resolve_locus    363:        20       73        4 ->         5
diploid_resolve_locus    364:        11      117        3 ->         3
diploid_resolve_locus    365:         2      281        5 ->         5
diploid_resolve_locus    366:        16      241       10 ->        11
diploid_resolve_locus    367:        18       69        4 ->         4
diploid_resolve_locus    368:        20      126        5 ->         5
diploid_resolve_locus    369:        18      121        5 ->         5
diploid_resolve_locus    370:        20      101        3 ->         3
diploid_resolve_locus    371:        20       74        3 ->         3
diploid_resolve_locus    372:        10      286       19 ->        22
diploid_resolve_locus    373:         8      217       19 ->        29
diploid_resolve_locus    374:        19      211       10 ->        14
diploid_resolve_locus    375:        14      160        5 ->         5
diploid_resolve_locus    376:         9      200        5 ->         5
diploid_resolve_locus    377:        19      505       20 ->        58
diploid_resolve_locus    378:         2       46        1 ->         1
diploid_resolve_locus    379:        19      201        4 ->         4
diploid_resolve_locus    380:         2       95        1 ->         1
diploid_resolve_locus    381:        20       86        4 ->        15
diploid_resolve_locus    382:        18       86        4 ->         4
diploid_resolve_locus    383:        19       92        4 ->         4
diploid_resolve_locus    384:        20      233        3 ->         3
diploid_resolve_locus    385:        20      157        1 ->         1
diploid_resolve_locus    386:         4      103        6 ->         8
diploid_resolve_locus    387:        20       69        6 ->         6
diploid_resolve_locus    388:         7      441       12 ->        13
diploid_resolve_locus    389:        20      280        5 ->         5
diploid_resolve_locus    390:        17       99        5 ->         6
diploid_resolve_locus    391:        19       71        4 ->         4
diploid_resolve_locus    392:         2      156        1 ->         1
diploid_resolve_locus    393:        20      173       16 ->        25
diploid_resolve_locus    394:         4      263        5 ->         9
diploid_resolve_locus    395:        20      232        7 ->        12
diploid_resolve_locus    396:         2       85        2 ->         2
diploid_resolve_locus    397:        15      284       17 ->        24
diploid_resolve_locus    398:         5      192        5 ->         5
diploid_resolve_locus    399:        15      230       12 ->        15
diploid_resolve_locus    400:        20      115        3 ->         3
diploid_resolve_locus    401:         3      269        7 ->         7
diploid_resolve_locus    402:        11      109        2 ->         2
diploid_resolve_locus    403:        17      104        5 ->         6
diploid_resolve_locus    404:         8      161        2 ->         2
diploid_resolve_locus    405:        19       97        6 ->         6
diploid_resolve_locus    406:        19      218       16 ->        72
diploid_resolve_locus    407:        17       99        4 ->         4
diploid_resolve_locus    408:         5      120        2 ->         2
diploid_resolve_locus    409:         4      288        7 ->         8
diploid_resolve_locus    410:        10      144       11 ->        11
diploid_resolve_locus    411:        19       54        6 ->         6
diploid_resolve_locus    412:         2       84        1 ->         1
diploid_resolve_locus    413:        19      105        3 ->         3
diploid_resolve_locus    414:         5      265        6 ->         6
diploid_resolve_locus    415:        20      136        3 ->         3
diploid_resolve_locus    416:         2      251        5 ->         5
diploid_resolve_locus    417:        17      250        9 ->        15
diploid_resolve_locus    418:         8      462       15 ->        18
diploid_resolve_locus    419:        20       78        2 ->         2
diploid_resolve_locus    420:        15      130        7 ->        23
diploid_resolve_locus    421:        19      172        8 ->        71
diploid_resolve_locus    422:         2      226        7 ->         9
diploid_resolve_locus    423:         3      285        7 ->         7
diploid_resolve_locus    424:        18       78        4 ->         8
diploid_resolve_locus    425:        14      280       23 ->       119
diploid_resolve_locus    426:        12      165        3 ->         3
diploid_resolve_locus    427:        17       75        5 ->         7
diploid_resolve_locus    428:        15      291       28 ->        36
diploid_resolve_locus    429:        20      227        7 ->         8
diploid_resolve_locus    430:        20      263        9 ->        14
diploid_resolve_locus    431:        17      243        4 ->         4
diploid_resolve_locus    432:         2      280        5 ->         6
diploid_resolve_locus    433:        15      152        9 ->        12
diploid_resolve_locus    434:        20      132        4 ->         4
diploid_resolve_locus    435:        18       92        3 ->         4
diploid_resolve_locus    436:         3      133        1 ->         1
diploid_resolve_locus    437:         9       46        3 ->         3
diploid_resolve_locus    438:         4       64        3 ->         3
diploid_resolve_locus    439:        20      534       16 ->        24
diploid_resolve_locus    440:         4      278       11 ->        15
diploid_resolve_locus    441:        20      874       29 ->        35
diploid_resolve_locus    442:         2      249        3 ->         3
diploid_resolve_locus    443:         6       72        6 ->         8
diploid_resolve_locus    444:        19      204        7 ->         7
diploid_resolve_locus    445:        20       86        2 ->         2
diploid_resolve_locus    446:         4      285        9 ->         9
diploid_resolve_locus    447:        15       76        4 ->         5
diploid_resolve_locus    448:         9      281        9 ->        11
diploid_resolve_locus    449:        19       95        2 ->         2
diploid_resolve_locus    450:        20      228        8 ->        17
diploid_resolve_locus    451:         5      281        8 ->         8
diploid_resolve_locus    452:        11      165        3 ->         3
diploid_resolve_locus    453:        12      243       23 ->        62
diploid_resolve_locus    454:        17       60        8 ->         8
diploid_resolve_locus    455:        20      203        6 ->         7
diploid_resolve_locus    456:        20      133        2 ->         2
diploid_resolve_locus    457:        19      246        7 ->        10
diploid_resolve_locus    458:        12       75        4 ->         4
diploid_resolve_locus    459:        11       59        4 ->         4
diploid_resolve_locus    460:        14      285       13 ->        13
diploid_resolve_locus    461:         2      254        5 ->         5
diploid_resolve_locus    462:         4      116        3 ->         3
diploid_resolve_locus    463:        11      287       15 ->        18
diploid_resolve_locus    464:        19      415        9 ->        12
diploid_resolve_locus    465:         3       45        1 ->         1
diploid_resolve_locus    466:         4      142       15 ->        33
diploid_resolve_locus    467:        10      142       12 ->        13
diploid_resolve_locus    468:        20      188        5 ->         5
diploid_resolve_locus    469:        10      193        3 ->         3
diploid_resolve_locus    470:        20      514       14 ->        21
diploid_resolve_locus    471:         2      285        6 ->         8
diploid_resolve_locus    472:        17       81        3 ->         3
diploid_resolve_locus    473:         2      219        5 ->         5
diploid_resolve_locus    474:         9      146        4 ->         4
diploid_resolve_locus    475:        19       71        2 ->         2
diploid_resolve_locus    476:        19      213        6 ->         6
diploid_resolve_locus    477:        17       88        5 ->         8
diploid_resolve_locus    478:        18      422        9 ->         9
diploid_resolve_locus    479:         2      109        2 ->         2
diploid_resolve_locus    480:        18      726       29 ->        29
diploid_resolve_locus    481:        20      290       11 ->        14
diploid_resolve_locus    482:        20      417       19 ->        30
diploid_resolve_locus    483:         7      276        6 ->         7
diploid_resolve_locus    484:         7      114        2 ->         2
diploid_resolve_locus    485:        17      102        1 ->         1
diploid_resolve_locus    486:        16      291       18 ->        19
diploid_resolve_locus    487:        20      165        4 ->         4
diploid_resolve_locus    488:        16       89        4 ->         4
diploid_resolve_locus    489:         2       42        1 ->         1
diploid_resolve_locus    490:         2      278        7 ->         9
diploid_resolve_locus    491:        20      226        1 ->         1
diploid_resolve_locus    492:        20       90        4 ->         5
diploid_resolve_locus    493:        18      122        5 ->         5
diploid_resolve_locus    494:         2      291        5 ->         7
diploid_resolve_locus    495:         4      392       10 ->        12
diploid_resolve_locus    496:         7      268       11 ->        15
diploid_resolve_locus    497:         8      270       14 ->        14
diploid_resolve_locus    498:        13      238       11 ->        11
diploid_resolve_locus    499:         2       37        1 ->         1
diploid_resolve_locus    500:         6      286       17 ->        25
diploid_resolve_locus    501:         3      277        9 ->         9
diploid_resolve_locus    502:        17      290       16 ->        17
diploid_resolve_locus    503:         3       91        2 ->         2
diploid_resolve_locus    504:         3       75        2 ->         2
diploid_resolve_locus    505:         2      275        7 ->         8
diploid_resolve_locus    506:        10       50        5 ->         6
diploid_resolve_locus    507:        20      191        6 ->         6
diploid_resolve_locus    508:        20      165        6 ->         8
diploid_resolve_locus    509:         3      278        4 ->         4
diploid_resolve_locus    510:         6       94        7 ->         8
diploid_resolve_locus    511:         3      284        4 ->         4
diploid_resolve_locus    512:        19       49        4 ->         4
diploid_resolve_locus    513:        11      287       17 ->        20
diploid_resolve_locus    514:         3       43        1 ->         1
diploid_resolve_locus    515:         9      258       18 ->        28
diploid_resolve_locus    516:        18      118        3 ->         3
diploid_resolve_locus    517:        18       47        1 ->         1
diploid_resolve_locus    518:         4      284       10 ->        11
diploid_resolve_locus    519:         5      285       15 ->        17
diploid_resolve_locus    520:         5      254        6 ->         6
diploid_resolve_locus    521:        16      398       25 ->        32
diploid_resolve_locus    522:         3      278        7 ->         7
diploid_resolve_locus    523:        20      595       20 ->        33
diploid_resolve_locus    524:        12      197        3 ->         3
diploid_resolve_locus    525:        17      288       27 ->        41
diploid_resolve_locus    526:         3      100        3 ->         3
diploid_resolve_locus    527:        18      698       25 ->        40
diploid_resolve_locus    528:        12      240        7 ->         7
diploid_resolve_locus    529:        20      102        1 ->         1
diploid_resolve_locus    530:         2      286        4 ->         4
diploid_resolve_locus    531:         4      286       15 ->        18
diploid_resolve_locus    532:         7      291        8 ->         8
diploid_resolve_locus    533:         6      287        9 ->         9
diploid_resolve_locus    534:         4       55        1 ->         1
diploid_resolve_locus    535:        16      292       12 ->        13
diploid_resolve_locus    536:        17      191        8 ->         9
diploid_resolve_locus    537:        20       85        2 ->         2
diploid_resolve_locus    538:         3      289        7 ->        12
diploid_resolve_locus    539:         2       37        2 ->         2
diploid_resolve_locus    540:        18      462       28 ->        47
diploid_resolve_locus    541:         3      244        5 ->         5
diploid_resolve_locus    542:         3      274        6 ->         6
diploid_resolve_locus    543:         4      146        1 ->         1
diploid_resolve_locus    544:        15       97        5 ->         5
diploid_resolve_locus    545:        20      221       10 ->        12
diploid_resolve_locus    546:        20      223        4 ->         4
diploid_resolve_locus    547:        18       51        4 ->         4
diploid_resolve_locus    548:        14       44        3 ->         3
diploid_resolve_locus    549:         2      132        2 ->         2
diploid_resolve_locus    550:        16       48        5 ->        27
diploid_resolve_locus    551:        13      245       18 ->        66
diploid_resolve_locus    552:         4      283       11 ->        18
diploid_resolve_locus    553:        20      129        6 ->         7
diploid_resolve_locus    554:         2      175        2 ->         2
diploid_resolve_locus    555:        11      286       16 ->        20
diploid_resolve_locus    556:        18       59        3 ->         3
diploid_resolve_locus    557:        16      127        6 ->         6
diploid_resolve_locus    558:        19      106        5 ->         9
diploid_resolve_locus    559:         3      133        1 ->         1
diploid_resolve_locus    560:         2      277        5 ->         6
diploid_resolve_locus    561:         4      272        6 ->         6
diploid_resolve_locus    562:         3       61        1 ->         1
diploid_resolve_locus    563:        15      406       18 ->        22
diploid_resolve_locus    564:        18      238       11 ->        24
diploid_resolve_locus    565:         4      121        3 ->         3
diploid_resolve_locus    566:         3      282        5 ->         5
diploid_resolve_locus    567:        20      662       22 ->        34
diploid_resolve_locus    568:         3      286        3 ->         4
diploid_resolve_locus    569:        13      918       23 ->        39
diploid_resolve_locus    570:         2      243        2 ->         2
diploid_resolve_locus    571:        15      286       23 ->        82
diploid_resolve_locus    572:        17      134        8 ->        10
diploid_resolve_locus    573:        20       87        4 ->         4
diploid_resolve_locus    574:         4      277        6 ->         8
diploid_resolve_locus    575:         2       44        1 ->         1
diploid_resolve_locus    576:        20      150        1 ->         1
diploid_resolve_locus    577:        19      100        4 ->         5
diploid_resolve_locus    578:         7      275       14 ->        14
diploid_resolve_locus    579:        20      111        5 ->         6
diploid_resolve_locus    580:        20      712       30 ->        37
diploid_resolve_locus    581:         5      282       10 ->        10
diploid_resolve_locus    582:         7      135        6 ->        12
diploid_resolve_locus    583:        19      124        4 ->         5
diploid_resolve_locus    584:        18      103        3 ->         3
diploid_resolve_locus    585:        10      149        4 ->         4
diploid_resolve_locus    586:         5      287       17 ->        20
diploid_resolve_locus    587:        20      271        8 ->        11
diploid_resolve_locus    588:        20      160        4 ->         4
diploid_resolve_locus    589:         2       36        1 ->         1
diploid_resolve_locus    590:        20      123        5 ->         8
diploid_resolve_locus    591:         2       43        1 ->         1
diploid_resolve_locus    592:        18       52        2 ->         2
diploid_resolve_locus    593:         2       78        3 ->         3
diploid_resolve_locus    594:        14      132        3 ->         4
diploid_resolve_locus    595:         5      243       10 ->        10
diploid_resolve_locus    596:         9      242        5 ->        19
diploid_resolve_locus    597:         4      163        3 ->         3
diploid_resolve_locus    598:        17      454       25 ->       270
diploid_resolve_locus    599:        20      123        2 ->         2
diploid_resolve_locus    600:        14      280        8 ->        11
diploid_resolve_locus    601:        17      271        8 ->         8
diploid_resolve_locus    602:         6      392        7 ->         8
diploid_resolve_locus    603:        11      282       18 ->        19
diploid_resolve_locus    604:        20      164       13 ->        46
diploid_resolve_locus    605:         2      281        7 ->         8
diploid_resolve_locus    606:         4      238        5 ->         5
diploid_resolve_locus    607:        16      707       22 ->        36
diploid_resolve_locus    608:        10      259        3 ->         3
diploid_resolve_locus    609:         6      207        7 ->         8
diploid_resolve_locus    610:        18      217        7 ->         7
diploid_resolve_locus    611:         2      265        3 ->         3
diploid_resolve_locus    612:        12      377       14 ->        15
diploid_resolve_locus    613:         2      279        5 ->         5
diploid_resolve_locus    614:        15      262       23 ->        31
diploid_resolve_locus    615:        19      168        9 ->        10
diploid_resolve_locus    616:        17       82        1 ->         1
diploid_resolve_locus    617:         5      444        9 ->        12
diploid_resolve_locus    618:         3      254        5 ->         5
diploid_resolve_locus    619:         5      198        4 ->         4
diploid_resolve_locus    620:         2      146        1 ->         1
diploid_resolve_locus    621:         2      175        2 ->         2
diploid_resolve_locus    622:         4      112        1 ->         1
diploid_resolve_locus    623:        15       92        8 ->        16
diploid_resolve_locus    624:         6      245        5 ->         5
diploid_resolve_locus    625:         3       79        1 ->         1
diploid_resolve_locus    626:        17      120        3 ->         4
diploid_resolve_locus    627:        20      149        5 ->        11
diploid_resolve_locus    628:        11      257       17 ->        18
diploid_resolve_locus    629:        20      129        2 ->         2
diploid_resolve_locus    630:         6      165        3 ->         3
diploid_resolve_locus    631:         6      281       13 ->        19
diploid_resolve_locus    632:        13       60        3 ->         3
diploid_resolve_locus    633:        17      254       14 ->        80
diploid_resolve_locus    634:         6      283        6 ->         6
diploid_resolve_locus    635:        20      221        5 ->         7
diploid_resolve_locus    636:         6      283       11 ->        12
diploid_resolve_locus    637:        12      170        5 ->         5
diploid_resolve_locus    638:         7       41        1 ->         1
diploid_resolve_locus    639:        20      399       21 ->        68
diploid_resolve_locus    640:         2      158        2 ->         2
diploid_resolve_locus    641:         4       44        1 ->         1
diploid_resolve_locus    642:        20       91        5 ->        11
diploid_resolve_locus    643:         4      253        8 ->        10
diploid_resolve_locus    644:        19      182        5 ->        35
diploid_resolve_locus    645:         7      290       11 ->        11
diploid_resolve_locus    646:         5      280       10 ->        10
diploid_resolve_locus    647:        20      292       24 ->       108
diploid_resolve_locus    648:        15      172        7 ->         9
diploid_resolve_locus    649:        18      318        9 ->        11
diploid_resolve_locus    650:        20      263       10 ->        12
diploid_resolve_locus    651:        17      117        2 ->         2
diploid_resolve_locus    652:        20      146        4 ->         4
diploid_resolve_locus    653:        18      308       12 ->        14
diploid_resolve_locus    654:         8      464       11 ->        11
diploid_resolve_locus    655:        20      348        5 ->         6
diploid_resolve_locus    656:         3      279        7 ->         7
diploid_resolve_locus    657:         3      240        3 ->         3
diploid_resolve_locus    658:        17      562       34 ->        41
diploid_resolve_locus    659:         9      170        5 ->         5
diploid_resolve_locus    660:         6      292        7 ->         7
diploid_resolve_locus    661:         3       64        1 ->         1
diploid_resolve_locus    662:        18      224        6 ->         7
diploid_resolve_locus    663:        20      312        7 ->        41
diploid_resolve_locus    664:         5      143        4 ->         4
diploid_resolve_locus    665:        18       72        2 ->         2
diploid_resolve_locus    666:        15     1092       26 ->        34
diploid_resolve_locus    667:        10       62        4 ->         4
diploid_resolve_locus    668:         7      129        5 ->         5
diploid_resolve_locus    669:         2       74        1 ->         1
diploid_resolve_locus    670:        16      166        5 ->        11
diploid_resolve_locus    671:        17      227       11 ->        18
diploid_resolve_locus    672:        20      217        5 ->         5
diploid_resolve_locus    673:        12       40        3 ->         3
diploid_resolve_locus    674:        17      140        4 ->         4
diploid_resolve_locus    675:        19      119        6 ->         6
diploid_resolve_locus    676:        15       45        1 ->         1
diploid_resolve_locus    677:         2      280        4 ->         5
diploid_resolve_locus    678:        20       86        2 ->         2
diploid_resolve_locus    679:         6      281       20 ->        27
diploid_resolve_locus    680:         3      137        2 ->         2
diploid_resolve_locus    681:         2      193        2 ->         2
diploid_resolve_locus    682:        20       50        3 ->         3
diploid_resolve_locus    683:        10      286       16 ->        16
diploid_resolve_locus    684:        16      132       10 ->        13
diploid_resolve_locus    685:        10      246        4 ->         4
diploid_resolve_locus    686:         7      199        7 ->         7
diploid_resolve_locus    687:         2      248        2 ->         2
diploid_resolve_locus    688:        20      162        4 ->         4
diploid_resolve_locus    689:        20      172        7 ->        10
diploid_resolve_locus    690:        17      204        9 ->        12
diploid_resolve_locus    691:         7       80        3 ->         3
diploid_resolve_locus    692:        20      136        5 ->         8
diploid_resolve_locus    693:         2       46        1 ->         1
diploid_resolve_locus    694:        18      210        7 ->        22
diploid_resolve_locus    695:         3      278        7 ->         7
diploid_resolve_locus    696:         5      161        3 ->         3
diploid_resolve_locus    697:        14      131        5 ->         5
diploid_resolve_locus    698:        20      112        6 ->         6
diploid_resolve_locus    699:        18      149        4 ->         5
diploid_resolve_locus    700:         4      201        3 ->         3
diploid_resolve_locus    701:        17      683       27 ->        33
diploid_resolve_locus    702:         2      283        3 ->         3
diploid_resolve_locus    703:        20      208        9 ->        13
diploid_resolve_locus    704:        16      145       14 ->        15
diploid_resolve_locus    705:        13      120        7 ->        12
diploid_resolve_locus    706:         2       98        3 ->         4
diploid_resolve_locus    707:        17      192        5 ->         5
diploid_resolve_locus    708:        20      238        9 ->        24
diploid_resolve_locus    709:         7       67        1 ->         1
diploid_resolve_locus    710:        20      249        6 ->         8
diploid_resolve_locus    711:        18      261        8 ->         8
diploid_resolve_locus    712:         2      276        4 ->         4
diploid_resolve_locus    713:         2      273        4 ->         4
diploid_resolve_locus    714:        18      311       10 ->        20
diploid_resolve_locus    715:        19       65        4 ->         5
diploid_resolve_locus    716:        19      105        4 ->         4
diploid_resolve_locus    717:        20      566       19 ->        21
diploid_resolve_locus    718:         6       42        2 ->         2
diploid_resolve_locus    719:        10       61        9 ->        11
diploid_resolve_locus    720:        20      477       10 ->        11
diploid_resolve_locus    721:        10      136        4 ->         5
diploid_resolve_locus    722:         2      278        4 ->         4
diploid_resolve_locus    723:        18       74        4 ->         4
diploid_resolve_locus    724:        13       89        5 ->         5
diploid_resolve_locus    725:        20       66        3 ->         3
diploid_resolve_locus    726:        19      180        7 ->         7
diploid_resolve_locus    727:         8      557       21 ->        43
diploid_resolve_locus    728:         7      212        3 ->         3
diploid_resolve_locus    729:        12      119        2 ->         2
diploid_resolve_locus    730:        12      283       11 ->        25
diploid_resolve_locus    731:        16      132        4 ->         8
diploid_resolve_locus    732:        20      501       23 ->        26
diploid_resolve_locus    733:        20      605       25 ->        40
diploid_resolve_locus    734:         4      279        9 ->         9
diploid_resolve_locus    735:         6       92        4 ->         4
diploid_resolve_locus    736:         7      189        2 ->         2
diploid_resolve_locus    737:         2      141        1 ->         1
diploid_resolve_locus    738:        19      172        3 ->         3
diploid_resolve_locus    739:        18      182        7 ->         7
diploid_resolve_locus    740:         4      282        4 ->         4
diploid_resolve_locus    741:         3       89        1 ->         1
diploid_resolve_locus    742:        13      283       16 ->        17
diploid_resolve_locus    743:        20      438       13 ->        21
diploid_resolve_locus    744:        16      221       10 ->        13
diploid_resolve_locus    745:         8      111        1 ->         1
diploid_resolve_locus    746:        20      144        5 ->         5
diploid_resolve_locus    747:        17      108        2 ->         2
diploid_resolve_locus    748:        17      349       21 ->        21
diploid_resolve_locus    749:        19       61        2 ->         2
diploid_resolve_locus    750:        20       70        5 ->         5
diploid_resolve_locus    751:        20      111        7 ->        12
diploid_resolve_locus    752:         7      130        3 ->         3
diploid_resolve_locus    753:        19      536        9 ->         9
diploid_resolve_locus    754:         2       54        1 ->         1
diploid_resolve_locus    755:         2       83        1 ->         1
diploid_resolve_locus    756:         4      246        6 ->         8
diploid_resolve_locus    757:         5       99        3 ->         3
diploid_resolve_locus    758:        20      304        8 ->        11
diploid_resolve_locus    759:        17      406       18 ->        27
diploid_resolve_locus    760:         2       64        2 ->         2
diploid_resolve_locus    761:        16      107        7 ->         9
diploid_resolve_locus    762:        12      456       16 ->        20
diploid_resolve_locus    763:         7      153        4 ->         4
diploid_resolve_locus    764:        10       53        3 ->         3
diploid_resolve_locus    765:         2      197        2 ->         2
diploid_resolve_locus    766:        20      221        2 ->         2
diploid_resolve_locus    767:        17      102        4 ->         4
diploid_resolve_locus    768:         4      282        6 ->         7
diploid_resolve_locus    769:         6      223        7 ->         7
diploid_resolve_locus    770:        20      113        3 ->         3
diploid_resolve_locus    771:         2       94        1 ->         1
diploid_resolve_locus    772:         5      112        2 ->         2
diploid_resolve_locus    773:        16      180        5 ->         5
diploid_resolve_locus    774:        20      179        2 ->         2
diploid_resolve_locus    775:        20      161        6 ->         6
diploid_resolve_locus    776:        20      743       39 ->       107
diploid_resolve_locus    777:         3      281        5 ->         5
diploid_resolve_locus    778:         5      223        8 ->        10
diploid_resolve_locus    779:         4      281       11 ->        12
diploid_resolve_locus    780:        17       73        3 ->         3
diploid_resolve_locus    781:        11      257       10 ->        11
diploid_resolve_locus    782:        14       83        1 ->         1
diploid_resolve_locus    783:        10       63        5 ->         5
diploid_resolve_locus    784:        20      361        9 ->         9
diploid_resolve_locus    785:        11      281       23 ->        29
diploid_resolve_locus    786:        12      524       27 ->        31
diploid_resolve_locus    787:        16      317        7 ->         7
diploid_resolve_locus    788:         4      281        7 ->         7
diploid_resolve_locus    789:        15      102        2 ->         2
diploid_resolve_locus    790:        20      161        7 ->         7
diploid_resolve_locus    791:        19      376       13 ->        32
diploid_resolve_locus    792:        18      190       10 ->        25
diploid_resolve_locus    793:         5       79        4 ->         4
diploid_resolve_locus    794:        14      102        4 ->         5
diploid_resolve_locus    795:        15      141        4 ->         4
diploid_resolve_locus    796:         6       95        4 ->         4
diploid_resolve_locus    797:        20      127        4 ->         4
diploid_resolve_locus    798:         3      270       19 ->        34
diploid_resolve_locus    799:         5      234        5 ->         5
diploid_resolve_locus    800:         6      118        2 ->         2
diploid_resolve_locus    801:        15      288       19 ->        21
diploid_resolve_locus    802:        20       98        3 ->         3
diploid_resolve_locus    803:        19      520       16 ->        23
diploid_resolve_locus    804:        20      128        6 ->         8
diploid_resolve_locus    805:        18      353       14 ->        24
diploid_resolve_locus    806:        20      171        7 ->         7
diploid_resolve_locus    807:         5      282        9 ->         9
diploid_resolve_locus    808:        17      292       19 ->        19
diploid_resolve_locus    809:        20       61        6 ->         7
diploid_resolve_locus    810:        20       61        2 ->         2
diploid_resolve_locus    811:        20      360       12 ->        20
diploid_resolve_locus    812:        17       65        2 ->         2
diploid_resolve_locus    813:         4       41        2 ->         2
diploid_resolve_locus    814:         2      276        4 ->         5
diploid_resolve_locus    815:        19      392       17 ->        20
diploid_resolve_locus    816:        15      284       19 ->        22
diploid_resolve_locus    817:        16      167       11 ->        16
diploid_resolve_locus    818:         4       88        1 ->         1
diploid_resolve_locus    819:        20      119        1 ->         1
diploid_resolve_locus    820:        20      240        7 ->        40
diploid_resolve_locus    821:         7      147        5 ->         5
diploid_resolve_locus    822:         2      288        5 ->         5
diploid_resolve_locus    823:        10      179       10 ->        10
diploid_resolve_locus    824:         3       37        1 ->         1
diploid_resolve_locus    825:        10      391       15 ->        16
diploid_resolve_locus    826:        18      800       26 ->        52
diploid_resolve_locus    827:        20      117        3 ->         3
diploid_resolve_locus    828:         2      278        5 ->         5
diploid_resolve_locus    829:         3      282        9 ->         9
diploid_resolve_locus    830:         3      282        5 ->         5
diploid_resolve_locus    831:        20      116        2 ->         2
diploid_resolve_locus    832:        20      594       16 ->        86
diploid_resolve_locus    833:        13      187       12 ->        12
diploid_resolve_locus    834:         8      217        7 ->        20
diploid_resolve_locus    835:         2       62        2 ->         2
diploid_resolve_locus    836:         5      176        2 ->         2
diploid_resolve_locus    837:        17      152        7 ->         7
diploid_resolve_locus    838:         2      164        1 ->         1
diploid_resolve_locus    839:         2      147        1 ->         1
diploid_resolve_locus    840:         7      272       11 ->        11
diploid_resolve_locus    841:         3      280        5 ->         5
diploid_resolve_locus    842:        20      592       28 ->        38
diploid_resolve_locus    843:         7      268       11 ->        11
diploid_resolve_locus    844:        20      223        7 ->         7
diploid_resolve_locus    845:        12      334       14 ->        14
diploid_resolve_locus    846:         5      268        7 ->         7
diploid_resolve_locus    847:         9      533       15 ->        20
diploid_resolve_locus    848:        11      146        5 ->        19
diploid_resolve_locus    849:         5      280       15 ->        15
diploid_resolve_locus    850:        10       60        7 ->         7
diploid_resolve_locus    851:        19       77        4 ->         4
diploid_resolve_locus    852:         3      264        3 ->         3
diploid_resolve_locus    853:         5      483       10 ->        10
diploid_resolve_locus    854:        10      263       30 ->       265
diploid_resolve_locus    855:        20      123        4 ->         4
diploid_resolve_locus    856:        19      185        5 ->         7
diploid_resolve_locus    857:         3      281        7 ->         8
diploid_resolve_locus    858:        20      956       30 ->        34
diploid_resolve_locus    859:         2      284        3 ->         3
diploid_resolve_locus    860:        20       78        5 ->         5
diploid_resolve_locus    861:        10      271       16 ->        17
diploid_resolve_locus    862:         2      188        3 ->         4
diploid_resolve_locus    863:        20      383       14 ->        15
diploid_resolve_locus    864:         5      345        7 ->         8
diploid_resolve_locus    865:         3      278       13 ->        31
diploid_resolve_locus    866:        11      281       35 ->        48
diploid_resolve_locus    867:        11      270       23 ->        40
diploid_resolve_locus    868:         2      230        3 ->         3
diploid_resolve_locus    869:        18      189        5 ->         5
diploid_resolve_locus    870:        12      303       13 ->        14
diploid_resolve_locus    871:        19      129        4 ->         5
diploid_resolve_locus    872:        20      130        3 ->         3
diploid_resolve_locus    873:        20      168        5 ->         7
diploid_resolve_locus    874:        20       56        6 ->         6
diploid_resolve_locus    875:        18      281       10 ->        11
diploid_resolve_locus    876:        17      259        4 ->         4
diploid_resolve_locus    877:        17      232       12 ->        12
diploid_resolve_locus    878:        19      150        6 ->         6
diploid_resolve_locus    879:        20       96        2 ->         2
diploid_resolve_locus    880:         2      280        1 ->         1
diploid_resolve_locus    881:         9      125        5 ->         5
diploid_resolve_locus    882:         3      217        1 ->         1
diploid_resolve_locus    883:         4      278        2 ->         2
diploid_resolve_locus    884:        10       43        3 ->         3
diploid_resolve_locus    885:        20      364       25 ->        29
diploid_resolve_locus    886:         6      141        1 ->         1
diploid_resolve_locus    887:        16      289       19 ->        21
diploid_resolve_locus    888:        20      299        8 ->         8
diploid_resolve_locus    889:        20      271       11 ->        17
diploid_resolve_locus    890:        20       96        2 ->         2
diploid_resolve_locus    891:        14       76        4 ->         4
diploid_resolve_locus    892:        10      371       19 ->        22
diploid_resolve_locus    893:        18      133        6 ->         7
diploid_resolve_locus    894:         6      237        4 ->         4
diploid_resolve_locus    895:        10      204       10 ->        14
diploid_resolve_locus    896:        14      657       24 ->        67
diploid_resolve_locus    897:         3       41        1 ->         1
diploid_resolve_locus    898:         5      279       10 ->        11
diploid_resolve_locus    899:        14      366       27 ->        60
diploid_resolve_locus    900:         2      276        3 ->         3
diploid_resolve_locus    901:         6      285       22 ->        35
diploid_resolve_locus    902:        20      124        7 ->        15
diploid_resolve_locus    903:         2      286        6 ->         8
diploid_resolve_locus    904:         4       93        6 ->        14
diploid_resolve_locus    905:         9      116        4 ->         4
diploid_resolve_locus    906:        18      159        4 ->         4
diploid_resolve_locus    907:         5      119        1 ->         1
diploid_resolve_locus    908:        12      467       22 ->        32
diploid_resolve_locus    909:        19       92        7 ->         7
diploid_resolve_locus    910:         5      276        5 ->         5
diploid_resolve_locus    911:        14      718       32 ->        45
diploid_resolve_locus    912:        18      238        8 ->         8
diploid_resolve_locus    913:         3       44        1 ->         1
diploid_resolve_locus    914:         2      280        7 ->         8
diploid_resolve_locus    915:        20      154        3 ->         3
diploid_resolve_locus    916:        12      281       14 ->        17
diploid_resolve_locus    917:         6      282        9 ->        17
diploid_resolve_locus    918:         2      279        4 ->         4
diploid_resolve_locus    919:         9      261       10 ->        10
diploid_resolve_locus    920:         2      281        3 ->         3
diploid_resolve_locus    921:        20       83        3 ->         3
diploid_resolve_locus    922:        17      353        9 ->        21
diploid_resolve_locus    923:        11      256       12 ->        16
diploid_resolve_locus    924:        17      350       21 ->        33
diploid_resolve_locus    925:         5      283        8 ->         8
diploid_resolve_locus    926:        19      108        8 ->         8
diploid_resolve_locus    927:         2      271        1 ->         1
diploid_resolve_locus    928:        10      426       10 ->        19
diploid_resolve_locus    929:        19      322       14 ->        23
diploid_resolve_locus    930:         9      112        1 ->         1
diploid_resolve_locus    931:         5       68        2 ->         2
diploid_resolve_locus    932:        17       78        1 ->         1
diploid_resolve_locus    933:         4      107        2 ->         2
diploid_resolve_locus    934:        13      115        3 ->         3
diploid_resolve_locus    935:        15      433       16 ->        16
diploid_resolve_locus    936:         7      569       18 ->        18
diploid_resolve_locus    937:        20      152        2 ->         2
diploid_resolve_locus    938:        16      166        3 ->         3
diploid_resolve_locus    939:         2      210        1 ->         1
diploid_resolve_locus    940:        13      284       16 ->        18
diploid_resolve_locus    941:         4      151        1 ->         1
diploid_resolve_locus    942:        15      312       15 ->        24
diploid_resolve_locus    943:        12      104        3 ->         3
diploid_resolve_locus    944:        20      124        2 ->         2
diploid_resolve_locus    945:        19      574       29 ->        52
diploid_resolve_locus    946:        20      337       11 ->       103
diploid_resolve_locus    947:        20      356       12 ->        22
diploid_resolve_locus    948:         4      286        9 ->        12
diploid_resolve_locus    949:        15       74        3 ->         3
diploid_resolve_locus    950:         6      283        4 ->         4
diploid_resolve_locus    951:        20      238        7 ->        15
diploid_resolve_locus    952:        13      273       11 ->        17
diploid_resolve_locus    953:         3      281       11 ->        15
diploid_resolve_locus    954:        19      162        3 ->         3
diploid_resolve_locus    955:        20      192        4 ->         5
diploid_resolve_locus    956:        20      110        2 ->         2
diploid_resolve_locus    957:         4      215        6 ->         7
diploid_resolve_locus    958:        20      168        4 ->         5
diploid_resolve_locus    959:         5      557        8 ->         9
diploid_resolve_locus    960:        15      148       10 ->        11
diploid_resolve_locus    961:         6      279        7 ->         7
diploid_resolve_locus    962:        19       68        3 ->         3
diploid_resolve_locus    963:         8      403       14 ->        20
diploid_resolve_locus    964:        12      285       19 ->        22
diploid_resolve_locus    965:         7      111        6 ->         6
diploid_resolve_locus    966:        20       75        1 ->         1
diploid_resolve_locus    967:        20       53        1 ->         1
diploid_resolve_locus    968:        19      340       13 ->        13
diploid_resolve_locus    969:         3       45        1 ->         1
diploid_resolve_locus    970:        19       63        4 ->         4
diploid_resolve_locus    971:         4      284        6 ->         6
diploid_resolve_locus    972:         5      285        8 ->         8
diploid_resolve_locus    973:        20       49        3 ->         3
diploid_resolve_locus    974:        20      360        9 ->         9
diploid_resolve_locus    975:         4      278        7 ->         7
diploid_resolve_locus    976:        16      197        6 ->         6
diploid_resolve_locus    977:        16      135        2 ->         2
diploid_resolve_locus    978:        18      286       27 ->        31
diploid_resolve_locus    979:        20      391       12 ->        15
diploid_resolve_locus    980:        18       78        5 ->         5
diploid_resolve_locus    981:        16      551       29 ->        32
diploid_resolve_locus    982:        18       64        1 ->         1
diploid_resolve_locus    983:        20       84        3 ->         3
diploid_resolve_locus    984:         7      183        7 ->         7
diploid_resolve_locus    985:         6      319        6 ->         6
diploid_resolve_locus    986:         3      281        4 ->         4
diploid_resolve_locus    987:        20      102        2 ->         2
diploid_resolve_locus    988:         4      258        3 ->         3
diploid_resolve_locus    989:        20      194        1 ->         1
diploid_resolve_locus    990:        19      129        2 ->         2
diploid_resolve_locus    991:         2      102        1 ->         1
diploid_resolve_locus    992:         2      163        1 ->         1
diploid_resolve_locus    993:        15       87        2 ->         2
diploid_resolve_locus    994:         8      351       11 ->        11
diploid_resolve_locus    995:        18      833       27 ->        38
diploid_resolve_locus    996:         6       53        1 ->         1
diploid_resolve_locus    997:        18      390       22 ->        58
diploid_resolve_locus    998:        20       80        2 ->         2
diploid_resolve_locus    999:        20      186        4 ->         4
diploid_resolve_locus   1000:        15      717       29 ->        41
diploid_resolve_locus   1001:        20      198        8 ->        13
diploid_resolve_locus   1002:         3      250        9 ->        14
diploid_resolve_locus   1003:         3       47        1 ->         1
diploid_resolve_locus   1004:        20      171        9 ->        10
diploid_resolve_locus   1005:        20      478       15 ->        20
diploid_resolve_locus   1006:        12      163        7 ->         7
diploid_resolve_locus   1007:         9      282       11 ->        11
diploid_resolve_locus   1008:        15      209        6 ->        13
diploid_resolve_locus   1009:        20      253        9 ->        23
diploid_resolve_locus   1010:         6      264        5 ->         6
diploid_resolve_locus   1011:        18       51        2 ->         2
diploid_resolve_locus   1012:        20      151        6 ->         8
diploid_resolve_locus   1013:         9      374       12 ->        14
diploid_resolve_locus   1014:         9       86        1 ->         1
diploid_resolve_locus   1015:         4       81        2 ->         2
diploid_resolve_locus   1016:        20      114       11 ->        21
diploid_resolve_locus   1017:        20      146        6 ->         6
diploid_resolve_locus   1018:        15      464       17 ->        17
diploid_resolve_locus   1019:         6      240        6 ->         7
diploid_resolve_locus   1020:        13      282       10 ->        17
diploid_resolve_locus   1021:         4      167        4 ->         4
diploid_resolve_locus   1022:         4       65        2 ->         2
diploid_resolve_locus   1023:         3      100        2 ->         2
diploid_resolve_locus   1024:         5      273        5 ->         5
diploid_resolve_locus   1025:        20      149        8 ->         8
diploid_resolve_locus   1026:        18       61        2 ->         2
diploid_resolve_locus   1027:        19      148        9 ->        11
diploid_resolve_locus   1028:        19      166        5 ->         5
diploid_resolve_locus   1029:         4      281       11 ->        11
diploid_resolve_locus   1030:        18      986       26 ->        29
diploid_resolve_locus   1031:         8      457       17 ->        25
diploid_resolve_locus   1032:        20      626       26 ->        29
diploid_resolve_locus   1033:        20      214        6 ->         6
diploid_resolve_locus   1034:        20      518       15 ->        19
diploid_resolve_locus   1035:        10      211        7 ->         7
diploid_resolve_locus   1036:        16       56        4 ->         4
diploid_resolve_locus   1037:         2      282        4 ->         4
diploid_resolve_locus   1038:        18      254        8 ->        12
diploid_resolve_locus   1039:         9      123        1 ->         1
diploid_resolve_locus   1040:        20      588       28 ->        44
diploid_resolve_locus   1041:        11      280       14 ->        24
diploid_resolve_locus   1042:        12       73        3 ->         3
diploid_resolve_locus   1043:        11      222        9 ->        10
diploid_resolve_locus   1044:        12      263       15 ->        27
diploid_resolve_locus   1045:        15      254       19 ->        25
diploid_resolve_locus   1046:        15      260        8 ->         9
diploid_resolve_locus   1047:        14      291       18 ->        21
diploid_resolve_locus   1048:         7      266       12 ->        13
diploid_resolve_locus   1049:         2      257        3 ->         3
diploid_resolve_locus   1050:        18      146        8 ->         8
diploid_resolve_locus   1051:         5      509        4 ->         4
diploid_resolve_locus   1052:        10      233        7 ->         7
diploid_resolve_locus   1053:         2      282        3 ->         3
diploid_resolve_locus   1054:        14      283       13 ->        13
diploid_resolve_locus   1055:        20      181        8 ->        15
diploid_resolve_locus   1056:        17      255        7 ->         9
diploid_resolve_locus   1057:         6      245        5 ->         5
diploid_resolve_locus   1058:        10      282       23 ->        29
diploid_resolve_locus   1059:        19      168       15 ->        23
diploid_resolve_locus   1060:        10      234       10 ->        10
diploid_resolve_locus   1061:         3      265        4 ->         4
diploid_resolve_locus   1062:        20      274        5 ->         8
diploid_resolve_locus   1063:        20      830       35 ->        54
diploid_resolve_locus   1064:        20      240        9 ->        18
diploid_resolve_locus   1065:        13      282        9 ->         9
diploid_resolve_locus   1066:         8      211        8 ->         9
diploid_resolve_locus   1067:        19      178       13 ->        27
diploid_resolve_locus   1068:        20      142        3 ->         3
diploid_resolve_locus   1069:        18      520       16 ->        60
diploid_resolve_locus   1070:         3      162        2 ->         2
diploid_resolve_locus   1071:        17      837       39 ->        52
diploid_resolve_locus   1072:        17      147        7 ->        11
diploid_resolve_locus   1073:        20       65        3 ->         3
diploid_resolve_locus   1074:        11      367       21 ->        23
diploid_resolve_locus   1075:        17      623       22 ->        27
diploid_resolve_locus   1076:        18      167        3 ->         3
diploid_resolve_locus   1077:        20      201        5 ->         5
diploid_resolve_locus   1078:        17      254        8 ->        17
diploid_resolve_locus   1079:        17      292       13 ->        13
diploid_resolve_locus   1080:        13       73        2 ->         2
diploid_resolve_locus   1081:        19      218        8 ->         9
diploid_resolve_locus   1082:        20     1230       41 ->        79
diploid_resolve_locus   1083:        17      207       11 ->        12
diploid_resolve_locus   1084:        20      265        7 ->         8
diploid_resolve_locus   1085:        20      171       12 ->        22
diploid_resolve_locus   1086:        12      146        4 ->         4
diploid_resolve_locus   1087:        20      175        1 ->         1
diploid_resolve_locus   1088:         7      264        2 ->         2
diploid_resolve_locus   1089:        17      793       32 ->        48
diploid_resolve_locus   1090:        14      237       10 ->        10
diploid_resolve_locus   1091:        12      454        9 ->         9
diploid_resolve_locus   1092:         4       55        1 ->         1
diploid_resolve_locus   1093:        13       91        2 ->         2
diploid_resolve_locus   1094:         9      342       18 ->        21
diploid_resolve_locus   1095:         6       87        6 ->         7
diploid_resolve_locus   1096:        20      716       30 ->        34
diploid_resolve_locus   1097:        19      630       22 ->        25
diploid_resolve_locus   1098:        20      237        2 ->         2
diploid_resolve_locus   1099:        19       81        2 ->         2
diploid_resolve_locus   1100:         3      280        6 ->         6
diploid_resolve_locus   1101:         2       98        2 ->         2
diploid_resolve_locus   1102:         4      216        4 ->         4
diploid_resolve_locus   1103:         8      273        4 ->         4
diploid_resolve_locus   1104:        12       92        3 ->         3
diploid_resolve_locus   1105:         2      186        1 ->         1
diploid_resolve_locus   1106:         5      282        7 ->         7
diploid_resolve_locus   1107:        13       71        3 ->         3
diploid_resolve_locus   1108:         8      244        5 ->         6
diploid_resolve_locus   1109:        18      287       20 ->        92
diploid_resolve_locus   1110:         3      227        1 ->         1
diploid_resolve_locus   1111:        20      112        5 ->         9
diploid_resolve_locus   1112:        18      641       39 ->        86
diploid_resolve_locus   1113:        17      279       16 ->        27
diploid_resolve_locus   1114:         2      276        3 ->         3
diploid_resolve_locus   1115:         4      285       13 ->        20
diploid_resolve_locus   1116:         2      282        4 ->         4
diploid_resolve_locus   1117:        18      178        7 ->        29
diploid_resolve_locus   1118:        17      532       20 ->        38
diploid_resolve_locus   1119:         2      279        4 ->         4
diploid_resolve_locus   1120:        16      124        7 ->         7
diploid_resolve_locus   1121:        11      278        9 ->         9
diploid_resolve_locus   1122:        15      149       11 ->        19
diploid_resolve_locus   1123:        17       94        4 ->         4
diploid_resolve_locus   1124:        19       72        4 ->         4
diploid_resolve_locus   1125:         3      164        1 ->         1
diploid_resolve_locus   1126:        20      179        3 ->         3
diploid_resolve_locus   1127:        20      154        9 ->        12
diploid_resolve_locus   1128:        14      158        2 ->         3
diploid_resolve_locus   1129:        20      219        2 ->         2
diploid_resolve_locus   1130:         3       87        1 ->         1
diploid_resolve_locus   1131:         9      145       16 ->        22
diploid_resolve_locus   1132:        19      124       10 ->        14
diploid_resolve_locus   1133:         2      280        4 ->         4
diploid_resolve_locus   1134:         6      134        1 ->         1
diploid_resolve_locus   1135:        16       72        8 ->        11
diploid_resolve_locus   1136:        19      234        4 ->         5
diploid_resolve_locus   1137:        20      153        1 ->         1
diploid_resolve_locus   1138:        20      305       11 ->        14
diploid_resolve_locus   1139:        17       61        1 ->         1
diploid_resolve_locus   1140:        20      105        4 ->         4
diploid_resolve_locus   1141:        20      974       42 ->       133
diploid_resolve_locus   1142:        18       63        3 ->         3
diploid_resolve_locus   1143:         4      126        2 ->         2
diploid_resolve_locus   1144:        20      408       25 ->        26
diploid_resolve_locus   1145:        14       51        2 ->         2
diploid_resolve_locus   1146:        12       49        4 ->         4
diploid_resolve_locus   1147:         3      135        3 ->         3
diploid_resolve_locus   1148:         4      274       11 ->        20
diploid_resolve_locus   1149:        13       83        7 ->        18
diploid_resolve_locus   1150:         2      280       12 ->        21
diploid_resolve_locus   1151:         6      102       10 ->        16
diploid_resolve_locus   1152:         9      282       14 ->        15
diploid_resolve_locus   1153:        20      336       16 ->        27
diploid_resolve_locus   1154:        11      116        2 ->         2
diploid_resolve_locus   1155:        10      164        3 ->         3
diploid_resolve_locus   1156:         7       68        5 ->         6
diploid_resolve_locus   1157:         7      286       15 ->        22
diploid_resolve_locus   1158:         7      287        8 ->        13
diploid_resolve_locus   1159:        18      544       28 ->       608
diploid_resolve_locus   1160:        19      389       17 ->        81
diploid_resolve_locus   1161:        11      283       14 ->       203
diploid_resolve_locus   1162:         9      401       15 ->        18
diploid_resolve_locus   1163:         6      278       14 ->        23
diploid_resolve_locus   1164:         9      292        2 ->         2
diploid_resolve_locus   1165:         2      192        1 ->         1
diploid_resolve_locus   1166:         9      280        6 ->         6
diploid_resolve_locus   1167:         7     1252       18 ->        38
diploid_resolve_locus   1168:         9      178        1 ->         1
diploid_resolve_locus   1169:         4       86        2 ->         2
diploid_resolve_locus   1170:        18      437       16 ->        51
diploid_resolve_locus   1171:         6      540       17 ->        26
diploid_resolve_locus   1172:         7      255       10 ->        21
diploid_resolve_locus   1173:        14       78        3 ->         3
diploid_resolve_locus   1174:        20      233        9 ->        10
diploid_resolve_locus   1175:        14      286       10 ->        12
diploid_resolve_locus   1176:        20      130        4 ->         4
diploid_resolve_locus   1177:         5      282        5 ->         5
diploid_resolve_locus   1178:         3      550        8 ->         9
diploid_resolve_locus   1179:        19      439       16 ->        23
diploid_resolve_locus   1180:        16      233        7 ->         7
diploid_resolve_locus   1181:        15      820       28 ->        32
diploid_resolve_locus   1182:        16      426       22 ->        53
diploid_resolve_locus   1183:        20      225       12 ->        13
diploid_resolve_locus   1184:         5      270        8 ->        10
diploid_resolve_locus   1185:        17      239        9 ->         9
diploid_resolve_locus   1186:        20      221        5 ->         9
diploid_resolve_locus   1187:        20       56        3 ->         3
diploid_resolve_locus   1188:        15      259       15 ->        16
diploid_resolve_locus   1189:        18       69        4 ->         4
diploid_resolve_locus   1190:        19      196        8 ->        52
diploid_resolve_locus   1191:        12      482       14 ->        17
diploid_resolve_locus   1192:        20      146       12 ->        13
diploid_resolve_locus   1193:         9      348       15 ->        15
diploid_resolve_locus   1194:        16      269       16 ->        18
diploid_resolve_locus   1195:        20       95        2 ->         2
diploid_resolve_locus   1196:        15      285       33 ->        35
diploid_resolve_locus   1197:        17      111        4 ->         4
diploid_resolve_locus   1198:         3      372        3 ->         3
diploid_resolve_locus   1199:        20      553       26 ->        45
diploid_resolve_locus   1200:        19     1024       42 ->       108
diploid_resolve_locus   1201:        12      542       25 ->        31
diploid_resolve_locus   1202:        20      189        4 ->         4
diploid_resolve_locus   1203:         6      194        5 ->         6
diploid_resolve_locus   1204:        15      269       15 ->        26
diploid_resolve_locus   1205:        20       92        4 ->         4
diploid_resolve_locus   1206:        19      147        6 ->         7
diploid_resolve_locus   1207:        19      187        4 ->         9
diploid_resolve_locus   1208:        20      268        6 ->         6
diploid_resolve_locus   1209:        17      265        6 ->         6
diploid_resolve_locus   1210:        12      110        2 ->         2
diploid_resolve_locus   1211:         9      188        3 ->         3
diploid_resolve_locus   1212:        20       87        3 ->         3
diploid_resolve_locus   1213:        20      493       12 ->        18
diploid_resolve_locus   1214:         3      280        5 ->         5
diploid_resolve_locus   1215:        19      254       16 ->        24
diploid_resolve_locus   1216:        20      200       11 ->        44
diploid_resolve_locus   1217:         4       61        2 ->         2
diploid_resolve_locus   1218:         4      157        3 ->         3
diploid_resolve_locus   1219:        15      288       14 ->        17
diploid_resolve_locus   1220:        16      222       15 ->       164
diploid_resolve_locus   1221:         2      196        2 ->         2
diploid_resolve_locus   1222:        11       69        6 ->         6
diploid_resolve_locus   1223:         2      213        3 ->         3
diploid_resolve_locus   1224:        17      210       13 ->        78
diploid_resolve_locus   1225:         5      292       15 ->        20
diploid_resolve_locus   1226:        15       72        6 ->         7
diploid_resolve_locus   1227:         2       38        1 ->         1
diploid_resolve_locus   1228:         2      278        3 ->         3
diploid_resolve_locus   1229:         4      281        8 ->         8
diploid_resolve_locus   1230:         5      279       16 ->        19
diploid_resolve_locus   1231:        11      173        8 ->        11
diploid_resolve_locus   1232:         4      141        4 ->         4
diploid_resolve_locus   1233:        16      110        4 ->         4
diploid_resolve_locus   1234:        17      270       16 ->        24
diploid_resolve_locus   1235:        20       79        7 ->         7
diploid_resolve_locus   1236:        19       69        2 ->         2
diploid_resolve_locus   1237:        20      143        2 ->         2
diploid_resolve_locus   1238:        16      182        3 ->         3
diploid_resolve_locus   1239:        20      292       17 ->        21
diploid_resolve_locus   1240:        20       91        3 ->         3
diploid_resolve_locus   1241:         2      245        2 ->         2
diploid_resolve_locus   1242:         2      279        2 ->         2
diploid_resolve_locus   1243:         3      144        2 ->         2
diploid_resolve_locus   1244:        20      157        3 ->         4
diploid_resolve_locus   1245:        19      292       20 ->        20
diploid_resolve_locus   1246:        20      330        9 ->        11
diploid_resolve_locus   1247:         3       48        2 ->         2
diploid_resolve_locus   1248:        20      196        8 ->        10
diploid_resolve_locus   1249:        20       95        4 ->         4
diploid_resolve_locus   1250:        19       97        5 ->         5
diploid_resolve_locus   1251:        17      146        7 ->         8
diploid_resolve_locus   1252:        20      120        7 ->         7
diploid_resolve_locus   1253:         7      209        9 ->        22
diploid_resolve_locus   1254:         5      267        7 ->         8
diploid_resolve_locus   1255:         6      279        6 ->         6
diploid_resolve_locus   1256:        20       69        2 ->         2
diploid_resolve_locus   1257:         4      280        8 ->         8
diploid_resolve_locus   1258:         9      426       14 ->        15
diploid_resolve_locus   1259:        20      365       12 ->        12
diploid_resolve_locus   1260:        14      527       16 ->        17
diploid_resolve_locus   1261:        11      330       16 ->        18
diploid_resolve_locus   1262:         7       51        3 ->         3
diploid_resolve_locus   1263:         4       70        2 ->         2
diploid_resolve_locus   1264:        16      261       13 ->        18
diploid_resolve_locus   1265:         9      197        6 ->         6
diploid_resolve_locus   1266:        20       92        4 ->         5
diploid_resolve_locus   1267:        13      129        3 ->         3
diploid_resolve_locus   1268:        16      465       16 ->        67
diploid_resolve_locus   1269:         2      275        6 ->         6
diploid_resolve_locus   1270:         3      362        9 ->         9
diploid_resolve_locus   1271:         4       54        2 ->         2
diploid_resolve_locus   1272:         2       72        1 ->         1
diploid_resolve_locus   1273:         3      281        3 ->         3
diploid_resolve_locus   1274:        20      367       15 ->        19
diploid_resolve_locus   1275:         3      453        3 ->         3
diploid_resolve_locus   1276:        10      290       12 ->        12
diploid_resolve_locus   1277:        18       90        3 ->         3
diploid_resolve_locus   1278:         3      280        4 ->         4
diploid_resolve_locus   1279:        18      161        6 ->         7
diploid_resolve_locus   1280:         6      154        2 ->         2
diploid_resolve_locus   1281:         9      281       10 ->        16
diploid_resolve_locus   1282:        20      236       12 ->        16
diploid_resolve_locus   1283:        17      102        2 ->         2
diploid_resolve_locus   1284:        13      386       13 ->       152
diploid_resolve_locus   1285:        19      132        5 ->         7
diploid_resolve_locus   1286:         4      129       10 ->        12
diploid_resolve_locus   1287:         4      279        6 ->         6
diploid_resolve_locus   1288:         2       85        2 ->         2
diploid_resolve_locus   1289:        18      529       11 ->        14
diploid_resolve_locus   1290:        14      286       21 ->        33
diploid_resolve_locus   1291:        17      234       12 ->        13
diploid_resolve_locus   1292:        16      692       20 ->        26
diploid_resolve_locus   1293:        20      455       16 ->        40
diploid_resolve_locus   1294:        19       63        3 ->         3
diploid_resolve_locus   1295:        18      121        5 ->         5
diploid_resolve_locus   1296:         3      196        2 ->         2
diploid_resolve_locus   1297:        20      161        5 ->         5
diploid_resolve_locus   1298:        19      196        7 ->        10
diploid_resolve_locus   1299:        11      177        7 ->         9
diploid_resolve_locus   1300:        20      291       26 ->        40
diploid_resolve_locus   1301:        18       52        2 ->         2
diploid_resolve_locus   1302:        20      326        6 ->         6
diploid_resolve_locus   1303:        17      110        3 ->         3
diploid_resolve_locus   1304:        20      121        4 ->         4
diploid_resolve_locus   1305:        20      147        8 ->         8
diploid_resolve_locus   1306:         2      202        2 ->         2
diploid_resolve_locus   1307:         3       53        1 ->         1
diploid_resolve_locus   1308:        13      284       17 ->        19
diploid_resolve_locus   1309:         2      549        4 ->         4
diploid_resolve_locus   1310:         5      272       12 ->        14
diploid_resolve_locus   1311:         8      332       12 ->        12
diploid_resolve_locus   1312:        17      117        5 ->         5
diploid_resolve_locus   1313:         2      163        2 ->         2
diploid_resolve_locus   1314:        16       97        2 ->         2
diploid_resolve_locus   1315:        10      146        5 ->         5
diploid_resolve_locus   1316:        20      165        6 ->         7
diploid_resolve_locus   1317:        18      293       14 ->        16
diploid_resolve_locus   1318:         8       78        3 ->         3
diploid_resolve_locus   1319:         2      282        4 ->         4
diploid_resolve_locus   1320:         8      232        6 ->         6
diploid_resolve_locus   1321:         3      258       10 ->        14
diploid_resolve_locus   1322:        12      278       12 ->        13
diploid_resolve_locus   1323:        19      123       10 ->        49
diploid_resolve_locus   1324:         2      237        6 ->         8
diploid_resolve_locus   1325:         4       47        2 ->         2
diploid_resolve_locus   1326:         2      279        5 ->         5
diploid_resolve_locus   1327:        20      707       32 ->        35
diploid_resolve_locus   1328:         9      226       10 ->        10
diploid_resolve_locus   1329:        18      292       15 ->        15
diploid_resolve_locus   1330:        10      249       10 ->        10
diploid_resolve_locus   1331:         9      235       20 ->        28
diploid_resolve_locus   1332:         6      281       15 ->        15
diploid_resolve_locus   1333:         9      405       17 ->        20
diploid_resolve_locus   1334:        14      130        2 ->         2
diploid_resolve_locus   1335:        20      518       10 ->        10
diploid_resolve_locus   1336:         4       59        1 ->         1
diploid_resolve_locus   1337:         7      250        9 ->        11
diploid_resolve_locus   1338:        18      143        4 ->         4
diploid_resolve_locus   1339:        19      239        7 ->         8
diploid_resolve_locus   1340:         7      380        4 ->         4
diploid_resolve_locus   1341:        16      433       30 ->       112
diploid_resolve_locus   1342:        10      378       14 ->        19
diploid_resolve_locus   1343:         5      278       11 ->        15
diploid_resolve_locus   1344:        18      337       13 ->        22
diploid_resolve_locus   1345:        20      215        6 ->         6
diploid_resolve_locus   1346:         9      279        8 ->         8
diploid_resolve_locus   1347:        19      428       13 ->        20
diploid_resolve_locus   1348:        20      132        5 ->         8
diploid_resolve_locus   1349:        20      585       15 ->        22
diploid_resolve_locus   1350:        20      387        8 ->        11
diploid_resolve_locus   1351:        20      110        8 ->        10
diploid_resolve_locus   1352:        16      198        9 ->        13
diploid_resolve_locus   1353:        20      356       17 ->        61
diploid_resolve_locus   1354:        13      278       18 ->        22
diploid_resolve_locus   1355:         3      287        4 ->         4
diploid_resolve_locus   1356:         6      109        6 ->         6
diploid_resolve_locus   1357:        18      225        8 ->       230
diploid_resolve_locus   1358:        10      153        4 ->         4
diploid_resolve_locus   1359:        13       57        2 ->         2
diploid_resolve_locus   1360:         8      283       18 ->        19
diploid_resolve_locus   1361:        18      140        9 ->         9
diploid_resolve_locus   1362:        19      429       20 ->        44
diploid_resolve_locus   1363:         9      189        5 ->         5
diploid_resolve_locus   1364:        20      224        7 ->        11
diploid_resolve_locus   1365:        20      179        1 ->         1
diploid_resolve_locus   1366:        20      129        2 ->         2
diploid_resolve_locus   1367:        20       96        3 ->         3
diploid_resolve_locus   1368:        17      262       10 ->        27
diploid_resolve_locus   1369:        10      419       18 ->        20
diploid_resolve_locus   1370:         7      209        7 ->         8
diploid_resolve_locus   1371:        18      130        9 ->        50
diploid_resolve_locus   1372:         4      285        7 ->         8
diploid_resolve_locus   1373:         6      208        7 ->         9
diploid_resolve_locus   1374:        20      292       15 ->        15
diploid_resolve_locus   1375:        20       97        7 ->         7
diploid_resolve_locus   1376:        19      149        5 ->        15
diploid_resolve_locus   1377:        12      286       14 ->        19
diploid_resolve_locus   1378:        20      129        2 ->         2
diploid_resolve_locus   1379:        20      335       14 ->        30
diploid_resolve_locus   1380:         2      285        5 ->         5
diploid_resolve_locus   1381:         8      286       14 ->        14
diploid_resolve_locus   1382:         2       98        1 ->         1
diploid_resolve_locus   1383:        11      189        6 ->         6
diploid_resolve_locus   1384:        13      292       19 ->        19
diploid_resolve_locus   1385:        20       70        4 ->         4
ajan_BABY6724 -> ajan (diploid=1)
ajan_DW655 -> ajan (diploid=1)
ajan_DW663 -> ajan (diploid=1)
ajan_esa36 -> ajan (diploid=1)
ajan_wdb38 -> ajan (diploid=1)
ajan_ODP48916 -> ajan (diploid=1)
ajancf_SLM01 -> ajan (diploid=1)
ajancf_SLM05 -> ajan (diploid=1)
ajancf_SLM10 -> ajan (diploid=1)
alas_BABY422 -> alas (diploid=1)
alas_BABY4577 -> alas (diploid=1)
alas_BABY6558 -> alas (diploid=1)
alas_DW641 -> alas (diploid=1)
alas_DW646 -> alas (diploid=1)
alas_ODP43138 -> alas (diploid=1)
alas_ODP7414 -> alas (diploid=1)
alas_ODP7415 -> alas (diploid=1)
alas_ODP7424 -> alas (diploid=1)
alas_ODP7429 -> alas (diploid=1)
alas_ODP7432 -> alas (diploid=1)


ajan_BABY6724.1 -> ajan (diploid=1)
ajan_BABY6724.2 -> ajan (diploid=1)
ajan_DW655.1 -> ajan (diploid=1)
ajan_DW655.2 -> ajan (diploid=1)
ajan_DW663.1 -> ajan (diploid=1)
ajan_DW663.2 -> ajan (diploid=1)
ajan_esa36.1 -> ajan (diploid=1)
ajan_esa36.2 -> ajan (diploid=1)
ajan_wdb38.1 -> ajan (diploid=1)
ajan_wdb38.2 -> ajan (diploid=1)
ajan_ODP48916.1 -> ajan (diploid=1)
ajan_ODP48916.2 -> ajan (diploid=1)
ajancf_SLM01.1 -> ajan (diploid=1)
ajancf_SLM01.2 -> ajan (diploid=1)
ajancf_SLM05.1 -> ajan (diploid=1)
ajancf_SLM05.2 -> ajan (diploid=1)
ajancf_SLM10.1 -> ajan (diploid=1)
ajancf_SLM10.2 -> ajan (diploid=1)
alas_BABY422.1 -> alas (diploid=1)
alas_BABY422.2 -> alas (diploid=1)
alas_BABY4577.1 -> alas (diploid=1)
alas_BABY4577.2 -> alas (diploid=1)
alas_BABY6558.1 -> alas (diploid=1)
alas_BABY6558.2 -> alas (diploid=1)
alas_DW641.1 -> alas (diploid=1)
alas_DW641.2 -> alas (diploid=1)
alas_DW646.1 -> alas (diploid=1)
alas_DW646.2 -> alas (diploid=1)
alas_ODP43138.1 -> alas (diploid=1)
alas_ODP43138.2 -> alas (diploid=1)
alas_ODP7414.1 -> alas (diploid=1)
alas_ODP7414.2 -> alas (diploid=1)
alas_ODP7415.1 -> alas (diploid=1)
alas_ODP7415.2 -> alas (diploid=1)
alas_ODP7424.1 -> alas (diploid=1)
alas_ODP7424.2 -> alas (diploid=1)
alas_ODP7429.1 -> alas (diploid=1)
alas_ODP7429.2 -> alas (diploid=1)
alas_ODP7432.1 -> alas (diploid=1)
alas_ODP7432.2 -> alas (diploid=1)

Summary of alignments *after* phasing sequences:
 Locus | Model | Sequences | Length | Ambiguous sites | Compressed | Base freqs 
-------+-------+-----------+--------+-----------------+------------+------------
     1 |  JC69 |         8 |    137 |               0 |          1 |      Fixed 
     2 |  JC69 |        40 |    397 |             116 |         19 |      Fixed 
     3 |  JC69 |         4 |    281 |              11 |          5 |      Fixed 
     4 |  JC69 |        38 |    449 |               5 |         19 |      Fixed 
     5 |  JC69 |        16 |    265 |               7 |          7 |      Fixed 
     6 |  JC69 |         6 |     51 |               0 |          1 |      Fixed 
     7 |  JC69 |        12 |    239 |              60 |         11 |      Fixed 
     8 |  JC69 |        34 |    499 |             292 |         52 |      Fixed 
     9 |  JC69 |         4 |    554 |             133 |          3 |      Fixed 
    10 |  JC69 |        12 |    287 |              32 |         12 |      Fixed 
    11 |  JC69 |        40 |    488 |             419 |         59 |      Fixed 
    12 |  JC69 |        36 |    288 |              92 |         11 |      Fixed 
    13 |  JC69 |         6 |    274 |               1 |          2 |      Fixed 
    14 |  JC69 |         6 |    112 |              11 |          3 |      Fixed 
    15 |  JC69 |         4 |    280 |               4 |          3 |      Fixed 
    16 |  JC69 |         6 |    161 |               0 |          2 |      Fixed 
    17 |  JC69 |        40 |    273 |               3 |          5 |      Fixed 
    18 |  JC69 |         4 |    132 |               0 |          1 |      Fixed 
    19 |  JC69 |         6 |     86 |               0 |          1 |      Fixed 
    20 |  JC69 |        14 |    279 |              23 |         13 |      Fixed 
    21 |  JC69 |        38 |    167 |               8 |         13 |      Fixed 
    22 |  JC69 |        26 |    254 |              96 |         11 |      Fixed 
    23 |  JC69 |        40 |    412 |              16 |         19 |      Fixed 
    24 |  JC69 |        40 |    182 |               3 |          6 |      Fixed 
    25 |  JC69 |         8 |    214 |               6 |          6 |      Fixed 
    26 |  JC69 |        12 |    278 |              13 |          7 |      Fixed 
    27 |  JC69 |         8 |    105 |               1 |          2 |      Fixed 
    28 |  JC69 |        32 |    206 |              93 |        162 |      Fixed 
    29 |  JC69 |        12 |     62 |               5 |          2 |      Fixed 
    30 |  JC69 |        10 |    242 |              41 |          7 |      Fixed 
    31 |  JC69 |        22 |    563 |             379 |         59 |      Fixed 
    32 |  JC69 |        36 |    261 |             125 |         19 |      Fixed 
    33 |  JC69 |         6 |    145 |              34 |         11 |      Fixed 
    34 |  JC69 |        40 |    167 |              81 |         14 |      Fixed 
    35 |  JC69 |        30 |    629 |             366 |         56 |      Fixed 
    36 |  JC69 |        30 |    117 |               2 |          3 |      Fixed 
    37 |  JC69 |         6 |    283 |              24 |          8 |      Fixed 
    38 |  JC69 |        24 |    178 |              10 |         10 |      Fixed 
    39 |  JC69 |        38 |     48 |               1 |          2 |      Fixed 
    40 |  JC69 |        38 |    349 |             107 |         20 |      Fixed 
    41 |  JC69 |         8 |     71 |               6 |          3 |      Fixed 
    42 |  JC69 |         4 |    159 |              70 |          4 |      Fixed 
    43 |  JC69 |        22 |     86 |              16 |         26 |      Fixed 
    44 |  JC69 |        20 |    247 |              17 |         11 |      Fixed 
    45 |  JC69 |        18 |    123 |               6 |          4 |      Fixed 
    46 |  JC69 |         6 |    222 |               6 |          4 |      Fixed 
    47 |  JC69 |        10 |    209 |              14 |          8 |      Fixed 
    48 |  JC69 |         4 |    280 |              17 |          6 |      Fixed 
    49 |  JC69 |         4 |    229 |               1 |          2 |      Fixed 
    50 |  JC69 |        12 |    222 |              33 |         12 |      Fixed 
    51 |  JC69 |        18 |    465 |             151 |         55 |      Fixed 
    52 |  JC69 |        40 |     97 |               2 |          3 |      Fixed 
    53 |  JC69 |         4 |    102 |               0 |          1 |      Fixed 
    54 |  JC69 |         6 |    271 |               4 |          4 |      Fixed 
    55 |  JC69 |        22 |    564 |              33 |         34 |      Fixed 
    56 |  JC69 |        12 |    522 |             253 |         14 |      Fixed 
    57 |  JC69 |         6 |    284 |               5 |          5 |      Fixed 
    58 |  JC69 |         4 |     95 |               0 |          1 |      Fixed 
    59 |  JC69 |        40 |    111 |               5 |          5 |      Fixed 
    60 |  JC69 |        18 |    268 |              15 |         12 |      Fixed 
    61 |  JC69 |        40 |    152 |              74 |         18 |      Fixed 
    62 |  JC69 |        40 |    138 |               9 |          8 |      Fixed 
    63 |  JC69 |        38 |     99 |               5 |          4 |      Fixed 
    64 |  JC69 |        38 |     60 |               2 |          3 |      Fixed 
    65 |  JC69 |        16 |    132 |               2 |          3 |      Fixed 
    66 |  JC69 |        12 |    211 |               7 |          4 |      Fixed 
    67 |  JC69 |        38 |    133 |               6 |          5 |      Fixed 
    68 |  JC69 |         4 |     81 |               5 |          2 |      Fixed 
    69 |  JC69 |         4 |     47 |               0 |          1 |      Fixed 
    70 |  JC69 |        10 |    278 |              48 |          7 |      Fixed 
    71 |  JC69 |        20 |     70 |              10 |          4 |      Fixed 
    72 |  JC69 |         6 |     95 |              45 |          3 |      Fixed 
    73 |  JC69 |         4 |     98 |               6 |          3 |      Fixed 
    74 |  JC69 |         4 |    118 |               0 |          1 |      Fixed 
    75 |  JC69 |         4 |    152 |               0 |          1 |      Fixed 
    76 |  JC69 |        38 |    301 |              10 |          9 |      Fixed 
    77 |  JC69 |        34 |    189 |               6 |        113 |      Fixed 
    78 |  JC69 |        38 |    194 |              12 |         25 |      Fixed 
    79 |  JC69 |        34 |     83 |               7 |         11 |      Fixed 
    80 |  JC69 |         6 |    279 |              17 |          6 |      Fixed 
    81 |  JC69 |         8 |     88 |               5 |          5 |      Fixed 
    82 |  JC69 |        30 |    102 |              12 |          9 |      Fixed 
    83 |  JC69 |         6 |     89 |               5 |          3 |      Fixed 
    84 |  JC69 |         6 |     93 |               8 |          9 |      Fixed 
    85 |  JC69 |        10 |    121 |               6 |          5 |      Fixed 
    86 |  JC69 |         6 |     45 |               0 |          1 |      Fixed 
    87 |  JC69 |         4 |    174 |              24 |          5 |      Fixed 
    88 |  JC69 |         4 |    278 |              28 |          5 |      Fixed 
    89 |  JC69 |        18 |     53 |               3 |          4 |      Fixed 
    90 |  JC69 |         4 |    143 |               1 |          3 |      Fixed 
    91 |  JC69 |        12 |     78 |              13 |         14 |      Fixed 
    92 |  JC69 |        10 |     65 |              28 |         10 |      Fixed 
    93 |  JC69 |        10 |     54 |               1 |          3 |      Fixed 
    94 |  JC69 |         4 |    105 |               1 |          3 |      Fixed 
    95 |  JC69 |         4 |     95 |               0 |          2 |      Fixed 
    96 |  JC69 |         8 |     62 |               0 |          1 |      Fixed 
    97 |  JC69 |         6 |     79 |              23 |          5 |      Fixed 
    98 |  JC69 |        16 |     55 |               5 |          3 |      Fixed 
    99 |  JC69 |         4 |    229 |               6 |          5 |      Fixed 
   100 |  JC69 |         4 |     67 |               0 |          1 |      Fixed 
   101 |  JC69 |         4 |     64 |               0 |          1 |      Fixed 
   102 |  JC69 |         4 |    278 |              31 |          6 |      Fixed 
   103 |  JC69 |        38 |    102 |               2 |          3 |      Fixed 
   104 |  JC69 |        40 |    117 |               6 |         19 |      Fixed 
   105 |  JC69 |         4 |    463 |             186 |          4 |      Fixed 
   106 |  JC69 |         6 |    154 |              17 |          3 |      Fixed 
   107 |  JC69 |         6 |    147 |               0 |          1 |      Fixed 
   108 |  JC69 |         6 |    244 |               8 |          6 |      Fixed 
   109 |  JC69 |        32 |    143 |              13 |         14 |      Fixed 
   110 |  JC69 |         6 |    276 |             131 |          4 |      Fixed 
   111 |  JC69 |        34 |    133 |              20 |         21 |      Fixed 
   112 |  JC69 |        40 |     99 |               2 |          3 |      Fixed 
   113 |  JC69 |         6 |     53 |               1 |          2 |      Fixed 
   114 |  JC69 |         8 |     59 |               7 |          7 |      Fixed 
   115 |  JC69 |         8 |    282 |               9 |          8 |      Fixed 
   116 |  JC69 |        20 |    161 |               5 |          5 |      Fixed 
   117 |  JC69 |        10 |     76 |              36 |          6 |      Fixed 
   118 |  JC69 |        34 |    270 |              40 |         49 |      Fixed 
   119 |  JC69 |        40 |     73 |               8 |         10 |      Fixed 
   120 |  JC69 |         6 |    160 |               8 |          6 |      Fixed 
   121 |  JC69 |         4 |     52 |               0 |          1 |      Fixed 
   122 |  JC69 |        38 |    191 |               7 |         13 |      Fixed 
   123 |  JC69 |        18 |    146 |               2 |          4 |      Fixed 
   124 |  JC69 |        22 |    155 |               4 |          6 |      Fixed 
   125 |  JC69 |        40 |    178 |               6 |          8 |      Fixed 
   126 |  JC69 |        12 |    225 |              21 |         15 |      Fixed 
   127 |  JC69 |        10 |    151 |              11 |          9 |      Fixed 
   128 |  JC69 |        30 |    218 |             108 |         21 |      Fixed 
   129 |  JC69 |        14 |    124 |               5 |          8 |      Fixed 
   130 |  JC69 |        22 |    146 |              20 |          7 |      Fixed 
   131 |  JC69 |        14 |     96 |               5 |          7 |      Fixed 
   132 |  JC69 |        40 |    245 |               4 |          5 |      Fixed 
   133 |  JC69 |        14 |    130 |              15 |          6 |      Fixed 
   134 |  JC69 |        10 |     58 |               2 |          3 |      Fixed 
   135 |  JC69 |         6 |    252 |               0 |          2 |      Fixed 
   136 |  JC69 |        26 |    113 |               3 |          4 |      Fixed 
   137 |  JC69 |        10 |     71 |               0 |          1 |      Fixed 
   138 |  JC69 |         4 |    273 |               0 |          2 |      Fixed 
   139 |  JC69 |        10 |     99 |               0 |          1 |      Fixed 
   140 |  JC69 |         6 |    216 |              13 |          8 |      Fixed 
   141 |  JC69 |        16 |    212 |               9 |          8 |      Fixed 
   142 |  JC69 |        40 |    591 |             401 |         65 |      Fixed 
   143 |  JC69 |        38 |    417 |             291 |         21 |      Fixed 
   144 |  JC69 |        24 |    265 |               9 |         11 |      Fixed 
   145 |  JC69 |        40 |     65 |               0 |          1 |      Fixed 
   146 |  JC69 |         4 |     51 |               0 |          1 |      Fixed 
   147 |  JC69 |        30 |     54 |               2 |          2 |      Fixed 
   148 |  JC69 |         4 |     53 |               3 |          3 |      Fixed 
   149 |  JC69 |         8 |    160 |              51 |          2 |      Fixed 
   150 |  JC69 |         4 |    225 |               9 |          5 |      Fixed 
   151 |  JC69 |         6 |    279 |              13 |          9 |      Fixed 
   152 |  JC69 |        12 |    147 |               9 |          9 |      Fixed 
   153 |  JC69 |        22 |    160 |              13 |         29 |      Fixed 
   154 |  JC69 |        32 |    308 |             154 |         14 |      Fixed 
   155 |  JC69 |        26 |    833 |             684 |         52 |      Fixed 
   156 |  JC69 |         8 |    142 |               5 |          3 |      Fixed 
   157 |  JC69 |        18 |    215 |               8 |         26 |      Fixed 
   158 |  JC69 |        40 |    171 |               1 |          2 |      Fixed 
   159 |  JC69 |         4 |    101 |               0 |          2 |      Fixed 
   160 |  JC69 |         4 |    129 |               0 |          1 |      Fixed 
   161 |  JC69 |        24 |    104 |               0 |          1 |      Fixed 
   162 |  JC69 |        22 |    131 |               0 |          1 |      Fixed 
   163 |  JC69 |        12 |    146 |              11 |          8 |      Fixed 
   164 |  JC69 |        40 |    420 |              10 |         74 |      Fixed 
   165 |  JC69 |        32 |    443 |             217 |         35 |      Fixed 
   166 |  JC69 |         6 |     41 |               0 |          1 |      Fixed 
   167 |  JC69 |        20 |    324 |              66 |         20 |      Fixed 
   168 |  JC69 |        34 |    153 |               0 |          1 |      Fixed 
   169 |  JC69 |         4 |    118 |               0 |          1 |      Fixed 
   170 |  JC69 |        26 |    211 |              18 |         34 |      Fixed 
   171 |  JC69 |         4 |    505 |             244 |          5 |      Fixed 
   172 |  JC69 |        22 |     98 |               4 |          9 |      Fixed 
   173 |  JC69 |         4 |    181 |               0 |          1 |      Fixed 
   174 |  JC69 |         4 |    136 |               2 |          3 |      Fixed 
   175 |  JC69 |        32 |    429 |               4 |          5 |      Fixed 
   176 |  JC69 |        24 |    358 |              13 |          9 |      Fixed 
   177 |  JC69 |        34 |    152 |              17 |         12 |      Fixed 
   178 |  JC69 |         6 |    193 |               1 |          2 |      Fixed 
   179 |  JC69 |        22 |    187 |              20 |         26 |      Fixed 
   180 |  JC69 |         8 |    199 |               1 |          2 |      Fixed 
   181 |  JC69 |        30 |    368 |             175 |         19 |      Fixed 
   182 |  JC69 |        32 |     80 |              12 |         10 |      Fixed 
   183 |  JC69 |        26 |     92 |               0 |          2 |      Fixed 
   184 |  JC69 |        40 |    292 |              32 |         35 |      Fixed 
   185 |  JC69 |         4 |    136 |               0 |          1 |      Fixed 
   186 |  JC69 |         6 |     42 |               0 |          1 |      Fixed 
   187 |  JC69 |         8 |    282 |              21 |         11 |      Fixed 
   188 |  JC69 |        40 |    146 |               5 |          8 |      Fixed 
   189 |  JC69 |         4 |    217 |               2 |          2 |      Fixed 
   190 |  JC69 |         6 |    272 |              79 |          5 |      Fixed 
   191 |  JC69 |         8 |    291 |              26 |          4 |      Fixed 
   192 |  JC69 |        26 |    404 |             204 |         36 |      Fixed 
   193 |  JC69 |        18 |    286 |              14 |         12 |      Fixed 
   194 |  JC69 |        34 |     60 |               2 |          4 |      Fixed 
   195 |  JC69 |        40 |     92 |               0 |          1 |      Fixed 
   196 |  JC69 |        36 |    150 |              14 |         33 |      Fixed 
   197 |  JC69 |         4 |     86 |               3 |          5 |      Fixed 
   198 |  JC69 |         4 |    210 |              67 |          2 |      Fixed 
   199 |  JC69 |        36 |     67 |               1 |          2 |      Fixed 
   200 |  JC69 |        38 |    149 |              12 |          8 |      Fixed 
   201 |  JC69 |         6 |     92 |               4 |          3 |      Fixed 
   202 |  JC69 |         4 |     67 |              25 |          3 |      Fixed 
   203 |  JC69 |         4 |    192 |               1 |          2 |      Fixed 
   204 |  JC69 |        40 |    386 |             221 |         20 |      Fixed 
   205 |  JC69 |        40 |    495 |             131 |         28 |      Fixed 
   206 |  JC69 |        32 |    286 |              23 |         28 |      Fixed 
   207 |  JC69 |        10 |    144 |               4 |          4 |      Fixed 
   208 |  JC69 |         8 |    278 |              19 |          6 |      Fixed 
   209 |  JC69 |         6 |     73 |               5 |          3 |      Fixed 
   210 |  JC69 |        40 |    209 |               5 |          9 |      Fixed 
   211 |  JC69 |         4 |    283 |              21 |          6 |      Fixed 
   212 |  JC69 |         6 |    280 |              22 |         12 |      Fixed 
   213 |  JC69 |        38 |     85 |               4 |          5 |      Fixed 
   214 |  JC69 |        38 |    318 |              24 |         19 |      Fixed 
   215 |  JC69 |        30 |    211 |              57 |         19 |      Fixed 
   216 |  JC69 |        14 |    153 |               1 |          3 |      Fixed 
   217 |  JC69 |        40 |    195 |               1 |          2 |      Fixed 
   218 |  JC69 |        40 |    103 |               2 |          3 |      Fixed 
   219 |  JC69 |        30 |     92 |               3 |          4 |      Fixed 
   220 |  JC69 |         8 |    234 |               0 |          1 |      Fixed 
   221 |  JC69 |         4 |     89 |               0 |          1 |      Fixed 
   222 |  JC69 |        40 |    173 |              22 |          7 |      Fixed 
   223 |  JC69 |         4 |     53 |              12 |          2 |      Fixed 
   224 |  JC69 |         8 |    278 |              61 |          8 |      Fixed 
   225 |  JC69 |        12 |    278 |               6 |          5 |      Fixed 
   226 |  JC69 |         4 |    133 |               0 |          1 |      Fixed 
   227 |  JC69 |        40 |    137 |              50 |         15 |      Fixed 
   228 |  JC69 |         6 |     90 |               1 |          2 |      Fixed 
   229 |  JC69 |        10 |    365 |              15 |         14 |      Fixed 
   230 |  JC69 |        40 |     87 |               0 |          1 |      Fixed 
   231 |  JC69 |         6 |     83 |               3 |          5 |      Fixed 
   232 |  JC69 |        12 |     92 |               3 |          5 |      Fixed 
   233 |  JC69 |        28 |    113 |               7 |          5 |      Fixed 
   234 |  JC69 |        32 |    230 |               3 |          5 |      Fixed 
   235 |  JC69 |        22 |    143 |               7 |          5 |      Fixed 
   236 |  JC69 |        30 |    243 |              12 |         32 |      Fixed 
   237 |  JC69 |        18 |    234 |              16 |         10 |      Fixed 
   238 |  JC69 |         6 |    282 |              18 |          7 |      Fixed 
   239 |  JC69 |         6 |    282 |               4 |          4 |      Fixed 
   240 |  JC69 |        18 |    233 |              19 |         12 |      Fixed 
   241 |  JC69 |        40 |    212 |              15 |         18 |      Fixed 
   242 |  JC69 |         8 |    251 |               9 |          6 |      Fixed 
   243 |  JC69 |        40 |    389 |              11 |         16 |      Fixed 
   244 |  JC69 |        36 |     51 |               3 |          6 |      Fixed 
   245 |  JC69 |         4 |     74 |               0 |          1 |      Fixed 
   246 |  JC69 |        28 |    167 |               9 |         19 |      Fixed 
   247 |  JC69 |         4 |    142 |              47 |          3 |      Fixed 
   248 |  JC69 |         8 |    113 |               7 |          3 |      Fixed 
   249 |  JC69 |        32 |     55 |               2 |          3 |      Fixed 
   250 |  JC69 |        28 |    336 |             150 |          9 |      Fixed 
   251 |  JC69 |         8 |    225 |              16 |          7 |      Fixed 
   252 |  JC69 |        12 |    282 |              19 |         11 |      Fixed 
   253 |  JC69 |        28 |    288 |              28 |         24 |      Fixed 
   254 |  JC69 |        20 |    202 |              10 |          6 |      Fixed 
   255 |  JC69 |        40 |    304 |              18 |         39 |      Fixed 
   256 |  JC69 |         6 |     75 |               7 |          5 |      Fixed 
   257 |  JC69 |         4 |    226 |               5 |          3 |      Fixed 
   258 |  JC69 |        40 |    253 |             124 |         45 |      Fixed 
   259 |  JC69 |        20 |    110 |              53 |          9 |      Fixed 
   260 |  JC69 |        28 |    146 |              21 |         14 |      Fixed 
   261 |  JC69 |        20 |     61 |               8 |         11 |      Fixed 
   262 |  JC69 |         4 |    123 |               1 |          2 |      Fixed 
   263 |  JC69 |         6 |    455 |             193 |         11 |      Fixed 
   264 |  JC69 |         4 |    156 |               2 |          3 |      Fixed 
   265 |  JC69 |         4 |    406 |              11 |          6 |      Fixed 
   266 |  JC69 |         8 |    283 |              15 |         10 |      Fixed 
   267 |  JC69 |         6 |     74 |              15 |          7 |      Fixed 
   268 |  JC69 |        40 |    161 |               4 |         16 |      Fixed 
   269 |  JC69 |        20 |    104 |               2 |          2 |      Fixed 
   270 |  JC69 |         4 |    362 |              10 |          5 |      Fixed 
   271 |  JC69 |        34 |     82 |               3 |          3 |      Fixed 
   272 |  JC69 |        38 |    176 |              55 |          7 |      Fixed 
   273 |  JC69 |        34 |    292 |              25 |         19 |      Fixed 
   274 |  JC69 |         6 |     88 |               1 |          3 |      Fixed 
   275 |  JC69 |        30 |    151 |              11 |          6 |      Fixed 
   276 |  JC69 |         8 |    278 |             108 |          6 |      Fixed 
   277 |  JC69 |        40 |     92 |               2 |          3 |      Fixed 
   278 |  JC69 |         8 |    302 |              50 |         20 |      Fixed 
   279 |  JC69 |         6 |    263 |             111 |          4 |      Fixed 
   280 |  JC69 |        30 |    229 |             116 |          5 |      Fixed 
   281 |  JC69 |        30 |     86 |               3 |          4 |      Fixed 
   282 |  JC69 |        40 |     80 |               2 |          3 |      Fixed 
   283 |  JC69 |        26 |    123 |               7 |         13 |      Fixed 
   284 |  JC69 |         4 |     51 |               0 |          1 |      Fixed 
   285 |  JC69 |         6 |     46 |               0 |          1 |      Fixed 
   286 |  JC69 |        20 |    280 |             129 |         26 |      Fixed 
   287 |  JC69 |         4 |    124 |               0 |          2 |      Fixed 
   288 |  JC69 |        40 |    227 |               9 |         39 |      Fixed 
   289 |  JC69 |        24 |    264 |             131 |         11 |      Fixed 
   290 |  JC69 |        40 |    279 |              14 |        102 |      Fixed 
   291 |  JC69 |        40 |    201 |               4 |          5 |      Fixed 
   292 |  JC69 |         4 |    137 |               0 |          1 |      Fixed 
   293 |  JC69 |        40 |     77 |               2 |          4 |      Fixed 
   294 |  JC69 |         4 |     48 |               0 |          1 |      Fixed 
   295 |  JC69 |        36 |    113 |               2 |          3 |      Fixed 
   296 |  JC69 |        18 |    102 |               2 |          3 |      Fixed 
   297 |  JC69 |        40 |    319 |              36 |         76 |      Fixed 
   298 |  JC69 |        40 |    196 |               3 |          8 |      Fixed 
   299 |  JC69 |        36 |    304 |             124 |         10 |      Fixed 
   300 |  JC69 |        26 |     78 |               1 |          3 |      Fixed 
   301 |  JC69 |        18 |    282 |             101 |         19 |      Fixed 
   302 |  JC69 |        14 |    205 |              28 |          8 |      Fixed 
   303 |  JC69 |        32 |    145 |              18 |         17 |      Fixed 
   304 |  JC69 |        36 |    155 |              10 |         11 |      Fixed 
   305 |  JC69 |        12 |    213 |              14 |         15 |      Fixed 
   306 |  JC69 |        12 |    369 |             234 |          6 |      Fixed 
   307 |  JC69 |        40 |    388 |               7 |         12 |      Fixed 
   308 |  JC69 |         6 |    134 |               1 |          3 |      Fixed 
   309 |  JC69 |        38 |    208 |              10 |         12 |      Fixed 
   310 |  JC69 |        24 |     52 |               0 |          1 |      Fixed 
   311 |  JC69 |        16 |    152 |               7 |          6 |      Fixed 
   312 |  JC69 |         4 |    273 |              65 |          5 |      Fixed 
   313 |  JC69 |        36 |    204 |              15 |          9 |      Fixed 
   314 |  JC69 |        12 |    184 |              22 |          5 |      Fixed 
   315 |  JC69 |         8 |     88 |              23 |          2 |      Fixed 
   316 |  JC69 |        36 |    288 |              36 |         36 |      Fixed 
   317 |  JC69 |        26 |    322 |             100 |         10 |      Fixed 
   318 |  JC69 |         6 |    274 |              12 |          5 |      Fixed 
   319 |  JC69 |         6 |    193 |              89 |          4 |      Fixed 
   320 |  JC69 |         6 |     86 |               0 |          1 |      Fixed 
   321 |  JC69 |        28 |    248 |               1 |          2 |      Fixed 
   322 |  JC69 |        22 |    284 |              14 |         13 |      Fixed 
   323 |  JC69 |         8 |    279 |              13 |          8 |      Fixed 
   324 |  JC69 |        14 |    370 |             144 |         19 |      Fixed 
   325 |  JC69 |        14 |    230 |             107 |         13 |      Fixed 
   326 |  JC69 |        16 |    287 |             154 |          3 |      Fixed 
   327 |  JC69 |        18 |    208 |              56 |         21 |      Fixed 
   328 |  JC69 |        38 |    210 |             102 |         10 |      Fixed 
   329 |  JC69 |         8 |    286 |              14 |         10 |      Fixed 
   330 |  JC69 |        40 |    149 |              12 |         18 |      Fixed 
   331 |  JC69 |        36 |    151 |              44 |          3 |      Fixed 
   332 |  JC69 |        24 |     64 |               2 |          5 |      Fixed 
   333 |  JC69 |         4 |    418 |             137 |          2 |      Fixed 
   334 |  JC69 |         8 |     48 |               5 |          2 |      Fixed 
   335 |  JC69 |        40 |    394 |             126 |         13 |      Fixed 
   336 |  JC69 |        24 |     45 |               2 |          3 |      Fixed 
   337 |  JC69 |        18 |    105 |              51 |          6 |      Fixed 
   338 |  JC69 |        32 |     83 |               1 |          2 |      Fixed 
   339 |  JC69 |        28 |    283 |              22 |         21 |      Fixed 
   340 |  JC69 |        14 |    286 |              18 |          8 |      Fixed 
   341 |  JC69 |        40 |    150 |               6 |          4 |      Fixed 
   342 |  JC69 |         4 |    207 |               0 |          1 |      Fixed 
   343 |  JC69 |         4 |    282 |              10 |          3 |      Fixed 
   344 |  JC69 |        38 |    292 |              18 |         15 |      Fixed 
   345 |  JC69 |        10 |    282 |              73 |         12 |      Fixed 
   346 |  JC69 |         4 |    283 |              11 |          5 |      Fixed 
   347 |  JC69 |         4 |    166 |               1 |          2 |      Fixed 
   348 |  JC69 |        20 |    382 |             112 |         30 |      Fixed 
   349 |  JC69 |         6 |    180 |               1 |          2 |      Fixed 
   350 |  JC69 |        36 |    164 |              14 |         11 |      Fixed 
   351 |  JC69 |         6 |    276 |              20 |         12 |      Fixed 
   352 |  JC69 |        22 |    307 |             170 |         10 |      Fixed 
   353 |  JC69 |         4 |     58 |               0 |          1 |      Fixed 
   354 |  JC69 |         6 |     42 |               2 |          2 |      Fixed 
   355 |  JC69 |         6 |    262 |               1 |          3 |      Fixed 
   356 |  JC69 |         6 |    272 |               7 |          5 |      Fixed 
   357 |  JC69 |        40 |     73 |               0 |          1 |      Fixed 
   358 |  JC69 |         4 |    222 |               0 |          1 |      Fixed 
   359 |  JC69 |         4 |    127 |               0 |          1 |      Fixed 
   360 |  JC69 |        38 |    308 |               4 |         13 |      Fixed 
   361 |  JC69 |         4 |    118 |               8 |          7 |      Fixed 
   362 |  JC69 |        40 |     88 |               1 |          2 |      Fixed 
   363 |  JC69 |        40 |     73 |               3 |          5 |      Fixed 
   364 |  JC69 |        22 |    117 |               2 |          3 |      Fixed 
   365 |  JC69 |         4 |    281 |             105 |          5 |      Fixed 
   366 |  JC69 |        32 |    241 |             117 |         11 |      Fixed 
   367 |  JC69 |        36 |     69 |               5 |          4 |      Fixed 
   368 |  JC69 |        40 |    126 |               7 |          5 |      Fixed 
   369 |  JC69 |        36 |    121 |               4 |          5 |      Fixed 
   370 |  JC69 |        40 |    101 |               2 |          3 |      Fixed 
   371 |  JC69 |        40 |     74 |               4 |          3 |      Fixed 
   372 |  JC69 |        20 |    286 |              29 |         20 |      Fixed 
   373 |  JC69 |        16 |    217 |              38 |         20 |      Fixed 
   374 |  JC69 |        38 |    211 |              10 |         14 |      Fixed 
   375 |  JC69 |        28 |    160 |               4 |          5 |      Fixed 
   376 |  JC69 |        18 |    200 |               4 |          5 |      Fixed 
   377 |  JC69 |        38 |    505 |             232 |         55 |      Fixed 
   378 |  JC69 |         4 |     46 |               0 |          1 |      Fixed 
   379 |  JC69 |        38 |    201 |               3 |          4 |      Fixed 
   380 |  JC69 |         4 |     95 |               0 |          1 |      Fixed 
   381 |  JC69 |        40 |     86 |               3 |         15 |      Fixed 
   382 |  JC69 |        36 |     86 |               4 |          4 |      Fixed 
   383 |  JC69 |        38 |     92 |               3 |          4 |      Fixed 
   384 |  JC69 |        40 |    233 |               2 |          3 |      Fixed 
   385 |  JC69 |        40 |    157 |               0 |          1 |      Fixed 
   386 |  JC69 |         8 |    103 |               5 |          6 |      Fixed 
   387 |  JC69 |        40 |     69 |              17 |          6 |      Fixed 
   388 |  JC69 |        14 |    441 |             340 |         13 |      Fixed 
   389 |  JC69 |        40 |    280 |               4 |          5 |      Fixed 
   390 |  JC69 |        34 |     99 |               5 |          6 |      Fixed 
   391 |  JC69 |        38 |     71 |               3 |          4 |      Fixed 
   392 |  JC69 |         4 |    156 |               0 |          1 |      Fixed 
   393 |  JC69 |        40 |    173 |              71 |         23 |      Fixed 
   394 |  JC69 |         8 |    263 |               8 |          9 |      Fixed 
   395 |  JC69 |        40 |    232 |               6 |         12 |      Fixed 
   396 |  JC69 |         4 |     85 |              38 |          2 |      Fixed 
   397 |  JC69 |        30 |    284 |             111 |         22 |      Fixed 
   398 |  JC69 |        10 |    192 |               1 |          5 |      Fixed 
   399 |  JC69 |        30 |    230 |              59 |         15 |      Fixed 
   400 |  JC69 |        40 |    115 |               1 |          3 |      Fixed 
   401 |  JC69 |         6 |    269 |              13 |          7 |      Fixed 
   402 |  JC69 |        22 |    109 |               1 |          2 |      Fixed 
   403 |  JC69 |        34 |    104 |               5 |          5 |      Fixed 
   404 |  JC69 |        16 |    161 |               1 |          2 |      Fixed 
   405 |  JC69 |        38 |     97 |               7 |          6 |      Fixed 
   406 |  JC69 |        38 |    218 |              52 |         64 |      Fixed 
   407 |  JC69 |        34 |     99 |               3 |          4 |      Fixed 
   408 |  JC69 |        10 |    120 |               1 |          2 |      Fixed 
   409 |  JC69 |         8 |    288 |             123 |          8 |      Fixed 
   410 |  JC69 |        20 |    144 |              16 |         11 |      Fixed 
   411 |  JC69 |        38 |     54 |               8 |          6 |      Fixed 
   412 |  JC69 |         4 |     84 |               0 |          1 |      Fixed 
   413 |  JC69 |        38 |    105 |               4 |          3 |      Fixed 
   414 |  JC69 |        10 |    265 |              26 |          6 |      Fixed 
   415 |  JC69 |        40 |    136 |               3 |          3 |      Fixed 
   416 |  JC69 |         4 |    251 |             126 |          5 |      Fixed 
   417 |  JC69 |        34 |    250 |              16 |         14 |      Fixed 
   418 |  JC69 |        16 |    462 |              53 |         17 |      Fixed 
   419 |  JC69 |        40 |     78 |               1 |          2 |      Fixed 
   420 |  JC69 |        30 |    130 |               8 |         23 |      Fixed 
   421 |  JC69 |        38 |    172 |               8 |         71 |      Fixed 
   422 |  JC69 |         4 |    226 |              67 |          7 |      Fixed 
   423 |  JC69 |         6 |    285 |              14 |          7 |      Fixed 
   424 |  JC69 |        36 |     78 |               3 |          7 |      Fixed 
   425 |  JC69 |        28 |    280 |              27 |        110 |      Fixed 
   426 |  JC69 |        24 |    165 |               2 |          3 |      Fixed 
   427 |  JC69 |        34 |     75 |               5 |          6 |      Fixed 
   428 |  JC69 |        30 |    291 |             101 |         32 |      Fixed 
   429 |  JC69 |        40 |    227 |               6 |          8 |      Fixed 
   430 |  JC69 |        40 |    263 |             121 |         14 |      Fixed 
   431 |  JC69 |        34 |    243 |               5 |          4 |      Fixed 
   432 |  JC69 |         4 |    280 |               9 |          5 |      Fixed 
   433 |  JC69 |        30 |    152 |              12 |         10 |      Fixed 
   434 |  JC69 |        40 |    132 |               3 |          4 |      Fixed 
   435 |  JC69 |        36 |     92 |               2 |          4 |      Fixed 
   436 |  JC69 |         6 |    133 |               0 |          1 |      Fixed 
   437 |  JC69 |        18 |     46 |               1 |          3 |      Fixed 
   438 |  JC69 |         8 |     64 |               3 |          3 |      Fixed 
   439 |  JC69 |        40 |    534 |             167 |         21 |      Fixed 
   440 |  JC69 |         8 |    278 |              27 |         15 |      Fixed 
   441 |  JC69 |        40 |    874 |             445 |         32 |      Fixed 
   442 |  JC69 |         4 |    249 |               4 |          3 |      Fixed 
   443 |  JC69 |        12 |     72 |               5 |          6 |      Fixed 
   444 |  JC69 |        38 |    204 |              73 |          7 |      Fixed 
   445 |  JC69 |        40 |     86 |               1 |          2 |      Fixed 
   446 |  JC69 |         8 |    285 |              39 |          9 |      Fixed 
   447 |  JC69 |        30 |     76 |               3 |          5 |      Fixed 
   448 |  JC69 |        18 |    281 |              14 |         11 |      Fixed 
   449 |  JC69 |        38 |     95 |               1 |          2 |      Fixed 
   450 |  JC69 |        40 |    228 |               9 |         15 |      Fixed 
   451 |  JC69 |        10 |    281 |              15 |          8 |      Fixed 
   452 |  JC69 |        22 |    165 |              27 |          3 |      Fixed 
   453 |  JC69 |        24 |    243 |              46 |         60 |      Fixed 
   454 |  JC69 |        34 |     60 |               7 |          8 |      Fixed 
   455 |  JC69 |        40 |    203 |             101 |          6 |      Fixed 
   456 |  JC69 |        40 |    133 |               1 |          2 |      Fixed 
   457 |  JC69 |        38 |    246 |               6 |          9 |      Fixed 
   458 |  JC69 |        24 |     75 |               4 |          4 |      Fixed 
   459 |  JC69 |        22 |     59 |               2 |          4 |      Fixed 
   460 |  JC69 |        28 |    285 |              23 |         13 |      Fixed 
   461 |  JC69 |         4 |    254 |              11 |          5 |      Fixed 
   462 |  JC69 |         8 |    116 |               2 |          3 |      Fixed 
   463 |  JC69 |        22 |    287 |              44 |         17 |      Fixed 
   464 |  JC69 |        38 |    415 |               8 |         12 |      Fixed 
   465 |  JC69 |         6 |     45 |               0 |          1 |      Fixed 
   466 |  JC69 |         8 |    142 |              17 |         26 |      Fixed 
   467 |  JC69 |        20 |    142 |              23 |         13 |      Fixed 
   468 |  JC69 |        40 |    188 |               4 |          5 |      Fixed 
   469 |  JC69 |        20 |    193 |               2 |          3 |      Fixed 
   470 |  JC69 |        40 |    514 |              36 |         16 |      Fixed 
   471 |  JC69 |         4 |    285 |              20 |          5 |      Fixed 
   472 |  JC69 |        34 |     81 |               2 |          3 |      Fixed 
   473 |  JC69 |         4 |    219 |              77 |          5 |      Fixed 
   474 |  JC69 |        18 |    146 |               8 |          4 |      Fixed 
   475 |  JC69 |        38 |     71 |               1 |          2 |      Fixed 
   476 |  JC69 |        38 |    213 |               7 |          6 |      Fixed 
   477 |  JC69 |        34 |     88 |               4 |          7 |      Fixed 
   478 |  JC69 |        36 |    422 |             160 |          9 |      Fixed 
   479 |  JC69 |         4 |    109 |               0 |          2 |      Fixed 
   480 |  JC69 |        36 |    726 |             374 |         29 |      Fixed 
   481 |  JC69 |        40 |    290 |             178 |         13 |      Fixed 
   482 |  JC69 |        40 |    417 |             417 |         30 |      Fixed 
   483 |  JC69 |        14 |    276 |               6 |          6 |      Fixed 
   484 |  JC69 |        14 |    114 |               1 |          2 |      Fixed 
   485 |  JC69 |        34 |    102 |               0 |          1 |      Fixed 
   486 |  JC69 |        32 |    291 |              24 |         18 |      Fixed 
   487 |  JC69 |        40 |    165 |               1 |          4 |      Fixed 
   488 |  JC69 |        32 |     89 |               5 |          4 |      Fixed 
   489 |  JC69 |         4 |     42 |               0 |          1 |      Fixed 
   490 |  JC69 |         4 |    278 |               7 |          6 |      Fixed 
   491 |  JC69 |        40 |    226 |               0 |          1 |      Fixed 
   492 |  JC69 |        40 |     90 |               2 |          5 |      Fixed 
   493 |  JC69 |        36 |    122 |               4 |          5 |      Fixed 
   494 |  JC69 |         4 |    291 |              10 |          4 |      Fixed 
   495 |  JC69 |         8 |    392 |             127 |         12 |      Fixed 
   496 |  JC69 |        14 |    268 |              12 |         14 |      Fixed 
   497 |  JC69 |        16 |    270 |              21 |         14 |      Fixed 
   498 |  JC69 |        26 |    238 |              11 |         11 |      Fixed 
   499 |  JC69 |         4 |     37 |               0 |          1 |      Fixed 
   500 |  JC69 |        12 |    286 |              54 |         17 |      Fixed 
   501 |  JC69 |         6 |    277 |             107 |          9 |      Fixed 
   502 |  JC69 |        34 |    290 |              25 |         17 |      Fixed 
   503 |  JC69 |         6 |     91 |               9 |          2 |      Fixed 
   504 |  JC69 |         6 |     75 |              13 |          2 |      Fixed 
   505 |  JC69 |         4 |    275 |               8 |          7 |      Fixed 
   506 |  JC69 |        20 |     50 |               4 |          5 |      Fixed 
   507 |  JC69 |        40 |    191 |               4 |          6 |      Fixed 
   508 |  JC69 |        40 |    165 |               5 |          8 |      Fixed 
   509 |  JC69 |         6 |    278 |              18 |          4 |      Fixed 
   510 |  JC69 |        12 |     94 |               9 |          7 |      Fixed 
   511 |  JC69 |         6 |    284 |              15 |          4 |      Fixed 
   512 |  JC69 |        38 |     49 |               3 |          4 |      Fixed 
   513 |  JC69 |        22 |    287 |              25 |         20 |      Fixed 
   514 |  JC69 |         6 |     43 |               0 |          1 |      Fixed 
   515 |  JC69 |        18 |    258 |              21 |         23 |      Fixed 
   516 |  JC69 |        36 |    118 |               2 |          3 |      Fixed 
   517 |  JC69 |        36 |     47 |               0 |          1 |      Fixed 
   518 |  JC69 |         8 |    284 |              45 |         10 |      Fixed 
   519 |  JC69 |        10 |    285 |              25 |         15 |      Fixed 
   520 |  JC69 |        10 |    254 |              19 |          6 |      Fixed 
   521 |  JC69 |        32 |    398 |             144 |         32 |      Fixed 
   522 |  JC69 |         6 |    278 |               7 |          7 |      Fixed 
   523 |  JC69 |        40 |    595 |             423 |         31 |      Fixed 
   524 |  JC69 |        24 |    197 |              91 |          3 |      Fixed 
   525 |  JC69 |        34 |    288 |              47 |         41 |      Fixed 
   526 |  JC69 |         6 |    100 |               1 |          3 |      Fixed 
   527 |  JC69 |        36 |    698 |             340 |         40 |      Fixed 
   528 |  JC69 |        24 |    240 |              10 |          7 |      Fixed 
   529 |  JC69 |        40 |    102 |               0 |          1 |      Fixed 
   530 |  JC69 |         4 |    286 |              13 |          4 |      Fixed 
   531 |  JC69 |         8 |    286 |              34 |         15 |      Fixed 
   532 |  JC69 |        14 |    291 |              14 |          8 |      Fixed 
   533 |  JC69 |        12 |    287 |              26 |          9 |      Fixed 
   534 |  JC69 |         8 |     55 |               0 |          1 |      Fixed 
   535 |  JC69 |        32 |    292 |              18 |         13 |      Fixed 
   536 |  JC69 |        34 |    191 |              72 |          8 |      Fixed 
   537 |  JC69 |        40 |     85 |               1 |          2 |      Fixed 
   538 |  JC69 |         6 |    289 |              10 |         10 |      Fixed 
   539 |  JC69 |         4 |     37 |               1 |          2 |      Fixed 
   540 |  JC69 |        36 |    462 |             196 |         47 |      Fixed 
   541 |  JC69 |         6 |    244 |               8 |          5 |      Fixed 
   542 |  JC69 |         6 |    274 |              99 |          6 |      Fixed 
   543 |  JC69 |         8 |    146 |               0 |          1 |      Fixed 
   544 |  JC69 |        30 |     97 |               4 |          5 |      Fixed 
   545 |  JC69 |        40 |    221 |              15 |         12 |      Fixed 
   546 |  JC69 |        40 |    223 |               3 |          4 |      Fixed 
   547 |  JC69 |        36 |     51 |               4 |          4 |      Fixed 
   548 |  JC69 |        28 |     44 |               1 |          3 |      Fixed 
   549 |  JC69 |         4 |    132 |               0 |          2 |      Fixed 
   550 |  JC69 |        32 |     48 |               4 |         27 |      Fixed 
   551 |  JC69 |        26 |    245 |             120 |         54 |      Fixed 
   552 |  JC69 |         8 |    283 |              21 |         16 |      Fixed 
   553 |  JC69 |        40 |    129 |              11 |          6 |      Fixed 
   554 |  JC69 |         4 |    175 |               1 |          2 |      Fixed 
   555 |  JC69 |        22 |    286 |              19 |         20 |      Fixed 
   556 |  JC69 |        36 |     59 |               2 |          3 |      Fixed 
   557 |  JC69 |        32 |    127 |               5 |          6 |      Fixed 
   558 |  JC69 |        38 |    106 |               4 |          9 |      Fixed 
   559 |  JC69 |         6 |    133 |               0 |          1 |      Fixed 
   560 |  JC69 |         4 |    277 |               4 |          5 |      Fixed 
   561 |  JC69 |         8 |    272 |               9 |          6 |      Fixed 
   562 |  JC69 |         6 |     61 |               0 |          1 |      Fixed 
   563 |  JC69 |        30 |    406 |             200 |         22 |      Fixed 
   564 |  JC69 |        36 |    238 |              11 |         24 |      Fixed 
   565 |  JC69 |         8 |    121 |               2 |          3 |      Fixed 
   566 |  JC69 |         6 |    282 |              51 |          5 |      Fixed 
   567 |  JC69 |        40 |    662 |             479 |         32 |      Fixed 
   568 |  JC69 |         6 |    286 |               2 |          3 |      Fixed 
   569 |  JC69 |        26 |    918 |             713 |         37 |      Fixed 
   570 |  JC69 |         4 |    243 |               0 |          2 |      Fixed 
   571 |  JC69 |        30 |    286 |              29 |         71 |      Fixed 
   572 |  JC69 |        34 |    134 |               9 |          8 |      Fixed 
   573 |  JC69 |        40 |     87 |               6 |          4 |      Fixed 
   574 |  JC69 |         8 |    277 |               8 |          5 |      Fixed 
   575 |  JC69 |         4 |     44 |               0 |          1 |      Fixed 
   576 |  JC69 |        40 |    150 |               0 |          1 |      Fixed 
   577 |  JC69 |        38 |    100 |               3 |          4 |      Fixed 
   578 |  JC69 |        14 |    275 |              26 |         14 |      Fixed 
   579 |  JC69 |        40 |    111 |               4 |          6 |      Fixed 
   580 |  JC69 |        40 |    712 |             368 |         36 |      Fixed 
   581 |  JC69 |        10 |    282 |              16 |         10 |      Fixed 
   582 |  JC69 |        14 |    135 |               5 |          9 |      Fixed 
   583 |  JC69 |        38 |    124 |               4 |          5 |      Fixed 
   584 |  JC69 |        36 |    103 |               2 |          3 |      Fixed 
   585 |  JC69 |        20 |    149 |               6 |          4 |      Fixed 
   586 |  JC69 |        10 |    287 |              50 |         16 |      Fixed 
   587 |  JC69 |        40 |    271 |              60 |         11 |      Fixed 
   588 |  JC69 |        40 |    160 |               3 |          4 |      Fixed 
   589 |  JC69 |         4 |     36 |               0 |          1 |      Fixed 
   590 |  JC69 |        40 |    123 |               4 |          3 |      Fixed 
   591 |  JC69 |         4 |     43 |               0 |          1 |      Fixed 
   592 |  JC69 |        36 |     52 |               1 |          2 |      Fixed 
   593 |  JC69 |         4 |     78 |               3 |          3 |      Fixed 
   594 |  JC69 |        28 |    132 |               2 |          3 |      Fixed 
   595 |  JC69 |        10 |    243 |              19 |         10 |      Fixed 
   596 |  JC69 |        18 |    242 |              66 |         19 |      Fixed 
   597 |  JC69 |         8 |    163 |               0 |          3 |      Fixed 
   598 |  JC69 |        34 |    454 |              23 |        256 |      Fixed 
   599 |  JC69 |        40 |    123 |               5 |          2 |      Fixed 
   600 |  JC69 |        28 |    280 |             208 |         11 |      Fixed 
   601 |  JC69 |        34 |    271 |              10 |          8 |      Fixed 
   602 |  JC69 |        12 |    392 |              11 |          7 |      Fixed 
   603 |  JC69 |        22 |    282 |              27 |         19 |      Fixed 
   604 |  JC69 |        40 |    164 |              26 |         46 |      Fixed 
   605 |  JC69 |         4 |    281 |              16 |          7 |      Fixed 
   606 |  JC69 |         8 |    238 |              10 |          5 |      Fixed 
   607 |  JC69 |        32 |    707 |             317 |         32 |      Fixed 
   608 |  JC69 |        20 |    259 |               2 |          3 |      Fixed 
   609 |  JC69 |        12 |    207 |              93 |          8 |      Fixed 
   610 |  JC69 |        36 |    217 |              73 |          7 |      Fixed 
   611 |  JC69 |         4 |    265 |               7 |          3 |      Fixed 
   612 |  JC69 |        24 |    377 |             113 |         15 |      Fixed 
   613 |  JC69 |         4 |    279 |              27 |          5 |      Fixed 
   614 |  JC69 |        30 |    262 |              86 |         27 |      Fixed 
   615 |  JC69 |        38 |    168 |              11 |         10 |      Fixed 
   616 |  JC69 |        34 |     82 |               0 |          1 |      Fixed 
   617 |  JC69 |        10 |    444 |             181 |         10 |      Fixed 
   618 |  JC69 |         6 |    254 |               5 |          5 |      Fixed 
   619 |  JC69 |        10 |    198 |               0 |          4 |      Fixed 
   620 |  JC69 |         4 |    146 |               0 |          1 |      Fixed 
   621 |  JC69 |         4 |    175 |               0 |          2 |      Fixed 
   622 |  JC69 |         8 |    112 |               0 |          1 |      Fixed 
   623 |  JC69 |        30 |     92 |               7 |         14 |      Fixed 
   624 |  JC69 |        12 |    245 |               4 |          5 |      Fixed 
   625 |  JC69 |         6 |     79 |               0 |          1 |      Fixed 
   626 |  JC69 |        34 |    120 |               2 |          4 |      Fixed 
   627 |  JC69 |        40 |    149 |               4 |         11 |      Fixed 
   628 |  JC69 |        22 |    257 |              77 |         18 |      Fixed 
   629 |  JC69 |        40 |    129 |               1 |          2 |      Fixed 
   630 |  JC69 |        12 |    165 |               3 |          3 |      Fixed 
   631 |  JC69 |        12 |    281 |              65 |         16 |      Fixed 
   632 |  JC69 |        26 |     60 |               4 |          3 |      Fixed 
   633 |  JC69 |        34 |    254 |              16 |         69 |      Fixed 
   634 |  JC69 |        12 |    283 |               7 |          6 |      Fixed 
   635 |  JC69 |        40 |    221 |               4 |          5 |      Fixed 
   636 |  JC69 |        12 |    283 |              20 |         11 |      Fixed 
   637 |  JC69 |        24 |    170 |               6 |          5 |      Fixed 
   638 |  JC69 |        14 |     41 |               0 |          1 |      Fixed 
   639 |  JC69 |        40 |    399 |             177 |         65 |      Fixed 
   640 |  JC69 |         4 |    158 |               1 |          2 |      Fixed 
   641 |  JC69 |         8 |     44 |               0 |          1 |      Fixed 
   642 |  JC69 |        40 |     91 |               3 |         11 |      Fixed 
   643 |  JC69 |         8 |    253 |               8 |          8 |      Fixed 
   644 |  JC69 |        38 |    182 |               3 |         35 |      Fixed 
   645 |  JC69 |        14 |    290 |             166 |         11 |      Fixed 
   646 |  JC69 |        10 |    280 |              19 |         10 |      Fixed 
   647 |  JC69 |        40 |    292 |              94 |         80 |      Fixed 
   648 |  JC69 |        30 |    172 |              11 |          9 |      Fixed 
   649 |  JC69 |        36 |    318 |             117 |         10 |      Fixed 
   650 |  JC69 |        40 |    263 |             121 |         12 |      Fixed 
   651 |  JC69 |        34 |    117 |               0 |          2 |      Fixed 
   652 |  JC69 |        40 |    146 |               3 |          4 |      Fixed 
   653 |  JC69 |        36 |    308 |              13 |         14 |      Fixed 
   654 |  JC69 |        16 |    464 |              45 |         11 |      Fixed 
   655 |  JC69 |        40 |    348 |               8 |          6 |      Fixed 
   656 |  JC69 |         6 |    279 |               6 |          7 |      Fixed 
   657 |  JC69 |         6 |    240 |               4 |          3 |      Fixed 
   658 |  JC69 |        34 |    562 |             389 |         41 |      Fixed 
   659 |  JC69 |        18 |    170 |              11 |          5 |      Fixed 
   660 |  JC69 |        12 |    292 |              14 |          7 |      Fixed 
   661 |  JC69 |         6 |     64 |               0 |          1 |      Fixed 
   662 |  JC69 |        36 |    224 |               5 |          7 |      Fixed 
   663 |  JC69 |        40 |    312 |               8 |         41 |      Fixed 
   664 |  JC69 |        10 |    143 |              23 |          4 |      Fixed 
   665 |  JC69 |        36 |     72 |               1 |          2 |      Fixed 
   666 |  JC69 |        30 |   1092 |             395 |         30 |      Fixed 
   667 |  JC69 |        20 |     62 |               3 |          4 |      Fixed 
   668 |  JC69 |        14 |    129 |              14 |          5 |      Fixed 
   669 |  JC69 |         4 |     74 |               0 |          1 |      Fixed 
   670 |  JC69 |        32 |    166 |              89 |         10 |      Fixed 
   671 |  JC69 |        34 |    227 |              13 |         18 |      Fixed 
   672 |  JC69 |        40 |    217 |               3 |          5 |      Fixed 
   673 |  JC69 |        24 |     40 |               7 |          3 |      Fixed 
   674 |  JC69 |        34 |    140 |               3 |          4 |      Fixed 
   675 |  JC69 |        38 |    119 |               5 |          6 |      Fixed 
   676 |  JC69 |        30 |     45 |               0 |          1 |      Fixed 
   677 |  JC69 |         4 |    280 |               3 |          4 |      Fixed 
   678 |  JC69 |        40 |     86 |               1 |          2 |      Fixed 
   679 |  JC69 |        12 |    281 |              35 |         25 |      Fixed 
   680 |  JC69 |         6 |    137 |               2 |          2 |      Fixed 
   681 |  JC69 |         4 |    193 |               1 |          2 |      Fixed 
   682 |  JC69 |        40 |     50 |               2 |          3 |      Fixed 
   683 |  JC69 |        20 |    286 |              26 |         16 |      Fixed 
   684 |  JC69 |        32 |    132 |              10 |         13 |      Fixed 
   685 |  JC69 |        20 |    246 |               1 |          4 |      Fixed 
   686 |  JC69 |        14 |    199 |              16 |          7 |      Fixed 
   687 |  JC69 |         4 |    248 |               1 |          2 |      Fixed 
   688 |  JC69 |        40 |    162 |               3 |          4 |      Fixed 
   689 |  JC69 |        40 |    172 |              51 |         10 |      Fixed 
   690 |  JC69 |        34 |    204 |              88 |         12 |      Fixed 
   691 |  JC69 |        14 |     80 |               5 |          3 |      Fixed 
   692 |  JC69 |        40 |    136 |               4 |          6 |      Fixed 
   693 |  JC69 |         4 |     46 |               0 |          1 |      Fixed 
   694 |  JC69 |        36 |    210 |               9 |         22 |      Fixed 
   695 |  JC69 |         6 |    278 |               9 |          7 |      Fixed 
   696 |  JC69 |        10 |    161 |               2 |          3 |      Fixed 
   697 |  JC69 |        28 |    131 |               4 |          5 |      Fixed 
   698 |  JC69 |        40 |    112 |               7 |          6 |      Fixed 
   699 |  JC69 |        36 |    149 |               5 |          5 |      Fixed 
   700 |  JC69 |         8 |    201 |               2 |          3 |      Fixed 
   701 |  JC69 |        34 |    683 |             486 |         32 |      Fixed 
   702 |  JC69 |         4 |    283 |               4 |          3 |      Fixed 
   703 |  JC69 |        40 |    208 |               8 |         11 |      Fixed 
   704 |  JC69 |        32 |    145 |              15 |         14 |      Fixed 
   705 |  JC69 |        26 |    120 |               8 |         11 |      Fixed 
   706 |  JC69 |         4 |     98 |               2 |          3 |      Fixed 
   707 |  JC69 |        34 |    192 |               8 |          5 |      Fixed 
   708 |  JC69 |        40 |    238 |              76 |         24 |      Fixed 
   709 |  JC69 |        14 |     67 |               0 |          1 |      Fixed 
   710 |  JC69 |        40 |    249 |              49 |          8 |      Fixed 
   711 |  JC69 |        36 |    261 |              11 |          8 |      Fixed 
   712 |  JC69 |         4 |    276 |              90 |          4 |      Fixed 
   713 |  JC69 |         4 |    273 |               2 |          4 |      Fixed 
   714 |  JC69 |        36 |    311 |             135 |         19 |      Fixed 
   715 |  JC69 |        38 |     65 |               3 |          5 |      Fixed 
   716 |  JC69 |        38 |    105 |               4 |          4 |      Fixed 
   717 |  JC69 |        40 |    566 |             281 |         19 |      Fixed 
   718 |  JC69 |        12 |     42 |               1 |          2 |      Fixed 
   719 |  JC69 |        20 |     61 |              12 |         10 |      Fixed 
   720 |  JC69 |        40 |    477 |              63 |         11 |      Fixed 
   721 |  JC69 |        20 |    136 |              42 |          4 |      Fixed 
   722 |  JC69 |         4 |    278 |               6 |          4 |      Fixed 
   723 |  JC69 |        36 |     74 |               7 |          4 |      Fixed 
   724 |  JC69 |        26 |     89 |               5 |          5 |      Fixed 
   725 |  JC69 |        40 |     66 |               2 |          3 |      Fixed 
   726 |  JC69 |        38 |    180 |              54 |          7 |      Fixed 
   727 |  JC69 |        16 |    557 |             426 |         30 |      Fixed 
   728 |  JC69 |        14 |    212 |               2 |          3 |      Fixed 
   729 |  JC69 |        24 |    119 |               1 |          2 |      Fixed 
   730 |  JC69 |        24 |    283 |              11 |         23 |      Fixed 
   731 |  JC69 |        32 |    132 |               5 |          7 |      Fixed 
   732 |  JC69 |        40 |    501 |             501 |         26 |      Fixed 
   733 |  JC69 |        40 |    605 |             209 |         38 |      Fixed 
   734 |  JC69 |         8 |    279 |              26 |          9 |      Fixed 
   735 |  JC69 |        12 |     92 |               7 |          4 |      Fixed 
   736 |  JC69 |        14 |    189 |               1 |          2 |      Fixed 
   737 |  JC69 |         4 |    141 |               0 |          1 |      Fixed 
   738 |  JC69 |        38 |    172 |               2 |          3 |      Fixed 
   739 |  JC69 |        36 |    182 |               5 |          7 |      Fixed 
   740 |  JC69 |         8 |    282 |               5 |          4 |      Fixed 
   741 |  JC69 |         6 |     89 |               0 |          1 |      Fixed 
   742 |  JC69 |        26 |    283 |              24 |         17 |      Fixed 
   743 |  JC69 |        40 |    438 |              82 |         17 |      Fixed 
   744 |  JC69 |        32 |    221 |              10 |         10 |      Fixed 
   745 |  JC69 |        16 |    111 |               0 |          1 |      Fixed 
   746 |  JC69 |        40 |    144 |              71 |          5 |      Fixed 
   747 |  JC69 |        34 |    108 |               1 |          2 |      Fixed 
   748 |  JC69 |        34 |    349 |              98 |         21 |      Fixed 
   749 |  JC69 |        38 |     61 |               1 |          2 |      Fixed 
   750 |  JC69 |        40 |     70 |               4 |          5 |      Fixed 
   751 |  JC69 |        40 |    111 |               6 |         12 |      Fixed 
   752 |  JC69 |        14 |    130 |               3 |          3 |      Fixed 
   753 |  JC69 |        38 |    536 |             268 |          9 |      Fixed 
   754 |  JC69 |         4 |     54 |               0 |          1 |      Fixed 
   755 |  JC69 |         4 |     83 |               0 |          1 |      Fixed 
   756 |  JC69 |         8 |    246 |               6 |          7 |      Fixed 
   757 |  JC69 |        10 |     99 |               1 |          3 |      Fixed 
   758 |  JC69 |        40 |    304 |               6 |          9 |      Fixed 
   759 |  JC69 |        34 |    406 |              26 |         27 |      Fixed 
   760 |  JC69 |         4 |     64 |               0 |          2 |      Fixed 
   761 |  JC69 |        32 |    107 |               6 |          6 |      Fixed 
   762 |  JC69 |        24 |    456 |             241 |         19 |      Fixed 
   763 |  JC69 |        14 |    153 |               5 |          4 |      Fixed 
   764 |  JC69 |        20 |     53 |               2 |          3 |      Fixed 
   765 |  JC69 |         4 |    197 |               1 |          2 |      Fixed 
   766 |  JC69 |        40 |    221 |               1 |          2 |      Fixed 
   767 |  JC69 |        34 |    102 |               4 |          4 |      Fixed 
   768 |  JC69 |         8 |    282 |              10 |          6 |      Fixed 
   769 |  JC69 |        12 |    223 |              15 |          7 |      Fixed 
   770 |  JC69 |        40 |    113 |               4 |          3 |      Fixed 
   771 |  JC69 |         4 |     94 |               0 |          1 |      Fixed 
   772 |  JC69 |        10 |    112 |               2 |          2 |      Fixed 
   773 |  JC69 |        32 |    180 |               7 |          5 |      Fixed 
   774 |  JC69 |        40 |    179 |               1 |          2 |      Fixed 
   775 |  JC69 |        40 |    161 |               4 |          6 |      Fixed 
   776 |  JC69 |        40 |    743 |             381 |         99 |      Fixed 
   777 |  JC69 |         6 |    281 |               5 |          5 |      Fixed 
   778 |  JC69 |        10 |    223 |              15 |          8 |      Fixed 
   779 |  JC69 |         8 |    281 |              25 |         12 |      Fixed 
   780 |  JC69 |        34 |     73 |               1 |          3 |      Fixed 
   781 |  JC69 |        22 |    257 |              14 |         10 |      Fixed 
   782 |  JC69 |        28 |     83 |               0 |          1 |      Fixed 
   783 |  JC69 |        20 |     63 |              15 |          5 |      Fixed 
   784 |  JC69 |        40 |    361 |             160 |          9 |      Fixed 
   785 |  JC69 |        22 |    281 |              32 |         27 |      Fixed 
   786 |  JC69 |        24 |    524 |             288 |         31 |      Fixed 
   787 |  JC69 |        32 |    317 |             103 |          7 |      Fixed 
   788 |  JC69 |         8 |    281 |              27 |          7 |      Fixed 
   789 |  JC69 |        30 |    102 |               1 |          2 |      Fixed 
   790 |  JC69 |        40 |    161 |               5 |          7 |      Fixed 
   791 |  JC69 |        38 |    376 |             129 |         30 |      Fixed 
   792 |  JC69 |        36 |    190 |             111 |         25 |      Fixed 
   793 |  JC69 |        10 |     79 |               1 |          4 |      Fixed 
   794 |  JC69 |        28 |    102 |               3 |          5 |      Fixed 
   795 |  JC69 |        30 |    141 |              13 |          4 |      Fixed 
   796 |  JC69 |        12 |     95 |               6 |          4 |      Fixed 
   797 |  JC69 |        40 |    127 |               3 |          4 |      Fixed 
   798 |  JC69 |         6 |    270 |              40 |         22 |      Fixed 
   799 |  JC69 |        10 |    234 |              97 |          5 |      Fixed 
   800 |  JC69 |        12 |    118 |               1 |          2 |      Fixed 
   801 |  JC69 |        30 |    288 |              26 |         21 |      Fixed 
   802 |  JC69 |        40 |     98 |               2 |          3 |      Fixed 
   803 |  JC69 |        38 |    520 |             190 |         20 |      Fixed 
   804 |  JC69 |        40 |    128 |               5 |          8 |      Fixed 
   805 |  JC69 |        36 |    353 |              16 |         24 |      Fixed 
   806 |  JC69 |        40 |    171 |              69 |          7 |      Fixed 
   807 |  JC69 |        10 |    282 |               9 |          9 |      Fixed 
   808 |  JC69 |        34 |    292 |              32 |         19 |      Fixed 
   809 |  JC69 |        40 |     61 |               5 |          7 |      Fixed 
   810 |  JC69 |        40 |     61 |               1 |          2 |      Fixed 
   811 |  JC69 |        40 |    360 |             178 |         19 |      Fixed 
   812 |  JC69 |        34 |     65 |               2 |          2 |      Fixed 
   813 |  JC69 |         8 |     41 |               0 |          2 |      Fixed 
   814 |  JC69 |         4 |    276 |              15 |          4 |      Fixed 
   815 |  JC69 |        38 |    392 |              32 |         20 |      Fixed 
   816 |  JC69 |        30 |    284 |              21 |         21 |      Fixed 
   817 |  JC69 |        32 |    167 |               9 |         14 |      Fixed 
   818 |  JC69 |         8 |     88 |               0 |          1 |      Fixed 
   819 |  JC69 |        40 |    119 |               0 |          1 |      Fixed 
   820 |  JC69 |        40 |    240 |               6 |         40 |      Fixed 
   821 |  JC69 |        14 |    147 |               1 |          5 |      Fixed 
   822 |  JC69 |         4 |    288 |              68 |          5 |      Fixed 
   823 |  JC69 |        20 |    179 |              11 |         10 |      Fixed 
   824 |  JC69 |         6 |     37 |               0 |          1 |      Fixed 
   825 |  JC69 |        20 |    391 |             122 |         16 |      Fixed 
   826 |  JC69 |        36 |    800 |             652 |         50 |      Fixed 
   827 |  JC69 |        40 |    117 |               2 |          3 |      Fixed 
   828 |  JC69 |         4 |    278 |              34 |          5 |      Fixed 
   829 |  JC69 |         6 |    282 |              80 |          9 |      Fixed 
   830 |  JC69 |         6 |    282 |              40 |          5 |      Fixed 
   831 |  JC69 |        40 |    116 |               1 |          2 |      Fixed 
   832 |  JC69 |        40 |    594 |             212 |         86 |      Fixed 
   833 |  JC69 |        26 |    187 |              15 |         12 |      Fixed 
   834 |  JC69 |        16 |    217 |               6 |         18 |      Fixed 
   835 |  JC69 |         4 |     62 |              15 |          2 |      Fixed 
   836 |  JC69 |        10 |    176 |               0 |          2 |      Fixed 
   837 |  JC69 |        34 |    152 |              14 |          7 |      Fixed 
   838 |  JC69 |         4 |    164 |               0 |          1 |      Fixed 
   839 |  JC69 |         4 |    147 |               0 |          1 |      Fixed 
   840 |  JC69 |        14 |    272 |              11 |         11 |      Fixed 
   841 |  JC69 |         6 |    280 |               8 |          5 |      Fixed 
   842 |  JC69 |        40 |    592 |             294 |         32 |      Fixed 
   843 |  JC69 |        14 |    268 |              18 |         11 |      Fixed 
   844 |  JC69 |        40 |    223 |              10 |          7 |      Fixed 
   845 |  JC69 |        24 |    334 |             121 |         14 |      Fixed 
   846 |  JC69 |        10 |    268 |               9 |          7 |      Fixed 
   847 |  JC69 |        18 |    533 |              22 |         18 |      Fixed 
   848 |  JC69 |        22 |    146 |               4 |         19 |      Fixed 
   849 |  JC69 |        10 |    280 |              24 |         15 |      Fixed 
   850 |  JC69 |        20 |     60 |               8 |          7 |      Fixed 
   851 |  JC69 |        38 |     77 |               5 |          4 |      Fixed 
   852 |  JC69 |         6 |    264 |               2 |          3 |      Fixed 
   853 |  JC69 |        10 |    483 |             212 |         10 |      Fixed 
   854 |  JC69 |        20 |    263 |              83 |        201 |      Fixed 
   855 |  JC69 |        40 |    123 |               3 |          4 |      Fixed 
   856 |  JC69 |        38 |    185 |               4 |          5 |      Fixed 
   857 |  JC69 |         6 |    281 |              20 |          7 |      Fixed 
   858 |  JC69 |        40 |    956 |             337 |         34 |      Fixed 
   859 |  JC69 |         4 |    284 |              12 |          3 |      Fixed 
   860 |  JC69 |        40 |     78 |               4 |          5 |      Fixed 
   861 |  JC69 |        20 |    271 |              33 |         17 |      Fixed 
   862 |  JC69 |         4 |    188 |               2 |          4 |      Fixed 
   863 |  JC69 |        40 |    383 |             188 |         14 |      Fixed 
   864 |  JC69 |        10 |    345 |              86 |          7 |      Fixed 
   865 |  JC69 |         6 |    278 |              25 |         21 |      Fixed 
   866 |  JC69 |        22 |    281 |             208 |         48 |      Fixed 
   867 |  JC69 |        22 |    270 |              25 |         27 |      Fixed 
   868 |  JC69 |         4 |    230 |              77 |          3 |      Fixed 
   869 |  JC69 |        36 |    189 |              92 |          5 |      Fixed 
   870 |  JC69 |        24 |    303 |             126 |         14 |      Fixed 
   871 |  JC69 |        38 |    129 |               3 |          5 |      Fixed 
   872 |  JC69 |        40 |    130 |               2 |          3 |      Fixed 
   873 |  JC69 |        40 |    168 |               4 |          7 |      Fixed 
   874 |  JC69 |        40 |     56 |               4 |          6 |      Fixed 
   875 |  JC69 |        36 |    281 |              23 |         11 |      Fixed 
   876 |  JC69 |        34 |    259 |               3 |          4 |      Fixed 
   877 |  JC69 |        34 |    232 |              15 |         12 |      Fixed 
   878 |  JC69 |        38 |    150 |              16 |          6 |      Fixed 
   879 |  JC69 |        40 |     96 |               1 |          2 |      Fixed 
   880 |  JC69 |         4 |    280 |               0 |          1 |      Fixed 
   881 |  JC69 |        18 |    125 |               5 |          5 |      Fixed 
   882 |  JC69 |         6 |    217 |               0 |          1 |      Fixed 
   883 |  JC69 |         8 |    278 |               1 |          2 |      Fixed 
   884 |  JC69 |        20 |     43 |               2 |          3 |      Fixed 
   885 |  JC69 |        40 |    364 |             102 |         27 |      Fixed 
   886 |  JC69 |        12 |    141 |               0 |          1 |      Fixed 
   887 |  JC69 |        32 |    289 |             101 |         20 |      Fixed 
   888 |  JC69 |        40 |    299 |             135 |          8 |      Fixed 
   889 |  JC69 |        40 |    271 |              67 |         13 |      Fixed 
   890 |  JC69 |        40 |     96 |               1 |          2 |      Fixed 
   891 |  JC69 |        28 |     76 |               8 |          4 |      Fixed 
   892 |  JC69 |        20 |    371 |             116 |         21 |      Fixed 
   893 |  JC69 |        36 |    133 |               5 |          6 |      Fixed 
   894 |  JC69 |        12 |    237 |               3 |          4 |      Fixed 
   895 |  JC69 |        20 |    204 |              11 |         14 |      Fixed 
   896 |  JC69 |        28 |    657 |             657 |         61 |      Fixed 
   897 |  JC69 |         6 |     41 |               0 |          1 |      Fixed 
   898 |  JC69 |        10 |    279 |              19 |         10 |      Fixed 
   899 |  JC69 |        28 |    366 |             107 |         53 |      Fixed 
   900 |  JC69 |         4 |    276 |               9 |          3 |      Fixed 
   901 |  JC69 |        12 |    285 |              53 |         31 |      Fixed 
   902 |  JC69 |        40 |    124 |               6 |         13 |      Fixed 
   903 |  JC69 |         4 |    286 |              39 |          5 |      Fixed 
   904 |  JC69 |         8 |     93 |               6 |         10 |      Fixed 
   905 |  JC69 |        18 |    116 |              15 |          4 |      Fixed 
   906 |  JC69 |        36 |    159 |               3 |          4 |      Fixed 
   907 |  JC69 |        10 |    119 |               0 |          1 |      Fixed 
   908 |  JC69 |        24 |    467 |              37 |         28 |      Fixed 
   909 |  JC69 |        38 |     92 |               6 |          7 |      Fixed 
   910 |  JC69 |        10 |    276 |              49 |          5 |      Fixed 
   911 |  JC69 |        28 |    718 |             471 |         45 |      Fixed 
   912 |  JC69 |        36 |    238 |              10 |          8 |      Fixed 
   913 |  JC69 |         6 |     44 |               0 |          1 |      Fixed 
   914 |  JC69 |         4 |    280 |              17 |          7 |      Fixed 
   915 |  JC69 |        40 |    154 |               2 |          3 |      Fixed 
   916 |  JC69 |        24 |    281 |              47 |         17 |      Fixed 
   917 |  JC69 |        12 |    282 |              14 |         17 |      Fixed 
   918 |  JC69 |         4 |    279 |               9 |          4 |      Fixed 
   919 |  JC69 |        18 |    261 |              35 |         10 |      Fixed 
   920 |  JC69 |         4 |    281 |               3 |          3 |      Fixed 
   921 |  JC69 |        40 |     83 |               2 |          3 |      Fixed 
   922 |  JC69 |        34 |    353 |               8 |         15 |      Fixed 
   923 |  JC69 |        22 |    256 |              22 |         15 |      Fixed 
   924 |  JC69 |        34 |    350 |             196 |         32 |      Fixed 
   925 |  JC69 |        10 |    283 |              12 |          8 |      Fixed 
   926 |  JC69 |        38 |    108 |               7 |          8 |      Fixed 
   927 |  JC69 |         4 |    271 |               0 |          1 |      Fixed 
   928 |  JC69 |        20 |    426 |             160 |         19 |      Fixed 
   929 |  JC69 |        38 |    322 |             125 |         22 |      Fixed 
   930 |  JC69 |        18 |    112 |               0 |          1 |      Fixed 
   931 |  JC69 |        10 |     68 |               4 |          2 |      Fixed 
   932 |  JC69 |        34 |     78 |               0 |          1 |      Fixed 
   933 |  JC69 |         8 |    107 |               1 |          2 |      Fixed 
   934 |  JC69 |        26 |    115 |              16 |          3 |      Fixed 
   935 |  JC69 |        30 |    433 |             169 |         16 |      Fixed 
   936 |  JC69 |        14 |    569 |             297 |         18 |      Fixed 
   937 |  JC69 |        40 |    152 |               1 |          2 |      Fixed 
   938 |  JC69 |        32 |    166 |               2 |          3 |      Fixed 
   939 |  JC69 |         4 |    210 |               0 |          1 |      Fixed 
   940 |  JC69 |        26 |    284 |              24 |         18 |      Fixed 
   941 |  JC69 |         8 |    151 |               0 |          1 |      Fixed 
   942 |  JC69 |        30 |    312 |              19 |         24 |      Fixed 
   943 |  JC69 |        24 |    104 |               6 |          3 |      Fixed 
   944 |  JC69 |        40 |    124 |               1 |          2 |      Fixed 
   945 |  JC69 |        38 |    574 |              39 |         49 |      Fixed 
   946 |  JC69 |        40 |    337 |              62 |         75 |      Fixed 
   947 |  JC69 |        40 |    356 |              90 |         21 |      Fixed 
   948 |  JC69 |         8 |    286 |              19 |         11 |      Fixed 
   949 |  JC69 |        30 |     74 |               2 |          3 |      Fixed 
   950 |  JC69 |        12 |    283 |              59 |          4 |      Fixed 
   951 |  JC69 |        40 |    238 |              68 |         15 |      Fixed 
   952 |  JC69 |        26 |    273 |              12 |         16 |      Fixed 
   953 |  JC69 |         6 |    281 |              18 |         10 |      Fixed 
   954 |  JC69 |        38 |    162 |               2 |          3 |      Fixed 
   955 |  JC69 |        40 |    192 |               3 |          4 |      Fixed 
   956 |  JC69 |        40 |    110 |               1 |          2 |      Fixed 
   957 |  JC69 |         8 |    215 |               9 |          6 |      Fixed 
   958 |  JC69 |        40 |    168 |               3 |          5 |      Fixed 
   959 |  JC69 |        10 |    557 |             279 |          9 |      Fixed 
   960 |  JC69 |        30 |    148 |              77 |         10 |      Fixed 
   961 |  JC69 |        12 |    279 |             112 |          7 |      Fixed 
   962 |  JC69 |        38 |     68 |               2 |          3 |      Fixed 
   963 |  JC69 |        16 |    403 |              16 |         17 |      Fixed 
   964 |  JC69 |        24 |    285 |              64 |         18 |      Fixed 
   965 |  JC69 |        14 |    111 |              11 |          6 |      Fixed 
   966 |  JC69 |        40 |     75 |               0 |          1 |      Fixed 
   967 |  JC69 |        40 |     53 |               0 |          1 |      Fixed 
   968 |  JC69 |        38 |    340 |              87 |         13 |      Fixed 
   969 |  JC69 |         6 |     45 |               0 |          1 |      Fixed 
   970 |  JC69 |        38 |     63 |               5 |          4 |      Fixed 
   971 |  JC69 |         8 |    284 |              23 |          6 |      Fixed 
   972 |  JC69 |        10 |    285 |              14 |          8 |      Fixed 
   973 |  JC69 |        40 |     49 |               2 |          3 |      Fixed 
   974 |  JC69 |        40 |    360 |             145 |          9 |      Fixed 
   975 |  JC69 |         8 |    278 |             103 |          7 |      Fixed 
   976 |  JC69 |        32 |    197 |              13 |          6 |      Fixed 
   977 |  JC69 |        32 |    135 |               1 |          2 |      Fixed 
   978 |  JC69 |        36 |    286 |              33 |         30 |      Fixed 
   979 |  JC69 |        40 |    391 |             222 |         15 |      Fixed 
   980 |  JC69 |        36 |     78 |               4 |          5 |      Fixed 
   981 |  JC69 |        32 |    551 |             254 |         31 |      Fixed 
   982 |  JC69 |        36 |     64 |               0 |          1 |      Fixed 
   983 |  JC69 |        40 |     84 |               2 |          3 |      Fixed 
   984 |  JC69 |        14 |    183 |              13 |          7 |      Fixed 
   985 |  JC69 |        12 |    319 |             132 |          6 |      Fixed 
   986 |  JC69 |         6 |    281 |               4 |          4 |      Fixed 
   987 |  JC69 |        40 |    102 |               1 |          2 |      Fixed 
   988 |  JC69 |         8 |    258 |              13 |          3 |      Fixed 
   989 |  JC69 |        40 |    194 |               0 |          1 |      Fixed 
   990 |  JC69 |        38 |    129 |              17 |          2 |      Fixed 
   991 |  JC69 |         4 |    102 |               0 |          1 |      Fixed 
   992 |  JC69 |         4 |    163 |               0 |          1 |      Fixed 
   993 |  JC69 |        30 |     87 |               1 |          2 |      Fixed 
   994 |  JC69 |        16 |    351 |              13 |         11 |      Fixed 
   995 |  JC69 |        36 |    833 |             563 |         37 |      Fixed 
   996 |  JC69 |        12 |     53 |               0 |          1 |      Fixed 
   997 |  JC69 |        36 |    390 |              21 |         38 |      Fixed 
   998 |  JC69 |        40 |     80 |               1 |          2 |      Fixed 
   999 |  JC69 |        40 |    186 |               5 |          4 |      Fixed 
  1000 |  JC69 |        30 |    717 |             576 |         41 |      Fixed 
  1001 |  JC69 |        40 |    198 |               7 |         11 |      Fixed 
  1002 |  JC69 |         6 |    250 |              28 |         13 |      Fixed 
  1003 |  JC69 |         6 |     47 |               0 |          1 |      Fixed 
  1004 |  JC69 |        40 |    171 |              84 |         10 |      Fixed 
  1005 |  JC69 |        40 |    478 |             250 |         20 |      Fixed 
  1006 |  JC69 |        24 |    163 |               6 |          7 |      Fixed 
  1007 |  JC69 |        18 |    282 |              29 |         11 |      Fixed 
  1008 |  JC69 |        30 |    209 |               5 |         12 |      Fixed 
  1009 |  JC69 |        40 |    253 |             132 |         23 |      Fixed 
  1010 |  JC69 |        12 |    264 |               5 |          5 |      Fixed 
  1011 |  JC69 |        36 |     51 |               2 |          2 |      Fixed 
  1012 |  JC69 |        40 |    151 |              16 |          8 |      Fixed 
  1013 |  JC69 |        18 |    374 |              82 |         14 |      Fixed 
  1014 |  JC69 |        18 |     86 |               0 |          1 |      Fixed 
  1015 |  JC69 |         8 |     81 |               1 |          2 |      Fixed 
  1016 |  JC69 |        40 |    114 |              10 |         19 |      Fixed 
  1017 |  JC69 |        40 |    146 |               7 |          6 |      Fixed 
  1018 |  JC69 |        30 |    464 |             332 |         17 |      Fixed 
  1019 |  JC69 |        12 |    240 |               4 |          7 |      Fixed 
  1020 |  JC69 |        26 |    282 |               9 |         15 |      Fixed 
  1021 |  JC69 |         8 |    167 |               3 |          4 |      Fixed 
  1022 |  JC69 |         8 |     65 |               0 |          2 |      Fixed 
  1023 |  JC69 |         6 |    100 |              14 |          2 |      Fixed 
  1024 |  JC69 |        10 |    273 |              63 |          5 |      Fixed 
  1025 |  JC69 |        40 |    149 |              10 |          8 |      Fixed 
  1026 |  JC69 |        36 |     61 |               1 |          2 |      Fixed 
  1027 |  JC69 |        38 |    148 |              10 |          9 |      Fixed 
  1028 |  JC69 |        38 |    166 |               4 |          5 |      Fixed 
  1029 |  JC69 |         8 |    281 |              62 |         11 |      Fixed 
  1030 |  JC69 |        36 |    986 |             492 |         29 |      Fixed 
  1031 |  JC69 |        16 |    457 |             198 |         25 |      Fixed 
  1032 |  JC69 |        40 |    626 |             304 |         29 |      Fixed 
  1033 |  JC69 |        40 |    214 |               8 |          6 |      Fixed 
  1034 |  JC69 |        40 |    518 |              76 |         19 |      Fixed 
  1035 |  JC69 |        20 |    211 |              19 |          7 |      Fixed 
  1036 |  JC69 |        32 |     56 |              11 |          4 |      Fixed 
  1037 |  JC69 |         4 |    282 |               4 |          4 |      Fixed 
  1038 |  JC69 |        36 |    254 |             114 |         12 |      Fixed 
  1039 |  JC69 |        18 |    123 |               0 |          1 |      Fixed 
  1040 |  JC69 |        40 |    588 |             427 |         38 |      Fixed 
  1041 |  JC69 |        22 |    280 |              93 |         19 |      Fixed 
  1042 |  JC69 |        24 |     73 |               3 |          3 |      Fixed 
  1043 |  JC69 |        22 |    222 |             146 |         10 |      Fixed 
  1044 |  JC69 |        24 |    263 |              40 |         27 |      Fixed 
  1045 |  JC69 |        30 |    254 |              98 |         25 |      Fixed 
  1046 |  JC69 |        30 |    260 |               9 |          8 |      Fixed 
  1047 |  JC69 |        28 |    291 |              27 |         17 |      Fixed 
  1048 |  JC69 |        14 |    266 |              12 |         12 |      Fixed 
  1049 |  JC69 |         4 |    257 |              11 |          3 |      Fixed 
  1050 |  JC69 |        36 |    146 |               8 |          8 |      Fixed 
  1051 |  JC69 |        10 |    509 |             237 |          4 |      Fixed 
  1052 |  JC69 |        20 |    233 |               8 |          7 |      Fixed 
  1053 |  JC69 |         4 |    282 |               7 |          3 |      Fixed 
  1054 |  JC69 |        28 |    283 |              14 |         13 |      Fixed 
  1055 |  JC69 |        40 |    181 |               7 |         15 |      Fixed 
  1056 |  JC69 |        34 |    255 |               8 |          8 |      Fixed 
  1057 |  JC69 |        12 |    245 |               5 |          5 |      Fixed 
  1058 |  JC69 |        20 |    282 |              27 |         28 |      Fixed 
  1059 |  JC69 |        38 |    168 |              40 |         22 |      Fixed 
  1060 |  JC69 |        20 |    234 |              15 |         10 |      Fixed 
  1061 |  JC69 |         6 |    265 |              13 |          4 |      Fixed 
  1062 |  JC69 |        40 |    274 |               4 |          8 |      Fixed 
  1063 |  JC69 |        40 |    830 |             385 |         53 |      Fixed 
  1064 |  JC69 |        40 |    240 |               8 |         17 |      Fixed 
  1065 |  JC69 |        26 |    282 |              15 |          9 |      Fixed 
  1066 |  JC69 |        16 |    211 |              17 |          9 |      Fixed 
  1067 |  JC69 |        38 |    178 |              12 |         27 |      Fixed 
  1068 |  JC69 |        40 |    142 |               4 |          3 |      Fixed 
  1069 |  JC69 |        36 |    520 |             232 |         60 |      Fixed 
  1070 |  JC69 |         6 |    162 |               1 |          2 |      Fixed 
  1071 |  JC69 |        34 |    837 |             335 |         52 |      Fixed 
  1072 |  JC69 |        34 |    147 |               6 |         11 |      Fixed 
  1073 |  JC69 |        40 |     65 |               2 |          3 |      Fixed 
  1074 |  JC69 |        22 |    367 |             122 |         23 |      Fixed 
  1075 |  JC69 |        34 |    623 |             495 |         27 |      Fixed 
  1076 |  JC69 |        36 |    167 |               2 |          3 |      Fixed 
  1077 |  JC69 |        40 |    201 |               4 |          5 |      Fixed 
  1078 |  JC69 |        34 |    254 |               7 |         15 |      Fixed 
  1079 |  JC69 |        34 |    292 |              22 |         13 |      Fixed 
  1080 |  JC69 |        26 |     73 |               1 |          2 |      Fixed 
  1081 |  JC69 |        38 |    218 |               8 |          9 |      Fixed 
  1082 |  JC69 |        40 |   1230 |             725 |         77 |      Fixed 
  1083 |  JC69 |        34 |    207 |              93 |         12 |      Fixed 
  1084 |  JC69 |        40 |    265 |               7 |          8 |      Fixed 
  1085 |  JC69 |        40 |    171 |              14 |         17 |      Fixed 
  1086 |  JC69 |        24 |    146 |               4 |          4 |      Fixed 
  1087 |  JC69 |        40 |    175 |               0 |          1 |      Fixed 
  1088 |  JC69 |        14 |    264 |               1 |          2 |      Fixed 
  1089 |  JC69 |        34 |    793 |             461 |         46 |      Fixed 
  1090 |  JC69 |        28 |    237 |              80 |         10 |      Fixed 
  1091 |  JC69 |        24 |    454 |              26 |          9 |      Fixed 
  1092 |  JC69 |         8 |     55 |               0 |          1 |      Fixed 
  1093 |  JC69 |        26 |     91 |              11 |          2 |      Fixed 
  1094 |  JC69 |        18 |    342 |              93 |         21 |      Fixed 
  1095 |  JC69 |        12 |     87 |              10 |          7 |      Fixed 
  1096 |  JC69 |        40 |    716 |             299 |         34 |      Fixed 
  1097 |  JC69 |        38 |    630 |             332 |         24 |      Fixed 
  1098 |  JC69 |        40 |    237 |               1 |          2 |      Fixed 
  1099 |  JC69 |        38 |     81 |               1 |          2 |      Fixed 
  1100 |  JC69 |         6 |    280 |               9 |          6 |      Fixed 
  1101 |  JC69 |         4 |     98 |               0 |          2 |      Fixed 
  1102 |  JC69 |         8 |    216 |              15 |          4 |      Fixed 
  1103 |  JC69 |        16 |    273 |              97 |          4 |      Fixed 
  1104 |  JC69 |        24 |     92 |               2 |          3 |      Fixed 
  1105 |  JC69 |         4 |    186 |               0 |          1 |      Fixed 
  1106 |  JC69 |        10 |    282 |              10 |          7 |      Fixed 
  1107 |  JC69 |        26 |     71 |               6 |          3 |      Fixed 
  1108 |  JC69 |        16 |    244 |               4 |          6 |      Fixed 
  1109 |  JC69 |        36 |    287 |              29 |         92 |      Fixed 
  1110 |  JC69 |         6 |    227 |               0 |          1 |      Fixed 
  1111 |  JC69 |        40 |    112 |              10 |          9 |      Fixed 
  1112 |  JC69 |        36 |    641 |             432 |         72 |      Fixed 
  1113 |  JC69 |        34 |    279 |              71 |         26 |      Fixed 
  1114 |  JC69 |         4 |    276 |              11 |          3 |      Fixed 
  1115 |  JC69 |         8 |    285 |              43 |         18 |      Fixed 
  1116 |  JC69 |         4 |    282 |               7 |          4 |      Fixed 
  1117 |  JC69 |        36 |    178 |               5 |         29 |      Fixed 
  1118 |  JC69 |        34 |    532 |             263 |         36 |      Fixed 
  1119 |  JC69 |         4 |    279 |              17 |          4 |      Fixed 
  1120 |  JC69 |        32 |    124 |               7 |          7 |      Fixed 
  1121 |  JC69 |        22 |    278 |              39 |          9 |      Fixed 
  1122 |  JC69 |        30 |    149 |              14 |         18 |      Fixed 
  1123 |  JC69 |        34 |     94 |               3 |          4 |      Fixed 
  1124 |  JC69 |        38 |     72 |               3 |          4 |      Fixed 
  1125 |  JC69 |         6 |    164 |               0 |          1 |      Fixed 
  1126 |  JC69 |        40 |    179 |               2 |          3 |      Fixed 
  1127 |  JC69 |        40 |    154 |               8 |          9 |      Fixed 
  1128 |  JC69 |        28 |    158 |               2 |          3 |      Fixed 
  1129 |  JC69 |        40 |    219 |               1 |          2 |      Fixed 
  1130 |  JC69 |         6 |     87 |               0 |          1 |      Fixed 
  1131 |  JC69 |        18 |    145 |              16 |         16 |      Fixed 
  1132 |  JC69 |        38 |    124 |              55 |         13 |      Fixed 
  1133 |  JC69 |         4 |    280 |              11 |          4 |      Fixed 
  1134 |  JC69 |        12 |    134 |               0 |          1 |      Fixed 
  1135 |  JC69 |        32 |     72 |               9 |         10 |      Fixed 
  1136 |  JC69 |        38 |    234 |              94 |          5 |      Fixed 
  1137 |  JC69 |        40 |    153 |               0 |          1 |      Fixed 
  1138 |  JC69 |        40 |    305 |              12 |         14 |      Fixed 
  1139 |  JC69 |        34 |     61 |               0 |          1 |      Fixed 
  1140 |  JC69 |        40 |    105 |               3 |          4 |      Fixed 
  1141 |  JC69 |        40 |    974 |             536 |        124 |      Fixed 
  1142 |  JC69 |        36 |     63 |               2 |          3 |      Fixed 
  1143 |  JC69 |         8 |    126 |               1 |          2 |      Fixed 
  1144 |  JC69 |        40 |    408 |              41 |         26 |      Fixed 
  1145 |  JC69 |        28 |     51 |               1 |          2 |      Fixed 
  1146 |  JC69 |        24 |     49 |               3 |          4 |      Fixed 
  1147 |  JC69 |         6 |    135 |               2 |          3 |      Fixed 
  1148 |  JC69 |         8 |    274 |              40 |         12 |      Fixed 
  1149 |  JC69 |        26 |     83 |               6 |         12 |      Fixed 
  1150 |  JC69 |         4 |    280 |              19 |          9 |      Fixed 
  1151 |  JC69 |        12 |    102 |              47 |         16 |      Fixed 
  1152 |  JC69 |        18 |    282 |              17 |         15 |      Fixed 
  1153 |  JC69 |        40 |    336 |             147 |         26 |      Fixed 
  1154 |  JC69 |        22 |    116 |               1 |          2 |      Fixed 
  1155 |  JC69 |        20 |    164 |               2 |          3 |      Fixed 
  1156 |  JC69 |        14 |     68 |               3 |          6 |      Fixed 
  1157 |  JC69 |        14 |    286 |             157 |         22 |      Fixed 
  1158 |  JC69 |        14 |    287 |              13 |         13 |      Fixed 
  1159 |  JC69 |        36 |    544 |             288 |        600 |      Fixed 
  1160 |  JC69 |        38 |    389 |             231 |         71 |      Fixed 
  1161 |  JC69 |        22 |    283 |              21 |        201 |      Fixed 
  1162 |  JC69 |        18 |    401 |             155 |         13 |      Fixed 
  1163 |  JC69 |        12 |    278 |              21 |         15 |      Fixed 
  1164 |  JC69 |        18 |    292 |               7 |          2 |      Fixed 
  1165 |  JC69 |         4 |    192 |               0 |          1 |      Fixed 
  1166 |  JC69 |        18 |    280 |               5 |          6 |      Fixed 
  1167 |  JC69 |        14 |   1252 |             764 |         18 |      Fixed 
  1168 |  JC69 |        18 |    178 |               0 |          1 |      Fixed 
  1169 |  JC69 |         8 |     86 |               1 |          2 |      Fixed 
  1170 |  JC69 |        36 |    437 |             398 |         47 |      Fixed 
  1171 |  JC69 |        12 |    540 |              76 |         19 |      Fixed 
  1172 |  JC69 |        14 |    255 |               9 |         16 |      Fixed 
  1173 |  JC69 |        28 |     78 |               2 |          3 |      Fixed 
  1174 |  JC69 |        40 |    233 |              89 |         10 |      Fixed 
  1175 |  JC69 |        28 |    286 |               9 |         11 |      Fixed 
  1176 |  JC69 |        40 |    130 |               3 |          4 |      Fixed 
  1177 |  JC69 |        10 |    282 |              15 |          5 |      Fixed 
  1178 |  JC69 |         6 |    550 |             275 |          7 |      Fixed 
  1179 |  JC69 |        38 |    439 |             207 |         23 |      Fixed 
  1180 |  JC69 |        32 |    233 |               8 |          7 |      Fixed 
  1181 |  JC69 |        30 |    820 |             548 |         32 |      Fixed 
  1182 |  JC69 |        32 |    426 |             169 |         43 |      Fixed 
  1183 |  JC69 |        40 |    225 |              86 |         13 |      Fixed 
  1184 |  JC69 |        10 |    270 |              28 |          8 |      Fixed 
  1185 |  JC69 |        34 |    239 |              10 |          9 |      Fixed 
  1186 |  JC69 |        40 |    221 |               7 |          9 |      Fixed 
  1187 |  JC69 |        40 |     56 |               2 |          3 |      Fixed 
  1188 |  JC69 |        30 |    259 |              22 |         16 |      Fixed 
  1189 |  JC69 |        36 |     69 |               3 |          4 |      Fixed 
  1190 |  JC69 |        38 |    196 |              12 |         52 |      Fixed 
  1191 |  JC69 |        24 |    482 |             220 |         17 |      Fixed 
  1192 |  JC69 |        40 |    146 |              20 |         13 |      Fixed 
  1193 |  JC69 |        18 |    348 |              25 |         15 |      Fixed 
  1194 |  JC69 |        32 |    269 |              33 |         18 |      Fixed 
  1195 |  JC69 |        40 |     95 |               1 |          2 |      Fixed 
  1196 |  JC69 |        30 |    285 |              71 |         34 |      Fixed 
  1197 |  JC69 |        34 |    111 |              48 |          4 |      Fixed 
  1198 |  JC69 |         6 |    372 |               2 |          3 |      Fixed 
  1199 |  JC69 |        40 |    553 |             392 |         42 |      Fixed 
  1200 |  JC69 |        38 |   1024 |             650 |         79 |      Fixed 
  1201 |  JC69 |        24 |    542 |             114 |         26 |      Fixed 
  1202 |  JC69 |        40 |    189 |               3 |          4 |      Fixed 
  1203 |  JC69 |        12 |    194 |               5 |          6 |      Fixed 
  1204 |  JC69 |        30 |    269 |              29 |         26 |      Fixed 
  1205 |  JC69 |        40 |     92 |               2 |          4 |      Fixed 
  1206 |  JC69 |        38 |    147 |               7 |          6 |      Fixed 
  1207 |  JC69 |        38 |    187 |               3 |          9 |      Fixed 
  1208 |  JC69 |        40 |    268 |               5 |          6 |      Fixed 
  1209 |  JC69 |        34 |    265 |             127 |          6 |      Fixed 
  1210 |  JC69 |        24 |    110 |               1 |          2 |      Fixed 
  1211 |  JC69 |        18 |    188 |              12 |          3 |      Fixed 
  1212 |  JC69 |        40 |     87 |               2 |          3 |      Fixed 
  1213 |  JC69 |        40 |    493 |              13 |         18 |      Fixed 
  1214 |  JC69 |         6 |    280 |               7 |          5 |      Fixed 
  1215 |  JC69 |        38 |    254 |              78 |         22 |      Fixed 
  1216 |  JC69 |        40 |    200 |              10 |         38 |      Fixed 
  1217 |  JC69 |         8 |     61 |               2 |          2 |      Fixed 
  1218 |  JC69 |         8 |    157 |               3 |          3 |      Fixed 
  1219 |  JC69 |        30 |    288 |             121 |         15 |      Fixed 
  1220 |  JC69 |        32 |    222 |              15 |         79 |      Fixed 
  1221 |  JC69 |         4 |    196 |               2 |          2 |      Fixed 
  1222 |  JC69 |        22 |     69 |              10 |          6 |      Fixed 
  1223 |  JC69 |         4 |    213 |             103 |          3 |      Fixed 
  1224 |  JC69 |        34 |    210 |              23 |         60 |      Fixed 
  1225 |  JC69 |        10 |    292 |              25 |         14 |      Fixed 
  1226 |  JC69 |        30 |     72 |               5 |          7 |      Fixed 
  1227 |  JC69 |         4 |     38 |               0 |          1 |      Fixed 
  1228 |  JC69 |         4 |    278 |              11 |          3 |      Fixed 
  1229 |  JC69 |         8 |    281 |              14 |          8 |      Fixed 
  1230 |  JC69 |        10 |    279 |             165 |         18 |      Fixed 
  1231 |  JC69 |        22 |    173 |               8 |         11 |      Fixed 
  1232 |  JC69 |         8 |    141 |               3 |          4 |      Fixed 
  1233 |  JC69 |        32 |    110 |               3 |          4 |      Fixed 
  1234 |  JC69 |        34 |    270 |              34 |         24 |      Fixed 
  1235 |  JC69 |        40 |     79 |               6 |          7 |      Fixed 
  1236 |  JC69 |        38 |     69 |               1 |          2 |      Fixed 
  1237 |  JC69 |        40 |    143 |               1 |          2 |      Fixed 
  1238 |  JC69 |        32 |    182 |               2 |          3 |      Fixed 
  1239 |  JC69 |        40 |    292 |              95 |         21 |      Fixed 
  1240 |  JC69 |        40 |     91 |               4 |          3 |      Fixed 
  1241 |  JC69 |         4 |    245 |               3 |          2 |      Fixed 
  1242 |  JC69 |         4 |    279 |               1 |          2 |      Fixed 
  1243 |  JC69 |         6 |    144 |               1 |          2 |      Fixed 
  1244 |  JC69 |        40 |    157 |               2 |          4 |      Fixed 
  1245 |  JC69 |        38 |    292 |              40 |         20 |      Fixed 
  1246 |  JC69 |        40 |    330 |             143 |          9 |      Fixed 
  1247 |  JC69 |         6 |     48 |               1 |          2 |      Fixed 
  1248 |  JC69 |        40 |    196 |               9 |         10 |      Fixed 
  1249 |  JC69 |        40 |     95 |               3 |          4 |      Fixed 
  1250 |  JC69 |        38 |     97 |               4 |          5 |      Fixed 
  1251 |  JC69 |        34 |    146 |              27 |          8 |      Fixed 
  1252 |  JC69 |        40 |    120 |              10 |          7 |      Fixed 
  1253 |  JC69 |        14 |    209 |              12 |         20 |      Fixed 
  1254 |  JC69 |        10 |    267 |               7 |          8 |      Fixed 
  1255 |  JC69 |        12 |    279 |              90 |          6 |      Fixed 
  1256 |  JC69 |        40 |     69 |               1 |          2 |      Fixed 
  1257 |  JC69 |         8 |    280 |              44 |          8 |      Fixed 
  1258 |  JC69 |        18 |    426 |              30 |         15 |      Fixed 
  1259 |  JC69 |        40 |    365 |             140 |         12 |      Fixed 
  1260 |  JC69 |        28 |    527 |             257 |         16 |      Fixed 
  1261 |  JC69 |        22 |    330 |              66 |         18 |      Fixed 
  1262 |  JC69 |        14 |     51 |               4 |          3 |      Fixed 
  1263 |  JC69 |         8 |     70 |               1 |          2 |      Fixed 
  1264 |  JC69 |        32 |    261 |              18 |         17 |      Fixed 
  1265 |  JC69 |        18 |    197 |              21 |          6 |      Fixed 
  1266 |  JC69 |        40 |     92 |               3 |          5 |      Fixed 
  1267 |  JC69 |        26 |    129 |               2 |          3 |      Fixed 
  1268 |  JC69 |        32 |    465 |             335 |         67 |      Fixed 
  1269 |  JC69 |         4 |    275 |              51 |          6 |      Fixed 
  1270 |  JC69 |         6 |    362 |             163 |          9 |      Fixed 
  1271 |  JC69 |         8 |     54 |               0 |          2 |      Fixed 
  1272 |  JC69 |         4 |     72 |               0 |          1 |      Fixed 
  1273 |  JC69 |         6 |    281 |               7 |          3 |      Fixed 
  1274 |  JC69 |        40 |    367 |              20 |         19 |      Fixed 
  1275 |  JC69 |         6 |    453 |             214 |          3 |      Fixed 
  1276 |  JC69 |        20 |    290 |              26 |         12 |      Fixed 
  1277 |  JC69 |        36 |     90 |               2 |          3 |      Fixed 
  1278 |  JC69 |         6 |    280 |              12 |          4 |      Fixed 
  1279 |  JC69 |        36 |    161 |               5 |          6 |      Fixed 
  1280 |  JC69 |        12 |    154 |               1 |          2 |      Fixed 
  1281 |  JC69 |        18 |    281 |              10 |         15 |      Fixed 
  1282 |  JC69 |        40 |    236 |              54 |         12 |      Fixed 
  1283 |  JC69 |        34 |    102 |               1 |          2 |      Fixed 
  1284 |  JC69 |        26 |    386 |              12 |        148 |      Fixed 
  1285 |  JC69 |        38 |    132 |               4 |          7 |      Fixed 
  1286 |  JC69 |         8 |    129 |              46 |          9 |      Fixed 
  1287 |  JC69 |         8 |    279 |               9 |          6 |      Fixed 
  1288 |  JC69 |         4 |     85 |               1 |          2 |      Fixed 
  1289 |  JC69 |        36 |    529 |              12 |         10 |      Fixed 
  1290 |  JC69 |        28 |    286 |              83 |         27 |      Fixed 
  1291 |  JC69 |        34 |    234 |              12 |         12 |      Fixed 
  1292 |  JC69 |        32 |    692 |             322 |         26 |      Fixed 
  1293 |  JC69 |        40 |    455 |              16 |         34 |      Fixed 
  1294 |  JC69 |        38 |     63 |               2 |          3 |      Fixed 
  1295 |  JC69 |        36 |    121 |               6 |          5 |      Fixed 
  1296 |  JC69 |         6 |    196 |               0 |          2 |      Fixed 
  1297 |  JC69 |        40 |    161 |               5 |          5 |      Fixed 
  1298 |  JC69 |        38 |    196 |               6 |         10 |      Fixed 
  1299 |  JC69 |        22 |    177 |               6 |          7 |      Fixed 
  1300 |  JC69 |        40 |    291 |              48 |         38 |      Fixed 
  1301 |  JC69 |        36 |     52 |               1 |          2 |      Fixed 
  1302 |  JC69 |        40 |    326 |              11 |          6 |      Fixed 
  1303 |  JC69 |        34 |    110 |               2 |          3 |      Fixed 
  1304 |  JC69 |        40 |    121 |               3 |          4 |      Fixed 
  1305 |  JC69 |        40 |    147 |               8 |          8 |      Fixed 
  1306 |  JC69 |         4 |    202 |               5 |          2 |      Fixed 
  1307 |  JC69 |         6 |     53 |               0 |          1 |      Fixed 
  1308 |  JC69 |        26 |    284 |              22 |         19 |      Fixed 
  1309 |  JC69 |         4 |    549 |              55 |          4 |      Fixed 
  1310 |  JC69 |        10 |    272 |              28 |         13 |      Fixed 
  1311 |  JC69 |        16 |    332 |              78 |         12 |      Fixed 
  1312 |  JC69 |        34 |    117 |               9 |          5 |      Fixed 
  1313 |  JC69 |         4 |    163 |              10 |          2 |      Fixed 
  1314 |  JC69 |        32 |     97 |               1 |          2 |      Fixed 
  1315 |  JC69 |        20 |    146 |               6 |          5 |      Fixed 
  1316 |  JC69 |        40 |    165 |               5 |          7 |      Fixed 
  1317 |  JC69 |        36 |    293 |              92 |         15 |      Fixed 
  1318 |  JC69 |        16 |     78 |               2 |          3 |      Fixed 
  1319 |  JC69 |         4 |    282 |              70 |          4 |      Fixed 
  1320 |  JC69 |        16 |    232 |              16 |          6 |      Fixed 
  1321 |  JC69 |         6 |    258 |              13 |         12 |      Fixed 
  1322 |  JC69 |        24 |    278 |             157 |         12 |      Fixed 
  1323 |  JC69 |        38 |    123 |              18 |         49 |      Fixed 
  1324 |  JC69 |         4 |    237 |               5 |          6 |      Fixed 
  1325 |  JC69 |         8 |     47 |               1 |          2 |      Fixed 
  1326 |  JC69 |         4 |    279 |              38 |          5 |      Fixed 
  1327 |  JC69 |        40 |    707 |             553 |         34 |      Fixed 
  1328 |  JC69 |        18 |    226 |              15 |         10 |      Fixed 
  1329 |  JC69 |        36 |    292 |              26 |         15 |      Fixed 
  1330 |  JC69 |        20 |    249 |              17 |         10 |      Fixed 
  1331 |  JC69 |        18 |    235 |              41 |         27 |      Fixed 
  1332 |  JC69 |        12 |    281 |              33 |         15 |      Fixed 
  1333 |  JC69 |        18 |    405 |             218 |         20 |      Fixed 
  1334 |  JC69 |        28 |    130 |               1 |          2 |      Fixed 
  1335 |  JC69 |        40 |    518 |             117 |         10 |      Fixed 
  1336 |  JC69 |         8 |     59 |               0 |          1 |      Fixed 
  1337 |  JC69 |        14 |    250 |               9 |          9 |      Fixed 
  1338 |  JC69 |        36 |    143 |               8 |          4 |      Fixed 
  1339 |  JC69 |        38 |    239 |               5 |          8 |      Fixed 
  1340 |  JC69 |        14 |    380 |               5 |          4 |      Fixed 
  1341 |  JC69 |        32 |    433 |             177 |         64 |      Fixed 
  1342 |  JC69 |        20 |    378 |              16 |         17 |      Fixed 
  1343 |  JC69 |        10 |    278 |              11 |         11 |      Fixed 
  1344 |  JC69 |        36 |    337 |             117 |         17 |      Fixed 
  1345 |  JC69 |        40 |    215 |               5 |          6 |      Fixed 
  1346 |  JC69 |        18 |    279 |              12 |          8 |      Fixed 
  1347 |  JC69 |        38 |    428 |              15 |         10 |      Fixed 
  1348 |  JC69 |        40 |    132 |               4 |          8 |      Fixed 
  1349 |  JC69 |        40 |    585 |             169 |         20 |      Fixed 
  1350 |  JC69 |        40 |    387 |              80 |         10 |      Fixed 
  1351 |  JC69 |        40 |    110 |               8 |          9 |      Fixed 
  1352 |  JC69 |        32 |    198 |              12 |         12 |      Fixed 
  1353 |  JC69 |        40 |    356 |             117 |         61 |      Fixed 
  1354 |  JC69 |        26 |    278 |              94 |         22 |      Fixed 
  1355 |  JC69 |         6 |    287 |              17 |          4 |      Fixed 
  1356 |  JC69 |        12 |    109 |              59 |          6 |      Fixed 
  1357 |  JC69 |        36 |    225 |               7 |        200 |      Fixed 
  1358 |  JC69 |        20 |    153 |               3 |          4 |      Fixed 
  1359 |  JC69 |        26 |     57 |               2 |          2 |      Fixed 
  1360 |  JC69 |        16 |    283 |              39 |         19 |      Fixed 
  1361 |  JC69 |        36 |    140 |              60 |          9 |      Fixed 
  1362 |  JC69 |        38 |    429 |             195 |         44 |      Fixed 
  1363 |  JC69 |        18 |    189 |              36 |          5 |      Fixed 
  1364 |  JC69 |        40 |    224 |              19 |         11 |      Fixed 
  1365 |  JC69 |        40 |    179 |               0 |          1 |      Fixed 
  1366 |  JC69 |        40 |    129 |               1 |          2 |      Fixed 
  1367 |  JC69 |        40 |     96 |               2 |          3 |      Fixed 
  1368 |  JC69 |        34 |    262 |              12 |         26 |      Fixed 
  1369 |  JC69 |        20 |    419 |             159 |         19 |      Fixed 
  1370 |  JC69 |        14 |    209 |               6 |          7 |      Fixed 
  1371 |  JC69 |        36 |    130 |              14 |         38 |      Fixed 
  1372 |  JC69 |         8 |    285 |              14 |          8 |      Fixed 
  1373 |  JC69 |        12 |    208 |              30 |          9 |      Fixed 
  1374 |  JC69 |        40 |    292 |              23 |         15 |      Fixed 
  1375 |  JC69 |        40 |     97 |               8 |          7 |      Fixed 
  1376 |  JC69 |        38 |    149 |               4 |         14 |      Fixed 
  1377 |  JC69 |        24 |    286 |              20 |         19 |      Fixed 
  1378 |  JC69 |        40 |    129 |               1 |          2 |      Fixed 
  1379 |  JC69 |        40 |    335 |              23 |         24 |      Fixed 
  1380 |  JC69 |         4 |    285 |              14 |          5 |      Fixed 
  1381 |  JC69 |        16 |    286 |              28 |         14 |      Fixed 
  1382 |  JC69 |         4 |     98 |               0 |          1 |      Fixed 
  1383 |  JC69 |        22 |    189 |               4 |          6 |      Fixed 
  1384 |  JC69 |        26 |    292 |              25 |         19 |      Fixed 
  1385 |  JC69 |        40 |     70 |               3 |          4 |      Fixed 


Per-locus sequences in data and 'species&tree' tag:
C.File | Data |                Status                | Population
-------+------+--------------------------------------+-----------
    18 |   18 | [OK]                                 | ajan      
    22 |   22 | [OK]                                 | alas      


Map of populations and ancestors (1 in map indicates ancestor):
  Species   1  2  3
1 ajan      1  0  1
2 alas      0  1  1
3 R         0  0  1

Generating gene trees.... Done

Initial MSC density and log-likelihood of observing data:
log-PG0 = 157842.428710   log-L0 = -554553.321822


bitmatrix for MSC-M
 0 ajan         0.00000   0  1  0
 1 alas         0.00000   1  0  0
 2 R            0.00500   0  0  0
[EXPERIMENTAL] - New extended IM rubberband algorithm
Theta proposal: Mixed: Sliding window (0.10) + Inv-G approx Gibbs (0.90))
Linked thetas: none
0:00 taken to read and process data..
Restarting timer...


-*- Terms index -*-

  Prgs: progress of MCMC run (negative progress means burnin)
  Gage: gene-tree age proposal
  Gspr: gene-tree SPR proposal
   th1: species tree theta proposal (tips)   (sliding window)
   th2: species tree theta proposal (inner)  (sliding window)
   thg: species tree theta proposal (inner)  (gibbs sampler)
   tau: species tree tau proposal
   mix: mixing proposal
   wr1: migration rates proposal (sliding window)
   wrg: migration rates proposal (gibbs sampler)
  mrte: migration rates proposal
theta1: mean theta of node 1
theta2: mean theta of node 2
theta3: mean theta of node 3
  tau1: root node mean tau
    W1: mean migration rate ajan -> alas
    W2: mean migration rate alas -> ajan
log-PG: log-probability of gene trees (MSC)
 log-L: mean log-L of observing data

     |            Acceptance proportions            |
Prgs | Gage Gspr  th1  th2  thg  tau  mix wr1  wrg  | theta1 theta2 theta3    tau1      W1     W2         log-PG          log-L
-------------------------------------------------------------------------------------------------------------------------------


                      Gage    Gspr     th1     th2     tau     mix     wr1  
Current Pjump:      0.70109 0.64349 0.02421 0.00000 0.00400 0.01720 0.05292
Current finetune:   5.00000 0.00100 0.00050 0.00200 0.00100 0.30000 0.10000
New finetune:      19.34096 0.00313 0.00004 0.00002 0.00001 0.01591 0.01635

=> 'finetune = 1 Gage:19.340962 Gspr:0.003130 th1:0.000037 th2:0.000020 tau:0.000012 mix:0.015911 wr1:0.016351'

  -0%  0.71 0.64 0.78 0.72 1.00 0.41 0.61 0.60 1.00   0.0055 0.0082 0.0030  0.0006  587.9202 676.5292   202323.93546  -475457.36092

                      Gage    Gspr     th1     th2     tau     mix     wr1  
Current Pjump:      0.70718 0.64408 0.77637 0.72470 0.40720 0.60520 0.60123
Current finetune:  19.34096 0.00313 0.00004 0.00002 0.00001 0.01591 0.01635
New finetune:      76.62303 0.00982 0.00020 0.00009 0.00002 0.04373 0.04435

=> 'finetune = 1 Gage:76.623027 Gspr:0.009820 th1:0.000200 th2:0.000085 tau:0.000018 mix:0.043728 wr1:0.044348'



                      Gage    Gspr     th1     th2     tau     mix     wr1  
Current Pjump:      0.70726 0.64390 0.27396 0.21825 0.26440 0.22440 0.24252
Current finetune:  76.62303 0.00982 0.00020 0.00009 0.00002 0.04373 0.04435
New finetune:      99.00000 0.03078 0.00018 0.00006 0.00002 0.03157 0.03486

=> 'finetune = 1 Gage:99.000000 Gspr:0.030783 th1:0.000180 th2:0.000060 tau:0.000016 mix:0.031569 wr1:0.034860'

   0%  0.71 0.64 0.31 0.35 1.00 0.31 0.35 0.34 1.00   0.0057 0.0081 0.0031  0.0006  636.3900 551.3410   190689.93444  -475391.05025  10:31:55


                      Gage    Gspr     th1     th2     tau     mix     wr1  
Current Pjump:      0.70764 0.64375 0.30754 0.34538 0.31160 0.34760 0.34424
Current finetune:  99.00000 0.03078 0.00018 0.00006 0.00002 0.03157 0.03486
New finetune:      99.00000 0.09645 0.00019 0.00007 0.00002 0.03765 0.04108

=> 'finetune = 1 Gage:99.000000 Gspr:0.096452 th1:0.000185 th2:0.000070 tau:0.000016 mix:0.037648 wr1:0.041080'

   1%  0.71 0.64 0.28 0.28 1.00 0.28 0.27 0.31 1.00   0.0054 0.0086 0.0031  0.0006  445.5510 766.3423   183147.55966  -475379.66396   1%  0.71 0.64 0.29 0.31 1.00 0.29 0.26 0.33 1.00   0.0056 0.0086 0.0031  0.0006  478.8498 668.5975   192787.41501  -475385.56258   2%  0.71 0.64 0.29 0.30 1.00 0.28 0.26 0.31 1.00   0.0057 0.0085 0.0031  0.0006  516.5062 626.8885   188897.97650  -475385.08780   2%  0.71 0.64 0.30 0.29 1.00 0.28 0.26 0.32 1.00   0.0058 0.0084 0.0031  0.0006  543.7994 571.7721   199026.14059  -475387.17716   3%  0.71 0.64 0.30 0.29 1.00 0.29 0.26 0.33 1.00   0.0059 0.0083 0.0031  0.0006  591.6106 524.4878   194368.69268  -475383.41513   3%  0.71 0.64 0.30 0.29 1.00 0.29 0.26 0.32 1.00   0.0058 0.0083 0.0031  0.0006  579.6212 552.4664   194137.22483  -475382.74620   4%  0.71 0.64 0.30 0.28 1.00 0.29 0.26 0.32 1.00   0.0057 0.0084 0.0031  0.0006  563.2269 572.6303   187994.83639  -475381.06315   4%  0.71 0.64 0.30 0.28 1.00 0.29 0.26 0.32 1.00   0.0057 0.0084 0.0031  0.0006  556.0871 588.2573   196839.61355  -475376.00646   5%  0.71 0.64 0.30 0.29 1.00 0.29 0.26 0.32 1.00   0.0057 0.0084 0.0031  0.0006  545.5210 599.8374   192981.52579  -475373.24691   5%  0.71 0.64 0.30 0.29 1.00 0.29 0.26 0.32 1.00   0.0057 0.0084 0.0031  0.0006  543.7877 593.1425   193320.60273  -475371.39627  22:58:12
   6%  0.71 0.64 0.30 0.29 1.00 0.28 0.26 0.32 1.00   0.0057 0.0084 0.0031  0.0006  548.5412 582.1701   190016.56293  -475369.60833   6%  0.71 0.64 0.30 0.29 1.00 0.28 0.26 0.32 1.00   0.0057 0.0084 0.0031  0.0006  542.0501 593.1589   199131.02892  -475367.90593   7%  0.71 0.64 0.31 0.29 1.00 0.28 0.26 0.32 1.00   0.0057 0.0084 0.0031  0.0006  538.8738 593.6410   186961.39673  -475366.44019   7%  0.71 0.64 0.31 0.29 1.00 0.28 0.26 0.32 1.00   0.0057 0.0084 0.0031  0.0006  539.8303 590.4370   191187.43404  -475365.71352   8%  0.71 0.64 0.31 0.29 1.00 0.28 0.26 0.32 1.00   0.0057 0.0084 0.0031  0.0006  539.2103 590.6263   188536.41744  -475364.83211   8%  0.71 0.64 0.31 0.30 1.00 0.28 0.26 0.32 1.00   0.0057 0.0084 0.0031  0.0006  543.9333 581.4154   191830.78118  -475364.29573   9%  0.71 0.64 0.31 0.30 1.00 0.29 0.26 0.33 1.00   0.0057 0.0084 0.0031  0.0006  549.8993 572.8076   188723.61299  -475363.08637   9%  0.71 0.64 0.31 0.30 1.00 0.29 0.26 0.33 1.00   0.0057 0.0084 0.0031  0.0006  552.5625 568.1844   189828.76349  -475362.32966  10%  0.71 0.64 0.31 0.29 1.00 0.29 0.26 0.33 1.00   0.0057 0.0084 0.0031  0.0006  549.3216 568.8189   182119.06167  -475361.89302  10%  0.71 0.64 0.31 0.29 1.00 0.29 0.26 0.32 1.00   0.0057 0.0084 0.0031  0.0006  546.9838 570.6451   199253.92796  -475361.39757  30:37:16
  11%  0.71 0.64 0.31 0.29 1.00 0.29 0.26 0.32 1.00   0.0057 0.0084 0.0031  0.0006  546.4867 572.9886   185916.26339  -475360.62050  11%  0.71 0.64 0.31 0.29 1.00 0.29 0.26 0.32 1.00   0.0057 0.0084 0.0031  0.0006  544.2466 579.0746   197560.43454  -475360.10180  12%  0.71 0.64 0.31 0.29 1.00 0.29 0.26 0.32 1.00   0.0057 0.0084 0.0031  0.0006  548.7560 574.7774   189105.17429  -475359.67740  12%  0.71 0.64 0.31 0.29 1.00 0.29 0.26 0.32 1.00   0.0057 0.0084 0.0031  0.0006  543.6634 580.8170   190822.66915  -475358.46012  13%  0.71 0.64 0.31 0.29 1.00 0.29 0.26 0.32 1.00   0.0057 0.0084 0.0031  0.0006  536.0789 590.2063   195919.18983  -475357.65618  13%  0.71 0.64 0.31 0.29 1.00 0.29 0.27 0.32 1.00   0.0057 0.0084 0.0031  0.0006  537.3354 588.8952   185567.56138  -475357.26294  14%  0.71 0.64 0.31 0.29 1.00 0.29 0.27 0.32 1.00   0.0057 0.0085 0.0031  0.0006  533.2201 591.5624   189400.22646  -475356.80349  14%  0.71 0.64 0.31 0.29 1.00 0.29 0.27 0.32 1.00   0.0057 0.0085 0.0031  0.0006  531.4324 592.1471   187493.26472  -475356.35758  15%  0.71 0.64 0.31 0.29 1.00 0.29 0.27 0.32 1.00   0.0057 0.0085 0.0031  0.0006  532.8885 587.0659   187533.31166  -475355.48165  15%  0.71 0.64 0.31 0.29 1.00 0.29 0.27 0.32 1.00   0.0057 0.0085 0.0031  0.0006  536.4634 580.8085   189410.30732  -475354.82815  38:04:43
  16%  0.71 0.64 0.31 0.29 1.00 0.29 0.27 0.32 1.00   0.0057 0.0084 0.0031  0.0006  540.5961 577.9726   196853.92797  -475354.25295  16%  0.71 0.64 0.31 0.29 1.00 0.29 0.27 0.32 1.00   0.0057 0.0084 0.0031  0.0006  541.0768 578.7011   193224.31359  -475353.86113  17%  0.71 0.64 0.31 0.29 1.00 0.29 0.27 0.32 1.00   0.0057 0.0084 0.0031  0.0006  541.6966 578.2120   189509.09585  -475353.49856  17%  0.71 0.64 0.31 0.29 1.00 0.29 0.27 0.32 1.00   0.0057 0.0084 0.0031  0.0006  542.3230 577.0379   182447.58582  -475353.13079  18%  0.71 0.64 0.31 0.29 1.00 0.29 0.27 0.32 1.00   0.0057 0.0084 0.0031  0.0006  543.8155 574.1488   197380.82072  -475352.89171  18%  0.71 0.64 0.31 0.29 1.00 0.29 0.27 0.32 1.00   0.0057 0.0084 0.0031  0.0006  543.9873 574.4832   188444.86751  -475352.15516  19%  0.71 0.64 0.31 0.29 1.00 0.29 0.27 0.32 1.00   0.0057 0.0084 0.0031  0.0006  542.8023 576.2853   189608.81993  -475351.68137  19%  0.71 0.64 0.31 0.28 1.00 0.29 0.27 0.32 1.00   0.0057 0.0084 0.0031  0.0006  543.3216 574.9761   195014.29797  -475351.17292  20%  0.71 0.64 0.31 0.29 1.00 0.29 0.27 0.32 1.00   0.0057 0.0084 0.0031  0.0006  543.1677 576.5195   191468.54867  -475350.86757  20%  0.71 0.64 0.31 0.28 1.00 0.29 0.27 0.32 1.00   0.0057 0.0084 0.0031  0.0006  540.8889 577.9326   179442.06201  -475350.64191  45:40:59
  21%  0.71 0.64 0.31 0.28 1.00 0.29 0.27 0.32 1.00   0.0057 0.0084 0.0031  0.0006  539.5195 579.2265   193856.73383  -475350.38652  21%  0.71 0.64 0.31 0.28 1.00 0.29 0.27 0.32 1.00   0.0057 0.0084 0.0031  0.0006  540.7946 577.2094   196945.04049  -475350.34419  22%  0.71 0.64 0.31 0.28 1.00 0.29 0.27 0.32 1.00   0.0057 0.0084 0.0031  0.0006  542.5754 575.3278   201238.10488  -475350.10059  22%  0.71 0.64 0.31 0.28 1.00 0.29 0.27 0.32 1.00   0.0057 0.0084 0.0031  0.0006  543.3368 572.8580   189065.59678  -475349.78534  23%  0.71 0.64 0.31 0.28 1.00 0.29 0.27 0.32 1.00   0.0057 0.0084 0.0031  0.0006  543.0380 572.0241   181144.24351  -475349.47210  23%  0.71 0.64 0.31 0.29 1.00 0.29 0.27 0.32 1.00   0.0057 0.0084 0.0031  0.0006  548.0250 565.3487   181275.98644  -475349.33742  24%  0.71 0.64 0.31 0.28 1.00 0.29 0.27 0.32 1.00   0.0057 0.0084 0.0031  0.0006  547.0878 566.3978   190647.63648  -475349.04409  24%  0.71 0.64 0.31 0.28 1.00 0.29 0.27 0.32 1.00   0.0057 0.0084 0.0031  0.0006  547.1973 569.0171   193198.43777  -475348.40687  25%  0.71 0.64 0.31 0.28 1.00 0.29 0.27 0.32 1.00   0.0057 0.0084 0.0031  0.0006  547.2602 569.0356   195650.50360  -475348.39401  25%  0.71 0.64 0.31 0.28 1.00 0.29 0.27 0.32 1.00   0.0057 0.0084 0.0031  0.0006  546.5630 570.6128   191154.31179  -475347.99597  53:09:36
  26%  0.71 0.64 0.31 0.28 1.00 0.29 0.27 0.32 1.00   0.0057 0.0084 0.0031  0.0006  546.9723 569.7823   197959.80552  -475347.71893  26%  0.71 0.64 0.31 0.28 1.00 0.29 0.27 0.32 1.00   0.0057 0.0084 0.0031  0.0006  547.2503 569.7995   190975.05280  -475347.39268  27%  0.71 0.64 0.31 0.28 1.00 0.29 0.27 0.32 1.00   0.0057 0.0084 0.0031  0.0006  547.3647 570.3580   191155.14843  -475347.09528  27%  0.71 0.64 0.31 0.28 1.00 0.29 0.27 0.32 1.00   0.0057 0.0084 0.0031  0.0006  547.3335 571.2357   195686.92823  -475346.58761  28%  0.71 0.64 0.31 0.28 1.00 0.29 0.27 0.32 1.00   0.0057 0.0084 0.0031  0.0006  544.1363 574.2105   182300.98462  -475346.43607  28%  0.71 0.64 0.31 0.28 1.00 0.29 0.27 0.32 1.00   0.0057 0.0084 0.0031  0.0006  543.3674 574.2853   180615.48630  -475346.32664  29%  0.71 0.64 0.31 0.29 1.00 0.29 0.27 0.32 1.00   0.0057 0.0084 0.0031  0.0006  542.1502 577.2393   200822.39474  -475345.98413  29%  0.71 0.64 0.31 0.29 1.00 0.29 0.27 0.32 1.00   0.0057 0.0084 0.0031  0.0006  543.6078 575.1520   184233.52567  -475345.85924  30%  0.71 0.64 0.31 0.29 1.00 0.29 0.27 0.32 1.00   0.0057 0.0084 0.0031  0.0006  543.8030 574.6170   189410.68187  -475345.81582  30%  0.71 0.64 0.31 0.29 1.00 0.29 0.27 0.32 1.00   0.0057 0.0084 0.0031  0.0006  545.4481 572.4696   191091.75769  -475345.63364  60:36:37
  31%  0.71 0.64 0.31 0.29 1.00 0.29 0.27 0.32 1.00   0.0057 0.0084 0.0031  0.0006  546.8481 570.0078   187880.00907  -475345.66195  31%  0.71 0.64 0.31 0.29 1.00 0.29 0.27 0.32 1.00   0.0057 0.0084 0.0031  0.0006  547.5404 569.2001   186270.19751  -475345.48045  32%  0.71 0.64 0.31 0.29 1.00 0.29 0.27 0.32 1.00   0.0057 0.0084 0.0031  0.0006  547.2321 570.2027   196858.87376  -475345.15704  32%  0.71 0.64 0.31 0.29 1.00 0.29 0.27 0.32 1.00   0.0057 0.0084 0.0031  0.0006  547.0047 570.7726   199188.95326  -475344.96836  33%  0.71 0.64 0.31 0.29 1.00 0.29 0.27 0.32 1.00   0.0057 0.0084 0.0031  0.0006  547.8179 570.3130   190188.05793  -475344.79197  33%  0.71 0.64 0.31 0.29 1.00 0.29 0.27 0.32 1.00   0.0057 0.0084 0.0031  0.0006  547.4618 570.0243   193442.31398  -475344.70109  34%  0.71 0.64 0.31 0.29 1.00 0.29 0.27 0.32 1.00   0.0057 0.0084 0.0031  0.0006  545.5740 572.2315   193254.55934  -475344.59237  34%  0.71 0.64 0.31 0.29 1.00 0.29 0.27 0.32 1.00   0.0057 0.0084 0.0031  0.0006  543.6558 574.8121   203128.25406  -475344.53708  35%  0.71 0.64 0.31 0.29 1.00 0.29 0.27 0.32 1.00   0.0057 0.0084 0.0031  0.0006  545.0978 574.5406   194036.91096  -475344.19875  35%  0.71 0.64 0.31 0.29 1.00 0.29 0.27 0.32 1.00   0.0057 0.0084 0.0031  0.0006  546.2877 573.7758   196771.09553  -475343.85093  68:05:36
  36%  0.71 0.64 0.31 0.29 1.00 0.29 0.27 0.32 1.00   0.0057 0.0084 0.0031  0.0006  545.5180 574.0731   183691.77956  -475343.64001  36%  0.71 0.64 0.31 0.29 1.00 0.29 0.27 0.32 1.00   0.0057 0.0084 0.0031  0.0006  546.4735 572.1624   206262.97171  -475343.57907  37%  0.71 0.64 0.31 0.29 1.00 0.29 0.27 0.32 1.00   0.0057 0.0084 0.0031  0.0006  547.5929 571.9408   197988.36744  -475343.22035  37%  0.71 0.64 0.31 0.29 1.00 0.29 0.27 0.32 1.00   0.0057 0.0084 0.0031  0.0006  547.9868 571.2304   198456.51355  -475343.04604  38%  0.71 0.64 0.31 0.29 1.00 0.29 0.27 0.32 1.00   0.0057 0.0084 0.0031  0.0006  547.6292 571.3618   187875.12580  -475342.80999  38%  0.71 0.64 0.31 0.29 1.00 0.29 0.27 0.32 1.00   0.0057 0.0084 0.0031  0.0006  547.8320 572.0817   196764.57305  -475342.33390  39%  0.71 0.64 0.31 0.29 1.00 0.29 0.27 0.32 1.00   0.0057 0.0084 0.0031  0.0006  548.3645 572.1418   186787.02147  -475341.98614  39%  0.71 0.64 0.31 0.29 1.00 0.29 0.27 0.32 1.00   0.0057 0.0084 0.0031  0.0006  548.4435 572.0061   191189.79860  -475341.69918  40%  0.71 0.64 0.31 0.29 1.00 0.29 0.27 0.32 1.00   0.0057 0.0084 0.0031  0.0006  548.0829 573.2694   198057.00901  -475341.40868  40%  0.71 0.64 0.31 0.29 1.00 0.29 0.27 0.32 1.00   0.0057 0.0084 0.0031  0.0006  547.2808 574.5960   189864.91308  -475341.20470  75:38:04
  41%  0.71 0.64 0.31 0.29 1.00 0.29 0.27 0.32 1.00   0.0057 0.0084 0.0031  0.0006  547.1187 575.1986   194948.45576  -475340.92965  41%  0.71 0.64 0.31 0.29 1.00 0.29 0.27 0.32 1.00   0.0057 0.0084 0.0031  0.0006  547.2321 574.5973   188407.89718  -475340.72883  42%  0.71 0.64 0.31 0.29 1.00 0.29 0.27 0.32 1.00   0.0057 0.0084 0.0031  0.0006  547.7464 573.6685   186559.94462  -475340.51171  42%  0.71 0.64 0.31 0.29 1.00 0.29 0.27 0.32 1.00   0.0057 0.0084 0.0031  0.0006  547.3047 575.0576   187028.09252  -475340.37922  43%  0.71 0.64 0.31 0.29 1.00 0.29 0.27 0.32 1.00   0.0057 0.0084 0.0031  0.0006  548.7909 573.9072   189800.06332  -475340.22420  43%  0.71 0.64 0.31 0.29 1.00 0.29 0.27 0.32 1.00   0.0057 0.0084 0.0031  0.0006  548.3484 575.1461   191524.29405  -475340.10018  44%  0.71 0.64 0.31 0.29 1.00 0.29 0.27 0.32 1.00   0.0057 0.0084 0.0031  0.0006  547.0298 576.8959   191680.48849  -475339.82958  44%  0.71 0.64 0.31 0.29 1.00 0.29 0.27 0.32 1.00   0.0057 0.0084 0.0031  0.0006  546.8026 577.0882   186896.46261  -475339.61153  45%  0.71 0.64 0.31 0.29 1.00 0.29 0.27 0.32 1.00   0.0057 0.0084 0.0031  0.0006  546.3085 576.9433   187814.05288  -475339.40049  45%  0.71 0.64 0.31 0.29 1.00 0.29 0.27 0.32 1.00   0.0057 0.0084 0.0031  0.0006  546.1567 576.8953   188691.06403  -475339.14130  83:09:05
  46%  0.71 0.64 0.31 0.29 1.00 0.29 0.27 0.32 1.00   0.0057 0.0084 0.0031  0.0006  545.2199 577.9590   196402.80392  -475338.94962  46%  0.71 0.64 0.31 0.29 1.00 0.29 0.27 0.32 1.00   0.0057 0.0084 0.0031  0.0006  544.7597 578.9927   186486.26928  -475338.63404  47%  0.71 0.64 0.31 0.29 1.00 0.29 0.27 0.32 1.00   0.0057 0.0084 0.0031  0.0006  544.4598 579.7804   197384.76463  -475338.24730  47%  0.71 0.64 0.31 0.29 1.00 0.29 0.27 0.32 1.00   0.0057 0.0084 0.0031  0.0006  544.4933 580.5774   189168.58139  -475337.85568  48%  0.71 0.64 0.31 0.29 1.00 0.29 0.27 0.32 1.00   0.0057 0.0084 0.0031  0.0006  543.5670 582.3698   188879.95840  -475337.49201  48%  0.71 0.64 0.31 0.29 1.00 0.29 0.27 0.32 1.00   0.0057 0.0084 0.0031  0.0006  542.9449 583.0990   183597.98772  -475337.24463  49%  0.71 0.64 0.31 0.29 1.00 0.29 0.27 0.32 1.00   0.0057 0.0084 0.0031  0.0006  543.3875 581.8718   185970.10311  -475337.00911  49%  0.71 0.64 0.31 0.29 1.00 0.29 0.27 0.32 1.00   0.0057 0.0084 0.0031  0.0006  542.5953 582.0438   193379.72229  -475336.95038  50%  0.71 0.64 0.31 0.29 1.00 0.29 0.27 0.32 1.00   0.0057 0.0084 0.0031  0.0006  542.5412 581.8665   188950.39725  -475336.81812  50%  0.71 0.64 0.31 0.29 1.00 0.29 0.27 0.32 1.00   0.0057 0.0084 0.0031  0.0006  543.1990 580.6436   190235.63922  -475336.67109  90:39:03
  51%  0.71 0.64 0.31 0.29 1.00 0.29 0.27 0.32 1.00   0.0057 0.0084 0.0031  0.0006  542.6733 580.3453   187294.66960  -475336.49526  51%  0.71 0.64 0.31 0.29 1.00 0.29 0.27 0.32 1.00   0.0057 0.0084 0.0031  0.0006  542.1016 580.5073   188302.90659  -475336.33080  52%  0.71 0.64 0.31 0.29 1.00 0.29 0.27 0.32 1.00   0.0057 0.0084 0.0031  0.0006  541.6324 581.1228   195300.23861  -475336.17894  52%  0.71 0.64 0.31 0.29 1.00 0.29 0.27 0.32 1.00   0.0057 0.0084 0.0031  0.0006  542.2449 580.0670   182998.82199  -475336.04197  53%  0.71 0.64 0.31 0.29 1.00 0.29 0.27 0.32 1.00   0.0057 0.0084 0.0031  0.0006  542.6596 579.6286   195526.38124  -475335.89701  53%  0.71 0.64 0.31 0.29 1.00 0.29 0.27 0.32 1.00   0.0057 0.0084 0.0031  0.0006  544.4936 578.2362   197254.27419  -475335.69941  54%  0.71 0.64 0.31 0.29 1.00 0.29 0.27 0.32 1.00   0.0057 0.0084 0.0031  0.0006  544.2372 578.3306   187091.56714  -475335.51394  54%  0.71 0.64 0.31 0.29 1.00 0.29 0.27 0.32 1.00   0.0057 0.0084 0.0031  0.0006  544.3633 578.1226   190461.73484  -475335.28093  55%  0.71 0.64 0.31 0.29 1.00 0.29 0.27 0.32 1.00   0.0057 0.0084 0.0031  0.0006  542.4963 580.8849   186892.32882  -475335.08067  55%  0.71 0.64 0.31 0.29 1.00 0.29 0.27 0.32 1.00   0.0057 0.0084 0.0031  0.0006  541.0585 581.8694   185242.98985  -475335.03733  98:08:03
  56%  0.71 0.64 0.31 0.29 1.00 0.29 0.27 0.32 1.00   0.0057 0.0084 0.0031  0.0006  540.9887 581.9172   190921.23383  -475334.88544  56%  0.71 0.64 0.31 0.29 1.00 0.29 0.27 0.32 1.00   0.0057 0.0084 0.0031  0.0006  541.1513 582.1899   190859.00152  -475334.64267  57%  0.71 0.64 0.31 0.29 1.00 0.29 0.27 0.32 1.00   0.0057 0.0084 0.0031  0.0006  540.8867 583.3697   192999.24686  -475334.33969  57%  0.71 0.64 0.31 0.29 1.00 0.29 0.27 0.32 1.00   0.0057 0.0084 0.0031  0.0006  541.1783 583.8329   195493.12568  -475334.06349  58%  0.71 0.64 0.31 0.29 1.00 0.29 0.27 0.32 1.00   0.0057 0.0084 0.0031  0.0006  540.4664 584.9790   198216.80693  -475333.83093  58%  0.71 0.64 0.31 0.29 1.00 0.29 0.27 0.32 1.00   0.0057 0.0084 0.0031  0.0006  541.6293 583.7956   198005.90435  -475333.62662  59%  0.71 0.64 0.31 0.29 1.00 0.29 0.27 0.32 1.00   0.0057 0.0084 0.0031  0.0006  542.0941 584.0501   183348.41445  -475333.40254  59%  0.71 0.64 0.31 0.29 1.00 0.29 0.27 0.32 1.00   0.0057 0.0084 0.0031  0.0006  541.1607 584.6903   189752.92705  -475333.21740  60%  0.71 0.64 0.31 0.29 1.00 0.29 0.27 0.32 1.00   0.0057 0.0084 0.0031  0.0006  540.4446 585.7612   189232.22744  -475333.06595  60%  0.71 0.64 0.31 0.29 1.00 0.29 0.27 0.32 1.00   0.0057 0.0084 0.0031  0.0006  539.0089 587.8545   191862.96427  -475332.91243  105:42:10
  61%  0.71 0.64 0.31 0.29 1.00 0.29 0.27 0.32 1.00   0.0057 0.0084 0.0031  0.0006  538.7514 588.0874   181751.63227  -475332.76804  61%  0.71 0.64 0.31 0.29 1.00 0.29 0.27 0.32 1.00   0.0057 0.0084 0.0031  0.0006  539.8131 586.7794   189635.87991  -475332.60360  62%  0.71 0.64 0.31 0.29 1.00 0.29 0.27 0.32 1.00   0.0057 0.0084 0.0031  0.0006  540.5331 585.9250   187948.04958  -475332.46460  62%  0.71 0.64 0.31 0.29 1.00 0.29 0.27 0.32 1.00   0.0057 0.0084 0.0031  0.0006  540.9547 585.4696   189347.82506  -475332.35606  63%  0.71 0.64 0.31 0.29 1.00 0.29 0.27 0.32 1.00   0.0057 0.0084 0.0031  0.0006  540.9880 584.2498   191352.12266  -475332.38265  63%  0.71 0.64 0.31 0.29 1.00 0.29 0.27 0.32 1.00   0.0057 0.0084 0.0031  0.0006  541.7694 583.2374   195913.50096  -475332.33205  64%  0.71 0.64 0.31 0.29 1.00 0.29 0.27 0.32 1.00   0.0057 0.0084 0.0031  0.0006  542.1974 582.9767   188846.51508  -475332.23980  64%  0.71 0.64 0.31 0.29 1.00 0.29 0.27 0.32 1.00   0.0057 0.0084 0.0031  0.0006  542.3604 582.1899   180626.79461  -475332.22473  65%  0.71 0.64 0.31 0.29 1.00 0.29 0.27 0.32 1.00   0.0057 0.0084 0.0031  0.0006  542.8202 581.6976   188601.82367  -475332.20412  65%  0.71 0.64 0.31 0.29 1.00 0.29 0.27 0.32 1.00   0.0057 0.0084 0.0031  0.0006  543.2492 581.2916   195723.99151  -475331.98463  113:11:16
  66%  0.71 0.64 0.31 0.29 1.00 0.29 0.27 0.32 1.00   0.0057 0.0084 0.0031  0.0006  543.2731 582.0987   205255.26346  -475331.77262  66%  0.71 0.64 0.31 0.29 1.00 0.29 0.27 0.32 1.00   0.0057 0.0084 0.0031  0.0006  542.6628 582.7112   181815.89395  -475331.65984  67%  0.71 0.64 0.31 0.29 1.00 0.29 0.27 0.32 1.00   0.0057 0.0084 0.0031  0.0006  542.3211 582.8140   198610.55686  -475331.60099  67%  0.71 0.64 0.31 0.29 1.00 0.29 0.27 0.32 1.00   0.0057 0.0084 0.0031  0.0006  542.1281 582.8725   197871.69728  -475331.50316  68%  0.71 0.64 0.31 0.29 1.00 0.29 0.27 0.32 1.00   0.0057 0.0084 0.0031  0.0006  542.1272 582.9746   191637.14093  -475331.36207  68%  0.71 0.64 0.31 0.29 1.00 0.29 0.27 0.32 1.00   0.0057 0.0084 0.0031  0.0006  541.4916 583.7291   191858.42249  -475331.24059  69%  0.71 0.64 0.31 0.29 1.00 0.29 0.27 0.32 1.00   0.0057 0.0084 0.0031  0.0006  541.7459 583.9225   194573.34808  -475331.14807  69%  0.71 0.64 0.31 0.29 1.00 0.29 0.27 0.32 1.00   0.0057 0.0084 0.0031  0.0006  541.3957 585.0705   192654.60386  -475331.00896  70%  0.71 0.64 0.31 0.29 1.00 0.29 0.27 0.32 1.00   0.0057 0.0084 0.0031  0.0006  541.3799 584.8302   189554.97629  -475330.95183  70%  0.71 0.64 0.31 0.29 1.00 0.29 0.27 0.32 1.00   0.0057 0.0084 0.0031  0.0006  541.7734 584.0205   196439.12297  -475330.89193  120:44:14
  71%  0.71 0.64 0.31 0.28 1.00 0.29 0.27 0.32 1.00   0.0057 0.0084 0.0031  0.0006  541.5669 584.2780   186512.51052  -475330.83480  71%  0.71 0.64 0.31 0.28 1.00 0.29 0.27 0.32 1.00   0.0057 0.0084 0.0031  0.0006  541.2603 584.0330   184905.21206  -475330.79432  72%  0.71 0.64 0.31 0.28 1.00 0.29 0.27 0.32 1.00   0.0057 0.0084 0.0031  0.0006  541.1728 583.8967   189016.66511  -475330.72391  72%  0.71 0.64 0.31 0.29 1.00 0.29 0.27 0.32 1.00   0.0057 0.0084 0.0031  0.0006  542.0322 582.8259   189476.79878  -475330.55782  73%  0.71 0.64 0.31 0.29 1.00 0.29 0.27 0.32 1.00   0.0057 0.0084 0.0031  0.0006  542.5467 581.5649   197509.01166  -475330.47643  73%  0.71 0.64 0.31 0.29 1.00 0.29 0.27 0.32 1.00   0.0057 0.0084 0.0031  0.0006  542.9924 581.0276   189433.26522  -475330.34483  74%  0.71 0.64 0.31 0.29 1.00 0.29 0.27 0.32 1.00   0.0057 0.0084 0.0031  0.0006  542.6028 581.4550   181752.48825  -475330.21374  74%  0.71 0.64 0.31 0.29 1.00 0.29 0.27 0.32 1.00   0.0057 0.0084 0.0031  0.0006  542.3322 581.3272   187447.37855  -475330.13879  75%  0.71 0.64 0.31 0.29 1.00 0.29 0.27 0.32 1.00   0.0057 0.0084 0.0031  0.0006  541.6565 582.3275   186849.05150  -475329.97002  75%  0.71 0.64 0.31 0.29 1.00 0.29 0.27 0.32 1.00   0.0057 0.0084 0.0031  0.0006  541.4801 582.0608   181818.68172  -475329.91490  128:11:53
  76%  0.71 0.64 0.31 0.29 1.00 0.29 0.27 0.32 1.00   0.0057 0.0084 0.0031  0.0006  541.0584 582.5348   204162.19724  -475329.78564  76%  0.71 0.64 0.31 0.29 1.00 0.29 0.27 0.32 1.00   0.0057 0.0085 0.0031  0.0006  540.0590 583.8750   182009.96811  -475329.62565  77%  0.71 0.64 0.31 0.29 1.00 0.29 0.27 0.32 1.00   0.0057 0.0085 0.0031  0.0006  539.4762 584.4066   180081.80581  -475329.51639  77%  0.71 0.64 0.31 0.29 1.00 0.29 0.27 0.32 1.00   0.0057 0.0085 0.0031  0.0006  539.7326 583.6321   189305.63236  -475329.41417  78%  0.71 0.64 0.31 0.29 1.00 0.29 0.27 0.32 1.00   0.0057 0.0085 0.0031  0.0006  540.2715 582.9346   190687.04979  -475329.30109  78%  0.71 0.64 0.31 0.29 1.00 0.29 0.27 0.32 1.00   0.0057 0.0084 0.0031  0.0006  540.8372 582.6549   200067.39584  -475329.17477  79%  0.71 0.64 0.31 0.29 1.00 0.29 0.27 0.32 1.00   0.0057 0.0084 0.0031  0.0006  541.0703 582.0842   188551.01300  -475329.16609  79%  0.71 0.64 0.31 0.29 1.00 0.29 0.27 0.32 1.00   0.0057 0.0084 0.0031  0.0006  540.6708 582.1440   193647.96829  -475329.16649  80%  0.71 0.64 0.31 0.29 1.00 0.29 0.27 0.32 1.00   0.0057 0.0084 0.0031  0.0006  541.6565 581.3327   189784.93905  -475329.03315  80%  0.71 0.64 0.31 0.29 1.00 0.29 0.27 0.32 1.00   0.0057 0.0084 0.0031  0.0006  541.6043 581.3776   191533.65736  -475328.96331  135:32:59
  81%  0.71 0.64 0.31 0.29 1.00 0.29 0.27 0.32 1.00   0.0057 0.0084 0.0031  0.0006  541.6463 581.6306   193650.08451  -475328.84391  81%  0.71 0.64 0.31 0.29 1.00 0.29 0.27 0.32 1.00   0.0057 0.0084 0.0031  0.0006  541.3259 581.8510   189940.41806  -475328.77017  82%  0.71 0.64 0.31 0.29 1.00 0.29 0.27 0.32 1.00   0.0057 0.0084 0.0031  0.0006  541.4646 581.9119   177182.18115  -475328.65198  82%  0.71 0.64 0.31 0.29 1.00 0.29 0.27 0.32 1.00   0.0057 0.0084 0.0031  0.0006  541.8132 581.3383   193084.49796  -475328.56388  83%  0.71 0.64 0.31 0.29 1.00 0.29 0.27 0.32 1.00   0.0057 0.0084 0.0031  0.0006  542.4599 580.7436   194727.26446  -475328.44314  83%  0.71 0.64 0.31 0.29 1.00 0.29 0.27 0.32 1.00   0.0057 0.0084 0.0031  0.0006  542.2913 581.1124   189014.86976  -475328.28896  84%  0.71 0.64 0.31 0.29 1.00 0.29 0.27 0.32 1.00   0.0057 0.0084 0.0031  0.0006  542.2115 581.0538   174229.22040  -475328.18541  84%  0.71 0.64 0.31 0.29 1.00 0.29 0.27 0.32 1.00   0.0057 0.0084 0.0031  0.0006  542.3132 580.9878   189975.34648  -475328.08921  85%  0.71 0.64 0.31 0.29 1.00 0.29 0.27 0.32 1.00   0.0057 0.0084 0.0031  0.0006  542.3688 581.1114   179590.51025  -475327.98902  85%  0.71 0.64 0.31 0.29 1.00 0.29 0.27 0.32 1.00   0.0057 0.0084 0.0031  0.0006  542.5942 580.7168   191533.77738  -475327.89968  143:01:46
  86%  0.71 0.64 0.31 0.29 1.00 0.29 0.27 0.32 1.00   0.0057 0.0084 0.0031  0.0006  542.6269 580.7863   190405.66259  -475327.81054  86%  0.71 0.64 0.31 0.29 1.00 0.29 0.27 0.32 1.00   0.0057 0.0084 0.0031  0.0006  542.4066 581.0757   194374.55844  -475327.72141  87%  0.71 0.64 0.31 0.29 1.00 0.29 0.27 0.32 1.00   0.0057 0.0084 0.0031  0.0006  542.3500 581.1095   195242.25961  -475327.70607  87%  0.71 0.64 0.31 0.29 1.00 0.29 0.27 0.32 1.00   0.0057 0.0084 0.0031  0.0006  542.3004 581.1555   191813.76450  -475327.64746  88%  0.71 0.64 0.31 0.29 1.00 0.29 0.27 0.32 1.00   0.0057 0.0084 0.0031  0.0006  542.5631 580.6183   189799.58812  -475327.60845  88%  0.71 0.64 0.31 0.29 1.00 0.29 0.27 0.32 1.00   0.0057 0.0084 0.0031  0.0006  542.9656 580.0138   183208.55935  -475327.49572  89%  0.71 0.64 0.31 0.29 1.00 0.29 0.27 0.32 1.00   0.0057 0.0084 0.0031  0.0006  542.0056 581.2618   190464.89234  -475327.37865  89%  0.71 0.64 0.31 0.29 1.00 0.29 0.27 0.32 1.00   0.0057 0.0085 0.0031  0.0006  540.1619 583.4914   189025.84077  -475327.31887  90%  0.71 0.64 0.31 0.29 1.00 0.29 0.27 0.32 1.00   0.0057 0.0085 0.0031  0.0006  539.8256 584.0253   191667.81934  -475327.21844  90%  0.71 0.64 0.31 0.29 1.00 0.29 0.27 0.32 1.00   0.0057 0.0084 0.0031  0.0006  540.2643 583.5754   188667.21121  -475327.19235  150:04:40
  91%  0.71 0.64 0.31 0.29 1.00 0.29 0.27 0.32 1.00   0.0057 0.0084 0.0031  0.0006  540.2620 583.6534   190016.85331  -475327.14180  91%  0.71 0.64 0.31 0.29 1.00 0.29 0.27 0.32 1.00   0.0057 0.0084 0.0031  0.0006  540.0310 583.9348   181982.12348  -475327.01919  92%  0.71 0.64 0.31 0.29 1.00 0.29 0.27 0.32 1.00   0.0057 0.0085 0.0031  0.0006  539.5957 584.3203   182707.88945  -475326.91156  92%  0.71 0.64 0.31 0.29 1.00 0.29 0.27 0.32 1.00   0.0057 0.0085 0.0031  0.0006  539.0454 584.5095   194662.16867  -475326.85999  93%  0.71 0.64 0.31 0.29 1.00 0.29 0.27 0.32 1.00   0.0057 0.0085 0.0031  0.0006  539.1508 584.5887   192681.48612  -475326.74443  93%  0.71 0.64 0.31 0.29 1.00 0.29 0.27 0.32 1.00   0.0057 0.0085 0.0031  0.0006  539.1368 584.5227   199274.09848  -475326.70076  94%  0.71 0.64 0.31 0.29 1.00 0.29 0.27 0.32 1.00   0.0057 0.0085 0.0031  0.0006  538.8473 584.8852   188375.41350  -475326.62543  94%  0.71 0.64 0.31 0.29 1.00 0.29 0.27 0.32 1.00   0.0057 0.0085 0.0031  0.0006  538.2008 585.2038   191753.25192  -475326.64273  95%  0.71 0.64 0.31 0.29 1.00 0.29 0.27 0.32 1.00   0.0057 0.0085 0.0031  0.0006  538.3186 585.1199   194814.49907  -475326.62532  95%  0.71 0.64 0.31 0.29 1.00 0.29 0.27 0.32 1.00   0.0057 0.0085 0.0031  0.0006  537.9226 585.7304   200492.83225  -475326.56845  157:04:51
  96%  0.71 0.64 0.31 0.29 1.00 0.29 0.27 0.32 1.00   0.0057 0.0085 0.0031  0.0006  538.2751 585.4976   186725.79666  -475326.45154  96%  0.71 0.64 0.31 0.29 1.00 0.29 0.27 0.32 1.00   0.0057 0.0085 0.0031  0.0006  538.3062 585.3797   186348.81310  -475326.39208  97%  0.71 0.64 0.31 0.29 1.00 0.29 0.27 0.32 1.00   0.0057 0.0085 0.0031  0.0006  538.0612 585.3458   186837.06032  -475326.30571  97%  0.71 0.64 0.31 0.29 1.00 0.29 0.27 0.32 1.00   0.0057 0.0085 0.0031  0.0006  538.6683 584.3508   184030.86219  -475326.31005  98%  0.71 0.64 0.31 0.29 1.00 0.29 0.27 0.32 1.00   0.0057 0.0085 0.0031  0.0006  539.3215 583.8506   180179.79568  -475326.22827  98%  0.71 0.64 0.31 0.29 1.00 0.29 0.27 0.32 1.00   0.0057 0.0085 0.0031  0.0006  538.7278 584.5351   193099.35711  -475326.16332  99%  0.71 0.64 0.31 0.29 1.00 0.29 0.27 0.32 1.00   0.0057 0.0085 0.0031  0.0006  538.5089 584.6771   188687.72853  -475326.09218  99%  0.71 0.64 0.31 0.29 1.00 0.29 0.27 0.32 1.00   0.0057 0.0085 0.0031  0.0006  539.1918 583.8865   183644.86414  -475325.98867 100%  0.71 0.64 0.31 0.29 1.00 0.29 0.27 0.32 1.00   0.0057 0.0085 0.0031  0.0006  539.8692 583.1334   188985.19563  -475325.95117 100%  0.71 0.64 0.31 0.28 1.00 0.29 0.27 0.32 1.00   0.0057 0.0085 0.0031  0.0006  539.7291 583.0367   180730.12298  -475325.91617  164:22:54

164:22:54 spent in MCMC

Node-Index  Node-Type  Node-Label
---------------------------------
1           Tip        ajan
2           Tip        alas
3           Root       R

 param      mean       median       S.D         min          max         2.5%       97.5%      2.5%HPD     97.5%HPD      ESS*        Eff*      rho1  
-----------------------------------------------------------------------------------------------------------------------------------------------------
theta:1    0.005694    0.005688    0.000427    0.003980     0.007635    0.004882    0.006557    0.004866    0.006539   462.305868  0.009246  0.760299
theta:2    0.008453    0.008432    0.000599    0.006240     0.011560    0.007341    0.009698    0.007289    0.009633   750.051051  0.015001  0.724446
theta:3    0.003115    0.003115    0.000103    0.002690     0.003538    0.002913    0.003319    0.002910    0.003315  3694.169188  0.073883  0.404002
tau:3      0.000602    0.000602    0.000033    0.000470     0.000752    0.000539    0.000670    0.000537    0.000667  1045.660817  0.020913  0.834812
W:1->2   539.755703  536.192211  121.172771   77.433904  1081.406993  313.825201  783.740421  314.624979  784.283608   308.448773  0.006169  0.951283
W:2->1   582.977225  573.051118  152.058233  147.444609  1401.194894  309.920207  904.273728  291.608004  881.534059   286.824023  0.005736  0.961030
M:1->2     1.129452    1.128553    0.215788    0.194630     2.072910    0.710380    1.552303    0.713352    1.554247   324.269511  0.006485  0.913954
M:2->1     0.817521    0.814351    0.170838    0.241082     1.570971    0.485752    1.157113    0.482774    1.153894   303.733197  0.006075  0.927681

lnL      -475325.961708  -475325.423500   69.666229  -475621.523000  -475055.588000  -475463.520000  -475190.391000  -475462.584000  -475189.668000   284.144836  0.005683  0.177743


FigTree tree is in fit/output/ch9.FigTree.tre

Summarizing parameter estimates using file fit/output/ch9.conditional_a1b1.txt ...

 param      mean        S.D         2.5%       97.5%      2.5%HPD     97.5%HPD     Effu      Effy       c    
-------------------------------------------------------------------------------------------------------------
theta:1    0.005694    0.000427    0.004879    0.006555    0.004845    0.006520  0.009246  0.009244  1.021007
theta:2    0.008453    0.000598    0.007346    0.009698    0.007260    0.009603  0.014976  0.014970  1.024222
theta:3    0.003115    0.000103    0.002915    0.003319    0.002913    0.003316  0.074597  0.074218  1.073505
W:1->2   539.801720  121.110280  313.567717  783.475603  306.785541  776.693428  0.006172  0.006172  1.005515
M:1->2     1.129583    0.215832    0.709476    1.550688    0.715286    1.554797  0.006491  0.006491  1.011084
W:2->1   583.088268  152.090727  310.373032  903.715719  290.118362  881.078146  0.005745  0.005745  1.004451
M:2->1     0.817687    0.170828    0.487451    1.159257    0.484224    1.154200  0.006081  0.006081  1.009808

