Gen	theta:1_a1:ajan_a1	theta:1_b1:ajan_b1	theta:2_a1:alas_a1	theta:2_b1:alas_b1	theta:3_a1:R_a1	theta:3_b1:R_b1	W:1->2_a1:ajan->alas_a1	W:1->2_b1:ajan->alas_b1	W:2->1_a1:alas->ajan_a1	W:2->1_b1:alas->ajan_b1
20	8273.8	59.52555	12818.9	110.63364	21711.4	65.65380	2038.0	9.37	6096.0	6.93
40	7906.9	58.02041	12576.5	118.16537	22321.4	67.88485	1736.0	9.67	6455.0	6.80
60	8245.6	57.28293	12388.4	115.32348	22170.5	68.01619	1821.0	9.55	6241.0	6.76
80	8101.6	56.92948	12471.4	115.46632	22231.4	66.92546	1774.0	9.47	6306.0	6.69
100	8179.5	56.29314	13195.1	117.69205	21429.4	64.37088	1485.0	9.80	6491.0	6.77
120	8371.4	56.46329	13145.1	115.98971	21287.3	62.42910	1669.0	9.73	6321.0	6.80
140	8454.2	55.32562	12588.1	111.47650	21761.4	64.24601	1732.0	9.29	6084.0	6.56
160	8619.4	58.13296	12304.3	111.99581	21880.4	66.36359	1707.0	9.40	5508.0	6.83
180	8586.3	56.94099	12262.5	115.65408	21955.4	67.12656	1894.0	9.56	5985.0	6.74
200	8452.6	59.00486	12394.3	113.82058	21957.4	65.48848	2115.0	9.48	6029.0	6.90
220	8370.8	60.37012	12503.3	114.87665	21930.4	64.51144	2179.0	9.61	6187.0	7.02
240	8220.7	58.81022	12323.4	113.40871	22260.3	64.57550	2162.0	9.40	6243.0	6.83
260	8520.7	60.60163	11941.6	114.11990	22342.3	65.57660	2243.0	9.47	5742.0	6.98
280	8478.9	62.57230	12045.7	115.33507	22280.4	65.59623	2261.0	9.70	5791.0	7.20
300	8643.6	60.85901	12415.3	112.74573	21745.3	61.67581	2333.0	9.54	6046.0	7.07
320	8513.7	60.79998	12374.1	110.16704	21916.3	63.94538	2141.0	9.35	5673.0	7.04
340	8638.5	59.79398	12670.0	111.57828	21495.4	65.62210	1856.0	9.49	5601.0	7.03
360	8445.9	62.63525	12470.4	115.52156	21888.3	62.80128	1808.0	9.77	5575.0	7.27
380	8064.2	63.01401	12663.5	119.52352	22077.3	62.57025	1779.0	9.97	5932.0	7.32
400	8357.8	60.35879	12614.4	117.07761	21832.4	64.84828	2049.0	9.81	6179.0	7.09
420	8276.8	59.99648	12662.4	117.60578	21865.4	65.91872	2299.0	9.81	6580.0	7.06
440	8359.5	57.83985	12587.9	109.28300	21856.5	67.55463	2151.0	9.21	6204.0	6.73
460	8570.7	61.27299	12235.1	109.28015	21998.3	62.50900	2342.0	9.31	5781.0	7.04
480	8495.8	61.67990	11902.3	107.94586	22406.4	67.87676	2536.0	9.09	5761.0	6.97
500	8511.9	63.00040	12223.0	107.47924	22069.4	66.63374	2366.0	9.16	5521.0	7.12
520	7954.1	61.14782	12430.7	104.48251	22419.5	68.80290	2002.0	8.88	5674.0	6.87
540	8513.6	60.06337	12114.2	109.45966	22176.4	67.69164	1961.0	9.19	5348.0	6.90
560	8419.6	58.62901	12734.7	106.80201	21649.4	66.02607	1843.0	9.09	5703.0	6.80
580	8111.8	58.93537	12305.7	118.06808	22387.3	64.40198	1619.0	9.65	5963.0	6.88
600	8592.3	57.40498	12295.7	117.80096	21916.3	63.87231	1659.0	9.73	5785.0	6.84
620	8371.5	57.10033	12339.2	111.09352	22093.4	66.76420	1494.0	9.23	5573.0	6.69
640	8575.2	56.24726	11909.5	111.93392	22319.5	68.44418	1356.0	9.17	5230.0	6.57
660	8393.4	56.28887	11915.8	116.11855	22495.4	66.82107	1318.0	9.44	5518.0	6.62
680	8127.6	57.07257	11992.5	112.09589	22684.3	65.39984	1504.0	9.16	5566.0	6.60
700	8000.6	56.38004	11260.8	109.40935	23543.4	69.77502	1689.0	8.79	5440.0	6.40
720	8440.2	55.30001	11218.7	107.96228	23145.5	71.37914	1704.0	8.74	5226.0	6.34
740	8064.1	61.29130	11656.7	112.53377	23084.4	70.49981	1847.0	9.27	5549.0	6.90
760	8393.8	60.41859	12137.2	109.85589	22273.4	66.02135	2043.0	9.22	5570.0	6.94
780	8352.9	61.31604	11919.4	109.76077	22532.4	67.86791	2068.0	9.14	5404.0	6.95
800	8316.8	60.80830	11935.4	109.98348	22552.4	68.11184	2088.0	9.21	5495.0	6.95
820	8317.6	57.73233	12137.3	110.80842	22349.5	69.57280	1764.0	9.18	5641.0	6.71
840	7735.3	61.37301	12087.5	112.77805	22982.4	69.56202	2053.0	9.32	6111.0	6.94
860	8195.9	60.54833	12138.4	112.46051	22470.4	66.48141	2205.0	9.38	6009.0	6.97
880	8083.8	58.67220	12879.8	110.09093	21840.4	65.68078	1988.0	9.27	6321.0	6.81
900	8062.0	60.24439	12742.8	107.67397	21999.4	65.37645	2377.0	9.10	6224.0	6.90
920	8940.5	61.10652	11571.8	112.18501	22292.4	66.62710	2711.0	9.38	5758.0	7.01
940	8835.3	58.84124	11677.5	109.36277	22291.4	66.22495	2681.0	9.13	5839.0	6.79
960	8725.3	58.12691	12521.9	108.28561	21556.4	64.07519	2880.0	9.19	6572.0	6.78
980	8747.6	61.47434	12179.3	111.57325	21877.3	62.52648	3139.0	9.50	6326.0	7.16
1000	8781.7	62.98348	12206.1	109.00727	21816.3	62.84283	2916.0	9.33	5857.0	7.21
1020	8888.6	62.50878	12615.1	111.44707	21300.3	61.41502	2763.0	9.60	6083.0	7.29
1040	8887.6	62.23071	12549.6	103.69028	21366.3	62.31543	2684.0	9.09	5631.0	7.14
1060	9116.3	60.81639	12475.7	104.14658	21211.3	61.91318	2769.0	9.08	5665.0	7.03
1080	8497.9	62.27056	12528.6	104.09147	21777.4	66.00864	2568.0	9.01	5724.0	7.08
1100	9230.5	63.48195	11892.1	105.88625	21681.4	65.11280	2952.0	9.16	5289.0	7.24
1120	8997.4	60.49866	11747.9	101.88647	22058.3	63.90354	2979.0	8.74	5599.0	6.84
1140	8825.6	61.85369	12001.2	107.66433	21977.4	65.74009	2579.0	9.19	5486.0	7.08
1160	8886.7	63.02435	11667.5	109.32746	22250.3	64.51271	2672.0	9.23	5311.0	7.16
1180	8892.5	60.95649	11753.2	106.35010	22158.4	66.92369	2661.0	9.03	5490.0	6.96
1200	8680.7	61.77155	11845.3	108.47976	22278.5	70.10630	2676.0	9.17	5727.0	7.01
1220	8787.7	62.61346	11903.0	104.42303	22113.4	67.35081	2787.0	8.95	5466.0	7.04
1240	8664.0	64.75313	11911.0	103.65920	22229.4	66.40183	2870.0	8.93	5330.0	7.20
1260	8873.8	64.22287	10782.3	112.20948	23149.4	70.47638	2899.0	9.27	5165.0	7.19
1280	8901.8	65.00842	10927.2	111.42645	22976.4	69.01521	2497.0	9.31	4801.0	7.24
1300	8806.9	65.19661	11320.7	108.46321	22677.4	68.77996	2534.0	9.15	4845.0	7.25
1320	9074.4	61.84319	10975.4	102.00843	22754.4	68.90822	2689.0	8.62	4610.0	6.87
1340	9074.8	65.26399	11217.0	98.82158	22512.5	69.87052	2900.0	8.54	4513.0	7.11
1360	8789.1	66.93180	11094.4	102.23052	22921.5	70.60299	2751.0	8.73	4418.0	7.26
1380	9030.1	69.26611	10967.2	98.44320	22807.3	66.78011	2978.0	8.55	4110.0	7.39
1400	8866.3	70.21331	11083.0	96.69037	22855.4	69.05848	2947.0	8.45	4010.0	7.43
1420	8900.4	71.30557	11167.1	99.20346	22737.4	68.07147	2733.0	8.66	3929.0	7.56
1440	8369.7	69.98449	11020.2	98.89658	23415.4	70.46144	2718.0	8.52	4151.0	7.36
1460	8599.5	69.67797	10540.5	98.54608	23665.4	72.25566	2723.0	8.38	3800.0	7.28
1480	8212.9	70.40351	10462.6	98.83158	24130.4	71.94415	2708.0	8.36	3956.0	7.27
1500	8358.9	71.88640	10015.1	101.20638	24432.4	73.60716	2688.0	8.50	3629.0	7.38
1520	8597.2	67.16554	10361.5	97.28623	23846.4	72.56011	2939.0	8.21	4102.0	7.03
1540	8794.5	71.11394	10381.5	97.76596	23629.5	72.62221	2856.0	8.40	3614.0	7.41
1560	8879.6	72.73104	10402.5	97.80485	23523.5	73.13258	3279.0	8.46	3797.0	7.53
1580	8843.4	70.46365	10981.1	97.18444	22980.5	70.70738	3064.0	8.47	4054.0	7.43
1600	9289.2	72.59173	10469.7	100.37832	23046.4	70.38284	3527.0	8.69	3983.0	7.65
1620	9246.2	71.61952	10496.4	96.86489	23062.4	69.76581	3354.0	8.44	3816.0	7.50
1640	8523.9	73.33030	10312.2	93.07847	23969.4	72.04264	3416.0	8.07	3753.0	7.43
1660	8706.0	75.69026	10627.7	89.58523	23471.4	69.19317	3538.0	7.99	3599.0	7.58
1680	8793.8	74.49489	10616.3	96.48547	23395.4	71.35239	3186.0	8.45	3593.0	7.67
1700	8894.2	69.21991	10598.3	96.60310	23312.4	69.15641	2872.0	8.32	3743.0	7.29
1720	8842.4	71.05358	10764.3	98.90870	23198.5	71.42006	2839.0	8.52	3798.0	7.46
1740	8553.5	69.02507	10561.6	100.85628	23690.5	75.10239	2547.0	8.57	3926.0	7.30
1760	8773.1	66.93243	10141.8	98.59686	23890.4	71.16834	2684.0	8.31	3768.0	7.06
1780	8632.1	65.65245	9974.6	94.96701	24198.4	73.23438	2733.0	7.99	3632.0	6.85
1800	8504.6	70.57066	10104.9	99.24775	24196.5	74.34395	2760.0	8.35	3571.0	7.30
1820	8509.1	75.23338	10256.5	95.91343	24040.4	72.27406	2886.0	8.31	3142.0	7.63
1840	8376.0	73.50029	10479.0	91.24998	23950.4	72.62812	3041.0	7.96	3425.0	7.39
1860	8511.1	75.42188	10360.5	96.98756	23934.5	74.98273	3046.0	8.38	3408.0	7.66
1880	8919.5	72.12019	9973.4	92.59428	23912.5	73.87479	3313.0	8.03	3326.0	7.36
1900	9039.5	73.31248	10064.6	95.11204	23701.5	72.87991	3298.0	8.24	3293.0	7.52
1920	8933.9	76.65380	10203.4	94.65385	23668.5	74.83579	3250.0	8.29	3075.0	7.77
1940	8550.9	73.72024	10203.0	89.53158	24051.5	73.68272	2972.0	7.82	2876.0	7.39
1960	8426.1	74.40086	10039.5	93.62071	24340.5	76.45920	2870.0	8.03	2952.0	7.45
1980	8665.7	72.96301	9670.7	92.70450	24469.6	78.05035	3233.0	7.92	3100.0	7.30
2000	9455.2	73.47902	9896.6	94.46793	23453.5	72.39191	3342.0	8.23	3004.0	7.55
2020	9195.6	75.89147	10565.4	97.21165	23044.4	69.34323	3131.0	8.56	3246.0	7.84
2040	8954.7	74.53537	10418.2	93.31160	23432.5	71.83986	3420.0	8.23	3508.0	7.60
2060	9116.5	74.33496	10472.1	92.82348	23216.5	71.67946	3425.0	8.20	3285.0	7.63
2080	8948.9	77.40837	10643.2	95.40222	23213.4	68.76767	3177.0	8.45	3149.0	7.91
2100	8986.8	76.31058	10615.9	91.80444	23202.4	70.32431	3331.0	8.18	3238.0	7.73
2120	9000.2	81.09559	10357.2	93.81581	23448.4	70.17003	3353.0	8.43	2877.0	8.13
2140	9062.9	78.32963	10377.0	90.30687	23365.3	67.85444	3775.0	8.10	3263.0	7.84
2160	9246.6	76.48798	10479.4	96.84691	23079.4	70.34423	3224.0	8.54	3198.0	7.89
2180	9061.7	75.68411	10537.2	95.36429	23206.4	71.04188	3196.0	8.43	3310.0	7.77
2200	9465.5	76.84116	10384.3	95.36530	22955.4	69.15834	3331.0	8.49	3036.0	7.94
2220	9698.0	73.15926	10220.1	90.93580	22886.4	68.76668	3710.0	8.11	3149.0	7.57
2240	9548.1	73.22758	10196.3	93.11050	23060.4	69.60125	3793.0	8.25	3445.0	7.57
2260	9330.3	74.01540	11043.6	90.72261	22430.4	68.63595	3729.0	8.21	3800.0	7.69
2280	9127.6	75.35376	11041.7	93.15744	22635.5	70.61885	3974.0	8.40	4226.0	7.82
2300	8919.3	70.18116	11123.6	92.10744	22761.4	68.15139	3562.0	8.14	4260.0	7.34
2320	8875.8	75.43035	11178.7	93.23758	22750.5	70.25198	3792.0	8.36	4292.0	7.77
2340	8922.6	73.69907	10973.8	93.22208	22908.4	69.66395	3601.0	8.30	4111.0	7.62
2360	9016.5	73.07173	10930.6	90.05581	22857.4	69.14214	3813.0	8.05	4010.0	7.51
2380	9163.6	75.84914	11086.9	95.06173	22554.5	69.60694	3961.0	8.51	4249.0	7.87
2400	9707.9	72.21535	10536.0	91.78510	22560.4	68.86664	4095.0	8.20	3870.0	7.55
2420	9483.6	78.64567	10401.6	99.12140	22920.3	67.19731	4386.0	8.79	4131.0	8.16
2440	9658.3	75.57230	10703.9	91.84277	22442.4	66.66249	4395.0	8.29	4065.0	7.82
2460	9690.4	77.06309	10611.1	93.74982	22503.4	66.34927	4047.0	8.45	3623.0	7.97
2480	9480.4	75.33013	10833.9	93.01387	22490.3	65.35503	3912.0	8.41	3755.0	7.84
2500	9418.5	76.11038	11205.5	91.17116	22180.3	64.26170	3682.0	8.36	3654.0	7.92
2520	9415.8	79.77214	11358.4	90.63855	22030.4	66.71562	4056.0	8.40	3737.0	8.20
2540	9322.7	77.78687	11108.6	92.19204	22373.4	66.00171	3975.0	8.43	3762.0	8.07
2560	9152.8	77.31325	11409.4	91.80830	22242.4	65.63561	4110.0	8.45	4301.0	8.00
2580	9594.2	74.44504	10725.9	92.60011	22484.4	67.06371	4115.0	8.30	3875.0	7.75
2600	9879.9	72.97774	10912.9	93.69265	22011.4	65.28599	4242.0	8.49	4150.0	7.77
2620	10096.7	72.18620	11127.7	92.77739	21579.4	64.76019	4339.0	8.51	4294.0	7.79
2640	9812.3	77.59892	10953.8	93.17027	22038.3	64.75947	4365.0	8.59	4071.0	8.14
2660	9407.7	78.98719	11174.8	94.80274	22222.4	65.76019	4300.0	8.67	4292.0	8.19
2680	9420.6	77.82640	10741.8	91.98880	22642.5	69.69385	4745.0	8.40	4365.0	8.00
2700	9608.6	78.99727	10975.7	92.48951	22220.3	63.44515	5026.0	8.50	4596.0	8.17
2720	9580.3	75.42492	11120.5	90.88145	22103.4	66.14108	4672.0	8.32	4587.0	7.84
2740	9577.3	75.03321	10866.7	91.42785	22360.4	66.55595	4298.0	8.31	4069.0	7.80
2760	9647.3	76.53181	10695.7	89.63047	22461.4	67.37329	4302.0	8.20	3755.0	7.88
2780	8984.8	76.65702	10689.9	91.63060	23130.4	69.69315	4027.0	8.19	3882.0	7.79
2800	8881.9	76.92437	10620.7	89.37884	23302.4	71.06914	4325.0	7.99	4073.0	7.71
2820	9239.8	78.08367	10607.8	90.19655	22957.4	68.72139	4281.0	8.15	3787.0	7.87
2840	9182.9	79.30366	10759.5	87.18872	22862.5	70.06565	4090.0	8.02	3418.0	7.95
2860	8801.9	76.30917	10861.6	89.26965	23141.5	71.37573	3975.0	8.06	3971.0	7.71
2880	9033.9	77.41369	10967.6	90.80781	22803.4	68.52989	4232.0	8.23	4163.0	7.89
2900	9115.9	78.48641	10884.6	90.19720	22804.4	67.39337	4236.0	8.22	3968.0	7.99
2920	9176.8	78.39706	11425.2	87.92852	22202.5	68.84607	4102.0	8.15	4004.0	7.98
2940	9464.5	77.34577	11284.1	86.70307	22055.5	69.09381	4080.0	8.09	3819.0	7.90
2960	8870.3	80.95398	11348.5	91.84718	22586.4	69.02160	3872.0	8.46	3932.0	8.24
2980	9015.2	80.93621	11436.1	86.55080	22353.4	67.52439	4294.0	8.11	3973.0	8.16
3000	9170.9	79.31605	11311.2	87.48845	22322.4	66.55684	4312.0	8.14	4071.0	8.04
3020	9644.2	75.36185	11238.3	88.73718	21921.3	63.67775	4299.0	8.21	4041.0	7.87
3040	9750.6	80.26246	10905.7	91.92589	22148.3	64.75960	4296.0	8.52	3714.0	8.30
3060	10120.3	80.13657	11026.5	90.28833	21657.4	64.47737	4556.0	8.48	3728.0	8.30
3080	10124.3	79.64234	10589.6	87.20656	22090.4	66.15174	4850.0	8.15	3539.0	8.12
3100	9920.0	74.11928	10635.7	89.39457	22248.4	67.86279	4698.0	8.17	4090.0	7.72
3120	9450.8	80.72631	11395.3	89.56820	21958.5	67.30301	4599.0	8.38	4092.0	8.28
3140	9636.5	78.71613	11095.6	91.16690	22072.4	66.85059	4701.0	8.44	4385.0	8.14
3160	9709.2	75.81922	10965.7	91.88917	22129.3	64.99933	4583.0	8.41	4321.0	7.91
3180	9605.2	74.93710	11398.3	90.37322	21800.4	64.51199	4189.0	8.35	4188.0	7.90
3200	9849.1	74.70433	11558.4	92.53052	21396.4	65.18618	4084.0	8.56	4237.0	7.96
3220	9749.1	74.91299	11473.5	93.81763	21581.4	65.85014	4282.0	8.61	4472.0	7.98
3240	9515.2	73.35762	11409.6	94.24139	21879.5	67.52756	4239.0	8.57	4733.0	7.82
3260	9338.7	78.17268	11271.8	95.32279	22194.4	66.82071	4743.0	8.67	4877.0	8.15
3280	9720.2	75.32042	11151.4	89.65581	21932.4	65.34646	4753.0	8.28	4537.0	7.88
3300	9509.6	78.76650	10687.7	89.67637	22607.4	68.58789	5184.0	8.21	4541.0	8.00
3320	9341.5	76.09274	10880.7	90.91123	22582.4	68.16406	4754.0	8.26	4529.0	7.85
3340	9469.3	75.08055	10575.7	88.79718	22759.5	72.29650	4935.0	8.04	4379.0	7.67
3360	9645.5	78.49940	10754.9	92.26281	22404.5	69.78358	4726.0	8.47	4330.0	8.09
3380	9860.0	74.02099	10785.6	88.96847	22158.3	65.02903	4495.0	8.13	4019.0	7.70
3400	9772.5	79.44302	10848.0	94.51578	22184.3	63.41157	4573.0	8.65	4126.0	8.21
3420	10140.8	73.72666	10796.0	94.74390	21867.4	65.67634	4328.0	8.55	4105.0	7.85
3440	9713.1	74.65786	10852.2	97.13991	22239.4	65.71452	4197.0	8.68	4315.0	7.89
3460	10113.9	74.25553	10660.1	94.98008	22030.3	64.31664	4731.0	8.56	4284.0	7.86
3480	10031.0	74.71349	10965.7	91.35286	21807.4	64.61029	4334.0	8.43	4034.0	7.89
3500	10216.7	72.77886	11021.9	94.61617	21565.3	62.90518	4365.0	8.64	4246.0	7.85
3520	9936.9	72.81070	10946.9	94.98060	21920.4	65.72013	4585.0	8.60	4644.0	7.79
3540	9876.2	76.21022	11388.1	86.97903	21539.4	63.61988	4738.0	8.20	4406.0	7.95
3560	10043.8	72.68991	11204.8	94.71221	21555.3	63.08621	4533.0	8.65	4639.0	7.84
3580	9738.0	72.60719	11599.5	93.96148	21466.4	64.45037	4483.0	8.65	4902.0	7.84
3600	9910.6	69.76626	11684.5	94.71413	21208.4	64.20666	4190.0	8.64	4878.0	7.64
3620	9432.1	71.88585	11531.7	96.75081	21840.5	67.15806	4180.0	8.73	4981.0	7.76
3640	9683.8	70.58146	11125.0	96.80222	21995.4	65.13305	3824.0	8.69	4351.0	7.67
3660	9525.2	73.41902	11250.9	97.18182	22028.3	64.44776	3479.0	8.74	3965.0	7.84
3680	9432.2	73.23992	10957.9	94.19083	22414.5	68.85469	3951.0	8.45	4099.0	7.73
3700	9414.1	71.86744	10588.1	93.74805	22802.4	69.76232	3996.0	8.31	4239.0	7.52
3720	9108.4	72.65084	10626.0	92.48768	23070.4	69.39863	3851.0	8.17	3995.0	7.51
3740	9263.6	76.30939	10345.5	97.00336	23196.5	72.11015	4153.0	8.54	4102.0	7.85
3760	9400.4	74.69980	10355.6	97.78995	23049.4	69.07934	4271.0	8.60	4343.0	7.77
3780	9410.3	74.21264	10640.7	89.68687	22753.4	69.44457	4214.0	8.09	3879.0	7.64
3800	9390.5	76.60894	11052.5	89.84920	22361.4	67.14775	4320.0	8.22	4049.0	7.89
3820	9519.2	74.23235	10770.0	94.02731	22515.4	67.29553	4039.0	8.44	4059.0	7.78
3840	9263.6	76.81713	10804.2	97.08735	22737.3	64.92795	4078.0	8.66	4145.0	8.00
3860	9392.5	76.29123	10787.1	95.29187	22625.3	66.45275	4221.0	8.59	4277.0	7.93
3880	9414.5	76.20265	10659.1	94.01812	22731.4	67.89646	4286.0	8.43	4103.0	7.87
3900	9776.3	77.51002	10762.1	95.10445	22266.4	66.91308	4381.0	8.65	4026.0	8.10
3920	9746.3	76.38580	10823.8	92.59992	22234.4	67.52492	4311.0	8.48	4099.0	7.98
3940	9818.1	74.80333	11236.5	90.66305	21749.4	64.44471	4303.0	8.38	4171.0	7.89
3960	9888.9	73.09161	11176.9	96.10337	21738.3	63.83663	4067.0	8.72	4232.0	7.86
3980	9717.2	75.22686	10781.0	94.93354	22306.4	67.01932	3918.0	8.56	3777.0	7.89
4000	9627.9	71.59861	11157.7	93.14669	22018.4	66.80702	3695.0	8.42	4012.0	7.64
4020	9936.2	77.59099	10749.2	97.17673	22119.3	64.65078	4268.0	8.81	3928.0	8.16
4040	9423.5	77.00397	11112.0	97.49176	22269.2	61.15926	4084.0	8.80	4315.0	8.08
4060	9724.3	76.22506	11103.1	98.16436	21977.3	63.50517	4293.0	8.86	4492.0	8.09
4080	9641.3	76.55358	11370.6	93.61184	21792.4	64.24601	4071.0	8.63	4244.0	8.05
4100	9269.4	74.39806	11540.2	90.12435	21994.4	65.53868	3778.0	8.31	4084.0	7.81
4120	9128.4	73.34843	11386.0	85.51386	22289.5	68.54530	3975.0	7.89	4115.0	7.55
4140	9234.4	73.36902	11546.2	89.67815	22023.5	69.68166	3661.0	8.21	4020.0	7.68
4160	9675.3	75.95169	11199.5	90.58546	21929.4	65.37530	3669.0	8.33	3521.0	7.92
4180	9229.9	79.26309	10617.7	89.21338	22957.4	69.43695	4213.0	8.14	3622.0	7.98
4200	9240.6	76.77095	10540.0	92.66950	23024.5	71.00198	3979.0	8.31	3654.0	7.86
4220	9631.5	78.40499	10495.1	92.91556	22678.4	67.27418	3937.0	8.42	3367.0	8.04
4240	9614.7	80.90807	10629.9	91.40327	22560.4	68.70670	4128.0	8.36	3275.0	8.21
4260	9874.5	79.73143	10864.5	88.35098	22065.5	67.70733	3966.0	8.25	3090.0	8.13
4280	9818.1	75.36279	10748.7	90.17492	22237.4	67.87161	4060.0	8.22	3532.0	7.83
4300	9628.3	75.71295	10914.7	91.07538	22261.4	65.77180	3917.0	8.30	3594.0	7.87
4320	9482.7	78.97897	10528.1	93.79176	22794.4	68.23493	4044.0	8.46	3516.0	8.08
4340	9592.7	80.37630	10644.1	94.46555	22568.4	68.23173	4039.0	8.58	3500.0	8.23
4360	9268.7	78.19329	10731.4	86.28775	22804.4	68.48753	3820.0	7.93	3196.0	7.85
4380	9742.2	75.39195	10675.7	89.36964	22386.4	67.66105	3645.0	8.13	3011.0	7.79
4400	9700.7	81.29609	10515.9	90.32475	22588.4	69.05322	4105.0	8.30	3032.0	8.24
4420	9735.2	75.15347	10793.5	87.41819	22275.4	67.51333	3663.0	8.02	3035.0	7.74
4440	9484.6	78.43803	10895.3	85.96112	22424.4	66.00926	3578.0	7.96	2844.0	7.91
4460	9709.3	76.32627	10687.5	86.75891	22407.5	69.45253	3763.0	7.95	2937.0	7.80
4480	9660.7	80.47385	10430.9	89.37797	22713.4	68.86439	4198.0	8.19	3105.0	8.11
4500	9337.7	78.18053	10705.6	88.50175	22761.5	71.45394	3943.0	8.09	3381.0	7.89
4520	9624.4	76.65816	10383.0	90.23919	22797.4	69.36390	4130.0	8.16	3489.0	7.81
4540	9435.4	75.91109	10326.9	88.61211	23042.4	69.55373	4074.0	7.98	3411.0	7.70
4560	9401.7	78.51324	10435.1	92.32609	22968.4	68.08210	4327.0	8.31	3795.0	7.96
4580	9717.0	72.98782	10065.4	93.18583	23022.4	69.56586	4362.0	8.25	3898.0	7.58
4600	9785.5	78.98532	10218.6	96.69299	22801.4	69.55036	4198.0	8.67	3491.0	8.17
4620	9855.2	76.79417	10372.3	95.14390	22577.4	68.83451	3904.0	8.52	3284.0	7.96
4640	9307.6	76.80539	10378.8	88.82981	23118.4	69.49675	4417.0	8.02	3799.0	7.77
4660	8881.4	81.86191	11069.2	86.26456	22854.4	67.27825	4173.0	8.00	3714.0	8.08
4680	9230.1	81.87577	11161.2	87.00385	22413.5	69.07099	4378.0	8.13	3724.0	8.24
4700	9669.7	80.45383	10710.8	91.07430	22424.3	65.56599	4632.0	8.35	3767.0	8.20
4720	9805.4	78.39268	10687.4	85.60570	22311.4	67.16635	5003.0	7.94	3860.0	7.94
4740	9364.8	79.22035	10815.3	84.55027	22624.4	66.60619	4709.0	7.86	3762.0	7.92
4760	9633.9	83.27815	10565.7	88.67437	22605.3	65.37312	4719.0	8.23	3519.0	8.34
4780	9958.3	78.09144	10708.6	88.45282	22137.4	67.32286	4264.0	8.20	3306.0	8.04
4800	10219.9	75.63858	10477.8	88.51222	22106.4	67.61019	4309.0	8.15	3244.0	7.86
4820	9896.2	77.33835	10723.8	91.53272	22184.4	67.55403	3981.0	8.39	3314.0	8.03
4840	9554.4	76.85124	10951.5	89.10819	22298.4	66.66127	3874.0	8.18	3507.0	7.87
4860	9644.0	72.18615	10360.4	96.44904	22800.4	68.28608	3538.0	8.46	3476.0	7.61
4880	9217.5	74.73952	10655.1	94.17245	22932.4	68.83300	3472.0	8.40	3553.0	7.74
4900	8872.5	72.60825	10780.8	91.30145	23151.4	70.24856	3409.0	8.11	3736.0	7.49
4920	9233.5	74.57833	10951.9	94.54110	22619.4	67.21596	3636.0	8.44	3794.0	7.79
4940	9544.2	74.00082	11139.7	93.37910	22120.5	68.45543	3680.0	8.46	3912.0	7.79
4960	9583.3	75.35008	10732.0	94.54387	22489.3	65.04630	3928.0	8.47	3826.0	7.86
4980	9280.4	74.04775	10869.2	98.22930	22655.3	65.75173	3698.0	8.73	4133.0	7.84
5000	9436.3	74.64189	11316.4	91.13399	22051.4	64.97833	3717.0	8.33	3906.0	7.80
5020	9675.1	73.33010	11349.4	90.74841	21779.4	64.94706	3739.0	8.35	3868.0	7.77
5040	9782.0	73.59054	11675.3	92.06363	21346.4	63.71371	3781.0	8.54	4015.0	7.88
5060	9685.0	72.72942	11552.3	90.72052	21566.4	63.66694	3821.0	8.33	4050.0	7.73
5080	9519.9	70.14082	11110.0	96.61393	22174.4	67.57738	3539.0	8.58	4148.0	7.55
5100	9070.3	71.82265	11503.9	99.71761	22230.4	67.81207	3589.0	8.88	4784.0	7.74
5120	9259.1	70.37927	11603.7	97.20709	21941.4	65.72490	3677.0	8.72	4826.0	7.63
5140	9430.0	71.12970	11413.8	96.63085	21960.4	64.85970	3829.0	8.67	4770.0	7.63
5160	9801.8	71.29815	11279.1	99.87500	21723.4	65.18182	3836.0	8.93	4525.0	7.78
5180	9208.6	75.62602	11417.9	98.72339	22178.3	63.50685	4007.0	8.90	4701.0	8.04
5200	9158.6	75.05009	11612.5	94.51576	22033.4	65.59257	4107.0	8.64	4707.0	7.94
5220	9021.2	70.12466	11384.7	95.44049	22398.4	67.02796	3707.0	8.47	4793.0	7.48
5240	9144.3	72.35764	11311.8	95.80080	22348.4	67.21532	4041.0	8.55	4803.0	7.67
5260	9144.0	68.69749	11090.8	94.32363	22569.5	69.51907	3843.0	8.33	4747.0	7.32
5280	9392.1	71.93712	10831.0	95.35641	22581.4	67.64714	3815.0	8.47	4264.0	7.60
5300	9316.3	73.04017	10982.0	95.66602	22506.4	68.86962	3504.0	8.55	3930.0	7.72
5320	9032.4	71.77438	10730.8	90.74018	23041.5	71.80822	3671.0	8.06	3981.0	7.42
5340	8660.2	78.02884	10492.2	94.66642	23653.4	70.11498	3682.0	8.37	3773.0	7.88
5360	9032.6	74.52875	10722.0	94.01037	23050.5	72.75699	3501.0	8.34	3765.0	7.70
5380	9097.6	74.88933	10506.9	91.17317	23200.3	67.73155	3766.0	8.12	3687.0	7.63
5400	9428.2	73.48241	10901.6	90.59101	22474.5	69.93556	3521.0	8.18	3415.0	7.64
5420	9312.4	74.54096	11130.7	92.90787	22361.4	66.63017	3395.0	8.37	3581.0	7.78
5440	9523.2	74.39259	11209.7	93.50163	22071.4	65.44545	3507.0	8.49	3637.0	7.87
5460	9423.3	73.80881	10997.6	91.24380	22383.3	65.61903	3866.0	8.27	3863.0	7.72
5480	9760.1	74.36723	10831.1	96.30754	22213.3	63.50184	3593.0	8.63	3528.0	7.88
5500	9431.8	68.78120	11116.5	91.00007	22255.4	66.92522	3611.0	8.12	4045.0	7.31
5520	9763.8	70.70264	10984.8	93.42940	22055.4	66.59326	3658.0	8.39	3783.0	7.57
5540	9545.0	71.33833	10904.9	94.22270	22354.4	66.15277	3552.0	8.42	3876.0	7.59
5560	9314.4	75.01373	11133.1	98.67806	22357.4	66.11292	3495.0	8.80	3995.0	7.93
5580	9708.0	72.79858	10908.0	94.97924	22188.3	62.43611	3714.0	8.52	3851.0	7.72
5600	9902.7	70.88428	11021.8	93.44804	21879.4	66.90952	3625.0	8.40	3730.0	7.60
5620	9643.1	73.36390	10697.5	99.72535	22464.3	63.43480	3743.0	8.81	4096.0	7.81
5640	9348.1	70.72794	11232.0	98.95052	22224.4	65.50418	3417.0	8.76	4270.0	7.65
5660	9151.4	73.75009	10920.1	96.65115	22733.4	67.51063	3806.0	8.58	4269.0	7.74
5680	9469.4	76.24178	10503.3	95.51386	22832.4	67.71466	3888.0	8.53	3650.0	7.91
5700	9681.1	74.06252	10395.2	93.14847	22728.4	67.51752	4046.0	8.29	3648.0	7.68
5720	9646.1	74.02292	10534.1	93.73978	22624.4	66.48680	4180.0	8.37	3878.0	7.75
5740	9337.2	72.62115	10421.3	95.10598	23046.5	71.43754	3854.0	8.37	4000.0	7.57
5760	9362.1	70.95266	10842.1	95.62921	22600.5	69.63668	3511.0	8.43	3968.0	7.49
5780	9510.1	72.16349	10962.0	95.87943	22332.5	69.96831	4053.0	8.54	4455.0	7.63
5800	9395.0	70.94456	11196.7	93.17270	22212.4	67.17146	3873.0	8.35	4408.0	7.53
5820	8650.0	75.73545	10968.0	96.47113	23187.4	69.27956	3731.0	8.55	4377.0	7.81
5840	9280.3	73.24610	11061.9	95.43753	22462.4	67.33964	3750.0	8.52	4218.0	7.72
5860	9447.9	69.60412	11427.5	93.51634	21928.3	64.26712	3750.0	8.45	4545.0	7.51
5880	9809.7	70.23541	11579.7	97.55165	21414.4	65.17744	3844.0	8.81	4621.0	7.70
5900	9632.0	72.25370	11524.5	93.11205	21647.4	64.00209	3948.0	8.55	4449.0	7.75
5920	10019.0	74.86708	11488.5	93.71949	21296.3	60.74395	4053.0	8.71	4201.0	8.06
5940	9723.3	76.63536	11105.9	95.96300	21975.4	65.73478	4190.0	8.78	4245.0	8.11
5960	9674.0	72.19794	11047.8	94.55367	22082.4	67.22066	4066.0	8.51	4398.0	7.68
5980	9664.3	75.78712	11204.9	96.98034	21935.4	64.47517	4104.0	8.79	4363.0	8.03
6000	9330.1	71.45385	11532.4	92.88292	21941.3	63.57433	3782.0	8.41	4404.0	7.62
6020	9344.2	72.68018	11492.7	96.91563	21967.4	64.84658	3442.0	8.72	4238.0	7.79
6040	9633.0	72.15801	11521.7	96.72774	21649.3	62.18750	3661.0	8.77	4454.0	7.79
6060	9544.8	69.68480	11446.9	98.07066	21812.3	63.51998	3520.0	8.74	4442.0	7.60
6080	9231.1	70.40365	11418.9	99.07742	22154.4	65.96328	3529.0	8.79	4674.0	7.61
6100	9122.2	71.19438	11655.7	98.08076	22026.4	65.28227	3320.0	8.76	4503.0	7.67
6120	9046.3	71.23624	11473.9	98.41803	22284.3	65.16199	3178.0	8.74	4378.0	7.65
6140	9219.3	72.05668	11538.9	99.98135	22046.3	62.37909	3004.0	8.88	4063.0	7.77
6160	9373.0	70.39336	11714.6	96.36181	21716.4	65.47680	3274.0	8.62	4218.0	7.62
6180	9530.2	73.56777	11127.0	97.51486	22147.4	67.84751	3465.0	8.75	4000.0	7.84
6200	9807.9	72.78468	10970.2	98.43952	22026.3	64.67474	3921.0	8.81	4165.0	7.85
6220	9153.4	73.07949	11506.7	96.99478	22144.4	67.43537	3176.0	8.71	4181.0	7.78
6240	8748.9	75.76196	11508.7	96.28913	22547.4	66.75828	3230.0	8.64	4087.0	7.89
6260	9076.5	73.72613	11424.8	96.66183	22303.4	67.59415	3341.0	8.68	4122.0	7.83
6280	9377.3	73.34258	11322.9	97.57367	22104.3	63.78099	3598.0	8.74	4224.0	7.82
6300	9097.5	74.50966	11434.3	90.09039	22272.4	65.58946	3466.0	8.26	3850.0	7.77
6320	8921.2	69.04562	11202.4	89.49974	22680.5	70.13847	3606.0	8.01	4351.0	7.24
6340	9086.3	71.59717	10987.0	95.72076	22731.4	68.46777	3635.0	8.47	4390.0	7.55
6360	9540.1	72.22283	10587.4	98.42284	22677.4	67.67417	3997.0	8.65	4308.0	7.68
6380	9468.9	70.42994	10951.3	99.49418	22384.4	67.02897	3814.0	8.76	4489.0	7.61
6400	9524.0	71.93194	11232.7	94.58931	22047.4	65.62787	3685.0	8.50	4152.0	7.68
6420	9395.1	71.57557	11251.7	94.79502	22157.4	65.55194	3705.0	8.53	4318.0	7.63
6440	9473.9	69.41836	11649.5	94.31088	21680.4	66.34611	3630.0	8.54	4639.0	7.55
6460	9448.9	69.94274	11691.8	98.70001	21663.3	63.25086	3547.0	8.84	4753.0	7.65
6480	9369.0	70.52496	11618.6	96.45550	21816.4	65.55223	3395.0	8.65	4362.0	7.62
6500	9208.2	70.97219	11297.0	99.16181	22299.4	66.37477	3511.0	8.76	4568.0	7.61
6520	8820.5	71.41545	11844.8	101.13177	22139.4	67.60052	3406.0	8.99	5044.0	7.75
6540	9135.9	67.63649	12126.4	97.38897	21541.4	63.52144	3005.0	8.73	4791.0	7.43
6560	8943.2	68.85591	12032.9	103.58012	21828.4	64.22992	2990.0	9.11	5033.0	7.62
6580	8824.6	62.22170	11951.1	106.59979	22028.5	68.12131	2674.0	9.10	5562.0	7.07
6600	8813.7	63.16217	12192.9	105.90406	21797.4	66.05508	2733.0	9.16	5532.0	7.19
6620	8999.6	63.16176	12462.5	101.87944	21341.4	63.63720	2954.0	8.95	5460.0	7.19
6640	8674.2	67.78087	12733.6	104.94288	21396.4	63.37266	2711.0	9.34	5486.0	7.61
6660	8777.3	69.52475	12220.4	112.35865	21807.3	62.38450	2792.0	9.77	5461.0	7.82
6680	8912.9	65.53971	11884.2	106.45098	22007.3	63.55563	2832.0	9.22	5302.0	7.36
6700	9302.5	64.17384	11706.4	108.16142	21795.4	66.53755	2931.0	9.35	5315.0	7.32
6720	9057.5	62.30514	11885.4	110.53103	21861.4	66.33419	2755.0	9.42	5602.0	7.17
6740	9118.7	64.43929	11766.3	106.70206	21919.3	64.14872	2689.0	9.19	5043.0	7.29
6760	8841.6	61.83703	11619.2	104.09076	22343.5	69.22922	2723.0	8.88	5327.0	6.94
6780	8595.7	61.04806	11323.0	112.58831	22886.4	67.74526	2474.0	9.28	5594.0	6.94
6800	8286.1	63.69846	11898.5	112.07842	22620.4	67.60136	2551.0	9.39	5876.0	7.18
6820	8400.1	63.99584	12042.4	111.74868	22362.3	65.29906	2593.0	9.47	5850.0	7.26
6840	8114.1	61.78657	12444.6	102.38219	22245.5	68.41336	2484.0	8.77	5861.0	6.89
6860	8369.0	62.30092	12177.7	101.90044	22257.6	71.76278	2222.0	8.72	5272.0	6.92
6880	8384.8	60.81132	12386.6	101.82770	22032.5	69.28942	2175.0	8.74	5371.0	6.85
6900	8308.0	62.06295	11711.4	108.08280	22785.4	68.70249	2409.0	9.07	5487.0	7.00
6920	8802.7	62.43751	11479.8	111.65302	22522.4	67.23275	2376.0	9.34	5187.0	7.12
6940	8814.8	63.54954	11670.7	112.31803	22319.4	67.17761	2618.0	9.43	5472.0	7.25
6960	8913.3	59.02373	11457.5	108.09317	22433.4	66.87729	2493.0	9.03	5384.0	6.80
6980	9116.4	61.26247	11600.5	108.12332	22087.5	68.94907	2480.0	9.16	5128.0	7.01
7000	9083.7	64.27170	11512.5	108.41554	22208.4	65.35500	2489.0	9.25	4908.0	7.27
7020	9124.6	64.17568	11887.2	106.88494	21792.4	65.58093	2362.0	9.22	4827.0	7.28
7040	8641.1	65.79816	12249.8	104.06737	21913.4	65.86985	2352.0	9.07	5073.0	7.33
7060	8431.9	62.14500	12264.9	105.07297	22107.4	67.25951	2038.0	8.96	5149.0	7.01
7080	8110.5	65.81137	11764.3	107.48636	22930.4	69.33742	1982.0	9.05	4907.0	7.22
7100	8403.4	66.99007	11302.7	108.87146	23099.4	68.51901	2246.0	9.14	4711.0	7.32
7120	8652.9	63.50485	11925.2	107.05538	22226.4	66.62053	2258.0	9.12	5075.0	7.15
7140	8888.6	62.29259	12215.9	104.84802	21699.4	65.80751	2250.0	9.09	5176.0	7.09
7160	8537.9	63.23272	12131.0	106.54035	22135.3	64.58972	2207.0	9.07	5193.0	7.11
7180	8575.9	62.98729	12137.1	108.27259	22091.4	66.01411	2123.0	9.22	5201.0	7.16
7200	8514.1	65.30395	12452.2	112.25306	21838.4	65.82271	2031.0	9.62	5386.0	7.42
7220	8316.9	61.81972	12324.1	110.15635	22163.5	68.14640	2089.0	9.29	5667.0	7.05
7240	8728.5	60.01568	11564.5	108.40083	22511.4	68.24649	2006.0	9.05	5037.0	6.85
7260	8575.6	60.13842	11881.1	105.65921	22347.5	68.53235	1906.0	8.86	4855.0	6.84
7280	8441.9	62.54925	11971.1	105.82643	22391.5	69.34152	2084.0	8.99	5047.0	7.02
7300	8644.6	61.03597	11504.3	104.83237	22655.4	68.82707	2084.0	8.82	4784.0	6.86
7320	8037.2	62.21673	11624.1	102.67097	23143.5	71.09507	1963.0	8.61	4930.0	6.85
7340	8011.5	64.74405	11172.7	107.92808	23621.4	72.00885	1992.0	8.92	4841.0	7.04
7360	8028.0	60.23001	11052.7	106.90049	23724.5	73.61175	1659.0	8.74	4785.0	6.67
7380	7973.2	61.34254	11130.6	106.12664	23701.4	71.15462	1626.0	8.71	4684.0	6.74
7400	8000.1	61.06131	10839.8	105.28358	23965.5	74.86475	1355.0	8.58	4305.0	6.68
7420	7708.7	64.21827	10856.1	109.34364	24241.5	74.37156	1582.0	8.86	4609.0	6.93
7440	7575.0	65.93904	11184.2	100.84918	24046.5	75.67888	1574.0	8.38	4197.0	6.93
7460	7425.5	69.68292	11202.5	104.78641	24178.4	72.21915	1635.0	8.72	4253.0	7.26
7480	7448.4	68.75086	10867.5	102.19292	24490.4	73.78367	1702.0	8.47	3972.0	7.13
7500	7743.9	67.25274	10698.2	96.94350	24363.5	74.75752	1587.0	8.12	3394.0	6.95
7520	7955.7	66.87418	10944.4	101.29417	23905.5	74.06620	1439.0	8.49	3596.0	7.07
7540	7327.2	65.71136	10492.9	103.38193	24986.5	76.58731	1329.0	8.41	3859.0	6.86
7560	7423.8	63.52796	10438.6	99.52753	24943.5	78.11818	1302.0	8.12	3788.0	6.63
7580	7408.1	65.83950	10473.8	102.41178	24924.4	75.63135	1388.0	8.33	3793.0	6.84
7600	7769.7	64.75306	10303.9	101.34632	24732.5	77.05569	1429.0	8.28	3659.0	6.78
7620	7958.5	64.63813	10388.9	102.15261	24458.4	73.43464	1467.0	8.36	3544.0	6.83
7640	7959.5	64.47385	10628.7	102.50929	24217.5	74.56376	1569.0	8.42	3838.0	6.85
7660	8411.9	62.32951	10565.7	101.96339	23827.5	75.48604	1487.0	8.41	3626.0	6.75
7680	8272.1	63.55393	10422.9	102.64596	24110.5	73.89768	1645.0	8.47	3735.0	6.83
7700	8266.3	64.61904	10659.8	104.52538	23879.5	73.38378	1612.0	8.64	3832.0	6.97
7720	8579.8	62.52711	10775.8	104.62743	23449.5	73.38108	1596.0	8.66	3855.0	6.86
7740	8345.0	62.91298	10922.7	105.35532	23537.4	70.29027	1717.0	8.72	4246.0	6.88
7760	8515.9	62.81379	11036.7	106.76172	23252.4	70.71955	1541.0	8.86	4057.0	6.96
7780	8080.1	61.22329	11393.5	106.55639	23331.4	69.64520	1478.0	8.80	4602.0	6.80
7800	7852.4	62.49688	11569.4	107.25733	23383.5	71.94300	1539.0	8.90	4747.0	6.90
7820	7912.1	60.81228	11659.3	106.44665	23233.4	69.32012	1535.0	8.79	4927.0	6.77
7840	8061.1	61.87106	11484.5	107.80534	23259.5	71.68440	1648.0	8.91	4855.0	6.85
7860	7848.3	61.36916	11720.1	104.01481	23236.5	72.01568	1615.0	8.64	4965.0	6.73
7880	7884.3	62.12663	11318.6	107.50513	23602.5	72.66423	1768.0	8.80	4971.0	6.82
7900	7765.3	61.20296	11589.3	105.55728	23450.4	71.55519	1814.0	8.72	5274.0	6.73
7920	7786.4	62.05135	11429.3	103.98617	23589.5	73.37682	1732.0	8.60	4888.0	6.76
7940	7850.6	65.21792	11448.4	106.39502	23506.5	73.44613	1692.0	8.84	4533.0	7.08
7960	7964.2	61.88680	11091.4	103.22600	23749.5	75.67481	1397.0	8.54	4292.0	6.74
7980	8038.5	65.72513	10807.1	109.64235	23960.4	70.86174	1773.0	8.98	4475.0	7.10
8000	7941.3	63.03585	10934.5	102.44337	23929.4	73.23421	1748.0	8.44	4374.0	6.77
8020	7793.5	63.10218	10961.9	108.60366	24050.4	73.45887	1819.0	8.83	4939.0	6.84
8040	8057.1	61.24177	10963.2	112.83137	23785.4	70.39746	1506.0	9.09	4924.0	6.80
8060	8001.7	57.36938	11253.9	110.94760	23549.5	72.19992	1707.0	8.91	5448.0	6.51
8080	8092.8	58.98616	11119.4	116.27928	23593.4	71.57784	1555.0	9.30	5413.0	6.71
8100	8010.8	58.33930	10953.4	114.68114	23841.4	72.10386	1722.0	9.13	5448.0	6.60
8120	8084.6	57.07317	11412.9	112.40519	23307.5	72.08873	1647.0	9.01	5578.0	6.51
8140	8179.8	59.08220	11102.5	118.15058	23523.5	72.40772	1608.0	9.37	5357.0	6.72
8160	8384.5	58.12694	11223.0	111.97201	23197.5	71.21997	1659.0	9.04	5070.0	6.62
8180	8335.1	63.99925	11237.9	111.09097	23232.4	69.19922	1796.0	9.22	4725.0	7.12
8200	8308.1	62.90517	11612.6	109.71673	22884.4	69.87864	1632.0	9.11	4756.0	7.03
8220	8201.1	62.50070	11367.5	106.64137	23236.5	73.12473	1655.0	8.88	4609.0	6.91
8240	8036.9	59.18472	11114.8	109.01125	23653.4	72.17527	1588.0	8.82	4916.0	6.62
8260	7790.3	61.11403	11413.3	104.17760	23601.6	75.52874	1431.0	8.59	4698.0	6.69
8280	7648.6	63.57096	11039.6	105.55323	24117.6	78.49770	1451.0	8.65	4358.0	6.85
8300	7977.3	62.89891	10639.9	104.44425	24188.4	73.44040	1756.0	8.49	4318.0	6.76
8320	8269.7	58.51922	10175.2	104.41877	24360.5	74.65175	1565.0	8.34	4109.0	6.40
8340	8371.9	61.62112	10456.4	109.33899	23977.5	74.27788	1556.0	8.80	4220.0	6.76
8360	8034.0	60.60257	10648.8	104.45258	24122.5	75.42015	1561.0	8.46	4266.0	6.58
8380	8188.2	63.15317	10578.7	102.06051	24038.4	73.62358	1656.0	8.44	3893.0	6.79
8400	8468.1	64.59055	10577.0	106.27358	23760.4	72.74732	1611.0	8.76	3745.0	7.01
8420	8519.9	62.47795	10762.8	104.31554	23522.5	72.88443	1869.0	8.63	4060.0	6.85
8440	8464.1	64.57471	10937.7	104.86160	23403.5	71.97863	1626.0	8.75	3940.0	7.03
8460	8351.0	62.81333	10761.7	104.07310	23692.5	73.54821	1601.0	8.58	3941.0	6.83
8480	8164.4	65.35185	10624.3	109.72139	24017.4	72.90137	1633.0	8.98	4130.0	7.10
8500	8376.0	62.63139	10857.9	107.77652	23571.5	73.28304	1613.0	8.84	4187.0	6.88
8520	8535.8	62.09946	10865.1	109.54282	23404.4	70.37031	1672.0	8.96	4306.0	6.89
8540	8746.6	61.16773	11117.5	103.98112	22940.5	70.35236	1915.0	8.68	4320.0	6.80
8560	8544.1	65.15224	11011.9	108.24351	23249.4	68.75791	1724.0	9.03	4159.0	7.16
8580	8181.3	63.94593	10917.7	105.78568	23706.4	71.08360	1776.0	8.71	4286.0	6.93
8600	8075.5	65.99464	10649.1	107.60660	24081.5	73.84374	1895.0	8.85	4281.0	7.10
8620	8069.7	67.26804	11157.7	107.07350	23578.3	69.03993	1856.0	8.98	4453.0	7.26
8640	8224.2	64.14253	11131.6	105.76551	23449.4	68.99848	1699.0	8.79	4300.0	6.98
8660	8318.2	64.03186	11394.5	106.18554	23092.4	68.12305	1844.0	8.89	4560.0	7.06
8680	8557.7	61.45085	11098.8	107.59031	23148.4	69.00204	1838.0	8.89	4596.0	6.84
8700	8250.2	63.58681	11187.5	105.58536	23367.5	73.89428	1916.0	8.78	4517.0	6.95
8720	8533.9	62.88577	10955.9	108.18534	23315.3	68.03954	1756.0	8.92	4342.0	6.96
8740	8794.8	63.84543	11352.5	106.37901	22657.4	68.07527	1972.0	8.96	4348.0	7.11
8760	8471.0	63.32117	11199.4	103.81719	23134.4	69.44681	2121.0	8.69	4561.0	6.95
8780	8394.0	63.40072	11491.2	103.54513	22919.5	72.92595	1957.0	8.74	4587.0	6.97
8800	8536.1	64.78366	11384.6	108.18914	22884.5	70.93394	1899.0	9.06	4550.0	7.15
8820	8264.5	67.14363	11698.4	107.83226	22842.4	69.36447	2151.0	9.14	4863.0	7.34
8840	8592.2	66.16651	11680.5	109.85879	22532.4	67.94666	2168.0	9.32	4829.0	7.37
8860	8761.6	61.78001	11539.5	107.50226	22503.4	67.30096	2229.0	9.02	4927.0	6.97
8880	8576.7	61.23318	11398.4	106.13555	22829.4	67.97683	2197.0	8.89	5045.0	6.87
8900	8134.1	61.56314	11719.3	107.09616	22951.4	68.32957	2173.0	8.92	5454.0	6.87
8920	8004.5	65.38957	11357.7	109.96184	23443.5	72.11929	2031.0	9.11	5030.0	7.14
8940	7972.3	62.97193	11982.2	108.53191	22850.4	69.89544	1917.0	9.08	5396.0	7.01
8960	8149.9	59.85778	11449.4	106.41048	23205.4	69.95586	2139.0	8.78	5391.0	6.69
8980	7992.2	61.94274	11443.7	110.55064	23369.5	71.74715	2007.0	9.05	5442.0	6.86
9000	8240.0	61.92749	11283.1	114.18302	23282.4	69.84567	1746.0	9.33	5136.0	6.97
9020	8202.9	61.03068	10828.2	111.28578	23774.4	71.99318	1931.0	9.00	5020.0	6.77
9040	8251.7	58.39704	11333.6	108.04060	23219.5	71.21806	1775.0	8.85	5055.0	6.63
9060	8250.9	60.47235	11406.6	108.58905	23147.4	70.03713	1921.0	8.96	5238.0	6.78
9080	7699.6	63.14110	11647.9	115.18895	23458.3	68.92588	1876.0	9.36	5726.0	7.01
9100	8334.0	62.41233	11756.9	115.64045	22714.3	66.45856	1843.0	9.55	5440.0	7.08
9120	8216.1	62.23378	11457.8	111.79400	23131.4	69.26118	1869.0	9.23	5144.0	7.00
9140	8484.7	60.13380	11599.4	107.49848	22720.4	68.27791	1827.0	8.96	4969.0	6.81
9160	8395.0	63.20949	11487.6	109.41393	22922.4	69.55703	1912.0	9.13	4816.0	7.08
9180	8164.9	59.84015	11563.4	107.13988	23076.4	69.71001	1900.0	8.85	5163.0	6.72
9200	8109.2	63.06222	11718.5	109.42087	22977.4	67.69516	1794.0	9.09	5068.0	7.02
9220	7946.3	62.71458	11706.8	114.44012	23152.4	68.06041	1838.0	9.39	5523.0	7.04
9240	7902.2	61.68657	12128.5	114.09378	22774.4	68.69989	1728.0	9.41	5661.0	7.00
9260	7761.7	64.63897	12265.2	110.11433	22778.5	70.22858	1850.0	9.25	5483.0	7.18
9280	7699.1	58.94780	12363.9	106.34372	22741.4	69.49628	1814.0	8.85	5979.0	6.64
9300	7962.9	58.46749	11892.5	110.83856	22949.3	67.41235	1590.0	9.08	5549.0	6.66
9320	7928.0	59.24105	12140.2	109.28603	22736.4	67.93449	1897.0	9.05	5887.0	6.73
9340	8030.1	61.60939	11949.6	113.80102	22825.4	68.65550	1782.0	9.39	5571.0	7.01
9360	8099.2	62.87379	12179.5	113.92142	22526.4	67.01156	1719.0	9.52	5500.0	7.15
9380	7897.8	57.63099	11889.3	108.46270	23017.4	70.42977	1593.0	8.91	5666.0	6.55
9400	7833.2	60.75995	12064.7	116.00552	22907.4	70.16890	1248.0	9.48	5422.0	6.92
9420	8312.3	55.11052	12028.1	107.48868	22463.4	68.36654	1375.0	8.84	5379.0	6.39
9440	7738.0	57.84057	11271.0	113.17021	23796.4	72.81769	1398.0	9.02	5443.0	6.53
9460	7723.1	58.55794	11708.0	117.57011	23374.4	70.44924	1285.0	9.39	5772.0	6.66
9480	7947.0	59.20084	11451.4	120.11188	23407.3	68.70456	1420.0	9.61	5673.0	6.82
9500	8259.6	57.74375	10945.6	117.25823	23600.3	69.16207	1491.0	9.31	5177.0	6.64
9520	8295.7	59.24975	11545.3	119.66948	22964.4	68.55661	1696.0	9.64	5588.0	6.87
9540	8476.4	57.73601	11414.8	111.04826	22913.4	69.44435	1826.0	9.07	5401.0	6.63
9560	8211.7	58.56775	11441.0	114.29622	23152.5	71.49822	1696.0	9.26	5520.0	6.68
9580	7920.7	56.94129	11225.3	116.03047	23659.5	72.74730	1631.0	9.21	5688.0	6.52
9600	7974.0	59.75030	11471.3	118.54601	23360.5	71.61434	1733.0	9.52	5758.0	6.84
9620	8216.6	57.54121	11489.2	117.25691	23099.4	68.23150	1796.0	9.42	5798.0	6.65
9640	8288.7	58.98685	11623.9	115.12596	22892.4	69.35989	1926.0	9.37	5709.0	6.78
9660	8365.5	57.87789	11710.8	114.85784	22728.4	69.05389	1937.0	9.36	5851.0	6.70
9680	8745.4	58.83922	11452.0	115.24668	22607.3	65.03298	2096.0	9.44	5563.0	6.84
9700	8344.8	60.37180	11674.9	114.76611	22785.3	65.83127	1781.0	9.42	5412.0	6.92
9720	8336.1	63.34691	11819.8	114.83379	22649.4	69.30981	1772.0	9.56	5219.0	7.20
9740	8460.7	59.95785	11983.6	114.35990	22360.3	64.36633	1768.0	9.48	5570.0	6.91
9760	8278.9	61.59517	12132.5	113.25961	22393.3	65.59618	1891.0	9.46	5613.0	7.03
9780	8115.8	58.93585	11965.0	105.42336	22723.3	66.73085	2016.0	8.80	5645.0	6.66
9800	8311.9	61.00928	12028.8	102.97384	22463.4	66.54357	2168.0	8.69	5224.0	6.81
9820	8814.6	62.07946	12052.4	111.30128	21937.4	66.95218	2087.0	9.42	5202.0	7.16
9840	8484.6	59.36929	12053.1	106.48581	22266.4	66.00540	2006.0	8.94	5350.0	6.77
9860	8460.9	62.75218	11809.2	107.02726	22534.5	69.39879	2035.0	9.03	5033.0	7.02
9880	8399.0	63.46236	11656.4	107.21860	22749.5	71.27846	2121.0	9.00	4972.0	7.06
9900	8181.4	65.75978	11973.0	104.81849	22650.4	67.41880	2170.0	8.94	5022.0	7.21
9920	8483.1	65.00048	11630.1	103.33611	22691.4	67.69790	2212.0	8.84	4690.0	7.17
9940	8714.9	64.01769	11910.0	104.91768	22179.4	67.73433	1996.0	9.02	4622.0	7.19
9960	8437.2	65.07543	12119.0	105.38343	22248.4	66.30372	2224.0	9.07	5030.0	7.27
9980	7840.6	64.86493	11981.9	103.96195	22982.4	69.41644	2000.0	8.81	5069.0	7.08
10000	7928.5	64.18746	12181.1	108.19280	22695.4	68.65481	1888.0	9.11	5358.0	7.13
10020	8140.1	61.79484	11713.2	105.57583	22951.4	70.11659	1938.0	8.83	5102.0	6.88
10040	8354.9	61.88144	11859.3	107.93318	22590.5	69.35302	1821.0	9.03	5049.0	6.94
10060	8054.4	64.48291	11717.4	107.93487	23033.4	69.26207	1946.0	9.03	5032.0	7.10
10080	8560.1	65.16876	11830.0	104.07589	22414.3	65.47450	1835.0	8.92	4355.0	7.23
10100	8356.2	65.07245	12038.9	103.94777	22409.5	69.41760	1816.0	8.94	4635.0	7.21
10120	8011.4	64.51595	11635.3	106.34045	23158.4	69.40173	1698.0	8.91	4679.0	7.08
10140	8450.1	64.11663	11376.9	98.76538	22977.4	68.71768	2143.0	8.44	4289.0	6.97
10160	8372.1	64.29177	11364.2	101.81761	23068.4	69.39556	2169.0	8.60	4549.0	6.97
10180	8453.1	64.63378	11210.2	100.38900	23141.4	70.85941	2026.0	8.51	4140.0	7.00
10200	8030.9	68.94271	11574.4	106.54203	23200.3	66.53714	2135.0	9.06	4670.0	7.44
10220	8493.2	65.86783	11208.8	109.82737	23103.4	70.63599	2071.0	9.18	4638.0	7.26
10240	8676.9	64.24622	11842.2	106.02959	22285.4	66.71639	2317.0	9.07	4960.0	7.18
10260	8344.2	64.93119	11339.4	104.96066	23121.4	68.68599	2135.0	8.85	4714.0	7.09
10280	8383.1	64.13039	11261.4	104.81381	23160.4	70.36161	2477.0	8.81	5014.0	7.00
10300	8662.9	64.16071	10948.0	108.95870	23194.4	69.63306	2311.0	9.07	4708.0	7.11
10320	8708.7	62.03431	10882.1	109.71588	23214.5	72.61416	2356.0	9.06	4913.0	6.96
10340	8682.8	62.89263	10756.1	108.56812	23366.4	70.21350	2329.0	8.96	4748.0	6.96
10360	8415.8	60.65997	10719.8	104.85122	23669.5	74.06343	2065.0	8.57	4578.0	6.66
10380	8343.1	63.20634	10582.1	107.70994	23880.4	71.32168	2007.0	8.81	4503.0	6.89
10400	8309.2	64.16690	10064.7	109.37835	24432.5	75.03167	2194.0	8.84	4351.0	6.95
10420	8785.8	63.26494	9909.5	104.97402	24110.4	71.73630	2549.0	8.54	4089.0	6.82
10440	8344.0	62.96141	10243.9	101.65024	24217.5	74.59435	2277.0	8.35	4247.0	6.73
10460	8013.5	65.15961	10284.8	100.54377	24507.5	75.66869	1985.0	8.25	3853.0	6.82
10480	8407.4	66.79852	10203.1	102.74401	24195.5	76.00497	2181.0	8.48	3766.0	7.05
10500	8177.4	65.19893	10414.7	100.50292	24213.4	73.84180	2083.0	8.30	3904.0	6.88
10520	8231.5	67.28671	10691.8	103.81513	23882.5	74.44708	1896.0	8.66	3851.0	7.15
10540	8503.2	66.37247	10341.9	102.68691	23960.5	74.47461	2133.0	8.57	3769.0	7.08
10560	8431.1	64.04155	10442.6	99.03145	23931.5	73.65138	2119.0	8.24	4004.0	6.80
10580	8739.8	63.47098	10445.8	102.29023	23619.5	72.36030	2321.0	8.51	4151.0	6.87
10600	9182.8	66.19553	10811.5	101.73843	22810.5	71.10474	2402.0	8.72	3775.0	7.24
10620	8668.3	68.46526	10879.5	102.35301	23257.4	69.12959	2193.0	8.71	3830.0	7.33
10640	8570.1	65.57483	11027.4	101.96880	23207.5	73.27986	1978.0	8.62	3920.0	7.10
10660	8195.5	66.69569	10939.6	103.90630	23670.5	74.21056	1951.0	8.70	4124.0	7.14
10680	8377.0	63.02347	10556.6	100.49045	23871.5	73.69264	2037.0	8.32	4026.0	6.75
10700	8606.9	63.47425	10671.8	104.66971	23526.5	72.08190	1877.0	8.67	3934.0	6.94
10720	8179.1	62.34658	10481.2	107.67947	24145.4	72.92403	1757.0	8.72	4401.0	6.79
10740	8408.9	62.07418	11153.3	101.45087	23242.5	72.09749	1995.0	8.50	4470.0	6.78
10760	8709.0	64.95933	10786.6	101.92105	23309.3	68.28569	2321.0	8.58	4109.0	7.03
10780	8673.1	65.68787	10850.5	102.36987	23281.3	68.03809	2387.0	8.66	4128.0	7.13
10800	8489.5	69.37458	11071.6	105.60266	23244.4	69.01915	2196.0	8.97	4188.0	7.45
10820	8401.4	67.57475	11113.4	102.58487	23290.4	69.12366	2165.0	8.73	4255.0	7.24
10840	8434.0	63.74507	11445.4	105.44473	22925.4	69.00420	2033.0	8.87	4602.0	7.05
10860	8443.1	64.30596	12030.9	104.45663	22330.4	66.05529	1770.0	8.98	4667.0	7.18
10880	8583.2	66.81299	12179.2	109.65011	22042.3	64.45095	2064.0	9.42	4805.0	7.51
10900	8357.4	66.72647	12146.4	112.22966	22301.3	64.63057	1840.0	9.56	5000.0	7.47
10920	8322.2	64.05873	12146.3	111.54211	22336.3	65.41511	2080.0	9.42	5384.0	7.26
10940	8559.8	62.31799	12185.5	114.87382	22059.3	63.70859	2143.0	9.68	5641.0	7.21
10960	8717.5	60.08272	11834.8	114.80920	22252.4	67.59617	1926.0	9.50	5366.0	6.97
10980	8741.6	61.52417	11904.8	115.91809	22158.4	65.31770	1958.0	9.69	5315.0	7.17
11000	8641.8	63.11912	11606.9	114.77344	22556.3	65.89319	2345.0	9.54	5422.0	7.21
11020	8282.1	63.66070	11656.6	110.77556	22866.4	67.91553	2103.0	9.23	5262.0	7.10
11040	8484.9	62.19931	11608.5	108.97475	22711.3	66.54199	2240.0	9.14	5255.0	7.02
11060	8128.0	61.25287	11988.2	107.79361	22688.4	68.37677	2078.0	8.98	5561.0	6.87
11080	8312.0	62.86059	11696.9	115.83739	22796.4	68.35107	2128.0	9.60	5701.0	7.17
11100	8474.8	61.53126	12164.3	111.44933	22165.3	63.67561	2289.0	9.37	5816.0	7.04
11120	8377.0	62.86381	12317.4	113.61378	22110.3	64.87153	2383.0	9.57	5952.0	7.21
11140	8605.8	62.87501	12329.4	113.50667	21869.4	64.74272	2703.0	9.64	6091.0	7.27
11160	8452.7	59.98854	11961.7	115.00739	22390.4	66.51056	2644.0	9.49	6333.0	6.94
11180	8444.6	59.43684	12226.1	108.02599	22133.4	67.60697	2626.0	9.08	6113.0	6.83
11200	8491.7	60.27606	12581.8	106.28039	21730.4	64.89109	2433.0	9.10	5877.0	6.96
11220	8509.9	62.56448	12614.1	111.61861	21680.4	63.83775	2246.0	9.52	5804.0	7.20
11240	8513.9	63.16797	12705.9	108.85884	21584.3	62.43214	2365.0	9.39	5838.0	7.22
11260	8649.0	65.42985	12436.3	113.27680	21719.2	60.50813	2347.0	9.73	5531.0	7.51
11280	9113.5	63.19845	12039.3	110.22194	21651.3	63.47982	2478.0	9.43	5168.0	7.31
11300	9168.2	59.56695	11922.1	105.59119	21713.3	62.88587	2427.0	9.04	5249.0	6.88
11320	9087.5	62.76601	11907.2	107.25528	21809.4	66.26376	2515.0	9.23	5128.0	7.19
11340	9119.4	61.70922	12141.1	107.43414	21543.4	64.11428	2145.0	9.26	4940.0	7.14
11360	8839.8	64.42584	12193.2	109.83488	21771.4	66.54835	2448.0	9.45	5349.0	7.34
11380	8561.8	62.61371	11905.4	110.57776	22337.4	67.41688	2244.0	9.32	5358.0	7.12
11400	8864.5	61.22401	11320.3	102.99323	22619.4	66.67424	2723.0	8.73	5149.0	6.86
11420	9153.4	61.30014	11496.6	108.82503	22154.4	67.10338	2848.0	9.18	5386.0	7.02
11440	9066.5	62.84478	11236.9	110.48706	22501.4	67.02790	2709.0	9.28	5203.0	7.12
11460	8815.9	64.62157	11222.7	108.33954	22766.4	68.81041	2992.0	9.12	5308.0	7.20
11480	9047.4	61.56463	11326.8	110.52471	22430.4	65.98278	2949.0	9.25	5561.0	7.03
11500	9372.5	64.50068	11721.5	109.45808	21710.3	63.27098	3132.0	9.45	5353.0	7.39
11520	9300.2	60.90445	12640.6	103.90480	20862.5	64.10980	2794.0	9.13	5657.0	7.09
11540	8957.5	61.66821	12985.8	109.71512	20860.3	61.08548	2682.0	9.55	6077.0	7.26
11560	8851.6	62.28192	13006.0	114.04051	20946.3	59.18746	2671.0	9.84	6227.0	7.35
11580	8322.1	63.47457	12869.6	105.64887	21612.4	63.74542	2428.0	9.19	5972.0	7.21
11600	8563.9	63.45438	12636.0	110.41714	21604.4	64.33314	2525.0	9.53	5990.0	7.30
11620	8903.2	58.41448	12562.9	108.34383	21337.4	63.24251	2254.0	9.27	5738.0	6.89
11640	9144.5	62.43425	12167.5	114.24648	21492.3	62.00078	2473.0	9.82	5580.0	7.32
11660	8770.8	63.66715	12596.2	114.16320	21437.4	65.23349	2321.0	9.84	5799.0	7.41
11680	9016.3	59.78337	12450.1	110.46064	21337.4	64.96587	2396.0	9.49	5814.0	7.04
11700	8659.4	58.50193	12141.4	111.65168	22003.5	68.02050	2133.0	9.35	5773.0	6.84
11720	8458.7	60.37840	12081.5	112.88947	22264.4	67.96313	2164.0	9.42	5762.0	6.97
11740	8747.3	57.67428	11646.6	109.99227	22410.5	68.85942	2115.0	9.08	5387.0	6.68
11760	8604.4	58.42515	11782.5	109.76606	22417.5	69.58979	2032.0	9.08	5381.0	6.73
11780	8326.9	61.26242	11408.5	107.12687	23069.4	67.79138	1995.0	8.89	5014.0	6.87
11800	8321.1	63.47966	11408.1	115.09392	23076.3	67.77653	1929.0	9.45	5163.0	7.13
11820	7711.2	60.09588	11759.9	116.48231	23334.3	67.62305	1686.0	9.38	5897.0	6.82
11840	8032.9	59.13378	11745.6	111.23336	23026.4	70.25247	1746.0	9.12	5571.0	6.74
11860	7940.9	58.11941	11640.8	113.14996	23223.4	70.12251	1642.0	9.12	5614.0	6.63
11880	8162.9	60.59343	12245.2	109.89175	22396.5	69.12649	1708.0	9.18	5467.0	6.91
11900	8550.6	59.49649	11625.2	105.24450	22628.5	69.45825	1874.0	8.79	4858.0	6.73
11920	8457.7	60.74443	11610.4	107.68470	22736.4	68.44580	1930.0	9.00	5058.0	6.85
11940	8458.2	65.54951	11929.4	110.82294	22417.5	70.47838	1820.0	9.38	4784.0	7.35
11960	8159.9	59.85047	11616.4	106.80763	23028.4	68.21327	1773.0	8.85	5202.0	6.71
11980	7977.4	63.72117	11686.7	111.91965	23141.4	68.79899	1719.0	9.28	5155.0	7.10
12000	8056.0	60.07528	11808.3	108.50861	22940.4	68.87363	1735.0	8.94	5249.0	6.76
12020	8240.9	60.85290	12008.0	105.84183	22555.5	69.79093	1744.0	8.90	5077.0	6.84
12040	7837.2	60.43639	12038.0	105.04498	22929.4	69.45162	1553.0	8.73	5141.0	6.74
12060	8047.1	61.40549	11780.5	110.27851	22977.5	70.41113	1838.0	9.10	5323.0	6.90
12080	8313.8	60.77958	11810.3	107.54996	22680.4	68.39503	1896.0	9.01	5308.0	6.86
12100	8237.9	61.19110	12140.4	112.09366	22426.4	65.98010	1905.0	9.32	5615.0	6.98
12120	8455.7	60.50056	12124.4	112.23266	22224.4	66.78708	1907.0	9.35	5456.0	6.96
12140	8344.6	58.58491	12191.2	109.52109	22268.4	67.75255	1918.0	9.14	5649.0	6.76
12160	8521.5	58.77206	12158.3	111.03730	22124.4	67.16895	1874.0	9.29	5504.0	6.84
12180	8713.4	59.11415	11846.2	106.18668	22244.4	67.37840	1953.0	8.90	5095.0	6.76
12200	8846.5	60.50346	11449.8	112.00264	22508.4	66.70911	2074.0	9.27	5220.0	6.91
12220	8593.6	60.12774	12553.0	109.84865	21657.5	67.56364	1697.0	9.36	5377.0	7.00
12240	8574.7	60.81006	12407.3	113.86436	21822.4	64.21826	1562.0	9.64	5376.0	7.12
12260	8269.9	60.78829	12349.3	113.41850	22185.3	64.16333	1475.0	9.49	5387.0	7.02
12280	8178.0	61.56893	12510.3	114.75797	22116.4	65.80963	1603.0	9.66	5741.0	7.11
12300	8119.8	59.35701	12258.6	116.59628	22426.5	68.78962	1381.0	9.59	5611.0	6.89
12320	8015.8	58.09640	12459.1	111.32190	22329.4	67.10210	1562.0	9.22	5809.0	6.71
12340	8138.8	59.19754	12355.4	113.64051	22310.3	65.05967	1557.0	9.41	5687.0	6.86
12360	7901.1	59.89761	12608.1	112.51189	22295.3	65.00333	1361.0	9.36	5664.0	6.88
12380	7828.5	63.84744	12699.1	112.10418	22277.3	65.34132	1399.0	9.48	5401.0	7.24
12400	8234.1	62.99729	12800.7	107.59124	21769.3	63.91540	1569.0	9.29	5186.0	7.21
12420	8457.9	62.47802	12782.7	106.51513	21563.4	64.42462	1675.0	9.19	5085.0	7.16
12440	8223.0	61.64777	13098.6	108.40750	21482.4	63.95044	1619.0	9.36	5536.0	7.12
12460	8353.8	60.95200	12792.8	109.18859	21657.4	65.55667	1566.0	9.31	5434.0	7.02
12480	7982.9	58.73731	12242.2	110.15173	22579.4	67.93844	1380.0	9.11	5473.0	6.72
12500	8397.5	57.42474	11831.0	117.97417	22576.5	70.00068	1499.0	9.60	5657.0	6.75
12520	8210.8	59.72923	11814.9	116.97182	22779.4	68.29604	1557.0	9.52	5529.0	6.88
12540	8043.9	58.95298	12430.3	113.39011	22330.5	68.55734	1594.0	9.35	5750.0	6.83
12560	8239.5	57.10061	12462.4	115.70299	22102.4	66.04534	1565.0	9.55	6013.0	6.73
12580	8350.4	56.57777	12267.7	118.09384	22186.4	66.75131	1673.0	9.67	6081.0	6.74
12600	8536.2	55.49919	12532.4	115.41008	21735.4	65.30369	1807.0	9.56	6159.0	6.65
12620	8434.3	55.64892	12780.1	113.25292	21589.5	66.66085	1908.0	9.45	6321.0	6.65
12640	8255.5	56.56755	12573.9	108.33254	21974.4	66.16107	1669.0	9.09	5830.0	6.62
12660	8163.4	55.31143	12127.5	113.31242	22513.5	69.80765	1672.0	9.23	6095.0	6.49
12680	8046.5	55.23052	11967.9	118.08875	22790.5	70.18766	1453.0	9.50	6087.0	6.52
12700	7972.6	55.96136	11925.6	113.27149	22906.4	68.94626	1552.0	9.16	5954.0	6.49
12720	7964.1	60.50235	11794.0	118.11707	23047.4	68.25789	1504.0	9.55	5596.0	6.91
12740	7933.8	57.44939	11876.5	111.56168	22994.3	67.55660	1453.0	9.09	5593.0	6.57
12760	8086.5	55.18233	11821.8	115.22313	22896.3	66.51732	1479.0	9.27	5894.0	6.46
12780	8048.7	56.93522	12359.5	116.47877	22396.4	67.10274	1605.0	9.52	6183.0	6.68
12800	8264.3	54.65146	12350.7	118.56874	22189.4	65.56896	1414.0	9.61	6166.0	6.55
12820	8359.4	55.95290	12789.7	122.92093	21655.3	62.31517	1578.0	10.13	6546.0	6.80
12840	8218.4	55.49348	13042.3	118.71037	21543.3	63.20989	1466.0	9.84	6461.0	6.73
12860	8307.2	53.80908	12957.2	116.87887	21539.3	63.28273	1816.0	9.62	6817.0	6.52
12880	8442.9	52.06865	12845.5	120.20822	21515.4	64.60419	2116.0	9.85	7226.0	6.46
12900	8269.4	55.69864	13160.5	123.86781	21374.4	65.14773	1989.0	10.20	7115.0	6.82
12920	8244.2	53.75008	13558.0	119.37563	21001.5	64.38988	1798.0	9.90	7120.0	6.63
12940	8398.9	51.64027	13286.2	119.85082	21118.4	64.39104	1813.0	9.89	7126.0	6.45
12960	8468.0	53.18759	13826.0	121.23708	20509.3	58.86142	1660.0	10.18	7170.0	6.66
12980	8470.2	55.36595	13929.2	125.98854	20404.3	59.02016	2011.0	10.61	7449.0	6.97
13000	8687.9	53.08095	14048.0	122.70188	20067.3	58.02299	2016.0	10.37	7462.0	6.76
13020	8851.0	55.04173	13441.2	121.16322	20511.3	58.59435	2274.0	10.25	7175.0	6.88
13040	8315.2	53.68325	13434.0	118.16377	21054.4	61.92450	2206.0	9.82	7346.0	6.61
13060	8394.3	55.39157	13627.8	115.78272	20781.4	62.91088	2246.0	9.82	7269.0	6.78
13080	8405.3	55.26745	13492.2	122.23769	20906.3	61.38449	2133.0	10.20	7381.0	6.81
13100	8285.3	54.55984	13485.0	118.27737	21033.4	62.23078	1969.0	9.92	7205.0	6.69
13120	8349.2	54.38145	13524.0	118.77869	20930.4	62.83547	1838.0	9.94	7024.0	6.69
13140	8145.4	54.89987	13284.1	117.58140	21374.3	61.61970	1848.0	9.79	6995.0	6.68
13160	8756.9	53.93189	12821.5	119.87568	21225.4	62.84078	2051.0	9.91	6795.0	6.64
13180	8570.9	53.02535	13214.4	122.27055	21018.4	63.71661	1916.0	10.10	7083.0	6.61
13200	8422.1	53.37946	13346.3	121.93382	21035.3	61.49954	1850.0	10.09	7174.0	6.63
13220	8417.0	52.65606	12904.8	125.19652	21482.3	62.73997	1878.0	10.17	7263.0	6.56
13240	8265.0	51.34366	12424.3	128.42770	22115.2	61.92836	2040.0	10.18	7565.0	6.39
13260	8713.8	52.37613	12664.8	123.46196	21425.3	62.83590	2026.0	10.05	6996.0	6.51
13280	8489.2	54.93158	12467.5	116.99157	21847.4	64.41233	2030.0	9.63	6637.0	6.61
13300	8737.1	56.06371	12037.0	120.07088	22030.4	64.74464	2221.0	9.78	6422.0	6.72
13320	8441.3	56.44800	12182.9	120.57047	22180.4	67.06047	2277.0	9.83	6760.0	6.74
13340	8754.0	54.91173	12305.8	119.78934	21744.3	63.68529	2056.0	9.79	6460.0	6.65
13360	8722.0	55.01115	12419.3	113.95255	21662.5	67.38417	2045.0	9.47	6284.0	6.59
13380	8592.2	56.31126	12342.8	120.56152	21869.4	64.42269	2181.0	9.88	6504.0	6.79
13400	8956.1	56.77171	12246.7	118.55122	21601.4	64.37997	2117.0	9.83	6158.0	6.84
13420	8495.5	58.16225	12350.7	119.30726	21958.4	64.74908	2020.0	9.82	6372.0	6.87
13440	8699.1	55.09653	12150.6	115.97565	21954.4	66.78157	2083.0	9.52	6334.0	6.59
13460	8489.3	55.91144	11845.0	118.18947	22470.3	65.72598	2189.0	9.55	6387.0	6.63
13480	8195.5	56.00058	12592.4	116.25299	22016.4	65.54296	2017.0	9.59	6682.0	6.65
13500	8326.5	57.35803	12105.9	120.13625	22372.4	67.40294	2020.0	9.75	6430.0	6.77
13520	8281.4	55.82086	12322.7	118.03557	22200.3	64.36798	1787.0	9.62	6346.0	6.66
13540	8590.2	55.57876	12287.2	110.83419	21926.3	64.39497	1955.0	9.20	5889.0	6.57
13560	8388.5	57.99764	12138.2	109.93284	22277.4	67.96192	2160.0	9.15	5891.0	6.72
13580	8599.5	59.10188	12153.3	111.15188	22051.4	66.03661	2220.0	9.28	5783.0	6.82
13600	8126.9	59.62383	12280.1	109.32099	22397.3	65.78933	2276.0	9.10	6060.0	6.79
13620	8311.8	60.05461	12064.5	112.62939	22428.4	66.58831	2239.0	9.36	5969.0	6.92
13640	8531.6	59.40762	12137.4	112.44591	22135.4	67.64316	2258.0	9.36	5929.0	6.88
13660	8270.1	62.68182	12434.1	110.95049	22100.4	66.91304	2060.0	9.44	5615.0	7.18
13680	8446.7	59.78925	12823.7	108.18659	21533.4	63.50118	2115.0	9.26	5874.0	6.96
13700	8877.3	59.37264	12021.4	111.25300	21905.4	65.72217	2018.0	9.34	5316.0	6.92
13720	8479.8	61.09020	11776.6	112.60843	22548.4	68.57266	2071.0	9.34	5506.0	6.97
13740	8494.6	59.57430	11938.5	111.54557	22371.5	69.35760	1960.0	9.30	5490.0	6.88
13760	8555.5	58.43922	11716.4	107.89706	22532.3	65.80160	2249.0	9.01	5554.0	6.70
13780	8240.9	60.41128	11656.5	109.18391	22907.4	68.97111	2416.0	9.02	5716.0	6.82
13800	8287.9	61.07075	11909.4	110.11760	22607.4	66.74825	2498.0	9.18	5952.0	6.94
13820	8167.1	62.42915	12094.6	114.40598	22543.4	66.80856	2439.0	9.51	6204.0	7.10
13840	8417.7	60.37646	12005.1	106.41514	22381.4	67.53104	2416.0	8.95	5654.0	6.84
13860	8476.5	58.49259	11734.1	103.84056	22593.4	66.90644	2284.0	8.69	5464.0	6.62
13880	8314.8	60.18680	11585.6	109.90589	22904.5	70.23695	2227.0	9.06	5574.0	6.82
13900	8715.7	61.88185	11801.3	108.20008	22287.4	68.03015	2118.0	9.13	5116.0	7.00
13920	8591.8	62.74917	11555.4	107.43359	22657.6	73.90817	2149.0	9.04	4947.0	7.04
13940	8375.0	63.02148	11532.8	113.17768	22897.3	66.96002	2009.0	9.38	5229.0	7.12
13960	8858.5	60.91813	11294.2	115.28288	22652.4	67.75470	2219.0	9.50	5199.0	7.04
13980	8844.3	58.99643	11439.8	111.56191	22520.5	69.58948	2290.0	9.25	5508.0	6.80
14000	8810.3	58.56989	11457.9	112.60887	22536.4	67.69503	2333.0	9.27	5618.0	6.78
14020	9034.3	60.36035	11507.1	115.98432	22263.4	67.31917	2505.0	9.61	5599.0	7.03
14040	8601.8	62.34588	11741.6	110.87136	22461.4	66.01907	2619.0	9.28	5587.0	7.08
14060	8792.8	63.50693	11715.2	106.03996	22296.4	66.32923	2569.0	9.05	5205.0	7.12
14080	8933.7	64.01168	11795.9	117.23256	22075.4	67.06135	2615.0	9.88	5692.0	7.40
14100	8484.9	62.36649	11972.3	109.25097	22347.3	65.54412	2423.0	9.21	5707.0	7.06
14120	8503.8	61.27988	12622.7	105.37105	21677.4	64.20853	2515.0	9.07	5801.0	7.03
14140	8530.9	62.85254	12613.1	111.69931	21660.4	66.21935	2289.0	9.58	5772.0	7.24
14160	8749.8	63.32377	11947.3	109.18822	22107.3	64.50356	2742.0	9.30	5596.0	7.22
14180	8827.6	62.23908	12019.5	112.53159	21957.3	62.82428	2624.0	9.56	5845.0	7.18
14200	8587.8	62.07556	12356.4	113.90694	21860.3	63.29199	2701.0	9.62	6263.0	7.16
14220	8726.4	58.63505	12365.3	112.33540	21712.4	64.77328	2753.0	9.46	6357.0	6.91
14240	8762.7	62.46738	12494.1	111.68680	21547.4	63.44202	2771.0	9.59	6239.0	7.24
14260	9214.3	60.49993	12084.5	113.89045	21505.3	61.08470	2916.0	9.65	6124.0	7.11
14280	9024.4	61.49894	12337.2	110.51632	21442.3	62.86259	2894.0	9.52	6083.0	7.17
14300	8823.8	63.72409	12785.9	109.93235	21194.3	61.41391	2647.0	9.55	5998.0	7.35
14320	8783.7	62.30619	12567.8	106.08875	21452.4	63.31003	2506.0	9.20	5585.0	7.14
14340	9203.2	59.39027	11908.1	106.15212	21692.5	67.52385	2617.0	9.06	5410.0	6.88
14360	9231.3	60.62906	12306.2	111.12375	21266.4	64.12224	2705.0	9.54	5754.0	7.14
14380	8894.8	64.27391	12152.0	107.00821	21757.3	63.54144	2656.0	9.26	5456.0	7.28
14400	9101.7	64.53555	12141.0	106.37668	21561.4	63.57404	2922.0	9.24	5360.0	7.33
14420	8991.6	63.42154	12474.7	104.14974	21337.3	62.24720	2797.0	9.16	5511.0	7.27
14440	9158.3	60.89224	12555.2	113.06947	21090.3	60.61284	2528.0	9.72	5786.0	7.22
14460	9061.3	60.01547	12204.1	108.29261	21538.4	64.63840	2652.0	9.30	5838.0	7.01
14480	8692.5	59.47435	12661.2	113.25922	21450.3	61.82037	2431.0	9.63	6272.0	7.04
14500	8636.4	57.87196	12980.8	110.46814	21186.3	62.06855	2456.0	9.45	6486.0	6.88
14520	8550.5	58.55793	12790.8	108.30305	21462.4	64.89507	2351.0	9.26	6231.0	6.84
14540	8664.3	57.54131	12546.8	105.94986	21592.5	66.36153	2196.0	9.02	5820.0	6.70
14560	8706.2	56.68971	12073.3	110.42374	22024.5	68.83600	2023.0	9.18	5777.0	6.62
14580	8202.8	59.24845	11987.2	107.17719	22614.5	69.33918	1904.0	8.93	5438.0	6.72
14600	8117.0	60.50531	11903.6	113.66374	22784.5	71.47814	1736.0	9.37	5555.0	6.92
14620	8201.1	62.43801	12027.3	110.23848	22576.4	68.20645	2048.0	9.23	5505.0	7.03
14640	8804.5	60.65436	11535.6	109.66270	22464.4	67.73039	2151.0	9.15	4997.0	6.93
14660	8678.6	60.77851	11577.4	106.90451	22548.4	67.14239	2211.0	8.97	5163.0	6.86
14680	8434.8	61.55610	11774.3	107.00513	22595.3	64.31421	2135.0	9.00	5271.0	6.91
14700	8589.8	62.10062	12517.7	105.39583	21696.4	65.36689	1883.0	9.07	5008.0	7.06
14720	8381.0	62.40139	12267.0	107.65185	22156.4	67.10746	1717.0	9.15	5025.0	7.07
14740	8271.9	61.09259	12202.0	107.08423	22330.4	68.21906	1707.0	9.03	5166.0	6.93
14760	8682.7	61.46866	11655.6	110.24307	22466.4	66.07540	1856.0	9.20	4917.0	7.00
14780	8671.7	62.00373	12078.1	107.88539	22054.3	63.83473	1839.0	9.17	4855.0	7.08
14800	8756.7	61.93392	12251.9	106.15006	21795.4	65.60618	1939.0	9.11	4968.0	7.07
14820	8336.2	64.33208	11896.1	105.95106	22572.4	67.96398	2050.0	8.96	4892.0	7.13
14840	8213.1	62.66679	11681.4	107.39826	22910.4	69.56969	1883.0	8.96	4927.0	6.97
14860	7984.6	66.14171	11801.3	107.29128	23019.4	68.46556	1940.0	9.10	4968.0	7.26
14880	8539.9	63.44323	11278.5	105.97342	22986.3	67.54520	1984.0	8.87	4564.0	7.01
14900	8480.2	65.22515	11066.6	104.57065	23258.4	69.80844	2070.0	8.77	4285.0	7.10
14920	8541.0	64.25316	11162.2	100.97659	23101.4	68.66674	2051.0	8.58	4166.0	7.00
14940	8432.3	66.69967	11335.3	103.82912	23037.4	68.59225	2070.0	8.82	4312.0	7.23
14960	8933.8	64.47319	10975.5	103.27992	22895.4	67.90379	2319.0	8.69	4144.0	7.05
14980	8721.2	67.27417	10951.1	97.87535	23132.4	70.68071	2309.0	8.44	3797.0	7.19
15000	8561.5	69.24044	10975.4	101.18244	23268.4	69.45108	2416.0	8.66	4077.0	7.36
15020	8357.5	68.23465	11446.9	98.65834	23000.4	68.34249	2301.0	8.54	4079.0	7.31
15040	8309.6	68.72935	11318.2	101.77043	23177.3	67.56583	2240.0	8.70	4257.0	7.31
15060	8140.7	68.41890	11083.1	98.29146	23581.5	72.42352	2231.0	8.36	3974.0	7.18
15080	7990.9	68.65513	11205.3	102.52734	23609.5	72.47520	1965.0	8.69	4185.0	7.27
15100	8473.2	65.47905	11585.0	102.05317	22746.4	69.13421	1937.0	8.71	4167.0	7.14
15120	8489.3	67.12621	11523.2	104.43784	22792.4	67.92494	2196.0	8.92	4502.0	7.30
15140	8233.4	66.39959	11300.4	104.64441	23271.4	69.72697	1952.0	8.80	4365.0	7.17
15160	8482.4	68.09569	11502.1	101.83982	22820.3	65.78990	2081.0	8.76	4092.0	7.35
15180	8384.5	68.19612	11827.8	100.67688	22592.5	70.09184	1905.0	8.78	4084.0	7.39
15200	8198.7	68.69467	11920.8	101.60611	22685.4	68.21705	2210.0	8.78	4515.0	7.40
15220	8146.2	73.80266	11936.7	99.49572	22722.3	65.64772	2324.0	8.80	4217.0	7.76
15240	8201.8	70.09888	11843.4	95.16493	22759.5	70.88550	2357.0	8.37	4157.0	7.38
15260	8479.2	66.17869	11342.7	94.81661	22982.4	70.09896	2580.0	8.21	4163.0	7.05
15280	8436.4	67.48590	11345.9	98.12118	23022.4	68.99962	2436.0	8.48	4188.0	7.22
15300	8238.5	66.45568	11521.8	97.44585	23044.5	71.01312	2212.0	8.39	4302.0	7.11
15320	8146.6	67.35740	11299.1	100.48992	23359.5	72.02015	2530.0	8.55	4620.0	7.18
15340	8537.3	67.26297	11208.1	99.05543	23059.4	69.96286	2615.0	8.50	4402.0	7.17
15360	8631.5	70.60402	11089.4	102.07570	23084.3	66.27631	2784.0	8.76	4279.0	7.52
15380	8760.1	67.01881	11209.1	99.69127	22835.5	72.08755	2776.0	8.59	4400.0	7.24
15400	8561.3	67.69680	11372.3	103.90737	22871.5	70.65944	2472.0	8.86	4546.0	7.33
15420	8408.2	65.50550	11280.2	101.49914	23116.5	71.67112	2639.0	8.59	4710.0	7.09
15440	8551.4	68.22941	11303.1	100.98518	22950.4	70.29002	2892.0	8.70	4720.0	7.32
15460	8804.2	67.82491	11043.4	101.76077	22957.3	66.87759	3010.0	8.74	4612.0	7.33
15480	8760.3	68.72445	11405.3	103.61999	22639.4	67.51471	3069.0	8.94	4828.0	7.48
15500	9203.8	66.66164	11464.2	103.26845	22136.4	65.21005	3194.0	8.95	4831.0	7.41
15520	8438.6	69.60260	11330.3	103.27871	23036.4	68.09474	3091.0	8.88	4983.0	7.49
15540	8759.2	67.44538	11078.7	106.22082	22967.4	68.77965	3111.0	9.03	5070.0	7.36
15560	9146.9	66.97660	10638.7	102.18744	23019.4	68.22059	3380.0	8.74	4722.0	7.29
15580	9037.9	66.24942	11235.1	99.41272	22531.5	69.11402	3327.0	8.61	4903.0	7.20
15600	9133.1	69.32912	11425.1	101.83815	22246.4	66.85088	3026.0	8.92	4443.0	7.56
15620	9018.9	66.42407	11561.9	99.25803	22223.3	63.78188	2671.0	8.68	4316.0	7.28
15640	9288.8	67.56205	11520.0	100.49262	21995.4	66.83275	2898.0	8.83	4298.0	7.45
15660	9058.0	67.64737	11123.5	104.25250	22623.4	67.92753	3042.0	8.96	4598.0	7.42
15680	8991.7	63.68327	11002.5	103.15895	22810.5	71.16461	2872.0	8.74	4713.0	7.04
15700	9064.7	64.56740	10697.1	107.87093	23043.5	71.87303	2808.0	9.00	4725.0	7.12
15720	8887.0	66.80110	10776.2	110.81092	23142.4	69.52440	2824.0	9.28	4852.0	7.36
15740	8878.9	65.57768	11090.6	104.83500	22835.4	68.02697	2893.0	8.92	4905.0	7.22
15760	9252.6	64.91464	11111.2	100.24650	22440.3	65.05261	2947.0	8.63	4320.0	7.16
15780	9213.6	64.71641	11044.0	97.09507	22546.5	69.70304	3056.0	8.42	4326.0	7.06
15800	9081.7	64.90294	11268.5	105.47466	22454.4	66.21476	2584.0	8.99	4510.0	7.23
15820	9239.8	66.51336	11004.5	103.40750	22560.3	65.84696	2933.0	8.88	4400.0	7.32
15840	8983.0	67.24064	11099.7	107.14312	22722.4	67.89012	2871.0	9.13	4800.0	7.37
15860	9146.8	66.12165	10988.8	107.10995	22669.3	66.42073	2890.0	9.07	4706.0	7.31
15880	8943.9	65.93934	11750.9	101.28656	22109.4	66.37453	2880.0	8.82	4891.0	7.29
15900	9015.0	67.58721	11270.0	98.53030	22519.4	68.33205	3021.0	8.62	4421.0	7.33
15920	8844.5	72.43223	11497.1	102.36600	22463.4	67.12992	3115.0	9.00	4593.0	7.77
15940	8489.6	70.57919	11966.6	99.41655	22348.3	63.92277	2909.0	8.79	4752.0	7.59
15960	9068.2	70.56083	11640.8	98.84284	22095.4	65.73654	3014.0	8.77	4377.0	7.61
15980	9052.3	71.62244	11681.6	96.34228	22070.4	65.22758	2964.0	8.63	4024.0	7.67
16000	9104.2	70.81549	11667.8	99.30673	22032.3	63.33753	3092.0	8.84	4414.0	7.68
16020	9223.0	69.70563	11596.6	96.13739	21984.4	65.52081	3323.0	8.60	4493.0	7.55
16040	9101.1	69.56128	11678.6	95.88748	22024.4	65.74753	3338.0	8.59	4577.0	7.51
16060	8946.3	70.34764	11861.7	99.96413	21996.4	66.21895	3143.0	8.87	4735.0	7.64
16080	8974.4	71.51291	11744.0	102.26205	22086.4	65.55929	3057.0	9.06	4549.0	7.77
16100	8962.5	72.75598	11790.9	101.68154	22051.4	65.76813	2955.0	9.08	4390.0	7.87
16120	9204.9	67.83902	11175.7	106.91537	22424.3	65.52493	2786.0	9.18	4429.0	7.52
16140	9232.8	67.33137	11166.2	100.98116	22405.4	66.42840	3011.0	8.78	4338.0	7.37
16160	9466.8	68.33994	10873.8	105.92923	22464.3	65.97925	3256.0	9.13	4495.0	7.54
16180	9394.6	66.31999	10773.9	106.91215	22636.3	64.20207	3485.0	9.08	4867.0	7.33
16200	8945.0	66.84391	11303.4	105.14592	22556.3	65.51577	3284.0	8.99	5180.0	7.35
16220	8875.9	65.15340	11622.0	101.36050	22306.4	65.99775	3319.0	8.73	5322.0	7.15
16240	8519.3	67.13832	11687.6	96.64974	22597.4	68.19138	3262.0	8.42	5193.0	7.18
16260	9031.0	67.23537	11864.8	101.06629	21908.4	64.58053	3213.0	8.85	5084.0	7.39
16280	8969.2	69.13567	12035.8	101.73090	21799.4	65.89779	3303.0	9.02	5255.0	7.59
16300	8692.2	67.33471	12295.6	101.63313	21816.3	61.41236	2876.0	8.97	5289.0	7.44
16320	8489.8	72.57556	11995.9	102.99236	22319.3	63.95261	3388.0	9.10	5397.0	7.80
16340	9019.1	69.35467	11863.9	102.12792	21921.4	64.66818	3491.0	9.01	5236.0	7.62
16360	9127.7	65.33860	11665.9	100.45995	22010.5	68.47363	3616.0	8.77	5483.0	7.27
16380	9334.4	62.49278	11911.9	102.08702	21557.6	68.75341	3158.0	8.93	5297.0	7.13
16400	9311.5	64.36749	11868.0	103.13217	21624.4	63.72147	3021.0	9.01	5165.0	7.26
16420	9034.2	70.10814	11762.0	103.07983	22008.4	65.67380	3053.0	9.09	4755.0	7.69
16440	9070.0	68.55135	12195.8	103.38134	21538.4	63.77647	2756.0	9.19	4866.0	7.63
16460	9186.8	67.01016	12370.2	95.77592	21246.5	65.16746	3024.0	8.63	4774.0	7.43
16480	8741.3	69.39707	12077.4	97.34759	21985.4	67.12157	3167.0	8.69	4958.0	7.51
16500	8951.0	66.69711	11798.8	100.61743	22054.4	66.33560	3371.0	8.81	5247.0	7.34
16520	8901.9	65.76325	11866.8	100.85871	22035.5	67.87938	3108.0	8.85	5247.0	7.27
16540	9095.7	64.89826	11995.9	103.87849	21712.4	64.95020	3190.0	9.08	5383.0	7.33
16560	8992.8	65.53196	11875.1	105.45973	21936.4	66.22006	3267.0	9.15	5576.0	7.37
16580	8967.8	64.77005	11879.8	100.97599	21956.5	68.02882	3026.0	8.81	5166.0	7.22
16600	8490.4	67.44481	11748.2	105.52815	22566.4	67.32994	3042.0	9.08	5451.0	7.40
16620	8437.4	67.21393	11868.9	102.88716	22498.4	66.45409	2587.0	8.89	5022.0	7.33
16640	8652.0	65.26846	11642.9	100.60458	22509.4	67.53424	2582.0	8.70	4784.0	7.16
16660	9012.0	67.49084	11615.2	104.75545	22177.4	65.58268	2520.0	9.09	4447.0	7.48
16680	8876.9	65.43747	10850.6	103.53774	23077.4	68.58820	2822.0	8.77	4555.0	7.15
16700	8922.9	65.95910	10595.9	104.76922	23286.4	70.16802	2696.0	8.77	4320.0	7.15
16720	8634.0	65.27653	10987.2	98.59222	23183.4	70.19334	2636.0	8.41	4413.0	7.02
16740	8928.0	67.49830	11063.3	100.79173	22813.4	68.81015	2824.0	8.69	4404.0	7.30
16760	8606.3	67.97837	11168.5	105.23267	23030.3	65.99804	2638.0	8.95	4581.0	7.38
16780	8739.0	66.00411	11168.3	101.84770	22897.4	69.69243	2679.0	8.71	4622.0	7.18
16800	8680.0	64.70363	10971.4	100.92989	23153.5	71.36853	2674.0	8.53	4454.0	7.02
16820	8833.9	65.25751	11238.3	102.37398	22732.5	71.10123	2341.0	8.75	4254.0	7.16
16840	8783.0	65.39548	11017.7	106.42998	23004.3	67.41142	2272.0	8.96	4379.0	7.19
16860	8447.3	67.07459	11577.5	108.42834	22780.3	66.24455	2444.0	9.16	4906.0	7.38
16880	8470.6	69.75413	11406.3	104.78885	22928.3	66.82317	2420.0	8.99	4461.0	7.51
16900	9022.0	67.14546	11173.1	99.36963	22609.4	68.29142	2839.0	8.62	4224.0	7.29
16920	8704.3	69.05851	11262.2	100.88092	22838.4	68.46535	2825.0	8.76	4479.0	7.42
16940	9102.1	69.12777	11525.9	99.97649	22176.3	65.15282	2913.0	8.83	4459.0	7.53
16960	9146.7	64.96972	11193.5	104.89491	22464.4	68.31259	3002.0	8.94	4879.0	7.22
16980	9157.8	66.50757	11335.6	108.15409	22311.3	63.95214	2876.0	9.28	4828.0	7.42
17000	9166.7	64.76786	11591.6	109.91523	22046.3	64.15965	2751.0	9.37	5147.0	7.33
17020	8951.4	60.69338	11806.4	108.57703	22046.3	63.99444	2695.0	9.19	5664.0	6.97
17040	8613.1	65.57448	12242.4	113.75271	21949.3	63.46378	2355.0	9.70	5450.0	7.48
17060	8882.8	63.97883	12272.6	101.86254	21648.3	62.67204	2540.0	8.91	5062.0	7.20
17080	9146.6	63.85836	11859.4	109.29393	21798.3	62.01259	2729.0	9.37	5243.0	7.32
17100	8938.7	63.93890	11862.1	105.40305	22003.3	63.57090	2716.0	9.07	5012.0	7.23
17120	8929.8	64.23321	11755.2	106.10534	22119.2	61.55949	2700.0	9.10	5144.0	7.22
17140	8728.9	64.40728	12004.9	104.08608	22070.3	64.61109	2533.0	8.99	5156.0	7.19
17160	8819.7	62.71142	11654.6	110.21777	22330.4	65.85041	2658.0	9.28	5447.0	7.11
17180	8585.0	64.28964	12039.1	106.82723	22180.3	64.01507	2321.0	9.17	5261.0	7.22
17200	8520.1	65.17157	12056.5	112.67020	22228.3	65.17119	2426.0	9.55	5479.0	7.38
17220	8141.3	64.33340	12195.2	109.15887	22468.4	67.04931	2399.0	9.23	5742.0	7.18
17240	8211.1	62.61923	12561.6	102.88879	22031.4	65.90963	2405.0	8.86	5562.0	7.03
17260	8157.3	64.09525	12202.2	109.40009	22445.3	65.57750	2235.0	9.27	5660.0	7.20
17280	8922.7	63.84585	12203.2	110.07316	21678.4	64.26429	2724.0	9.47	5566.0	7.34
17300	8786.5	60.64386	12047.3	109.96865	21970.3	62.95711	2525.0	9.34	5623.0	7.05
17320	8719.5	60.16013	12240.0	106.78239	21844.4	65.84485	2278.0	9.12	5526.0	6.95
17340	8963.1	56.61345	12124.5	114.11057	21716.4	64.89841	2240.0	9.52	5912.0	6.76
17360	9114.2	58.85178	11527.8	112.25644	22162.3	64.50349	2269.0	9.37	5285.0	6.88
17380	8660.5	59.18895	12129.4	111.82956	22014.3	64.39674	1969.0	9.37	5500.0	6.89
17400	8979.0	56.45989	12093.6	114.57980	21731.4	65.92216	1977.0	9.55	5716.0	6.76
17420	8507.6	59.47172	12170.7	117.12431	22126.4	66.88676	1862.0	9.73	5812.0	6.98
17440	8605.6	60.70188	12289.6	116.79746	21909.4	65.63416	1811.0	9.83	5765.0	7.12
17460	8712.3	57.45861	12197.9	105.61326	21893.5	67.70755	1953.0	8.91	5363.0	6.65
17480	8645.5	59.58214	11793.4	109.80299	22365.4	68.39937	1803.0	9.18	5048.0	6.87
17500	8348.6	58.49911	11874.2	106.61547	22581.4	67.69466	1921.0	8.85	5385.0	6.65
17520	8447.8	61.62366	11858.2	106.19921	22498.4	66.33582	2164.0	8.97	5264.0	6.93
17540	8353.0	62.74832	11787.2	106.38040	22664.3	66.42561	2274.0	8.97	5316.0	7.00
17560	8250.1	62.93435	11561.7	111.46559	22993.4	68.59097	2368.0	9.23	5559.0	7.05
17580	8625.7	61.22761	11475.9	113.27572	22703.3	66.09294	2365.0	9.39	5514.0	7.01
17600	8510.7	60.23019	11765.3	107.72350	22528.4	66.96678	2358.0	9.02	5545.0	6.85
17620	8397.0	62.75050	12145.4	112.73337	22262.4	67.35287	2167.0	9.46	5612.0	7.16
17640	8368.0	62.50540	12011.0	104.81986	22425.4	66.91283	2544.0	8.92	5530.0	7.00
17660	8488.9	62.18766	11766.2	105.82434	22549.5	69.14306	2451.0	8.96	5369.0	6.96
17680	8659.5	59.57628	11643.7	112.15920	22501.4	66.92513	2367.0	9.28	5645.0	6.85
17700	8772.5	60.26649	12026.9	103.33902	22004.4	65.91618	2346.0	8.79	5226.0	6.85
17720	8925.7	63.99376	12069.1	106.61056	21809.4	65.37111	2268.0	9.20	4893.0	7.27
17740	8865.8	64.26921	12024.2	108.60549	21914.4	65.46173	2481.0	9.33	5251.0	7.31
17760	8774.8	63.98009	11760.2	105.25259	22269.4	66.43012	2521.0	9.02	4990.0	7.23
17780	8601.1	65.82474	11689.1	103.55748	22514.5	69.41261	2446.0	8.90	4800.0	7.22
17800	8350.2	64.89448	11657.4	107.37316	22797.4	68.22393	2439.0	9.10	5253.0	7.18
17820	8206.3	64.98861	11749.2	105.21439	22849.5	71.12023	2317.0	8.92	5213.0	7.13
17840	8138.3	63.79774	11334.6	107.76453	23332.4	70.41875	2318.0	8.95	5214.0	7.00
17860	8182.3	64.57148	11335.3	103.18483	23287.4	69.75815	2230.0	8.66	4711.0	7.00
17880	8567.8	62.49479	11255.6	107.13477	22981.4	68.65127	2162.0	8.92	4808.0	6.96
17900	8430.3	66.30032	11848.2	106.08187	22526.4	68.62600	2363.0	9.09	4963.0	7.32
17920	8518.9	62.40947	11923.1	105.72906	22362.4	66.01665	2294.0	8.98	5222.0	7.02
17940	8645.0	64.68376	12062.1	106.47428	22097.3	64.29969	2331.0	9.14	5096.0	7.24
17960	8552.9	63.10417	12234.9	105.72692	22016.3	64.47860	2533.0	9.10	5688.0	7.13
17980	8767.7	62.50205	12369.9	106.23985	21666.4	64.36802	2692.0	9.17	5729.0	7.13
18000	8613.9	63.23833	12726.5	103.27482	21463.4	63.43978	2434.0	9.06	5567.0	7.20
18020	8698.8	63.31732	12575.6	103.11796	21529.3	62.39076	2482.0	9.01	5400.0	7.19
18040	8479.1	64.39792	12414.8	104.90647	21910.3	63.96683	2400.0	9.09	5403.0	7.24
18060	8437.3	66.50665	12335.9	106.76226	22031.4	66.01254	2556.0	9.25	5405.0	7.45
18080	8354.4	67.11065	12454.2	111.74044	21996.4	65.32842	2476.0	9.61	5692.0	7.57
18100	8051.4	64.87104	12491.2	111.70084	22262.5	69.61997	2323.0	9.50	6023.0	7.31
18120	8650.7	61.77360	12303.2	110.43924	21850.4	66.14730	2292.0	9.38	5672.0	7.12
18140	8044.9	59.22719	12312.4	113.61929	22447.4	67.37074	2285.0	9.41	6432.0	6.83
18160	7762.3	60.68635	12366.4	115.10622	22676.4	67.44099	2283.0	9.49	6617.0	6.93
18180	8280.7	58.87039	12863.9	111.48830	21659.4	65.04335	2083.0	9.42	6261.0	6.88
18200	8358.6	58.69117	12280.5	115.18664	22165.3	64.01598	2061.0	9.51	6091.0	6.86
18220	8326.6	58.24766	12674.0	110.63887	21803.4	65.92428	2096.0	9.31	6182.0	6.81
18240	8170.5	56.23961	13023.9	112.96589	21609.4	63.73030	1766.0	9.43	6354.0	6.68
18260	8442.4	56.56105	12447.4	115.11825	21914.5	67.20538	2104.0	9.51	6303.0	6.70
18280	8455.3	56.43078	12427.3	112.74575	21921.3	63.93219	2191.0	9.38	6354.0	6.67
18300	8503.4	57.62807	12556.1	111.46074	21744.5	66.84455	2230.0	9.36	6188.0	6.79
18320	8277.5	56.52814	12704.8	107.46309	21821.5	68.17192	2359.0	9.04	6496.0	6.60
18340	8194.8	59.01539	12916.7	108.45868	21692.4	64.74504	2317.0	9.21	6575.0	6.82
18360	8257.7	58.81423	12760.9	109.66269	21785.3	63.58112	2551.0	9.27	6587.0	6.83
18380	8146.1	62.53075	12527.4	116.09656	22131.3	64.11047	2468.0	9.76	6565.0	7.20
18400	8262.9	60.86851	13128.8	111.53958	21412.3	61.79458	2554.0	9.56	6729.0	7.12
18420	8392.8	60.39961	13152.0	114.76011	21259.4	63.31318	2619.0	9.78	6951.0	7.12
18440	8208.0	61.65874	13585.6	111.95279	21010.4	62.88531	2546.0	9.72	6869.0	7.24
18460	8478.6	59.83041	13043.7	109.80866	21281.4	63.58135	2539.0	9.45	6673.0	7.00
18480	8381.5	57.91096	13363.4	107.24074	21058.4	62.77666	2441.0	9.25	6686.0	6.82
18500	8463.5	58.13293	13095.4	121.62843	21245.4	63.25165	2501.0	10.20	7284.0	7.02
18520	8236.3	54.32563	13073.7	125.10705	21494.3	62.19649	2216.0	10.22	7472.0	6.70
18540	8018.7	56.80180	13243.4	122.62791	21542.4	65.23190	2141.0	10.15	7370.0	6.88
18560	8203.1	52.58035	12812.4	117.97598	21788.5	66.94304	2154.0	9.60	7272.0	6.41
18580	7891.6	54.92679	12760.2	115.63248	22152.4	65.92409	2151.0	9.47	7115.0	6.53
18600	8277.3	55.03983	12629.2	113.06999	21897.5	67.55275	2013.0	9.34	6591.0	6.54
18620	8145.6	57.20508	12922.9	111.39046	21735.4	66.14694	1996.0	9.33	6499.0	6.73
18640	8096.7	57.26920	12770.4	117.47187	21937.5	67.52294	2124.0	9.73	6814.0	6.81
18660	8231.5	56.89890	13215.6	108.84914	21356.3	62.28098	2053.0	9.27	6568.0	6.72
18680	8419.3	56.27413	12860.2	116.06763	21524.4	65.21658	2139.0	9.67	6705.0	6.74
18700	8356.4	56.25469	13273.0	115.72198	21174.4	62.41592	2145.0	9.76	6932.0	6.79
18720	8455.2	55.11882	13253.8	112.16246	21094.4	62.44301	2224.0	9.50	6839.0	6.66
18740	8568.2	55.72543	13024.9	112.15194	21210.4	62.56707	2154.0	9.47	6588.0	6.68
18760	8545.7	61.14110	12473.2	112.02597	21785.3	63.53215	2412.0	9.48	6151.0	7.06
18780	8298.8	60.28194	12504.4	115.28609	22001.4	64.97302	2155.0	9.64	6308.0	7.00
18800	8260.7	58.75704	12618.3	114.96243	21925.3	63.61471	1960.0	9.59	6208.0	6.90
18820	8136.8	59.22557	12333.7	119.49783	22334.3	63.77841	2110.0	9.82	6534.0	6.97
18840	8491.8	61.16551	12514.4	115.27174	21798.4	65.16804	2064.0	9.73	6084.0	7.12
18860	8717.6	60.75316	12284.2	110.19983	21802.4	64.77386	2057.0	9.35	5376.0	7.03
18880	8417.9	62.03798	11971.4	111.39851	22415.3	65.64668	2063.0	9.34	5571.0	7.05
18900	8700.9	63.73862	12273.1	108.58706	21830.3	63.61709	2172.0	9.34	5310.0	7.25
18920	8581.9	63.45262	12126.7	102.15012	22095.4	65.71480	2349.0	8.86	5045.0	7.09
18940	8794.5	60.93237	11906.6	98.52741	22102.5	68.47402	2312.0	8.51	4833.0	6.85
18960	8444.8	61.01097	12065.8	102.16657	22293.5	69.25468	2075.0	8.72	5081.0	6.84
18980	8541.8	62.02045	11724.9	101.85769	22537.4	68.09127	2337.0	8.65	5015.0	6.88
19000	8413.2	65.13728	11581.2	103.64408	22810.5	70.62121	2370.0	8.87	4850.0	7.18
19020	8050.3	63.90985	11490.1	102.48360	23264.4	69.02125	2592.0	8.66	5293.0	6.97
19040	8123.7	68.15562	11769.1	104.93233	22912.4	69.02609	2669.0	8.95	5205.0	7.35
19060	8414.2	65.58974	11708.3	106.49723	22682.4	68.67715	2245.0	9.07	4976.0	7.25
19080	8838.7	62.53033	11772.2	106.46605	22193.4	67.06599	2291.0	9.05	4985.0	7.07
19100	8271.3	64.82913	11695.2	104.63216	22838.4	69.33287	2229.0	8.88	5016.0	7.11
19120	8513.2	66.40932	11330.8	110.53897	22961.3	66.61399	2271.0	9.28	4790.0	7.33
19140	8411.0	63.52287	11404.2	102.16710	22989.4	69.57373	2242.0	8.65	4689.0	6.96
19160	8287.2	64.48042	11131.7	107.51004	23386.4	69.52421	2257.0	8.93	4826.0	7.08
19180	8112.3	64.09237	10904.8	106.19184	23788.5	73.42342	2213.0	8.76	4828.0	6.95
19200	7923.5	64.35982	10832.7	104.04719	24049.5	75.23922	2161.0	8.57	4621.0	6.89
19220	8213.2	64.17515	11012.5	103.45978	23579.5	72.90284	1988.0	8.64	4484.0	6.94
19240	8196.5	66.24841	11314.7	108.26135	23294.4	69.35809	2192.0	9.07	4937.0	7.21
19260	8338.2	64.87891	11656.2	104.66144	22810.5	70.15966	1922.0	8.86	4550.0	7.12
19280	7856.7	65.89236	12073.7	101.70664	22874.5	70.77157	1728.0	8.69	4690.0	7.12
19300	8038.6	66.10401	12000.8	102.29207	22765.4	67.99827	1933.0	8.79	4724.0	7.23
19320	8109.6	66.46538	12055.7	100.81941	22639.5	70.10017	2037.0	8.68	4680.0	7.20
19340	8595.0	64.22125	11589.2	104.84595	22620.4	68.93151	2237.0	8.94	4860.0	7.11
19360	8465.9	62.23713	11453.0	100.83242	22885.4	69.13175	2313.0	8.54	4806.0	6.82
19380	8383.1	64.47060	11499.1	102.63562	22922.4	69.75681	2204.0	8.69	4683.0	7.02
19400	8354.1	63.49720	11555.1	102.09240	22895.4	68.53776	1980.0	8.67	4619.0	6.99
19420	8016.6	66.07352	11049.7	106.20853	23739.4	71.95153	1795.0	8.80	4289.0	7.11
19440	8334.9	61.87420	10593.0	106.49415	23877.4	71.97263	2000.0	8.69	4540.0	6.77
19460	8810.8	63.78418	10629.2	108.90770	23365.4	70.73191	1944.0	8.97	4079.0	7.05
19480	8241.3	65.35642	10844.0	108.10943	23720.4	72.12383	1919.0	8.93	4276.0	7.12
19500	8434.1	64.42231	10295.1	104.46000	24076.4	71.03568	2123.0	8.58	4108.0	6.91
19520	8297.2	64.58765	10701.0	107.35677	23807.4	71.99017	1911.0	8.80	4316.0	6.99
19540	8240.5	66.65677	10414.2	106.93978	24151.4	71.93958	1910.0	8.78	3946.0	7.11
19560	8351.4	66.33796	10632.8	104.06906	23821.4	72.38105	2003.0	8.65	3882.0	7.08
19580	8075.6	66.98753	10499.6	99.66629	24230.4	73.23190	1821.0	8.30	3568.0	7.01
19600	8405.2	64.97208	10441.6	99.80646	23958.5	75.66618	1836.0	8.33	3569.0	6.90
19620	8241.4	65.48413	10589.9	104.26387	23974.5	74.22216	1818.0	8.62	3863.0	7.00
19640	8168.3	64.34543	10567.0	105.84657	24070.5	75.82523	1676.0	8.66	4020.0	6.91
19660	8392.9	61.85716	10903.3	99.85333	23508.5	73.34508	1766.0	8.34	3961.0	6.74
19680	8770.8	63.95140	10883.5	102.49233	23150.4	70.47953	2035.0	8.61	3915.0	6.98
19700	8029.6	66.36681	11623.0	101.73864	23152.5	71.74910	1970.0	8.66	4479.0	7.15
19720	7765.1	69.37102	11628.9	100.16297	23411.4	69.65740	2019.0	8.58	4341.0	7.32
19740	8024.0	70.52939	11470.0	100.43030	23311.5	71.45367	2077.0	8.66	4127.0	7.44
19760	8154.6	66.93979	11673.7	98.31976	22976.3	66.46240	2053.0	8.49	4331.0	7.16
19780	8055.8	68.55454	11634.7	97.57610	23114.5	70.93337	2053.0	8.44	4210.0	7.22
19800	7830.2	70.84731	11531.9	99.67942	23443.4	69.76042	1965.0	8.58	4071.0	7.40
19820	8224.5	67.19911	11303.0	99.28811	23277.5	71.66603	1989.0	8.48	3899.0	7.17
19840	8351.5	67.41185	11429.1	101.50790	23024.4	68.57411	1800.0	8.67	3787.0	7.27
19860	8488.3	67.15174	11301.0	99.37709	23015.4	68.57170	1834.0	8.55	3608.0	7.23
19880	8172.9	70.47192	11511.1	101.92278	23121.5	71.53012	1884.0	8.76	3855.0	7.49
19900	8295.8	70.49428	11575.1	102.33014	22934.3	66.82420	2019.0	8.86	4066.0	7.53
19920	8252.5	67.09925	11328.0	99.16175	23224.4	68.98676	1858.0	8.51	3877.0	7.17
19940	8533.2	66.17302	11139.2	100.19150	23132.5	72.33838	1978.0	8.53	3807.0	7.12
19960	8479.6	69.49378	11010.4	102.29434	23315.4	69.31886	2091.0	8.70	3689.0	7.38
19980	8650.6	71.11423	11119.1	99.39553	23035.4	68.91967	2320.0	8.59	3554.0	7.50
20000	8187.9	71.02436	11808.4	94.17226	22808.4	68.45266	2492.0	8.35	4097.0	7.47
20020	8086.1	72.04713	11338.2	102.22364	23381.4	70.80950	2268.0	8.81	4091.0	7.57
20040	8261.4	66.46221	11246.1	100.38064	23297.4	70.45662	2374.0	8.53	4470.0	7.12
20060	8031.8	68.74364	11368.0	100.16052	23405.5	72.18487	2342.0	8.58	4436.0	7.28
20080	7888.7	66.39304	11415.1	100.70643	23501.4	69.50055	2085.0	8.53	4495.0	7.07
20100	8130.2	63.25735	11457.8	96.94306	23216.4	68.40589	1934.0	8.23	4286.0	6.81
20120	8528.2	66.31780	10923.9	108.35883	23353.4	69.52027	1810.0	9.02	4028.0	7.24
20140	8648.3	67.80424	11036.0	110.25557	23121.4	69.69842	1955.0	9.26	4169.0	7.44
20160	8252.3	65.32386	10969.8	106.78620	23583.4	72.12321	2094.0	8.85	4481.0	7.10
20180	8579.4	68.90625	11143.7	107.36658	23082.4	68.10817	2210.0	9.12	4266.0	7.47
20200	8298.4	66.30681	11510.2	102.94070	22996.4	68.27903	2246.0	8.80	4686.0	7.21
20220	8527.4	68.69525	11783.9	102.27297	22493.4	67.56396	2276.0	8.90	4450.0	7.46
20240	8229.6	67.46134	11170.4	103.53120	23405.4	69.41619	2060.0	8.78	4303.0	7.24
20260	8287.3	65.55543	11018.7	106.30545	23499.5	72.04592	2059.0	8.86	4460.0	7.10
20280	8497.7	61.03850	11210.5	104.93471	23096.4	69.13125	1914.0	8.75	4680.0	6.79
20300	8536.8	62.00739	11219.8	109.55403	23048.4	69.63776	2008.0	9.01	4833.0	6.93
20320	8610.7	61.38220	11425.6	108.51719	22768.4	69.65041	1785.0	9.00	4686.0	6.91
20340	8449.8	61.64788	11085.5	103.53101	23269.4	69.73564	1896.0	8.58	4409.0	6.77
20360	8379.9	61.80172	11171.5	104.46382	23253.4	71.14530	2082.0	8.68	4759.0	6.81
20380	8430.8	61.47606	11309.7	108.96833	23064.4	70.59203	1999.0	9.01	4970.0	6.87
20400	8482.8	61.07389	11616.1	103.46597	22705.5	70.48526	1990.0	8.74	4882.0	6.82
20420	8423.1	64.72106	11653.2	105.26963	22728.5	70.81516	2214.0	8.93	4903.0	7.13
20440	8881.5	60.78698	11762.0	103.52989	22160.4	67.39068	2269.0	8.81	4990.0	6.86
20460	8408.0	62.91419	11988.0	104.87362	22408.5	69.67458	2168.0	8.90	5128.0	7.02
20480	8635.9	63.78767	11342.8	110.39494	22826.4	69.04366	2223.0	9.22	4912.0	7.14
20500	8409.0	63.33242	11283.9	111.92262	23112.3	65.91194	2104.0	9.26	5078.0	7.10
20520	8310.1	63.89768	10894.8	106.62842	23600.4	70.67693	2211.0	8.83	4719.0	6.97
20540	8507.9	63.16350	11263.3	103.46796	23033.4	70.00778	2138.0	8.69	4611.0	6.95
20560	7985.3	63.15037	11579.6	109.68933	23240.5	71.61985	1917.0	9.04	5198.0	6.99
20580	8084.0	60.91481	11376.6	108.22424	23344.4	70.77835	1811.0	8.90	5107.0	6.80
20600	8259.8	60.30057	11527.4	106.73425	23017.5	71.49580	1736.0	8.84	4913.0	6.75
20620	8122.0	60.90909	11978.2	108.35030	22704.4	68.65718	1536.0	9.04	5055.0	6.88
20640	8069.9	59.75808	12063.1	106.79000	22671.5	70.88232	1567.0	8.89	5137.0	6.75
20660	8264.7	59.02856	11788.6	111.34594	22751.4	68.02319	1590.0	9.16	5270.0	6.77
20680	8273.5	57.30369	11905.4	109.56253	22625.5	69.72303	1443.0	8.98	5250.0	6.58
20700	8081.9	59.46672	11614.9	115.37852	23108.4	70.69810	1250.0	9.35	5178.0	6.78
20720	8333.5	56.94033	11594.8	113.02313	22876.5	70.31038	1211.0	9.15	5102.0	6.59
20740	8348.4	56.39618	11782.0	117.34587	22674.4	68.65248	1019.0	9.48	5280.0	6.62
20760	8149.7	57.76520	11796.8	115.22842	22858.4	67.36616	1158.0	9.35	5255.0	6.69
20780	7951.0	59.67893	11972.5	112.07591	22881.3	65.91207	1097.0	9.19	5047.0	6.79
20800	8112.9	59.68832	11671.9	114.98651	23020.4	70.29795	1245.0	9.35	5062.0	6.82
20820	7740.1	59.23424	11581.5	108.79106	23483.5	72.00691	1302.0	8.85	5181.0	6.63
20840	7654.3	60.02782	11223.0	112.43371	23928.4	72.80169	1501.0	9.04	5362.0	6.68
20860	7690.0	57.67205	11175.2	113.98806	23940.4	72.85789	1423.0	9.05	5491.0	6.50
20880	7902.6	55.57720	11680.7	113.15137	23221.5	72.64289	1338.0	9.06	5681.0	6.40
20900	7860.4	53.43987	11727.0	116.69910	23217.4	69.28376	1464.0	9.24	6267.0	6.27
20920	8055.4	54.74623	11905.7	114.93090	22843.5	71.63547	1507.0	9.22	5954.0	6.40
20940	8161.2	52.94444	11450.7	109.87776	23192.5	72.65623	1572.0	8.75	5709.0	6.14
20960	7947.6	55.78959	11404.0	114.58947	23453.4	71.49231	1348.0	9.10	5616.0	6.40
20980	7776.0	58.04855	11303.0	113.20947	23726.4	72.16702	1837.0	9.07	5776.0	6.58
21000	8108.9	59.40829	11270.3	116.69827	23426.4	70.48929	1694.0	9.38	5474.0	6.78
21020	8057.6	56.44625	11818.6	112.22089	22928.5	70.93430	1473.0	9.07	5563.0	6.51
21040	8221.6	57.24794	11708.7	113.37259	22874.5	70.57565	1548.0	9.18	5488.0	6.60
21060	8015.8	57.88532	11619.1	117.36891	23170.3	67.23860	1484.0	9.41	5640.0	6.68
21080	7921.6	55.82330	11732.2	119.67380	23151.4	68.63928	1358.0	9.52	5987.0	6.54
21100	8283.1	52.58444	11874.9	117.41997	22646.4	67.24796	1185.0	9.39	5976.0	6.28
21120	8110.4	55.25590	11632.3	120.44111	23062.4	69.09765	1460.0	9.58	6101.0	6.52
21140	7900.7	55.97992	11864.2	121.91413	23040.3	67.20200	1222.0	9.68	6110.0	6.57
21160	7696.6	54.35863	12369.8	120.16914	22738.4	67.78337	1257.0	9.62	6596.0	6.46
21180	8304.1	52.83726	12128.9	119.81972	22371.4	68.35314	1602.0	9.59	6443.0	6.38
21200	8399.1	53.49372	12026.2	123.79173	22379.4	66.46937	1590.0	9.82	6378.0	6.49
21220	8167.4	55.63371	11731.0	117.87461	22906.3	65.53972	1725.0	9.46	6209.0	6.54
21240	8429.5	57.99834	12166.3	126.14093	22209.3	63.51851	1581.0	10.22	6072.0	6.97
21260	8192.6	57.50470	12280.9	121.82442	22331.4	66.13753	1455.0	9.93	6056.0	6.85
21280	8427.5	58.08898	12303.4	113.79148	22073.4	65.93724	1578.0	9.44	5594.0	6.80
21300	8104.8	58.74902	12388.6	118.22449	22311.3	63.77838	1679.0	9.68	6001.0	6.89
21320	8429.5	58.00514	12305.8	120.51492	22069.4	65.06509	1586.0	9.91	5928.0	6.91
21340	8086.9	59.37234	12548.4	116.01171	22169.4	66.30900	1680.0	9.62	6013.0	6.93
21360	8231.6	57.50709	12295.3	111.80654	22277.4	67.20671	1682.0	9.27	5850.0	6.68
21380	8244.7	58.91561	12036.3	110.44289	22523.4	68.61614	1824.0	9.16	5639.0	6.76
21400	8165.9	60.05013	12402.5	116.68621	22236.4	66.74111	1838.0	9.67	6030.0	7.00
21420	8325.4	56.21137	12498.4	115.36808	21980.4	65.37633	1927.0	9.50	6374.0	6.67
21440	8300.5	57.12030	12745.3	116.87570	21758.4	66.42322	2030.0	9.75	6651.0	6.82
21460	8601.2	55.54672	12887.2	115.97205	21315.3	62.07841	2267.0	9.68	6678.0	6.73
21480	8473.4	56.79284	13225.0	115.53835	21105.3	61.26528	2168.0	9.75	6792.0	6.82
21500	8338.5	57.67792	13140.3	119.19756	21325.4	63.50099	2365.0	10.00	7107.0	6.95
21520	8198.5	56.07180	12746.1	113.06389	21859.3	63.65639	2318.0	9.36	6852.0	6.61
21540	8298.7	58.78274	12435.9	107.79052	22069.4	67.36339	2505.0	9.08	6264.0	6.77
21560	8221.5	56.83119	12585.9	109.35563	21996.4	66.35103	2372.0	9.17	6615.0	6.64
21580	8077.4	54.52157	12677.3	116.44997	22049.4	65.76138	2301.0	9.52	7087.0	6.53
21600	8217.3	54.70166	13133.8	112.41420	21452.5	66.00540	2198.0	9.38	7085.0	6.54
21620	7884.7	56.68145	12936.8	109.67935	21982.4	67.25349	2163.0	9.16	6738.0	6.61
21640	8189.7	58.33556	12845.1	114.78382	21769.4	66.15826	2232.0	9.60	6651.0	6.86
21660	8303.7	59.67224	12831.8	109.77464	21668.4	64.77875	2362.0	9.35	6388.0	6.94
21680	8510.7	60.89292	12746.2	114.65694	21547.4	65.45344	2231.0	9.70	6191.0	7.11
21700	8550.5	58.88959	12712.9	110.17849	21540.3	63.29260	2254.0	9.37	6231.0	6.88
21720	8663.5	60.03812	12608.3	115.71378	21532.4	63.63166	2188.0	9.78	6057.0	7.09
21740	8002.2	62.52072	13038.8	110.84721	21763.4	63.98472	2385.0	9.47	6499.0	7.17
21760	8469.9	62.57568	12954.6	107.42806	21379.4	63.93924	2404.0	9.33	5922.0	7.21
21780	8621.8	62.21315	12872.8	109.14211	21309.4	63.10740	2480.0	9.50	6111.0	7.22
21800	8370.0	62.50180	13043.7	108.82126	21390.4	65.31366	2045.0	9.39	5898.0	7.18
21820	8506.8	62.20202	12761.5	104.42510	21535.4	65.15129	2392.0	9.08	5758.0	7.09
21840	8501.7	60.91265	12617.4	100.44427	21684.4	66.12943	2492.0	8.74	5720.0	6.91
21860	8769.8	63.37877	11829.3	107.24286	22205.4	65.61474	2542.0	9.14	5268.0	7.15
21880	8894.7	63.61147	12172.9	105.39695	21736.5	67.29999	2598.0	9.14	5289.0	7.20
21900	8556.0	64.35043	11839.1	105.55502	22409.4	68.38789	2669.0	9.02	5399.0	7.17
21920	8931.8	64.42323	11983.9	103.79485	21888.4	66.11274	2530.0	8.97	4902.0	7.21
21940	8774.7	62.03995	12169.2	109.30228	21860.3	62.53743	2470.0	9.30	5504.0	7.13
21960	8773.4	59.26166	12703.8	108.38678	21326.4	64.14045	2441.0	9.28	6067.0	6.93
21980	8876.4	59.64319	12365.4	114.99177	21562.4	63.46120	2561.0	9.69	6280.0	7.04
22000	8907.2	58.05724	12245.5	114.49616	21651.5	67.48310	2486.0	9.64	6171.0	6.90
22020	8846.3	58.68782	12327.5	115.37950	21630.4	64.51551	2569.0	9.69	6263.0	6.97
22040	8974.2	58.75393	12434.4	114.54679	21395.3	62.46253	2570.0	9.66	6214.0	6.99
22060	9084.3	59.93786	12440.4	114.64697	21279.4	64.24666	2622.0	9.75	6112.0	7.13
22080	8647.5	59.59649	13096.9	113.73468	21059.4	63.37952	2404.0	9.76	6388.0	7.12
22100	8891.3	59.47709	12682.0	111.04633	21230.4	64.57973	2769.0	9.52	6388.0	7.03
22120	9489.3	62.54159	12815.0	112.32890	20499.3	59.00348	2929.0	9.90	5982.0	7.46
22140	9599.4	64.24881	13008.8	109.99876	20195.3	58.99094	2934.0	9.84	5824.0	7.62
22160	9325.3	61.84826	13020.7	109.16329	20457.2	57.05582	3055.0	9.64	6119.0	7.36
22180	9187.5	63.46942	13323.5	108.07786	20292.3	59.48086	2830.0	9.67	6106.0	7.48
22200	9233.5	63.28174	12728.6	105.49680	20841.4	61.68522	3347.0	9.33	6184.0	7.31
22220	8821.8	64.03346	12839.7	108.05948	21142.4	63.44628	3049.0	9.50	6216.0	7.40
22240	8822.5	60.73842	13201.4	104.83731	20779.3	60.38292	3052.0	9.23	6539.0	7.11
22260	8822.5	60.94579	13002.8	110.51621	20978.5	64.40038	2997.0	9.58	6585.0	7.18
22280	9055.2	58.36320	13028.9	111.98011	20719.4	61.26310	2962.0	9.65	6765.0	7.01
22300	8800.6	61.20233	12797.9	110.45494	21205.4	62.89116	3336.0	9.58	6927.0	7.16
22320	8751.5	59.66462	12547.1	110.94705	21505.3	62.58360	3286.0	9.45	6874.0	6.99
22340	8814.4	59.52104	12823.8	108.52835	21165.3	61.86544	3157.0	9.37	6781.0	6.98
22360	9122.5	62.26808	12709.6	104.72442	20971.5	64.95894	3592.0	9.23	6535.0	7.20
22380	8761.6	61.50041	12917.9	111.74029	21124.4	63.57082	3076.0	9.66	6703.0	7.24
22400	8913.3	58.75777	12413.3	113.79526	21477.4	65.10305	2865.0	9.66	6584.0	7.00
22420	9024.3	59.68263	12521.4	115.46399	21258.4	63.72539	2878.0	9.83	6506.0	7.15
22440	9413.9	57.80296	13018.6	107.48660	20370.4	61.12618	2963.0	9.41	6532.0	6.93
22460	9081.1	58.24373	12682.0	110.64886	21040.4	62.92031	3101.0	9.46	6645.0	6.94
22480	9038.3	59.54768	12592.3	114.59617	21173.4	63.40964	3256.0	9.79	6786.0	7.11
22500	9045.1	57.44848	12683.0	111.61545	21075.4	62.65732	3321.0	9.53	6956.0	6.87
22520	9218.0	58.05702	12716.9	110.17836	20868.4	62.72158	3132.0	9.50	6638.0	6.93
22540	8889.5	61.00495	12823.7	107.45782	21090.4	63.89520	3014.0	9.36	6362.0	7.11
22560	8948.4	60.04722	12783.7	107.24021	21071.5	65.06558	3038.0	9.29	6423.0	7.04
22580	8907.2	57.93401	13275.5	107.92486	20620.5	63.40329	2934.0	9.38	6678.0	6.93
22600	9064.2	59.16590	12594.1	112.03431	21145.3	61.32257	2780.0	9.58	6308.0	7.00
22620	8825.2	57.58974	13072.3	119.89087	20906.4	62.77305	2305.0	10.13	6639.0	7.05
22640	8857.5	61.38707	13333.7	111.15311	20612.4	61.15426	2688.0	9.74	6460.0	7.31
22660	9075.1	57.88804	13654.2	105.77651	20073.4	61.04248	2432.0	9.37	6164.0	7.00
22680	8735.6	61.53269	13026.7	108.52572	21041.4	63.89956	2789.0	9.45	6371.0	7.21
22700	8964.5	62.21629	12985.6	106.90242	20853.4	63.19788	2914.0	9.38	6072.0	7.26
22720	9071.5	62.57209	12562.6	103.22262	21169.5	65.73186	3217.0	9.11	6031.0	7.19
22740	9119.7	65.27988	12458.7	104.29004	21225.3	60.30384	3287.0	9.26	5730.0	7.47
22760	9475.4	63.70986	12323.8	105.45945	21004.3	61.25824	3690.0	9.33	6021.0	7.41
22780	9511.7	67.65748	12574.4	99.97915	20717.3	58.67679	3917.0	9.09	5849.0	7.65
22800	9686.5	66.19386	12361.7	104.04945	20755.3	59.81283	3959.0	9.36	5983.0	7.62
22820	9661.7	68.93768	12590.1	111.07781	20552.4	60.49431	3866.0	9.96	6030.0	8.00
22840	9525.4	64.52393	13125.3	103.17766	20152.4	60.20607	3482.0	9.41	5984.0	7.56
22860	9358.3	62.17288	13116.3	103.68854	20328.3	59.14856	3294.0	9.34	6213.0	7.31
22880	9185.7	65.64361	12876.9	110.32795	20741.3	60.23448	3383.0	9.77	6341.0	7.64
22900	8584.9	63.61543	13208.3	104.85628	21010.4	61.95557	3279.0	9.28	6591.0	7.31
22920	8627.2	66.74338	13224.2	101.91522	20952.4	63.00229	3373.0	9.22	6440.0	7.54
22940	9051.7	64.72342	13232.1	101.62888	20519.3	57.78575	3852.0	9.24	6611.0	7.50
22960	8949.9	66.38130	12853.4	102.98810	21000.3	61.05053	4046.0	9.24	6698.0	7.51
22980	9225.6	64.80005	12707.5	103.64526	20870.4	63.45052	3883.0	9.28	6545.0	7.44
23000	9152.5	63.20814	12635.6	104.56412	21015.4	62.16132	3646.0	9.24	6307.0	7.29
23020	9016.7	64.64140	12939.3	102.69420	20847.4	62.86438	3643.0	9.22	6404.0	7.44
23040	8717.8	63.49256	12704.8	107.46268	21381.3	61.99343	3601.0	9.39	6742.0	7.30
23060	8431.1	64.50620	12040.1	107.18911	22333.4	66.11854	3721.0	9.16	6621.0	7.21
23080	8522.1	64.69981	12153.0	106.67309	22129.4	65.62982	3520.0	9.17	6463.0	7.27
23100	8296.1	63.06481	12304.8	104.44532	22203.3	64.69397	3216.0	8.96	6284.0	7.07
23120	8377.0	63.28529	12614.7	105.10701	21812.4	65.35764	2995.0	9.09	6250.0	7.13
23140	8659.1	65.94770	12333.2	110.70156	21812.5	68.81185	2976.0	9.54	5956.0	7.48
23160	8398.1	63.62845	12278.8	103.96214	22127.4	65.18234	2910.0	8.96	5857.0	7.13
23180	8144.2	63.31074	12306.9	106.90865	22353.3	64.86788	2982.0	9.13	6397.0	7.12
23200	8191.4	65.77604	11939.3	108.26202	22674.4	67.74876	3147.0	9.19	6127.0	7.27
23220	8405.2	64.88009	11351.7	108.69005	23048.4	69.11852	3033.0	9.11	5824.0	7.15
23240	8468.0	63.10573	11613.8	113.28146	22723.4	67.70925	2796.0	9.40	5844.0	7.16
23260	8851.5	61.23676	12027.0	104.90234	21925.3	63.37579	2676.0	8.98	5464.0	6.98
23280	8839.0	66.31924	12424.6	102.57383	21540.4	65.53231	2809.0	9.08	5333.0	7.43
23300	8849.1	67.62508	12284.5	100.51272	21670.4	64.48738	3262.0	8.94	5427.0	7.49
23320	9311.9	69.08001	12419.4	99.66532	21072.3	61.49223	3289.0	9.04	5102.0	7.72
23340	9147.2	70.77091	12777.4	101.89745	20879.3	60.17797	3435.0	9.26	5525.0	7.90
23360	9232.8	67.39240	12396.0	108.83913	21175.3	59.97138	3018.0	9.58	5505.0	7.69
23380	9227.4	62.26472	12045.1	106.29909	21531.4	64.61169	2955.0	9.18	5485.0	7.15
23400	9113.4	61.88494	12133.9	105.03492	21556.4	65.14685	2988.0	9.09	5590.0	7.10
23420	9027.9	66.54923	12071.2	108.67556	21705.3	63.13541	2897.0	9.42	5446.0	7.50
23440	8852.8	64.28981	12222.0	107.32355	21729.4	64.41015	3066.0	9.28	5805.0	7.31
23460	8754.9	64.30593	12247.9	106.09272	21801.3	62.96666	3090.0	9.23	5796.0	7.31
23480	8751.9	64.75378	12330.0	107.25158	21722.4	65.83808	3084.0	9.28	5810.0	7.35
23500	8628.2	67.37402	12070.8	102.77419	22105.4	66.23600	2953.0	8.97	5380.0	7.40
23520	8527.1	65.23749	12289.0	107.72314	21988.4	65.92291	2680.0	9.29	5771.0	7.33
23540	8478.3	66.94527	11881.0	104.23969	22445.4	67.32736	3040.0	9.04	5542.0	7.38
23560	8533.1	64.64278	12378.8	105.37099	21892.4	65.01035	2627.0	9.14	5569.0	7.29
23580	8824.9	65.53085	11931.2	107.00294	22048.3	62.52302	2822.0	9.19	5330.0	7.34
23600	8753.9	64.61278	11595.2	104.60438	22455.3	64.19880	2829.0	8.96	5133.0	7.19
23620	9229.5	63.86551	11619.3	106.22581	21955.3	63.07075	3016.0	9.13	5121.0	7.23
23640	9266.5	64.29957	11093.8	108.81579	22444.3	64.04903	3091.0	9.18	5025.0	7.22
23660	9326.6	64.88667	11560.4	107.63633	21917.3	63.53279	3346.0	9.26	5475.0	7.34
23680	9502.5	65.50997	11712.2	105.16049	21589.4	64.04170	3401.0	9.19	5245.0	7.44
23700	9530.4	64.20884	11482.8	97.32631	21790.4	65.04406	3457.0	8.59	5031.0	7.12
23720	9234.0	69.32930	11793.1	104.57381	21777.4	65.24545	3565.0	9.19	5216.0	7.68
23740	9599.6	66.79720	11875.0	103.33837	21329.3	61.91634	3726.0	9.14	5401.0	7.52
23760	9126.9	67.78347	12063.1	107.23119	21614.2	60.47020	3340.0	9.43	5658.0	7.63
23780	9351.6	65.65555	11738.8	100.52142	21713.4	65.35223	3019.0	8.86	4741.0	7.33
23800	9159.7	65.70717	11977.1	106.28232	21667.4	64.27349	2676.0	9.23	4927.0	7.42
23820	9283.5	64.42707	11704.4	107.63390	21816.3	62.63411	2883.0	9.29	5141.0	7.35
23840	9467.6	66.17645	11549.2	103.58085	21787.3	63.66386	3240.0	9.06	4790.0	7.43
23860	8891.0	66.47795	11254.6	106.97713	22659.2	63.72080	2837.0	9.10	4953.0	7.34
23880	9497.7	68.20373	11587.4	107.81205	21719.3	63.74350	3163.0	9.41	4874.0	7.67
23900	8804.9	65.37442	11254.6	107.01678	22745.4	67.31889	3275.0	9.11	5461.0	7.28
23920	8403.3	66.16790	11780.8	100.25046	22620.5	70.18220	2993.0	8.64	5304.0	7.17
23940	8971.0	67.49477	11512.9	99.57755	22320.4	67.24485	3176.0	8.69	4871.0	7.33
23960	9119.2	70.52078	11208.0	98.26950	22477.3	65.63803	3237.0	8.67	4392.0	7.53
23980	9026.1	69.40519	11070.2	99.43969	22708.3	66.63648	3468.0	8.65	4556.0	7.46
24000	9064.2	70.55926	11354.9	98.36383	22385.2	62.03237	3297.0	8.66	4480.0	7.57
24020	9349.1	71.16763	11439.8	97.78009	22015.4	67.28689	3566.0	8.73	4539.0	7.65
24040	9373.4	74.49019	11423.0	99.84133	22008.3	62.48018	3480.0	8.94	4199.0	7.97
24060	9434.4	75.21991	11404.7	95.76363	21965.4	66.94058	3579.0	8.71	4046.0	7.97
24080	9310.5	75.92098	11787.4	93.78770	21706.4	64.24070	3698.0	8.65	4286.0	8.03
24100	9669.3	76.22483	11712.2	91.49096	21422.3	62.78882	4108.0	8.51	4247.0	8.06
24120	10056.1	76.51954	11751.4	94.23585	20996.2	58.94104	4230.0	8.85	4276.0	8.26
24140	10059.9	74.29138	11752.6	96.98384	20991.2	58.27641	4459.0	8.99	4849.0	8.12
24160	10075.0	74.98118	11821.7	98.41014	20907.3	61.31683	4332.0	9.13	4770.0	8.22
24180	9874.8	72.11419	12255.0	92.57757	20673.3	60.45795	4148.0	8.68	4851.0	7.89
24200	9688.2	75.33790	12176.2	94.59363	20939.3	59.85248	4150.0	8.89	4859.0	8.18
24220	10131.8	74.04110	12331.9	91.26968	20339.3	57.93413	4231.0	8.70	4578.0	8.10
24240	10046.9	74.38726	12435.0	93.24383	20321.4	60.26568	4486.0	8.88	5053.0	8.18
24260	9989.0	75.47929	12588.6	87.62315	20225.4	60.10258	4928.0	8.48	5308.0	8.12
24280	10097.4	80.52225	12165.9	89.04528	20540.3	59.95611	5582.0	8.68	5404.0	8.55
24300	9981.3	78.66211	11984.0	89.37276	20838.3	60.68594	5735.0	8.57	5571.0	8.35
24320	9903.3	77.42823	12173.6	84.77792	20726.3	60.56869	5531.0	8.24	5445.0	8.13
24340	9823.5	79.51299	11680.3	92.13771	21300.4	63.56102	5376.0	8.71	5244.0	8.38
24360	10300.9	75.52504	11599.2	89.62669	20903.4	62.18996	5513.0	8.50	5138.0	8.08
24380	9788.2	75.53877	11685.1	88.91203	21330.3	61.31197	5259.0	8.37	5219.0	7.99
24400	10003.0	74.57931	11699.3	92.05880	21101.4	63.61969	5410.0	8.62	5467.0	8.00
24420	10187.9	74.81666	11342.4	91.22517	21273.4	62.94490	5279.0	8.52	4974.0	7.99
24440	9973.0	75.21698	11333.3	89.94276	21497.4	64.26684	5034.0	8.39	4795.0	7.96
24460	9952.2	76.90373	11011.6	90.62442	21840.4	66.25455	4963.0	8.39	4438.0	8.03
24480	10068.3	79.68857	11174.4	89.75357	21561.4	65.47743	5433.0	8.47	4681.0	8.30
24500	9928.7	83.18586	11516.9	85.50140	21358.4	63.13674	5415.0	8.25	4395.0	8.50
24520	10053.1	76.33834	11571.0	87.12694	21179.4	62.27536	5017.0	8.24	4548.0	8.05
24540	9594.1	72.86350	11302.3	88.42724	21907.3	63.48136	4556.0	8.16	4520.0	7.67
24560	9783.2	75.98727	11177.6	92.31608	21843.3	62.43732	4821.0	8.48	4650.0	7.97
24580	9822.1	75.43010	11049.6	91.22179	21932.3	64.28527	4804.0	8.40	4499.0	7.92
24600	9578.5	77.91472	11155.4	89.65249	22070.4	65.15233	4574.0	8.31	4305.0	8.03
24620	9704.4	77.05660	11039.5	89.15475	22060.3	64.46561	4619.0	8.24	4113.0	7.96
24640	9964.4	80.12948	11043.6	91.49047	21796.4	64.12372	4831.0	8.51	4112.0	8.29
24660	9606.7	79.99020	11407.3	90.14371	21790.5	67.62223	4491.0	8.47	4182.0	8.29
24680	9405.9	81.42559	11417.2	89.04467	21981.4	65.36144	4624.0	8.38	4265.0	8.31
24700	9569.5	77.42168	11267.1	85.56762	21967.4	65.57068	4410.0	8.03	3953.0	7.94
24720	9552.6	79.43383	11539.5	94.00041	21712.3	63.79943	4173.0	8.74	4212.0	8.33
24740	9751.4	77.62160	11791.0	88.23265	21261.4	64.17459	4217.0	8.38	4056.0	8.13
24760	9142.1	81.08394	11954.1	90.67523	21708.3	62.14234	4273.0	8.54	4342.0	8.38
24780	9415.5	77.01245	11126.4	88.39783	22262.2	62.22253	4457.0	8.18	4122.0	7.93
24800	9511.9	81.96774	11302.5	91.62090	21990.3	63.08870	4703.0	8.56	4342.0	8.38
24820	9813.4	78.78438	11386.9	84.64080	21603.3	63.35206	4916.0	8.07	4223.0	8.09
24840	9424.8	79.65809	11362.1	86.69157	22017.4	65.29975	4828.0	8.16	4432.0	8.10
24860	9456.7	79.73334	11130.3	87.48491	22217.4	65.40185	4704.0	8.18	4169.0	8.12
24880	10579.8	76.40581	10498.4	84.67058	21725.3	63.81416	5126.0	7.94	3668.0	7.88
24900	10843.7	77.10922	10693.6	88.74081	21266.4	63.79810	4842.0	8.31	3497.0	8.11
24920	10470.2	81.38346	11095.2	86.42381	21238.5	65.55290	5261.0	8.31	3905.0	8.42
24940	10473.3	82.03689	11310.0	85.31821	21020.4	61.81815	5125.0	8.26	3793.0	8.48
24960	10632.3	84.19909	10830.4	86.91997	21341.3	61.13211	5535.0	8.37	3820.0	8.64
24980	10677.1	81.63563	10939.3	85.84881	21187.3	60.44280	5305.0	8.22	3609.0	8.43
25000	10627.4	84.88218	11055.3	86.69038	21121.3	60.98153	5404.0	8.44	3774.0	8.72
25020	10622.6	88.30688	11082.1	84.48275	21099.3	61.29124	5624.0	8.32	3616.0	8.92
25040	10876.1	82.57173	11341.9	83.49840	20585.2	56.87885	5543.0	8.25	3810.0	8.62
25060	10866.0	81.39914	10909.3	85.82008	21028.3	60.33151	5825.0	8.26	4050.0	8.46
25080	10737.0	80.65405	10871.1	83.18034	21195.3	62.06269	5809.0	8.03	3965.0	8.27
25100	10277.6	85.35551	11029.2	85.28419	21497.3	62.15954	5653.0	8.28	4017.0	8.66
25120	10709.2	82.35645	11215.9	82.23394	20878.3	61.01238	5506.0	8.05	3758.0	8.45
25140	10904.0	81.97464	11060.2	85.81946	20839.3	59.97550	5706.0	8.35	4044.0	8.54
25160	11088.9	82.33168	10657.6	87.78470	21057.3	59.45095	6025.0	8.48	4137.0	8.60
25180	10705.3	84.51772	11045.2	85.73731	21053.3	60.03777	5567.0	8.36	3871.0	8.68
25200	10530.4	84.82937	10965.2	84.56118	21308.3	62.45823	5602.0	8.24	3999.0	8.62
25220	10469.3	82.55611	11408.8	82.21893	20925.3	59.31911	5874.0	8.06	4315.0	8.46
25240	10909.0	82.04084	10774.4	86.48989	21120.3	61.49445	6012.0	8.32	4239.0	8.49
25260	10804.9	79.14514	10745.3	85.28321	21253.4	62.75539	5943.0	8.13	4263.0	8.21
25280	10324.4	83.23930	11116.3	87.27015	21363.4	63.57764	5631.0	8.39	4300.0	8.55
25300	10194.5	82.82936	10943.1	84.08304	21666.4	63.88832	5985.0	8.09	4474.0	8.39
25320	10148.5	82.06210	10864.4	86.89932	21791.4	66.21167	6085.0	8.27	4836.0	8.37
25340	10027.3	79.49014	10960.1	84.18608	21816.5	67.52605	5986.0	7.95	4785.0	8.06
25360	9855.4	78.76680	10893.4	86.78718	22055.4	65.51270	5972.0	8.12	5101.0	8.05
25380	10176.3	80.04901	10707.6	87.70713	21920.4	64.83808	5834.0	8.21	4619.0	8.18
25400	10368.5	83.64010	11054.3	87.34632	21381.4	63.48980	5671.0	8.43	4433.0	8.60
25420	9711.7	81.42893	11249.3	88.97130	21843.4	64.22303	5600.0	8.43	4963.0	8.37
25440	9840.2	76.30916	11047.4	88.23932	21916.3	63.43108	5077.0	8.19	4496.0	7.93
25460	10056.2	78.17169	11371.6	93.58045	21376.4	63.92747	5006.0	8.72	4641.0	8.29
25480	10472.5	72.29899	11135.7	93.01284	21195.5	67.04669	5153.0	8.61	4801.0	7.88
25500	9894.9	72.59529	11397.7	95.11858	21511.4	65.06583	4684.0	8.69	4966.0	7.85
25520	9958.0	74.17976	11648.6	95.82003	21197.3	60.24360	4580.0	8.85	5038.0	8.02
25540	10048.9	73.84322	11655.3	91.24756	21099.3	61.14432	4758.0	8.51	4730.0	7.94
25560	9866.9	72.89044	11319.1	100.00485	21618.3	62.09433	4582.0	9.00	5160.0	7.92
25580	9795.0	73.16145	11845.6	97.57661	21163.4	62.67942	4447.0	8.93	5124.0	7.98
25600	9976.9	73.83999	12027.3	94.28206	20799.4	61.60995	4482.0	8.87	5043.0	8.08
25620	9680.9	70.84524	11974.4	95.30848	21148.4	64.11608	4184.0	8.74	5128.0	7.76
25640	9541.1	73.36472	12383.2	95.84355	20879.4	63.72283	4215.0	8.92	5324.0	8.03
25660	9213.3	72.69152	11891.4	94.76028	21699.4	63.81198	4238.0	8.62	5244.0	7.78
25680	8603.9	73.85543	11770.7	97.94214	22430.4	68.46847	3792.0	8.70	5124.0	7.76
25700	8917.3	69.70947	11589.7	96.90719	22297.4	66.07481	3506.0	8.58	4810.0	7.48
25720	9475.0	71.55809	11598.9	99.75054	21730.4	64.46800	3650.0	8.93	4663.0	7.79
25740	9286.8	67.84632	11662.9	100.09027	21854.4	65.62140	3479.0	8.84	4992.0	7.47
25760	8955.1	68.32325	11822.1	104.40208	22027.4	66.21768	3291.0	9.11	5335.0	7.53
25780	8873.9	65.34606	11694.0	102.95332	22236.3	64.75787	3419.0	8.94	5568.0	7.26
25800	9281.7	66.18712	12071.7	100.55419	21450.5	68.04524	3084.0	8.97	5035.0	7.43
25820	9272.8	67.25584	11893.7	99.35402	21637.4	64.60196	3450.0	8.80	5060.0	7.43
25840	9157.0	69.22971	12260.4	98.16366	21386.4	63.42668	3492.0	8.87	5126.0	7.60
25860	9062.1	69.11302	11723.7	98.89684	22018.3	64.21708	3384.0	8.80	4922.0	7.52
25880	9298.9	68.98699	11673.5	95.45826	21831.4	65.72662	3188.0	8.58	4412.0	7.49
25900	9008.4	72.28402	11705.9	100.51203	22090.4	64.98425	3275.0	8.97	4652.0	7.80
25920	8522.8	71.99885	12051.4	97.17534	22230.4	66.70144	3371.0	8.69	5067.0	7.67
25940	8912.3	70.40655	11778.6	97.22595	22113.4	66.24410	3423.0	8.68	4783.0	7.60
25960	8991.4	72.36522	11816.6	97.44526	21996.2	61.83035	3524.0	8.77	4750.0	7.78
25980	9096.4	72.93081	12008.4	96.51114	21699.4	64.05289	3668.0	8.76	4776.0	7.85
26000	9609.0	72.44592	11870.4	94.72431	21324.3	61.00080	3882.0	8.74	4764.0	7.83
26020	9761.1	74.13085	12082.9	103.89232	20960.4	62.32111	4121.0	9.47	5219.0	8.23
26040	9849.8	71.10878	12193.7	102.68118	20760.3	58.41235	4052.0	9.37	5350.0	8.00
26060	10034.6	69.65644	12391.2	95.41627	20377.3	59.21605	4076.0	8.92	5173.0	7.80
26080	10062.4	68.33210	12220.5	99.79176	20520.3	58.03738	3914.0	9.19	5192.0	7.82
26100	10050.4	67.95035	11933.8	100.95437	20819.4	62.39294	4033.0	9.17	5290.0	7.71
26120	9977.6	69.92863	11467.0	100.53021	21359.3	62.67513	4439.0	9.07	5342.0	7.76
26140	9953.7	71.00533	11495.8	98.22334	21354.4	62.82571	4578.0	8.90	5151.0	7.82
26160	9441.4	74.99138	11294.0	99.01852	22069.3	64.01235	4751.0	8.91	5451.0	7.98
26180	9608.2	74.67972	11407.8	96.46045	21788.3	63.68319	4853.0	8.81	5203.0	8.02
26200	9512.0	71.29785	11521.5	93.64303	21770.4	64.24473	4572.0	8.52	5130.0	7.66
26220	9773.9	72.16860	11227.1	100.22390	21803.4	64.86554	4425.0	8.97	5010.0	7.85
26240	9475.0	71.16855	11719.7	98.59650	21609.3	63.23567	4351.0	8.90	5454.0	7.75
26260	9565.8	69.03290	11660.0	101.75049	21578.3	63.10981	3968.0	9.08	5296.0	7.67
26280	9025.1	69.32702	12241.6	101.22226	21537.4	64.64193	3834.0	9.05	5811.0	7.63
26300	9003.7	64.73797	11743.7	98.44995	22056.3	64.61620	3935.0	8.64	5780.0	7.16
26320	8887.0	66.36691	11623.0	101.46530	22294.4	66.93363	3767.0	8.82	5759.0	7.28
26340	8992.1	68.04898	11506.6	109.51556	22306.4	66.63342	3690.0	9.43	5865.0	7.58
26360	9407.4	63.72430	11455.5	107.73816	21941.4	65.08019	3385.0	9.24	5396.0	7.26
26380	9051.8	65.50628	11925.9	103.39425	21826.3	63.84037	3532.0	9.03	5699.0	7.34
26400	9032.9	66.46740	11850.9	102.20618	21920.2	60.76390	3261.0	8.96	5287.0	7.38
26420	9124.0	68.14505	12056.1	106.84013	21624.3	62.43866	2989.0	9.38	5111.0	7.65
26440	9334.0	69.62512	11853.3	108.57704	21617.2	60.54806	3167.0	9.54	5034.0	7.80
26460	9143.0	68.88022	12216.8	104.08366	21444.2	60.29093	3119.0	9.24	5215.0	7.68
26480	9215.9	67.44820	11942.2	106.97558	21646.3	61.44263	3241.0	9.36	5340.0	7.59
26500	9207.5	63.02474	12421.8	105.97921	21174.3	59.65648	3133.0	9.30	5860.0	7.29
26520	8992.6	63.43805	12269.2	111.07372	21542.2	60.29401	3471.0	9.57	6447.0	7.32
26540	9071.7	64.97466	11746.6	110.99321	21986.4	67.11808	3539.0	9.48	6070.0	7.40
26560	9178.5	63.49286	11967.4	110.12521	21658.3	62.80549	3381.0	9.49	6003.0	7.31
26580	8871.4	60.36262	12051.1	107.13672	21881.4	64.66200	3049.0	9.12	6037.0	6.94
26600	8895.6	61.91761	11774.4	108.89975	22134.5	68.10519	2995.0	9.23	5882.0	7.06
26620	8574.0	64.14969	12104.9	103.87186	22125.5	67.91271	3230.0	8.96	6066.0	7.15
26640	8731.6	61.28736	12030.2	108.11433	22042.4	64.88205	2902.0	9.16	5841.0	7.05
26660	8881.8	64.53469	11833.5	110.94407	22089.4	66.12311	2852.0	9.46	5597.0	7.34
26680	8746.8	62.94702	11618.5	108.37532	22439.5	69.29981	2804.0	9.15	5531.0	7.09
26700	8351.1	63.49698	11754.7	113.67247	22699.3	64.64791	2696.0	9.46	5893.0	7.17
26720	8065.3	63.47637	11958.9	103.05535	22780.3	66.67956	2542.0	8.76	5646.0	6.99
26740	8509.4	68.24069	12332.9	105.80334	21962.3	64.50535	2582.0	9.23	5187.0	7.57
26760	8591.4	69.23444	12254.7	102.68422	21958.3	62.47240	2833.0	9.08	5152.0	7.60
26780	8695.3	68.59997	12095.8	102.20346	22013.4	65.22460	2819.0	8.96	4869.0	7.51
26800	8571.5	70.15475	11979.7	100.70495	22253.4	67.71304	2776.0	8.88	4791.0	7.60
26820	8721.0	65.03578	12063.9	103.69988	22019.3	64.63753	2725.0	8.97	5246.0	7.24
26840	8953.0	67.11578	11638.1	103.10881	22213.3	64.56679	2868.0	8.98	4841.0	7.41
26860	8557.4	68.53377	11794.0	103.17624	22453.4	67.86968	2968.0	8.99	5157.0	7.48
26880	8760.0	65.70624	11856.0	103.66940	22188.4	67.79245	3026.0	8.97	5361.0	7.29
26900	8822.6	61.45839	11626.9	100.00632	22354.5	69.95264	3054.0	8.57	5364.0	6.85
26920	8814.8	63.94788	11619.8	98.62271	22369.5	69.49653	2862.0	8.56	4931.0	7.03
26940	9127.3	71.82547	11671.8	99.14821	22005.5	68.83893	3513.0	8.83	4620.0	7.76
26960	8766.3	69.58879	12103.8	102.92581	21934.4	65.67978	3125.0	9.09	5255.0	7.64
26980	8643.3	68.32798	11634.3	105.58457	22527.4	66.23922	2693.0	9.10	4973.0	7.48
27000	8503.2	65.80228	11250.3	102.74953	23051.3	66.90443	2770.0	8.72	4830.0	7.15
27020	8446.4	67.32461	11583.1	103.22900	22775.4	69.17971	2692.0	8.86	4964.0	7.28
27040	8969.7	64.21886	11330.4	104.46302	22504.4	66.72319	2750.0	8.89	4943.0	7.11
27060	8718.2	67.55089	11637.4	106.99060	22449.4	67.80203	2792.0	9.19	5150.0	7.43
27080	9130.8	65.98102	11462.4	105.85004	22211.4	67.80195	3015.0	9.11	4959.0	7.37
27100	9183.9	67.40423	11304.5	105.80062	22316.3	64.33621	3156.0	9.14	4931.0	7.47
27120	8980.3	70.46253	11525.2	104.08887	22299.3	64.10906	3244.0	9.13	4932.0	7.70
27140	9028.3	71.34437	11463.4	105.90280	22313.3	65.39769	3439.0	9.25	5035.0	7.79
27160	9161.1	69.44815	11301.0	98.74404	22342.4	66.73018	3768.0	8.72	4963.0	7.52
27180	9132.8	65.88720	11607.6	95.44030	22063.5	68.70436	3613.0	8.44	5191.0	7.19
27200	9216.8	67.21643	11406.8	96.66453	22180.5	69.17962	3622.0	8.56	4986.0	7.34
27220	8543.6	70.76415	11786.7	98.19847	22474.4	68.58465	3657.0	8.68	5402.0	7.56
27240	9134.0	68.61670	11363.6	94.34464	22306.4	67.33148	3940.0	8.41	4939.0	7.37
27260	9319.7	66.07973	11846.5	95.89168	21637.5	66.73229	3406.0	8.54	4861.0	7.26
27280	9067.8	65.54480	11852.4	95.44014	21883.5	67.24314	3387.0	8.47	5091.0	7.19
27300	9032.2	70.21458	11586.9	99.33259	22185.3	65.07995	3712.0	8.81	5160.0	7.60
27320	9441.9	69.25324	11348.7	95.00586	22013.3	64.08515	3904.0	8.49	4791.0	7.48
27340	9658.9	71.48604	11575.7	96.99754	21569.4	64.09286	4096.0	8.78	4927.0	7.76
27360	9584.2	73.72915	11823.7	98.39656	21396.3	62.03082	3900.0	9.00	4781.0	8.01
27380	9195.5	74.91003	11934.3	94.42872	21674.3	62.35423	4002.0	8.67	4778.0	7.97
27400	9437.5	76.92506	11648.7	97.33873	21718.3	62.46156	4082.0	8.90	4634.0	8.17
27420	9808.0	73.84324	11317.8	95.63305	21678.4	64.93732	4229.0	8.69	4421.0	7.91
27440	9972.8	72.59531	11856.3	93.06612	20974.5	65.54752	3968.0	8.66	4385.0	7.89
27460	9678.0	72.57340	11458.5	92.98961	21667.4	64.07135	3975.0	8.50	4315.0	7.78
27480	9958.9	73.58704	11367.2	88.51087	21477.3	62.53541	4382.0	8.23	4182.0	7.79
27500	9858.2	76.23696	11191.5	91.30036	21754.3	63.39057	4397.0	8.46	4132.0	8.02
27520	9738.2	75.20902	11089.0	97.20790	21977.3	63.35320	4426.0	8.81	4537.0	8.01
27540	9912.0	74.92752	11307.9	97.59909	21584.4	63.44233	4690.0	8.92	4879.0	8.07
27560	10217.8	74.55794	11492.7	96.28047	21093.3	60.97079	4709.0	8.91	4827.0	8.10
27580	9914.8	72.04426	11808.4	94.21152	21080.3	60.57584	4741.0	8.72	5243.0	7.86
27600	10081.6	70.17174	11702.6	96.90916	21019.4	62.29962	4668.0	8.86	5286.0	7.77
27620	9755.8	70.23913	11503.2	102.87042	21545.3	62.34322	4534.0	9.15	5622.0	7.77
27640	9275.1	70.94010	11584.6	96.24704	21944.3	63.63354	4539.0	8.66	5589.0	7.66
27660	9383.9	69.62420	11491.8	96.99669	21928.4	66.31458	4440.0	8.66	5359.0	7.57
27680	9321.9	68.74655	11422.6	94.84502	22059.4	65.40485	4162.0	8.44	5128.0	7.40
27700	9492.9	69.87720	10793.6	102.04262	22518.4	67.31802	4520.0	8.89	5402.0	7.55
27720	8885.3	70.22983	11231.2	101.77128	22688.3	65.86733	4111.0	8.88	5647.0	7.55
27740	9105.1	69.71280	11518.0	100.69110	22181.3	63.75562	3950.0	8.89	5390.0	7.59
27760	9026.3	70.95560	11810.2	105.89574	21968.2	61.19140	3742.0	9.32	5606.0	7.82
27780	9344.9	69.40762	12101.8	103.37126	21357.3	62.25866	3902.0	9.27	5719.0	7.76
27800	9582.7	68.69688	11999.7	100.53511	21221.3	61.19401	4186.0	9.06	5583.0	7.67
27820	9860.6	68.71526	11749.8	99.80582	21193.4	64.56629	4227.0	8.99	5282.0	7.66
27840	9666.7	69.30251	11858.3	92.88616	21278.5	66.33599	4048.0	8.46	4820.0	7.54
27860	9962.7	71.13413	11550.6	95.31545	21290.4	64.51613	4439.0	8.72	4989.0	7.78
27880	9983.7	71.45206	11290.6	92.86911	21529.4	65.09499	4584.0	8.47	4819.0	7.68
27900	10229.8	74.82301	11115.9	95.66449	21458.4	63.67252	4897.0	8.77	4672.0	8.04
27920	10101.0	76.04270	11745.2	91.32509	20957.3	60.04039	4723.0	8.63	4550.0	8.16
27940	9709.2	75.20863	11723.3	92.89398	21371.3	60.87155	4995.0	8.62	5242.0	8.03
27960	9617.0	72.13758	11846.4	95.13902	21340.4	63.15109	4860.0	8.76	5592.0	7.86
27980	9466.2	72.80282	11547.7	96.79702	21790.3	61.60214	4671.0	8.79	5469.0	7.83
28000	9278.1	70.34839	12025.5	97.09234	21500.3	62.67006	4433.0	8.80	5807.0	7.68
28020	9479.0	70.77450	12003.6	99.13127	21321.3	61.91925	4846.0	9.00	6108.0	7.79
28040	9254.9	68.54459	12359.3	97.85266	21189.4	63.01740	4452.0	8.92	6194.0	7.60
28060	9724.6	67.60920	11834.5	96.59998	21244.3	62.01358	4642.0	8.77	5901.0	7.52
28080	9783.6	68.42946	11762.7	98.81907	21257.3	61.67619	4540.0	8.89	5722.0	7.59
28100	9872.7	69.92069	11437.5	93.61951	21493.4	64.09601	5319.0	8.52	5844.0	7.59
28120	10002.7	71.06473	11086.8	94.35069	21714.3	63.12335	5554.0	8.54	5651.0	7.66
28140	9780.7	69.85278	11287.6	93.68468	21735.3	63.10053	5083.0	8.47	5507.0	7.55
28160	9517.9	70.44413	11487.6	95.22687	21798.4	64.73313	4778.0	8.56	5524.0	7.59
28180	9818.8	70.73321	11429.6	94.25478	21555.4	63.61520	4526.0	8.60	5050.0	7.69
28200	9567.8	69.61888	11624.4	92.89222	21611.4	65.22796	4266.0	8.44	4983.0	7.55
28220	9175.4	73.41417	11502.6	94.59135	22126.4	65.40091	4187.0	8.59	4915.0	7.80
28240	9462.0	70.70367	11743.5	95.29833	21598.4	64.59959	3907.0	8.63	4824.0	7.66
28260	9751.8	70.80192	11265.7	93.88231	21786.4	64.76436	4166.0	8.48	4576.0	7.62
28280	9896.8	71.28920	11207.0	98.38130	21700.4	64.09590	3854.0	8.84	4364.0	7.77
28300	9754.8	70.30537	11134.2	99.77449	21915.4	64.44763	3791.0	8.86	4590.0	7.65
28320	9527.0	71.34785	11308.7	94.93573	21968.4	65.18798	3684.0	8.56	4284.0	7.65
28340	9460.1	72.08967	11139.0	97.15046	22205.4	66.42468	3812.0	8.68	4439.0	7.70
28360	9154.3	72.66730	11337.3	103.87118	22313.3	64.47143	3836.0	9.16	5098.0	7.86
28380	9485.7	67.17773	11372.2	101.74693	21946.4	66.26364	3779.0	8.94	5255.0	7.44
28400	9701.5	67.18060	11426.9	98.32709	21675.4	63.72875	3936.0	8.77	5078.0	7.42
28420	9536.9	70.31231	11472.0	101.05470	21795.3	62.63391	3930.0	9.00	4991.0	7.72
28440	9575.4	76.03824	11267.0	99.09551	21962.4	64.60763	4075.0	8.96	4549.0	8.11
28460	9542.9	70.66353	11570.5	93.49819	21690.4	64.08601	4031.0	8.50	4662.0	7.63
28480	8820.4	70.90667	11529.5	93.69692	22454.5	69.65325	3978.0	8.34	5168.0	7.45
28500	8561.7	71.38496	11026.9	95.36031	23216.4	70.39094	4064.0	8.35	5128.0	7.45
28520	9102.0	68.06299	11321.5	92.13515	22380.5	69.71376	3941.0	8.18	4868.0	7.25
28540	8877.4	71.33413	11434.9	99.26046	22492.5	70.82667	3502.0	8.77	4828.0	7.63
28560	9098.2	70.24417	11464.8	97.89987	22241.4	68.02792	3494.0	8.65	4567.0	7.57
28580	9485.8	68.51131	10990.1	96.98916	22328.4	66.00759	3669.0	8.56	4535.0	7.39
28600	9240.1	70.34821	11559.6	95.49741	22004.4	65.35615	3858.0	8.58	4917.0	7.57
28620	9132.4	72.81761	11878.4	94.50612	21793.4	64.89650	3768.0	8.59	4827.0	7.77
28640	9177.3	72.26048	11343.9	97.95512	22283.4	66.45504	4014.0	8.70	4936.0	7.70
28660	9291.1	70.60430	10974.8	93.70686	22538.3	65.86164	4206.0	8.32	4785.0	7.46
28680	9286.5	75.76165	11129.7	93.04635	22388.4	66.70715	4063.0	8.44	4254.0	7.88
28700	9258.7	77.54486	11259.8	95.05073	22286.3	64.58552	4115.0	8.65	4340.0	8.10
28720	9329.1	71.73250	11270.7	94.18724	22204.4	66.51700	3589.0	8.42	4264.0	7.59
28740	9292.1	70.41906	11070.2	99.56560	22442.5	69.12013	3335.0	8.76	4255.0	7.59
28760	9204.3	72.77777	10965.1	97.77032	22635.4	69.09115	3623.0	8.65	4322.0	7.70
28780	9178.3	72.01548	10932.1	97.48357	22694.4	67.55199	3432.0	8.56	4072.0	7.61
28800	9376.2	72.12639	10886.7	91.37827	22541.3	66.01772	3651.0	8.19	3839.0	7.52
28820	8880.2	80.16733	10727.3	97.47654	23198.4	70.00191	3715.0	8.68	3826.0	8.17
28840	9187.6	75.50250	10663.9	92.23977	22953.4	68.94231	3951.0	8.29	3884.0	7.75
28860	9307.3	73.64186	10822.6	89.62369	22674.4	68.10257	3949.0	8.10	3941.0	7.61
28880	9176.6	75.42510	10803.7	90.89218	22824.4	67.07275	4134.0	8.20	4036.0	7.76
28900	8596.1	76.57129	10731.2	96.07997	23478.4	71.60473	3987.0	8.46	4453.0	7.80
28920	8895.7	74.24134	10294.0	89.98493	23615.5	72.83024	4239.0	7.95	4074.0	7.47
28940	8716.8	74.48723	10351.2	92.71332	23737.4	72.11476	4033.0	8.13	4145.0	7.55
28960	8962.4	72.03597	10582.7	88.72819	23259.5	72.45095	3996.0	7.89	4023.0	7.37
28980	8965.5	72.89255	10586.1	94.23422	23253.4	69.79570	3935.0	8.29	4355.0	7.52
29000	9376.2	72.30804	10656.2	96.56647	22772.4	67.87160	3983.0	8.52	4209.0	7.65
29020	9193.5	74.29890	10794.1	95.19252	22817.4	68.27838	3989.0	8.46	4199.0	7.73
29040	9631.1	73.26178	10861.9	93.18885	22311.4	67.05112	4083.0	8.37	4140.0	7.71
29060	9956.6	69.52487	11141.7	93.92716	21705.4	64.15678	3880.0	8.48	4113.0	7.54
29080	9630.3	75.77239	10897.3	98.93425	22277.4	66.26460	4106.0	8.84	4266.0	8.00
29100	9487.2	73.97969	11442.9	98.13192	21874.4	64.69785	3997.0	8.88	4661.0	7.96
29120	9482.3	74.51768	11582.7	96.57653	21739.4	64.20584	4250.0	8.75	4801.0	7.95
29140	9266.2	72.00541	11652.4	93.44194	21885.4	66.02702	4036.0	8.49	4824.0	7.68
29160	8763.7	73.68096	11500.6	94.40300	22540.4	68.04104	4070.0	8.45	5055.0	7.68
29180	8932.7	74.65607	11441.4	92.15862	22430.4	67.87084	3846.0	8.37	4453.0	7.78
29200	9134.3	71.44574	11578.5	93.85659	22091.4	66.07698	3775.0	8.45	4667.0	7.60
29220	9275.2	72.25028	11387.7	96.07166	22141.4	66.62238	3816.0	8.58	4532.0	7.70
29240	9326.0	70.33656	11421.9	98.64711	22056.4	66.22375	3621.0	8.75	4679.0	7.62
29260	9161.1	69.51976	11930.6	98.95953	21712.4	64.56411	3455.0	8.88	4922.0	7.64
29280	9251.8	66.57055	12244.4	97.24643	21307.4	64.55396	3230.0	8.79	5110.0	7.42
29300	8925.4	71.17104	11834.9	102.72910	22044.3	64.54834	3335.0	9.09	5092.0	7.74
29320	9018.1	68.85058	12163.5	98.75910	21622.3	62.34644	3078.0	8.83	4880.0	7.57
29340	9127.1	70.16505	11774.5	96.33089	21902.4	64.83713	3507.0	8.68	4765.0	7.62
29360	8592.6	70.82873	11836.4	95.14429	22375.4	67.41116	3510.0	8.48	4968.0	7.54
29380	8619.6	71.59229	11294.0	99.37714	22891.4	69.75259	3599.0	8.71	4937.0	7.58
29400	8948.4	71.15960	10899.3	98.90701	22957.4	69.44357	3748.0	8.62	4677.0	7.53
29420	8793.8	74.55057	10961.2	98.84802	23050.4	68.64863	3605.0	8.66	4474.0	7.74
29440	9060.2	70.24883	11438.6	94.85451	22305.5	69.06918	3634.0	8.47	4677.0	7.51
29460	8840.2	68.74234	11149.9	95.98212	22814.5	70.99420	4046.0	8.38	5240.0	7.29
29480	9026.5	73.32417	11282.1	99.46379	22496.4	67.21578	4180.0	8.79	5179.0	7.76
29500	8996.4	72.06793	10945.2	98.51903	22863.3	66.89840	4308.0	8.65	5270.0	7.61
29520	9027.2	69.63725	11425.1	101.91452	22352.4	67.36102	3679.0	8.93	5141.0	7.57
29540	9099.0	68.37004	11357.1	101.35889	22348.3	65.09017	3416.0	8.86	4981.0	7.44
29560	8979.9	66.41526	11406.4	105.22472	22418.4	65.93505	3719.0	9.04	5612.0	7.33
29580	9482.8	68.56008	11946.7	100.78728	21374.5	66.90241	3675.0	9.04	5233.0	7.64
29600	9592.9	70.20519	11912.9	102.61703	21298.3	61.32890	3656.0	9.20	4952.0	7.80
29620	10024.7	70.89028	11667.7	97.76342	21111.2	58.61312	4036.0	8.94	4671.0	7.84
29640	10119.6	70.55608	11648.0	101.33970	21036.3	60.33134	3920.0	9.20	4790.0	7.91
29660	9675.8	70.64165	11756.8	100.20322	21371.4	63.94039	3670.0	9.03	4748.0	7.79
29680	9801.4	66.67838	11544.8	97.44280	21457.4	64.81471	3776.0	8.73	4813.0	7.41
29700	9654.5	66.91399	11699.5	95.55123	21449.4	64.00678	3552.0	8.61	4669.0	7.41
29720	9315.9	68.40063	11737.5	95.40733	21750.3	61.73764	3439.0	8.55	4639.0	7.45
29740	8789.6	72.02352	12119.5	98.40498	21895.4	64.58895	2999.0	8.85	4629.0	7.77
29760	9133.0	68.68698	11827.3	93.42895	21843.4	65.14712	3386.0	8.44	4633.0	7.44
29780	9283.2	72.23459	11454.5	93.77293	22066.4	66.05448	3769.0	8.47	4507.0	7.67
29800	9208.4	74.19855	11423.6	94.68037	22172.3	64.38747	3772.0	8.56	4475.0	7.81
29820	9206.6	75.95030	11452.7	95.39761	22145.4	66.01888	3964.0	8.68	4495.0	8.01
29840	9190.3	72.86014	11459.3	90.45811	22154.4	66.61612	4217.0	8.25	4681.0	7.64
29860	9233.3	72.75459	11511.6	94.35230	22059.5	67.99129	4005.0	8.52	4693.0	7.73
29880	9328.0	69.98047	11450.7	96.30463	22025.4	66.26268	3790.0	8.62	4706.0	7.55
29900	9124.2	71.05263	11560.4	92.24866	22119.4	66.46417	3894.0	8.35	4772.0	7.54
29920	9439.2	73.67724	11375.5	92.92983	21989.5	67.87191	4207.0	8.46	4542.0	7.77
29940	9254.3	73.13721	11252.7	94.01021	22297.4	66.13942	4080.0	8.48	4617.0	7.71
29960	9683.1	73.91411	11095.9	96.27990	22025.3	64.35716	4203.0	8.67	4488.0	7.84
29980	9662.9	71.61168	11096.9	95.90775	22044.3	64.64235	3792.0	8.60	4251.0	7.69
30000	9328.2	72.17691	11578.0	100.89680	21898.4	64.61671	3700.0	9.00	4840.0	7.83
30020	9529.1	72.68009	11642.7	97.72631	21632.4	64.07059	3857.0	8.86	4734.0	7.86
30040	9216.5	74.37136	11809.5	95.40902	21778.4	65.10022	3968.0	8.73	4806.0	7.92
30060	9520.1	73.07376	11659.5	94.18602	21624.3	62.22296	4371.0	8.63	4942.0	7.84
30080	9570.2	74.26233	11867.3	93.58674	21366.3	61.84615	4072.0	8.67	4702.0	7.97
30100	9528.2	73.73306	11458.9	98.53500	21817.4	64.29086	4161.0	8.92	4914.0	7.95
30120	9414.1	72.18284	11587.8	98.45702	21802.4	64.90571	3916.0	8.83	4839.0	7.79
30140	9488.9	70.06618	11479.4	92.33765	21835.4	65.62197	3857.0	8.38	4640.0	7.52
30160	9406.8	68.29682	11443.7	95.72143	21953.5	67.68532	3555.0	8.53	4603.0	7.41
30180	9270.8	67.18103	11395.5	92.43924	22137.5	69.49912	3514.0	8.28	4484.0	7.26
30200	9413.0	70.99140	11251.6	93.15958	22139.3	63.72648	3947.0	8.38	4496.0	7.55
30220	9329.3	73.14465	11333.9	97.70417	22141.4	65.74187	3922.0	8.74	4716.0	7.79
30240	9790.6	68.55621	10962.8	93.45057	22050.5	67.68587	3965.0	8.35	4401.0	7.38
30260	9305.0	70.39440	10735.0	94.34789	22764.4	69.56028	3913.0	8.35	4396.0	7.45
30280	9324.1	71.08406	10753.4	99.80155	22727.4	68.18459	3672.0	8.70	4371.0	7.56
30300	9345.4	74.93660	10705.1	94.77386	22754.3	66.70328	3906.0	8.48	3950.0	7.81
30320	9187.7	77.03712	10930.9	94.21699	22686.4	66.69655	4185.0	8.51	4283.0	7.96
30340	8876.8	75.00804	11393.3	90.35109	22534.3	65.02597	3798.0	8.22	4281.0	7.74
30360	9129.5	73.90823	11198.8	94.88042	22476.4	66.87317	3934.0	8.51	4446.0	7.76
30380	9206.2	71.35817	11218.6	92.84105	22379.4	67.71259	3906.0	8.31	4448.0	7.51
30400	9036.4	72.35172	11522.4	92.76207	22245.5	68.96653	3649.0	8.40	4517.0	7.60
30420	9675.6	68.36104	11649.3	91.97238	21478.4	63.64637	3621.0	8.34	4325.0	7.41
30440	9379.2	72.99415	11219.5	90.53046	22205.4	66.69536	4079.0	8.23	4271.0	7.67
30460	9617.3	75.61002	11159.5	90.27373	22027.5	67.59109	4256.0	8.32	4057.0	7.90
30480	9451.8	80.17235	11338.4	91.10716	22014.4	66.44114	4458.0	8.51	4271.0	8.27
30500	9771.5	79.56185	11589.5	94.77243	21443.3	62.82034	4023.0	8.85	3999.0	8.40
30520	10085.1	77.52313	11290.5	91.68084	21428.3	61.19167	4221.0	8.55	3713.0	8.20
30540	10124.9	74.88649	10951.9	94.53785	21727.3	63.09398	4132.0	8.64	3801.0	7.97
30560	9728.1	73.78320	11832.0	88.70369	21243.3	61.72416	3971.0	8.33	4138.0	7.86
30580	9825.1	74.95803	11694.4	93.84709	21284.3	60.29884	3839.0	8.74	4209.0	8.04
30600	10074.8	73.24313	11562.7	96.75896	21166.4	62.74251	3912.0	8.90	4275.0	8.02
30620	9500.0	71.08245	12057.2	93.33475	21246.4	62.99988	3965.0	8.58	4807.0	7.72
30640	9688.0	72.58248	11780.8	100.01634	21335.3	60.80863	3924.0	9.10	4864.0	7.97
30660	9496.6	78.56060	11699.8	99.39821	21608.3	63.04667	4164.0	9.13	4698.0	8.36
30680	9744.8	71.19849	11920.5	96.72249	21138.4	62.81316	4216.0	8.87	5048.0	7.82
30700	9743.9	72.01643	11486.5	93.22747	21573.3	61.06272	4099.0	8.51	4475.0	7.73
30720	9658.3	76.30525	11273.9	97.18917	21872.3	63.42252	4400.0	8.86	4502.0	8.14
30740	9812.2	76.41089	11223.6	93.32197	21768.3	63.45159	4394.0	8.55	4223.0	8.04
30760	10229.1	77.48790	11357.6	94.40097	21217.3	61.61604	4516.0	8.83	4308.0	8.29
30780	10258.9	75.23604	11146.0	97.82944	21399.3	61.44510	4421.0	8.94	4371.0	8.14
30800	10009.1	75.95150	11216.0	98.29973	21579.2	59.25955	4691.0	9.00	4740.0	8.18
30820	10035.2	77.69305	11398.6	93.93892	21370.3	61.41772	4543.0	8.78	4358.0	8.27
30840	9992.9	73.94833	11347.5	92.35443	21463.4	64.15372	4714.0	8.49	4573.0	7.91
30860	9985.0	74.87561	11060.7	93.08102	21758.3	63.62052	4741.0	8.49	4461.0	7.93
30880	10037.8	72.65208	11030.8	94.08414	21735.4	65.46135	4475.0	8.57	4436.0	7.81
30900	9826.8	70.83699	11118.5	89.91738	21858.4	64.61979	4463.0	8.19	4495.0	7.53
30920	9707.9	71.40396	11202.7	93.30937	21893.3	63.47476	3917.0	8.45	4290.0	7.63
30940	8990.6	74.67773	11156.1	99.04635	22658.3	66.16995	3513.0	8.78	4241.0	7.88
30960	8780.7	73.41514	10978.3	100.21325	23046.3	66.60473	3588.0	8.73	4514.0	7.72
30980	9035.5	73.38580	11444.1	101.56362	22325.4	67.19750	3833.0	8.95	4878.0	7.88
31000	9297.1	71.30782	11406.1	100.58355	22101.3	63.52254	3733.0	8.93	4849.0	7.74
31020	9397.0	70.49274	11472.8	97.77880	21934.3	64.39460	4016.0	8.75	4933.0	7.68
31040	9230.2	71.52258	11409.9	97.86203	22164.4	66.09382	4018.0	8.72	4978.0	7.67
31060	9494.0	71.21479	11416.5	93.16464	21893.5	67.29721	3972.0	8.42	4514.0	7.61
31080	9109.6	75.46920	11038.3	100.06521	22657.3	65.03927	4177.0	8.88	4794.0	7.97
31100	9008.5	73.07162	11202.9	97.29311	22593.3	63.92095	3875.0	8.64	4773.0	7.70
31120	9312.3	73.57198	10832.8	92.31824	22659.3	66.02349	4026.0	8.28	3989.0	7.68
31140	9182.8	78.18226	11192.7	93.79861	22429.4	66.53047	3895.0	8.57	4137.0	8.08
31160	9378.6	77.01706	11855.9	86.83138	21569.4	65.70249	4114.0	8.19	4121.0	8.02
31180	9090.9	77.87645	11688.2	90.56639	22025.3	64.11548	3933.0	8.41	4267.0	8.05
31200	9171.5	74.21806	11038.4	88.79032	22594.4	67.37672	4010.0	8.07	4135.0	7.64
31220	9429.3	74.37509	10788.6	89.70742	22586.4	67.60451	4147.0	8.11	3846.0	7.69
31240	9418.4	75.54372	11063.5	89.56574	22322.5	69.57141	3750.0	8.20	3721.0	7.80
31260	8688.1	77.29307	11351.5	92.45094	22765.4	68.72489	3502.0	8.38	3929.0	7.93
31280	9133.8	78.10907	11284.7	94.42882	22386.4	66.84429	3514.0	8.60	3801.0	8.09
31300	9840.3	77.88980	10724.2	96.77082	22240.3	64.74367	3830.0	8.76	3484.0	8.15
31320	9787.0	73.89631	10953.8	92.50693	22063.4	67.59224	3579.0	8.39	3449.0	7.79
31340	9514.1	73.13349	10835.1	96.33598	22455.5	69.40293	3262.0	8.57	3458.0	7.74
31360	9242.5	74.70113	11029.5	89.81941	22532.4	67.95618	3505.0	8.15	3449.0	7.71
31380	9255.3	73.33956	11345.5	91.80398	22203.4	66.33430	3287.0	8.33	3611.0	7.69
31400	9513.1	72.90876	10654.1	94.23616	22637.3	66.40200	3601.0	8.41	3643.0	7.66
31420	9610.3	75.14069	10687.2	95.76845	22507.4	67.50774	3530.0	8.58	3508.0	7.89
31440	9531.1	72.77176	11004.9	94.74260	22268.4	65.56277	3413.0	8.45	3605.0	7.70
31460	9152.5	74.60256	11270.6	92.44299	22381.3	65.74512	3207.0	8.37	3596.0	7.80
31480	9343.7	77.94477	10866.0	94.88322	22595.4	66.55531	3629.0	8.55	3395.0	8.06
31500	9292.4	74.73082	10598.3	97.08445	22914.3	64.49366	3532.0	8.57	3695.0	7.79
31520	8903.7	74.94673	10831.0	95.13051	23070.4	70.40560	3553.0	8.44	3991.0	7.75
31540	9201.3	72.19365	11061.8	94.44874	22541.4	66.49405	3332.0	8.39	3864.0	7.59
31560	9138.2	71.00279	10705.5	100.25848	22961.4	68.18543	3190.0	8.69	3958.0	7.55
31580	8811.4	70.79904	10818.2	97.73296	23175.4	69.93816	3176.0	8.52	4129.0	7.46
31600	9079.9	67.44600	10855.0	94.51608	22869.4	69.67916	3370.0	8.23	4280.0	7.17
31620	9367.6	66.00749	10669.3	97.86172	22767.4	68.15101	3221.0	8.46	4222.0	7.14
31640	8867.2	68.94519	11435.0	100.35686	22502.4	68.42529	3305.0	8.73	4895.0	7.43
31660	9388.9	69.15160	11228.2	101.43459	22187.3	63.58595	3462.0	8.89	4666.0	7.54
31680	9296.0	70.00789	11307.4	104.19467	22201.4	65.24837	3389.0	9.10	4725.0	7.68
31700	9492.7	67.74799	11600.8	99.14782	21710.4	64.60901	3374.0	8.79	4605.0	7.49
31720	9540.6	66.55407	11567.8	97.92112	21695.3	63.09071	3110.0	8.67	4328.0	7.37
31740	9178.1	69.45041	11497.8	97.73240	22128.4	65.52930	3235.0	8.68	4408.0	7.55
31760	9224.2	70.95111	11613.7	97.30090	21966.4	66.30035	3385.0	8.65	4537.0	7.63
31780	9428.9	69.69932	11623.0	102.36010	21752.4	64.68411	3601.0	9.07	4941.0	7.68
31800	9171.6	75.33630	11843.7	99.91933	21789.3	61.54704	3636.0	9.04	4764.0	8.06
31820	9084.3	71.16634	12510.3	98.02070	21209.4	63.09789	3538.0	8.96	5257.0	7.81
31840	9712.9	71.46782	11793.7	99.25255	21297.4	64.54621	3861.0	9.01	4831.0	7.86
31860	9528.0	71.99734	12209.4	98.07666	21066.3	61.34361	3959.0	8.97	5123.0	7.92
31880	9708.8	70.97536	12013.5	98.38150	21081.3	61.11693	3839.0	8.96	4948.0	7.83
31900	9654.1	73.06522	11640.0	102.01647	21510.2	60.25532	4047.0	9.20	5071.0	7.98
31920	9740.8	70.49552	11698.0	102.06722	21365.3	61.90698	4045.0	9.14	5209.0	7.82
31940	9267.2	72.03241	11627.8	99.47672	21909.4	65.14173	4281.0	8.94	5497.0	7.80
31960	9153.0	68.38625	11402.2	102.04007	22249.4	65.46298	3829.0	8.94	5371.0	7.50
31980	9550.7	68.07047	11474.4	106.22526	21779.4	64.16637	3960.0	9.30	5455.0	7.65
32000	8973.2	69.40447	12060.8	102.58336	21770.4	65.82373	3493.0	9.10	5329.0	7.69
32020	9198.7	65.46359	11557.9	99.72482	22047.3	64.77160	3458.0	8.72	5215.0	7.24
32040	8951.0	67.42621	11799.6	97.91469	22053.3	63.12352	3364.0	8.64	5080.0	7.34
32060	9319.9	68.54004	11748.2	105.92811	21736.3	62.44411	3194.0	9.33	5126.0	7.66
32080	8918.2	68.83231	12107.8	103.57798	21778.3	63.93861	3335.0	9.13	5306.0	7.62
32100	9278.9	68.06083	12137.7	100.94107	21387.4	64.44859	3062.0	8.99	4831.0	7.58
32120	9253.7	66.02924	12027.7	100.02659	21522.4	63.26332	3147.0	8.86	4973.0	7.36
32140	9166.9	67.56845	12094.4	96.97330	21542.4	63.95092	3320.0	8.69	4986.0	7.43
32160	9085.9	66.74728	11549.1	101.86859	22169.4	65.87525	3419.0	8.87	5215.0	7.34
32180	8932.1	68.08653	11462.1	101.65997	22410.4	68.28445	3465.0	8.85	5193.0	7.41
32200	9175.9	67.73483	11486.3	104.16877	22142.4	65.18482	3706.0	9.06	5333.0	7.51
32220	9280.7	66.08390	11582.0	101.47348	21941.4	65.12298	3584.0	8.88	5260.0	7.34
32240	8837.2	68.03415	11770.1	104.29695	22197.4	66.79251	3483.0	9.07	5601.0	7.50
32260	8732.2	67.91143	11562.9	100.36193	22509.4	66.68532	3675.0	8.75	5528.0	7.37
32280	8455.7	71.20826	11925.5	97.51626	22423.4	66.37385	3446.0	8.65	5245.0	7.57
32300	8368.0	72.74690	12216.5	100.03705	22220.3	64.70548	3707.0	8.90	5549.0	7.78
32320	8669.7	72.32033	12359.1	93.96647	21775.3	62.00599	3862.0	8.58	5441.0	7.72
32340	9397.2	73.43522	12131.4	96.37827	21275.3	62.46494	4015.0	8.85	5054.0	7.93
32360	8778.5	71.79406	12276.2	95.82743	21749.4	64.99420	3846.0	8.69	5460.0	7.72
32380	8811.6	72.76924	12651.1	95.95971	21341.4	64.03957	3462.0	8.78	5169.0	7.85
32400	9291.0	69.41902	12374.6	102.45736	21138.4	64.35818	3505.0	9.23	5350.0	7.80
32420	9497.4	63.76322	12351.4	98.12787	20954.4	63.58706	3366.0	8.81	5256.0	7.27
32440	9626.6	67.91889	12139.3	96.30523	21037.4	62.88551	3824.0	8.75	5187.0	7.55
32460	9194.8	66.41145	12150.9	104.27558	21458.4	64.01023	3464.0	9.18	5651.0	7.49
32480	9301.8	67.28879	12481.6	102.94239	21020.4	62.64550	3400.0	9.23	5576.0	7.61
32500	9154.5	63.38057	12169.9	105.63634	21479.4	63.76195	3302.0	9.21	5880.0	7.26
32520	9396.2	61.26493	11940.1	106.13819	21467.3	61.76830	3387.0	9.14	5769.0	7.08
32540	9161.7	65.10224	11866.3	108.11105	21776.4	64.32860	3957.0	9.38	6358.0	7.40
32560	9165.6	63.85338	11488.4	106.42061	22150.3	62.78874	3736.0	9.14	5854.0	7.23
32580	9259.7	65.56361	11662.6	110.68061	21882.3	62.84484	3506.0	9.51	5816.0	7.44
32600	9189.4	62.55058	12389.0	107.95003	21225.3	60.82658	3217.0	9.40	6082.0	7.25
32620	9082.4	61.57738	12756.4	101.37520	20964.4	63.54975	3068.0	8.98	5912.0	7.10
32640	9199.4	61.71992	12384.1	109.75733	21220.4	64.91006	3260.0	9.49	6196.0	7.19
32660	8898.0	66.69786	12277.0	108.18961	21629.4	65.11292	3249.0	9.45	5871.0	7.57
32680	8383.9	62.34764	12536.9	107.83410	21883.3	62.73321	2639.0	9.21	6098.0	7.11
32700	8778.6	61.74996	12509.6	103.46569	21515.4	65.49220	2628.0	9.02	5592.0	7.06
32720	8605.0	64.05071	12670.4	101.71431	21528.4	63.41931	2565.0	8.97	5529.0	7.23
32740	8664.2	67.43136	12369.8	104.72734	21770.4	65.29014	3045.0	9.21	5634.0	7.54
32760	8893.1	67.91468	12204.8	104.07171	21706.3	63.17074	3280.0	9.18	5597.0	7.56
32780	8747.0	65.38671	11677.9	100.09831	22379.3	64.97212	3694.0	8.71	5870.0	7.15
32800	8815.2	68.73522	12071.8	102.06105	21917.3	63.61919	3359.0	8.99	5344.0	7.55
32820	9193.7	65.38631	11799.5	96.46739	21810.4	65.83158	3087.0	8.59	4725.0	7.22
32840	9264.6	65.21341	11607.1	102.32107	21932.4	65.71851	3078.0	8.91	4995.0	7.26
32860	8908.2	69.40819	12196.9	105.07510	21699.4	64.12793	2444.0	9.28	4659.0	7.69
32880	8711.1	66.65416	12187.7	101.82063	21905.4	66.86216	2310.0	8.94	4632.0	7.42
32900	8886.9	65.07778	11920.0	103.80272	21997.4	65.79301	2221.0	9.01	4687.0	7.25
32920	8875.6	61.70646	11352.1	101.06743	22576.5	69.38083	2377.0	8.61	4566.0	6.89
32940	8817.8	64.37414	11614.0	102.27953	22372.5	68.90009	2380.0	8.81	4565.0	7.14
32960	8950.8	64.43487	11525.0	100.27915	22328.5	69.58934	2476.0	8.68	4463.0	7.13
32980	8792.2	68.06200	11666.1	103.03285	22346.4	67.11089	2699.0	8.96	4690.0	7.45
33000	8581.4	68.82047	12231.6	101.01005	21991.4	66.95266	2381.0	8.92	4650.0	7.53
33020	8293.6	68.90755	12282.6	101.69472	22228.4	66.63708	2536.0	8.96	4993.0	7.50
33040	8782.2	68.04172	12020.9	103.36481	22001.4	64.76984	2822.0	9.06	4998.0	7.51
33060	9102.6	64.16884	12043.7	101.00051	21657.4	64.40191	2703.0	8.87	4881.0	7.22
33080	9296.0	69.20118	11488.3	104.91404	22020.4	65.63512	2964.0	9.17	4540.0	7.65
33100	9451.7	67.30768	11447.2	102.39027	21905.5	67.16390	2938.0	8.99	4437.0	7.49
33120	9053.1	69.49793	11385.9	98.59573	22365.3	65.38718	3150.0	8.71	4453.0	7.51
33140	9299.0	69.67154	11077.4	102.77652	22428.3	65.82941	3277.0	8.91	4502.0	7.55
33160	9259.9	68.36023	11442.8	97.91603	22101.4	66.02890	3552.0	8.66	4717.0	7.44
33180	9357.9	69.14310	11214.8	95.70695	22231.3	65.17138	3187.0	8.51	4084.0	7.46
33200	9414.9	70.01576	10935.4	101.47709	22454.3	65.80311	3465.0	8.86	4362.0	7.62
33220	9430.8	68.52080	10912.3	100.08074	22461.4	68.38224	3481.0	8.74	4466.0	7.45
33240	9252.9	68.63422	11089.0	97.31918	22462.4	67.54680	3288.0	8.52	4288.0	7.40
33260	8690.1	66.71177	11228.9	96.89365	22885.4	69.77715	3043.0	8.40	4606.0	7.16
33280	8969.2	69.64578	11652.9	100.56576	22182.4	67.33107	3048.0	8.88	4581.0	7.57
33300	9266.7	65.60290	11493.0	99.97952	22044.4	65.44901	3235.0	8.73	4830.0	7.25
33320	9390.6	65.97163	11511.1	101.65325	21902.4	65.01194	3177.0	8.88	4753.0	7.35
33340	9120.8	66.44773	11824.2	105.87450	21859.4	64.36321	2992.0	9.24	5134.0	7.47
33360	9029.8	65.88006	11845.9	102.86320	21928.5	67.93910	3008.0	9.00	5126.0	7.35
33380	9336.5	64.28293	11534.3	105.13977	21933.4	65.86857	3383.0	9.04	5411.0	7.21
33400	9216.8	66.39547	11947.0	104.37617	21640.4	64.02282	3377.0	9.16	5473.0	7.46
33420	9393.5	65.12529	12151.7	101.41700	21258.3	60.28282	3522.0	9.01	5503.0	7.38
33440	9026.7	64.72965	12475.8	105.59501	21301.3	61.11931	3359.0	9.28	6083.0	7.37
33460	9217.4	61.93503	12443.8	105.16102	21142.4	63.92562	3242.0	9.20	6033.0	7.15
33480	8911.9	66.01289	12167.0	106.54897	21725.3	62.20934	3437.0	9.29	5971.0	7.43
33500	9444.8	68.81095	11896.0	104.48135	21463.3	62.62287	3779.0	9.26	5485.0	7.70
33520	8806.3	69.42974	12344.7	103.41668	21653.3	63.62704	3332.0	9.16	5572.0	7.65
33540	8976.2	69.93597	12170.6	100.51449	21657.3	62.43698	3442.0	9.03	5390.0	7.67
33560	8842.3	69.44581	12280.6	101.86213	21681.3	62.40462	3686.0	9.08	5755.0	7.67
33580	8950.0	67.55467	12645.1	95.83970	21208.3	61.05697	3424.0	8.66	5390.0	7.45
33600	8970.1	68.91837	12582.6	103.25240	21251.3	61.53808	3380.0	9.25	5592.0	7.71
33620	8828.1	67.07137	12432.6	103.02458	21543.4	65.50253	3179.0	9.13	5640.0	7.50
33640	9058.0	67.91920	12083.0	105.94793	21663.3	63.29849	3227.0	9.32	5521.0	7.61
33660	9165.8	66.88857	12426.6	102.63997	21211.4	63.03414	3038.0	9.15	5202.0	7.54
33680	8759.0	65.86768	12866.2	100.41740	21178.5	65.12629	3131.0	9.01	5730.0	7.43
33700	8956.8	65.33442	12793.5	103.25201	21053.4	62.19116	3073.0	9.19	5681.0	7.46
33720	8841.9	65.19145	12477.5	100.97167	21484.4	63.60211	3207.0	8.95	5754.0	7.32
33740	8869.4	70.53369	11950.0	104.51784	21985.3	62.04235	3391.0	9.22	5323.0	7.76
33760	9198.1	69.93464	11633.9	100.97265	21972.2	61.48031	3366.0	8.92	4855.0	7.62
33780	9013.0	67.74323	11709.1	103.55344	22082.3	63.07103	3057.0	9.03	5011.0	7.46
33800	8975.9	65.72143	11615.1	103.68259	22213.4	66.78904	3436.0	8.99	5444.0	7.31
33820	9160.8	66.21998	11293.4	104.48253	22350.4	66.80990	3624.0	8.98	5474.0	7.31
33840	8961.9	65.80608	11763.0	102.37424	22079.4	65.43863	3308.0	8.92	5446.0	7.30
33860	8913.6	62.85561	11830.2	106.10523	22060.3	63.69186	3083.0	9.07	5765.0	7.10
33880	9090.7	65.07216	11984.0	105.47303	21729.4	64.04880	3348.0	9.20	5769.0	7.35
33900	8860.4	59.35210	12100.0	105.67507	21843.4	66.34730	2908.0	9.01	5865.0	6.86
33920	8708.7	62.28549	11972.7	100.68145	22122.4	66.53875	2901.0	8.70	5578.0	6.96
33940	8433.2	65.60223	11997.9	103.04003	22373.5	68.70315	2988.0	8.91	5534.0	7.26
33960	8793.9	65.37525	11623.5	109.23371	22387.4	67.06289	2803.0	9.28	5375.0	7.31
33980	8640.9	63.89670	11983.9	103.17977	22179.4	65.25244	3071.0	8.90	5641.0	7.14
34000	8792.1	67.52016	12014.1	106.11554	21998.4	65.34958	3323.0	9.24	5628.0	7.52
34020	8895.8	64.72646	11767.0	102.30422	22141.3	64.59984	3198.0	8.87	5441.0	7.17
34040	9193.9	68.16268	11820.0	103.88560	21790.3	63.88632	3151.0	9.17	5115.0	7.60
34060	8914.1	68.13693	12014.8	101.78126	21875.4	65.45808	3160.0	8.98	5101.0	7.54
34080	8897.2	69.52547	12484.5	102.09593	21422.3	62.08537	3118.0	9.15	5326.0	7.71
34100	9306.9	69.10975	12331.9	106.18188	21165.3	60.06755	3086.0	9.47	5170.0	7.80
34120	9221.0	68.71100	12340.0	108.29333	21243.2	59.20154	3102.0	9.62	5382.0	7.79
34140	9113.6	63.79864	12446.5	101.83691	21243.3	62.26736	2922.0	9.01	5357.0	7.27
34160	8798.0	66.31493	12521.8	106.68572	21484.2	60.40115	3169.0	9.35	5949.0	7.49
34180	8949.8	65.42086	12405.9	106.45625	21448.4	63.93093	3211.0	9.32	5888.0	7.43
34200	9003.9	66.68395	12369.1	109.31368	21431.3	60.82288	3340.0	9.56	5956.0	7.60
34220	8949.4	60.84885	12344.9	106.35989	21509.3	62.78160	2883.0	9.18	5983.0	7.03
34240	9127.5	62.99308	11594.4	106.56112	22082.3	63.34515	3188.0	9.07	5571.0	7.11
34260	9187.6	64.11938	11401.3	104.56686	22215.4	66.26452	3203.0	8.99	5213.0	7.20
34280	9554.3	63.41782	11407.8	111.28833	21842.3	63.34906	3270.0	9.50	5423.0	7.32
34300	8958.5	61.97027	11368.5	107.14765	22477.3	65.54691	3361.0	9.07	5816.0	7.02
34320	8775.8	63.80593	12263.6	101.38175	21764.4	66.14407	3353.0	8.88	5948.0	7.18
34340	8765.2	67.67873	12047.8	102.63565	21991.4	66.03673	3309.0	9.01	5545.0	7.47
34360	8706.2	67.18118	11860.0	103.43089	22238.3	63.24347	3053.0	9.00	5402.0	7.38
34380	8990.9	66.00016	11719.4	108.42750	22094.4	65.39520	3263.0	9.30	5636.0	7.40
34400	8841.3	69.48334	11352.4	105.43757	22611.3	63.96020	3562.0	9.09	5408.0	7.54
34420	9058.0	68.16347	11613.1	102.62132	22133.3	63.23383	3727.0	8.99	5408.0	7.53
34440	8674.6	72.01892	11490.4	106.71583	22640.3	64.21959	3613.0	9.25	5409.0	7.78
34460	9075.0	67.64118	11343.2	101.57962	22386.4	68.27339	3222.0	8.82	4819.0	7.39
34480	9077.1	69.21654	11260.2	101.69690	22467.4	66.63162	3311.0	8.87	4744.0	7.49
34500	9157.2	70.91586	11347.0	100.01742	22300.4	65.61161	3575.0	8.85	4841.0	7.64
34520	9299.7	66.31671	11252.1	99.79183	22252.4	65.99998	3289.0	8.69	4692.0	7.28
34540	9255.9	67.98584	11511.1	101.66779	22037.4	65.18506	3400.0	8.90	4920.0	7.46
34560	9261.9	68.76005	11742.8	100.30908	21799.4	64.38095	3584.0	8.90	5083.0	7.55
34580	9298.7	66.71675	11883.6	97.54085	21621.4	66.14696	3518.0	8.72	5145.0	7.40
34600	9274.9	68.85859	11968.6	99.13176	21560.4	65.03531	3519.0	8.85	5072.0	7.59
34620	9156.8	66.38911	11919.7	99.70351	21727.4	64.22491	3428.0	8.84	5292.0	7.36
34640	9614.5	66.57401	11631.7	97.78465	21557.4	64.91975	3692.0	8.76	5045.0	7.42
34660	9011.1	68.31406	11900.9	103.29491	21892.3	63.05203	3465.0	9.11	5464.0	7.55
34680	9160.1	70.33221	11737.3	107.77057	21907.3	63.19003	3358.0	9.45	5254.0	7.81
34700	9061.9	67.27648	12122.1	107.23415	21620.4	64.85391	3392.0	9.37	5637.0	7.58
34720	9078.0	68.13026	12586.4	100.20642	21139.4	63.41338	3355.0	9.04	5389.0	7.62
34740	9189.9	68.03676	12253.5	99.94077	21360.4	65.34382	3597.0	8.95	5439.0	7.57
34760	9134.1	70.09329	12304.8	103.92752	21365.4	63.58447	3641.0	9.32	5614.0	7.79
34780	9003.1	68.67060	12340.7	103.60815	21460.3	62.54108	3308.0	9.18	5480.0	7.65
34800	9012.3	70.89606	12028.0	104.68853	21764.3	62.02586	3021.0	9.28	4947.0	7.80
34820	8961.1	68.86431	12435.6	102.59462	21407.4	64.82144	3192.0	9.17	5410.0	7.66
34840	9248.7	65.90581	12386.6	101.63286	21168.4	63.82638	3226.0	9.03	5324.0	7.43
34860	9187.0	68.39185	12237.0	107.00857	21380.4	64.48391	2807.0	9.46	5028.0	7.71
34880	9148.0	68.88338	11731.6	112.06204	21925.3	62.29623	2666.0	9.68	4868.0	7.75
34900	9199.9	68.39151	11344.7	108.91565	22260.3	63.40272	2925.0	9.36	4773.0	7.59
34920	9048.0	67.87247	11459.5	108.12148	22297.3	64.67842	2886.0	9.29	4840.0	7.54
34940	8797.2	67.82775	11502.2	103.46562	22505.3	64.63667	2950.0	8.98	4845.0	7.42
34960	8833.2	68.27498	11521.2	103.00113	22450.4	68.45869	3077.0	8.98	4993.0	7.45
34980	8848.1	68.04401	11317.9	98.23642	22638.3	65.51458	3024.0	8.57	4514.0	7.32
35000	8416.4	67.54794	11383.9	98.19340	23004.4	68.48003	3045.0	8.46	4882.0	7.18
35020	8270.6	68.16368	11665.7	97.72294	22868.3	66.61561	3080.0	8.49	5147.0	7.24
35040	8583.7	71.57631	11699.0	102.12282	22522.4	66.38502	3172.0	8.97	4945.0	7.70
35060	8992.3	70.28941	11828.9	101.93769	21983.4	65.14378	3009.0	9.05	4688.0	7.71
35080	8941.1	67.83768	11858.5	96.76838	22004.4	65.79707	2904.0	8.59	4598.0	7.38
35100	9091.1	69.18284	11333.9	98.26469	22379.4	66.93260	3201.0	8.64	4447.0	7.46
35120	9020.4	72.56091	10985.3	100.71528	22799.3	66.46211	3332.0	8.82	4434.0	7.70
35140	9099.8	66.36879	11255.9	96.82315	22448.5	69.73228	3098.0	8.46	4441.0	7.19
35160	8481.4	67.91010	11111.9	96.04956	23211.4	69.17491	3117.0	8.34	4536.0	7.20
35180	8550.6	70.93100	10547.9	104.05908	23707.3	69.27765	3010.0	8.80	4353.0	7.49
35200	8711.4	69.29678	11268.3	102.52944	22825.3	67.01994	3087.0	8.85	4728.0	7.45
35220	8792.2	67.90208	11265.2	100.72903	22747.5	70.45251	3430.0	8.72	5095.0	7.32
35240	9107.1	69.78718	11283.2	102.19700	22414.4	67.72381	3710.0	8.94	5127.0	7.58
35260	9156.4	61.93673	11402.8	96.87747	22244.5	68.52276	3641.0	8.36	5455.0	6.83
35280	9096.1	69.32040	11609.2	104.41590	22099.3	64.13046	3711.0	9.11	5389.0	7.63
35300	9239.9	68.72131	11855.1	105.72520	21709.3	62.06985	3794.0	9.28	5644.0	7.67
35320	8588.3	67.94999	12120.9	105.12996	22095.3	62.82418	3283.0	9.21	5736.0	7.55
35340	8942.0	67.24452	11650.3	105.70696	22212.4	65.30886	3337.0	9.16	5440.0	7.46
35360	8897.0	66.71181	11482.9	99.35807	22424.3	65.56068	3663.0	8.67	5354.0	7.25
35380	8549.6	70.87227	11595.0	101.36705	22660.5	69.89756	3810.0	8.86	5545.0	7.60
35400	8587.3	67.30828	11829.5	95.69283	22387.5	69.37578	3587.0	8.44	5401.0	7.25
35420	8861.3	70.22412	11990.4	95.29420	21952.4	66.56837	3633.0	8.58	5135.0	7.56
35440	8855.3	70.01463	12028.3	94.04592	21920.4	65.07278	3672.0	8.49	5066.0	7.53
35460	9004.2	69.82285	11993.3	94.06282	21806.4	66.38849	3553.0	8.52	4936.0	7.54
35480	9102.3	72.13555	11498.0	99.92532	22204.4	65.47947	3297.0	8.89	4519.0	7.75
35500	9115.2	70.64905	11648.8	98.86562	22040.3	63.53745	3223.0	8.80	4438.0	7.67
35520	9252.1	70.96567	11630.5	94.61480	21921.4	65.10344	3274.0	8.53	4189.0	7.62
35540	9516.3	75.07466	11361.0	99.35021	21927.3	64.29766	3369.0	8.97	3990.0	8.04
35560	9577.0	71.70088	11382.1	100.77707	21845.3	63.47727	3437.0	9.00	4399.0	7.81
35580	9553.8	69.27119	11787.6	97.37550	21462.4	64.31537	3455.0	8.74	4505.0	7.60
35600	9006.4	72.59877	11200.0	98.63209	22598.4	68.13834	3558.0	8.69	4444.0	7.68
35620	9134.3	72.48045	11139.9	96.43058	22530.3	65.20571	3563.0	8.57	4323.0	7.67
35640	9233.3	72.84170	11498.8	97.55450	22072.5	67.67517	3517.0	8.78	4376.0	7.80
35660	8939.5	72.73295	11705.7	98.65807	22159.4	65.42388	3372.0	8.83	4740.0	7.78
35680	8821.5	71.47198	11590.1	102.32344	22393.4	66.85286	3465.0	9.03	5060.0	7.72
35700	8937.5	72.50821	11670.7	97.32225	22196.4	66.52569	3605.0	8.69	4814.0	7.71
35720	8739.7	73.09923	11870.6	97.52693	22194.3	63.10031	3539.0	8.76	4912.0	7.79
35740	8999.3	70.89697	11736.4	94.19528	22068.4	65.02658	3589.0	8.48	4687.0	7.57
35760	9093.1	69.60804	11549.5	94.02572	22161.4	65.92909	3906.0	8.40	4932.0	7.43
35780	9111.2	70.46124	11222.5	90.61389	22470.5	69.01984	3879.0	8.10	4404.0	7.40
35800	9168.1	70.33133	11226.6	92.09363	22409.5	69.42447	3813.0	8.22	4424.0	7.42
35820	9425.3	74.31583	11264.1	99.62450	22115.4	66.47788	3639.0	8.91	4361.0	7.94
35840	9273.2	71.52189	11341.7	95.56558	22189.5	67.99273	3614.0	8.54	4399.0	7.64
35860	9246.0	69.94358	11360.9	98.12597	22197.4	66.44872	3770.0	8.68	4765.0	7.56
35880	9297.7	66.18481	11306.7	94.78993	22199.5	69.09939	4011.0	8.34	5052.0	7.19
35900	9033.4	72.04345	11606.7	97.46161	22164.4	67.44682	3764.0	8.75	5029.0	7.72
35920	9030.1	69.18641	11740.5	95.49808	22033.5	67.53091	3619.0	8.51	5008.0	7.43
35940	9060.9	66.93365	11709.8	99.06321	22033.5	69.36345	3442.0	8.71	5172.0	7.34
35960	8615.4	69.23941	11738.6	97.04516	22450.4	68.04654	3372.0	8.58	5006.0	7.44
35980	8443.4	67.93383	11672.7	98.33614	22688.4	68.03327	3105.0	8.55	5050.0	7.28
36000	8637.5	69.73079	11554.7	97.28714	22612.4	68.09679	3234.0	8.55	4848.0	7.41
36020	9132.1	69.75497	11058.5	104.21097	22614.4	67.91358	3261.0	9.00	4616.0	7.59
36040	8934.2	69.65227	11709.6	96.39686	22160.4	67.48111	3222.0	8.58	4640.0	7.51
36060	8754.0	65.79617	11289.0	98.84036	22761.4	66.95931	3045.0	8.53	4846.0	7.14
36080	8948.0	66.95900	11723.0	101.92785	22133.4	65.39395	3080.0	8.93	5089.0	7.38
36100	9164.7	65.57918	12184.6	100.38134	21454.3	62.16314	3183.0	8.91	5273.0	7.34
36120	9290.7	66.22880	11773.1	105.06323	21740.3	63.33616	3344.0	9.16	5323.0	7.45
36140	9144.6	63.72904	11609.2	105.08211	22050.2	61.36845	3554.0	9.05	5744.0	7.19
36160	9166.7	64.91668	11394.3	103.66160	22243.4	65.77362	3170.0	8.96	4974.0	7.28
36180	8958.3	70.16938	11183.4	102.81877	22663.3	66.37550	3381.0	8.93	4844.0	7.56
36200	8837.8	64.37457	11734.2	105.66971	22232.5	68.68398	2957.0	9.03	5397.0	7.21
36220	9217.7	65.64469	12223.0	107.68041	21363.3	62.61733	3072.0	9.42	5503.0	7.49
36240	8990.9	66.52278	12310.4	98.89137	21502.3	62.27040	3110.0	8.85	5236.0	7.40
36260	9054.0	67.92173	12634.6	104.76618	21115.4	63.22283	2995.0	9.36	5507.0	7.64
36280	8952.9	66.12065	12762.4	101.37640	21088.3	60.68866	3037.0	9.12	5567.0	7.50
36300	8713.4	69.91099	12785.5	103.97912	21305.4	62.74871	2842.0	9.33	5322.0	7.81
36320	9168.8	66.95085	12204.6	100.84149	21430.3	62.91515	2985.0	8.96	5012.0	7.46
36340	9148.8	66.19258	11966.0	105.46796	21689.3	62.72673	2927.0	9.21	5112.0	7.43
36360	9012.0	68.10850	11823.2	106.46907	21969.4	64.63967	3133.0	9.30	5266.0	7.57
36380	8945.1	68.16128	11992.8	102.64603	21866.4	64.35340	3133.0	9.05	5174.0	7.55
36400	8805.1	66.66895	11696.2	105.34934	22303.4	65.72874	3206.0	9.09	5463.0	7.37
36420	8897.8	64.54054	11658.5	110.03402	22248.3	63.42107	2866.0	9.36	5429.0	7.31
36440	9019.6	63.22047	11967.3	109.56753	21817.3	62.65818	2674.0	9.39	5397.0	7.27
36460	8996.2	58.93174	12574.8	107.07731	21232.4	63.26347	3119.0	9.20	6376.0	6.91
36480	8872.8	64.53837	12373.8	105.82582	21557.4	63.37893	3066.0	9.22	5785.0	7.30
36500	8917.1	67.98358	12438.8	106.00103	21448.3	62.16715	3254.0	9.38	5706.0	7.63
36520	9144.9	67.30278	12153.1	107.74041	21506.3	61.95058	3461.0	9.43	5689.0	7.60
36540	8853.2	68.47988	12620.4	101.32966	21330.3	60.92200	3435.0	9.10	5788.0	7.62
36560	9047.3	70.91410	12134.8	102.51007	21622.4	63.62826	3808.0	9.18	5673.0	7.79
36580	9215.1	70.48570	12648.6	104.55603	20940.3	59.08893	3296.0	9.45	5391.0	7.94
36600	8980.2	70.16090	12536.5	102.11514	21287.3	60.43699	3212.0	9.20	5255.0	7.80
36620	9086.0	67.76322	12242.8	103.94483	21475.3	62.90378	3249.0	9.23	5417.0	7.60
36640	9225.8	66.83304	12154.0	106.94047	21424.4	63.15576	3209.0	9.42	5405.0	7.58
36660	8995.7	64.29228	12320.5	99.48967	21487.4	64.20970	3216.0	8.82	5536.0	7.23
36680	8958.0	67.43002	12277.8	103.72720	21568.4	64.23910	3328.0	9.19	5604.0	7.55
36700	8877.0	66.50969	12123.2	109.45145	21804.3	62.89827	3012.0	9.50	5628.0	7.56
36720	8748.9	64.03286	12001.8	102.26328	22053.4	65.86040	2989.0	8.88	5540.0	7.16
36740	8964.6	62.76105	11997.9	104.24937	21841.4	66.22297	2921.0	8.98	5570.0	7.09
36760	8790.0	65.65237	12380.8	104.93991	21633.4	63.75686	2840.0	9.18	5425.0	7.40
36780	8634.2	67.34527	12643.5	102.60631	21526.3	63.20243	2806.0	9.12	5425.0	7.51
36800	9017.9	66.92745	12313.7	103.73378	21472.4	65.28651	3106.0	9.17	5290.0	7.53
36820	8611.3	67.72348	12432.8	106.02429	21760.4	66.32620	3145.0	9.30	5779.0	7.58
36840	8538.0	63.97525	12560.9	108.95776	21705.3	62.34539	2791.0	9.39	6144.0	7.26
36860	8994.4	61.29146	12032.1	106.31761	21777.4	64.36320	2925.0	9.11	5729.0	7.04
36880	9111.5	62.80511	12083.2	109.13430	21609.3	62.81818	2940.0	9.36	5764.0	7.22
36900	8943.7	64.05293	11793.5	110.45084	22067.3	62.41020	3019.0	9.39	5746.0	7.27
36920	8661.9	63.79361	12145.2	109.82003	21997.4	65.59085	3098.0	9.41	6243.0	7.25
36940	8930.3	59.54149	12489.1	111.37451	21384.3	61.21187	2855.0	9.50	6342.0	7.02
36960	8739.3	58.03895	12529.2	113.01290	21535.4	65.03207	2989.0	9.56	6849.0	6.88
36980	8968.3	59.09586	12279.5	115.59229	21556.4	63.60970	2824.0	9.75	6468.0	7.03
37000	8699.2	56.43653	12447.4	114.60712	21657.4	63.75364	2466.0	9.60	6537.0	6.76
37020	8734.6	61.58263	12759.1	112.65069	21310.4	63.39671	2656.0	9.66	6244.0	7.21
37040	9032.1	57.86943	12526.9	107.77818	21244.3	61.48669	2713.0	9.24	6089.0	6.84
37060	8657.5	60.02925	12963.7	108.16830	21182.4	63.25387	2411.0	9.33	6050.0	7.03
37080	9079.1	58.43312	12274.2	110.28926	21450.3	61.75385	2850.0	9.39	6168.0	6.90
37100	8737.5	60.18514	12692.6	105.21305	21373.4	63.36926	2744.0	9.08	6016.0	6.97
37120	8668.9	64.17540	11871.7	113.97691	22264.3	62.90683	2835.0	9.61	5890.0	7.33
37140	8995.5	62.20817	11846.8	114.86007	21962.3	62.21995	2929.0	9.67	6039.0	7.21
37160	9082.3	60.34338	11456.6	109.17341	22265.3	65.37117	3033.0	9.18	5783.0	6.93
37180	8764.4	59.25338	11805.5	111.28646	22234.5	69.05834	2546.0	9.30	5837.0	6.87
37200	8469.6	59.61707	11956.6	113.68226	22378.4	68.43512	2439.0	9.38	6029.0	6.89
37220	8566.7	61.33660	11983.5	112.39847	22254.4	65.88372	2673.0	9.43	6109.0	7.03
37240	8455.6	59.14522	12252.1	108.34863	22096.3	64.86634	2676.0	9.13	6260.0	6.81
37260	8651.7	61.18903	12069.4	112.09791	22083.4	65.75385	2844.0	9.40	6239.0	7.03
37280	8674.8	62.40969	11758.8	114.02770	22371.4	66.51405	3276.0	9.52	6452.0	7.14
37300	8552.5	59.30521	11919.5	112.43400	22332.4	66.35257	2948.0	9.35	6476.0	6.85
37320	8622.6	60.20772	12055.1	106.90331	22126.4	66.46748	2755.0	9.07	5953.0	6.89
37340	8327.8	60.82572	12166.2	110.24256	22310.4	66.82775	2757.0	9.28	6322.0	6.97
37360	8265.9	60.84142	11927.4	110.60204	22611.3	65.70535	2673.0	9.20	6248.0	6.91
37380	8624.6	60.36957	12267.2	110.04223	21912.4	65.32697	2615.0	9.32	6009.0	7.00
37400	8584.5	58.89941	12360.0	107.92749	21859.3	64.02842	2218.0	9.15	5768.0	6.83
37420	8591.8	62.83480	12406.0	108.65526	21806.4	65.54192	2195.0	9.34	5552.0	7.20
37440	8367.3	65.98955	12181.0	106.46062	22256.4	66.48349	2119.0	9.20	4945.0	7.35
37460	8695.9	64.51059	11863.2	106.19425	22245.3	65.10585	2251.0	9.09	4870.0	7.23
37480	8895.9	65.26837	11852.4	108.99480	22056.4	65.61817	2389.0	9.34	4872.0	7.39
37500	8916.4	60.64848	12015.2	107.47147	21872.4	64.53798	2161.0	9.14	5120.0	6.97
37520	8851.5	60.98727	11759.2	106.24395	22193.4	67.73255	2159.0	8.99	4924.0	6.95
37540	8630.9	63.26765	11586.4	107.32073	22587.4	66.54344	2412.0	9.12	5134.0	7.12
37560	8473.9	62.08874	11400.8	110.84864	22930.3	65.88205	2296.0	9.19	5299.0	7.01
37580	8403.0	62.74507	11425.7	110.61336	22976.4	68.46169	2606.0	9.15	5518.0	7.02
37600	8526.0	63.70673	11553.2	104.52767	22725.4	68.38678	2406.0	8.84	5040.0	7.04
37620	8519.3	67.47593	10971.7	105.66202	23314.5	72.01621	2562.0	8.91	4606.0	7.30
37640	8852.9	65.03183	11413.0	100.17045	22538.5	69.86904	2391.0	8.63	4350.0	7.10
37660	9145.8	66.50448	10964.9	95.02838	22693.4	68.74888	2947.0	8.30	4056.0	7.14
37680	9210.1	70.25539	11167.3	101.52373	22427.3	64.47517	2967.0	8.88	4159.0	7.59
37700	9316.2	72.06084	11318.1	100.26282	22170.3	65.14589	3198.0	8.89	4167.0	7.78
37720	9327.9	69.33846	11314.9	97.89570	22161.3	64.51074	3399.0	8.69	4517.0	7.51
37740	8999.2	69.21824	11803.4	94.89460	22001.4	66.01988	3196.0	8.51	4588.0	7.46
37760	8979.3	70.74362	11868.2	92.72517	21956.4	66.51394	3114.0	8.38	4294.0	7.54
37780	9166.2	71.47989	11737.6	96.81542	21900.4	66.08897	3063.0	8.72	4285.0	7.71
37800	9387.0	70.35687	11268.7	93.76716	22148.5	68.09498	3277.0	8.40	3924.0	7.50
37820	8973.3	70.75930	11161.0	97.38532	22670.5	69.62760	3060.0	8.54	3995.0	7.51
37840	8798.5	70.96655	11483.7	96.31387	22522.3	65.92460	3179.0	8.54	4327.0	7.54
37860	8898.4	71.14686	11076.9	96.24908	22829.4	68.16138	3279.0	8.47	4246.0	7.52
37880	8614.6	71.16554	11341.9	97.89892	22848.4	69.79217	3347.0	8.57	4646.0	7.51
37900	8894.4	70.72693	10792.5	101.07951	23118.5	70.95638	3571.0	8.73	4666.0	7.54
37920	8987.2	69.46608	10793.6	102.39446	23024.4	68.48761	3274.0	8.80	4464.0	7.47
37940	9152.1	69.26659	10910.2	98.82105	22742.5	70.33041	3405.0	8.58	4313.0	7.40
37960	9238.1	70.85403	11006.3	100.01811	22560.4	66.69266	3453.0	8.78	4359.0	7.62
37980	9010.5	73.16079	11262.9	97.28011	22531.3	65.15246	3501.0	8.63	4381.0	7.73
38000	8916.6	73.48549	11379.7	95.16865	22508.3	64.44998	3543.0	8.52	4482.0	7.70
38020	9051.5	73.13280	11278.8	96.58802	22474.3	64.79381	3501.0	8.63	4249.0	7.75
38040	9192.4	73.75726	11311.0	99.63859	22301.4	67.04832	3538.0	8.89	4361.0	7.87
38060	9125.3	71.76264	11005.0	96.36847	22674.4	66.98840	3662.0	8.55	4416.0	7.62
38080	8822.6	73.03778	11542.9	99.95055	22439.4	67.76008	3216.0	8.83	4435.0	7.78
38100	8791.6	72.24312	11557.1	101.91866	22456.3	63.22177	3261.0	8.99	4817.0	7.74
38120	8527.8	72.60168	11650.0	102.34756	22627.4	68.25121	3076.0	8.98	4816.0	7.74
38140	8880.2	68.35306	11207.2	100.67728	22717.4	67.78828	3398.0	8.71	4914.0	7.36
38160	9101.7	65.25602	10892.6	103.31351	22810.5	70.25881	3330.0	8.78	4967.0	7.14
38180	9395.4	63.96090	10914.1	96.82650	22494.5	70.60891	3363.0	8.36	4616.0	6.98
38200	9019.8	65.81570	11530.9	99.43416	22253.4	68.03742	2835.0	8.67	4667.0	7.24
38220	8848.3	69.71778	11284.3	102.80593	22672.4	68.04299	2990.0	8.92	4568.0	7.52
38240	8971.3	71.04727	11214.7	107.63307	22619.4	66.89033	3203.0	9.25	4893.0	7.69
38260	9026.0	67.83095	11965.0	104.83563	21813.2	61.00403	3259.0	9.22	5300.0	7.57
38280	8960.2	69.62123	12047.1	106.94152	21797.3	62.09639	2904.0	9.40	5078.0	7.76
38300	8947.2	69.50426	12455.4	100.09607	21401.3	60.97133	3081.0	9.02	5128.0	7.67
38320	9148.7	65.53281	12028.9	103.06993	21626.2	60.80383	2705.0	9.03	4846.0	7.35
38340	9196.7	65.30293	11767.1	105.08121	21840.4	64.71058	2880.0	9.13	5028.0	7.34
38360	9035.0	67.78357	12057.0	104.87161	21712.3	61.91959	2797.0	9.23	5001.0	7.56
38380	8663.5	70.26230	12321.7	103.74571	21819.4	64.43462	2910.0	9.20	5149.0	7.71
38400	8276.6	68.01483	12461.3	97.43487	22066.5	67.70907	2540.0	8.64	5002.0	7.38
38420	8652.2	67.31428	11825.8	100.85823	22326.5	69.21397	2701.0	8.79	4831.0	7.32
38440	8271.6	68.35876	11545.2	103.62111	22988.4	68.52456	2815.0	8.88	5026.0	7.38
38460	8657.1	66.31534	11616.0	101.64121	22531.4	68.57240	2533.0	8.76	4627.0	7.24
38480	8719.2	67.14121	11229.4	103.92241	22856.3	66.79645	2658.0	8.90	4595.0	7.32
38500	8858.0	66.66472	11224.3	102.14445	22722.4	68.13884	2850.0	8.77	4540.0	7.27
38520	8608.1	66.14493	10758.3	98.00464	23438.5	72.50260	2991.0	8.34	4520.0	7.04
38540	8983.9	66.46950	11141.2	100.40859	22679.5	71.36171	3033.0	8.66	4639.0	7.23
38560	8634.1	65.80221	11340.2	101.48591	22830.4	69.85086	2545.0	8.70	4571.0	7.16
38580	9085.6	64.12805	11205.0	97.46623	22513.5	68.98520	2728.0	8.45	4306.0	7.03
38600	8664.2	66.86094	11292.3	102.98898	22848.4	68.66436	2643.0	8.79	4617.0	7.25
38620	8950.8	65.25143	10966.3	100.17247	22887.4	68.67979	2818.0	8.59	4465.0	7.10
38640	8853.3	70.18480	10898.5	102.50357	23053.3	67.56227	2981.0	8.83	4399.0	7.49
38660	9060.9	67.40858	11382.1	101.10164	22361.4	68.21577	2952.0	8.77	4489.0	7.37
38680	9047.9	66.49605	11293.1	100.78713	22463.4	67.27940	2811.0	8.78	4573.0	7.30
38700	8683.2	67.22909	11013.2	99.83301	23108.5	71.43083	2901.0	8.54	4515.0	7.20
38720	8488.2	65.89126	11179.1	99.20620	23137.4	69.44756	2704.0	8.48	4541.0	7.09
38740	8756.1	66.52901	10719.6	101.47231	23329.4	70.54587	2626.0	8.59	4190.0	7.14
38760	8230.1	72.99598	10918.5	101.88600	23657.4	69.52998	2408.0	8.75	3962.0	7.61
38780	8284.8	70.53759	11319.9	97.65682	23200.4	69.46581	2499.0	8.48	4033.0	7.41
38800	8633.7	72.09621	10923.0	96.19062	23248.5	73.75990	2627.0	8.38	3599.0	7.49
38820	8574.8	72.76486	10985.7	92.55604	23244.3	67.61336	3072.0	8.16	3742.0	7.46
38840	8961.4	71.95237	10992.9	94.17005	22850.4	69.24435	3189.0	8.31	3777.0	7.51
38860	9140.4	72.99433	10745.2	96.54562	22919.4	68.01735	3255.0	8.50	3762.0	7.65
38880	8822.6	73.34807	10852.1	96.71497	23130.4	69.35731	3405.0	8.50	4066.0	7.66
38900	8997.4	71.80957	11214.0	97.54447	22593.4	66.74671	3221.0	8.63	4269.0	7.64
38920	9085.9	67.20440	10608.7	101.49243	23110.3	67.61136	3261.0	8.65	4478.0	7.25
38940	9226.9	68.32815	10555.6	100.15407	23022.4	69.54447	3199.0	8.60	4166.0	7.32
38960	9686.6	67.81051	10644.5	99.20151	22473.4	66.23615	3416.0	8.62	4138.0	7.34
38980	9375.9	69.07108	10540.7	101.63655	22888.4	67.96638	3093.0	8.77	3925.0	7.45
39000	9352.3	73.12523	10698.7	102.97724	22754.4	69.08576	3157.0	8.99	3830.0	7.81
39020	9317.0	70.33511	11027.2	98.73385	22460.4	66.53905	3164.0	8.75	4091.0	7.60
39040	9277.8	67.28630	11069.1	98.23445	22457.5	68.84680	3034.0	8.57	4128.0	7.29
39060	9033.0	68.17600	11166.0	97.90258	22605.4	68.50762	2869.0	8.54	4073.0	7.34
39080	9225.1	70.56897	11184.0	98.26503	22395.5	69.06096	2949.0	8.66	3905.0	7.56
39100	8865.4	71.37963	11393.6	94.66006	22545.4	66.61569	3217.0	8.43	4214.0	7.53
39120	8862.5	72.51219	11772.5	96.19197	22169.4	67.14926	3054.0	8.64	4311.0	7.70
39140	9072.2	70.28991	11620.6	96.19955	22111.3	64.59094	2956.0	8.57	4137.0	7.54
39160	8832.8	74.71903	11496.7	96.15386	22475.3	65.96259	3150.0	8.61	4028.0	7.85
39180	8593.6	70.46867	11608.3	91.48306	22602.4	68.12519	3039.0	8.17	4189.0	7.39
39200	8881.4	71.42081	11490.6	95.18331	22432.5	70.15390	3120.0	8.47	4191.0	7.55
39220	8909.6	73.93373	10684.3	97.07779	23211.4	70.75820	3323.0	8.51	3863.0	7.67
39240	9172.4	72.93658	10676.1	94.79952	22956.4	68.19242	3177.0	8.39	3511.0	7.60
39260	8852.5	72.05540	10959.0	96.05077	22993.5	70.89986	2855.0	8.46	3713.0	7.57
39280	9005.5	72.92394	10850.2	97.95092	22949.4	70.11210	3038.0	8.60	3655.0	7.68
39300	9116.2	70.53120	10851.0	95.15619	22837.4	67.88411	3107.0	8.34	3734.0	7.42
39320	8714.6	71.63331	11014.2	98.57498	23076.4	68.34746	2936.0	8.59	4094.0	7.53
39340	8820.2	68.37396	10869.3	99.14720	23115.3	67.18727	2843.0	8.56	4141.0	7.30
39360	8675.4	69.89835	10923.2	98.70046	23206.4	69.18630	2703.0	8.52	3835.0	7.40
39380	8582.8	72.88855	11300.9	97.06288	22921.4	69.60354	2667.0	8.53	3706.0	7.64
39400	8386.8	70.97585	11168.9	95.92124	23249.4	70.16397	2617.0	8.36	3823.0	7.42
39420	8876.2	69.16544	11047.8	94.57329	22880.5	72.02216	2415.0	8.30	3376.0	7.31
39440	8683.8	74.12600	10800.4	99.38456	23321.5	71.87192	2596.0	8.63	3424.0	7.71
39460	8979.2	69.74023	10636.1	94.56869	23189.4	69.43421	2804.0	8.24	3512.0	7.30
39480	8700.6	71.83993	10287.7	99.51872	23817.4	71.26798	2636.0	8.50	3428.0	7.47
39500	9233.0	69.66241	10379.9	101.92105	23192.3	65.35288	2891.0	8.72	3604.0	7.46
39520	9057.0	67.62012	10429.8	102.11378	23318.4	69.40972	2771.0	8.66	3928.0	7.25
39540	8929.1	67.59715	10393.0	104.22192	23483.4	70.45917	2574.0	8.76	3939.0	7.28
39560	8649.1	66.41228	10656.5	100.53423	23499.4	70.41486	2577.0	8.49	4095.0	7.10
39580	8728.3	68.54916	10965.2	99.06117	23111.4	68.98316	2579.0	8.52	3871.0	7.30
39600	8819.1	67.58692	10973.0	95.96464	23012.4	69.35484	2826.0	8.32	4006.0	7.19
39620	8853.3	69.60705	11430.7	95.74223	22520.4	66.78551	2773.0	8.46	4123.0	7.40
39640	8933.7	74.39797	11016.3	101.10689	22855.3	65.66501	2800.0	8.90	3759.0	7.86
39660	9300.9	68.77678	10877.4	100.62714	22626.4	67.46393	3007.0	8.77	4084.0	7.45
39680	9342.0	69.59282	11325.1	99.83970	22137.4	66.51276	2882.0	8.82	4036.0	7.57
39700	9196.4	73.88949	11382.9	98.44633	22225.4	65.77148	2904.0	8.80	3810.0	7.85
39720	9040.5	73.29639	11098.2	99.71808	22666.4	68.15618	2844.0	8.77	3684.0	7.77
39740	9238.0	69.86651	11368.7	95.16570	22197.4	67.13584	3065.0	8.49	4036.0	7.50
39760	9387.9	69.83937	11093.1	98.88186	22323.5	68.87354	3031.0	8.68	3916.0	7.53
39780	8932.3	70.86170	11351.7	95.06041	22520.4	68.98837	2969.0	8.45	4057.0	7.49
39800	8901.6	73.43421	11176.7	93.81969	22726.4	68.37915	3008.0	8.35	3580.0	7.65
39820	8225.1	72.58073	10963.9	94.47279	23616.4	69.50327	2911.0	8.24	3909.0	7.45
39840	8590.1	76.80053	10543.4	97.89536	23672.4	72.26992	3071.0	8.55	3613.0	7.82
39860	8611.6	70.66948	11085.6	91.50937	23107.4	68.67759	2859.0	8.08	3692.0	7.34
39880	8453.1	74.60567	11227.6	92.38388	23124.3	66.28892	2984.0	8.25	3695.0	7.64
39900	8554.0	74.59234	10956.9	95.04444	23294.4	69.53974	2916.0	8.38	3590.0	7.67
39920	8953.4	71.94766	10736.1	95.54104	23115.5	71.51793	2963.0	8.34	3393.0	7.51
39940	9021.4	72.21957	11096.9	96.01188	22686.4	67.66747	2826.0	8.49	3608.0	7.61
39960	8847.4	70.69345	11169.8	95.22000	22787.4	68.41005	2633.0	8.39	3623.0	7.46
39980	8838.7	74.05490	10584.4	97.52400	23382.4	71.10513	3193.0	8.49	3787.0	7.64
40000	8451.0	74.10227	10726.0	93.79258	23628.4	70.23138	2853.0	8.22	3429.0	7.56
40020	8707.9	75.16561	10270.6	97.31222	23827.4	70.62350	2915.0	8.41	3174.0	7.65
40040	8948.4	71.55572	10220.5	96.01316	23636.5	73.64150	2954.0	8.26	3310.0	7.39
40060	8863.9	75.94078	10594.0	93.03769	23347.5	72.32176	3445.0	8.24	3461.0	7.76
40080	8505.2	76.43588	10849.9	93.54044	23450.5	71.99888	3443.0	8.30	3886.0	7.74
40100	8698.9	74.51767	11081.6	91.63647	23024.4	69.68010	3434.0	8.20	3930.0	7.64
40120	8636.1	76.66057	11065.7	92.42101	23103.3	67.01512	3408.0	8.27	3806.0	7.79
40140	8780.7	73.14438	11247.7	94.40673	22776.4	67.89935	3025.0	8.38	3771.0	7.62
40160	8559.0	74.80801	11295.0	98.29952	22951.3	67.38444	2770.0	8.66	3815.0	7.79
40180	8901.6	73.91501	11287.8	96.42447	22615.3	64.04845	2935.0	8.58	3773.0	7.75
40200	8921.2	69.21069	11700.4	93.84353	22182.4	66.05271	2810.0	8.38	4090.0	7.41
40220	8976.9	66.65563	11961.6	98.91387	21865.4	65.37020	2605.0	8.74	4466.0	7.36
40240	8577.7	72.26302	12132.5	99.33336	22094.3	64.46616	2944.0	8.88	4769.0	7.74
40260	8785.1	67.17057	11819.5	95.67974	22199.4	66.64796	2603.0	8.49	4338.0	7.29
40280	8286.5	67.43809	12322.3	96.45858	22195.4	65.71246	2338.0	8.57	4616.0	7.32
40300	8555.4	68.15601	11696.8	98.75059	22552.4	68.44089	2612.0	8.63	4487.0	7.34
40320	8606.2	67.06524	11801.6	97.88158	22396.4	67.13021	2400.0	8.59	4361.0	7.28
40340	8581.4	69.15739	11575.0	101.98073	22648.4	68.40215	2574.0	8.85	4454.0	7.46
40360	8502.6	70.26635	11331.3	104.04981	22971.3	66.85508	2660.0	8.95	4572.0	7.54
40380	8665.3	68.00793	11147.9	96.83235	22991.4	68.10379	2952.0	8.40	4427.0	7.23
40400	8665.5	70.57452	11028.3	100.42892	23111.5	71.21130	3030.0	8.67	4300.0	7.48
40420	8995.2	69.82362	11052.4	102.62021	22757.4	68.31161	2695.0	8.89	4152.0	7.53
40440	9062.8	65.49487	10745.7	104.12230	22996.4	67.92852	2641.0	8.80	4207.0	7.17
40460	8906.3	69.77064	11192.4	103.58117	22706.4	67.39380	2539.0	8.94	4167.0	7.52
40480	8629.5	70.24092	10894.5	101.94214	23281.2	65.01916	2685.0	8.75	4188.0	7.45
40500	8754.5	70.99752	11150.5	104.90576	22900.5	70.79829	2475.0	9.02	4076.0	7.63
40520	8329.0	72.43476	11263.3	103.39843	23213.4	68.32709	2136.0	8.90	3949.0	7.63
40540	8923.1	68.57662	11255.0	98.44549	22626.4	66.69837	2807.0	8.57	4086.0	7.37
40560	9079.0	68.46882	11121.8	94.74269	22603.4	66.87588	2941.0	8.36	3993.0	7.31
40580	8978.3	71.03389	11472.7	96.36107	22353.4	67.37851	2924.0	8.57	4054.0	7.57
40600	8608.6	70.94032	11448.7	96.09880	22747.4	68.23285	2895.0	8.49	4275.0	7.48
40620	8674.7	72.50811	11036.9	94.77658	23093.3	66.61442	3084.0	8.34	3994.0	7.51
40640	8615.5	70.37980	10947.0	95.94922	23242.4	69.47444	3064.0	8.34	4135.0	7.36
40660	8783.5	71.25808	10885.4	100.79801	23136.3	66.63085	3119.0	8.72	4261.0	7.55
40680	8677.7	72.44191	10872.5	102.40206	23255.4	68.51381	2985.0	8.82	4237.0	7.64
40700	8509.1	64.80259	11364.6	93.94268	22930.4	68.53596	2829.0	8.13	4606.0	6.93
40720	8152.6	67.49970	11524.8	98.37903	23127.4	70.46783	2699.0	8.45	4694.0	7.19
40740	7963.1	70.21315	11320.0	99.63313	23522.5	72.81123	2632.0	8.57	4627.0	7.37
40760	8519.7	70.94567	10966.7	105.16778	23319.3	67.34997	2694.0	8.95	4366.0	7.56
40780	8771.3	69.23801	11234.1	99.92853	22799.4	67.73320	2536.0	8.68	3998.0	7.44
40800	9152.0	68.37507	10629.4	98.70429	23023.4	70.12378	2624.0	8.48	3582.0	7.29
40820	8667.3	67.87158	11177.0	97.85419	22960.4	69.92331	2456.0	8.46	3966.0	7.25
40840	8805.1	67.17680	10748.3	97.59310	23251.5	72.07612	2462.0	8.36	3739.0	7.14
40860	8702.5	71.03079	11163.1	99.38006	22939.5	71.02180	2360.0	8.66	3729.0	7.53
40880	8455.7	71.25049	10978.2	98.79544	23371.4	68.79573	2314.0	8.55	3635.0	7.48
40900	8251.9	70.74290	11102.4	102.99852	23451.4	70.59236	2110.0	8.79	3905.0	7.46
40920	8339.5	67.85196	11187.9	96.49910	23277.4	69.55014	2187.0	8.29	3854.0	7.14
40940	8447.6	69.96630	11090.3	101.44243	23267.4	70.77272	2483.0	8.69	4073.0	7.44
40960	8220.4	66.18507	11095.3	100.60489	23489.5	71.96669	2163.0	8.52	4241.0	7.08
40980	8325.3	65.89440	10799.4	99.34695	23680.4	70.54520	2272.0	8.36	4081.0	6.99
41000	8045.8	68.18829	10947.6	104.16773	23812.4	72.73311	1860.0	8.72	4072.0	7.22
41020	8311.3	65.93366	11125.4	103.26338	23368.5	73.14152	1918.0	8.70	4065.0	7.12
41040	8380.0	62.55094	11021.3	101.22581	23403.5	72.42370	1580.0	8.46	3893.0	6.81
41060	8132.5	66.08643	11051.6	104.71542	23621.5	72.49493	1653.0	8.72	3979.0	7.12
41080	8098.7	67.75361	10752.9	106.11687	23954.4	72.96018	1923.0	8.79	3990.0	7.22
41100	8097.8	68.38985	11149.5	103.92855	23558.4	70.57937	1830.0	8.76	4107.0	7.27
41120	8232.5	66.91936	11042.4	102.00922	23530.5	72.21108	2024.0	8.60	4074.0	7.13
41140	8222.6	67.36210	10860.3	99.11477	23722.4	71.20383	2075.0	8.42	3961.0	7.11
41160	8247.9	71.36314	10798.6	102.05906	23759.5	73.62572	2299.0	8.66	3755.0	7.48
41180	8078.0	70.97263	10689.4	98.48523	24038.4	72.76959	2393.0	8.37	3682.0	7.33
41200	8333.8	70.99417	10255.9	101.27183	24216.5	74.34634	2417.0	8.52	3525.0	7.37
41220	8428.4	67.76090	10224.8	99.72594	24152.5	76.59811	2189.0	8.33	3441.0	7.09
41240	8209.3	74.53543	10207.5	96.10601	24389.4	73.27935	2773.0	8.23	3273.0	7.49
41260	8122.5	75.95965	10276.4	94.73602	24407.5	75.32565	2542.0	8.16	2973.0	7.57
41280	8090.1	71.61021	10120.3	92.64518	24595.5	77.17989	2489.0	7.90	3020.0	7.17
41300	8278.9	71.89769	9797.8	95.91029	24729.5	75.89659	2426.0	8.08	2876.0	7.26
41320	8518.6	70.32923	9767.0	97.33647	24520.4	74.22085	2366.0	8.16	2928.0	7.19
41340	8851.1	67.53505	9990.5	93.70470	23963.4	72.09046	2383.0	7.96	2944.0	6.99
41360	8696.3	68.76092	9893.7	95.27062	24215.4	72.65438	2061.0	8.05	2576.0	7.07
41380	8568.6	70.40287	10095.3	91.52296	24141.4	73.21195	1952.0	7.82	2233.0	7.13
41400	8539.0	75.06329	10261.4	94.89637	24005.4	72.38282	2011.0	8.21	2315.0	7.57
41420	8446.9	72.93408	10271.3	93.62237	24087.5	74.66993	2062.0	8.05	2398.0	7.38
41440	8492.5	69.23405	10093.2	91.08294	24219.5	74.53831	2071.0	7.80	2501.0	7.04
41460	8722.5	71.05767	9986.7	96.37799	24096.5	74.34086	2135.0	8.19	2597.0	7.29
41480	8199.8	70.21427	10809.9	92.75788	23795.4	72.16984	2105.0	8.02	3191.0	7.18
41500	8588.9	74.03555	10386.6	98.72404	23830.5	73.21275	2478.0	8.49	3163.0	7.56
41520	8681.5	70.66771	10337.5	96.78448	23786.4	70.27876	2590.0	8.31	3353.0	7.32
41540	8790.1	67.07512	10208.3	93.26272	23806.4	72.64843	2515.0	7.96	3282.0	6.97
41560	8695.8	73.64590	10115.9	99.67732	23994.4	72.79244	2412.0	8.50	2901.0	7.58
41580	8920.4	71.41445	9601.3	99.33897	24284.4	71.40529	2697.0	8.35	3061.0	7.34
41600	8861.2	68.36585	9727.2	100.08553	24217.5	74.30474	2323.0	8.32	2965.0	7.14
41620	8682.6	71.98178	9544.7	103.31585	24579.4	72.72423	2238.0	8.58	2860.0	7.41
41640	9041.9	67.09867	10254.5	96.02904	23508.6	75.76700	2117.0	8.19	2916.0	7.07
41660	8846.5	71.46602	10420.8	101.25281	23538.4	72.00782	2145.0	8.65	3024.0	7.50
41680	8751.1	67.28596	10222.7	98.57408	23831.4	71.84258	2351.0	8.30	3368.0	7.08
41700	8427.4	67.91458	10542.8	103.07245	23835.4	72.64161	2393.0	8.62	4002.0	7.21
41720	8184.4	65.03802	11069.1	98.63231	23551.5	74.05392	2372.0	8.32	4488.0	6.91
41740	8190.6	67.89819	10635.5	99.76363	23979.5	75.02480	2231.0	8.39	3863.0	7.11
41760	8332.9	71.41038	10364.9	101.81297	24108.5	74.06249	2476.0	8.59	3736.0	7.41
41780	8740.0	65.52451	10539.3	96.41713	23525.5	74.02590	2506.0	8.17	3742.0	6.95
41800	8688.2	67.86478	10406.6	99.40611	23710.4	70.90094	2519.0	8.41	3741.0	7.16
41820	8579.3	67.81077	10718.4	99.77467	23507.5	72.90765	2480.0	8.47	3922.0	7.21
41840	8912.1	67.82211	10706.5	100.61706	23186.6	74.21776	2937.0	8.57	4223.0	7.26
41860	8515.4	68.12766	11082.0	97.00873	23207.5	71.92513	3122.0	8.33	4531.0	7.20
41880	8620.4	69.37149	11410.8	97.36644	22773.5	69.93189	2928.0	8.51	4499.0	7.36
41900	8812.7	63.26497	11275.9	97.11165	22715.5	69.86381	2999.0	8.35	4789.0	6.90
41920	8701.2	66.99703	10976.4	101.78779	23127.5	71.42835	2967.0	8.68	4594.0	7.23
41940	8627.5	69.95204	10875.6	102.89581	23302.4	70.72203	2882.0	8.82	4500.0	7.44
41960	8858.2	69.11143	10630.0	106.52816	23317.4	70.31763	2911.0	8.98	4437.0	7.42
41980	8556.3	67.89335	10594.4	97.61879	23654.4	69.60268	3032.0	8.31	4213.0	7.13
42000	8407.7	69.92393	10895.4	100.80356	23502.4	70.56425	2730.0	8.63	4298.0	7.37
42020	8259.7	69.26391	10993.1	98.13053	23552.5	73.05324	2792.0	8.40	4340.0	7.26
42040	8426.5	68.38999	10726.3	98.13250	23652.3	68.99455	2792.0	8.35	4245.0	7.17
42060	8367.5	68.14093	10668.8	104.10193	23769.4	72.68989	2643.0	8.72	4416.0	7.25
42080	8847.5	71.95693	10464.8	101.62911	23493.5	72.10309	2907.0	8.69	3805.0	7.55
42100	8379.1	73.99576	10855.2	97.38830	23571.5	73.37308	3011.0	8.47	4025.0	7.59
42120	9059.3	71.55202	10612.2	95.62717	23133.4	70.06272	3167.0	8.35	3603.0	7.46
42140	9021.4	72.16698	10458.3	95.57244	23325.3	68.36338	3164.0	8.33	3594.0	7.48
42160	8934.2	68.97567	10769.1	95.80732	23101.4	69.77230	2998.0	8.35	3842.0	7.32
42180	8472.6	70.03702	11635.8	98.61332	22696.3	66.33981	2677.0	8.60	4409.0	7.44
42200	8580.6	70.32174	11067.5	103.48333	23157.4	70.25682	2611.0	8.85	4249.0	7.48
42220	8897.3	70.54524	10943.3	100.08475	22964.4	68.89461	2717.0	8.70	3876.0	7.53
42240	8553.5	69.00973	10830.3	98.98138	23421.4	70.15872	2672.0	8.46	3907.0	7.29
42260	8234.9	70.84793	10714.6	101.43016	23856.4	71.26357	2763.0	8.59	4281.0	7.38
42280	8524.7	70.90091	10526.5	98.96836	23754.5	73.43085	2779.0	8.47	3874.0	7.38
42300	8759.4	70.52397	10220.8	99.66976	23825.4	71.25018	3102.0	8.46	3893.0	7.34
42320	8375.8	70.79725	10424.3	95.66392	24005.4	72.72784	3124.0	8.18	3977.0	7.28
42340	8438.0	73.70583	10086.0	100.81591	24282.5	74.97765	3327.0	8.53	4001.0	7.55
42360	8937.2	69.56853	10581.2	95.41224	23286.4	70.91127	2924.0	8.28	3724.0	7.29
42380	8836.4	70.53875	10725.4	98.70725	23243.4	69.11658	2843.0	8.51	3906.0	7.39
42400	8608.5	69.44766	11081.1	98.68089	23115.4	68.72005	2622.0	8.52	4061.0	7.34
42420	8661.1	66.11713	11190.8	94.96812	22952.5	70.52813	2650.0	8.22	4133.0	7.08
42440	8939.1	68.02094	11053.2	100.09079	22812.4	68.25380	2788.0	8.65	4236.0	7.31
42460	8693.4	70.03319	10867.1	97.07225	23244.4	69.66786	3179.0	8.41	4251.0	7.36
42480	8543.9	73.44667	10840.3	99.16853	23421.2	65.80511	3057.0	8.58	4060.0	7.62
42500	8844.4	71.28864	10882.2	98.63461	23078.4	68.74124	2888.0	8.58	3896.0	7.53
42520	8710.5	71.08699	11150.2	99.88296	22944.4	67.71856	2756.0	8.69	4056.0	7.55
42540	9170.2	71.36378	10549.7	101.25411	23085.3	66.80182	3162.0	8.72	3883.0	7.57
42560	9280.3	73.12680	10668.7	102.23931	22856.3	67.03340	3494.0	8.89	4145.0	7.74
42580	9156.5	73.87249	10866.2	97.20342	22782.4	68.64880	3718.0	8.62	4222.0	7.75
42600	9359.3	73.63466	10847.4	100.40178	22598.3	64.81473	3507.0	8.82	4068.0	7.81
42620	9239.2	71.61376	11377.1	101.31642	22188.3	63.26722	3219.0	8.95	4327.0	7.74
42640	9264.3	73.24876	11643.1	102.71736	21897.3	61.81917	3182.0	9.16	4377.0	7.96
42660	9120.9	67.86344	11469.0	100.72183	22214.3	64.29048	2909.0	8.83	4499.0	7.43
42680	9634.7	68.42296	11540.8	98.71711	21628.3	63.50474	3277.0	8.80	4376.0	7.53
42700	9609.0	72.23783	11734.7	98.69182	21460.2	59.67299	3565.0	8.97	4375.0	7.91
42720	9941.6	70.11290	11774.8	99.86032	21087.4	62.52515	3379.0	9.04	4345.0	7.81
42740	9951.7	70.70034	11426.1	101.08950	21426.3	61.78310	3771.0	9.07	4565.0	7.80
42760	9515.1	72.92901	11585.0	101.70389	21704.3	62.27637	3859.0	9.15	4884.0	7.97
42780	9432.0	70.19020	11547.0	101.30790	21825.3	61.64013	4031.0	8.99	5182.0	7.69
42800	8833.4	71.21861	11832.7	98.77117	22138.4	66.01495	4105.0	8.84	5729.0	7.66
42820	9088.3	71.43171	11812.6	97.47670	21903.4	64.49484	3892.0	8.77	5246.0	7.71
42840	8900.2	68.73400	11893.6	98.58378	22010.4	64.93479	3848.0	8.76	5498.0	7.51
42860	9032.0	67.51816	11755.8	100.56848	22016.4	66.19376	3760.0	8.83	5406.0	7.44
42880	8736.1	66.25504	12236.3	95.94316	21831.4	64.80625	3509.0	8.54	5533.0	7.25
42900	8635.5	70.48188	11894.6	98.24569	22274.4	66.47958	3368.0	8.72	5130.0	7.57
42920	8848.2	68.53613	11947.7	99.79212	22008.3	63.64704	3561.0	8.85	5570.0	7.47
42940	9124.0	67.93821	11699.0	101.72127	21981.4	65.71504	3360.0	8.93	5095.0	7.48
42960	9175.9	68.00799	11650.9	100.81383	21977.4	65.37505	3772.0	8.86	5339.0	7.45
42980	9310.9	68.55728	11937.3	94.60361	21555.4	65.68223	3689.0	8.56	4979.0	7.47
43000	8993.5	72.94950	11721.4	93.69285	22089.4	66.76348	4019.0	8.48	4956.0	7.69
43020	9294.0	70.05840	11816.1	90.59570	21693.5	66.88383	3923.0	8.31	4785.0	7.51
43040	9086.2	70.56376	11353.5	92.45417	22364.5	68.76540	3805.0	8.27	4582.0	7.46
43060	8779.7	74.06351	11542.5	94.43523	22482.4	68.67820	3960.0	8.47	4936.0	7.72
43080	8759.7	73.41582	11087.1	98.05982	22958.4	68.14275	4029.0	8.61	4981.0	7.68
43100	8972.1	68.45191	10952.1	97.71261	22880.3	66.67272	3794.0	8.49	4941.0	7.30
43120	9102.0	68.56909	10915.3	99.22007	22787.4	67.55025	3701.0	8.59	4700.0	7.37
43140	9019.6	73.91103	10891.3	99.90650	22894.4	69.65429	3996.0	8.73	4798.0	7.74
43160	9009.1	69.02802	11141.3	102.01420	22654.3	65.35205	4022.0	8.80	5383.0	7.45
43180	9199.1	70.04742	11428.0	100.43024	22177.3	64.43524	3860.0	8.88	5128.0	7.61
43200	9343.1	71.10882	11527.3	105.25010	21934.3	63.99668	3713.0	9.26	5129.0	7.83
43220	9387.8	68.26568	11258.5	105.86145	22158.4	66.28300	3649.0	9.17	5098.0	7.58
43240	9392.1	71.74464	11516.0	101.10120	21896.4	65.66743	3708.0	9.05	4947.0	7.82
43260	8947.1	68.75097	12146.2	94.75760	21710.4	65.62473	3362.0	8.57	5023.0	7.47
43280	9001.1	69.20090	11856.5	95.87574	21946.4	66.38799	3285.0	8.58	4741.0	7.48
43300	9087.4	72.17070	11788.8	99.76596	21928.3	63.90163	3359.0	8.96	4681.0	7.82
43320	9093.2	70.82140	11754.6	97.49696	21956.4	66.08362	3572.0	8.71	4810.0	7.64
43340	9059.4	72.26851	11634.6	95.89812	22110.3	64.28818	3753.0	8.65	4838.0	7.71
43360	9325.9	69.09296	11555.8	98.48087	21922.3	61.96491	3608.0	8.76	4850.0	7.56
43380	9160.0	69.25352	11485.2	103.56327	22159.4	65.91559	3165.0	9.03	4762.0	7.60
43400	9086.2	70.15688	11453.0	100.05145	22265.2	62.18701	3138.0	8.81	4420.0	7.60
43420	9080.3	71.37230	11548.8	97.57478	22175.4	65.35347	3259.0	8.72	4501.0	7.63
43440	9182.3	72.70556	11351.8	96.09002	22270.4	66.13609	3451.0	8.63	4282.0	7.73
43460	9442.9	69.92551	11294.4	90.43394	22066.4	66.78793	3357.0	8.16	3797.0	7.40
43480	9242.5	74.91018	10887.2	98.54476	22675.4	66.89440	3335.0	8.73	3813.0	7.86
43500	9484.1	72.10283	11350.6	94.03698	21969.5	68.91751	3486.0	8.48	4035.0	7.67
43520	9012.7	75.40846	10963.9	94.60034	22828.4	68.21655	3749.0	8.48	4065.0	7.82
43540	9055.4	71.98208	11364.5	92.08701	22384.5	70.32206	3543.0	8.23	4065.0	7.54
43560	9497.9	70.61796	11070.5	89.47510	22235.5	69.36766	3682.0	8.07	3868.0	7.42
43580	9527.0	71.62093	11195.7	94.32225	22081.5	67.85976	3502.0	8.49	3984.0	7.64
43600	9478.2	74.04756	10963.3	100.52052	22363.4	65.98574	3599.0	8.91	4136.0	7.89
43620	9521.9	69.74726	11038.9	95.69664	22243.3	64.74329	3540.0	8.53	4107.0	7.53
43640	9427.3	73.75862	10681.5	99.72352	22696.2	62.77594	3726.0	8.78	4122.0	7.79
43660	9690.7	69.63898	10546.4	97.73983	22567.3	66.07662	3889.0	8.55	4216.0	7.47
43680	9531.1	72.17054	10577.5	99.40226	22696.4	67.94651	3882.0	8.71	4276.0	7.68
43700	9141.1	70.14319	10718.3	97.59074	22945.4	69.19023	3754.0	8.49	4433.0	7.43
43720	9289.3	72.85048	10983.0	96.51817	22532.4	68.19440	3566.0	8.54	4042.0	7.69
43740	8832.8	75.49756	11216.7	93.62189	22755.4	69.23305	3613.0	8.41	4091.0	7.81
43760	8549.8	72.90427	11085.7	92.19753	23169.4	70.69923	3624.0	8.21	4417.0	7.52
43780	8692.9	75.27576	10498.1	93.10115	23614.4	71.10702	3799.0	8.22	4009.0	7.63
43800	8747.6	72.44899	10265.4	94.54272	23792.5	73.29592	3726.0	8.20	4037.0	7.41
43820	8197.3	74.81294	10316.3	94.52270	24292.5	75.39667	3546.0	8.18	4102.0	7.52
43840	8313.8	70.28242	10669.7	89.24491	23821.5	74.93065	3333.0	7.79	4098.0	7.13
43860	8581.9	73.76255	10850.1	95.86068	23373.4	70.01490	3310.0	8.38	3977.0	7.59
43880	8298.3	75.92681	10563.5	98.73881	23944.4	70.96540	3082.0	8.55	3925.0	7.72
43900	8889.3	69.75843	10570.2	95.46533	23345.4	70.84909	3121.0	8.24	3797.0	7.29
43920	8947.4	71.58646	10943.2	97.89004	22914.4	67.98748	3222.0	8.55	4113.0	7.56
43940	9127.2	70.53129	10605.0	92.98101	23072.4	69.48256	3569.0	8.16	3885.0	7.36
43960	8970.4	71.95126	10544.1	94.17242	23290.4	71.19128	3844.0	8.25	4234.0	7.46
43980	8948.5	72.74421	10628.8	90.40093	23227.4	69.40683	4059.0	8.00	4129.0	7.44
44000	9327.2	72.34401	10918.4	87.92595	22558.5	69.47032	4304.0	7.95	4183.0	7.48
44020	9501.2	73.96090	10750.8	91.00025	22552.4	66.89346	4232.0	8.21	3978.0	7.68
44040	9751.1	74.54135	10835.6	89.83826	22217.4	66.89970	4085.0	8.20	3592.0	7.78
44060	10113.8	73.73024	10732.9	92.39169	21957.4	67.00405	4059.0	8.39	3586.0	7.81
44080	10157.9	74.97212	10295.1	91.79401	22351.4	67.05679	4462.0	8.31	3650.0	7.83
44100	9540.3	74.83137	10746.9	92.27136	22517.3	65.60998	4092.0	8.33	3940.0	7.78
44120	9717.1	74.31878	10710.8	91.27500	22376.2	62.92235	4117.0	8.28	3775.0	7.75
44140	9299.8	79.06839	11017.1	98.23962	22488.3	64.79327	4075.0	8.86	4255.0	8.24
44160	9621.1	73.05210	11026.1	97.45129	22157.4	66.37007	3787.0	8.70	4129.0	7.82
44180	9444.0	71.19171	11096.5	90.45101	22263.3	64.83730	3993.0	8.15	4320.0	7.46
44200	9045.7	75.88148	10942.9	94.27278	22816.4	67.46851	3828.0	8.44	4100.0	7.83
44220	8909.7	74.52497	10899.0	95.01088	22996.4	68.69784	4026.0	8.45	4564.0	7.73
44240	9092.6	74.65343	10738.1	95.29981	22974.4	69.38891	3729.0	8.42	3979.0	7.72
44260	9226.2	71.84805	10592.0	92.60915	22986.5	71.42504	3554.0	8.21	3814.0	7.49
44280	9247.5	74.90578	10976.7	91.43583	22580.4	69.09280	3951.0	8.24	3930.0	7.74
44300	9043.7	75.48637	11124.4	88.80846	22636.3	66.32070	3902.0	8.09	3953.0	7.72
44320	9563.3	75.39528	11373.2	87.96119	21867.3	64.11752	3842.0	8.15	3619.0	7.84
44340	9424.4	75.25444	11651.2	90.57482	21728.3	63.48822	3676.0	8.40	4015.0	7.91
44360	9507.0	71.91809	11604.5	94.29936	21692.3	62.66294	3731.0	8.60	4440.0	7.76
44380	9167.4	73.79659	11202.6	92.63337	22434.4	66.84643	4072.0	8.37	4487.0	7.72
44400	9227.4	73.81747	11158.7	92.88370	22418.4	66.60787	4057.0	8.34	4400.0	7.68
44420	9477.1	71.74809	11245.6	92.29620	22081.3	64.59968	3829.0	8.32	4219.0	7.61
44440	9111.3	71.38210	11320.9	97.05850	22372.4	67.62866	3453.0	8.63	4443.0	7.60
44460	9249.1	70.54891	11127.7	93.82183	22427.5	69.94207	3658.0	8.38	4378.0	7.49
44480	9453.9	69.36386	11010.7	92.82279	22339.5	69.07570	3867.0	8.30	4436.0	7.41
44500	9076.3	72.05027	10674.3	98.00709	23054.4	68.95880	3938.0	8.53	4526.0	7.57
44520	9044.3	71.52816	10762.2	97.29440	22998.4	69.11784	3912.0	8.49	4548.0	7.54
44540	9728.7	69.29932	11161.2	100.11462	21914.4	65.35053	3621.0	8.86	4500.0	7.60
44560	9513.9	70.57803	10901.4	101.21337	22389.4	65.94010	3504.0	8.88	4298.0	7.66
44580	9493.2	73.94011	10787.3	97.97396	22524.3	64.09474	3824.0	8.70	4184.0	7.82
44600	9747.0	72.63796	10616.0	93.52573	22441.3	64.44031	3768.0	8.35	3724.0	7.63
44620	9601.0	72.56313	11123.0	97.23387	22080.3	64.88032	3681.0	8.67	4120.0	7.74
44640	9621.8	69.69677	10967.9	95.02828	22214.5	68.07756	3818.0	8.39	4167.0	7.46
44660	9890.6	68.85395	10733.0	94.57777	22180.4	65.90834	4002.0	8.39	4221.0	7.39
44680	9566.9	70.46843	10826.0	95.08187	22411.5	68.67637	3968.0	8.45	4403.0	7.50
44700	9377.0	70.12776	10716.5	100.87931	22711.3	66.42995	3713.0	8.75	4517.0	7.54
44720	9349.1	71.48868	11538.3	91.49357	21916.3	64.14584	3902.0	8.33	4507.0	7.61
44740	9513.0	71.51119	11460.5	92.80700	21830.4	65.83121	3778.0	8.42	4372.0	7.63
44760	9278.4	73.87588	11397.9	98.57242	22128.3	63.93206	3847.0	8.86	4625.0	7.89
44780	9513.0	71.30345	11292.8	96.39008	21998.3	64.37716	4036.0	8.66	4712.0	7.68
44800	9886.0	73.87905	11809.6	97.27318	21108.4	63.92296	4236.0	8.97	4880.0	8.06
44820	9624.3	75.99183	11741.2	91.09237	21438.4	65.51494	4406.0	8.51	4597.0	8.03
44840	9686.2	75.53603	11746.1	88.88383	21371.5	66.93365	4295.0	8.36	4362.0	7.97
44860	9555.5	77.16025	11970.9	88.12485	21277.4	64.55993	4254.0	8.37	4390.0	8.10
44880	9620.5	77.88041	11817.1	89.86205	21366.4	64.41930	4251.0	8.48	4324.0	8.16
44900	9707.1	73.48478	11514.0	86.41268	21582.4	64.23543	4075.0	8.07	4064.0	7.69
44920	9729.2	75.11779	11082.5	89.69583	21992.4	66.63460	4323.0	8.23	3958.0	7.84
44940	9555.2	74.34492	10550.8	89.81891	22698.4	68.03297	4517.0	8.13	4064.0	7.67
44960	9773.1	74.13110	10773.7	90.67733	22257.4	66.68668	4177.0	8.24	3776.0	7.73
44980	9404.4	75.39231	11290.2	87.36143	22109.5	68.87961	3762.0	8.03	3561.0	7.74
45000	9689.3	75.92219	10840.6	89.71044	22274.4	67.82002	3930.0	8.20	3439.0	7.85
45020	9415.8	80.31626	11121.5	90.34656	22267.4	67.44268	4025.0	8.36	3541.0	8.20
45040	8957.1	79.72436	11277.4	90.10552	22570.4	67.11421	3860.0	8.33	3804.0	8.12
45060	9067.9	78.77939	11179.1	85.26702	22557.3	65.86566	4167.0	7.92	3758.0	7.91
45080	9377.5	76.67648	10802.5	88.37700	22624.4	67.00566	4021.0	8.04	3563.0	7.79
45100	9460.6	77.62066	10953.5	89.64604	22390.4	66.34959	3734.0	8.23	3296.0	7.96
45120	9573.9	82.25232	10762.3	97.87277	22469.3	64.54666	3868.0	8.89	3526.0	8.45
45140	9474.4	76.23760	10872.0	95.49349	22458.3	63.61384	3638.0	8.59	3600.0	7.98
45160	9357.6	76.98646	11019.8	93.69992	22427.4	67.05599	3669.0	8.45	3584.0	7.96
45180	9697.0	72.58236	10867.9	94.31611	22239.5	68.28545	3756.0	8.48	3847.0	7.70
45200	9144.4	72.75850	10860.7	90.89965	22799.4	69.43526	3706.0	8.15	3963.0	7.53
45220	9686.0	72.40057	10548.3	95.66464	22570.4	67.90036	3886.0	8.49	3902.0	7.64
45240	9801.0	73.16347	10140.5	94.48298	22863.4	69.32583	4230.0	8.34	3793.0	7.64
45260	9347.4	74.44243	10296.3	94.59365	23161.3	66.88571	4284.0	8.36	4071.0	7.71
45280	9325.2	72.00898	10398.8	88.98740	23080.5	71.37505	4315.0	7.91	4072.0	7.39
45300	9822.9	72.61583	10209.8	86.92213	22771.4	68.66868	4670.0	7.83	3797.0	7.46
45320	8981.3	81.58757	10207.2	92.32128	23617.4	71.22196	4373.0	8.28	3705.0	8.10
45340	8980.0	78.81412	10094.0	88.91095	23731.4	72.24581	4301.0	7.96	3483.0	7.80
45360	8776.4	81.60034	9908.1	87.34587	24121.4	72.64040	4289.0	7.86	3233.0	7.90
45380	8801.1	77.81217	10403.3	82.59302	23600.5	73.86482	4060.0	7.52	3154.0	7.59
45400	8858.1	78.55843	10137.6	83.72533	23809.4	72.81150	4059.0	7.55	2967.0	7.64
45420	8865.2	79.93692	10124.7	84.36109	23815.4	71.92949	3940.0	7.65	2834.0	7.77
45440	9331.6	77.57464	10055.8	85.86663	23417.4	69.82311	4026.0	7.74	2796.0	7.70
45460	9582.5	78.22376	9859.0	86.66723	23363.4	70.06996	4365.0	7.79	2932.0	7.74
45480	9667.3	75.96332	9886.1	88.02956	23251.4	70.67672	4131.0	7.89	2936.0	7.65
45500	9534.8	80.60370	9688.0	84.59103	23582.3	68.33216	4293.0	7.67	2483.0	7.85
45520	9068.4	83.92831	9534.2	85.39952	24203.3	70.22042	4467.0	7.71	2598.0	7.99
45540	9471.8	80.09580	9193.4	85.30824	24140.4	71.95346	4430.0	7.62	2456.0	7.75
45560	9674.6	80.12363	9509.5	89.13464	23621.5	73.10320	3970.0	7.98	2312.0	7.94
45580	9543.5	78.00142	9628.3	87.97689	23633.5	73.10391	3717.0	7.86	2286.0	7.74
45600	9432.6	77.56396	9885.1	88.12628	23487.5	72.42148	3743.0	7.89	2667.0	7.72
45620	8871.1	78.21461	10312.4	82.54180	23621.4	71.03315	3326.0	7.51	2308.0	7.63
45640	9044.9	77.62465	10213.4	82.34256	23546.5	74.94551	3356.0	7.48	2245.0	7.59
45660	9389.6	77.83389	9737.1	86.97278	23678.5	74.52720	3326.0	7.77	1969.0	7.69
45680	8968.7	75.17897	9386.5	87.60335	24450.4	74.77321	2913.0	7.61	1848.0	7.38
45700	8883.9	76.52787	9371.4	87.09224	24550.4	74.87562	2909.0	7.61	1757.0	7.44
45720	8731.3	79.26281	9425.5	88.58716	24649.4	73.41695	2962.0	7.78	1816.0	7.68
45740	9015.0	79.43870	9467.4	87.53926	24323.5	74.70011	3038.0	7.74	1684.0	7.70
45760	8878.9	76.36838	9754.0	85.92411	24172.5	75.33994	2740.0	7.57	1739.0	7.44
45780	8488.6	80.26191	9498.8	92.20652	24819.5	77.99859	2572.0	7.98	1781.0	7.78
45800	8195.5	77.32858	9792.9	84.50820	24817.5	78.12265	2755.0	7.42	1836.0	7.41
45820	8245.7	79.37913	9613.8	81.61881	24946.6	79.67004	2969.0	7.26	1680.0	7.50
45840	8436.8	81.89358	9413.9	81.23145	24955.5	76.72807	3180.0	7.24	1390.0	7.63
45860	8514.4	78.34124	9291.0	81.76120	25000.5	77.29646	3006.0	7.20	1452.0	7.38
45880	8479.6	80.34180	9627.8	81.57516	24698.6	79.03627	2853.0	7.31	1391.0	7.58
45900	8496.7	81.50620	9491.1	83.83901	24818.5	77.37573	3015.0	7.48	1411.0	7.71
45920	8473.6	80.72216	9499.0	83.04848	24833.4	74.56212	3184.0	7.39	1727.0	7.60
45940	7961.1	80.29766	9170.5	86.16436	25675.6	83.68963	2902.0	7.46	1708.0	7.53
45960	8744.8	74.83749	9199.3	84.06387	24861.5	78.49141	2948.0	7.29	1630.0	7.19
45980	8597.1	76.63545	9269.2	83.24217	24939.5	78.56188	3161.0	7.30	1777.0	7.33
46000	8917.9	77.17735	9482.5	88.58031	24405.4	73.13247	2966.0	7.73	1891.0	7.54
46020	9377.7	78.07880	9365.0	94.15820	24063.4	71.42915	3120.0	8.19	2043.0	7.78
46040	9224.9	79.76664	9767.4	90.79209	23813.4	70.91247	3247.0	8.09	2193.0	7.90
46060	9371.7	78.48439	9593.3	88.04058	23840.2	65.58836	3524.0	7.85	2216.0	7.75
46080	9222.1	81.57969	10157.9	87.93633	23425.4	71.26486	3354.0	7.99	2076.0	8.04
46100	9239.9	79.85514	9891.3	90.21376	23674.4	70.38061	3375.0	8.06	2362.0	7.89
46120	8867.8	75.66257	10361.7	86.61448	23575.5	72.61264	3184.0	7.71	2662.0	7.50
46140	8739.1	77.39836	10260.8	87.25869	23805.5	74.81417	2891.0	7.78	2239.0	7.65
46160	8490.4	78.73519	10791.4	85.68811	23523.5	72.71432	2820.0	7.80	2564.0	7.75
46180	8813.3	80.85303	10525.5	85.69766	23466.4	71.50307	3280.0	7.83	2413.0	7.92
46200	8472.6	80.76737	10394.7	87.73210	23938.5	74.79929	3168.0	7.88	2526.0	7.88
46220	8521.6	80.95011	9984.2	89.87960	24300.5	74.91198	3180.0	7.97	2472.0	7.87
46240	8651.7	82.95940	10124.4	93.63440	24030.4	71.39789	3246.0	8.31	2637.0	8.15
46260	8917.5	83.53293	9868.5	92.08243	24020.4	71.80802	3561.0	8.25	2606.0	8.18
46280	8710.3	79.94227	10414.7	86.89058	23680.4	71.87557	3364.0	7.85	2728.0	7.83
46300	8790.0	76.63684	10387.6	86.09680	23627.4	71.06262	3258.0	7.71	2714.0	7.57
46320	8714.4	81.01626	10169.0	88.54914	23922.4	72.65649	3304.0	7.93	2447.0	7.90
46340	8672.2	78.14101	10371.0	90.88693	23762.4	71.91960	3172.0	8.04	2847.0	7.75
46360	8654.3	79.02424	10359.2	93.61303	23792.4	71.07767	3302.0	8.27	3101.0	7.88
46380	8658.3	79.33960	10467.8	88.69082	23679.5	72.71996	3667.0	7.96	3256.0	7.84
46400	8635.2	77.68328	10399.9	90.27135	23770.5	74.32082	3576.0	8.00	3319.0	7.72
46420	9485.2	73.82238	10773.4	86.58608	22545.5	70.85649	3545.0	7.89	3125.0	7.56
46440	9146.8	78.21692	9961.5	93.37477	23697.4	70.95025	3545.0	8.24	2934.0	7.84
46460	8908.6	73.97181	10547.7	88.11576	23348.4	69.01509	3347.0	7.87	3337.0	7.48
46480	8782.9	76.18349	10464.3	95.26441	23558.5	74.12784	3237.0	8.39	3500.0	7.75
46500	8988.8	75.94571	10173.4	93.87436	23643.4	70.61934	3573.0	8.23	3392.0	7.69
46520	8537.3	78.29486	10329.2	93.32182	23939.4	72.17665	3591.0	8.20	3587.0	7.78
46540	8600.8	72.59924	10217.1	91.16219	23987.4	72.29781	3598.0	7.91	3754.0	7.33
46560	9220.7	76.90995	10148.4	94.24907	23436.4	71.26194	3734.0	8.32	3375.0	7.82
46580	9156.5	74.57207	10156.4	93.60848	23492.4	71.79357	3618.0	8.20	3410.0	7.61
46600	9397.2	72.52036	10602.9	92.01827	22804.4	68.27396	3445.0	8.17	3379.0	7.53
46620	9615.1	73.89440	10413.0	91.77994	22776.4	68.34485	3462.0	8.20	3109.0	7.66
46640	9600.4	76.65027	10654.8	90.71744	22549.5	69.18539	3669.0	8.26	3260.0	7.87
46660	9474.4	76.27553	10818.8	92.28536	22511.4	66.50217	3678.0	8.35	3476.0	7.88
46680	9324.7	78.65786	10469.2	94.39892	23011.4	67.64337	3569.0	8.43	3099.0	8.01
46700	9786.2	75.54755	10820.8	92.30789	22197.5	68.14972	3661.0	8.42	3276.0	7.92
46720	9409.6	77.89556	10650.8	90.74689	22744.4	67.80952	3621.0	8.26	3147.0	7.94
46740	9348.7	78.82981	10428.1	92.45001	23028.3	67.18327	3860.0	8.29	3226.0	7.97
46760	9408.3	74.43056	10526.8	89.90375	22869.4	68.73810	3808.0	8.07	3361.0	7.65
46780	9048.8	76.57581	10391.1	92.14273	23365.5	71.79052	3446.0	8.19	3329.0	7.74
46800	9238.6	75.78326	10514.1	93.59494	23052.4	68.53307	3802.0	8.33	3689.0	7.77
46820	9497.5	77.35506	10924.4	87.40808	22382.4	66.01466	4214.0	8.06	3670.0	7.88
46840	9121.9	78.25041	10781.5	87.70264	22901.4	67.39506	3897.0	7.99	3401.0	7.88
46860	9216.7	76.91271	11307.0	85.49238	22280.5	68.31374	4072.0	7.95	3835.0	7.83
46880	9612.4	77.03982	10744.8	90.69364	22447.4	67.49998	4208.0	8.25	3660.0	7.94
46900	9434.6	77.87413	11211.3	88.21469	22158.3	65.09200	4175.0	8.19	3847.0	7.98
46920	9769.2	75.90327	10902.5	88.48171	22132.4	67.06645	4313.0	8.15	3700.0	7.86
46940	9379.7	79.02194	10618.0	93.08651	22807.3	66.91613	4334.0	8.42	4039.0	8.03
46960	9795.3	77.48309	10681.9	92.19877	22327.4	66.17122	4350.0	8.42	3752.0	8.03
46980	9983.8	71.99817	10674.6	87.59254	22145.4	67.20042	4630.0	7.99	4050.0	7.52
47000	10051.3	78.71362	10662.5	87.23227	22090.5	67.90136	4772.0	8.15	3704.0	8.06
47020	9937.4	79.91639	10702.6	88.10582	22164.4	66.78383	4917.0	8.22	3791.0	8.16
47040	10095.1	77.24793	10586.8	89.95313	22122.4	67.61461	4814.0	8.32	3818.0	8.03
47060	9906.3	78.51814	10615.7	88.68902	22282.4	67.11163	4886.0	8.20	3881.0	8.04
47080	10062.1	76.78224	10944.3	86.55114	21797.3	62.22110	5159.0	8.08	4272.0	7.94
47100	9943.1	75.57174	11043.4	87.96580	21817.4	65.73142	4709.0	8.18	4145.0	7.89
47120	10019.9	74.15672	10392.8	88.90391	22391.5	69.24643	4357.0	8.11	3572.0	7.70
47140	10091.2	78.00140	10700.9	92.84112	22012.3	63.32674	4208.0	8.50	3502.0	8.12
47160	10564.1	80.97287	10522.0	92.56366	21718.3	63.65591	4629.0	8.62	3239.0	8.45
47180	10353.0	78.29313	10358.4	95.27814	22093.3	62.50941	4514.0	8.70	3601.0	8.20
47200	9960.3	78.99419	10483.0	91.74713	22361.3	65.43627	4217.0	8.40	3405.0	8.10
47220	9490.4	75.80061	10581.9	91.17957	22732.4	67.78561	3981.0	8.24	3608.0	7.82
47240	9256.9	79.72202	10667.8	90.69368	22880.4	69.07539	4235.0	8.25	3669.0	8.06
47260	9381.8	79.79446	10460.8	88.58195	22962.3	66.94877	4494.0	8.08	3559.0	8.02
47280	9624.6	79.63624	10224.8	87.20500	22955.4	69.45994	4918.0	7.99	3619.0	7.95
47300	9423.5	77.00286	10817.3	85.51341	22563.4	68.46090	4466.0	7.94	3856.0	7.80
47320	9764.4	78.50445	10852.3	86.03157	22187.4	65.25360	4612.0	8.03	3704.0	7.98
47340	9512.9	82.24276	10722.5	87.12076	22569.4	66.66289	4781.0	8.13	3710.0	8.23
47360	9916.3	77.73289	10490.8	88.54916	22397.4	67.48784	4769.0	8.15	3690.0	7.97
47380	9968.2	77.42942	10844.5	88.52619	21991.4	65.74263	4589.0	8.22	3758.0	8.01
47400	9863.7	82.15650	10958.5	88.83323	21982.5	68.89663	4315.0	8.33	3271.0	8.37
47420	9710.0	85.47104	10747.5	87.67765	22347.4	68.03642	4640.0	8.29	3272.0	8.56
47440	9734.8	82.93842	10401.5	84.30703	22668.4	67.48006	5029.0	7.89	3362.0	8.17
47460	9722.0	85.67955	9953.0	87.48829	23130.4	70.68232	5130.0	8.10	3233.0	8.40
47480	9899.4	79.79034	10221.9	88.15839	22683.4	67.60534	4667.0	8.09	3263.0	8.04
47500	10169.2	78.41343	10015.0	88.17965	22620.4	66.85970	4683.0	8.07	3165.0	7.97
47520	9638.5	78.78158	10354.7	86.80018	22811.4	67.24964	4538.0	7.98	3317.0	7.94
47540	9284.6	76.88327	10333.8	88.13641	23186.4	69.91954	4307.0	7.95	3553.0	7.72
47560	9201.4	73.70361	10775.6	89.49888	22827.4	69.53425	3655.0	8.05	3513.0	7.58
47580	9355.4	75.27415	10676.2	96.26705	22773.4	69.48635	3826.0	8.56	3945.0	7.83
47600	9542.0	71.55718	10853.9	94.11650	22408.4	66.58930	3579.0	8.40	3803.0	7.58
47620	9658.1	73.24874	10538.6	99.91242	22608.3	65.55233	3658.0	8.81	4023.0	7.81
47640	9821.8	71.53800	10799.5	101.04759	22183.4	66.47918	3650.0	8.91	4104.0	7.77
47660	9769.6	68.15162	10667.1	94.06880	22367.4	66.63275	3716.0	8.32	4042.0	7.34
47680	9274.1	70.98953	10840.1	96.39330	22690.3	66.63159	3706.0	8.51	4217.0	7.54
47700	8977.7	75.42003	10706.2	96.11523	23121.3	67.92129	3900.0	8.50	4226.0	7.78
47720	9093.6	75.45644	10641.2	95.98894	23070.3	67.69493	3533.0	8.51	3787.0	7.79
47740	8678.8	74.21239	11045.0	96.41971	23081.3	67.70404	3656.0	8.49	4399.0	7.69
47760	8767.8	74.23045	11313.9	97.45805	22723.3	65.37349	3426.0	8.65	4501.0	7.77
47780	8933.4	71.07749	11520.8	97.52279	22350.3	65.00076	3423.0	8.66	4833.0	7.57
47800	8800.5	71.59148	11494.0	99.94992	22510.4	67.48397	3323.0	8.81	4650.0	7.66
47820	8837.7	74.44743	11711.0	101.80594	22256.4	66.16188	3475.0	9.07	4895.0	7.96
47840	8594.5	70.29823	12079.6	99.29935	22130.4	66.40654	3359.0	8.84	5267.0	7.60
47860	8415.5	68.65605	11586.9	99.95055	22802.4	68.48707	3680.0	8.73	5601.0	7.38
47880	8354.3	65.94136	11752.8	100.05088	22697.4	68.67016	3278.0	8.66	5685.0	7.17
47900	8404.7	70.17464	11683.8	98.74514	22716.4	67.33769	3329.0	8.63	5156.0	7.48
47920	8973.1	68.44098	11594.7	97.03224	22236.4	66.95911	3555.0	8.54	4957.0	7.40
47940	8826.1	67.61943	12065.6	99.20351	21912.5	68.78254	3493.0	8.77	5488.0	7.42
47960	8541.3	67.09402	12042.5	97.97114	22220.4	65.66454	3288.0	8.61	5369.0	7.31
47980	8794.3	68.75213	12107.3	95.03096	21902.4	66.89109	3456.0	8.51	5088.0	7.42
48000	8793.2	68.45061	12096.5	97.59361	21914.5	67.26223	3319.0	8.70	5249.0	7.44
48020	8893.6	73.85588	12103.7	101.22183	21807.3	63.79118	3576.0	9.10	5105.0	7.98
48040	8625.6	71.31685	12170.7	102.07933	22008.4	65.44357	3242.0	9.05	5226.0	7.74
48060	8846.3	69.47091	12082.6	100.31317	21875.4	64.95884	3223.0	8.91	5107.0	7.58
48080	8525.3	66.96512	11982.7	99.93998	22296.4	67.75017	3119.0	8.74	5249.0	7.31
48100	8793.2	67.68308	11473.0	99.91135	22538.4	68.80067	3045.0	8.72	4882.0	7.33
48120	8857.2	68.15625	11776.1	103.83955	22171.4	65.86616	3057.0	9.05	5028.0	7.51
48140	9020.0	68.22275	11969.9	102.73906	21814.4	66.29165	3191.0	9.08	5108.0	7.58
48160	8866.6	61.88015	12187.0	107.14973	21750.4	64.97647	2753.0	9.21	5671.0	7.10
48180	8737.9	64.44114	11781.2	106.48353	22285.4	66.77478	2963.0	9.09	5494.0	7.20
48200	9176.3	60.61255	11579.0	101.84205	22048.4	66.15940	2717.0	8.75	4914.0	6.90
48220	8757.6	60.98657	11508.2	103.46483	22538.4	68.36376	2617.0	8.75	5199.0	6.84
48240	8792.8	63.90120	11726.9	101.44151	22284.4	66.68294	2834.0	8.78	5184.0	7.10
48260	8521.1	64.97967	11183.7	107.10853	23100.4	68.76826	2803.0	8.98	5225.0	7.16
48280	8506.0	64.29902	11304.6	107.02776	22994.4	68.71309	2448.0	9.00	5024.0	7.11
48300	8655.9	64.33346	11036.6	104.90185	23112.4	70.27131	2246.0	8.81	4379.0	7.07
48320	8521.0	64.33993	11307.1	100.14391	22976.4	67.78916	2205.0	8.53	4377.0	6.98
48340	8643.0	64.63701	10966.5	103.35440	23195.4	70.09205	2335.0	8.71	4363.0	7.05
48360	8154.5	66.36726	11077.1	97.83207	23573.4	71.73242	2034.0	8.30	3977.0	7.02
48380	8544.2	66.07720	10888.3	98.70608	23372.4	71.52632	2108.0	8.37	3760.0	7.04
48400	8659.1	65.96485	10637.4	98.87361	23508.5	73.02841	2121.0	8.35	3596.0	7.03
48420	8429.3	66.70681	10915.5	102.12317	23460.4	71.41955	1903.0	8.61	3745.0	7.16
48440	8310.5	67.89048	11497.3	105.02445	22997.4	69.49314	1711.0	8.95	4043.0	7.34
48460	8368.5	68.44866	11319.5	106.26792	23117.3	66.86411	2122.0	9.01	4326.0	7.41
48480	8469.3	66.69414	11396.0	99.67403	22939.4	68.82590	2182.0	8.52	4106.0	7.17
48500	8710.3	68.24101	11128.2	99.59320	22966.6	73.70949	2290.0	8.57	3784.0	7.30
48520	8493.1	65.26767	10896.2	97.72076	23415.4	70.26236	2229.0	8.32	3883.0	7.01
48540	8461.3	66.27110	11174.1	98.92871	23169.5	71.16038	2239.0	8.42	4025.0	7.09
48560	8590.2	66.90207	11170.0	97.22467	23044.4	67.91661	2475.0	8.35	4074.0	7.13
48580	8633.5	70.49248	10984.1	97.58847	23187.4	70.37468	2623.0	8.48	3779.0	7.44
48600	8525.7	71.38186	11420.5	93.10624	22858.5	70.91050	2520.0	8.26	3715.0	7.43
48620	9152.2	70.43801	11570.4	92.67567	22081.5	69.26562	2600.0	8.33	3528.0	7.49
48640	8720.6	71.72130	11043.0	96.01426	23041.4	68.51612	2688.0	8.42	3631.0	7.53
48660	8658.8	73.61775	11218.9	96.18657	22927.4	69.23262	2870.0	8.51	3848.0	7.66
48680	8396.5	68.61331	11497.4	91.38648	22910.5	71.43637	2774.0	8.05	4165.0	7.18
48700	8361.3	75.85097	11785.0	89.00723	22658.4	68.64037	3147.0	8.14	3963.0	7.74
48720	8353.2	75.58289	11332.7	94.45419	23119.5	71.44319	2902.0	8.39	3801.0	7.74
48740	8661.4	69.52712	11081.5	90.15703	23061.4	68.15646	2595.0	7.98	3444.0	7.23
48760	8447.9	73.23089	11491.6	95.09378	22865.5	70.24123	2952.0	8.46	4135.0	7.61
48780	8718.9	74.71330	11186.1	99.12838	22900.4	68.52594	2853.0	8.71	3812.0	7.79
48800	8222.0	71.77618	11060.9	95.51066	23522.5	72.40755	2738.0	8.30	4016.0	7.40
48820	8357.8	71.31849	10866.1	96.45320	23581.4	70.64616	2792.0	8.35	3957.0	7.39
48840	8010.3	72.72349	11233.0	98.78451	23562.3	68.32604	2643.0	8.54	4159.0	7.54
48860	8418.8	71.74602	10931.0	96.00347	23455.5	72.36120	2847.0	8.36	3950.0	7.44
48880	8446.3	66.17493	10602.2	95.58172	23756.5	74.30868	2495.0	8.12	3813.0	6.96
48900	8736.2	67.85104	10854.0	95.51417	23214.5	71.74028	2407.0	8.24	3596.0	7.16
48920	8316.9	71.90544	10491.5	98.00911	23997.5	74.37826	2564.0	8.35	3672.0	7.37
48940	8373.7	70.50066	10612.9	105.02850	23819.4	71.73643	2628.0	8.82	4203.0	7.43
48960	9042.0	68.01356	10694.5	100.36170	23068.4	69.62279	2812.0	8.63	3938.0	7.32
48980	8800.2	68.20460	10821.3	98.30074	23183.5	73.68936	2592.0	8.43	3814.0	7.24
49000	8773.2	68.54148	11322.2	102.54571	22709.4	67.45966	2320.0	8.82	4054.0	7.42
49020	8447.5	69.04259	11516.9	99.13946	22840.3	67.05010	2351.0	8.62	4168.0	7.37
49040	8969.2	69.05322	11327.4	104.32463	22508.4	67.96760	2524.0	8.99	4182.0	7.53
49060	8567.0	64.72631	10861.0	107.98961	23377.4	69.94109	2389.0	8.99	4691.0	7.12
49080	8398.2	64.62646	11231.4	103.40153	23175.3	68.00457	2392.0	8.69	4690.0	7.04
49100	7976.4	63.85993	11332.1	101.09271	23496.5	74.09444	2326.0	8.51	5000.0	6.90
49120	8553.9	63.45746	11234.9	96.35870	23015.5	70.73814	2512.0	8.27	4477.0	6.86
49140	8866.0	66.03058	10927.5	102.37390	23011.5	70.77638	2909.0	8.73	4593.0	7.17
49160	8972.8	65.09280	10894.7	105.12011	22937.5	71.23621	2767.0	8.88	4650.0	7.16
49180	8391.4	67.09227	11041.7	106.29475	23372.4	70.00043	2674.0	8.92	4929.0	7.25
49200	8778.0	65.95548	10772.9	106.46306	23254.4	68.51863	2641.0	8.92	4616.0	7.19
49220	8833.0	65.85498	10865.6	103.19515	23106.4	70.19783	2900.0	8.73	4619.0	7.16
49240	9388.7	66.68486	11229.5	105.01218	22186.5	68.04817	2978.0	9.06	4537.0	7.42
49260	9646.3	63.66402	11056.3	100.29880	22101.4	67.16686	3157.0	8.68	4525.0	7.10
49280	9255.6	64.32732	11465.7	96.18994	22082.6	71.36491	2896.0	8.43	4398.0	7.06
49300	8775.2	68.19174	11843.4	95.42302	22185.4	66.84887	2788.0	8.50	4443.0	7.35
49320	8772.0	65.58653	11694.8	98.78165	22337.4	67.34771	2583.0	8.60	4513.0	7.18
49340	8851.2	68.63000	11672.9	101.43576	22280.4	67.56208	2721.0	8.86	4615.0	7.47
49360	8456.2	65.52757	11571.2	104.39003	22777.4	68.74775	2726.0	8.92	5251.0	7.22
49380	8492.2	65.84713	11460.2	102.55722	22852.4	69.48000	2737.0	8.74	5015.0	7.16
49400	8414.3	65.89151	11485.3	104.68752	22905.3	66.92445	3127.0	8.86	5445.0	7.19
49420	8495.5	69.31005	11238.4	104.49363	23071.3	67.61456	3053.0	8.91	4919.0	7.46
49440	8381.7	70.17713	11639.2	105.13599	22784.3	66.88060	2889.0	9.11	4998.0	7.61
49460	8386.9	72.04547	11810.1	104.41966	22608.4	67.17538	2946.0	9.13	5022.0	7.75
49480	8608.6	70.62920	12021.8	101.77603	22174.3	64.27568	2953.0	9.00	4905.0	7.69
49500	9018.1	68.41765	11802.7	98.74273	21983.4	65.25007	2944.0	8.71	4556.0	7.45
49520	9298.9	68.90751	11397.0	100.13199	22108.3	64.12834	3385.0	8.82	4551.0	7.55
49540	9342.6	64.96236	11504.8	98.35914	21956.4	66.32262	3338.0	8.63	4834.0	7.19
49560	9437.4	63.57524	11771.9	101.40435	21594.4	64.96240	3185.0	8.90	5060.0	7.20
49580	9347.6	64.95137	11889.3	108.39468	21567.3	63.05504	3122.0	9.41	5379.0	7.43
49600	8998.9	65.90082	11818.0	102.74323	21987.3	62.47338	2920.0	8.97	5027.0	7.36
49620	9133.8	66.58274	12396.7	103.43868	21273.4	64.31679	2985.0	9.20	5234.0	7.52
49640	8987.8	65.18612	12312.7	103.74741	21503.4	64.83498	2995.0	9.13	5437.0	7.37
49660	8763.1	66.79136	12258.7	102.00437	21782.4	64.86419	3251.0	9.01	5566.0	7.44
49680	8643.2	67.02596	12041.7	101.55827	22119.3	63.56839	3107.0	8.90	5364.0	7.39
49700	8819.1	66.95984	12026.9	103.16480	21958.4	66.72199	3127.0	9.04	5361.0	7.42
49720	9170.9	67.72555	11827.9	101.34216	21805.4	66.68599	3147.0	8.99	4928.0	7.51
49740	9226.8	67.06939	11852.8	101.03917	21724.3	63.53778	3545.0	8.91	5394.0	7.42
49760	8806.2	68.10214	12271.7	103.25976	21726.5	66.62652	3497.0	9.15	5819.0	7.56
49780	8680.3	68.28048	12143.8	102.96113	21980.4	66.55022	3374.0	9.04	5753.0	7.49
49800	8653.9	64.23201	11937.9	103.07613	22212.4	66.82339	3131.0	8.91	5773.0	7.15
49820	8985.1	68.04067	11385.3	104.11523	22434.4	66.28188	3278.0	8.99	5126.0	7.43
49840	8554.5	69.47292	11900.1	105.65433	22350.3	65.48907	3092.0	9.15	5394.0	7.60
49860	8671.3	67.84449	11578.1	103.35771	22555.3	66.11077	3019.0	8.92	5074.0	7.40
49880	8569.2	66.81790	11533.9	99.84656	22701.4	66.94550	3181.0	8.65	5232.0	7.24
49900	9069.0	68.02958	11453.1	102.31557	22282.4	66.53311	3068.0	8.93	4854.0	7.45
49920	9324.9	69.36650	10649.9	104.58442	22830.4	67.94907	3430.0	8.99	4616.0	7.53
49940	9224.6	64.52360	11195.1	99.50078	22384.4	67.23782	3190.0	8.60	4688.0	7.11
49960	8828.1	67.53472	11623.9	99.59299	22352.4	67.91248	3175.0	8.72	5065.0	7.35
49980	9002.8	65.68278	11424.1	101.47372	22377.4	67.81202	3228.0	8.79	5060.0	7.24
50000	9060.8	65.42655	11123.3	101.12859	22620.4	68.94133	3354.0	8.69	4962.0	7.19
50020	8850.1	67.32942	11710.0	103.06780	22244.4	67.31409	3309.0	8.96	5313.0	7.41
50040	8864.1	68.13980	12166.6	100.13910	21773.5	68.24076	3268.0	8.89	5312.0	7.51
50060	8849.1	67.36283	12167.7	101.47472	21787.3	63.79764	3389.0	8.97	5492.0	7.47
50080	9203.8	67.21403	12277.5	99.55709	21322.4	62.73107	3404.0	8.91	5288.0	7.49
50100	9020.2	70.39991	12434.4	98.88221	21349.4	64.36389	3728.0	8.98	5607.0	7.75
50120	9266.2	71.51829	12214.5	99.36145	21323.3	62.02640	3977.0	9.04	5519.0	7.84
50140	9370.9	68.56658	12674.0	95.50503	20758.4	62.56646	4082.0	8.83	5776.0	7.64
50160	9383.0	70.98198	12253.4	97.93415	21167.4	63.81795	4196.0	8.95	5662.0	7.80
50180	9102.2	70.78035	12357.1	94.29734	21344.4	64.05643	4094.0	8.64	5519.0	7.68
50200	8943.8	75.85764	11922.2	92.50747	21938.5	67.27367	4231.0	8.51	5036.0	7.94
50220	9015.9	77.31889	11654.7	98.35644	22134.3	64.61954	4122.0	8.92	4975.0	8.16
50240	9040.3	71.70148	11534.8	98.46130	22229.3	65.17730	4145.0	8.79	5326.0	7.70
50260	8869.8	75.36274	11803.5	95.72038	22131.4	67.09437	4453.0	8.72	5492.0	7.94
50280	9224.5	74.42259	11684.5	94.57998	21895.4	64.58923	4672.0	8.63	5481.0	7.88
50300	9603.0	72.36504	11751.5	95.37953	21449.4	64.36056	4436.0	8.69	5136.0	7.80
50320	9740.8	71.15023	11398.7	96.03607	21664.4	65.78654	4354.0	8.68	4935.0	7.70
50340	9514.0	71.04387	11091.0	97.69367	22199.3	64.58307	4423.0	8.71	5116.0	7.66
50360	9753.8	70.37014	11685.5	95.63252	21364.4	63.27342	4364.0	8.72	5173.0	7.71
50380	9848.4	66.32826	11137.0	96.92437	21818.3	64.10022	4435.0	8.59	5157.0	7.32
50400	9678.8	70.69652	11529.7	97.08078	21595.4	65.24590	4555.0	8.74	5278.0	7.68
50420	9609.2	74.66793	11456.4	91.19656	21738.4	64.57120	4868.0	8.41	5093.0	7.86
50440	9751.7	70.08406	11649.4	93.85345	21402.4	63.41333	4654.0	8.54	5292.0	7.62
50460	9225.3	72.87355	11301.8	96.47983	22277.4	67.45275	4595.0	8.64	5276.0	7.74
50480	9591.9	70.29054	11100.0	97.46046	22112.4	66.75133	4243.0	8.68	4936.0	7.59
50500	9967.6	70.34112	11358.6	94.34882	21477.4	65.79751	4481.0	8.56	4887.0	7.65
50520	10302.5	71.36502	11225.6	92.96120	21275.5	65.36147	4531.0	8.58	4526.0	7.79
50540	9597.1	73.25795	11318.8	96.38521	21888.4	64.64265	4727.0	8.75	5230.0	7.86
50560	9832.6	68.36065	11293.7	94.99825	21677.3	63.59248	4687.0	8.54	5360.0	7.45
50580	9901.9	72.62329	11055.0	96.37509	21847.4	65.31262	4678.0	8.72	4919.0	7.80
50600	10294.8	74.44635	10716.8	105.17268	21793.4	66.38057	4457.0	9.36	4628.0	8.13
50620	9842.4	66.41798	11326.6	93.85962	21634.2	59.68961	4108.0	8.44	4940.0	7.31
50640	9421.0	70.20630	11021.2	99.78277	22362.4	67.93312	3969.0	8.80	4850.0	7.59
50660	9614.6	67.28432	10963.4	100.94214	22226.5	69.75623	3714.0	8.81	4813.0	7.38
50680	9686.6	68.35482	11192.4	89.08694	21924.4	65.32385	3990.0	8.05	4316.0	7.29
50700	9552.6	67.08606	11102.8	94.49689	22148.5	68.63398	3932.0	8.38	4770.0	7.27
50720	10112.1	64.71751	10694.3	98.00624	21997.4	67.13260	3948.0	8.56	4596.0	7.17
50740	9464.8	68.57481	11282.7	95.12996	22056.5	68.33605	3660.0	8.52	4555.0	7.44
50760	9277.1	70.86481	11528.6	95.74565	21998.4	65.04883	3392.0	8.60	4308.0	7.63
50780	9267.3	73.34661	11323.0	99.57902	22214.3	64.71847	3520.0	8.87	4459.0	7.83
50800	8853.6	73.18610	11783.7	98.46388	22167.4	65.86371	3168.0	8.83	4500.0	7.81
50820	9085.2	70.25740	12003.3	94.18038	21715.4	65.23481	3250.0	8.54	4538.0	7.57
50840	9283.1	70.82253	11442.9	98.37727	22078.3	64.14269	3413.0	8.77	4455.0	7.66
50860	8910.6	74.07776	11566.0	100.65145	22328.4	65.62484	3289.0	8.97	4523.0	7.92
50880	8920.4	71.94304	11422.1	101.68449	22462.3	65.83323	3167.0	8.93	4521.0	7.74
50900	9406.9	69.33120	10773.6	102.70342	22624.3	66.22931	3090.0	8.91	4114.0	7.53
50920	9056.8	65.84265	11412.6	94.75255	22334.4	66.96705	2914.0	8.34	4232.0	7.17
50940	8975.9	66.39875	11702.4	92.98831	22125.4	66.58716	2859.0	8.26	4322.0	7.19
50960	8822.3	69.18844	11688.6	96.16583	22293.4	67.24721	3113.0	8.52	4563.0	7.42
50980	8992.5	73.23117	11231.7	93.73405	22580.4	68.51615	3551.0	8.43	4244.0	7.67
51000	8799.6	72.87196	11375.3	89.53415	22629.4	68.78560	3495.0	8.09	4040.0	7.55
51020	8686.3	67.91714	11125.6	91.42491	22992.5	70.48419	3430.0	8.05	4495.0	7.15
51040	8749.5	70.91549	11137.8	94.52960	22917.5	71.72961	3533.0	8.34	4407.0	7.45
51060	8866.2	68.22433	10955.8	93.67861	22982.5	72.42152	3442.0	8.18	4449.0	7.19
51080	8459.7	70.35593	10853.1	95.72862	23492.5	72.53142	3327.0	8.29	4464.0	7.29
51100	8667.4	68.89226	10943.9	94.24017	23193.5	73.26385	3548.0	8.18	4591.0	7.21
51120	8662.1	65.80996	10811.9	93.58771	23330.5	71.70042	3611.0	8.07	4909.0	6.93
51140	8380.0	73.45811	10592.4	98.23592	23833.4	70.89702	3448.0	8.46	4355.0	7.53
51160	8217.8	70.36976	10586.6	100.27912	24001.3	69.75057	3238.0	8.47	4561.0	7.29
51180	8574.8	72.51481	11168.1	98.75875	23062.5	71.71288	3235.0	8.66	4445.0	7.64
51200	8903.4	70.81609	11248.9	96.72822	22652.4	67.59070	3234.0	8.53	4404.0	7.51
51220	8959.0	67.19676	11032.2	99.28705	22813.5	70.28676	3083.0	8.55	4467.0	7.24
51240	8823.8	64.37518	11122.1	99.13403	22858.5	70.29160	2921.0	8.46	4747.0	7.00
51260	8404.3	65.72925	11153.9	96.31607	23246.5	73.84304	2784.0	8.23	4546.0	6.98
51280	8423.5	68.32916	11219.7	94.54850	23161.5	72.53754	2961.0	8.21	4491.0	7.16
51300	8395.2	64.89553	10780.2	97.45885	23629.6	75.62074	2843.0	8.21	4701.0	6.87
51320	8496.3	67.19234	10582.7	101.57080	23726.5	73.92124	3017.0	8.56	4606.0	7.15
51340	8405.1	64.26623	10661.7	102.98115	23738.5	73.81705	2772.0	8.55	4761.0	6.93
51360	8674.9	63.94077	10681.6	101.03950	23448.5	72.33482	3074.0	8.45	4907.0	6.90
51380	8501.2	65.63039	10521.9	104.38822	23782.5	74.29781	3172.0	8.66	5082.0	7.04
51400	8486.3	67.09954	10663.0	107.01320	23656.4	70.88753	3072.0	8.93	4990.0	7.25
51420	8798.3	69.36193	10835.7	104.17214	23171.5	71.00011	2945.0	8.87	4444.0	7.45
51440	8999.0	67.70258	11347.1	100.61425	22458.4	67.60676	3058.0	8.71	4680.0	7.32
51460	8703.3	68.93572	11134.1	99.31494	22967.4	67.96638	2957.0	8.56	4403.0	7.33
51480	8602.5	69.62146	11193.4	103.24438	23009.3	67.44257	2743.0	8.84	4381.0	7.46
51500	9061.8	65.59650	11628.9	99.64662	22113.3	64.05751	2682.0	8.74	4507.0	7.26
51520	8915.0	67.22583	11470.0	100.49140	22419.4	67.17172	2655.0	8.72	4340.0	7.32
51540	8974.8	65.16862	11560.9	100.03036	22268.5	68.87772	2600.0	8.64	4489.0	7.17
51560	8994.8	65.02313	11118.3	100.86123	22691.5	71.31331	2702.0	8.64	4419.0	7.12
51580	8815.0	66.16734	10949.3	100.46707	23040.4	68.22411	2853.0	8.58	4488.0	7.13
51600	8758.4	70.13091	10746.8	104.88955	23300.3	68.06535	2918.0	8.93	4374.0	7.49
51620	8809.3	69.18833	10822.5	101.56702	23173.4	69.67709	2991.0	8.68	4329.0	7.37
51640	8496.3	67.45690	11209.9	96.63270	23098.3	67.71319	2792.0	8.37	4364.0	7.19
51660	8493.7	71.68499	11334.0	99.25880	22977.3	67.21046	2791.0	8.67	4257.0	7.57
51680	8265.3	75.71512	11241.4	103.73969	23299.3	66.11669	2678.0	9.04	4182.0	7.90
51700	8308.5	67.94846	11274.0	99.05584	23222.3	67.59469	2638.0	8.51	4516.0	7.23
51720	8449.3	66.42213	11424.9	98.98872	22930.4	69.36911	2333.0	8.52	4305.0	7.14
51740	8686.9	64.40198	11471.9	99.00036	22645.5	69.88429	2291.0	8.52	4302.0	7.05
51760	8885.6	62.12406	11663.9	100.48793	22254.4	67.45493	2426.0	8.64	4727.0	6.94
51780	9119.5	62.56778	11169.3	102.62695	22515.3	66.16085	2558.0	8.73	4583.0	6.97
51800	8657.9	63.82342	11355.3	103.27128	22791.4	68.86232	2731.0	8.71	4988.0	7.03
51820	8825.1	66.86680	11583.3	105.75418	22396.3	64.42530	2998.0	9.12	5191.0	7.41
51840	8601.3	67.67488	11943.6	98.97614	22259.4	66.64514	3051.0	8.68	5083.0	7.35
51860	8631.3	67.95847	11772.8	100.24533	22400.3	65.56259	2919.0	8.72	4896.0	7.36
51880	9021.2	69.79895	12160.3	96.50092	21622.5	68.15733	3051.0	8.72	4613.0	7.60
51900	8660.5	70.38979	12085.5	98.83591	22058.4	67.12916	2984.0	8.81	4781.0	7.61
51920	8660.5	70.26422	12166.4	97.72288	21977.3	64.26476	3190.0	8.72	5067.0	7.58
51940	8637.6	71.73555	11960.7	99.51888	22206.3	64.73937	3209.0	8.84	4849.0	7.71
51960	8425.5	68.89294	11714.9	101.59058	22664.4	66.87749	2716.0	8.82	4691.0	7.43
51980	8169.1	72.23230	11844.1	105.18874	22792.5	70.40619	2817.0	9.15	5022.0	7.75
52000	8715.4	69.25294	12034.7	101.26416	22054.3	63.91319	2763.0	8.89	4789.0	7.54
52020	8749.2	68.27181	12091.6	99.42779	21963.4	66.48563	2813.0	8.79	4836.0	7.45
52040	8738.9	64.12285	11860.5	95.90754	22204.4	66.49418	2836.0	8.40	4850.0	7.02
52060	8997.9	66.20339	11541.9	99.83059	22264.4	67.87490	3165.0	8.67	4928.0	7.23
52080	8789.1	67.08203	11656.9	100.92429	22358.4	67.19677	2912.0	8.80	4867.0	7.33
52100	8442.3	66.35995	11752.9	101.50306	22609.5	69.93318	2744.0	8.73	5027.0	7.22
52120	9062.8	65.61723	11913.9	102.73659	21827.4	66.68418	2894.0	8.97	5047.0	7.31
52140	8944.8	64.77328	11652.2	105.23537	22207.4	65.92298	2801.0	9.04	5094.0	7.23
52160	9473.5	65.60404	11532.2	103.49472	21798.4	64.46863	3036.0	9.06	4878.0	7.35
52180	9643.6	67.91307	11970.7	100.33789	21189.3	61.35510	3019.0	9.05	4606.0	7.62
52200	9246.9	67.70591	12039.8	103.11168	21517.4	64.11275	2890.0	9.13	4786.0	7.54
52220	8554.3	67.01169	12013.9	103.91817	22236.4	65.98441	2864.0	9.01	5286.0	7.38
52240	9062.6	63.88520	11670.8	98.87584	22070.4	65.82096	3001.0	8.59	4833.0	7.08
52260	8844.0	66.62867	11300.6	106.70757	22660.3	65.75467	2840.0	9.10	4823.0	7.38
52280	8951.2	69.20967	10721.2	109.63117	23133.2	64.94969	3197.0	9.24	4853.0	7.53
52300	8748.3	69.11769	11312.6	107.06988	22744.2	63.55534	3047.0	9.19	5025.0	7.55
52320	8796.4	70.51583	11356.3	103.24761	22652.4	68.20262	3528.0	8.98	5165.0	7.59
52340	9054.0	68.22874	11348.2	102.19807	22402.4	67.38151	3272.0	8.85	4863.0	7.41
52360	8828.3	69.11585	11453.1	101.68781	22523.5	69.20822	3349.0	8.86	5031.0	7.48
52380	8753.1	67.04789	11804.7	99.31395	22246.5	69.01636	3109.0	8.69	5107.0	7.28
52400	8930.0	67.45530	11871.9	101.88553	22002.5	68.07820	3546.0	8.92	5485.0	7.43
52420	9066.9	67.05445	11756.1	104.32420	21981.4	64.66193	3381.0	9.07	5344.0	7.43
52440	9070.8	65.44207	12013.9	102.92077	21719.4	65.42658	3198.0	9.02	5369.0	7.35
52460	8982.9	66.37992	11675.8	99.53634	22145.4	65.60344	3171.0	8.71	5012.0	7.29
52480	8731.1	66.06463	12000.6	98.66006	22072.5	70.00057	3061.0	8.67	5288.0	7.24
52500	8802.1	66.64413	11531.0	100.68806	22471.5	69.19950	2983.0	8.72	4905.0	7.28
52520	8839.1	66.98253	11231.1	100.40046	22734.5	71.45925	3359.0	8.62	4927.0	7.26
52540	8905.3	69.78488	11334.2	101.88680	22565.4	66.99041	3101.0	8.87	4610.0	7.55
52560	9158.7	65.81714	11171.4	103.15543	22474.4	67.64129	2898.0	8.86	4612.0	7.26
52580	8783.1	66.92280	11185.2	101.00578	22836.4	69.79835	3191.0	8.68	4882.0	7.25
52600	9268.8	66.97959	10961.0	95.43159	22574.4	69.07285	3381.0	8.38	4388.0	7.20
52620	9073.8	65.64307	10822.4	100.65484	22908.4	68.39788	3004.0	8.58	4467.0	7.12
52640	8732.2	67.89088	10918.8	106.82164	23154.4	68.26564	3069.0	9.03	4909.0	7.37
52660	8872.0	66.56750	11043.8	107.76131	22889.3	67.21345	3102.0	9.10	5145.0	7.32
52680	8699.1	66.31224	11418.5	106.93308	22687.4	67.49331	3067.0	9.12	5234.0	7.34
52700	9235.7	66.14932	11718.7	98.79246	21849.4	66.32391	3245.0	8.73	5045.0	7.29
52720	8672.3	68.69937	12200.8	103.28653	21931.4	64.58395	2941.0	9.08	5173.0	7.59
52740	8568.6	71.17767	12340.9	105.72258	21895.3	63.36948	2812.0	9.33	5163.0	7.81
52760	8486.6	70.53639	12219.1	108.74313	22099.3	63.04491	3099.0	9.50	5601.0	7.80
52780	8735.0	65.98079	12040.0	104.84872	22029.3	63.26679	3029.0	9.12	5582.0	7.37
52800	8833.6	61.97000	12446.9	108.01573	21523.3	63.23759	2876.0	9.35	6074.0	7.16
52820	8559.8	62.12422	12642.6	105.03837	21601.4	65.25680	2824.0	9.08	6068.0	7.10
52840	8415.8	61.44274	12426.7	104.25795	21961.4	66.50736	2841.0	8.94	6200.0	6.94
52860	9323.9	57.39780	12553.6	104.37491	20925.4	63.71274	2600.0	9.04	5729.0	6.78
52880	8888.8	63.97360	12830.8	108.43326	21084.3	61.59572	2616.0	9.52	5745.0	7.40
52900	9261.1	58.71310	13040.6	107.77775	20501.4	61.49184	2570.0	9.42	5999.0	7.02
52920	9223.6	64.12205	12965.7	109.23550	20614.4	61.65655	2697.0	9.64	5722.0	7.46
52940	9097.6	63.97485	12704.9	109.67938	21001.3	60.87921	3079.0	9.58	6077.0	7.43
52960	9270.3	61.72518	12839.0	112.68694	20694.3	58.64147	2973.0	9.85	6233.0	7.37
52980	9284.2	60.27739	13004.1	114.78172	20515.3	58.32520	3087.0	9.97	6628.0	7.31
53000	8962.3	59.82289	13623.7	113.64123	20217.2	55.58818	2945.0	9.94	7041.0	7.24
53020	8948.3	59.52123	13464.6	111.63031	20390.3	59.67775	2997.0	9.75	6900.0	7.16
53040	8790.5	60.91857	13458.9	116.34869	20554.3	60.17871	2896.0	10.10	6908.0	7.34
53060	8565.6	59.93896	13435.0	118.13686	20803.3	58.99507	2468.0	10.17	6929.0	7.22
53080	8695.5	59.82324	13214.1	116.86954	20894.2	58.51427	2628.0	10.04	6872.0	7.20
53100	8763.2	56.77113	13452.7	112.07063	20587.3	59.14143	2763.0	9.64	7001.0	6.89
53120	8829.1	56.09909	13215.8	112.57738	20758.4	61.59719	2787.0	9.62	6947.0	6.83
53140	8985.1	57.69303	13352.9	115.17578	20465.3	59.82434	2767.0	9.93	6989.0	7.04
53160	8797.2	57.08653	13214.0	116.28734	20792.3	60.42422	2668.0	9.92	7103.0	6.94
53180	8906.3	58.71514	12722.5	118.70953	21175.3	61.62183	2747.0	10.00	6761.0	7.06
53200	8813.3	58.67825	12554.4	116.67173	21436.3	60.55453	2824.0	9.84	6716.0	7.03
53220	8977.3	59.48380	12621.3	115.38163	21205.3	61.27236	2667.0	9.79	6308.0	7.10
53240	8796.6	61.39864	12481.4	116.03312	21526.3	61.49246	2964.0	9.86	6524.0	7.26
53260	8832.5	61.21624	12809.3	116.64573	21162.3	60.50229	2533.0	9.98	6384.0	7.27
53280	9110.2	59.55799	13074.8	111.35574	20618.3	59.65547	2990.0	9.71	6635.0	7.14
53300	8911.2	57.87308	13057.6	108.39706	20834.3	60.58375	2825.0	9.39	6599.0	6.90
53320	9072.1	58.26415	12893.9	110.77746	20837.3	61.17792	3057.0	9.51	6763.0	6.94
53340	8959.4	60.25432	12537.2	113.11557	21307.3	60.19711	2814.0	9.68	6392.0	7.12
53360	9044.3	60.47531	12832.4	118.02381	20927.3	59.32791	2779.0	10.11	6598.0	7.28
53380	8921.0	56.11224	12972.3	118.64560	20910.3	59.94374	2421.0	9.99	6787.0	6.88
53400	8644.8	62.46354	12803.7	122.55634	21356.3	62.06226	2346.0	10.38	6472.0	7.44
53420	8762.5	60.52764	13309.6	109.58183	20731.4	61.96814	2608.0	9.55	6444.0	7.14
53440	8687.6	60.46574	12915.0	113.20557	21201.4	64.05635	2807.0	9.69	6666.0	7.14
53460	9404.0	59.30958	12795.9	110.58627	20603.5	63.98856	2713.0	9.63	5995.0	7.12
53480	9208.1	58.37797	12665.6	104.81809	20929.4	63.48333	2624.0	9.14	5743.0	6.92
53500	9098.4	61.83478	12330.1	109.28032	21375.4	63.35772	2713.0	9.43	5759.0	7.17
53520	9153.5	62.67938	12435.1	110.85710	21215.4	63.95057	2931.0	9.59	5939.0	7.29
53540	8895.5	60.78915	12733.4	102.20957	21174.3	61.52062	2873.0	9.00	6004.0	7.02
53560	8921.9	65.36456	12774.1	112.77320	21108.2	58.85886	2889.0	9.89	6100.0	7.60
53580	8869.5	61.51792	13033.4	104.67155	20900.4	62.48979	2789.0	9.20	6002.0	7.14
53600	8820.0	66.28693	12824.8	108.58364	21159.3	60.82209	2954.0	9.58	5938.0	7.62
53620	8800.9	64.86150	12620.8	106.59224	21382.4	63.45861	2695.0	9.38	5627.0	7.42
53640	9194.4	61.86775	12649.6	103.75326	20959.4	63.44970	2863.0	9.14	5611.0	7.18
53660	8709.6	61.44293	12652.7	106.25657	21441.4	64.29022	2709.0	9.18	6024.0	7.05
53680	8410.1	64.29675	12887.6	105.71194	21506.3	62.39967	2673.0	9.24	6003.0	7.28
53700	8348.3	65.58807	13070.5	106.58531	21385.3	62.77785	2816.0	9.42	6231.0	7.45
53720	8722.9	64.61909	12503.6	103.95105	21577.4	64.83183	3018.0	9.10	5862.0	7.28
53740	8478.4	67.93378	12842.5	104.75629	21483.4	64.58722	3157.0	9.30	6024.0	7.60
53760	8533.0	64.49412	12325.6	102.01304	21945.5	67.46352	2955.0	8.90	5703.0	7.18
53780	8753.8	63.03518	11965.8	101.88406	22084.5	68.22346	2835.0	8.78	5309.0	7.05
53800	9376.4	63.48627	11423.2	102.28442	22004.5	67.75681	2871.0	8.85	4761.0	7.11
53820	8926.1	68.10365	11629.2	105.41348	22249.4	66.08021	2685.0	9.13	4632.0	7.52
53840	8843.2	68.71082	11332.4	104.77877	22629.4	68.20307	2667.0	9.00	4423.0	7.48
53860	8483.4	67.99102	11192.4	104.08780	23129.4	68.53593	2700.0	8.85	4762.0	7.33
53880	8641.3	68.40165	11414.2	102.25685	22749.4	67.11682	2768.0	8.84	4580.0	7.43
53900	8951.8	65.43418	11601.1	102.35993	22251.5	70.00015	2582.0	8.88	4668.0	7.26
53920	8705.0	64.85223	11365.3	104.37905	22734.5	70.51112	2705.0	8.84	4936.0	7.11
53940	8646.0	65.31293	10949.4	100.64904	23209.5	72.61335	2890.0	8.53	4641.0	7.04
53960	8934.7	63.31764	11007.0	96.85573	22862.4	69.81015	3037.0	8.28	4578.0	6.89
53980	8814.2	68.34844	11035.2	99.35871	22955.5	71.33991	3120.0	8.58	4487.0	7.32
54000	8747.2	67.66868	11447.8	97.37490	22609.4	66.84577	3030.0	8.49	4608.0	7.27
54020	8866.0	66.25783	11106.5	104.26681	22832.4	67.10701	3024.0	8.86	4835.0	7.26
54040	9140.5	62.30615	10970.1	97.87400	22693.4	68.96094	3182.0	8.38	4836.0	6.84
54060	8807.1	66.86588	11319.2	102.20763	22678.4	67.82112	3287.0	8.77	5114.0	7.27
54080	9305.8	67.92411	11422.0	99.57177	22076.4	65.99089	3454.0	8.78	4818.0	7.44
54100	9400.7	67.57236	11529.9	99.80722	21873.5	67.95998	3593.0	8.82	5016.0	7.41
54120	9075.9	67.33774	11159.5	104.00871	22569.5	69.51430	3623.0	8.95	5299.0	7.36
54140	8942.0	66.73895	11007.5	102.95091	22855.4	69.65983	3584.0	8.80	5265.0	7.27
54160	9085.8	66.42663	11639.2	104.96189	22079.4	67.43881	3382.0	9.13	5432.0	7.41
54180	8753.1	66.37675	11622.1	103.50715	22429.4	66.03767	3489.0	8.90	5553.0	7.29
54200	9235.8	66.65702	11462.3	104.81126	22106.4	66.63191	3214.0	9.09	5072.0	7.43
54220	9186.9	67.94001	11133.8	108.11667	22484.4	67.92958	3357.0	9.28	5141.0	7.53
54240	8864.9	65.61898	11546.4	106.39794	22393.4	68.36642	3246.0	9.09	5499.0	7.29
54260	9274.5	63.74179	11540.0	100.90762	21989.5	68.81593	3376.0	8.77	5157.0	7.15
54280	9025.7	64.76017	11814.1	104.86899	21964.4	66.08026	3094.0	9.08	5355.0	7.28
54300	9074.0	68.23984	11929.0	103.78579	21801.4	64.85676	3342.0	9.14	5241.0	7.59
54320	9480.6	66.17327	11976.6	98.66700	21346.4	64.11887	3581.0	8.80	5184.0	7.38
54340	9419.4	63.41505	11793.9	101.34252	21590.4	65.17298	3312.0	8.84	5246.0	7.17
54360	9763.3	65.24580	11908.3	108.41259	21132.3	61.72758	2995.0	9.54	5015.0	7.54
54380	9068.7	64.33508	12110.8	103.47768	21624.3	63.49035	2884.0	9.08	5299.0	7.29
54400	9260.7	65.43624	11928.9	102.30914	21614.4	64.54371	3171.0	9.01	5189.0	7.35
54420	9338.4	62.57329	12275.5	99.52544	21189.4	64.62482	2860.0	8.84	5049.0	7.15
54440	9343.6	65.48025	12325.7	102.81973	21134.3	61.79384	2975.0	9.11	5140.0	7.44
54460	9682.5	66.46118	11798.2	106.44166	21323.4	64.60349	3185.0	9.36	5066.0	7.55
54480	9408.4	63.14669	11543.8	112.49179	21852.3	63.42378	3324.0	9.59	5696.0	7.33
54500	9492.5	64.83923	11463.6	109.31092	21848.4	64.68694	3237.0	9.39	5230.0	7.38
54520	9397.6	65.90586	11423.5	106.98206	21983.3	63.13668	3436.0	9.23	5374.0	7.40
54540	9148.9	66.97480	11467.5	107.40074	22188.4	66.72974	3186.0	9.27	5209.0	7.47
54560	8951.0	67.37121	11556.1	102.87215	22297.4	66.23821	2979.0	8.94	4899.0	7.41
54580	8901.2	68.53087	11850.9	102.10082	22052.3	64.19625	3334.0	8.98	5272.0	7.52
54600	9012.4	72.19728	11700.8	100.00565	22091.3	63.69696	3512.0	8.95	4905.0	7.82
54620	8988.2	69.87116	11507.1	101.57686	22309.3	64.31333	3430.0	8.88	4967.0	7.57
54640	8779.2	67.88997	12199.6	101.00349	21825.4	64.78554	2987.0	8.95	5131.0	7.50
54660	8857.3	69.81546	12588.3	99.71262	21358.3	61.62716	2983.0	9.01	5096.0	7.69
54680	8594.5	69.70620	12663.0	95.67483	21546.3	63.27101	3244.0	8.69	5361.0	7.58
54700	9398.9	69.19981	12495.5	101.14916	20909.4	61.90037	3633.0	9.18	5387.0	7.75
54720	9698.5	66.55078	12053.7	100.58850	21051.4	64.32868	3983.0	9.00	5516.0	7.52
54740	9523.4	64.51030	11970.6	98.36734	21309.3	62.38438	3560.0	8.73	5185.0	7.24
54760	9092.1	69.92165	12253.7	102.96516	21458.3	61.93970	3409.0	9.24	5396.0	7.76
54780	8789.2	67.67647	12493.3	98.91668	21521.4	63.57492	3701.0	8.85	5851.0	7.48
54800	9056.2	69.96102	12435.6	101.96637	21312.4	62.70227	3747.0	9.17	5734.0	7.78
54820	9175.9	68.08198	12158.4	97.53430	21469.3	60.63546	4075.0	8.79	5731.0	7.50
54840	9208.7	65.68425	12388.6	102.80056	21206.4	63.91757	3982.0	9.11	6174.0	7.43
54860	8736.3	68.81818	12151.0	106.87090	21917.3	63.79313	3578.0	9.34	5928.0	7.64
54880	9067.0	67.48537	12614.6	103.82866	21122.4	63.06625	3357.0	9.27	5757.0	7.61
54900	9444.7	67.89859	12491.4	99.25493	20867.3	60.65983	3535.0	9.01	5328.0	7.64
54920	9279.8	67.38964	12140.6	100.90079	21383.5	67.03902	3625.0	8.95	5458.0	7.48
54940	9436.6	66.44495	12350.4	98.78211	21016.4	63.18097	3617.0	8.88	5483.0	7.44
54960	9107.0	68.23976	12260.4	97.50488	21436.4	64.57735	3523.0	8.78	5241.0	7.52
54980	9135.9	67.67551	12079.6	99.13106	21588.4	63.83145	3456.0	8.82	5292.0	7.47
55000	9174.6	63.69361	12180.4	96.80031	21448.4	65.01908	3298.0	8.59	5324.0	7.15
55020	9064.9	66.69054	11824.1	104.88158	21915.4	66.16499	3290.0	9.10	5411.0	7.42
55040	9029.9	66.75991	11955.8	102.22584	21818.4	65.90259	3563.0	8.96	5636.0	7.40
55060	9084.0	67.92845	11642.1	103.20618	22078.4	66.97007	3628.0	9.05	5453.0	7.50
55080	9172.1	69.99579	11244.6	106.58430	22388.4	68.07647	3754.0	9.22	5297.0	7.68
55100	9171.6	64.70915	11789.0	103.10679	21843.3	62.44399	3636.0	9.01	5768.0	7.27
55120	9289.8	66.80257	11909.0	104.63012	21605.4	65.33579	3625.0	9.22	5628.0	7.52
55140	8913.2	68.69734	12061.0	104.85385	21830.4	64.26474	3624.0	9.22	5808.0	7.62
55160	8969.8	64.64949	11984.8	101.84793	21849.3	63.95934	3566.0	8.90	5694.0	7.28
55180	9117.0	67.99576	12465.5	101.12325	21221.3	61.06857	3475.0	9.05	5517.0	7.60
55200	9330.5	63.74442	12642.5	102.54686	20830.4	61.88502	3627.0	9.15	6071.0	7.34
55220	9352.6	65.81051	12475.6	103.65366	20975.3	60.02825	3868.0	9.23	6204.0	7.47
55240	9666.5	66.21519	12033.0	104.63155	21104.3	59.61561	3868.0	9.28	5694.0	7.53
55260	9798.6	68.70367	12202.8	104.36472	20802.3	59.29223	4240.0	9.42	5841.0	7.84
55280	9917.2	64.40688	12223.2	109.92300	20663.2	57.33116	3953.0	9.70	6053.0	7.58
55300	10167.1	65.34149	11971.3	109.40284	20665.2	57.34122	4000.0	9.73	5791.0	7.68
55320	9814.5	67.35779	12289.8	105.23740	20699.3	59.79072	3996.0	9.47	5795.0	7.75
55340	10000.3	66.35480	12211.6	101.47518	20591.4	62.19967	4063.0	9.22	5561.0	7.65
55360	9642.8	69.55710	12429.4	100.19362	20731.3	60.76470	4197.0	9.17	5787.0	7.81
55380	9819.9	72.04934	12747.0	96.31320	20236.3	59.00842	4345.0	9.09	5469.0	8.09
55400	9407.2	73.37152	12682.2	98.41552	20714.4	61.51141	4168.0	9.19	5647.0	8.11
55420	9251.1	70.00691	12731.9	93.91629	20820.3	58.63438	3940.0	8.69	5524.0	7.69
55440	9275.5	75.24260	12545.2	96.93746	20983.3	61.55832	3913.0	9.05	5227.0	8.18
55460	9382.1	71.87955	12484.2	96.15083	20937.2	57.49921	3897.0	8.92	5226.0	7.91
55480	8990.6	73.82431	11996.8	101.60834	21817.3	63.53659	3856.0	9.14	5308.0	7.99
55500	8985.1	68.39412	12122.8	103.81478	21696.3	63.71165	3523.0	9.16	5652.0	7.61
55520	9043.8	65.08356	12129.8	103.43485	21630.4	65.18192	3327.0	9.07	5639.0	7.35
55540	8625.6	71.48774	12114.8	103.65944	22064.3	64.81822	3289.0	9.17	5554.0	7.78
55560	8759.0	66.05159	12183.7	101.42270	21861.4	64.58447	3290.0	8.92	5645.0	7.35
55580	8824.0	65.69046	12195.6	100.31474	21784.5	69.33385	3120.0	8.86	5377.0	7.30
55600	8417.2	65.27452	12088.5	98.98766	22298.4	67.03147	3039.0	8.62	5409.0	7.17
55620	8823.0	66.62536	11544.9	99.79544	22436.4	66.74361	3066.0	8.69	4938.0	7.25
55640	8789.1	66.92284	11558.0	101.22654	22457.5	69.62609	2979.0	8.77	4817.0	7.30
55660	8742.5	70.89251	11233.2	101.16626	22829.4	67.14135	2962.0	8.80	4348.0	7.57
55680	8791.5	71.90385	11135.0	97.76330	22878.3	65.69961	3395.0	8.59	4417.0	7.59
55700	8664.7	72.21306	11125.3	101.74995	23015.3	66.86794	3306.0	8.85	4590.0	7.67
55720	8433.8	71.41519	11085.3	100.78665	23286.3	68.22757	3207.0	8.73	4655.0	7.56
55740	8934.3	70.05505	10919.1	97.06769	22951.4	69.44671	3512.0	8.49	4609.0	7.41
55760	8980.1	68.13390	11312.4	105.35222	22512.4	66.65083	3112.0	9.10	4875.0	7.50
55780	9395.8	68.21150	11844.8	100.49010	21563.4	63.39282	3028.0	8.93	4614.0	7.57
55800	9095.0	67.81271	11617.1	103.54601	22092.4	65.92699	3177.0	9.05	4925.0	7.50
55820	8856.0	66.24180	11891.6	97.68094	22056.4	66.94748	3044.0	8.61	4924.0	7.25
55840	8758.1	66.84999	11859.7	99.99024	22186.3	65.12018	2663.0	8.73	4659.0	7.31
55860	9020.0	67.26034	11413.3	103.51237	22371.4	67.23219	2617.0	8.96	4352.0	7.39
55880	9032.0	67.94551	11219.5	105.10957	22553.3	65.33714	2627.0	9.02	4378.0	7.44
55900	8808.1	67.33272	10942.6	103.37664	23054.3	67.44616	2529.0	8.80	4229.0	7.27
55920	8890.1	67.67214	11058.3	100.31441	22856.3	66.85510	2729.0	8.65	4196.0	7.30
55940	8639.4	69.59110	11325.3	103.91564	22840.5	70.20414	2695.0	8.92	4532.0	7.47
55960	8743.4	70.11898	11497.8	98.16040	22563.4	68.67221	3066.0	8.63	4578.0	7.47
55980	8605.3	68.22472	11492.9	98.61335	22706.4	67.23933	3223.0	8.58	4937.0	7.31
56000	9059.7	64.37432	11592.1	102.97525	22152.4	65.25571	3128.0	8.89	5160.0	7.21
56020	8500.3	67.37753	11912.9	103.10496	22391.3	63.99263	3127.0	8.95	5537.0	7.37
56040	8452.4	67.23915	12303.4	98.89596	22048.3	64.21930	3163.0	8.71	5574.0	7.32
56060	8499.3	66.98643	11935.8	100.78081	22369.3	64.96937	2934.0	8.81	5286.0	7.32
56080	8978.0	67.16873	12104.7	101.66657	21721.4	65.26742	3135.0	8.97	5247.0	7.43
56100	8605.0	64.99216	12361.7	104.19445	21837.3	62.77294	2734.0	9.05	5435.0	7.29
56120	8684.8	63.21695	12099.8	102.95133	22019.4	67.16675	2507.0	8.90	5265.0	7.08
56140	8556.4	68.39881	12218.9	106.01521	22029.3	63.02916	2554.0	9.25	5177.0	7.56
56160	8854.8	64.38879	12194.8	103.75499	21754.3	63.33040	2752.0	9.02	5263.0	7.24
56180	8778.9	64.85994	11939.2	107.36127	22086.4	67.53588	2735.0	9.21	5382.0	7.28
56200	8581.0	64.63416	12073.8	102.95963	22149.3	64.78670	2825.0	8.91	5460.0	7.21
56220	8509.4	67.85152	12255.1	108.23951	22040.5	68.93412	3055.0	9.37	5786.0	7.56
56240	8548.2	66.14647	11794.8	99.82839	22461.4	67.64079	3302.0	8.69	5478.0	7.23
56260	8481.5	69.05049	11382.7	109.59535	22941.3	66.38935	3037.0	9.30	5440.0	7.51
56280	8553.2	66.10012	11693.3	107.15145	22558.4	67.01977	2936.0	9.13	5536.0	7.30
56300	8605.2	66.69796	11433.6	108.61251	22766.4	68.09379	3271.0	9.21	5739.0	7.36
56320	8964.7	64.32620	11124.3	101.67149	22715.4	68.29261	3226.0	8.69	5037.0	7.10
56340	8781.9	65.31208	11088.2	100.47506	22934.4	67.88466	3060.0	8.56	4828.0	7.08
56360	8608.2	66.81981	11322.5	106.12300	22874.3	66.86330	2980.0	9.04	5069.0	7.32
56380	8686.3	68.28304	11818.9	102.22011	22299.3	65.18342	2902.0	8.96	5064.0	7.43
56400	8817.0	66.33153	11225.2	101.48379	22762.4	67.85525	3065.0	8.69	4874.0	7.21
56420	8928.3	70.51643	11780.0	103.76187	22096.4	66.95647	3127.0	9.15	4959.0	7.71
56440	9501.8	69.21538	11622.8	99.17702	21679.4	65.81220	3564.0	8.89	4692.0	7.64
56460	9559.7	68.69055	11934.7	99.77092	21309.4	62.91294	3282.0	8.99	4667.0	7.66
56480	9446.7	67.84934	11706.1	103.62234	21651.4	63.77283	3398.0	9.11	4977.0	7.58
56500	9539.6	66.63996	11601.0	101.37253	21663.4	63.71453	3445.0	8.91	4868.0	7.44
56520	9386.6	65.31242	11859.6	97.82119	21557.5	66.06430	3477.0	8.69	5061.0	7.27
56540	9273.8	67.03959	12040.7	101.50200	21489.4	65.36309	3377.0	9.02	5246.0	7.51
56560	9327.6	64.93746	11803.8	100.01668	21672.4	65.68944	3332.0	8.80	5219.0	7.27
56580	8960.7	64.41420	11664.8	99.88101	22178.4	67.73002	3187.0	8.71	5295.0	7.14
56600	8993.3	71.07299	11353.0	98.87789	22458.4	66.31350	3498.0	8.74	4706.0	7.62
56620	9108.1	69.27629	11160.9	96.89828	22535.4	67.08678	3720.0	8.51	4731.0	7.41
56640	8924.3	70.14412	11383.8	97.18722	22496.4	68.45036	3589.0	8.59	4824.0	7.50
56660	9271.2	71.55814	11257.1	100.50307	22276.4	65.50296	3622.0	8.90	4731.0	7.71
56680	9203.3	72.26469	11727.0	102.00048	21874.4	64.65581	3430.0	9.07	4724.0	7.84
56700	9277.9	68.45692	11876.6	97.57583	21649.4	64.83085	3164.0	8.73	4601.0	7.53
56720	9400.3	73.75964	11720.7	98.27209	21683.3	63.01937	3663.0	8.92	4593.0	7.94
56740	9212.2	71.79578	11915.7	99.89433	21676.4	64.43578	3430.0	9.00	4845.0	7.83
56760	9274.7	66.20745	11698.9	100.35663	21830.4	64.25071	3031.0	8.83	4832.0	7.34
56780	9119.1	69.98834	11759.0	103.42635	21926.4	64.53254	2968.0	9.12	4658.0	7.70
56800	8977.1	68.89835	11802.9	101.28553	22024.3	63.97059	3167.0	8.93	4901.0	7.57
56820	8759.3	69.48478	12142.7	101.07586	21902.4	65.63193	3082.0	8.99	5131.0	7.62
56840	8975.8	65.28489	12364.6	101.46765	21463.4	63.12684	2959.0	8.98	5352.0	7.36
56860	8953.2	69.87940	12043.8	102.13430	21807.4	64.37900	3093.0	9.09	4994.0	7.68
56880	9482.3	62.99295	11828.6	97.35124	21492.5	67.98853	3033.0	8.60	4723.0	7.09
56900	9502.2	62.34332	11427.1	101.19913	21874.4	66.97552	3295.0	8.72	5057.0	7.03
56920	9131.5	63.04631	11861.9	102.94109	21810.4	64.79536	2901.0	8.96	5195.0	7.14
56940	9515.2	61.97725	11703.3	106.48960	21585.4	65.24736	3016.0	9.19	5243.0	7.15
56960	9212.7	65.49408	11635.4	107.62335	21956.4	65.50783	2916.0	9.29	5061.0	7.41
56980	9335.3	62.17601	11430.7	109.58619	22038.3	63.37362	2973.0	9.30	5324.0	7.15
57000	9132.5	62.37563	11894.1	105.78349	21777.4	65.33308	2757.0	9.09	5297.0	7.12
57020	8766.7	62.89783	12093.0	105.11148	21944.4	65.97312	2802.0	9.03	5577.0	7.11
57040	8759.9	64.72456	11852.3	107.50085	22192.4	66.81449	2279.0	9.22	5032.0	7.28
57060	8357.2	65.19721	12107.1	107.10077	22340.4	65.97342	2091.0	9.16	5105.0	7.27
57080	8558.0	63.75811	11765.3	107.78094	22481.4	66.83361	2231.0	9.12	5103.0	7.14
57100	8154.5	66.27123	12309.7	102.71511	22340.4	65.68905	2173.0	8.92	4965.0	7.31
57120	8459.3	66.43127	11906.1	105.09222	22439.4	66.40206	2231.0	9.03	4776.0	7.32
57140	8318.1	63.68217	11960.8	100.99596	22525.4	66.96397	2352.0	8.66	5054.0	7.02
57160	8099.7	67.90025	11095.7	107.02748	23610.4	71.11659	2715.0	8.99	5108.0	7.31
57180	8281.5	67.60569	11314.4	104.62105	23209.4	69.67283	2668.0	8.87	4973.0	7.27
57200	8350.3	65.41679	11792.6	97.65184	22661.4	69.14184	2579.0	8.47	4778.0	7.10
57220	8644.3	67.62728	11722.1	103.69415	22438.3	65.88304	2486.0	8.97	4669.0	7.40
57240	8192.8	70.03336	11626.2	104.28898	22986.4	68.73321	2637.0	8.96	4905.0	7.49
57260	8615.5	70.08623	11589.2	104.30148	22600.4	67.38596	2625.0	9.04	4653.0	7.58
57280	8068.1	71.71511	11726.8	99.92331	23010.4	69.04288	2622.0	8.71	4577.0	7.56
57300	8426.5	68.33269	11276.4	103.74756	23102.5	71.54533	2428.0	8.82	4431.0	7.33
57320	8691.0	64.77232	11159.2	101.05485	22954.4	68.40903	2563.0	8.61	4535.0	7.06
57340	8622.2	66.67653	11247.4	103.97581	22935.4	68.92031	2538.0	8.84	4640.0	7.24
57360	8430.4	66.95219	11499.2	103.32102	22875.4	69.21097	2428.0	8.83	4694.0	7.28
57380	8642.1	65.61213	11319.3	103.47381	22843.4	68.09757	2665.0	8.81	4686.0	7.19
57400	8700.2	67.38643	11326.5	106.53667	22778.4	67.82934	2764.0	9.08	4886.0	7.39
57420	8904.9	65.71650	11616.4	108.18593	22283.4	65.61289	2584.0	9.23	4924.0	7.35
57440	8344.3	65.57544	12037.9	104.08028	22422.3	64.62158	2109.0	8.97	4875.0	7.25
57460	8229.3	65.02716	11963.2	107.01414	22612.2	63.40307	2094.0	9.10	5046.0	7.21
57480	8447.1	64.39890	11820.8	100.92967	22536.4	67.48498	2349.0	8.66	4770.0	7.08
57500	8189.2	63.63387	11575.8	98.22387	23039.4	70.21354	2153.0	8.38	4668.0	6.88
57520	8333.3	65.46486	11128.4	103.22896	23343.4	71.49866	2305.0	8.69	4617.0	7.08
57540	8238.7	68.84413	11329.2	101.78558	23237.4	69.54739	2528.0	8.73	4664.0	7.34
57560	8432.4	67.51289	11487.0	100.09550	22885.4	68.90955	2517.0	8.64	4476.0	7.27
57580	8453.4	68.12895	11710.1	103.64118	22641.4	68.86108	2376.0	8.93	4627.0	7.41
57600	8484.2	65.95696	11662.3	105.73686	22658.4	67.78179	2018.0	8.98	4480.0	7.25
57620	8508.1	64.71940	11195.4	104.07492	23101.4	69.29719	2267.0	8.79	4506.0	7.09
57640	8303.0	62.40574	11218.4	104.35485	23283.5	73.07801	2184.0	8.70	4803.0	6.86
57660	7923.2	61.61163	11036.5	104.13794	23845.5	74.64694	2065.0	8.53	4953.0	6.71
57680	8353.1	63.55360	11108.5	104.28307	23343.4	71.19869	2036.0	8.69	4501.0	6.97
57700	8335.3	65.64857	11053.8	107.87683	23416.4	70.75594	2432.0	9.01	4976.0	7.15
57720	8306.3	65.57532	11304.6	107.43615	23194.5	71.21915	2314.0	9.01	4838.0	7.19
57740	8712.2	67.30842	11359.5	106.49825	22733.4	67.62819	2343.0	9.09	4433.0	7.41
57760	8894.8	64.59475	11507.3	104.94808	22402.4	67.37265	2512.0	8.93	4771.0	7.18
57780	8692.0	64.86539	11808.1	105.15526	22304.4	65.97215	2380.0	8.99	4872.0	7.21
57800	8733.7	62.25980	11733.0	102.79637	22337.4	67.30322	2324.0	8.78	4974.0	6.95
57820	8726.2	67.13169	11820.2	105.72759	22258.3	63.59211	2566.0	9.11	4922.0	7.42
57840	8640.2	67.45143	11710.3	106.85067	22454.3	64.47430	2603.0	9.19	4996.0	7.45
57860	8543.0	63.95015	11541.7	110.95956	22720.4	68.44801	2442.0	9.30	5218.0	7.20
57880	9070.6	63.31062	11299.7	109.04371	22434.4	66.55993	2812.0	9.22	5269.0	7.14
57900	8535.1	65.29821	11557.5	108.72008	22712.3	65.95049	2702.0	9.20	5353.0	7.27
57920	8653.0	65.08851	11396.2	101.94499	22755.4	67.64578	2930.0	8.73	5062.0	7.12
57940	8841.9	65.68393	11885.1	105.34273	22077.4	65.39911	2906.0	9.11	5329.0	7.33
57960	8731.2	67.86380	11834.9	102.01121	22238.4	65.86907	3231.0	8.92	5237.0	7.45
57980	8697.2	67.11772	11965.0	104.97963	22142.3	64.95375	2828.0	9.12	5253.0	7.43
58000	8669.1	66.29360	11790.9	101.02463	22344.3	65.35177	3067.0	8.77	5277.0	7.25
58020	8757.9	64.67518	11701.9	100.80775	22344.4	67.54565	2925.0	8.68	5172.0	7.11
58040	8563.4	68.15687	11694.5	109.16626	22547.4	68.82321	2637.0	9.34	5124.0	7.54
58060	8456.0	63.12039	11621.9	99.97694	22726.5	69.69416	2821.0	8.51	5268.0	6.91
58080	8159.4	65.48771	11605.7	97.94538	23039.4	67.86941	3048.0	8.44	5382.0	7.03
58100	8007.8	68.34162	11264.1	99.75778	23533.5	72.39406	3244.0	8.54	5368.0	7.22
58120	8229.6	68.04572	11292.1	100.70756	23283.5	73.45675	3039.0	8.61	5030.0	7.26
58140	8399.6	69.38786	11405.4	105.34053	23000.5	70.89273	3054.0	9.02	5179.0	7.49
58160	8691.3	68.19934	11934.2	107.06568	22179.4	66.00616	2791.0	9.25	5180.0	7.53
58180	8637.2	66.77473	11526.4	106.60757	22641.3	65.53282	3161.0	9.11	5462.0	7.37
58200	8980.8	65.10192	11835.0	104.21472	21988.3	63.43728	3034.0	9.06	5319.0	7.29
58220	9394.3	62.20457	11917.7	99.66754	21491.4	63.86042	3243.0	8.76	5322.0	7.06
58240	9038.8	65.36125	12026.0	104.98829	21739.5	66.60341	3255.0	9.16	5659.0	7.35
58260	8955.5	61.67584	12240.0	106.60858	21608.4	64.99415	2879.0	9.20	5940.0	7.08
58280	8637.5	59.30541	12542.9	108.16141	21623.4	65.25408	2777.0	9.24	6311.0	6.91
58300	8608.7	61.14488	12441.1	110.96445	21754.4	64.12829	2763.0	9.43	6247.0	7.08
58320	8796.5	60.46852	12166.3	111.28740	21841.3	64.15633	2765.0	9.40	6107.0	7.02
58340	8753.5	60.67791	12107.4	111.62906	21943.4	65.44943	2923.0	9.41	6292.0	7.02
58360	9066.1	58.38917	12024.4	110.58521	21713.4	64.42281	3217.0	9.34	6498.0	6.87
58380	9064.2	59.28288	11691.6	110.70693	22048.4	66.94987	3040.0	9.30	6097.0	6.89
58400	9080.0	57.21024	11357.5	106.46138	22366.4	68.46960	2861.0	8.84	5700.0	6.58
58420	8358.7	59.79949	11719.7	112.45270	22726.5	72.18475	2971.0	9.27	6526.0	6.85
58440	8359.8	60.74595	12481.3	113.83084	21963.4	66.14645	2765.0	9.55	6705.0	7.05
58460	8273.6	58.44202	12802.9	110.79982	21727.4	65.53004	2531.0	9.37	6635.0	6.87
58480	8474.4	56.79359	12317.3	112.45607	22012.4	67.32416	2687.0	9.33	6629.0	6.68
58500	8482.5	57.85908	12327.1	109.62016	21994.4	66.36007	2482.0	9.18	6270.0	6.72
58520	8415.4	56.81887	12220.5	114.23986	22168.3	64.63758	2073.0	9.48	6212.0	6.72
58540	8496.3	56.50550	12521.4	115.89723	21786.3	63.06183	1999.0	9.59	6329.0	6.74
58560	8312.8	60.79456	12225.9	120.88258	22266.4	65.66696	2072.0	9.96	6230.0	7.13
58580	8209.7	58.12878	12518.1	111.79178	22076.4	65.20580	2021.0	9.31	6115.0	6.78
58600	8358.7	59.07451	12515.0	109.55245	21930.3	62.64885	2376.0	9.21	6154.0	6.83
58620	8714.6	60.68550	12418.1	110.97899	21671.3	62.35755	2512.0	9.48	5944.0	7.09
58640	8648.6	60.55575	12482.9	107.02884	21672.3	62.47489	2398.0	9.20	5778.0	7.00
58660	8409.8	60.67208	12071.3	109.94821	22323.3	64.19764	2445.0	9.23	5953.0	6.95
58680	8455.7	60.20516	12362.1	109.79530	21986.3	64.23200	2514.0	9.28	6142.0	6.96
58700	8523.8	62.25395	12436.4	114.70853	21844.4	65.44833	2325.0	9.71	5987.0	7.23
58720	8269.8	59.75109	12745.0	112.24281	21789.4	65.71977	2250.0	9.50	6352.0	6.99
58740	8569.3	56.62290	13017.7	109.86145	21216.4	63.01454	2138.0	9.35	6278.0	6.75
58760	8410.5	57.50944	12386.4	115.05760	22007.3	63.50142	2089.0	9.52	6237.0	6.78
58780	8070.8	58.17768	13185.9	114.21323	21547.4	64.19620	2117.0	9.59	6773.0	6.87
58800	8481.6	58.92620	13262.8	112.24187	21059.3	61.41934	1972.0	9.65	6304.0	7.03
58820	8556.4	57.57227	12930.3	118.54767	21317.4	64.69458	2032.0	9.97	6539.0	6.95
58840	8361.5	57.64522	13085.9	112.38772	21356.3	61.44032	2140.0	9.51	6512.0	6.84
58860	8281.9	61.26433	12492.8	121.91258	22030.3	64.18074	2278.0	10.12	6575.0	7.23
58880	8177.7	58.49486	12835.4	118.51241	21791.3	61.63433	1954.0	9.83	6569.0	6.93
58900	8179.8	59.18704	12870.3	117.82983	21754.3	62.93474	1866.0	9.88	6464.0	7.00
58920	8233.5	56.92764	12784.3	116.23297	21786.3	62.84187	1776.0	9.67	6337.0	6.78
58940	8561.1	54.80525	12491.3	114.47822	21751.4	65.31851	2010.0	9.45	6332.0	6.58
58960	7953.0	60.05182	12775.9	110.31249	22075.4	65.52204	1882.0	9.31	6158.0	6.91
58980	7824.8	57.17507	12862.1	113.73586	22117.4	65.95978	1805.0	9.40	6573.0	6.68
59000	7951.8	58.04292	12492.6	118.43945	22360.4	66.47590	2037.0	9.70	6763.0	6.81
59020	8104.5	56.04572	12120.8	118.09895	22579.4	67.85532	2140.0	9.54	6714.0	6.62
59040	8422.4	57.11415	12489.5	117.59767	21892.4	67.03624	2109.0	9.73	6450.0	6.79
59060	8408.5	57.51755	12397.5	116.65160	21998.4	64.90948	2288.0	9.68	6594.0	6.81
59080	8107.0	61.21233	12081.6	114.34798	22616.4	68.15315	2290.0	9.48	6226.0	6.99
59100	7804.2	60.90929	12193.2	109.32732	22807.5	71.37089	2236.0	9.08	6170.0	6.84
59120	7954.9	58.66847	11790.6	112.09425	23059.5	71.24218	2189.0	9.12	6238.0	6.66
59140	7756.8	56.49126	12277.3	111.54451	22770.5	72.09884	1992.0	9.12	6430.0	6.57
59160	7982.8	57.59184	12147.7	116.25051	22674.5	71.80273	1866.0	9.45	6200.0	6.71
59180	8211.5	56.42110	11718.0	117.33084	22875.4	69.87494	1800.0	9.44	6000.0	6.59
59200	8505.3	56.01776	11332.3	117.53578	22967.5	70.65229	1762.0	9.43	5763.0	6.55
59220	8320.4	55.77174	12074.6	114.45053	22409.4	67.12820	1644.0	9.33	5876.0	6.56
59240	8274.4	56.12856	12317.5	115.69427	22212.4	66.91986	1692.0	9.53	6105.0	6.66
59260	7968.8	57.52417	12486.2	111.62883	22349.4	67.61457	1655.0	9.22	6015.0	6.66
59280	8165.6	57.17536	12444.9	107.49326	22193.5	68.66597	1818.0	8.96	5858.0	6.60
59300	7995.9	58.53652	12308.3	112.24930	22500.4	68.85821	1643.0	9.24	5857.0	6.75
59320	8032.9	59.56328	12345.6	116.55284	22426.4	66.92953	1386.0	9.60	5710.0	6.92
59340	8237.6	57.74110	11812.0	118.72132	22755.4	68.96598	1502.0	9.58	5757.0	6.73
59360	8120.6	57.17552	11893.0	119.08142	22791.4	69.71201	1560.0	9.59	5867.0	6.69
59380	8183.5	56.14530	11855.8	115.11484	22765.4	67.05645	1784.0	9.31	5996.0	6.54
59400	8174.4	55.14056	12175.5	113.55271	22454.5	69.30593	1688.0	9.25	6128.0	6.49
59420	8305.6	58.15435	12259.3	112.00349	22239.5	70.59692	1789.0	9.31	5783.0	6.76
59440	8339.6	58.88474	11854.6	113.03970	22610.4	69.10346	2025.0	9.30	5794.0	6.78
59460	8869.3	59.25490	11942.2	107.27521	21992.5	68.39780	2131.0	9.07	5251.0	6.85
59480	9119.1	57.91795	11358.7	108.99099	22326.5	70.04712	2141.0	9.07	5060.0	6.72
59500	8675.5	59.33587	11340.6	107.58342	22788.5	71.27928	2051.0	8.92	4903.0	6.74
59520	8580.0	64.05762	11158.0	111.44875	23067.4	68.81099	2311.0	9.24	4938.0	7.14
59540	8583.9	63.38606	11865.0	103.46444	22355.4	66.07849	2154.0	8.87	4847.0	7.07
59560	8528.2	66.60374	11532.3	105.59558	22744.3	65.77504	2082.0	9.04	4495.0	7.32
59580	8711.0	65.06248	11294.4	104.93616	22799.4	69.70985	2278.0	8.92	4556.0	7.17
59600	9011.8	64.97745	11085.7	106.91979	22707.4	67.36477	2743.0	9.03	4663.0	7.23
59620	8840.0	66.14009	11667.0	101.52139	22297.4	67.97709	2335.0	8.81	4336.0	7.29
59640	8557.2	66.21924	11738.4	108.52849	22509.4	67.88281	2256.0	9.25	4940.0	7.37
59660	8614.1	65.32065	11819.9	101.27815	22370.4	66.94005	2491.0	8.74	4857.0	7.16
59680	9162.6	64.62149	11667.0	102.81041	21974.3	64.25689	2698.0	8.96	4736.0	7.26
59700	9184.5	63.05311	11490.3	104.66279	22129.4	66.70175	2565.0	8.93	4630.0	7.09
59720	8818.8	64.47672	11463.1	102.16990	22522.4	67.28117	2562.0	8.77	4768.0	7.12
59740	8820.2	68.64115	11498.0	101.31679	22486.3	64.30472	2921.0	8.82	4664.0	7.44
59760	8609.3	68.26818	11772.9	102.01083	22422.3	65.64087	2763.0	8.90	4837.0	7.45
59780	8677.3	68.32972	11751.9	101.04952	22375.4	67.59286	2995.0	8.84	4945.0	7.44
59800	8483.3	66.83249	11667.0	102.07620	22654.4	67.20580	3150.0	8.79	5276.0	7.28
59820	8905.9	65.39867	11085.4	102.75769	22813.4	67.61292	3285.0	8.74	5108.0	7.15
59840	9095.9	66.72688	11157.5	104.69588	22551.4	66.52658	3548.0	8.96	5248.0	7.33
59860	8853.0	66.64791	11244.6	106.56405	22707.4	67.08318	2961.0	9.12	5103.0	7.36
59880	8962.8	65.43069	11477.1	101.85212	22364.4	66.18093	3077.0	8.78	5038.0	7.20
59900	8663.3	67.97869	11315.3	103.38094	22826.4	67.84547	3400.0	8.85	5300.0	7.35
59920	8438.6	70.08587	11075.6	104.84751	23291.3	68.04906	3002.0	8.95	4803.0	7.48
59940	8912.1	67.82997	11467.4	105.64556	22425.3	65.30709	2851.0	9.09	4811.0	7.47
59960	9016.7	64.02934	11786.0	103.73194	22001.3	63.88426	2924.0	9.00	5273.0	7.18
59980	8993.9	66.17138	11191.9	109.97947	22619.3	64.47964	3045.0	9.30	5226.0	7.37
60000	9080.6	63.74348	11574.7	110.94887	22149.4	65.86538	3062.0	9.35	5544.0	7.23
60020	8976.4	60.17016	11814.6	112.64699	22013.3	63.01004	2719.0	9.44	5809.0	7.00
60040	8893.2	57.79384	12056.4	111.95863	21854.3	63.76935	2601.0	9.40	6117.0	6.79
60060	8850.4	59.78131	12523.3	113.91480	21430.3	62.29889	2585.0	9.65	6251.0	7.05
60080	8801.4	59.94947	12591.1	112.52210	21411.4	63.75484	2413.0	9.59	6134.0	7.05
60100	9162.9	55.76551	12202.4	113.29676	21438.5	65.86900	2405.0	9.50	6009.0	6.72
60120	9075.3	59.61181	12491.3	114.71694	21237.3	62.25137	2451.0	9.76	6027.0	7.08
60140	8799.5	60.45785	12466.8	121.62631	21538.3	61.46923	2421.0	10.21	6391.0	7.23
60160	9224.1	58.70391	12414.2	112.09383	21165.4	63.51333	2553.0	9.59	5902.0	7.01
60180	8830.2	57.55732	12675.9	109.36533	21297.4	62.92513	2579.0	9.30	6319.0	6.79
60200	8702.6	61.44285	12509.1	111.03168	21592.4	65.41561	2729.0	9.47	6179.0	7.12
60220	8456.8	61.03360	12373.0	108.55468	21974.3	64.28005	2996.0	9.24	6483.0	7.00
60240	8515.9	63.27633	12289.2	110.04798	21999.4	64.98134	3070.0	9.37	6310.0	7.19
60260	8631.8	62.87303	11844.6	112.37505	22328.4	65.69047	2788.0	9.46	5952.0	7.17
60280	8764.7	62.31790	11723.3	107.00364	22316.4	66.64668	3231.0	9.03	5923.0	7.04
60300	8549.3	67.53883	11417.5	106.80570	22838.3	66.56229	3540.0	9.12	5897.0	7.39
60320	8518.3	66.69200	11908.9	103.24557	22377.4	67.57455	3556.0	8.92	6002.0	7.29
60340	8870.9	65.37609	12142.8	102.94620	21790.3	63.73463	3224.0	8.99	5601.0	7.31
60360	8639.2	66.88865	12051.8	101.74970	22113.4	65.98474	3221.0	8.88	5450.0	7.35
60380	8279.5	66.83850	12111.8	102.53837	22413.3	65.43510	3020.0	8.88	5630.0	7.29
60400	8624.1	65.79747	11667.2	104.48818	22513.4	66.57871	3013.0	8.97	5453.0	7.27
60420	8833.1	66.99441	11910.2	107.58122	22061.4	66.27446	2940.0	9.35	5469.0	7.52
60440	8721.1	66.34519	11849.2	107.20277	22234.4	66.88384	2881.0	9.24	5442.0	7.41
60460	8961.8	64.97711	12142.7	101.94646	21699.4	63.98087	3150.0	8.94	5453.0	7.30
60480	8945.8	64.80310	12097.9	104.96665	21760.4	64.23205	2720.0	9.14	5254.0	7.33
60500	8731.0	65.53182	11710.2	105.04239	22363.4	66.83849	3007.0	9.02	5272.0	7.28
60520	8814.8	64.00495	12230.9	104.87478	21758.4	66.23161	2668.0	9.10	5382.0	7.23
60540	8541.2	66.21138	12038.7	100.38935	22224.3	65.15925	3158.0	8.77	5557.0	7.24
60560	8476.3	66.41531	12222.8	103.27291	22105.3	64.86102	3079.0	9.00	5662.0	7.36
60580	8643.1	65.89641	11802.8	99.99493	22358.4	67.28793	3167.0	8.70	5467.0	7.19
60600	8725.9	64.59251	11829.0	103.14968	22249.4	67.37142	3336.0	8.91	5799.0	7.20
60620	8358.1	63.88798	11458.2	103.72077	22988.3	67.33696	3139.0	8.77	5656.0	7.02
60640	8591.0	64.46172	11377.4	104.75961	22836.4	69.34539	3106.0	8.87	5547.0	7.11
60660	8755.7	62.18587	11738.0	102.27070	22310.4	66.83827	3079.0	8.74	5478.0	6.98
60680	8640.9	63.79825	11613.3	105.63763	22550.3	65.77026	2970.0	8.96	5503.0	7.10
60700	8654.1	65.73561	12077.9	104.31735	22072.4	67.54952	2825.0	9.05	5337.0	7.32
60720	8568.2	66.59686	11844.9	102.69430	22391.4	67.37896	2759.0	8.88	5128.0	7.29
60740	8056.8	68.68940	12172.8	103.45950	22575.4	67.37856	2613.0	8.96	5262.0	7.44
60760	8526.2	66.46413	12257.9	105.10674	22020.3	64.47828	2557.0	9.16	5273.0	7.42
60780	8092.6	67.07929	12536.7	105.42569	22175.3	63.07001	2457.0	9.15	5648.0	7.39
60800	8528.1	64.74911	12306.6	101.22073	21969.3	63.84877	2683.0	8.84	5343.0	7.21
60820	8392.3	66.23238	12164.0	106.55361	22248.4	67.82962	2831.0	9.18	5677.0	7.35
60840	8398.2	65.58159	12122.9	105.18818	22283.4	66.83499	2844.0	9.07	5705.0	7.28
60860	8460.0	62.98496	12044.8	101.93527	22299.3	65.38917	2748.0	8.76	5650.0	7.00
60880	8347.2	64.48104	12131.6	100.36898	22325.4	66.89120	2500.0	8.68	5227.0	7.08
60900	8486.2	66.23481	12023.1	106.25056	22295.4	67.33833	2785.0	9.15	5464.0	7.37
60920	8733.8	63.29635	12194.9	104.98837	21875.3	63.69048	2796.0	9.07	5642.0	7.15
60940	8604.0	64.45943	12192.9	104.94623	22007.3	64.47659	2780.0	9.08	5617.0	7.22
60960	9051.9	66.91860	11779.3	107.66813	21973.4	65.43539	3187.0	9.33	5391.0	7.52
60980	9012.9	66.64250	12021.2	108.82312	21770.2	61.15861	3046.0	9.45	5544.0	7.53
61000	9038.2	70.16561	11872.0	103.23601	21894.3	62.29407	3343.0	9.13	5156.0	7.70
61020	9397.7	67.54869	12071.1	107.18573	21335.2	59.76859	3260.0	9.44	5378.0	7.65
61040	9800.4	66.09574	12349.7	103.84233	20653.3	59.10363	3470.0	9.38	5393.0	7.63
61060	9638.4	64.51464	12506.0	109.64087	20659.3	59.43072	3359.0	9.68	5833.0	7.55
61080	9740.2	62.76335	12661.7	106.30307	20401.4	60.43661	3223.0	9.46	5703.0	7.39
61100	9640.2	62.12638	12499.9	108.38243	20663.4	62.83973	3359.0	9.54	5989.0	7.32
61120	9442.3	63.15348	12234.0	107.56089	21127.4	63.04485	3633.0	9.39	6110.0	7.33
61140	9846.1	63.32273	12350.7	103.36534	20606.4	62.10054	3723.0	9.25	5842.0	7.38
61160	9135.7	65.42386	12666.6	104.70063	21001.3	59.36922	3957.0	9.36	6484.0	7.54
61180	9036.0	67.66008	12804.7	108.01723	20963.3	60.48043	3756.0	9.65	6559.0	7.73
61200	9339.5	64.28694	12849.9	111.20324	20614.3	60.00341	3603.0	9.84	6556.0	7.57
61220	9319.5	63.94536	12873.6	106.54770	20610.3	58.27367	3503.0	9.52	6318.0	7.46
61240	9490.4	63.78032	12979.4	104.29401	20333.3	59.10773	3458.0	9.39	6080.0	7.45
61260	9322.8	67.59650	12809.4	101.89934	20671.4	62.02021	3693.0	9.31	5977.0	7.70
61280	9684.6	67.48104	12740.1	97.96436	20378.4	61.79411	3908.0	9.03	5673.0	7.67
61300	9269.8	67.13120	12909.0	96.70268	20624.4	61.91234	3866.0	8.91	6005.0	7.56
61320	9472.8	68.28536	12863.0	96.07933	20467.4	60.19400	3953.0	8.90	5759.0	7.67
61340	9716.6	68.01350	12732.3	100.95047	20354.3	59.15864	3745.0	9.24	5641.0	7.76
61360	9307.8	67.97153	12658.6	103.82133	20837.3	59.29385	3335.0	9.38	5584.0	7.72
61380	9466.6	65.72555	12381.6	101.77041	20955.4	62.27961	3632.0	9.05	5667.0	7.44
61400	9545.4	64.98949	11706.1	104.33392	21552.3	62.93934	3890.0	9.12	5807.0	7.36
61420	9062.9	66.86298	12014.1	107.07908	21727.4	64.09861	3606.0	9.38	6012.0	7.51
61440	8864.8	64.45209	11763.6	111.68676	22176.3	63.91693	3164.0	9.45	5948.0	7.30
61460	8889.8	64.87045	11735.7	112.74910	22179.3	63.80608	3156.0	9.57	5941.0	7.37
61480	8960.5	62.10123	11640.2	105.41960	22203.4	65.49088	2938.0	8.97	5469.0	7.02
61500	8841.9	64.98842	11895.2	106.57568	22067.3	64.83502	2857.0	9.20	5358.0	7.33
61520	9155.4	62.06623	12050.0	105.18050	21598.5	66.64036	2912.0	9.09	5468.0	7.11
61540	8903.8	64.37530	12315.8	104.10708	21584.4	64.02592	2753.0	9.11	5313.0	7.30
61560	8835.0	66.44983	12175.1	107.70841	21794.4	65.27220	2848.0	9.40	5445.0	7.53
61580	8858.8	64.30596	12307.9	106.29089	21637.4	63.82610	2717.0	9.18	5454.0	7.26
61600	8214.6	68.14135	12550.8	107.04524	22039.3	64.54887	2530.0	9.31	5569.0	7.55
61620	8806.6	62.10989	12322.8	105.03798	21674.4	64.90599	2443.0	9.06	5386.0	7.08
61640	8913.5	61.76434	11907.9	103.47746	21982.3	63.06858	2506.0	8.88	5204.0	6.98
61660	8662.0	64.52353	12184.2	109.29876	21958.3	63.45092	2349.0	9.37	5274.0	7.33
61680	8694.7	62.45955	11944.2	106.98260	22165.3	64.75973	2080.0	9.09	4949.0	7.05
61700	9158.3	60.13910	11295.8	110.81578	22350.4	68.31623	2396.0	9.24	5078.0	6.93
61720	8673.7	61.70571	11117.3	116.01278	23014.5	70.64468	2340.0	9.52	5439.0	7.03
61740	9097.5	62.08061	11176.6	106.85313	22530.5	69.27319	2598.0	8.98	5007.0	6.96
61760	8337.1	63.46415	11504.6	108.70427	22963.4	70.19041	2449.0	9.10	5374.0	7.08
61780	8539.9	62.85191	11486.4	106.70454	22778.4	69.23991	2729.0	8.96	5463.0	7.00
61800	8801.2	57.33434	11480.9	99.42608	22521.4	66.77757	2884.0	8.36	5414.0	6.48
61820	8873.7	63.44762	11444.4	105.53022	22486.4	66.60362	2969.0	8.95	5355.0	7.07
61840	8676.1	65.73585	11478.8	112.14766	22650.3	64.29807	2809.0	9.46	5440.0	7.37
61860	8850.5	60.66234	11601.8	112.79756	22352.3	63.98492	2698.0	9.40	5800.0	6.98
61880	8538.0	64.52178	11686.1	117.89073	22581.3	65.52423	2712.0	9.80	6005.0	7.34
61900	8693.3	57.40281	12090.6	115.06105	22020.2	61.79516	2285.0	9.56	6165.0	6.78
61920	8669.5	59.65793	11974.6	113.70304	22160.3	64.93047	2616.0	9.45	6010.0	6.95
61940	8481.0	63.89282	12242.4	112.73505	22081.4	65.77399	2688.0	9.56	6018.0	7.29
61960	8512.4	57.91996	12258.9	106.23364	22032.4	66.07025	2889.0	8.92	6425.0	6.68
61980	8904.6	62.55090	11990.4	110.86105	21909.4	66.66330	2821.0	9.46	5914.0	7.19
62000	9354.5	63.95183	12380.0	108.17321	21069.3	60.57568	2892.0	9.49	5489.0	7.42
62020	9704.4	65.96067	12283.2	110.75662	20816.3	60.56837	3187.0	9.80	5431.0	7.70
62040	9780.5	67.63083	11994.3	110.03358	21029.3	60.00903	3637.0	9.75	5587.0	7.78
62060	9876.4	66.32360	12254.0	106.97287	20673.3	60.52866	3694.0	9.56	5603.0	7.69
62080	9547.5	65.39082	12331.8	104.09878	20924.3	59.44394	3512.0	9.29	5691.0	7.48
62100	9435.6	66.47302	12149.7	101.25658	21218.4	63.22697	3434.0	9.04	5356.0	7.48
62120	9152.8	66.26785	12139.7	101.37584	21511.4	64.25362	3546.0	8.96	5529.0	7.41
62140	9299.8	66.89926	11703.7	112.13800	21801.4	65.26594	3501.0	9.69	5737.0	7.61
62160	8880.7	63.53829	11782.1	104.99850	22141.4	66.45610	3198.0	9.03	5750.0	7.15
62180	8600.0	64.48314	11922.0	104.62446	22282.3	64.64812	3175.0	9.02	5857.0	7.20
62200	8916.8	64.95603	11874.0	103.32739	22013.4	66.68371	3324.0	8.96	5516.0	7.23
62220	8895.8	63.97336	11847.7	99.75414	22060.4	66.10789	3635.0	8.70	5872.0	7.09
62240	8928.7	64.12354	11980.4	96.46603	21894.5	68.03906	3344.0	8.52	5385.0	7.09
62260	8973.1	67.95317	12014.5	98.20715	21816.4	65.54168	3284.0	8.71	5015.0	7.42
62280	8922.1	68.18308	11911.0	104.23154	21971.3	64.24634	3084.0	9.12	5223.0	7.54
62300	8860.2	68.29347	11827.9	102.38535	22116.3	64.64560	3147.0	8.98	5157.0	7.50
62320	9037.9	67.22861	11577.0	101.06916	22189.4	65.38018	3029.0	8.85	4808.0	7.38
62340	9036.0	68.13984	11536.2	104.33975	22232.4	65.86193	3186.0	9.13	4945.0	7.54
62360	9357.5	63.90468	11418.2	102.78185	22028.4	65.22269	3132.0	8.87	4907.0	7.17
62380	9311.9	68.14602	11517.2	103.02536	21975.4	66.32568	3249.0	9.06	4849.0	7.53
62400	8644.2	66.67591	11633.0	102.25685	22527.4	66.69163	3199.0	8.84	5488.0	7.27
62420	8409.5	68.41233	11754.2	105.95331	22641.4	67.10887	3497.0	9.13	5925.0	7.46
62440	8559.0	64.25187	12128.8	102.61089	22116.4	65.25725	3350.0	8.86	6003.0	7.16
62460	8326.4	66.90112	12270.5	99.91067	22207.5	68.78009	3425.0	8.75	5944.0	7.30
62480	8374.3	65.94041	11881.7	99.68326	22548.4	68.07013	3460.0	8.63	5775.0	7.17
62500	8255.4	65.95603	12058.9	104.05009	22490.4	67.21517	3156.0	8.96	5925.0	7.25
62520	8337.3	65.65394	11953.0	105.28024	22514.5	69.58037	2768.0	9.02	5544.0	7.26
62540	8529.0	63.83260	11677.1	103.24040	22598.4	68.39098	2980.0	8.81	5506.0	7.05
62560	8866.8	63.91867	11913.8	101.36746	22023.4	65.26148	2830.0	8.77	5100.0	7.11
62580	8806.7	62.92922	11523.0	100.62986	22474.4	68.56167	2857.0	8.65	5064.0	7.00
62600	9092.9	67.39011	11091.4	102.14162	22620.4	67.89711	3262.0	8.82	4769.0	7.35
62620	9528.5	65.63291	11059.3	101.27528	22216.3	65.05642	3240.0	8.81	4436.0	7.32
62640	9201.1	70.31960	11026.1	98.52187	22577.3	65.29775	3480.0	8.66	4386.0	7.55
62660	8898.7	74.02524	10953.1	96.60471	22953.4	70.00053	3399.0	8.54	4158.0	7.69
62680	8886.3	69.79051	11009.9	94.74576	22908.5	70.86273	3449.0	8.34	4331.0	7.36
62700	9084.2	70.71981	10920.1	96.44284	22800.5	70.50253	3270.0	8.46	4007.0	7.48
62720	8838.2	68.62594	10831.0	95.17146	23135.5	73.22260	3215.0	8.25	4205.0	7.22
62740	9088.4	73.10767	10538.5	98.20327	23178.4	70.20103	3346.0	8.58	3867.0	7.64
62760	9058.2	70.65655	10842.2	97.35399	22904.3	66.40303	3474.0	8.50	4197.0	7.49
62780	8994.6	73.89224	11060.3	100.37248	22750.4	66.94835	3180.0	8.82	4103.0	7.80
62800	9244.4	74.33093	10864.2	97.51924	22696.4	67.32141	3356.0	8.62	3757.0	7.81
62820	9592.3	76.05825	11183.8	95.60507	22028.3	63.85970	3492.0	8.64	3569.0	8.02
62840	9581.3	75.69743	11203.7	94.22803	22019.3	63.61791	3526.0	8.57	3624.0	7.96
62860	9953.1	75.88029	11167.7	94.25153	21683.3	63.67670	3813.0	8.65	3673.0	8.05
62880	10087.9	74.59863	11122.0	96.89862	21594.3	62.55156	3793.0	8.83	3965.0	7.99
62900	9903.1	75.18904	11151.9	95.73042	21749.3	63.32900	3835.0	8.72	3847.0	8.00
62920	9567.0	72.10515	11165.8	95.42041	22071.4	64.87888	3693.0	8.57	4080.0	7.71
62940	9390.1	71.34053	11266.6	92.94435	22147.4	67.00809	3762.0	8.39	4339.0	7.59
62960	9413.3	74.04568	11329.9	98.42067	22061.4	66.03237	3723.0	8.85	4346.0	7.92
62980	9117.5	74.31266	11547.7	96.77269	22139.4	65.51028	3522.0	8.73	4308.0	7.89
63000	9222.2	71.78549	11573.3	91.84941	22008.3	62.40769	3775.0	8.34	4449.0	7.61
63020	9441.0	70.72432	11795.8	99.83263	21567.5	66.27357	3193.0	8.94	4318.0	7.78
63040	9475.4	76.23367	11612.7	97.90394	21716.3	63.11806	3522.0	8.96	4153.0	8.14
63060	9362.3	73.74247	11432.8	97.68186	22009.4	64.82290	3521.0	8.80	4339.0	7.85
63080	9784.9	71.70201	11393.8	96.87548	21625.3	63.30004	3463.0	8.72	3993.0	7.75
63100	9480.0	71.68108	11529.5	93.59243	21794.4	64.38636	3649.0	8.48	4279.0	7.64
63120	8985.4	72.16843	11120.8	94.79057	22698.4	68.80662	3799.0	8.43	4495.0	7.59
63140	9318.2	71.89286	10599.0	92.31482	22887.4	69.75048	3835.0	8.20	3969.0	7.49
63160	9351.5	75.59758	10702.3	97.21256	22751.4	67.08412	4110.0	8.66	4336.0	7.89
63180	9252.8	78.36416	11278.7	95.01603	22273.3	64.05192	4242.0	8.69	4397.0	8.17
63200	9655.9	82.76187	10714.9	92.31106	22434.4	66.95934	4782.0	8.52	3964.0	8.42
63220	9899.4	79.06195	10897.4	86.80694	22007.4	66.90404	4807.0	8.11	3756.0	8.10
63240	9531.7	79.30418	11517.1	87.62221	21755.4	63.99890	4571.0	8.28	4223.0	8.19
63260	9745.5	79.06946	11164.5	90.88336	21894.4	64.41685	4722.0	8.44	4188.0	8.19
63280	9545.5	77.50564	11188.5	90.80828	22070.3	64.62450	4384.0	8.39	4209.0	8.02
63300	9730.5	79.68914	11647.1	89.49459	21426.3	62.93357	4759.0	8.51	4514.0	8.30
63320	9920.5	80.84468	11250.4	89.51866	21633.4	65.25541	5083.0	8.41	4360.0	8.33
63340	9798.1	74.62776	11322.4	91.00501	21683.3	63.10832	4436.0	8.40	4352.0	7.91
63360	9963.2	77.22801	11247.7	93.76257	21593.3	63.15482	4201.0	8.66	3924.0	8.15
63380	9922.5	80.24685	10848.6	89.54863	22033.4	66.11612	4508.0	8.32	3548.0	8.20
63400	9979.5	81.55411	10944.6	90.88270	21880.4	65.02984	4270.0	8.50	3426.0	8.36
63420	9845.4	78.77440	10942.5	88.87420	22016.4	65.00470	4311.0	8.27	3587.0	8.11
63440	10004.3	79.01409	10745.6	88.77601	22054.4	65.02360	4500.0	8.29	3573.0	8.13
63460	10025.3	79.41971	11288.5	92.42192	21490.4	63.34864	4439.0	8.66	3990.0	8.33
63480	9938.3	78.01445	11309.5	91.34204	21556.3	62.28970	4285.0	8.51	3790.0	8.20
63500	9554.5	77.51411	11129.8	94.37505	22120.4	65.99765	4300.0	8.63	4217.0	8.11
63520	9796.4	77.84364	11320.5	92.24569	21687.4	65.41438	4326.0	8.59	4137.0	8.17
63540	9717.4	78.01067	11070.9	95.81664	22016.4	65.38496	4679.0	8.76	4592.0	8.22
63560	9546.7	80.09357	11466.3	90.71712	21791.3	62.48961	4851.0	8.49	4527.0	8.29
63580	9869.3	77.83388	11321.5	91.42749	21613.4	65.02737	4556.0	8.54	4200.0	8.18
63600	9694.5	78.90025	11464.4	91.23481	21645.4	65.30566	4364.0	8.53	4135.0	8.21
63620	9462.5	76.50330	11471.4	92.17475	21870.3	61.59495	4037.0	8.51	4257.0	8.02
63640	9369.8	79.37623	11337.8	96.09102	22097.3	63.82328	4331.0	8.80	4484.0	8.27
63660	9744.5	78.88764	11631.3	91.91461	21428.4	64.22419	4466.0	8.65	4415.0	8.28
63680	9608.2	74.52960	11942.3	93.53663	21253.4	63.36049	4301.0	8.71	4962.0	8.00
63700	9744.8	70.88895	11648.5	94.42958	21410.4	64.79985	4168.0	8.62	4797.0	7.70
63720	9574.9	70.15375	11758.5	96.00582	21470.4	63.31540	4142.0	8.70	5010.0	7.67
63740	9756.0	72.96209	11519.7	96.13342	21528.4	63.74063	4380.0	8.78	4897.0	7.88
63760	9323.3	73.12934	11963.4	95.61994	21517.4	64.23127	3982.0	8.78	4977.0	7.89
63780	8953.6	73.80196	12017.2	92.76753	21833.4	64.32477	4063.0	8.53	5054.0	7.82
63800	9169.5	74.49356	11699.4	93.50316	21935.4	65.87889	4380.0	8.58	5059.0	7.90
63820	9443.4	75.97211	11943.3	94.07816	21417.3	61.52756	4036.0	8.73	4691.0	8.06
63840	9415.4	74.83299	11799.2	92.07321	21589.4	64.07720	4390.0	8.54	4975.0	7.93
63860	10171.9	74.87935	11838.4	94.24367	20793.2	58.32677	4567.0	8.84	4788.0	8.15
63880	10360.7	73.46549	11753.6	97.49704	20689.3	59.36798	4758.0	9.05	4956.0	8.15
63900	10111.8	73.06741	11683.6	96.91697	21008.3	61.30672	4927.0	8.95	5300.0	8.01
63920	9989.7	71.07496	11834.6	96.92745	20979.3	60.52044	4608.0	8.87	5307.0	7.82
63940	9738.0	73.47604	12153.2	94.10515	20912.3	61.31596	4339.0	8.77	5067.0	8.00
63960	10444.5	71.64964	12052.3	94.97684	20306.4	61.02999	4421.0	8.92	4722.0	8.02
63980	10269.5	71.13997	12082.2	93.84073	20451.4	61.78022	4005.0	8.80	4510.0	7.91
64000	10129.7	72.59876	12071.4	96.09867	20602.3	58.80067	4001.0	8.98	4601.0	8.05
64020	9957.0	75.32742	11869.4	95.19990	20977.3	61.30607	4388.0	8.88	4743.0	8.16
64040	10101.8	73.26398	11492.5	93.74383	21209.3	59.79573	4537.0	8.68	4629.0	7.95
64060	10113.1	76.68739	11520.9	99.34693	21170.3	61.68956	4361.0	9.14	4491.0	8.33
64080	10087.1	77.02817	12016.3	94.10661	20700.2	57.47409	4550.0	8.89	4729.0	8.35
64100	9994.2	77.05409	11679.5	94.49138	21130.3	60.70016	4662.0	8.83	4701.0	8.27
64120	10130.9	74.15303	11504.4	91.36169	21168.3	60.39435	4809.0	8.51	4726.0	7.93
64140	10500.7	75.16646	11091.8	93.86558	21211.4	63.02390	4691.0	8.70	4173.0	8.07
64160	10565.8	76.81877	11414.5	92.62599	20823.4	62.43160	4896.0	8.73	4345.0	8.27
64180	9980.4	79.98443	12024.1	91.00031	20799.3	58.58554	4840.0	8.71	4715.0	8.48
64200	9470.7	79.31330	12412.8	89.52642	20920.4	63.92220	4718.0	8.61	5140.0	8.37
64220	9686.3	76.20740	11515.5	93.60135	21602.4	64.26002	4833.0	8.66	5076.0	8.06
64240	9635.5	78.51035	11815.5	96.60189	21353.4	64.00202	4622.0	8.99	5034.0	8.35
64260	9611.3	76.05794	11746.5	95.92049	21446.3	61.81522	4694.0	8.84	5222.0	8.15
64280	9389.3	73.85960	12299.1	93.60440	21115.3	60.71044	4555.0	8.71	5525.0	7.96
64300	9154.3	71.78599	12234.3	96.61065	21415.3	62.05508	4203.0	8.82	5633.0	7.80
64320	9438.0	71.12487	12168.4	97.63434	21197.3	62.26126	4022.0	8.86	5256.0	7.79
64340	9597.0	72.40666	11862.8	100.89194	21344.3	60.46848	4526.0	9.10	5618.0	7.92
64360	9425.9	69.26757	11655.8	99.03390	21722.4	64.48540	4380.0	8.84	5524.0	7.59
64380	9806.7	70.06307	11519.8	97.95001	21477.4	65.09394	4309.0	8.81	4992.0	7.71
64400	9339.3	73.93469	11669.6	96.65949	21795.3	62.52826	4198.0	8.80	4966.0	7.93
64420	9826.7	69.44675	11954.4	96.16849	21022.4	62.39035	3982.0	8.75	4820.0	7.66
64440	9682.9	71.32483	11320.9	97.37243	21800.3	63.50399	4525.0	8.76	5259.0	7.72
64460	9876.3	65.23831	11347.8	95.77995	21579.5	66.34319	4179.0	8.49	5098.0	7.22
64480	9726.6	67.57596	11392.6	94.25904	21684.4	64.88967	4091.0	8.44	4919.0	7.36
64500	9753.7	69.22618	11259.1	100.56118	21791.5	67.91010	4305.0	8.89	5268.0	7.60
64520	9659.8	69.63784	11115.0	97.04827	22029.4	65.66426	4232.0	8.66	4850.0	7.56
64540	9583.0	71.51613	11141.0	97.50293	22080.4	66.41882	4222.0	8.73	4740.0	7.73
64560	9374.2	73.18128	11572.9	99.42801	21857.3	63.66086	4111.0	8.95	4997.0	7.88
64580	9488.1	72.19652	11603.7	97.75859	21712.3	62.90809	3993.0	8.86	4915.0	7.82
64600	9090.3	71.35173	11397.9	98.92339	22316.3	63.57816	3715.0	8.75	4821.0	7.65
64620	9222.1	70.27484	11192.3	102.37033	22390.3	64.21593	3788.0	8.93	5020.0	7.59
64640	9731.4	65.78078	11048.0	96.68082	22024.5	68.84940	3806.0	8.49	4633.0	7.24
64660	9595.6	66.99979	11392.6	93.72894	21815.4	65.85493	3847.0	8.40	4735.0	7.30
64680	9174.1	69.77681	11662.4	93.92953	21967.4	66.79868	3847.0	8.46	4900.0	7.51
64700	8953.2	69.61184	11328.8	96.40516	22522.5	69.13243	3709.0	8.52	4891.0	7.44
64720	9269.8	67.24000	11117.9	96.43065	22416.5	71.16141	3682.0	8.50	4814.0	7.26
64740	8955.3	70.79452	11284.9	97.30863	22564.4	68.61047	3610.0	8.60	4657.0	7.56
64760	8938.3	70.44773	11251.9	96.52026	22614.4	67.47247	3724.0	8.49	4792.0	7.46
64780	8986.2	69.88143	11119.6	91.65248	22698.4	68.87182	3784.0	8.17	4525.0	7.34
64800	8973.3	70.79117	11056.2	98.91772	22775.4	67.02534	3383.0	8.68	4439.0	7.56
64820	9250.8	67.41523	11106.5	90.73868	22446.4	67.92779	3244.0	8.04	3885.0	7.17
64840	9409.0	71.06782	10968.7	91.43213	22426.5	68.92309	3925.0	8.23	4231.0	7.48
64860	8989.4	72.12999	11306.0	99.34360	22509.5	69.55520	3852.0	8.76	4889.0	7.71
64880	9187.0	68.44371	10715.1	95.68455	22902.3	67.28772	3944.0	8.36	4642.0	7.30
64900	9561.7	68.38460	10814.4	100.17923	22428.4	66.92124	3619.0	8.74	4545.0	7.42
64920	9044.0	68.27384	10683.0	106.88962	23078.4	69.20682	3262.0	9.09	4712.0	7.47
64940	8691.2	67.21284	10885.5	101.84107	23228.4	68.41128	3024.0	8.67	4805.0	7.20
64960	8625.3	68.42668	10935.7	105.27332	23244.3	66.41121	3189.0	8.92	4908.0	7.40
64980	8895.1	68.27758	10938.4	101.70988	22971.4	68.72121	3311.0	8.73	4872.0	7.34
65000	9112.9	66.73440	10917.3	99.06338	22774.5	72.37565	2878.0	8.54	4170.0	7.21
65020	9166.8	66.84265	10904.4	101.31110	22733.4	67.58916	2974.0	8.71	4376.0	7.26
65040	9302.6	65.39333	11192.3	101.68867	22309.4	67.34741	3164.0	8.80	4787.0	7.23
65060	9279.9	68.64924	11109.4	103.36406	22415.4	68.20374	3050.0	8.98	4453.0	7.52
65080	9016.1	68.24937	11238.3	102.28622	22550.4	68.11722	3336.0	8.89	4886.0	7.46
65100	9271.6	64.71632	10927.3	100.41891	22605.4	66.68166	3380.0	8.61	4852.0	7.09
65120	9006.2	69.52676	11274.1	100.39458	22524.5	69.07234	3546.0	8.76	4832.0	7.50
65140	9103.7	65.23401	11228.7	93.36849	22471.4	67.45490	3386.0	8.16	4600.0	7.01
65160	9012.1	68.51982	11282.8	96.48126	22509.5	71.30016	3461.0	8.46	4637.0	7.35
65180	8626.6	71.65267	11357.7	95.05443	22820.4	68.39976	3273.0	8.45	4475.0	7.54
65200	8779.3	69.53243	11343.5	92.51086	22681.5	70.56165	3261.0	8.21	4415.0	7.31
65220	8712.2	67.75297	11218.6	92.71708	22873.4	69.52901	3143.0	8.15	4380.0	7.16
65240	9120.8	66.09047	11227.0	97.75912	22456.5	69.16222	3042.0	8.50	4400.0	7.18
65260	8351.1	73.86135	11026.4	102.18296	23428.4	70.29008	3338.0	8.81	4669.0	7.72
65280	8852.4	71.14923	11106.0	97.05350	22846.3	66.88930	3266.0	8.56	4288.0	7.52
65300	8589.3	67.27992	11169.9	96.40670	23045.4	69.95606	2952.0	8.36	4415.0	7.17
65320	8790.0	66.49087	11037.8	94.15394	22976.5	72.40976	3325.0	8.17	4624.0	7.05
65340	8524.6	70.87180	11472.7	96.59928	22807.4	68.65709	3239.0	8.53	4740.0	7.49
65360	8776.3	69.32700	11042.8	94.01814	22985.5	71.25961	3569.0	8.26	4602.0	7.30
65380	9005.1	68.13353	11053.9	95.20870	22745.5	71.41299	3270.0	8.34	4384.0	7.25
65400	9199.8	66.35418	10951.1	96.55791	22653.4	68.81202	3155.0	8.33	4226.0	7.13
65420	8970.2	69.34951	11057.9	95.81877	22776.4	67.70858	3027.0	8.39	4027.0	7.36
65440	9033.3	70.93935	10923.3	99.07894	22848.4	69.11029	2852.0	8.64	3835.0	7.53
65460	9038.9	66.59155	11011.9	95.16259	22753.5	69.87076	2754.0	8.30	4051.0	7.14
65480	8477.9	72.70693	11024.1	98.51440	23303.5	71.86551	2809.0	8.56	4074.0	7.56
65500	8306.8	70.39804	11008.8	93.15265	23489.4	71.33270	2750.0	8.13	3853.0	7.29
65520	8335.9	72.38869	11035.7	91.91833	23433.4	70.02964	3056.0	8.07	3945.0	7.39
65540	8399.8	71.36446	11027.2	99.44873	23378.4	71.59710	3110.0	8.57	4447.0	7.47
65560	8633.5	70.45839	10518.6	99.51843	23653.3	68.35816	3168.0	8.49	4369.0	7.32
65580	8956.2	69.82803	10854.1	96.16341	22994.5	71.35835	3160.0	8.38	4034.0	7.35
65600	8717.3	69.00964	10861.0	94.61451	23226.4	70.47569	3335.0	8.22	4294.0	7.25
65620	8861.4	71.09012	10844.2	97.91392	23099.5	71.26044	3208.0	8.55	4202.0	7.50
65640	8807.6	72.66922	10980.2	98.30361	23017.4	68.83670	3431.0	8.60	4314.0	7.63
65660	8929.3	70.02502	11103.9	96.09716	22771.4	68.30574	3250.0	8.43	4256.0	7.42
65680	9132.3	71.92646	11202.8	95.15765	22469.4	67.78699	3511.0	8.45	4241.0	7.61
65700	8918.2	69.19651	11025.0	97.12671	22861.4	68.55217	3463.0	8.44	4562.0	7.36
65720	9097.8	65.99764	10840.9	93.63005	22865.5	70.27074	3788.0	8.15	4714.0	7.05
65740	8774.5	71.57907	10902.3	99.20360	23128.4	69.84105	3735.0	8.64	4694.0	7.56
65760	9089.9	66.81455	11062.7	93.25509	22651.5	70.08547	3512.0	8.18	4533.0	7.14
65780	8851.3	70.17832	10891.2	98.02326	23062.4	70.33749	3735.0	8.52	4797.0	7.43
65800	9171.2	71.62240	11006.7	92.25081	22626.4	68.61513	3852.0	8.23	4323.0	7.48
65820	9136.2	70.42561	10926.9	93.77922	22741.4	68.15734	3696.0	8.26	4244.0	7.41
65840	9480.9	70.42974	10601.3	97.40153	22722.5	70.39281	3941.0	8.52	4362.0	7.51
65860	9198.5	75.05932	10120.8	99.24218	23486.4	69.23419	4065.0	8.62	4158.0	7.78
65880	9127.5	74.41217	10633.4	98.30676	23044.3	67.40437	3929.0	8.61	4300.0	7.74
65900	9219.0	69.31355	10543.1	93.47969	23042.4	70.38135	3523.0	8.18	3940.0	7.26
65920	9149.2	70.87169	10890.9	93.74407	22764.4	69.36446	3445.0	8.31	4010.0	7.45
65940	8751.9	75.33175	11141.8	94.96791	22911.4	68.35052	3149.0	8.47	3785.0	7.80
65960	8639.7	72.53755	11494.6	94.97508	22670.4	67.25967	3114.0	8.47	4161.0	7.64
65980	9164.3	72.22847	10907.0	95.36360	22733.4	67.48435	3395.0	8.48	4027.0	7.60
66000	9202.1	70.58537	11188.9	95.88697	22413.4	68.33713	3153.0	8.53	4056.0	7.53
66020	9336.1	71.56023	10928.1	97.29389	22540.4	68.31955	3348.0	8.59	3941.0	7.61
66040	9227.2	71.06505	11513.9	99.11569	22063.4	67.14868	3013.0	8.82	4293.0	7.67
66060	9163.3	72.40626	11465.6	93.96151	22175.4	66.85093	3414.0	8.47	4142.0	7.68
66080	9172.3	71.76475	11391.6	94.63439	22240.4	67.21527	3636.0	8.47	4394.0	7.62
66100	9321.1	70.86949	11381.5	91.89501	22101.4	67.65838	3886.0	8.31	4542.0	7.54
66120	8847.6	72.60680	10993.7	92.00775	22963.4	69.69369	3853.0	8.18	4356.0	7.50
66140	8803.5	71.28726	11133.9	96.73716	22867.4	67.54976	3296.0	8.52	4277.0	7.52
66160	9271.0	69.97337	10426.4	96.22910	23107.3	66.72642	3656.0	8.37	4128.0	7.37
66180	9645.6	67.42537	10904.0	95.77241	22254.4	67.01879	3502.0	8.43	4141.0	7.30
66200	9262.2	71.62979	10764.0	94.79943	22778.4	69.28677	3497.0	8.40	3922.0	7.55
66220	9066.4	73.09804	11051.7	92.50118	22686.3	65.38002	3819.0	8.29	4300.0	7.62
66240	9394.4	74.80157	11192.3	87.89379	22217.4	65.29486	3771.0	8.09	3629.0	7.76
66260	9477.3	74.46690	11364.5	92.96424	21962.4	65.41826	3644.0	8.45	3896.0	7.82
66280	9675.5	78.29617	11005.0	96.69749	22124.3	64.83367	3881.0	8.79	3799.0	8.21
66300	9677.3	76.28999	11164.7	93.70451	21962.4	65.03740	3703.0	8.56	3690.0	8.00
66320	9175.6	75.62550	11742.4	93.23371	21886.3	64.21789	3529.0	8.55	4096.0	7.94
66340	9333.3	73.79757	11369.5	92.00052	22101.4	66.27171	3449.0	8.39	3805.0	7.78
66360	9145.3	72.59710	11160.1	99.31332	22499.3	64.56033	3013.0	8.81	3895.0	7.76
66380	9191.6	75.62313	10973.1	97.62204	22640.3	66.01662	3274.0	8.70	3694.0	7.91
66400	8982.5	73.49069	10975.9	94.77846	22846.4	67.38776	3316.0	8.38	3863.0	7.65
66420	9233.5	74.71514	11266.4	90.07303	22304.4	65.95121	3867.0	8.26	3953.0	7.80
66440	8975.5	72.71705	11744.8	85.33819	22083.4	65.70985	3576.0	7.88	4019.0	7.53
66460	9366.2	72.23973	11007.9	95.17054	22430.4	67.83414	3843.0	8.52	4293.0	7.66
66480	9380.0	70.92360	10860.9	93.03886	22563.4	68.87340	3759.0	8.24	4158.0	7.45
66500	9012.6	74.00449	11442.4	91.02544	22349.4	67.35640	3895.0	8.27	4399.0	7.69
66520	9396.4	74.68970	11047.9	95.41924	22360.4	66.25330	4157.0	8.59	4372.0	7.87
66540	9070.4	73.08370	11075.8	93.77417	22658.4	66.62984	3918.0	8.36	4506.0	7.63
66560	9335.3	73.83673	10865.2	97.71610	22604.4	67.59322	4022.0	8.68	4546.0	7.77
66580	9239.2	72.05949	11434.7	95.84956	22130.5	69.48550	3541.0	8.58	4375.0	7.66
66600	8875.4	71.22429	11774.5	95.97577	22154.3	64.96541	3347.0	8.59	4703.0	7.59
66620	8803.4	70.45161	11561.6	94.85781	22439.4	66.94922	3174.0	8.45	4375.0	7.49
66640	8780.4	70.26255	11244.2	101.73596	22780.3	66.30875	3079.0	8.81	4500.0	7.55
66660	9148.2	71.27008	11316.5	106.33860	22340.3	65.56622	3009.0	9.24	4487.0	7.78
66680	9020.3	71.50471	11010.5	102.73494	22774.4	67.46126	3307.0	8.91	4558.0	7.64
66700	9089.2	70.64076	11369.9	98.62432	22345.4	66.91895	3235.0	8.69	4389.0	7.56
66720	8864.6	73.17225	11556.0	101.54615	22384.3	63.96518	3284.0	9.00	4655.0	7.86
66740	8992.5	72.96492	11415.8	97.73829	22396.4	66.06176	3647.0	8.72	4630.0	7.75
66760	8871.0	78.18137	11135.2	100.76455	22799.3	66.91620	3575.0	8.97	4282.0	8.14
66780	9006.4	72.38933	11057.8	93.99090	22740.3	64.96507	3188.0	8.36	3824.0	7.58
66800	9339.0	69.86340	11267.7	94.12658	22197.4	66.46289	3202.0	8.38	4010.0	7.43
66820	8871.7	74.44848	11258.1	99.56899	22675.4	67.49528	3343.0	8.80	4261.0	7.85
66840	8972.5	73.21754	11176.7	93.30267	22655.4	67.10219	3453.0	8.35	4047.0	7.63
66860	9385.2	72.69958	10844.7	90.86041	22574.4	69.04532	3765.0	8.15	3743.0	7.58
66880	9163.4	73.68501	10802.8	92.24050	22838.4	68.39249	3622.0	8.24	3753.0	7.64
66900	8495.0	74.43791	11300.5	92.26012	23009.4	68.34237	3351.0	8.25	4161.0	7.64
66920	8842.7	73.82702	11242.4	90.52530	22719.5	69.91628	3342.0	8.15	3723.0	7.61
66940	8599.7	72.20495	10991.7	92.28979	23213.5	72.41226	3016.0	8.14	3681.0	7.45
66960	8581.1	76.61916	10742.0	94.16067	23482.5	73.58373	3235.0	8.32	3677.0	7.75
66980	8582.9	74.10887	10478.2	94.69698	23744.4	72.56657	3338.0	8.24	3807.0	7.54
67000	8694.7	73.04789	10150.4	94.02432	23960.4	71.03488	3619.0	8.11	3785.0	7.43
67020	8671.5	70.81281	10341.0	90.79031	23792.4	72.19432	3572.0	7.92	3877.0	7.24
67040	8572.7	71.66263	11139.7	93.39543	23092.5	70.86918	3089.0	8.25	3995.0	7.44
67060	9103.5	74.08096	11048.1	97.50276	22653.4	66.88710	3765.0	8.64	4319.0	7.79
67080	9306.2	71.62067	11221.5	90.82182	22276.5	68.73907	3488.0	8.21	3849.0	7.56
67100	8947.5	73.26932	11204.5	91.55441	22652.4	68.88682	3545.0	8.23	3963.0	7.60
67120	9154.2	71.29884	10474.1	93.19578	23176.4	70.77499	3522.0	8.18	3769.0	7.39
67140	9206.1	69.80364	10555.7	88.78699	23042.5	71.64062	3545.0	7.86	3723.0	7.19
67160	9139.4	72.69445	10479.8	89.06193	23185.5	71.47144	3675.0	7.93	3589.0	7.42
67180	9285.3	73.18372	10288.9	89.12141	23230.4	70.06458	3843.0	7.93	3496.0	7.46
67200	9058.0	79.80532	10284.3	93.35757	23463.4	71.85625	3915.0	8.33	3391.0	8.01
67220	9085.9	78.44543	10915.5	88.86774	22803.5	70.60938	3685.0	8.11	3421.0	7.91
67240	9030.1	80.38147	10403.1	91.74297	23372.4	70.16052	4173.0	8.24	3606.0	8.01
67260	9359.6	77.55128	10764.6	89.39900	22680.4	68.04389	4151.0	8.12	3615.0	7.89
67280	9799.3	77.40712	10743.7	89.45356	22261.4	67.48140	4138.0	8.23	3417.0	7.99
67300	9718.2	75.73230	11040.4	87.77503	22045.4	66.80350	3939.0	8.13	3410.0	7.85
67320	9562.4	76.46502	10963.3	85.70643	22278.4	67.61153	4161.0	7.95	3558.0	7.81
67340	9717.2	75.58620	11253.3	89.05783	21833.4	65.08880	3589.0	8.25	3318.0	7.88
67360	9397.5	76.51703	11198.5	90.74027	22208.4	67.14602	3477.0	8.32	3350.0	7.95
67380	9699.1	73.89090	10585.1	94.20889	22520.4	66.84263	3644.0	8.45	3522.0	7.77
67400	9652.3	76.07044	10403.1	92.74350	22749.3	66.48009	3775.0	8.34	3261.0	7.87
67420	9638.3	76.19616	9892.5	92.47594	23274.5	72.31233	4087.0	8.22	3302.0	7.77
67440	9480.4	75.46799	10224.7	85.57188	23099.5	72.02941	4059.0	7.75	3117.0	7.60
67460	9071.7	75.89051	9973.1	88.92905	23760.5	73.45145	3508.0	7.88	2813.0	7.58
67480	9247.4	74.54673	9749.6	92.07814	23808.5	73.11816	3704.0	8.03	3117.0	7.52
67500	9276.6	76.82726	10162.2	91.72280	23366.4	71.30913	3519.0	8.15	2957.0	7.77
67520	9336.6	76.98411	10204.1	89.99221	23264.4	69.76821	3785.0	8.06	3075.0	7.75
67540	9445.7	79.08218	10430.0	90.72055	22929.3	66.62225	3980.0	8.19	3132.0	7.99
67560	9253.8	78.21290	10026.2	90.70186	23525.4	70.54936	4054.0	8.10	3257.0	7.83
67580	8857.1	78.13622	10171.0	88.92996	23777.5	73.08602	3776.0	7.92	3194.0	7.71
67600	8608.4	80.07054	10649.7	89.22431	23547.4	71.23238	3927.0	8.07	3598.0	7.94
67620	8690.6	82.89208	10199.1	91.17005	23916.4	72.55497	3984.0	8.18	3321.0	8.10
67640	9688.6	79.42905	10206.8	86.64584	22909.3	67.01026	4159.0	7.92	2748.0	7.92
67660	9410.7	79.34518	10419.7	86.98699	22974.4	70.00342	4216.0	7.94	3279.0	7.90
67680	8683.5	81.63002	10296.6	85.24387	23825.3	69.64460	4346.0	7.76	3357.0	7.91
67700	9542.4	76.09752	10434.5	84.63546	22827.5	70.96433	4136.0	7.72	3092.0	7.64
67720	9270.5	75.91254	10393.5	84.13779	23140.5	73.24760	4299.0	7.65	3341.0	7.56
67740	9558.7	79.56641	10217.6	84.04746	23028.4	69.95894	4648.0	7.73	3232.0	7.85
67760	9398.8	79.93408	10446.8	88.37155	22959.5	70.49721	4281.0	8.09	3352.0	8.02
67780	9164.9	79.55238	10683.1	81.60339	22956.4	67.92592	4513.0	7.58	3332.0	7.83
67800	9228.7	77.71193	10448.5	84.40199	23127.4	68.51356	4254.0	7.73	3430.0	7.72
67820	9161.5	74.46069	10566.8	90.33428	23076.4	69.13755	3912.0	8.11	3755.0	7.63
67840	9595.1	73.45468	10727.8	91.22844	22481.4	67.58192	3965.0	8.20	3699.0	7.65
67860	9458.5	76.87160	10658.8	90.67617	22687.4	69.47154	3991.0	8.24	3545.0	7.86
67880	9628.3	75.62261	10800.9	92.57441	22375.4	67.80644	3566.0	8.38	3343.0	7.87
67900	9590.6	78.80491	10661.1	94.76264	22553.3	65.63083	3704.0	8.58	3296.0	8.13
67920	9622.4	76.99082	10905.5	88.05512	22276.3	64.83104	3826.0	8.14	3149.0	7.92
67940	9541.8	81.43613	10975.4	88.41836	22287.4	66.83176	3775.0	8.22	2916.0	8.25
67960	9532.8	80.59988	10808.4	86.95982	22463.4	66.37042	3954.0	8.08	2994.0	8.11
67980	9359.6	77.42157	10470.8	88.59364	22974.4	70.36952	4000.0	8.07	3326.0	7.83
68000	9311.7	77.47041	10456.7	87.19665	23036.4	68.30600	3940.0	7.93	3266.0	7.76
68020	9566.7	79.65780	10297.1	91.75783	22941.3	65.88244	4172.0	8.33	3291.0	8.08
68040	9688.4	77.45243	10462.7	87.24582	22653.4	67.91799	4357.0	7.99	3477.0	7.83
68060	9800.4	78.75908	10587.4	84.15833	22416.5	69.42934	4330.0	7.83	3077.0	7.91
68080	10132.1	76.84045	10171.9	87.43515	22500.4	66.58684	4649.0	7.99	3296.0	7.83
68100	9880.5	80.53988	10501.9	91.21587	22422.4	66.99313	4614.0	8.40	3600.0	8.23
68120	9748.6	80.62043	10534.9	90.71474	22521.3	65.83522	4516.0	8.33	3593.0	8.18
68140	9725.6	80.33270	10506.1	93.33823	22573.4	66.92588	4505.0	8.51	3781.0	8.20
68160	9894.2	76.52915	10755.9	92.93887	22154.4	66.57499	4237.0	8.47	3858.0	7.98
68180	9572.4	76.08924	10791.0	94.12424	22441.3	65.29788	4360.0	8.54	4174.0	7.95
68200	9879.1	75.94228	10660.0	93.35079	22265.3	64.63209	4596.0	8.46	4101.0	7.96
68220	9486.8	80.21188	10968.9	93.95961	22349.4	67.50698	4468.0	8.60	4085.0	8.28
68240	9213.1	82.13894	10825.0	95.06737	22767.3	66.71609	4375.0	8.64	3977.0	8.35
68260	9370.8	79.48136	10854.4	87.09068	22579.3	65.24704	4405.0	8.07	3816.0	7.99
68280	9556.5	78.14580	11153.7	93.75504	22094.3	64.52414	4138.0	8.59	3951.0	8.15
68300	9261.0	81.20904	11046.7	91.85572	22497.2	63.24406	4210.0	8.50	3859.0	8.31
68320	9219.7	77.35322	10994.7	92.74476	22590.3	66.21093	3852.0	8.42	3788.0	7.98
68340	9271.6	76.10967	11054.9	95.42150	22478.3	65.91063	3704.0	8.58	3912.0	7.95
68360	9452.3	74.69345	11074.1	97.85782	22278.5	68.74549	3465.0	8.75	3932.0	7.91
68380	9239.5	75.32757	11011.1	98.27958	22554.3	65.33397	3275.0	8.77	3835.0	7.95
68400	9213.5	74.84112	11263.1	99.42568	22328.3	64.66052	3254.0	8.89	3996.0	7.95
68420	9487.1	72.28191	11179.9	96.78091	22137.2	61.58195	3508.0	8.67	4121.0	7.72
68440	9254.2	72.27968	11210.9	96.35931	22339.3	64.38580	3561.0	8.59	4278.0	7.68
68460	9384.1	71.15633	11274.5	92.01452	22145.3	64.24906	3598.0	8.29	3962.0	7.54
68480	9533.1	73.19658	10786.0	94.05181	22485.3	65.43178	3916.0	8.40	4050.0	7.68
68500	9275.2	71.45724	10865.0	94.89654	22664.4	67.61403	4008.0	8.41	4470.0	7.53
68520	9414.3	73.94199	10806.2	96.68813	22584.3	66.31801	4031.0	8.59	4254.0	7.80
68540	9379.0	70.56146	11265.7	94.01829	22159.4	66.78238	3878.0	8.38	4426.0	7.50
68560	9604.2	73.90845	11387.7	95.61179	21812.3	62.24019	3962.0	8.71	4377.0	7.92
68580	9988.2	77.97755	11289.9	97.76569	21526.3	61.63566	4008.0	9.03	4086.0	8.34
68600	9997.7	71.81073	11486.6	94.21908	21319.3	61.84577	3728.0	8.62	4040.0	7.79
68620	10172.8	73.79228	11137.1	98.83324	21494.3	62.38889	3931.0	8.94	3953.0	8.02
68640	9843.0	73.84502	11498.6	95.02036	21462.5	66.25325	4004.0	8.70	4281.0	7.90
68660	9917.7	71.22993	11454.6	94.56116	21431.3	62.51360	4221.0	8.63	4628.0	7.73
68680	9489.3	74.49072	11487.8	96.98721	21827.4	64.76346	4125.0	8.82	4730.0	7.97
68700	9517.9	69.94849	11392.7	95.82225	21893.4	65.68138	3990.0	8.60	4673.0	7.58
68720	9566.0	71.67901	11513.7	96.92766	21724.4	65.09195	3807.0	8.77	4612.0	7.77
68740	9337.1	71.63895	11465.7	95.75829	22001.4	64.97685	3606.0	8.63	4397.0	7.70
68760	9385.0	70.90636	11828.6	96.99239	21590.4	65.61289	3679.0	8.78	4784.0	7.71
68780	9260.1	70.09209	12148.4	96.71129	21395.4	65.15414	3474.0	8.80	4880.0	7.70
68800	9101.3	71.46423	11888.6	97.88056	21814.3	63.71082	3233.0	8.85	4556.0	7.78
68820	9173.2	70.54636	11781.9	102.28955	21849.3	63.50651	3148.0	9.11	4694.0	7.76
68840	8889.4	70.91902	11851.5	96.73335	22063.3	63.51422	3344.0	8.68	4807.0	7.63
68860	8626.6	70.75711	11645.9	100.12559	22532.3	64.79997	3321.0	8.77	5027.0	7.58
68880	8483.0	74.32442	12019.5	96.95866	22302.3	64.55430	3372.0	8.74	4986.0	7.83
68900	8728.6	72.17628	12111.4	96.21647	21964.2	60.83240	3501.0	8.67	4981.0	7.70
68920	8743.6	72.30341	11946.4	96.06609	22114.4	66.63225	3547.0	8.66	4977.0	7.72
68940	8706.8	73.74498	12042.4	97.11303	22055.4	65.69755	3838.0	8.77	5389.0	7.81
68960	8768.5	71.55642	12000.7	100.23568	22035.4	65.70628	3638.0	8.91	5303.0	7.73
68980	9228.2	70.98931	11611.9	100.04284	21964.4	65.53965	3465.0	8.89	4689.0	7.70
69000	9262.9	68.13527	11480.8	97.98193	22060.4	65.10855	3408.0	8.66	4719.0	7.42
69020	9479.7	67.97402	11290.0	98.81867	22034.4	65.21917	3656.0	8.72	4840.0	7.42
69040	9433.0	70.64255	11257.8	95.38841	22113.4	65.54830	3877.0	8.54	4593.0	7.55
69060	9081.0	68.58217	11476.7	96.69911	22246.4	67.30000	3703.0	8.57	4981.0	7.41
69080	9102.8	66.36039	11293.1	100.08625	22408.3	64.49462	3627.0	8.69	5171.0	7.25
69100	9020.9	66.53217	11572.9	100.21033	22210.4	66.10039	3306.0	8.76	5078.0	7.30
69120	8641.4	69.10024	11943.8	101.67695	22219.4	67.90281	3031.0	8.91	5005.0	7.52
69140	9140.8	65.74159	11675.7	98.03350	21987.4	65.17718	2977.0	8.63	4608.0	7.25
69160	8932.9	65.49688	11402.0	100.06212	22469.4	67.25140	3150.0	8.68	5041.0	7.17
69180	8766.9	64.90706	11537.1	102.98793	22500.3	65.89425	2944.0	8.82	5077.0	7.16
69200	9443.7	67.66446	11641.2	105.15888	21719.3	63.41606	3091.0	9.20	4787.0	7.58
69220	9437.4	64.06024	11398.1	101.89564	21968.3	63.35594	3019.0	8.85	4771.0	7.19
69240	9119.8	66.29387	11461.4	105.72345	22223.3	63.87304	2897.0	9.10	4866.0	7.38
69260	9096.2	70.22311	11524.4	106.69232	22184.2	62.33409	2921.0	9.32	4699.0	7.75
69280	9142.3	72.51476	11303.4	104.81732	22359.4	66.29735	3217.0	9.17	4500.0	7.85
69300	9304.8	67.97365	11129.2	100.23022	22370.3	64.46431	3248.0	8.73	4416.0	7.41
69320	9311.8	67.67329	11503.0	100.26064	21989.3	63.69056	3386.0	8.82	4871.0	7.42
69340	9626.4	65.57227	11523.1	102.37144	21654.3	63.54726	3474.0	8.97	5026.0	7.35
69360	9228.9	68.45904	11531.2	103.51119	22044.3	64.27161	3392.0	9.09	5051.0	7.56
69380	9520.5	65.97055	11747.1	103.90938	21536.4	63.67969	3220.0	9.11	4954.0	7.44
69400	9101.9	66.75585	12109.7	101.25963	21592.4	63.74634	2850.0	8.98	4882.0	7.46
69420	9075.0	68.34703	12221.5	99.24315	21507.4	64.36083	2844.0	8.88	4691.0	7.55
69440	9048.9	66.79682	12302.5	99.38731	21452.3	62.57489	2707.0	8.86	4652.0	7.44
69460	9246.9	68.37978	12270.6	100.54527	21286.4	62.82948	2869.0	9.05	4761.0	7.62
69480	8966.2	69.85290	11903.9	102.79665	21934.3	63.96378	2497.0	9.07	4415.0	7.67
69500	8793.4	70.81502	12089.7	101.62485	21921.4	64.97178	2707.0	9.02	4660.0	7.75
69520	9089.0	68.59730	12047.6	99.09140	21667.3	63.21806	2727.0	8.81	4441.0	7.52
69540	9030.2	70.17097	12230.7	102.83818	21543.3	63.04347	2492.0	9.18	4465.0	7.77
69560	9012.3	71.01528	12213.7	101.83643	21578.3	62.57139	2505.0	9.11	4391.0	7.78
69580	9025.0	67.76616	11773.0	103.53006	22006.4	65.13246	2396.0	9.07	4425.0	7.49
69600	9158.7	64.73954	11266.4	104.63200	22379.3	65.22505	2470.0	8.96	4373.0	7.22
69620	8868.0	66.73056	11422.4	105.56548	22514.3	65.67308	2381.0	9.05	4414.0	7.37
69640	8790.9	64.56502	11783.8	100.28004	22229.3	64.90781	2316.0	8.67	4560.0	7.12
69660	8996.8	65.34620	11736.2	106.22787	22071.4	65.95668	2483.0	9.17	4784.0	7.35
69680	8862.0	66.64051	11919.1	105.14075	22023.3	63.77335	2665.0	9.11	4960.0	7.42
69700	9061.5	62.61228	11629.2	105.30341	22113.4	65.45855	2627.0	9.01	4976.0	7.11
69720	8619.2	66.80838	11716.4	108.59575	22469.4	68.67401	2452.0	9.27	5002.0	7.42
69740	8542.1	64.71378	11998.9	103.23202	22263.4	67.71991	2647.0	8.91	5274.0	7.18
69760	8943.6	62.86538	11702.1	103.57012	22158.4	66.75228	2817.0	8.90	5212.0	7.06
69780	8284.5	67.63909	11928.1	105.93986	22592.3	65.83318	2935.0	9.13	5646.0	7.41
69800	8044.5	65.15561	12284.9	106.10329	22475.3	65.09252	2638.0	9.10	5929.0	7.22
69820	8603.0	64.63693	12578.9	108.66260	21622.3	61.88505	2672.0	9.37	5779.0	7.34
69840	9012.5	62.14698	12516.1	111.65638	21275.3	61.84018	2553.0	9.61	5829.0	7.24
69860	9025.4	61.35823	12609.2	113.31689	21169.4	62.75070	2510.0	9.73	5861.0	7.24
69880	8700.7	62.31678	12683.0	110.60534	21420.3	62.94300	2569.0	9.53	6033.0	7.22
69900	9008.2	58.89732	12571.9	109.22692	21223.4	64.39667	2474.0	9.39	5913.0	6.96
69920	8489.5	58.37272	12556.8	107.21536	21757.4	66.41382	2313.0	9.11	5972.0	6.79
69940	8985.2	58.21486	12103.9	104.90841	21714.4	64.84208	2570.0	8.90	5668.0	6.74
69960	8848.4	59.51166	12265.9	105.55188	21689.4	63.86502	2485.0	9.02	5563.0	6.86
69980	8580.9	62.84050	12011.5	113.03730	22212.4	68.01354	2350.0	9.51	5625.0	7.19
70000	8411.1	63.75403	12103.3	110.28216	22290.4	66.71265	2313.0	9.29	5535.0	7.19
70020	8621.6	60.36616	11847.1	104.82802	22335.4	66.79939	2315.0	8.83	5251.0	6.82
70040	8575.9	62.91658	11667.4	107.37418	22561.4	69.10847	2515.0	9.05	5285.0	7.07
70060	8656.8	63.05853	12072.2	109.15854	22075.3	64.67706	2590.0	9.27	5596.0	7.16
70080	8443.0	63.06289	11884.5	111.35134	22477.4	68.23328	2302.0	9.34	5504.0	7.16
70100	8299.1	62.87002	11987.0	104.56700	22518.5	69.18886	2144.0	8.85	5120.0	6.98
70120	8664.9	63.90179	12010.8	102.55512	22128.3	64.78800	2766.0	8.89	5402.0	7.13
70140	8609.3	68.24901	11655.0	102.25860	22540.3	64.83661	3144.0	8.90	5149.0	7.43
70160	8931.1	68.42438	11271.4	104.62669	22602.3	65.58414	2990.0	9.02	4646.0	7.47
70180	8886.5	72.16842	11789.0	102.60182	22129.4	65.10369	3166.0	9.11	4850.0	7.84
70200	8860.2	68.94268	11652.8	99.50211	22291.3	64.47597	3430.0	8.75	5111.0	7.46
70220	8977.3	71.15793	11428.4	105.12144	22399.3	65.49777	3236.0	9.15	4796.0	7.73
70240	8974.9	66.76602	11684.3	106.12942	22145.4	67.48844	2564.0	9.15	4722.0	7.41
70260	8433.4	67.57735	11707.2	105.88975	22664.4	67.60528	2468.0	9.06	4857.0	7.40
70280	8703.2	67.85450	11659.1	103.36451	22442.4	66.07316	2406.0	8.98	4497.0	7.44
70300	8934.0	66.83122	11539.1	102.97394	22331.4	66.44746	2625.0	8.92	4487.0	7.38
70320	8490.4	67.91079	11781.9	101.25687	22532.2	62.61454	2594.0	8.81	4847.0	7.36
70340	8711.2	67.55433	11802.1	104.59280	22291.4	66.04033	2661.0	9.10	5029.0	7.46
70360	8424.0	63.66244	11906.0	104.84110	22474.4	68.39005	2337.0	8.92	5159.0	7.09
70380	8555.9	62.59885	11502.8	97.33436	22745.4	69.26689	2502.0	8.33	4671.0	6.83
70400	8662.0	64.77454	10999.7	105.34217	23143.4	69.23534	2664.0	8.83	4797.0	7.10
70420	8374.3	65.63534	11115.3	102.09786	23315.4	69.44208	2444.0	8.61	4644.0	7.07
70440	8324.4	66.22382	11344.2	102.66891	23136.4	70.31050	2270.0	8.71	4544.0	7.16
70460	8356.7	69.75234	11333.4	104.29358	23115.4	69.48881	2434.0	8.92	4510.0	7.47
70480	8657.3	68.41760	11250.5	105.91335	22897.4	67.95155	2440.0	9.02	4357.0	7.44
70500	8346.9	71.65364	11289.3	103.10465	23169.5	71.17174	2334.0	8.88	4091.0	7.60
70520	8271.4	66.16202	11536.9	99.69982	22996.4	70.09165	1937.0	8.53	4185.0	7.13
70540	8280.4	66.20662	11126.3	101.35522	23398.4	70.92559	2131.0	8.59	4300.0	7.09
70560	8478.2	65.92988	11386.2	102.27746	22940.5	71.51663	2063.0	8.72	4181.0	7.18
70580	8220.1	62.91190	11645.0	101.44141	22939.4	69.22857	2159.0	8.60	4901.0	6.90
70600	8070.5	65.29902	11461.3	104.01434	23273.5	71.87120	2065.0	8.73	4721.0	7.07
70620	8105.5	66.37338	11426.3	104.75369	23273.4	69.97837	2338.0	8.84	4892.0	7.21
70640	8489.1	64.59944	11457.0	100.92074	22858.4	69.41006	2322.0	8.60	4583.0	7.04
70660	8516.1	65.19971	11555.2	104.01158	22733.4	67.20846	2348.0	8.83	4779.0	7.15
70680	8200.1	63.03208	11371.1	101.23734	23233.4	69.01738	2183.0	8.54	4773.0	6.86
70700	8255.5	67.46028	11703.1	103.90109	22846.4	69.39175	1973.0	8.84	4264.0	7.31
70720	8475.2	65.28014	11920.0	104.08529	22409.4	67.09728	1890.0	8.92	4485.0	7.21
70740	8735.9	65.00002	11342.4	105.22059	22726.4	67.21706	2264.0	8.90	4468.0	7.17
70760	8758.1	66.31000	11146.8	108.98511	22900.4	68.13603	2459.0	9.21	4602.0	7.35
70780	8832.9	65.17519	11259.6	107.61115	22712.4	68.43928	2424.0	9.11	4657.0	7.26
70800	8704.0	65.59791	11711.2	105.07116	22389.4	67.24355	2432.0	9.03	4824.0	7.28
70820	8493.3	67.23064	11621.9	100.42680	22689.4	67.68813	2477.0	8.71	4635.0	7.28
70840	8679.6	72.09318	11631.0	102.51474	22494.4	67.22063	2842.0	9.01	4598.0	7.74
70860	8924.4	70.91553	11452.3	105.09650	22428.3	65.15265	2908.0	9.15	4608.0	7.68
70880	8798.3	69.51037	11343.2	102.19464	22663.3	66.53702	2965.0	8.85	4656.0	7.48
70900	8413.5	68.82810	10961.5	102.90621	23430.3	68.53499	2963.0	8.77	4727.0	7.36
70920	8916.1	67.95598	11115.1	99.33791	22773.4	69.02547	3259.0	8.57	4556.0	7.29
70940	8788.5	71.29759	10750.9	105.93464	23266.4	70.06239	3268.0	9.02	4721.0	7.58
70960	9244.0	69.89603	10666.3	97.11362	22894.4	68.85055	3779.0	8.45	4455.0	7.39
70980	9346.0	70.68860	10715.3	98.00147	22743.4	68.70819	3459.0	8.57	4128.0	7.51
71000	9581.7	68.86850	10801.6	102.00716	22421.4	68.33753	3521.0	8.85	4487.0	7.49
71020	9355.9	69.42670	10807.4	100.37197	22641.5	69.49251	3309.0	8.74	4347.0	7.46
71040	8716.5	71.00517	10725.3	97.73730	23363.3	68.55419	3500.0	8.47	4556.0	7.41
71060	8391.9	72.25137	11242.0	98.92226	23171.4	69.66254	3245.0	8.62	4653.0	7.57
71080	8391.0	73.76600	11594.8	99.21271	22819.4	67.40137	3377.0	8.72	4845.0	7.74
71100	8650.4	69.20019	11710.8	98.97398	22443.4	68.30935	3295.0	8.70	4954.0	7.45
71120	9302.8	66.98250	11744.8	99.71759	21756.4	65.36447	3462.0	8.82	5101.0	7.39
71140	9146.2	70.44399	11845.9	102.83759	21812.4	65.91877	3460.0	9.12	5006.0	7.75
71160	8960.1	67.86667	12043.9	103.68274	21800.3	63.22048	3291.0	9.17	5355.0	7.58
71180	9130.9	66.82260	11945.2	107.51767	21728.3	63.08119	3357.0	9.36	5668.0	7.53
71200	9390.6	65.60478	11884.2	107.12893	21529.3	63.08358	3566.0	9.34	5739.0	7.47
71220	8988.7	63.99728	11599.4	106.75809	22216.4	67.88098	3662.0	9.14	6071.0	7.22
71240	8596.8	62.36086	11912.0	103.51638	22295.4	68.27281	3197.0	8.86	6000.0	7.00
71260	8612.9	63.63972	12012.0	105.54308	22179.5	68.65609	3127.0	9.08	5950.0	7.17
71280	8605.8	62.00726	11931.9	103.00940	22266.4	67.28629	2941.0	8.82	5830.0	6.95
71300	8106.3	63.74730	12250.7	102.61845	22447.3	65.33617	2845.0	8.82	5899.0	7.06
71320	8087.7	67.50569	12137.2	109.59658	22580.4	68.36462	2625.0	9.36	5710.0	7.46
71340	8219.3	65.24955	12027.9	104.13766	22557.4	66.87240	2673.0	8.92	5539.0	7.19
71360	8316.2	64.97188	12299.5	100.17563	22188.4	65.82652	2614.0	8.77	5420.0	7.16
71380	8442.0	63.61271	12087.9	104.71581	22274.4	67.06848	2604.0	8.97	5429.0	7.13
71400	8944.9	66.31204	11739.6	112.09019	22120.3	64.01975	3043.0	9.56	5596.0	7.49
71420	9072.6	63.67160	12322.1	109.87457	21409.2	60.12199	2976.0	9.51	5874.0	7.36
71440	8771.8	63.48705	12301.9	105.40272	21730.4	64.07278	2759.0	9.16	5688.0	7.20
71460	8971.9	65.75302	11926.0	103.70038	21906.3	63.61518	3049.0	9.04	5278.0	7.34
71480	8670.3	68.06741	12097.9	104.26454	22036.3	64.36608	3092.0	9.11	5526.0	7.49
71500	9004.8	64.90929	11846.0	103.26055	21953.3	63.50748	3420.0	8.99	5693.0	7.26
71520	9151.7	65.06075	11506.1	102.66874	22146.4	65.57474	3528.0	8.91	5475.0	7.23
71540	8931.1	68.13496	11708.1	104.19722	22165.4	66.65772	3244.0	9.08	5222.0	7.52
71560	8845.0	66.36299	11459.1	102.13438	22500.2	62.69277	2906.0	8.78	4889.0	7.23
71580	8998.0	67.26111	11452.1	102.06942	22354.3	65.24936	2935.0	8.87	4821.0	7.34
71600	8837.0	65.79564	11254.2	100.79316	22713.4	69.54759	2883.0	8.67	4647.0	7.19
71620	8700.8	63.05278	11335.9	97.61246	22767.4	69.36707	2834.0	8.35	4825.0	6.87
71640	8646.9	63.74469	11143.1	99.21360	23014.4	69.61956	3132.0	8.43	5117.0	6.90
71660	8807.0	66.07491	10987.2	98.88355	23010.4	69.84292	3493.0	8.50	5009.0	7.14
71680	8884.0	66.10726	10984.4	100.97356	22936.5	70.30341	3109.0	8.63	4736.0	7.16
71700	8763.1	66.57467	11275.1	100.62054	22766.4	69.40343	2897.0	8.66	4623.0	7.23
71720	9185.1	70.17271	11582.9	99.83986	22036.4	67.27089	3220.0	8.84	4568.0	7.62
71740	9403.8	67.77098	11581.1	102.45867	21819.4	65.70911	3300.0	9.01	4843.0	7.51
71760	9451.5	64.51002	11634.9	100.94669	21717.4	65.35283	3406.0	8.84	5050.0	7.25
71780	9325.8	67.29866	11904.6	97.51225	21573.5	66.29411	3393.0	8.72	4866.0	7.43
71800	9156.1	69.35789	11625.7	97.12594	22022.4	65.09987	3625.0	8.66	4867.0	7.52
71820	8920.4	71.85530	12112.5	98.66793	21771.3	63.20074	3256.0	8.89	4823.0	7.77
71840	9063.9	67.35183	11890.6	98.40966	21849.4	65.76376	3004.0	8.71	4752.0	7.39
71860	8475.9	72.80094	11739.8	100.08419	22589.3	66.21424	3400.0	8.86	5052.0	7.76
71880	8694.6	71.35249	12269.5	100.04409	21840.3	63.15513	3459.0	8.97	5304.0	7.75
71900	8769.1	67.26250	12532.4	100.51087	21502.4	65.30127	2988.0	8.96	5386.0	7.47
71920	8456.5	68.40503	12001.1	106.52603	22347.3	62.98462	2969.0	9.20	5519.0	7.52
71940	8406.4	67.28475	12049.9	103.98438	22348.4	65.68011	2983.0	9.04	5540.0	7.43
71960	8636.0	65.16410	11945.0	104.51362	22223.4	68.03034	2564.0	9.05	5205.0	7.27
71980	8376.5	68.37258	11132.7	106.76867	23296.3	67.88473	2699.0	9.02	4855.0	7.41
72000	8264.6	68.13761	11436.3	104.43547	23104.3	65.89669	2919.0	8.92	5177.0	7.35
72020	8788.0	65.52418	11820.4	108.83812	22196.4	66.45287	2622.0	9.30	5294.0	7.34
72040	8541.0	64.58631	12424.5	101.16929	21838.4	66.70882	2515.0	8.85	5209.0	7.20
72060	8672.8	63.25153	12111.0	106.17735	22020.4	66.36388	2580.0	9.12	5324.0	7.18
72080	8618.8	62.62128	11795.0	102.86036	22390.5	68.70677	2229.0	8.78	4866.0	6.99
72100	8521.8	61.66495	11953.0	104.78838	22329.5	69.51894	2272.0	8.95	5305.0	6.96
72120	8427.7	60.24809	12173.8	104.09117	22202.5	68.53595	2130.0	8.83	5442.0	6.81
72140	8405.7	60.18144	11719.7	112.82135	22679.4	68.14213	2244.0	9.33	5792.0	6.89
72160	8666.6	60.71038	11694.6	111.60722	22443.4	67.02798	2285.0	9.32	5511.0	6.96
72180	8968.2	58.05360	11256.0	112.66931	22580.4	67.80090	2437.0	9.24	5541.0	6.75
72200	8860.4	59.52568	11312.2	115.79925	22632.4	68.10557	2474.0	9.45	5701.0	6.87
72220	8370.8	60.71325	11702.6	111.21450	22731.3	66.64902	2413.0	9.19	5790.0	6.91
72240	8486.9	62.08749	11998.5	112.46163	22319.4	66.00713	2439.0	9.42	5891.0	7.09
72260	8264.0	61.55539	12280.4	113.07591	22260.4	67.41593	2283.0	9.49	6095.0	7.06
72280	8287.0	61.79110	12233.3	112.16496	22284.2	62.62806	2659.0	9.40	6318.0	7.05
72300	8269.8	60.12899	12159.1	108.45905	22375.4	65.95298	2682.0	9.09	6242.0	6.84
72320	8298.0	61.96686	11752.7	112.93243	22754.4	68.68958	2856.0	9.40	6310.0	7.06
72340	8018.1	61.35027	11732.5	109.69655	23054.4	69.75152	2794.0	9.09	6163.0	6.90
72360	8163.0	60.89382	11907.0	104.45483	22734.5	70.49381	2762.0	8.77	6057.0	6.78
72380	8871.5	60.84208	11693.0	102.42213	22239.5	70.11627	2905.0	8.75	5404.0	6.87
72400	8987.3	59.74670	11601.1	102.70333	22215.6	70.97329	3065.0	8.76	5596.0	6.80
72420	8762.9	65.03419	11569.4	107.11775	22472.5	69.52651	3324.0	9.08	5666.0	7.24
72440	9103.7	64.92816	11656.3	106.22454	22044.5	68.54646	3370.0	9.12	5582.0	7.29
72460	9423.4	63.73873	11854.3	108.69251	21526.4	63.52564	3285.0	9.41	5540.0	7.37
72480	9240.4	61.91139	12451.7	104.66008	21111.3	61.39575	3391.0	9.18	6056.0	7.17
72500	9267.5	63.67828	12424.5	100.91064	21111.4	63.71770	3514.0	9.00	5907.0	7.26
72520	9037.9	66.80493	12619.1	96.15024	21146.3	61.09767	3576.0	8.72	5590.0	7.44
72540	8933.2	69.77444	12937.4	104.30899	20933.4	61.79227	3538.0	9.42	6039.0	7.85
72560	8945.1	68.16215	12604.4	100.78463	21254.3	59.86588	3200.0	9.05	5468.0	7.60
72580	8821.2	67.86545	12711.3	99.91783	21271.3	62.48514	3354.0	9.02	5662.0	7.58
72600	8748.2	67.68266	12614.3	99.26547	21441.4	63.09347	3379.0	8.89	5589.0	7.50
72620	9302.0	69.28557	12383.7	103.83733	21118.3	61.65688	3657.0	9.31	5627.0	7.79
72640	9229.8	66.55983	12241.7	102.18419	21332.3	60.67723	3470.0	9.09	5548.0	7.47
72660	9223.0	69.61830	12271.7	102.10261	21309.2	59.50311	3534.0	9.15	5309.0	7.74
72680	9641.7	68.24130	12082.7	100.94520	21079.3	59.73645	3489.0	9.13	5040.0	7.68
72700	9350.1	71.06719	12133.4	97.84420	21320.3	62.57884	3336.0	8.86	4693.0	7.76
72720	9035.5	73.23831	11868.5	95.88634	21900.3	63.35009	3638.0	8.71	4810.0	7.82
72740	9176.5	74.27286	11597.8	98.22773	22030.3	63.79886	3618.0	8.87	4531.0	7.93
72760	8816.7	73.81693	11108.0	97.45572	22880.4	67.63179	3788.0	8.61	4594.0	7.75
72780	8774.9	75.50112	11097.0	97.68761	22933.4	69.69819	3482.0	8.66	4197.0	7.85
72800	8723.8	73.99316	11289.4	90.65364	22791.4	67.02450	3460.0	8.16	4033.0	7.63
72820	8527.2	76.79092	11253.7	93.86749	23024.3	66.96099	3572.0	8.40	4133.0	7.89
72840	8471.3	77.16240	10977.6	90.13386	23356.4	69.36463	3598.0	8.07	3841.0	7.74
72860	8744.0	76.87289	11208.5	91.01645	22852.4	68.26543	3763.0	8.25	4107.0	7.83
72880	9231.9	79.29175	11145.6	92.05891	22427.3	64.13605	3911.0	8.44	3790.0	8.12
72900	9360.7	78.34311	11160.7	93.99471	22283.3	64.32931	3889.0	8.61	3844.0	8.15
72920	9644.2	74.93269	11036.7	92.39131	22123.4	67.18216	3896.0	8.37	3714.0	7.85
72940	9365.2	72.60113	10749.7	89.94383	22689.4	69.33413	4179.0	8.07	4155.0	7.51
72960	9593.1	73.63003	10821.9	93.00597	22389.5	69.10889	4129.0	8.38	4160.0	7.71
72980	9498.2	74.04411	10821.5	88.47795	22484.5	68.93390	4127.0	8.04	3845.0	7.63
73000	9653.0	72.63536	10949.7	91.08198	22201.4	66.50192	4180.0	8.26	4162.0	7.63
73020	9495.7	79.03774	10736.9	93.27409	22572.3	63.60447	4666.0	8.48	4120.0	8.13
73040	9887.5	80.27744	10604.6	87.89157	22312.3	64.65362	4949.0	8.19	3793.0	8.17
73060	10279.2	79.28429	10858.3	85.62878	21666.4	66.30751	5022.0	8.06	3609.0	8.13
73080	10122.6	83.99811	10447.7	87.74668	22234.4	65.86516	4932.0	8.25	3332.0	8.43
73100	10057.3	79.09453	10296.7	86.81389	22450.4	66.87919	4671.0	8.01	3213.0	7.99
73120	10111.3	79.19413	10512.5	85.82313	22180.4	65.29938	4655.0	7.99	3242.0	8.01
73140	10406.1	79.48812	10660.5	86.78671	21737.4	65.68327	4750.0	8.13	3262.0	8.16
73160	9910.4	78.82501	10745.8	91.24674	22148.4	66.51556	4493.0	8.42	3648.0	8.16
73180	9987.7	83.36459	10992.4	87.29183	21824.3	62.15697	4643.0	8.30	3406.0	8.47
73200	10274.5	84.13066	11057.3	86.69335	21472.3	62.63519	4539.0	8.32	3037.0	8.58
73220	10165.2	79.37409	10471.3	82.66216	22167.4	67.44040	4957.0	7.77	3273.0	7.99
73240	9896.3	77.52302	10246.7	85.27985	22661.5	70.57633	4450.0	7.88	3145.0	7.83
73260	9708.4	77.52855	10452.0	92.05335	22644.5	70.06586	4298.0	8.30	3643.0	7.96
73280	9408.2	73.07254	10294.1	90.98573	23102.5	71.85048	4146.0	8.08	3804.0	7.50
73300	9259.3	73.17180	10330.8	88.27630	23214.5	71.18463	3911.0	7.85	3452.0	7.43
73320	8888.7	74.62816	10663.8	90.69820	23252.4	70.76809	3268.0	8.06	3296.0	7.59
73340	8624.0	75.16016	11242.4	90.26994	22938.4	69.01068	3152.0	8.12	3522.0	7.68
73360	9034.7	75.19557	10726.0	94.28277	23044.4	68.88357	3332.0	8.37	3522.0	7.73
73380	9326.4	74.80288	10647.7	89.07826	22830.3	66.44048	3618.0	8.01	3258.0	7.63
73400	9267.3	73.21798	10505.0	92.12661	23032.4	68.28400	3459.0	8.17	3444.0	7.55
73420	9442.0	71.33385	10382.2	92.96130	22980.4	69.73516	3553.0	8.16	3402.0	7.43
73440	9125.3	71.93607	10614.9	91.81036	23064.5	70.78528	3448.0	8.13	3612.0	7.44
73460	8810.6	72.49212	10577.9	90.93273	23416.5	72.33497	3230.0	8.02	3408.0	7.42
73480	8993.3	71.24742	10740.6	88.99146	23070.4	70.00395	3406.0	7.90	3597.0	7.33
73500	8952.5	72.60168	10782.9	93.06641	23069.5	71.78821	3384.0	8.24	3835.0	7.51
73520	9090.1	69.13491	10607.8	90.22304	23106.4	70.03837	3413.0	7.93	3738.0	7.19
73540	8996.0	67.76668	10974.7	91.82216	22833.5	70.78692	3366.0	8.10	4272.0	7.17
73560	9083.4	72.62143	10814.9	93.26439	22906.5	71.40435	3312.0	8.30	3754.0	7.57
73580	9810.8	71.01458	10843.0	94.23934	22150.4	66.90641	3502.0	8.41	3636.0	7.57
73600	9760.8	70.49421	11002.7	92.51489	22040.4	66.79859	3244.0	8.29	3470.0	7.53
73620	9443.1	71.73328	10891.0	94.76834	22470.4	67.57576	3373.0	8.44	3733.0	7.60
73640	9280.3	72.76508	10753.1	94.91974	22771.4	67.38174	3502.0	8.40	3751.0	7.62
73660	9185.8	77.60006	10764.8	91.24763	22854.4	67.25797	3887.0	8.24	3550.0	7.92
73680	9427.3	73.97134	10490.6	86.30447	22886.4	67.86848	4110.0	7.83	3560.0	7.51
73700	9382.5	76.59082	10638.7	89.04659	22783.3	66.74172	4358.0	8.07	3819.0	7.78
73720	9223.5	74.66789	10691.9	92.47425	22889.3	66.66946	4045.0	8.27	3955.0	7.71
73740	9152.9	78.74680	11133.6	92.10878	22518.4	66.92575	3865.0	8.41	3830.0	8.07
73760	9358.8	79.58639	11073.3	86.66646	22372.3	65.27105	4672.0	8.08	4052.0	8.03
73780	9486.7	79.71656	10926.5	88.37376	22391.3	65.48399	4484.0	8.17	3907.0	8.07
73800	9445.7	79.27603	11051.5	89.26022	22307.4	65.78447	4800.0	8.24	4316.0	8.07
73820	9535.4	76.68092	10867.7	91.31609	22401.4	65.98055	4497.0	8.32	4132.0	7.91
73840	9480.4	76.34143	10637.9	91.36089	22686.5	70.64674	4653.0	8.29	4292.0	7.84
73860	9517.2	73.84694	11192.5	90.86766	22094.4	67.05087	4352.0	8.31	4475.0	7.76
73880	9610.2	74.68547	11278.8	96.18818	21915.4	65.93493	4101.0	8.73	4434.0	7.96
73900	9213.3	72.53028	11256.1	99.74951	22335.3	63.92645	4088.0	8.86	5076.0	7.76
73920	9408.9	68.94784	11571.8	98.94838	21823.4	64.81555	3995.0	8.84	5232.0	7.58
73940	9040.1	69.01661	11335.8	96.06267	22428.4	67.71605	4078.0	8.48	5196.0	7.39
73960	9620.8	69.27910	11533.7	96.07494	21649.4	66.03728	4133.0	8.64	4996.0	7.55
73980	8838.3	69.82546	11630.6	96.30286	22335.5	68.66044	3725.0	8.58	5216.0	7.48
74000	9420.6	65.65780	11307.8	95.98013	22075.5	68.36119	3481.0	8.45	4640.0	7.19
74020	9277.9	68.72236	11227.7	94.37473	22298.4	67.69261	3698.0	8.34	4498.0	7.37
74040	8972.2	69.96359	10949.8	92.53373	22882.4	67.31001	3830.0	8.16	4449.0	7.33
74060	8909.5	72.45829	10334.5	97.34443	23561.3	67.98660	3788.0	8.42	4334.0	7.49
74080	9019.6	73.98301	10763.5	100.54704	23022.3	65.75944	3727.0	8.78	4348.0	7.78
74100	9180.5	74.04707	10357.7	99.63344	23267.3	67.45722	3916.0	8.66	4238.0	7.73
74120	9455.1	71.99579	10521.5	98.40031	22828.3	66.96332	3707.0	8.61	4078.0	7.60
74140	9114.3	72.12269	10919.1	96.36041	22771.3	66.05225	3542.0	8.47	4151.0	7.58
74160	9288.2	72.57921	10947.9	95.00557	22568.3	65.69740	3489.0	8.45	3941.0	7.63
74180	9661.8	70.12377	10884.1	96.87789	22258.5	69.38370	3407.0	8.56	3822.0	7.53
74200	9308.0	70.09790	10974.0	95.65408	22522.4	67.97442	3314.0	8.46	4015.0	7.48
74220	9398.3	74.38652	11008.2	99.01821	22398.4	67.30031	3399.0	8.82	3864.0	7.91
74240	9018.3	71.41162	11346.8	96.07258	22439.4	66.97786	3219.0	8.52	4177.0	7.58
74260	9507.9	70.41032	11346.6	94.18566	21949.4	66.87249	3654.0	8.45	4336.0	7.55
74280	9506.1	72.57437	11491.5	93.16601	21806.4	65.46547	3426.0	8.47	3928.0	7.72
74300	9276.2	72.24530	11120.8	94.24587	22407.4	67.99333	3493.0	8.44	4011.0	7.63
74320	9184.5	74.61619	11603.6	95.48495	22016.4	66.17087	3553.0	8.67	4303.0	7.90
74340	9246.5	75.49869	11535.5	93.99260	22022.4	66.29260	3441.0	8.60	3836.0	7.96
74360	9239.6	76.01594	11423.4	90.95042	22141.4	65.64515	3554.0	8.37	3862.0	7.91
74380	9408.2	73.22783	11855.4	94.40701	21540.4	65.04513	3324.0	8.66	4130.0	7.86
74400	9171.4	73.23864	11464.7	95.71068	22168.3	64.58435	3380.0	8.65	4133.0	7.81
74420	9233.1	70.57734	11433.6	93.65633	22137.4	66.46993	3605.0	8.45	4385.0	7.56
74440	8950.7	75.39187	11542.7	96.76639	22311.4	65.93287	3654.0	8.71	4348.0	7.93
74460	9166.4	73.52150	11314.7	94.44610	22323.4	66.02302	3794.0	8.50	4349.0	7.74
74480	8977.9	77.85292	11476.6	94.00247	22350.3	65.35851	3634.0	8.55	4040.0	8.06
74500	9262.2	72.20573	10926.9	94.52647	22615.4	68.00045	3705.0	8.39	4116.0	7.58
74520	8759.9	75.91926	11229.7	93.45389	22815.4	67.30660	3750.0	8.41	4258.0	7.84
74540	9046.3	71.40315	11176.5	91.08621	22581.5	69.22671	3586.0	8.18	4081.0	7.47
74560	8457.0	74.39412	10925.7	92.19068	23422.4	70.52577	3685.0	8.19	4206.0	7.59
74580	8728.7	73.28694	10972.8	92.97351	23103.4	68.65382	3647.0	8.23	4242.0	7.55
74600	8960.6	74.04403	10887.7	91.32953	22956.4	69.16988	3938.0	8.16	4201.0	7.61
74620	9238.6	75.89941	10946.7	91.35813	22619.3	65.54600	4011.0	8.26	3996.0	7.80
74640	9446.5	77.27960	10751.9	92.66231	22606.4	67.32246	4009.0	8.38	3715.0	7.95
74660	9597.3	75.01554	11074.5	89.36816	22132.4	65.85305	3835.0	8.22	3664.0	7.80
74680	9756.0	73.28656	10926.6	90.77460	22121.5	68.13830	3658.0	8.23	3460.0	7.68
74700	9795.9	72.84864	10661.8	90.81459	22346.5	68.79523	3675.0	8.18	3354.0	7.61
74720	9536.4	76.52265	10337.2	93.38111	22931.3	67.35876	3816.0	8.34	3301.0	7.87
74740	9376.3	74.16790	10569.1	93.27496	22859.4	67.58063	3736.0	8.31	3516.0	7.72
74760	9201.7	76.65569	10673.0	93.88581	22930.4	68.47726	3553.0	8.39	3453.0	7.88
74780	9248.5	75.40101	10747.2	96.39133	22809.4	67.67252	3424.0	8.59	3572.0	7.88
74800	9479.0	70.63594	10089.4	93.18145	23236.3	68.25053	3253.0	8.13	3150.0	7.36
74820	9542.1	72.60314	10293.4	95.53858	22969.4	67.94436	3531.0	8.41	3455.0	7.61
74840	9521.2	74.16368	10851.0	94.76116	22432.6	72.76732	3414.0	8.50	3538.0	7.79
74860	9603.1	72.94585	10932.6	90.43844	22268.5	68.28348	3542.0	8.16	3407.0	7.62
74880	8992.7	75.65955	10958.6	90.57724	22853.4	69.73338	3246.0	8.16	3306.0	7.75
74900	8828.7	74.31647	10643.8	89.96076	23332.4	71.41714	3358.0	8.00	3451.0	7.53
74920	9232.7	77.68638	10761.1	95.21123	22811.3	64.70980	3568.0	8.56	3583.0	7.99
74940	9473.5	76.79907	11152.3	88.45253	22178.4	65.43675	3846.0	8.16	3464.0	7.88
74960	9466.5	76.99226	11172.5	90.95016	22165.4	65.23195	3586.0	8.35	3495.0	7.95
74980	9118.7	75.92020	11218.8	94.91719	22467.4	67.64236	3288.0	8.56	3656.0	7.94
75000	9550.1	73.06978	11132.9	95.63111	22121.4	65.44414	3110.0	8.58	3434.0	7.77
75020	8707.8	74.06735	11283.5	91.95560	22813.4	67.13124	2906.0	8.24	3532.0	7.63
75040	9154.4	73.06075	11432.4	90.99968	22217.4	67.60990	3201.0	8.25	3746.0	7.63
75060	8981.4	71.88327	11344.8	96.72674	22478.4	68.31972	3256.0	8.60	4223.0	7.64
75080	9146.4	73.74488	11422.5	93.14048	22235.5	68.19722	3528.0	8.41	4034.0	7.76
75100	9374.4	74.67273	11205.8	95.28681	22224.3	65.20452	3726.0	8.60	4253.0	7.84
75120	9151.6	75.76780	11582.6	95.22271	22070.3	64.27960	3819.0	8.64	4476.0	7.96
75140	9416.2	73.36845	11399.6	94.34877	21988.4	66.14913	3705.0	8.54	4175.0	7.79
75160	8900.1	79.47542	12021.3	95.21440	21883.4	65.99854	3702.0	8.81	4525.0	8.29
75180	8934.8	76.19452	11278.7	94.97681	22591.4	66.70369	3798.0	8.55	4337.0	7.90
75200	9165.3	72.76505	11358.5	91.95539	22280.4	66.70246	3458.0	8.31	3888.0	7.66
75220	9312.4	74.03471	11342.3	89.76687	22149.3	65.05067	3283.0	8.19	3452.0	7.72
75240	9085.0	79.38510	11308.3	89.13226	22411.4	67.43054	3787.0	8.25	3652.0	8.08
75260	9232.0	80.85454	11236.3	88.36307	22336.3	64.34903	4030.0	8.22	3686.0	8.18
75280	9035.9	77.64385	11132.6	91.32386	22636.4	66.74100	3795.0	8.32	3885.0	7.95
75300	8907.0	77.48136	10894.1	96.21871	23004.3	66.61355	4012.0	8.54	4311.0	7.95
75320	9143.4	72.62134	11242.0	98.06983	22419.5	68.85934	3536.0	8.71	4395.0	7.74
75340	8874.7	73.86220	11102.2	99.74801	22828.4	68.72128	3743.0	8.79	4682.0	7.79
75360	9039.5	73.21537	11273.6	93.25383	22491.4	67.10520	3879.0	8.36	4547.0	7.62
75380	9153.5	74.90827	11243.9	96.42043	22407.4	67.54024	3721.0	8.64	4359.0	7.86
75400	9366.9	68.62450	11192.0	97.71250	22245.3	65.02202	3454.0	8.64	4438.0	7.46
75420	9420.1	72.04639	11197.0	97.64926	22187.3	64.45888	3718.0	8.71	4365.0	7.74
75440	9287.3	73.43363	11434.8	97.08835	22082.4	66.47822	3417.0	8.73	4331.0	7.80
75460	9329.3	73.58927	11296.8	96.18602	22178.3	64.36366	3782.0	8.66	4332.0	7.82
75480	9102.4	72.38497	11227.8	94.97820	22474.5	68.94496	3523.0	8.47	4207.0	7.64
75500	9027.7	75.45980	10962.2	98.21674	22815.3	66.39245	3917.0	8.71	4520.0	7.85
75520	8785.7	73.35613	11339.8	95.85139	22679.4	68.32536	3786.0	8.56	4802.0	7.72
75540	8565.5	69.39077	11743.5	96.08052	22495.4	68.03723	2970.0	8.47	4567.0	7.39
75560	8703.9	74.62459	11586.6	96.25422	22514.4	67.07559	3400.0	8.66	4552.0	7.81
75580	8619.8	73.63525	12049.0	90.21682	22135.5	67.83298	3484.0	8.26	4617.0	7.66
75600	8559.8	73.16559	11396.5	92.39380	22848.4	69.42500	3374.0	8.26	4293.0	7.55
75620	8589.7	72.47461	11654.4	93.06666	22560.4	68.01969	3189.0	8.37	4383.0	7.58
75640	8980.4	72.20177	11540.8	98.15417	22283.4	66.15964	3123.0	8.72	4281.0	7.71
75660	8664.9	74.49098	11571.7	96.40325	22568.4	66.33551	3140.0	8.62	4278.0	7.78
75680	8809.5	72.14610	11322.6	93.95292	22672.3	65.89538	3290.0	8.37	4305.0	7.55
75700	8755.5	71.17507	11429.6	94.49990	22619.3	65.89650	3390.0	8.38	4451.0	7.48
75720	9403.1	71.96063	11541.8	98.56316	21859.4	65.75683	3610.0	8.82	4529.0	7.77
75740	9322.0	69.86200	11245.6	92.98359	22236.3	64.33413	3616.0	8.34	4295.0	7.46
75760	9400.8	68.64625	10476.6	99.38361	22927.4	68.04192	3561.0	8.57	4273.0	7.38
75780	9177.8	66.13731	10501.5	98.63425	23125.4	68.91747	3559.0	8.44	4662.0	7.09
75800	8848.1	67.59844	10672.5	99.48024	23284.5	71.56916	3251.0	8.49	4452.0	7.21
75820	8789.0	66.05269	11007.3	100.66981	23008.4	69.24646	3148.0	8.58	4811.0	7.15
75840	8759.1	66.43895	11031.2	99.86808	23014.4	70.44395	3139.0	8.58	4805.0	7.17
75860	8921.9	66.14160	11240.1	99.30551	22642.5	71.63164	2837.0	8.58	4463.0	7.19
75880	8381.4	66.61060	11763.7	99.16483	22659.5	70.83042	2582.0	8.58	4769.0	7.17
75900	8382.3	65.54049	11326.0	98.66384	23096.5	72.38689	2507.0	8.44	4645.0	7.03
75920	8255.2	64.27538	11425.9	98.75858	23123.5	72.37483	2228.0	8.41	4602.0	6.91
75940	8439.3	66.47775	11158.3	101.40176	23207.5	71.19575	2574.0	8.62	4641.0	7.14
75960	8259.4	65.92337	11285.1	99.53167	23260.4	70.44976	2484.0	8.48	4694.0	7.05
75980	8320.4	66.98076	11200.5	105.56967	23284.4	69.81080	2435.0	8.87	4754.0	7.22
76000	8547.1	65.46020	11380.5	107.02521	22877.4	68.95010	2301.0	9.03	4668.0	7.23
76020	8478.8	61.73818	11467.4	106.68388	22858.4	67.79672	2155.0	8.91	5023.0	6.91
76040	8260.2	63.72540	11710.1	103.66372	22834.4	69.85587	2026.0	8.77	4779.0	7.02
76060	8122.4	64.74968	11618.3	106.02953	23064.4	70.61959	2033.0	8.86	4880.0	7.07
76080	8408.1	64.36075	11107.6	105.81453	23289.4	70.78751	2384.0	8.86	4812.0	7.06
76100	8282.1	63.54101	11017.6	104.36616	23505.4	70.64842	2561.0	8.67	5046.0	6.91
76120	8720.8	63.35321	11526.6	95.72999	22556.3	65.98966	2476.0	8.28	4319.0	6.91
76140	8344.6	68.43709	11458.3	104.89949	23002.4	68.38620	2860.0	8.97	5071.0	7.41
76160	8535.0	64.34209	11405.3	104.57595	22864.4	67.75899	2917.0	8.87	5326.0	7.10
76180	8519.9	62.87029	11472.6	109.21297	22812.3	65.71406	2621.0	9.15	5489.0	7.07
76200	8615.5	59.07892	11903.1	106.32575	22285.4	68.02451	2313.0	8.90	5462.0	6.76
76220	8522.5	58.22758	12305.1	108.96744	21976.5	68.33027	1925.0	9.14	5634.0	6.75
76240	8283.5	57.01090	12223.1	108.57492	22297.5	68.87701	2124.0	9.02	6019.0	6.60
76260	8083.6	56.38606	12360.7	118.43482	22360.4	67.05445	1875.0	9.67	6587.0	6.68
76280	8240.4	56.08274	12876.0	112.66838	21687.4	64.69789	1937.0	9.40	6528.0	6.64
76300	8405.3	56.16787	12322.4	113.63426	22076.5	68.51462	2135.0	9.40	6320.0	6.65
76320	8461.5	58.50869	12327.8	120.38256	22015.5	67.67873	2191.0	9.92	6525.0	6.94
76340	8630.2	56.66074	12616.4	116.92151	21557.5	67.22844	2166.0	9.69	6456.0	6.77
76360	8679.0	54.57900	12579.4	115.78751	21545.4	65.34970	1972.0	9.61	6418.0	6.60
76380	8706.1	55.76408	12681.5	119.33210	21416.4	64.36781	2106.0	9.88	6610.0	6.75
76400	8661.2	56.02203	13031.1	115.91843	21111.4	62.72303	2151.0	9.79	6729.0	6.80
76420	8425.5	57.48325	12434.2	127.48716	21945.4	64.89264	2295.0	10.35	7057.0	6.95
76440	8410.5	57.84887	12813.0	127.62403	21581.3	61.47157	2204.0	10.46	7140.0	7.02
76460	8821.2	57.57820	12997.3	118.55264	20985.4	62.08690	1998.0	10.02	6429.0	6.99
76480	8658.3	57.07972	13578.0	119.00117	20567.3	57.92851	2106.0	10.13	6850.0	7.01
76500	8711.1	55.65509	13350.2	120.72358	20742.3	59.36470	2021.0	10.19	6904.0	6.88
76520	8673.1	55.34093	13234.2	119.29592	20896.2	58.74676	2341.0	10.00	7101.0	6.80
76540	8616.0	53.87062	13767.6	114.38607	20419.3	59.94145	2211.0	9.80	7115.0	6.70
76560	8637.1	55.29698	13873.0	121.16421	20293.3	57.17997	2262.0	10.28	7405.0	6.90
76580	8743.1	56.28169	13791.0	120.63198	20269.4	60.60728	2377.0	10.32	7264.0	7.03
76600	8497.1	53.87801	14168.6	116.28356	20137.3	57.75960	2145.0	9.98	7437.0	6.74
76620	8860.1	56.04873	14319.3	112.53235	19623.3	57.29894	2274.0	9.95	7084.0	6.99
76640	8735.3	57.47483	13582.1	119.81083	20486.4	62.75823	2276.0	10.22	6955.0	7.07
76660	8561.1	54.95843	13471.3	122.35722	20771.3	58.86392	2159.0	10.26	7303.0	6.82
76680	8595.0	53.46864	13642.2	122.89881	20566.3	60.18124	2271.0	10.28	7534.0	6.73
76700	8755.9	53.78060	13580.1	120.41426	20467.4	60.43005	2232.0	10.17	7268.0	6.74
76720	8538.1	54.92381	13699.0	120.15998	20566.3	60.39627	1835.0	10.17	7022.0	6.82
76740	8402.0	52.67764	13525.3	122.82114	20876.4	63.36136	2069.0	10.16	7535.0	6.60
76760	8436.1	53.83465	13418.4	124.68431	20949.4	64.11750	1966.0	10.35	7462.0	6.73
76780	8403.3	55.65939	13469.3	122.93138	20931.3	59.61014	2119.0	10.31	7379.0	6.88
76800	8329.2	54.63599	13147.6	124.23144	21327.4	63.25181	2036.0	10.19	7266.0	6.74
76820	8452.9	52.15195	13184.0	115.20165	21166.4	62.42722	1860.0	9.53	6857.0	6.40
76840	8454.1	54.25799	13150.5	123.26196	21199.4	63.28995	1944.0	10.17	7087.0	6.70
76860	8229.2	53.35881	12891.5	120.37115	21683.3	63.44191	2333.0	9.86	7393.0	6.55
76880	8452.0	53.23089	13268.6	126.53328	21083.3	61.89867	2203.0	10.36	7678.0	6.67
76900	8391.1	53.07486	13266.6	125.90856	21146.3	61.40605	2218.0	10.35	7606.0	6.66
76920	8400.8	50.44217	13859.3	126.03333	20543.4	60.77420	2066.0	10.42	8098.0	6.46
76940	8032.0	50.17784	13823.2	124.05032	20948.4	63.83968	2323.0	10.13	8514.0	6.35
76960	8472.9	52.08207	13702.3	125.63834	20628.4	60.80546	2048.0	10.40	7732.0	6.60
76980	8622.7	50.69270	13515.3	123.69083	20665.4	62.46986	2121.0	10.23	7619.0	6.46
77000	8304.2	53.71102	13607.3	124.30293	20892.4	61.68071	2334.0	10.30	7870.0	6.71
77020	8313.1	52.96985	13648.5	127.62566	20842.3	60.44256	2354.0	10.50	8024.0	6.70
77040	8203.2	53.79881	13924.0	122.15519	20676.3	60.50153	2165.0	10.24	7842.0	6.71
77060	8355.2	54.65036	13880.2	124.60131	20568.3	59.65426	2236.0	10.46	7881.0	6.86
77080	8438.2	55.40055	13871.1	123.92353	20494.3	58.79766	2234.0	10.48	7733.0	6.94
77100	8451.0	53.31501	13944.7	117.48889	20407.3	59.06697	2325.0	10.00	7656.0	6.68
77120	8578.7	50.68569	13731.2	123.60342	20493.3	59.19792	2301.0	10.23	7845.0	6.49
77140	8454.2	55.12605	14073.9	121.25993	20275.3	59.04952	2257.0	10.30	7638.0	6.88
77160	8481.0	52.96966	14224.8	121.42759	20097.4	59.99515	2148.0	10.30	7822.0	6.73
77180	8393.0	52.91664	14027.0	121.97976	20383.3	59.09314	1851.0	10.26	7597.0	6.67
77200	7830.5	53.59096	14008.0	123.34650	20965.2	57.79860	1446.0	10.23	7524.0	6.64
77220	7982.4	54.07926	14165.2	126.73263	20656.3	59.59970	1567.0	10.50	7640.0	6.77
77240	8128.0	50.86096	14070.9	121.75313	20604.3	59.88202	1396.0	10.11	7587.0	6.43
77260	8023.0	50.10651	14055.0	123.23689	20725.4	61.47966	1346.0	10.11	7632.0	6.34
77280	7785.2	50.29813	14232.2	127.98735	20786.4	62.39666	1200.0	10.44	7887.0	6.40
77300	8224.9	50.08934	14123.1	125.67837	20455.4	61.12665	1428.0	10.38	7778.0	6.42
77320	7849.2	50.69367	14074.4	130.47299	20880.4	61.74915	1657.0	10.57	8328.0	6.47
77340	7976.2	51.46503	14106.8	119.68221	20720.4	62.09210	1989.0	9.91	8057.0	6.43
77360	8027.1	51.38829	14233.8	121.24535	20542.3	60.07789	1692.0	10.11	7939.0	6.48
77380	7817.6	54.51897	14096.9	121.29870	20889.3	61.35637	1634.0	10.11	7641.0	6.69
77400	8113.3	53.31645	13876.3	126.24585	20814.4	61.81334	1515.0	10.45	7566.0	6.71
77420	8121.1	51.71212	13573.5	126.68228	21109.4	63.03608	1489.0	10.30	7490.0	6.48
77440	8030.1	51.71217	13474.5	125.90102	21299.4	64.30682	1507.0	10.23	7560.0	6.47
77460	8155.3	53.79396	13257.8	128.88847	21391.3	62.71990	1491.0	10.49	7225.0	6.69
77480	8154.2	53.25015	13128.4	121.14370	21521.4	63.48103	1666.0	9.93	6992.0	6.57
77500	8492.9	52.52785	13125.7	126.47655	21185.3	62.07418	1621.0	10.27	7116.0	6.57
77520	7991.4	53.53322	13478.6	127.47430	21334.3	60.83683	1410.0	10.42	7348.0	6.66
77540	7860.5	54.37884	13184.7	127.47673	21759.3	62.25981	1332.0	10.32	7249.0	6.67
77560	7971.2	51.48285	13211.8	128.36885	21621.4	63.96783	1300.0	10.25	7331.0	6.44
77580	8218.2	53.12575	13286.6	125.98532	21299.3	62.01656	1205.0	10.29	6852.0	6.62
77600	7716.9	57.19489	13488.5	126.62528	21599.3	61.25384	1196.0	10.39	6951.0	6.93
77620	8298.3	54.67451	13294.3	121.86154	21211.2	59.20499	1123.0	10.09	6421.0	6.73
77640	8421.9	51.83051	13494.7	129.35541	20887.3	59.38350	980.0	10.52	6810.0	6.60
77660	8094.9	49.26076	13293.6	126.60582	21415.3	60.53998	933.0	10.13	7058.0	6.26
77680	7529.5	51.56336	13674.0	137.31129	21601.2	60.47397	813.0	10.89	7823.0	6.52
77700	7816.2	50.71726	13829.1	139.22953	21159.3	61.05752	949.0	11.06	7875.0	6.52
77720	8296.6	48.05572	14117.5	132.17981	20389.3	58.74490	896.0	10.75	7457.0	6.34
77740	7855.1	50.28131	14026.7	134.17413	20922.3	59.91393	899.0	10.83	7808.0	6.49
77760	7306.3	48.52797	14219.4	131.80894	21278.3	61.50440	895.0	10.46	8244.0	6.19
77780	7478.4	50.44428	14126.5	133.24992	21199.4	62.85538	761.0	10.59	7817.0	6.40
77800	7995.9	48.86988	14111.5	132.34351	20696.3	59.81470	775.0	10.65	7580.0	6.33
77820	8093.8	48.39513	13983.8	136.44410	20726.2	58.09137	1001.0	10.91	7856.0	6.33
77840	7527.2	48.94754	14495.2	130.70489	20781.3	58.85206	792.0	10.55	8121.0	6.28
77860	7499.2	49.08008	14092.6	133.68773	21212.3	61.17243	957.0	10.67	8208.0	6.28
77880	7312.5	49.90831	14035.7	134.26020	21456.4	64.42819	860.0	10.64	8168.0	6.32
77900	7624.8	46.05947	13646.8	132.95106	21532.4	64.61676	901.0	10.36	8140.0	5.96
77920	7564.0	47.51583	13933.6	132.83052	21306.4	63.05515	805.0	10.51	8017.0	6.14
77940	7402.2	47.77131	13518.8	131.32432	21883.4	64.89307	831.0	10.27	8064.0	6.05
77960	7473.3	49.27630	13706.4	126.59816	21624.4	63.65265	957.0	10.11	7820.0	6.19
77980	7545.6	52.61990	13763.6	130.57925	21495.4	64.52627	1003.0	10.47	7671.0	6.52
78000	7768.6	54.00101	13979.5	130.47193	21056.4	62.04152	1019.0	10.65	7349.0	6.77
78020	8293.8	50.29735	13680.5	128.66756	20829.4	62.29308	999.0	10.40	7144.0	6.41
78040	8180.0	51.62666	13411.8	130.96904	21212.4	62.74819	1217.0	10.54	7318.0	6.52
78060	8023.1	51.23653	13290.4	123.04685	21490.4	64.21178	1207.0	9.98	7040.0	6.39
78080	7766.3	51.14044	13225.4	121.97489	21812.4	65.16180	1239.0	9.80	7186.0	6.26
78100	7654.3	50.85522	13211.1	118.00399	21938.5	68.31070	1208.0	9.52	7111.0	6.21
78120	7780.2	50.97539	12622.8	123.22355	22401.5	69.27811	1356.0	9.72	7214.0	6.21
78140	8168.2	53.41741	12684.8	123.07157	21951.4	64.95033	1418.0	9.92	6656.0	6.53
78160	8505.0	53.29051	12799.4	118.67794	21499.6	68.87729	1515.0	9.72	6311.0	6.52
78180	8266.1	52.92471	12371.8	121.28024	22166.4	67.83679	1385.0	9.74	6422.0	6.42
78200	7988.1	51.10316	12078.0	120.91291	22738.4	68.17462	1391.0	9.53	6704.0	6.19
78220	7963.2	51.97233	11866.1	120.29825	22975.5	70.77396	1419.0	9.46	6594.0	6.23
78240	7815.3	51.49283	12123.1	122.50338	22866.4	69.19132	1406.0	9.63	6924.0	6.22
78260	7904.4	53.61389	12271.2	125.57959	22629.5	70.27323	1507.0	9.93	6930.0	6.46
78280	7942.0	50.04262	12157.9	119.88396	22704.5	71.18697	1330.0	9.42	6807.0	6.05
78300	7662.6	54.08210	12257.9	121.48890	22884.4	69.46239	1242.0	9.64	6494.0	6.44
78320	7872.6	55.39675	12291.9	120.71309	22640.4	67.58768	1039.0	9.67	6052.0	6.58
78340	7915.9	57.97753	12530.6	118.43279	22358.4	66.99722	1050.0	9.69	5895.0	6.79
78360	7622.5	52.81651	12240.7	117.26614	22941.5	71.12560	1092.0	9.30	6408.0	6.24
78380	7643.7	54.45350	12039.0	119.74723	23122.4	69.59695	1103.0	9.49	6217.0	6.43
78400	8069.1	51.51317	12270.6	115.91294	22464.5	69.20328	1120.0	9.31	6093.0	6.22
78420	7921.6	55.86468	12637.3	114.96756	22245.4	67.65414	1065.0	9.38	5907.0	6.57
78440	7902.1	59.81273	12412.8	120.64203	22490.4	66.88077	1264.0	9.85	5897.0	6.98
78460	7918.9	58.57703	12522.5	117.97180	22363.4	66.76632	1273.0	9.66	5892.0	6.86
78480	7775.9	57.02031	12631.3	115.45622	22397.4	67.96346	1261.0	9.43	6108.0	6.65
78500	7653.8	55.88509	12801.1	113.27216	22349.5	68.91095	1127.0	9.28	6116.0	6.54
78520	8323.6	58.15483	12108.6	114.80673	22372.4	65.95121	1431.0	9.46	5503.0	6.79
78540	8438.8	61.08617	12573.1	111.64277	21792.4	64.07569	1373.0	9.47	5200.0	7.07
78560	8659.4	57.98750	11917.5	112.36112	22227.4	66.98707	1567.0	9.28	5208.0	6.76
78580	8319.5	56.71930	12310.9	105.94944	22173.4	66.08287	1726.0	8.89	5486.0	6.58
78600	8484.7	60.07551	12377.5	115.48666	21942.5	67.28630	1644.0	9.62	5559.0	7.00
78620	8588.6	59.93747	11861.8	115.96654	22354.3	64.86380	1822.0	9.60	5494.0	6.97
78640	8178.1	61.87963	11823.1	119.73366	22804.3	66.03164	1717.0	9.80	5560.0	7.14
78660	7951.2	61.42362	11844.8	115.13063	23009.4	68.52594	1708.0	9.42	5639.0	6.96
78680	8045.0	60.68726	12036.8	117.83211	22723.4	67.96638	1743.0	9.62	5784.0	6.98
78700	8289.8	59.74860	11654.5	109.50334	22860.3	67.16149	1865.0	9.08	5416.0	6.77
78720	8079.9	60.00845	11814.4	109.63491	22910.3	65.21364	1640.0	9.04	5350.0	6.77
78740	7951.3	62.46998	12148.3	110.46302	22705.4	67.07201	1557.0	9.19	5160.0	7.02
78760	8151.5	65.83274	11836.6	111.99263	22817.3	66.59953	1679.0	9.42	4875.0	7.32
78780	7982.0	60.27659	11984.3	109.52319	22838.4	67.28144	1507.0	9.06	5346.0	6.80
78800	8053.5	64.97905	11918.7	114.79046	22833.4	67.96229	1548.0	9.52	5038.0	7.28
78820	8084.9	59.90569	11785.2	106.63306	22934.3	66.36508	1664.0	8.82	5202.0	6.70
78840	8038.0	60.71321	11976.1	106.91235	22790.4	67.33941	1784.0	8.94	5305.0	6.83
78860	8220.0	61.31830	12052.9	104.60856	22531.5	69.72231	1696.0	8.84	4902.0	6.88
78880	7880.2	61.21019	11577.7	110.97652	23347.4	69.42051	1864.0	9.07	5435.0	6.84
78900	7826.1	60.15815	11542.3	105.96265	23436.4	69.92181	1806.0	8.72	5211.0	6.66
78920	7782.4	62.01368	11509.6	109.15761	23513.5	72.04056	1905.0	8.95	5456.0	6.84
78940	7461.7	62.86572	11559.4	106.90493	23784.4	71.65799	1826.0	8.76	5226.0	6.83
78960	7765.4	62.41677	11639.2	104.13539	23400.4	69.85656	1862.0	8.65	5183.0	6.82
78980	7914.3	61.96460	11593.2	104.07301	23297.4	71.07143	1936.0	8.69	5134.0	6.82
79000	8157.0	61.38656	11751.4	108.12363	22896.4	69.59565	2153.0	8.96	5520.0	6.86
79020	8114.9	59.79013	11971.2	107.63841	22718.4	67.58161	1842.0	8.94	5476.0	6.76
79040	8062.0	60.26294	11911.0	103.81969	22831.4	68.74665	2010.0	8.73	5358.0	6.72
79060	7996.4	63.90792	11933.4	110.75735	22875.4	69.43012	1848.0	9.28	5287.0	7.17
79080	8536.7	60.59334	12103.0	106.27264	22164.4	66.59086	2122.0	9.00	5431.0	6.89
79100	8828.7	63.36053	11329.2	115.65254	22647.3	65.62148	2229.0	9.60	5122.0	7.22
79120	8408.2	64.92473	12242.2	110.08911	22154.3	64.57462	1835.0	9.41	5061.0	7.33
79140	8133.4	65.29694	11727.7	113.11155	22944.3	65.44709	1913.0	9.44	5231.0	7.29
79160	8042.3	63.24469	11981.4	111.11887	22781.3	65.14769	1715.0	9.29	5271.0	7.11
79180	8307.9	61.10536	11785.4	109.08622	22711.3	65.80218	1801.0	9.09	5075.0	6.92
79200	8647.8	62.87420	11635.5	108.92446	22521.4	67.16142	2041.0	9.17	4908.0	7.08
79220	8545.2	66.36172	11740.4	108.73197	22519.4	68.84717	1942.0	9.25	4588.0	7.37
79240	8771.5	60.53926	11911.2	107.58827	22121.3	64.29389	1909.0	9.08	5003.0	6.91
79260	9065.4	61.14724	11341.7	109.61716	22397.3	64.79846	2090.0	9.16	4645.0	6.99
79280	8960.5	61.69553	11351.6	108.22388	22492.4	68.09488	2068.0	9.10	4685.0	7.00
79300	8574.5	59.37240	11637.6	110.24683	22592.4	66.65247	2034.0	9.13	5331.0	6.79
79320	8464.9	62.72735	11535.8	112.47550	22804.3	64.88475	2089.0	9.38	5256.0	7.08
79340	8464.8	61.67563	11699.5	110.31119	22640.4	67.05271	2032.0	9.19	5223.0	6.98
79360	8675.6	60.32392	11803.3	107.71438	22325.3	64.64353	2137.0	9.04	5252.0	6.87
79380	8856.4	59.26759	11626.7	111.24632	22321.4	68.09976	1944.0	9.20	5106.0	6.83
79400	8801.5	61.05328	10946.3	113.11678	23057.4	70.17808	2134.0	9.24	4961.0	6.94
79420	8105.8	58.73719	11759.4	108.72906	22939.4	70.13766	2003.0	8.96	5615.0	6.67
79440	8268.8	60.34915	11823.3	108.62305	22712.5	70.79051	2058.0	9.03	5574.0	6.81
79460	8498.7	60.23114	11887.2	107.72200	22418.4	68.50115	1884.0	9.04	5189.0	6.86
79480	8698.4	59.25887	12027.2	108.20907	22078.4	67.25860	2027.0	9.11	5350.0	6.84
79500	8452.9	62.29619	11907.6	113.58820	22444.3	65.20904	1935.0	9.45	5320.0	7.11
79520	8294.9	61.57022	12171.1	108.24839	22338.3	65.17114	1714.0	9.15	5170.0	6.99
79540	8098.2	62.48974	12496.0	109.15791	22210.5	68.39042	1822.0	9.25	5563.0	7.07
79560	8203.3	64.47526	12351.4	114.99772	22250.4	66.86344	2103.0	9.70	5781.0	7.33
79580	7962.1	60.38728	12356.4	114.82040	22486.3	64.76687	1840.0	9.47	5978.0	6.96
79600	8127.9	60.24187	12693.4	117.93730	21983.3	64.37335	1668.0	9.83	6118.0	7.06
79620	7831.8	56.46218	12809.4	119.30620	22163.3	63.16937	1525.0	9.77	6586.0	6.73
79640	8320.3	54.83878	12528.3	113.95483	21955.4	64.85514	1455.0	9.38	6022.0	6.54
79660	8407.7	59.44233	12711.1	113.11733	21685.3	62.79315	1688.0	9.52	5729.0	6.97
79680	8376.8	60.43616	12367.8	120.69227	22060.3	63.97806	1640.0	10.00	5817.0	7.14
79700	8211.8	59.39920	12937.7	125.04098	21655.3	62.24678	1413.0	10.31	6323.0	7.10
79720	8014.7	57.59213	12982.3	118.92241	21807.2	61.06182	1392.0	9.89	6427.0	6.84
79740	8346.6	58.84629	12891.5	120.34486	21566.3	61.00755	1598.0	10.01	6227.0	7.02
79760	7953.9	58.99332	12283.5	115.83380	22567.3	65.72979	1739.0	9.48	6145.0	6.79
79780	8013.8	57.85073	12573.7	120.54930	22217.4	65.52826	1435.0	9.87	6258.0	6.85
79800	8017.5	55.30866	12705.3	115.32564	22081.4	66.10797	1514.0	9.45	6267.0	6.57
79820	7776.9	57.45024	12659.8	124.07258	22368.5	69.05403	1415.0	10.04	6590.0	6.83
79840	7958.7	56.88806	13069.2	117.67231	21776.4	65.00252	1454.0	9.75	6525.0	6.78
79860	8086.8	59.01372	12954.4	120.46193	21763.4	65.05753	1610.0	9.95	6360.0	6.99
79880	8125.1	61.68670	12988.4	120.55486	21691.4	64.84351	1408.0	10.12	5981.0	7.25
79900	8144.9	59.87296	13241.7	111.26265	21417.4	64.99976	1388.0	9.50	5788.0	6.99
79920	8044.8	57.95442	13241.6	110.02063	21517.4	64.21595	1243.0	9.33	5790.0	6.79
79940	7984.5	55.34225	12828.3	116.43519	21991.4	66.79594	1511.0	9.54	6448.0	6.58
79960	8072.5	55.37897	12565.2	112.58019	22166.4	66.65643	1732.0	9.25	6368.0	6.50
79980	8060.6	55.99460	12948.2	116.69934	21795.4	64.76191	1510.0	9.67	6476.0	6.68
80000	7854.0	58.69945	12742.5	119.46671	22208.4	65.98019	1476.0	9.82	6316.0	6.90
80020	8169.5	55.82336	13001.9	112.62655	21632.4	64.17759	1440.0	9.41	6139.0	6.64
80040	8457.4	56.72491	12909.1	114.99216	21437.4	63.84033	1653.0	9.65	6039.0	6.83
80060	8501.2	55.06950	13004.2	117.73204	21298.4	65.11520	1407.0	9.80	6153.0	6.71
80080	8339.2	54.37301	13152.4	121.08095	21312.5	66.99109	1222.0	9.99	6391.0	6.68
80100	8108.6	57.13298	12811.3	117.11443	21884.4	66.27255	1539.0	9.66	6343.0	6.76
80120	7779.9	57.13439	12772.1	113.68284	22252.4	66.39608	1524.0	9.36	6430.0	6.65
80140	8137.3	54.19315	12981.8	110.55068	21684.4	63.97035	1364.0	9.21	6130.0	6.47
80160	8269.5	56.44840	12696.0	111.85387	21838.4	65.50821	1457.0	9.32	5791.0	6.65
80180	8408.7	59.64411	12300.1	109.17101	22095.4	66.47129	1791.0	9.15	5410.0	6.85
80200	8440.6	59.20635	12614.7	105.51803	21748.5	68.27895	1760.0	9.01	5441.0	6.83
80220	8659.6	60.33714	12708.8	107.72024	21435.4	65.03082	1600.0	9.28	5143.0	7.03
80240	8569.6	60.25792	12351.8	104.53523	21882.5	69.28576	1896.0	8.95	5187.0	6.90
80260	8237.2	64.32464	12240.9	106.09689	22326.4	66.05572	1982.0	9.08	5175.0	7.18
80280	8315.7	59.70892	12304.8	103.98519	22183.5	68.58540	2207.0	8.79	5642.0	6.76
80300	8014.0	59.85472	12251.3	111.12354	22539.4	68.56950	2189.0	9.25	6212.0	6.86
80320	8300.7	59.54507	12451.0	109.54459	22052.5	68.51322	2205.0	9.21	5995.0	6.87
80340	8059.2	62.10377	12335.4	113.99794	22410.5	68.92913	2156.0	9.52	6134.0	7.11
80360	8055.8	57.98898	12109.7	116.37591	22639.4	68.77677	2053.0	9.44	6290.0	6.72
80380	7925.9	58.81647	12391.6	118.05683	22487.4	66.41339	1954.0	9.67	6505.0	6.86
80400	8341.6	58.04030	12471.3	114.46550	21991.4	64.63609	2213.0	9.50	6405.0	6.80
80420	8110.8	58.56597	12869.0	112.64142	21824.4	64.30369	2109.0	9.48	6494.0	6.88
80440	7997.9	59.10027	13143.6	109.20600	21662.4	65.54294	2020.0	9.29	6402.0	6.86
80460	8362.8	60.88183	12894.7	107.72991	21546.4	64.66303	2077.0	9.27	5825.0	7.04
80480	8408.7	60.40199	12883.7	108.17331	21511.5	67.00760	2163.0	9.29	5933.0	7.00
80500	8608.5	59.39671	12272.2	109.90783	21923.5	67.29111	2477.0	9.25	6033.0	6.89
80520	8715.3	58.07373	12353.2	110.43829	21735.4	64.02419	2529.0	9.28	6185.0	6.80
80540	8273.8	60.35213	12482.2	112.29605	22048.4	66.13818	2261.0	9.44	6193.0	6.99
80560	8172.0	61.76920	12357.3	112.73865	22275.4	66.06873	2266.0	9.46	6110.0	7.07
80580	8480.5	58.57219	12214.1	108.81880	22109.4	67.49077	2483.0	9.12	6065.0	6.78
80600	8634.3	57.48577	11474.0	115.00494	22696.4	67.78459	2452.0	9.38	6083.0	6.70
80620	8440.2	55.23546	11842.7	113.65077	22521.4	67.64850	2116.0	9.24	6201.0	6.51
80640	8355.4	56.41573	12082.6	114.61601	22366.4	66.92070	2365.0	9.39	6461.0	6.64
80660	8129.8	58.79459	12200.3	110.74277	22474.5	70.74466	2164.0	9.16	6097.0	6.75
80680	8345.6	58.86510	11890.4	110.47185	22568.4	67.43435	2269.0	9.17	5914.0	6.77
80700	8502.7	60.76449	11881.6	112.85103	22420.4	67.37556	2408.0	9.38	5867.0	6.96
80720	8450.7	60.00764	11470.7	110.56758	22883.4	68.34945	2209.0	9.13	5556.0	6.82
80740	8597.5	58.63202	11416.1	115.05104	22791.5	70.08719	1971.0	9.38	5453.0	6.79
80760	8224.8	59.16758	11743.5	110.79139	22836.4	69.57611	1915.0	9.10	5519.0	6.72
80780	8473.4	57.41317	11982.7	115.17829	22348.3	64.52247	2029.0	9.45	5978.0	6.72
80800	8412.6	58.68728	11918.8	115.67236	22473.3	65.69488	2040.0	9.52	6071.0	6.83
80820	8328.3	55.26303	12253.2	109.68335	22222.4	66.02948	2087.0	9.03	6255.0	6.46
80840	7845.9	58.19386	12332.5	115.36260	22626.5	69.54789	2022.0	9.42	6492.0	6.75
80860	8004.6	56.45429	12245.3	112.45035	22554.4	67.89937	2027.0	9.23	6403.0	6.58
80880	8520.4	57.15261	12083.6	114.48488	22200.4	66.56664	1928.0	9.43	5948.0	6.71
80900	8485.5	58.65531	12227.5	115.17429	22091.4	65.50650	2136.0	9.55	6134.0	6.86
80920	8159.7	58.17369	12695.0	111.12210	21949.4	64.74777	1805.0	9.30	6041.0	6.77
80940	8227.5	56.29736	12955.0	112.78733	21621.4	66.12507	1503.0	9.41	6187.0	6.66
80960	7932.7	56.98506	13598.7	114.10717	21272.3	61.06613	1610.0	9.63	6672.0	6.80
80980	8134.8	59.49699	12915.9	111.98142	21753.3	62.84711	1672.0	9.43	6057.0	6.92
81000	8376.7	59.64288	12348.7	118.79027	22079.4	65.41457	1653.0	9.81	5899.0	7.00
81020	8478.2	55.37589	12525.6	118.97954	21800.4	64.21406	1428.0	9.79	6013.0	6.70
81040	8166.4	54.68334	11961.8	117.13911	22676.4	67.20218	1488.0	9.42	6159.0	6.46
81060	8286.2	53.88969	12130.6	114.58095	22387.4	68.24419	1450.0	9.29	6037.0	6.39
81080	8063.5	55.65474	11952.8	117.22811	22788.4	67.70986	1358.0	9.46	5996.0	6.55
81100	7885.9	57.70456	12514.4	115.15390	22404.5	68.81993	1575.0	9.46	6146.0	6.72
81120	8092.9	59.69786	12959.2	117.08905	21752.4	65.75683	1499.0	9.81	6072.0	7.02
81140	8502.6	59.03446	12615.4	116.08067	21686.3	63.31323	1571.0	9.73	5677.0	7.00
81160	8292.9	61.43815	12328.4	114.32236	22183.3	63.53620	1576.0	9.58	5455.0	7.10
81180	8439.7	59.97789	12499.3	113.60807	21865.4	64.64928	1365.0	9.53	5315.0	6.99
81200	8739.3	58.14351	12065.7	115.96062	21999.4	65.27763	1597.0	9.61	5399.0	6.87
81220	8573.5	58.67009	12260.6	116.03793	21970.3	64.24455	1604.0	9.66	5470.0	6.93
81240	8450.4	57.02804	11700.2	120.19981	22654.3	65.91939	1622.0	9.66	5825.0	6.71
81260	8149.2	52.62727	11729.9	115.97352	22925.4	67.83760	1315.0	9.17	5970.0	6.22
81280	8000.6	56.40409	11734.0	118.02291	23070.4	70.18134	1297.0	9.45	5744.0	6.58
81300	8004.4	53.62572	12153.2	110.01430	22646.4	68.72413	1394.0	8.91	5909.0	6.26
81320	8080.7	57.54622	12002.0	119.98152	22722.4	68.29542	1537.0	9.70	6031.0	6.77
81340	7919.9	58.83559	12330.6	116.92629	22554.4	67.33955	1501.0	9.57	6040.0	6.82
81360	7689.2	59.36949	12256.7	117.36221	22859.4	67.63002	1365.0	9.57	6054.0	6.82
81380	7726.1	58.90778	12603.5	117.90802	22475.3	65.29367	1190.0	9.65	6081.0	6.82
81400	7938.7	57.03523	12985.8	110.83327	21879.4	65.56334	1377.0	9.26	6011.0	6.67
81420	7840.8	56.98593	12761.4	117.34122	22202.3	64.07213	1259.0	9.66	6209.0	6.74
81440	8133.5	55.68091	13000.6	123.84899	21670.4	64.43092	1434.0	10.11	6674.0	6.75
81460	8747.3	58.42364	12952.5	121.67317	21104.4	63.72979	1447.0	10.21	5912.0	7.08
81480	8465.2	55.20668	13324.1	117.44917	21014.4	63.33821	1385.0	9.86	6320.0	6.73
81500	8206.3	54.17915	13242.1	117.52786	21355.3	62.48954	1483.0	9.77	6648.0	6.58
81520	8126.5	56.37617	12984.5	121.88605	21693.3	63.18335	1349.0	10.01	6454.0	6.80
81540	8102.4	55.04317	12981.3	118.15422	21720.4	66.19347	1395.0	9.70	6487.0	6.62
81560	7927.6	55.48669	13379.5	125.96905	21497.3	61.57482	1276.0	10.32	6970.0	6.80
81580	8129.4	54.87388	13355.6	126.78082	21319.3	60.15415	1165.0	10.41	6843.0	6.81
81600	8139.3	54.45638	13374.3	122.52831	21290.4	62.98019	1294.0	10.13	6820.0	6.72
81620	7908.7	55.95491	13549.5	127.60944	21346.3	61.29002	1379.0	10.50	7157.0	6.89
81640	7871.5	54.58867	13304.5	124.40713	21628.2	60.72928	1556.0	10.11	7237.0	6.66
81660	8259.1	52.65878	13405.1	119.00232	21139.3	61.77161	1507.0	9.84	6997.0	6.49
81680	7864.6	55.36398	13397.2	121.42121	21542.3	63.25722	1498.0	9.97	6957.0	6.70
81700	7604.1	57.57742	12953.2	117.11320	22247.3	65.02526	1665.0	9.62	6768.0	6.77
81720	7734.8	55.74761	13015.1	114.95062	22054.4	66.33326	1530.0	9.41	6641.0	6.58
81740	7729.9	57.12891	12834.2	115.59576	22240.5	68.28296	1421.0	9.50	6489.0	6.68
81760	7545.9	56.04764	12580.4	115.84569	22678.4	68.95669	1564.0	9.41	6738.0	6.53
81780	7375.0	55.05610	12761.3	117.06120	22668.4	67.98340	1585.0	9.44	6994.0	6.47
81800	7825.3	51.85451	12768.4	117.34032	22210.5	68.87055	1560.0	9.47	6888.0	6.28
81820	8022.5	54.93645	12074.0	120.75241	22708.4	68.70263	1723.0	9.62	6543.0	6.52
81840	8159.3	53.90887	11822.0	118.57712	22823.4	67.77659	1742.0	9.41	6385.0	6.39
81860	7988.6	55.63897	11713.8	114.82420	23102.4	69.27389	1833.0	9.23	6259.0	6.47
81880	8153.8	58.74352	11723.9	115.98666	22927.4	69.72124	2014.0	9.38	5973.0	6.76
81900	8030.1	61.39066	11782.7	113.60350	22992.4	70.19017	2248.0	9.34	6004.0	6.95
81920	8136.1	62.16183	11860.9	116.66854	22808.3	66.75057	1993.0	9.56	5796.0	7.06
81940	8236.7	58.25072	12379.2	111.03931	22188.5	68.64983	1648.0	9.26	5738.0	6.77
81960	8512.6	59.64179	12093.8	117.74386	22198.3	63.54324	1893.0	9.68	5775.0	6.96
81980	8128.2	62.99131	12338.4	114.15527	22338.3	64.77967	1825.0	9.58	5701.0	7.20
82000	8472.0	63.43746	12099.5	113.69409	22233.4	66.06511	1954.0	9.56	5395.0	7.23
82020	8650.1	55.69552	11656.7	111.61037	22497.4	66.62784	1618.0	9.14	5326.0	6.53
82040	8209.7	58.82590	11780.8	114.24454	22814.4	67.06381	1497.0	9.33	5470.0	6.76
82060	7828.3	61.60977	12050.5	112.91010	22926.4	70.00416	1451.0	9.27	5357.0	6.92
82080	7794.2	60.03078	11911.6	112.79438	23099.5	70.91111	1390.0	9.22	5479.0	6.78
82100	7962.0	60.06248	12267.3	111.35189	22575.4	67.86597	1287.0	9.26	5325.0	6.88
82120	7838.3	61.49875	11716.8	113.90902	23250.4	69.26098	1492.0	9.29	5412.0	6.91
82140	7612.7	63.39944	11870.4	109.34173	23322.3	67.01429	1513.0	9.03	5133.0	6.98
82160	7741.6	63.60571	12073.1	106.97438	22990.5	70.84679	1630.0	8.96	5101.0	7.01
82180	7647.7	63.62270	12222.1	108.92739	22935.4	67.67872	1711.0	9.12	5484.0	7.08
82200	7856.5	63.61779	12104.9	105.15306	22843.5	70.94128	1755.0	8.86	5028.0	7.00
82220	8205.0	61.93489	12089.0	105.17773	22510.5	69.05534	1895.0	8.89	5100.0	6.95
82240	8021.2	62.56810	11937.1	106.15816	22846.5	70.94426	1983.0	8.89	5335.0	6.92
82260	8041.9	59.75536	12061.1	106.56591	22701.5	71.11655	1897.0	8.88	5510.0	6.74
82280	8784.3	58.24176	11365.9	111.69838	22654.5	69.54287	1828.0	9.18	5024.0	6.75
82300	8574.6	59.97109	11280.7	108.05069	22949.4	69.69669	1947.0	8.93	4896.0	6.77
82320	8434.9	61.84082	11784.5	110.49891	22585.5	69.34929	2074.0	9.24	5385.0	7.02
82340	8288.7	59.01636	11800.5	110.71250	22715.5	72.25751	1863.0	9.14	5496.0	6.77
82360	8483.5	57.82738	11531.7	111.24084	22789.4	69.51046	1796.0	9.13	5324.0	6.69
82380	8527.8	61.35913	11524.8	112.61238	22752.4	68.50503	1892.0	9.32	5086.0	7.01
82400	8947.5	61.75803	12075.3	110.19200	21781.4	64.14040	1793.0	9.35	4741.0	7.14
82420	8842.8	64.27850	12364.7	103.40312	21596.4	64.12412	2113.0	9.04	4748.0	7.26
82440	8517.3	67.05107	11828.2	105.81153	22459.4	68.16022	2333.0	9.11	4711.0	7.41
82460	8340.3	65.57347	12020.6	98.93913	22443.4	67.69382	2403.0	8.63	4918.0	7.15
82480	8257.3	65.23559	11769.9	101.14300	22777.4	69.14068	1981.0	8.66	4514.0	7.10
82500	8038.3	63.60771	11600.0	101.58373	23166.4	70.46344	1679.0	8.58	4511.0	6.91
82520	8429.0	62.75843	11541.2	104.46978	22834.4	69.37183	1847.0	8.76	4551.0	6.94
82540	8428.0	62.99371	11568.1	102.23724	22808.4	69.72539	1846.0	8.63	4477.0	6.92
82560	8449.2	65.79212	11602.3	105.68989	22753.4	67.02599	2021.0	8.97	4491.0	7.25
82580	8245.6	68.23590	11580.1	102.96648	22979.4	68.39158	2325.0	8.82	4603.0	7.32
82600	8126.9	70.07134	11757.2	106.25459	22921.3	66.40944	2392.0	9.12	4866.0	7.56
82620	8590.3	67.91238	12160.8	103.79282	22053.4	67.39640	2195.0	9.11	4651.0	7.50
82640	8951.1	68.70191	12153.3	110.63025	21700.3	63.11189	2378.0	9.62	4824.0	7.74
82660	8930.6	62.83956	11730.4	108.50887	22143.4	66.06570	2507.0	9.24	5173.0	7.19
82680	8912.5	61.44395	11793.9	102.42744	22097.4	66.08072	2404.0	8.80	5025.0	6.94
82700	8822.8	64.53600	12167.0	106.20810	21814.4	64.77109	2545.0	9.18	5277.0	7.30
82720	8696.7	61.76461	11881.1	104.93318	22226.5	68.47619	2642.0	8.94	5459.0	6.97
82740	8590.2	67.09331	11875.0	103.44315	22339.4	68.40805	2957.0	8.96	5294.0	7.38
82760	8498.2	65.98459	11596.0	101.85071	22710.4	67.23429	2886.0	8.80	5166.0	7.24
82780	8735.1	66.30540	12084.1	106.73340	21985.4	66.94482	2750.0	9.22	5302.0	7.41
82800	9111.7	64.83527	12113.9	104.19138	21578.4	63.88202	2754.0	9.10	5054.0	7.32
82820	9086.7	64.80083	12032.9	103.85048	21684.3	62.99306	2893.0	9.07	5116.0	7.32
82840	8860.0	66.86474	12159.0	106.02625	21785.4	64.21955	2720.0	9.24	5166.0	7.49
82860	8646.3	68.15194	12068.0	106.04454	22090.4	65.27294	3111.0	9.26	5549.0	7.56
82880	8958.9	65.90123	11604.4	107.35147	22241.3	64.96868	3026.0	9.20	5293.0	7.36
82900	8934.9	66.28556	11910.9	103.38693	21958.4	66.01930	2868.0	9.00	5087.0	7.36
82920	8835.9	65.65683	11758.8	100.51797	22209.4	67.23223	2992.0	8.75	5062.0	7.22
82940	8596.1	65.15166	11752.1	104.12361	22456.4	66.74469	2939.0	8.90	5327.0	7.20
82960	8901.7	63.10351	11677.2	105.59471	22225.4	67.09118	2865.0	9.02	5277.0	7.12
82980	9130.4	61.77000	11775.4	108.24340	21898.4	66.05423	2841.0	9.22	5505.0	7.10
83000	9197.5	62.86277	11797.4	108.71422	21809.4	64.52386	3016.0	9.29	5621.0	7.19
83020	8769.9	64.25657	11554.3	105.52018	22480.4	67.68757	3139.0	9.00	5494.0	7.18
83040	8752.2	67.79749	12041.0	105.56744	22011.4	65.85114	3069.0	9.19	5398.0	7.53
83060	8978.9	66.12541	12335.7	103.63928	21489.2	60.11641	3092.0	9.14	5476.0	7.47
83080	9466.5	65.03557	12060.2	108.90690	21277.3	60.87319	3245.0	9.49	5524.0	7.47
83100	9268.6	64.62377	12405.2	111.59960	21130.3	59.65719	3140.0	9.74	5986.0	7.51
83120	9269.6	64.67768	12644.9	109.55139	20889.3	60.51745	3205.0	9.66	6026.0	7.54
83140	9289.5	64.12915	12483.6	103.71925	21030.3	61.15645	3223.0	9.24	5707.0	7.37
83160	9125.8	66.01941	12174.0	106.52641	21504.2	60.20768	3154.0	9.31	5549.0	7.47
83180	9235.6	64.59979	12419.9	107.70587	21148.3	61.89672	3467.0	9.49	6160.0	7.46
83200	9180.6	64.78401	12948.6	107.24849	20674.3	60.00812	3854.0	9.59	6738.0	7.55
83220	9474.4	64.28506	12825.7	107.52059	20503.3	58.11291	3624.0	9.63	6398.0	7.52
83240	9332.5	63.94825	12611.0	110.72949	20860.4	62.55408	3386.0	9.74	6191.0	7.51
83260	9252.6	64.37944	12592.2	112.63248	20959.3	61.50341	3445.0	9.86	6447.0	7.56
83280	9579.1	61.25762	12865.6	106.90236	20358.4	59.90744	3684.0	9.54	6504.0	7.31
83300	9471.3	63.06680	12791.4	102.22035	20540.3	60.09981	3792.0	9.19	6247.0	7.31
83320	9411.4	64.01690	12783.5	103.54670	20608.4	61.59921	3841.0	9.29	6275.0	7.45
83340	9513.1	61.03090	12870.4	103.28081	20419.3	59.42584	3661.0	9.26	6365.0	7.21
83360	9446.5	64.93659	12783.8	108.90389	20573.3	59.85523	3479.0	9.71	6186.0	7.60
83380	9127.5	62.90673	13034.7	108.74688	20641.4	62.68206	3283.0	9.63	6388.0	7.41
83400	9312.6	64.69062	12979.6	106.76911	20511.3	59.50527	3473.0	9.58	6235.0	7.57
83420	9770.0	61.57370	12735.5	103.39376	20297.5	62.72604	3856.0	9.33	6336.0	7.29
83440	9665.2	62.64698	12408.7	104.18568	20729.4	61.14977	3855.0	9.26	6169.0	7.29
83460	9457.6	66.09247	12463.7	104.96060	20882.4	62.28882	3905.0	9.34	6048.0	7.58
83480	9323.7	65.97150	12459.0	109.67722	21021.3	60.76704	3892.0	9.65	6345.0	7.62
83500	9333.5	64.14623	12316.8	105.28235	21153.4	64.06740	3553.0	9.29	6132.0	7.34
83520	9399.6	65.43159	12089.9	104.25355	21314.4	64.57878	3551.0	9.18	5628.0	7.43
83540	9567.4	64.48640	12043.1	106.59284	21193.3	60.43691	3508.0	9.35	5661.0	7.43
83560	9419.4	64.02581	12096.1	107.07860	21288.4	62.97133	3503.0	9.37	5865.0	7.37
83580	9341.7	66.57349	11927.0	104.90125	21535.4	65.08514	3427.0	9.23	5376.0	7.52
83600	8993.7	63.97188	12083.6	99.31125	21726.4	66.47094	3369.0	8.73	5624.0	7.14
83620	8810.9	65.34922	12437.7	103.81115	21555.4	64.72001	3114.0	9.17	5830.0	7.38
83640	8753.8	63.34465	12456.8	105.38081	21593.3	60.80710	2876.0	9.14	5763.0	7.22
83660	8637.1	65.48460	12788.7	106.37159	21378.3	61.39414	2814.0	9.35	5904.0	7.44
83680	9152.8	66.05852	12127.1	108.16766	21524.3	61.44976	2977.0	9.41	5257.0	7.51
83700	9078.8	66.41013	12283.8	104.62768	21441.4	64.13091	3071.0	9.24	5473.0	7.49
83720	8964.8	65.40739	12167.7	101.71545	21671.3	63.42809	2978.0	8.94	5184.0	7.33
83740	9213.7	65.14288	12644.6	104.47835	20945.3	61.43880	2633.0	9.23	5110.0	7.44
83760	8865.0	66.71338	12507.5	101.32923	21431.4	63.50352	2771.0	9.03	5207.0	7.47
83780	8696.1	66.81158	12036.4	96.40957	22071.4	64.97060	3045.0	8.56	5064.0	7.27
83800	8577.5	70.03971	12252.3	96.63344	21974.5	67.59503	2934.0	8.65	4859.0	7.54
83820	8927.3	69.88747	12052.6	100.06125	21824.3	62.80725	3033.0	8.90	4677.0	7.64
83840	8614.6	71.54603	12105.7	102.12928	22084.2	62.04822	3093.0	9.05	5057.0	7.75
83860	8897.2	69.09684	12030.8	101.92231	21876.4	64.59224	2868.0	8.98	4744.0	7.59
83880	9045.0	67.72955	11792.0	102.52203	21967.3	63.15047	2937.0	9.03	4742.0	7.52
83900	9017.0	68.00898	12122.8	103.00133	21664.4	64.30546	2785.0	9.08	4806.0	7.57
83920	8930.1	68.54411	12019.5	97.53349	21854.5	68.50104	2913.0	8.73	4733.0	7.51
83940	8712.2	67.36725	11918.8	101.53106	22173.4	66.68243	2765.0	8.91	4905.0	7.42
83960	9004.0	67.57856	11834.6	98.40160	21965.4	66.19103	2998.0	8.65	4686.0	7.39
83980	8761.0	65.68942	11504.7	96.67010	22538.4	66.87743	2979.0	8.41	4709.0	7.11
84000	8583.3	67.70129	11257.2	100.77526	22964.4	68.46594	2948.0	8.67	4688.0	7.29
84020	8759.2	68.13101	11120.2	99.56211	22925.4	69.46986	3021.0	8.58	4412.0	7.30
84040	8486.7	71.11185	10784.4	99.34174	23534.5	72.74002	3092.0	8.52	4369.0	7.41
84060	8852.1	67.27476	10522.2	94.82878	23430.4	70.96461	2899.0	8.15	3958.0	7.05
84080	8661.1	65.52799	10884.0	95.87234	23259.5	71.77441	2810.0	8.20	4205.0	6.97
84100	8388.3	66.03232	10642.8	104.07458	23774.5	74.19428	2749.0	8.70	4740.0	7.08
84120	8446.3	66.09824	10849.6	103.30582	23509.5	72.27712	2987.0	8.69	4900.0	7.11
84140	8281.2	64.59783	11221.2	101.29626	23302.4	69.04993	2743.0	8.52	5057.0	6.96
84160	8395.3	65.90554	11177.2	100.49060	23232.4	69.27779	2791.0	8.57	4750.0	7.11
84180	8295.6	68.67360	10849.2	98.19941	23660.4	70.52126	2916.0	8.39	4427.0	7.20
84200	8716.1	66.05887	10353.0	103.72455	23736.5	73.51339	2975.0	8.64	4593.0	7.09
84220	8714.8	63.68738	10803.9	107.14681	23286.4	69.64412	2822.0	8.87	5005.0	6.99
84240	8860.9	65.12829	11220.5	104.63238	22723.4	69.39740	2871.0	8.89	4895.0	7.19
84260	8932.9	65.64707	11014.6	104.66095	22857.4	69.00116	2939.0	8.87	4669.0	7.22
84280	8247.4	65.62837	11529.4	107.00773	23028.5	71.92982	2541.0	9.04	5193.0	7.22
84300	8312.3	65.47918	11731.3	106.76675	22761.5	70.30776	2486.0	9.04	5194.0	7.22
84320	8514.9	63.04016	11404.2	103.26457	22885.5	70.69079	2391.0	8.72	4954.0	6.96
84340	8969.7	63.61128	11204.4	103.62165	22630.5	69.72717	2635.0	8.79	4753.0	7.04
84360	8771.0	65.80067	11169.5	105.33181	22864.4	68.42765	2771.0	8.93	4821.0	7.23
84380	8628.9	63.61695	11219.1	98.95051	22956.5	71.76640	2844.0	8.43	4815.0	6.93
84400	8708.1	66.20783	11209.2	101.21411	22887.4	68.81856	2901.0	8.66	4792.0	7.17
84420	8776.9	65.20341	11577.2	104.38355	22450.4	66.83633	2595.0	8.96	4816.0	7.24
84440	8859.5	61.48240	11507.9	99.85709	22436.5	69.86047	2412.0	8.51	4667.0	6.83
84460	8617.0	64.90873	11522.3	104.64180	22665.5	71.20543	2441.0	8.90	4806.0	7.17
84480	8021.3	62.95992	11538.8	98.29241	23244.5	71.40316	2349.0	8.32	5005.0	6.79
84500	7921.5	64.11106	11549.0	101.59612	23334.4	70.53981	2052.0	8.55	4784.0	6.94
84520	8080.6	66.44618	11933.8	101.46837	22790.3	66.67333	1969.0	8.73	4706.0	7.19
84540	8326.5	68.03317	12369.8	105.35741	22108.4	67.22153	1926.0	9.15	4645.0	7.50
84560	7970.8	67.94601	12025.2	108.51362	22809.3	65.39500	1911.0	9.25	4922.0	7.44
84580	8183.5	66.39488	11676.6	110.82020	22945.4	68.16990	2146.0	9.34	5129.0	7.37
84600	8057.6	66.83937	11728.6	112.12453	23019.4	68.94931	2451.0	9.38	5525.0	7.39
84620	8139.3	63.87144	11586.7	111.22130	23079.5	70.87737	2299.0	9.21	5490.0	7.11
84640	8174.1	62.62259	11688.3	106.21428	22942.4	68.19384	2223.0	8.91	5240.0	6.95
84660	8707.7	62.45642	10798.0	108.30908	23299.4	69.96804	2578.0	8.92	5007.0	6.91
84680	8388.0	63.23986	11399.3	104.55783	23017.3	66.71760	2320.0	8.79	4920.0	6.97
84700	8361.3	65.53292	11573.6	109.60020	22870.4	67.52217	2063.0	9.24	4937.0	7.27
84720	8648.8	62.45544	11467.5	106.83178	22688.4	67.52780	2298.0	8.97	4907.0	7.00
84740	8233.3	64.49414	11484.2	103.21316	23087.5	72.14774	2117.0	8.69	4764.0	7.01
84760	7938.5	64.91873	11373.9	111.81278	23493.4	69.84060	1953.0	9.20	5020.0	7.16
84780	8459.9	62.05935	12061.2	108.42592	22283.4	67.41898	1828.0	9.14	5065.0	7.03
84800	8126.3	63.70070	11766.7	112.67930	22912.4	69.27963	1858.0	9.34	5166.0	7.13
84820	8175.9	60.27719	12184.0	107.10934	22444.4	66.59202	1743.0	9.03	5274.0	6.86
84840	8442.8	61.03554	11937.2	108.19062	22424.3	65.46112	1853.0	9.08	5098.0	6.95
84860	8305.9	60.89128	12500.7	105.43330	21997.4	67.07431	1855.0	9.00	5397.0	6.91
84880	8129.9	59.76269	12211.1	107.65808	22463.5	69.39309	1816.0	8.99	5423.0	6.80
84900	8225.8	59.54919	11749.1	104.57144	22829.4	69.56287	1817.0	8.72	5154.0	6.66
84920	8240.2	63.38573	11625.5	108.35455	22939.4	68.84379	1873.0	9.07	4906.0	7.06
84940	8508.9	63.14477	12252.8	103.49038	22042.5	67.78590	2078.0	8.92	4962.0	7.09
84960	8292.1	63.18328	11748.0	102.31233	22764.4	69.27781	2062.0	8.66	4777.0	6.95
84980	8487.9	62.91316	11763.1	103.85933	22553.4	68.43108	2001.0	8.81	4651.0	6.99
85000	8591.2	66.59931	11946.0	104.34325	22267.3	63.98100	2162.0	9.05	4691.0	7.35
85020	8481.2	66.12173	11980.8	101.85639	22342.3	64.90026	2175.0	8.86	4627.0	7.25
85040	8600.2	66.32690	11597.2	104.15907	22607.3	66.16316	2454.0	8.95	4747.0	7.31
85060	8700.9	64.33562	11586.2	103.88416	22517.5	69.62720	2348.0	8.83	4719.0	7.11
85080	8443.4	67.09825	11077.5	103.87645	23284.4	69.31762	2395.0	8.81	4494.0	7.26
85100	8722.8	63.65132	11440.2	102.78653	22641.5	69.54979	2313.0	8.77	4597.0	7.05
85120	8567.1	65.35908	10980.2	99.51059	23257.5	71.86720	2468.0	8.42	4282.0	7.00
85140	8556.0	64.62541	11335.3	102.89171	22913.5	70.67454	2242.0	8.72	4506.0	7.07
85160	8816.7	62.85242	11032.7	106.68540	22955.5	70.81667	2169.0	8.87	4467.0	6.98
85180	7958.6	66.12729	11419.3	104.55017	23427.4	70.44818	2068.0	8.78	4726.0	7.13
85200	8252.0	62.38106	11725.9	101.01494	22826.4	69.61186	1877.0	8.53	4600.0	6.86
85220	7968.4	63.54005	11099.2	100.18104	23737.4	70.47043	2065.0	8.37	4535.0	6.82
85240	7997.2	61.69193	10859.5	101.21886	23948.4	73.34101	1724.0	8.35	4277.0	6.67
85260	8090.3	63.88560	11287.3	103.70172	23427.5	72.92586	1692.0	8.64	4411.0	6.93
85280	8496.8	61.40409	11304.6	106.88707	23003.4	68.69537	1590.0	8.89	4463.0	6.86
85300	7897.7	66.24933	11217.6	106.38833	23690.4	70.17204	1776.0	8.83	4492.0	7.12
85320	8467.1	65.07367	11048.7	107.01756	23289.5	73.59859	1815.0	8.90	4128.0	7.11
85340	7802.0	67.98593	11155.0	111.57388	23849.4	70.72598	1588.0	9.19	4380.0	7.33
85360	7792.5	63.45739	10870.2	110.78616	24143.3	68.52280	1480.0	8.98	4502.0	6.95
85380	8164.9	60.69026	10760.2	110.15063	23880.5	74.75125	1645.0	8.87	4634.0	6.74
85400	7642.4	61.10435	10835.8	105.05993	24327.5	74.57631	1573.0	8.50	4712.0	6.60
85420	7526.0	65.60913	10794.2	110.84009	24486.4	73.54063	1437.0	8.96	4509.0	7.03
85440	8142.4	65.62396	11107.4	102.91791	23555.4	69.29223	1696.0	8.63	4087.0	7.03
85460	8140.5	66.42039	10817.8	105.28620	23847.4	72.50663	1863.0	8.72	4105.0	7.10
85480	8036.2	62.53759	11521.1	102.42546	23247.5	72.38095	1744.0	8.57	4648.0	6.85
85500	7786.6	64.67636	11801.0	103.43073	23217.5	71.21382	1562.0	8.70	4580.0	7.02
85520	7950.5	64.17717	12033.8	102.38082	22820.4	68.16680	1421.0	8.69	4431.0	7.01
85540	7577.8	64.23994	11847.1	105.48315	23380.4	70.23546	1329.0	8.80	4687.0	6.97
85560	8026.4	64.49478	11495.5	107.28495	23283.4	70.29192	1495.0	8.91	4532.0	7.04
85580	8422.3	65.85027	11667.4	108.45539	22715.3	66.60695	1438.0	9.19	4181.0	7.30
85600	8337.1	63.56218	11358.4	104.75076	23109.4	70.31061	1489.0	8.78	4134.0	7.00
85620	8500.2	66.24618	11586.4	107.53957	22718.4	67.52054	1658.0	9.10	4210.0	7.29
85640	8147.4	65.36900	11372.7	109.76327	23285.3	67.86348	1679.0	9.14	4508.0	7.22
85660	8527.9	63.01909	11382.4	104.65786	22894.4	67.42434	1770.0	8.81	4336.0	6.96
85680	8540.1	65.44499	10952.0	109.67001	23313.4	70.76993	1958.0	9.10	4389.0	7.20
85700	8547.8	61.86759	10444.4	109.65605	23813.4	72.79604	2151.0	8.87	4509.0	6.83
85720	8559.0	64.21889	10349.8	101.48153	23896.5	75.02122	2172.0	8.42	3928.0	6.89
85740	8366.2	64.93475	10471.8	101.51392	23967.4	72.35998	2118.0	8.42	3943.0	6.93
85760	8349.3	65.30660	10356.9	102.57160	24099.4	71.83811	2200.0	8.48	3916.0	6.96
85780	8532.3	67.17330	10330.0	103.57666	23943.4	71.05280	2423.0	8.59	3952.0	7.12
85800	8368.2	65.22820	10734.7	103.09136	23702.5	72.89083	2116.0	8.58	4148.0	7.00
85820	8620.3	67.66513	10878.5	102.22016	23306.4	71.02158	2274.0	8.68	4016.0	7.25
85840	8535.0	63.88746	10912.4	101.50897	23357.4	68.71226	2176.0	8.54	4235.0	6.95
85860	8504.2	66.36639	10864.3	98.49028	23436.4	71.37706	2214.0	8.38	3805.0	7.07
85880	8616.3	68.12760	10590.6	100.63945	23598.5	74.51028	2042.0	8.52	3548.0	7.20
85900	8784.9	64.42221	10936.4	101.20656	23083.3	67.48333	2097.0	8.57	3876.0	7.04
85920	8594.9	63.83778	10760.6	102.40370	23449.4	71.37336	2153.0	8.60	4062.0	6.98
85940	8531.1	64.59935	10772.7	103.38067	23501.5	74.20195	2106.0	8.61	4150.0	7.00
85960	8580.9	63.50745	10593.1	106.62532	23631.4	70.09908	2246.0	8.80	4446.0	6.95
85980	8402.4	67.27424	11243.2	100.87592	23159.5	71.30274	2370.0	8.62	4413.0	7.22
86000	8333.3	65.55130	11220.4	103.60112	23251.3	67.12621	2354.0	8.73	4661.0	7.10
86020	8615.9	63.79643	10409.0	104.25284	23780.4	69.90313	2626.0	8.63	4542.0	6.93
86040	8790.0	65.43640	10249.3	106.10610	23766.4	69.94312	3097.0	8.77	4689.0	7.08
86060	8769.0	65.82435	10813.8	105.91983	23222.5	72.03764	2791.0	8.89	4695.0	7.17
86080	8376.2	65.23433	11094.4	102.20735	23334.4	70.50065	2816.0	8.58	4988.0	7.05
86100	8670.0	65.31369	11044.3	100.79588	23090.4	69.98895	2972.0	8.59	4803.0	7.09
86120	8710.1	66.88070	11136.1	98.72279	22958.4	69.93869	2860.0	8.50	4571.0	7.18
86140	8929.3	70.33540	11004.2	99.49952	22871.3	66.33303	3254.0	8.66	4392.0	7.50
86160	8811.4	70.20014	10983.3	100.47060	23010.3	66.27889	3151.0	8.71	4459.0	7.47
86180	9116.2	71.17954	11529.6	95.71021	22158.4	66.33304	3267.0	8.57	4299.0	7.63
86200	9517.7	68.16250	11188.1	99.43076	22098.4	65.05194	3756.0	8.73	4840.0	7.43
86220	9591.8	70.13220	10907.5	102.92420	22305.5	68.69588	3815.0	8.99	4690.0	7.64
86240	9148.9	67.79856	10657.3	97.77620	22998.4	69.23536	3892.0	8.43	4784.0	7.24
86260	8977.2	69.23259	10985.2	98.41824	22842.4	68.45624	3826.0	8.57	5009.0	7.37
86280	8837.4	70.50806	11083.6	104.89558	22884.4	67.58236	3725.0	9.03	5218.0	7.60
86300	8794.4	70.65231	11695.0	102.04146	22315.4	66.53312	3480.0	8.98	5168.0	7.66
86320	8827.4	70.31482	11472.0	100.29448	22505.4	66.26917	3168.0	8.77	4691.0	7.55
86340	8991.2	69.37306	11551.7	96.60302	22261.4	66.08111	2825.0	8.55	4214.0	7.46
86360	8891.1	67.68936	11346.8	97.10273	22566.4	68.74713	3081.0	8.49	4551.0	7.28
86380	8875.5	72.62123	11356.0	99.93687	22573.4	67.25965	3078.0	8.79	4322.0	7.71
86400	9157.8	66.40046	10977.1	97.42003	22669.4	68.13000	3257.0	8.44	4431.0	7.14
86420	8910.3	69.66950	11221.4	103.69687	22673.3	65.26260	3171.0	8.97	4618.0	7.58
86440	8999.0	67.49143	11417.9	98.62962	22387.4	65.84012	3209.0	8.65	4749.0	7.35
86460	9092.3	71.83322	11209.2	101.23882	22503.4	66.40325	3494.0	8.90	4625.0	7.70
86480	9490.5	65.59797	11381.9	98.35635	21931.5	67.85083	3154.0	8.68	4539.0	7.25
86500	9600.3	63.96485	10941.0	96.07147	22262.4	68.15715	3654.0	8.39	4636.0	7.03
86520	9551.7	68.51425	11266.4	104.75068	21986.3	63.94558	3546.0	9.13	4833.0	7.61
86540	9194.0	69.47656	11397.9	98.17834	22212.4	66.74970	3248.0	8.70	4568.0	7.50
86560	9046.1	68.61491	11154.1	99.12688	22604.4	68.97199	3273.0	8.66	4567.0	7.41
86580	9105.8	66.48086	11559.7	96.76592	22138.4	65.23917	3147.0	8.52	4700.0	7.25
86600	8940.9	66.47594	11503.0	101.16505	22360.4	66.93277	3268.0	8.76	5016.0	7.28
86620	9302.8	67.16280	11698.0	102.78386	21803.4	64.58627	3232.0	9.04	4961.0	7.48
86640	9115.0	68.75584	12113.8	103.46442	21575.4	66.03264	3134.0	9.16	5091.0	7.64
86660	9283.7	66.29460	11715.1	103.56559	21805.4	64.47110	3140.0	9.05	5058.0	7.37
86680	9117.8	66.01892	11687.1	103.90582	21999.4	65.42090	3144.0	9.03	5209.0	7.34
86700	9335.6	65.83237	11645.1	103.67365	21823.4	64.65199	2806.0	9.04	4733.0	7.37
86720	9478.8	68.25154	11471.4	106.10387	21854.3	63.77818	3135.0	9.27	4621.0	7.63
86740	9501.6	66.05444	11695.9	101.26783	21606.4	63.72248	3073.0	8.90	4696.0	7.39
86760	9176.9	67.70224	11155.2	100.76702	22472.3	65.04633	3306.0	8.74	4646.0	7.37
86780	9216.7	65.64976	11068.5	103.87385	22519.4	67.03653	3150.0	8.90	4715.0	7.25
86800	9635.5	65.80286	11285.0	99.17092	21883.5	67.55503	3106.0	8.68	4222.0	7.30
86820	9106.1	69.14894	11344.9	97.83092	22353.4	67.05244	3359.0	8.63	4630.0	7.45
86840	8664.6	71.48132	11809.5	95.95894	22330.4	66.44259	3436.0	8.59	4958.0	7.59
86860	8651.7	72.18846	11367.6	93.78478	22785.3	66.76965	3548.0	8.34	4535.0	7.54
86880	9083.4	72.54008	11597.7	97.78178	22123.4	66.84514	3446.0	8.74	4580.0	7.74
86900	9373.1	71.58614	11324.8	96.21979	22106.4	65.76159	3677.0	8.61	4435.0	7.67
86920	9319.9	69.26312	11153.0	96.93094	22331.4	67.83043	3735.0	8.57	4706.0	7.45
86940	9611.8	69.64898	10765.4	99.73948	22427.5	70.74102	3887.0	8.73	4484.0	7.53
86960	9162.9	67.79552	11248.2	101.03109	22393.3	65.42295	3360.0	8.79	4784.0	7.40
86980	9607.5	66.01809	11013.3	100.36149	22183.4	66.93699	3397.0	8.74	4594.0	7.28
87000	9261.1	70.71082	10957.1	97.91238	22586.3	64.74701	3320.0	8.63	4109.0	7.56
87020	9256.2	72.10525	11275.9	97.86373	22272.4	68.06957	3579.0	8.70	4383.0	7.72
87040	9236.3	72.86151	11433.9	98.29753	22134.3	64.55682	3366.0	8.78	4242.0	7.80
87060	9027.5	73.13040	11635.5	94.56349	22141.4	66.33574	3474.0	8.55	4331.0	7.74
87080	9312.6	76.45805	11312.0	98.82615	22180.3	64.59898	3717.0	8.89	4197.0	8.10
87100	9446.1	72.32993	11633.2	90.54480	21724.5	66.55652	3680.0	8.31	4068.0	7.69
87120	9208.5	75.28377	11765.5	95.24701	21830.4	65.15068	3764.0	8.72	4396.0	8.00
87140	9242.9	79.29345	11480.6	95.15311	22081.4	66.65269	3821.0	8.73	4184.0	8.22
87160	9071.6	74.69958	11574.3	91.88483	22158.4	65.94767	3812.0	8.37	4368.0	7.82
87180	9252.6	76.84626	10963.7	91.71202	22588.4	68.33082	3807.0	8.32	3713.0	7.89
87200	9482.3	74.44561	10475.1	93.11628	22847.4	69.11256	3845.0	8.29	3687.0	7.70
87220	9090.7	75.93666	11081.5	90.17234	22632.3	66.19934	3628.0	8.18	3678.0	7.78
87240	9322.5	75.27292	10726.7	90.16198	22755.5	70.31242	3902.0	8.17	3727.0	7.72
87260	9606.2	74.07861	10744.5	87.75656	22453.5	69.07682	4090.0	7.99	3535.0	7.63
87280	9550.4	76.79072	10324.7	86.88295	22929.5	72.14688	4159.0	7.88	3213.0	7.73
87300	9661.3	75.62432	10504.0	92.29601	22639.3	65.95540	3986.0	8.34	3543.0	7.85
87320	9900.2	77.09323	10767.9	92.25962	22136.4	65.68383	4034.0	8.46	3499.0	8.07
87340	10003.1	76.40145	10557.0	92.85054	22244.3	65.25814	4124.0	8.44	3491.0	7.97
87360	9761.2	75.33888	10750.7	90.24655	22292.5	68.43343	4049.0	8.24	3571.0	7.82
87380	9511.1	72.84597	10868.9	93.99931	22424.3	64.94625	3529.0	8.42	3698.0	7.66
87400	9200.8	77.83229	10987.6	90.16362	22616.3	65.60374	3994.0	8.26	3903.0	7.97
87420	9232.6	76.18881	11456.3	90.56988	22115.4	65.32028	3754.0	8.33	3985.0	7.90
87440	8983.7	75.66050	11125.4	89.64969	22695.4	68.19417	3930.0	8.13	3981.0	7.74
87460	9210.6	76.22649	10605.9	91.18103	22988.4	69.72762	3977.0	8.19	3795.0	7.77
87480	9006.7	75.10740	10593.4	85.20765	23204.6	74.28271	4005.0	7.70	3431.0	7.53
87500	9301.7	78.08513	10248.0	89.16713	23255.5	73.66487	4217.0	8.01	3407.0	7.81
87520	9289.8	79.37210	10320.0	90.73003	23195.4	68.55407	3999.0	8.15	3238.0	7.97
87540	9447.6	78.44254	9911.5	92.80541	23446.4	71.32529	4081.0	8.26	3194.0	7.91
87560	9528.6	78.35210	9930.7	95.83431	23346.3	68.58788	4011.0	8.47	3301.0	7.98
87580	9610.3	76.22028	9575.9	94.14618	23619.4	72.19317	4130.0	8.24	3232.0	7.73
87600	9589.1	72.89578	10302.9	88.27947	22912.4	69.91355	3727.0	7.92	3145.0	7.48
87620	9803.2	75.73611	10124.2	91.36118	22877.5	72.17792	3878.0	8.20	3094.0	7.75
87640	9896.3	77.93631	10128.3	92.71666	22780.4	69.68097	3885.0	8.35	2962.0	7.97
87660	9946.2	76.70058	10272.0	90.10694	22586.4	69.05071	3804.0	8.15	2805.0	7.84
87680	9777.5	79.09490	10335.9	88.75505	22691.4	67.08359	3694.0	8.14	2661.0	8.01
87700	9839.0	74.08582	10437.8	88.57407	22527.4	67.58519	3467.0	8.02	2697.0	7.63
87720	9607.4	77.31408	10895.9	93.90577	22301.4	67.53761	3383.0	8.49	3052.0	8.01
87740	9390.7	78.99802	10904.9	94.61533	22509.4	67.33703	3217.0	8.59	3055.0	8.16
87760	9716.4	77.65532	11015.7	91.80835	22072.3	64.08842	3351.0	8.41	2947.0	8.03
87780	9559.4	76.10977	11253.4	90.53539	21991.4	64.81185	3422.0	8.34	3315.0	7.95
87800	9533.6	78.09304	10758.8	91.60450	22512.4	67.71225	3530.0	8.32	3004.0	7.99
87820	9526.8	80.57814	10823.0	94.43108	22455.4	67.61011	3802.0	8.62	3346.0	8.27
87840	9292.8	78.69134	10477.1	93.37854	23035.3	66.25764	3829.0	8.40	3372.0	8.03
87860	9420.5	76.76298	10444.1	92.99562	22940.4	67.90977	3836.0	8.35	3423.0	7.88
87880	9234.9	79.93694	10892.6	90.30837	22677.4	68.10705	3962.0	8.26	3477.0	8.08
87900	8969.1	79.87828	11129.2	86.94447	22706.4	68.75492	3790.0	8.08	3426.0	8.03
87920	9423.6	78.07401	11343.3	88.80082	22037.5	67.56404	3752.0	8.26	3504.0	8.05
87940	9483.6	77.95922	10947.3	85.73282	22373.4	67.48774	3936.0	7.97	3214.0	7.91
87960	9283.5	75.13237	10368.8	88.25611	23152.4	68.06048	4042.0	7.91	3447.0	7.61
87980	9531.5	77.95552	10341.2	92.48430	22932.4	67.57359	4224.0	8.28	3538.0	7.93
88000	9634.3	75.59687	10559.6	87.60369	22610.4	66.46022	4224.0	7.97	3471.0	7.70
88020	9495.5	76.63875	10555.8	89.62817	22753.4	68.19985	4139.0	8.12	3566.0	7.82
88040	9316.6	76.83982	10533.2	95.12174	22955.4	68.70610	3962.0	8.49	3806.0	7.90
88060	9438.5	76.57267	10573.0	92.77693	22793.3	64.40288	4047.0	8.33	3701.0	7.88
88080	9379.7	78.79904	10544.9	91.03044	22880.4	67.78473	4085.0	8.27	3444.0	8.01
88100	9754.4	78.44103	10259.2	91.96858	22791.4	67.60870	3971.0	8.28	3053.0	7.98
88120	9663.8	81.81876	10442.3	95.23402	22699.4	68.19592	4020.0	8.66	3306.0	8.33
88140	9374.6	77.77355	11020.5	89.37782	22409.4	68.38347	3750.0	8.23	3365.0	7.96
88160	9058.2	81.61944	11186.1	85.95608	22560.4	66.98386	3522.0	8.05	2980.0	8.15
88180	8658.6	81.80318	11081.4	88.16472	23065.4	68.37407	3383.0	8.15	3182.0	8.12
88200	8955.1	79.76372	11025.8	94.10874	22824.4	68.11259	3519.0	8.48	3452.0	8.11
88220	9082.9	77.84274	10859.6	89.38448	22862.2	64.29584	3623.0	8.12	3303.0	7.86
88240	9041.2	81.19261	11233.4	89.99808	22530.3	65.76073	3767.0	8.32	3605.0	8.19
88260	9602.3	75.10731	11044.6	90.58925	22157.4	66.02210	3546.0	8.25	3322.0	7.81
88280	9396.7	78.68449	11298.3	89.59464	22109.4	65.53688	3924.0	8.31	3675.0	8.09
88300	9490.3	74.56952	11015.6	90.34242	22298.4	67.45852	3641.0	8.22	3452.0	7.77
88320	9222.7	76.93997	10885.0	94.70167	22697.3	64.68733	3605.0	8.51	3749.0	7.93
88340	8850.8	74.86884	11359.6	94.05225	22594.5	69.32641	3261.0	8.46	3980.0	7.80
88360	9035.4	71.91610	11060.0	96.59102	22709.5	70.09977	2907.0	8.53	3678.0	7.63
88380	9076.2	69.87534	10931.0	95.44195	22797.5	69.90806	3074.0	8.39	3908.0	7.40
88400	9076.9	66.64752	10888.0	95.70228	22839.4	69.82993	2818.0	8.31	3932.0	7.12
88420	9027.8	65.45485	10928.0	95.83954	22848.5	71.15195	2716.0	8.28	3932.0	7.06
88440	8926.3	70.82772	10672.4	99.07387	23206.4	70.82601	2950.0	8.54	3766.0	7.46
88460	8735.5	71.41074	10688.1	95.40829	23381.5	71.76857	3229.0	8.32	3968.0	7.43
88480	8842.4	70.81339	11041.6	91.54954	22920.5	71.16446	3400.0	8.11	4046.0	7.36
88500	8521.5	69.55409	10909.8	93.10297	23373.4	71.38473	3391.0	8.10	4334.0	7.21
88520	8327.9	72.25107	10858.0	94.97660	23619.4	71.53839	3447.0	8.24	4422.0	7.40
88540	8780.7	73.27317	10537.2	95.14650	23487.5	72.78739	3729.0	8.29	4214.0	7.53
88560	9038.4	72.25907	10887.0	94.62395	22879.4	69.64842	3495.0	8.34	4062.0	7.54
88580	8744.5	71.16718	10594.6	100.33055	23466.4	70.11402	3259.0	8.63	4324.0	7.47
88600	9046.8	65.66186	10351.8	101.42133	23406.5	71.92935	3127.0	8.52	4339.0	7.06
88620	8980.9	66.37508	10613.5	99.03718	23210.5	72.06117	3361.0	8.44	4641.0	7.09
88640	9008.3	70.89919	10973.1	97.87613	22823.4	69.71085	3228.0	8.58	4203.0	7.51
88660	9004.4	71.68060	10973.2	98.84164	22827.3	66.98675	3437.0	8.68	4401.0	7.60
88680	8713.6	72.00948	11417.8	96.61116	22673.3	65.58559	3118.0	8.59	4330.0	7.61
88700	8847.6	72.76595	11695.6	97.19896	22261.4	68.17155	3199.0	8.72	4407.0	7.76
88720	8982.3	71.31533	11733.1	90.09580	22088.4	65.52546	3304.0	8.20	4142.0	7.54
88740	8997.6	74.25393	11885.2	91.51464	21921.4	65.25473	3527.0	8.41	4325.0	7.82
88760	9011.3	71.20528	11159.0	97.40129	22634.3	64.19333	3368.0	8.57	4348.0	7.53
88780	9064.5	74.06370	11462.0	100.83962	22278.3	65.35196	3676.0	8.98	4748.0	7.91
88800	8906.7	74.23493	11658.8	99.71086	22239.3	64.61536	3468.0	8.93	4737.0	7.92
88820	8916.7	74.90468	11543.9	100.11387	22344.4	66.44641	3720.0	8.96	4826.0	7.98
88840	9207.2	71.29255	11475.0	99.88520	22122.4	66.25911	3644.0	8.85	4809.0	7.70
88860	9150.0	68.27429	12064.4	96.96764	21589.4	65.78808	3558.0	8.73	5202.0	7.50
88880	8766.4	69.91031	12197.4	97.51215	21840.4	65.73341	3479.0	8.71	5274.0	7.56
88900	8839.0	66.72753	12069.4	96.91540	21895.3	64.09672	3382.0	8.66	5365.0	7.35
88920	9061.3	71.94984	11706.9	100.47514	22036.3	63.41259	3623.0	8.95	4923.0	7.81
88940	9043.3	70.95809	11600.9	99.61260	22160.4	67.42911	3527.0	8.84	4858.0	7.67
88960	8935.1	67.70944	11257.8	95.85436	22611.4	68.13407	3321.0	8.37	4639.0	7.24
88980	9133.9	67.02795	11092.1	98.58378	22578.4	66.74760	3368.0	8.58	4695.0	7.28
89000	9123.2	70.62896	11759.8	100.30147	21921.3	63.87626	3256.0	8.90	4712.0	7.68
89020	9298.0	69.67155	11847.0	103.21993	21659.4	65.16109	3420.0	9.14	5023.0	7.71
89040	9283.9	68.15480	11074.3	101.58846	22446.4	66.59466	3512.0	8.84	4743.0	7.45
89060	9318.0	69.38259	11297.0	98.24063	22189.2	61.95270	3633.0	8.66	4616.0	7.50
89080	9467.9	69.55079	11056.4	101.73516	22280.4	65.82526	3455.0	8.88	4362.0	7.58
89100	9709.0	72.94910	11160.1	98.84196	21935.3	63.02310	3894.0	8.89	4451.0	7.88
89120	9348.5	75.85777	11088.1	98.52376	22368.3	64.84232	3726.0	8.80	4117.0	8.00
89140	9375.5	75.99099	11007.0	96.57617	22422.3	65.29212	3543.0	8.69	3803.0	7.97
89160	9365.4	75.20955	11133.0	97.04794	22306.3	64.52982	3815.0	8.72	4159.0	7.93
89180	9369.4	75.41501	11224.9	96.51159	22210.5	68.18310	3573.0	8.67	3944.0	7.94
89200	9694.0	72.67144	10805.0	94.88487	22305.4	66.01007	3809.0	8.51	3951.0	7.71
89220	9547.1	72.90950	10989.7	92.52360	22267.6	72.40251	3807.0	8.35	3920.0	7.69
89240	9695.1	74.20554	10794.8	91.86717	22314.5	68.81554	4109.0	8.30	3876.0	7.75
89260	9267.6	76.94940	10960.5	89.02989	22576.3	66.02027	4002.0	8.13	3747.0	7.84
89280	9546.6	79.31617	10541.1	92.95864	22717.4	68.29471	3947.0	8.43	3236.0	8.12
89300	9581.6	79.06903	10522.8	89.18968	22700.3	65.06474	3924.0	8.16	3006.0	8.00
89320	9836.7	82.44155	10325.2	92.39853	22643.4	68.44821	4140.0	8.43	2920.0	8.34
89340	9746.4	78.19139	10298.0	90.55443	22760.3	65.87809	4076.0	8.20	3104.0	7.96
89360	9918.2	76.51902	10181.8	86.90166	22704.5	69.87079	4376.0	7.95	3202.0	7.78
89380	9805.4	78.28418	10441.8	88.78314	22557.5	70.77840	4657.0	8.14	3656.0	7.96
89400	9618.6	79.24882	10532.3	83.22725	22653.5	70.41145	4750.0	7.78	3463.0	7.92
89420	9440.6	78.15145	10513.5	85.40034	22850.4	68.07240	4104.0	7.85	3126.0	7.84
89440	9269.9	79.87784	10806.4	86.53498	22728.5	70.10125	3812.0	7.99	2999.0	8.00
89460	9571.7	80.18110	10212.9	87.82969	23020.4	69.31529	4488.0	8.01	3227.0	7.98
89480	9241.8	78.31468	10483.8	88.59921	23079.5	71.83521	4203.0	8.04	3505.0	7.86
89500	9085.8	77.39271	10603.9	90.91288	23115.4	68.55228	4247.0	8.18	3969.0	7.85
89520	9488.1	72.88412	10675.4	85.16559	22640.4	68.85939	3915.0	7.72	3307.0	7.45
89540	9207.5	74.81241	10812.3	84.73707	22784.5	71.77748	3625.0	7.77	3215.0	7.59
89560	8998.0	78.30951	10448.5	85.37685	23358.6	75.31899	3835.0	7.77	2982.0	7.75
89580	9352.8	79.43018	10942.0	81.60063	22509.4	68.66988	4100.0	7.66	3023.0	7.88
89600	9724.6	80.01520	10204.8	86.68950	22875.4	68.05515	4160.0	7.97	2740.0	8.01
89620	9952.2	77.41591	9805.1	87.50383	23047.4	68.16893	4186.0	7.92	2648.0	7.78
89640	9873.5	79.85232	9314.6	88.10202	23617.4	70.76045	4542.0	7.90	2549.0	7.88
89660	9880.4	79.62171	9613.9	82.92779	23310.4	70.35304	4649.0	7.58	2569.0	7.81
89680	9437.0	82.51267	9696.9	83.92814	23671.5	73.19718	4592.0	7.67	2615.0	7.99
89700	9440.0	82.95558	9897.7	83.30262	23467.4	71.45763	4495.0	7.68	2625.0	8.03
89720	9737.7	81.63502	9753.7	81.61300	23313.5	73.27043	4662.0	7.54	2432.0	7.95
89740	9883.8	84.60562	9675.0	84.69445	23246.4	69.30086	4788.0	7.80	2504.0	8.22
89760	9776.8	82.89764	9583.1	84.88554	23445.4	69.57075	4617.0	7.74	2396.0	8.03
89780	9642.7	80.36543	9840.1	87.39566	23322.4	69.45263	4216.0	7.91	2514.0	7.96
89800	9663.6	79.90575	10305.9	88.44194	22835.3	66.44547	4093.0	8.07	2918.0	8.00
89820	10235.2	79.10653	10191.2	91.72445	22378.4	66.24710	4123.0	8.39	2897.0	8.12
89840	9932.2	77.42219	10556.0	91.98034	22316.4	65.85779	3748.0	8.39	3032.0	8.01
89860	9681.6	80.43317	10628.7	89.60819	22494.3	65.98930	3919.0	8.25	2909.0	8.16
89880	9603.7	79.87412	10731.8	91.45114	22469.5	70.06489	3956.0	8.38	3271.0	8.16
89900	9658.2	74.30184	10708.5	86.42650	22437.5	69.46401	4103.0	7.91	3525.0	7.62
89920	9748.3	76.50531	10417.1	91.89001	22639.4	67.82212	4271.0	8.31	3725.0	7.89
89940	9766.4	78.02918	10346.3	93.91420	22692.4	67.95290	4360.0	8.45	3610.0	8.05
89960	9568.1	72.45679	10784.9	93.69411	22451.3	65.46300	3970.0	8.39	4101.0	7.65
89980	9929.1	75.31211	10617.1	94.13835	22258.4	66.25218	4349.0	8.51	3931.0	7.90
90000	9895.8	72.24671	10702.9	92.71309	22205.4	65.31136	4213.0	8.36	4050.0	7.65
90020	10087.9	74.77130	10535.2	94.65174	22181.3	64.25018	4553.0	8.58	4164.0	7.90
90040	9935.8	72.16753	10783.6	88.45795	22084.4	66.22441	4442.0	8.06	3995.0	7.58
90060	9944.1	75.60925	10673.9	91.83977	22186.4	66.24002	4765.0	8.34	4102.0	7.88
90080	9739.3	77.05832	10716.8	90.72500	22348.4	67.84311	4425.0	8.28	3818.0	7.94
90100	9722.1	74.23966	10723.8	91.74916	22358.4	67.94487	4351.0	8.31	4077.0	7.75
90120	9753.4	77.67325	10524.9	90.97021	22526.3	66.07015	4522.0	8.27	3901.0	7.93
90140	9989.1	76.61374	10358.2	93.19280	22457.4	67.12377	4800.0	8.41	4021.0	7.95
90160	9774.9	72.69381	10793.8	92.34540	22235.4	67.22454	4413.0	8.35	4311.0	7.67
90180	9578.1	72.63546	11392.5	93.24469	21833.5	67.34920	4262.0	8.49	4623.0	7.74
90200	9141.9	79.24569	11177.5	91.14104	22485.4	67.49397	4360.0	8.41	4346.0	8.09
90220	9375.6	77.40544	11662.0	87.48260	21766.4	66.17513	4067.0	8.23	4044.0	8.00
90240	9619.6	79.06036	11599.6	95.12449	21585.3	62.18972	3969.0	8.82	4093.0	8.31
90260	9536.4	76.31900	11649.5	94.89534	21618.3	62.91149	4073.0	8.76	4481.0	8.11
90280	9583.2	73.93276	11177.9	96.65703	22043.4	65.81038	4322.0	8.70	4750.0	7.87
90300	9501.0	70.93848	11402.5	92.47862	21900.4	64.47415	4032.0	8.38	4565.0	7.60
90320	9787.1	75.17006	11496.5	93.71999	21520.4	65.46178	4093.0	8.62	4306.0	7.97
90340	9519.1	73.13469	11688.4	93.64931	21596.3	63.08216	3820.0	8.59	4388.0	7.83
90360	9530.1	72.16143	11610.6	95.34301	21663.4	63.94251	3620.0	8.64	4316.0	7.77
90380	9636.1	73.88059	11647.5	95.00449	21520.4	64.38202	3575.0	8.73	4108.0	7.95
90400	9631.0	72.60777	11800.5	96.46802	21372.4	63.40654	3580.0	8.80	4419.0	7.88
90420	9872.7	69.77911	11735.6	97.06539	21195.3	61.85181	3788.0	8.81	4518.0	7.71
90440	10168.4	69.23629	11374.9	97.71902	21260.4	63.83345	3840.0	8.84	4458.0	7.66
90460	9527.9	70.84787	11621.4	92.85668	21654.3	63.47813	3966.0	8.44	4643.0	7.61
90480	9583.1	72.78779	11735.5	95.27945	21485.4	63.23970	3900.0	8.76	4728.0	7.84
90500	10136.6	70.68153	11683.6	96.77210	20983.4	63.58939	4026.0	8.83	4554.0	7.80
90520	9956.0	74.62515	11351.9	98.55083	21496.3	60.75293	4168.0	9.00	4383.0	8.09
90540	9683.5	78.15533	11671.8	99.44578	21449.3	60.95767	4230.0	9.15	4604.0	8.37
90560	10301.7	73.83897	11796.5	95.33497	20705.4	62.48107	4206.0	8.94	4466.0	8.13
90580	9893.0	73.64343	11807.3	92.52792	21103.3	61.75013	4347.0	8.62	4700.0	7.93
90600	9745.2	75.24448	11969.9	88.83608	21088.4	62.65409	4179.0	8.41	4297.0	8.01
90620	8977.8	75.96984	11791.3	92.40152	22035.3	64.27362	4074.0	8.47	4715.0	7.94
90640	9076.7	75.69616	11478.4	91.77014	22249.4	67.89093	3967.0	8.42	4418.0	7.90
90660	9101.5	73.61943	11443.2	88.93041	22259.4	68.14280	3906.0	8.13	4297.0	7.65
90680	9329.4	74.14460	11284.4	89.84493	22190.4	66.23759	3819.0	8.23	3920.0	7.76
90700	9408.4	75.03897	11030.4	88.13835	22365.4	67.96236	3714.0	8.06	3512.0	7.74
90720	9365.5	76.21421	11195.2	86.54208	22243.4	67.41222	3834.0	8.01	3462.0	7.81
90740	9457.6	78.22588	10767.7	90.50818	22579.4	66.91614	3930.0	8.27	3509.0	7.98
90760	9406.5	76.24621	11149.7	92.94569	22248.3	64.98449	3834.0	8.46	3817.0	7.94
90780	9274.7	77.59207	11207.7	93.65363	22322.4	65.90585	3854.0	8.52	3943.0	8.05
90800	9100.0	79.69657	11164.9	96.17142	22540.3	64.90579	4026.0	8.73	4232.0	8.21
90820	9516.7	79.16531	11136.0	97.20924	22152.4	65.83449	4625.0	8.87	4568.0	8.28
90840	9410.5	76.90174	10895.9	94.38898	22498.4	66.56084	4361.0	8.51	4388.0	7.97
90860	9599.1	72.91145	10759.8	91.48503	22445.4	67.33204	4510.0	8.24	4346.0	7.61
90880	9849.1	74.88934	10981.7	92.47173	21973.4	66.36547	4680.0	8.46	4462.0	7.90
90900	9706.1	74.30088	10691.9	91.93785	22406.4	67.73167	4245.0	8.32	4074.0	7.76
90920	9997.9	74.25035	10563.8	89.53573	22242.4	67.13768	4903.0	8.15	4293.0	7.72
90940	9426.9	80.96043	10379.2	93.09567	22999.4	68.85119	4828.0	8.45	4076.0	8.20
90960	9372.8	79.58614	11038.2	85.90074	22393.4	65.93253	4614.0	8.03	3923.0	8.03
90980	9518.7	79.43342	10485.8	89.32193	22800.3	66.30304	4715.0	8.16	3826.0	8.02
91000	9474.6	78.08956	10449.8	88.53455	22880.4	69.31971	4694.0	8.09	3830.0	7.89
91020	9854.5	80.05261	10753.4	85.43000	22196.4	66.32435	4656.0	8.01	3464.0	8.09
91040	9771.3	77.35050	11014.9	81.50676	22017.5	67.55662	4634.0	7.71	3520.0	7.86
91060	9653.5	79.01482	10990.3	86.78900	22160.5	68.42813	4355.0	8.10	3658.0	8.02
91080	9414.7	79.06607	11477.0	86.30776	21912.5	67.47618	4597.0	8.13	4261.0	8.07
91100	9206.9	78.86451	11646.2	90.38816	21951.4	65.76219	4340.0	8.40	4450.0	8.12
91120	9368.7	78.93568	10935.6	89.97579	22500.4	68.39347	4610.0	8.27	4199.0	8.03
91140	9670.6	79.42202	11224.6	91.97967	21909.4	65.49752	4449.0	8.57	4118.0	8.25
91160	9896.5	80.16096	11064.4	88.51432	21843.3	63.26469	4563.0	8.32	3699.0	8.26
91180	10239.0	76.92624	10869.3	86.21176	21695.4	66.35272	4541.0	8.12	3555.0	7.98
91200	9603.6	79.19904	11292.3	88.70864	21908.4	65.10800	4379.0	8.30	3848.0	8.16
91220	10248.1	78.46587	11347.3	89.20069	21208.4	63.98930	4387.0	8.42	3709.0	8.21
91240	10040.4	80.07961	11534.6	94.60690	21229.3	61.00813	4472.0	8.89	4142.0	8.52
91260	10077.1	76.54469	11914.9	87.64830	20811.3	61.12760	4291.0	8.38	4115.0	8.13
91280	10179.1	77.90236	11745.1	90.13234	20879.4	61.89150	4164.0	8.57	3801.0	8.29
91300	9734.6	79.86628	11491.3	91.14328	21578.3	61.86322	4309.0	8.59	4045.0	8.32
91320	9527.8	80.60848	11163.4	90.02767	22113.3	64.82415	4623.0	8.36	4013.0	8.27
91340	9879.5	80.23596	10931.6	90.53669	21993.3	61.88100	4734.0	8.43	3912.0	8.26
91360	9807.5	79.63106	10806.6	89.54676	22190.3	65.17680	4734.0	8.31	3877.0	8.16
91380	9658.8	82.64488	10700.0	94.08226	22446.2	62.54393	4573.0	8.64	3813.0	8.44
91400	9587.7	80.91441	10803.7	90.24275	22413.3	65.43081	4526.0	8.31	3744.0	8.20
91420	9231.1	82.32596	10716.9	92.27956	22857.4	67.69699	4420.0	8.42	3920.0	8.25
91440	9378.5	76.41389	10601.9	91.12841	22824.4	69.26435	4048.0	8.25	3678.0	7.85
91460	9626.4	77.28947	10622.3	96.68764	22556.4	66.45898	3933.0	8.67	3741.0	8.05
91480	9428.5	76.17613	10820.3	98.10202	22556.4	67.47069	3881.0	8.75	4084.0	7.98
91500	9482.5	76.95706	10509.2	94.58766	22813.4	68.30727	3991.0	8.50	3666.0	7.96
91520	9343.4	74.77520	10473.1	92.42583	22988.4	69.15239	3838.0	8.24	3564.0	7.70
91540	9052.8	76.62625	10826.8	92.09755	22925.4	67.83905	3760.0	8.29	3673.0	7.85
91560	9446.4	75.05638	10421.0	90.95825	22937.3	67.11113	3947.0	8.16	3613.0	7.68
91580	9309.6	76.52712	10327.1	91.11019	23168.4	69.53154	3852.0	8.15	3295.0	7.77
91600	9256.6	76.04688	10205.2	91.90330	23343.4	70.91633	3916.0	8.15	3517.0	7.70
91620	9109.6	74.94887	10423.0	90.85527	23272.5	72.58970	3828.0	8.09	3566.0	7.64
91640	9055.7	75.60160	10427.2	93.32122	23322.4	70.85265	3841.0	8.28	3756.0	7.73
91660	9500.4	76.48869	10283.2	92.61951	23021.4	68.78137	3971.0	8.29	3502.0	7.84
91680	9109.7	76.77641	10590.2	95.39380	23105.4	68.71694	3758.0	8.47	3714.0	7.90
91700	8924.8	76.01677	10625.9	91.55982	23254.4	68.96380	3318.0	8.13	3301.0	7.70
91720	9094.5	74.13086	11152.8	95.02695	22557.4	66.49236	2963.0	8.52	3480.0	7.79
91740	9315.6	76.55755	10855.0	94.37921	22634.4	66.53060	3406.0	8.51	3371.0	7.94
91760	9475.8	68.75919	10054.4	93.37744	23274.4	68.65074	3421.0	8.11	3440.0	7.21
91780	9460.3	74.15805	10328.1	92.23824	23016.4	69.91115	3370.0	8.22	3119.0	7.66
91800	9178.6	75.64287	10718.7	90.24169	22907.5	71.62641	3616.0	8.10	3405.0	7.72
91820	9378.0	70.25517	10656.7	88.78139	22769.5	70.65616	3839.0	7.94	3923.0	7.31
91840	9508.1	72.71190	10631.1	94.00332	22665.4	67.59955	3662.0	8.37	3689.0	7.65
91860	9492.0	71.20667	10513.0	92.13033	22799.4	67.93942	3705.0	8.17	3687.0	7.46
91880	9096.4	73.19922	10631.3	96.97370	23077.4	67.94423	3375.0	8.51	3876.0	7.63
91900	9265.1	70.35605	10309.6	97.37742	23230.5	71.58203	3317.0	8.42	3777.0	7.40
91920	9107.5	73.74537	10377.3	94.87621	23320.5	71.45379	3222.0	8.32	3322.0	7.59
91940	9088.4	72.91993	10963.6	91.01912	22752.4	69.66919	3386.0	8.15	3642.0	7.55
91960	9388.2	72.61066	10293.6	97.83919	23123.4	68.01837	3444.0	8.55	3560.0	7.62
91980	9123.3	71.93100	11118.6	92.35711	22562.4	67.31736	3255.0	8.26	3820.0	7.52
92000	9169.2	71.41077	10836.2	97.07171	22799.4	68.26793	3237.0	8.52	3925.0	7.54
92020	9246.2	71.50005	10823.3	99.26951	22735.3	66.68413	3241.0	8.65	3958.0	7.58
92040	9103.2	70.42033	10969.1	96.96149	22732.4	68.10897	3059.0	8.52	3891.0	7.48
92060	9043.3	71.75108	10946.6	90.11121	22814.4	69.27564	3126.0	8.06	3577.0	7.42
92080	8968.4	71.97163	10957.7	92.16447	22878.5	70.78575	3258.0	8.15	3697.0	7.48
92100	9027.4	72.03891	10946.4	87.18097	22830.4	69.62009	3525.0	7.86	3629.0	7.40
92120	9213.0	69.51582	10545.9	91.51276	23045.5	70.81081	3382.0	8.02	3636.0	7.23
92140	9663.7	69.17254	10964.5	88.45987	22175.5	68.52221	3428.0	7.98	3453.0	7.31
92160	8993.7	75.68057	11053.8	93.73041	22757.4	67.47387	3311.0	8.45	3602.0	7.87
92180	8922.8	75.66766	10749.1	95.60419	23133.3	66.59333	3374.0	8.48	3679.0	7.81
92200	9308.6	76.72549	11143.1	98.34165	22353.4	65.86036	3099.0	8.80	3431.0	8.06
92220	9145.6	75.77569	11070.4	89.14441	22588.3	65.78514	3307.0	8.13	3260.0	7.78
92240	9067.8	77.24189	10921.8	93.20175	22815.4	67.30164	2970.0	8.38	3014.0	7.92
92260	9056.7	75.99419	11472.4	92.48647	22275.4	65.77762	2767.0	8.43	3163.0	7.91
92280	9236.8	78.37276	11194.7	94.00064	22373.3	65.54504	2904.0	8.54	2960.0	8.08
92300	9235.0	80.32661	10970.8	93.02394	22599.4	68.02570	3285.0	8.47	3063.0	8.19
92320	9058.5	73.48062	10268.0	89.75327	23478.4	69.84731	3299.0	7.90	3046.0	7.43
92340	9132.3	71.94673	9926.4	92.46580	23746.4	70.32928	3178.0	8.03	2945.0	7.36
92360	8677.7	73.20965	10334.3	94.51006	23793.4	72.39460	3013.0	8.18	3365.0	7.45
92380	8588.8	73.29672	9860.1	100.35157	24357.4	72.04218	3038.0	8.44	3471.0	7.49
92400	9235.0	69.05875	9823.9	96.53405	23746.4	72.54030	3298.0	8.20	3463.0	7.21
92420	9302.3	73.20654	10033.6	95.09961	23469.4	69.79375	3430.0	8.29	3343.0	7.54
92440	8718.8	74.25388	10293.5	96.45001	23793.4	71.16621	3661.0	8.36	3990.0	7.59
92460	8500.9	73.51379	10346.6	98.29069	23958.3	70.08847	3098.0	8.41	3776.0	7.52
92480	8894.6	73.95912	10264.5	95.97610	23646.4	70.72528	3287.0	8.33	3559.0	7.57
92500	8777.6	72.19513	10455.0	91.28040	23572.5	73.00195	3458.0	7.99	3693.0	7.36
92520	8569.8	73.13536	10139.4	93.62993	24096.4	73.44373	3482.0	8.07	3842.0	7.39
92540	8952.2	69.93240	10363.6	98.42300	23489.5	72.20836	3265.0	8.43	3982.0	7.34
92560	8725.3	68.59090	10644.2	95.52818	23435.4	71.34941	3058.0	8.21	3970.0	7.20
92580	8659.6	71.20646	11047.9	95.06056	23097.5	71.82428	3030.0	8.33	3965.0	7.45
92600	8747.8	73.92941	10962.2	99.20550	23095.4	68.66178	3195.0	8.67	4124.0	7.74
92620	8721.6	72.02747	10908.2	98.04647	23175.3	67.29653	3086.0	8.56	4082.0	7.57
92640	8937.7	75.21600	11030.1	97.25859	22837.4	68.07355	3321.0	8.64	4015.0	7.80
92660	9123.9	66.91183	10885.0	95.93394	22795.4	68.37759	3311.0	8.35	4364.0	7.18
92680	9182.8	66.74220	11209.0	97.92400	22412.4	67.73558	3210.0	8.54	4465.0	7.26
92700	9242.3	72.95790	10809.6	102.12318	22753.4	67.63683	3363.0	8.93	4200.0	7.79
92720	8987.2	69.90011	10546.8	103.37615	23271.4	68.49756	3469.0	8.81	4565.0	7.47
92740	8882.1	67.97508	10881.7	104.75469	23041.5	71.92585	3599.0	8.87	5209.0	7.32
92760	8722.1	66.50956	11113.2	99.46346	22969.4	68.45433	3225.0	8.55	4872.0	7.16
92780	8580.2	66.62169	11249.0	97.97829	22975.4	67.57194	3104.0	8.44	4823.0	7.13
92800	8494.7	70.81973	11053.4	101.88338	23257.4	69.89019	3171.0	8.76	4645.0	7.51
92820	9057.0	68.19917	11286.0	98.56645	22461.5	69.93656	3172.0	8.64	4447.0	7.40
92840	8986.0	67.06960	11347.2	102.82358	22471.3	65.44111	3175.0	8.90	5052.0	7.35
92860	8888.1	67.60490	11340.5	105.73523	22576.4	66.53115	3054.0	9.08	5003.0	7.44
92880	8853.6	62.21689	11397.3	103.67770	22553.4	67.64874	2687.0	8.82	5032.0	6.96
92900	9356.6	65.22029	11612.4	106.85135	21835.5	67.19763	3009.0	9.21	5064.0	7.37
92920	9269.5	63.79422	11478.3	104.76806	22056.5	68.41426	3065.0	9.00	5113.0	7.18
92940	8886.7	63.77900	11173.3	101.78490	22744.4	69.44923	2971.0	8.64	4992.0	7.00
92960	8697.0	64.83637	11362.9	98.21307	22744.4	68.83857	2977.0	8.43	4823.0	7.03
92980	8602.3	68.07914	11446.2	103.40166	22756.4	67.97637	2691.0	8.88	4728.0	7.39
93000	8575.3	67.63175	11897.3	109.25839	22332.3	63.12829	2624.0	9.36	5161.0	7.50
93020	8475.5	68.85176	11815.1	104.55201	22514.3	65.34900	2745.0	9.04	5083.0	7.49
93040	8467.1	64.76358	11730.8	100.20018	22606.4	66.60262	2739.0	8.60	5018.0	7.07
93060	8415.3	66.51729	11968.6	99.10380	22420.4	68.24879	2613.0	8.66	4906.0	7.23
93080	8445.0	63.66154	11958.9	102.48377	22400.4	67.02192	2557.0	8.81	5244.0	7.07
93100	8645.1	65.70223	11424.5	106.78492	22735.4	67.62553	2739.0	9.05	5069.0	7.26
93120	8644.9	63.30867	11980.9	103.11560	22178.5	68.45272	2274.0	8.85	5033.0	7.06
93140	8427.9	62.70538	11913.0	104.20279	22463.4	67.81611	2309.0	8.87	5175.0	7.00
93160	8332.4	66.46080	11831.3	107.27176	22641.3	64.64117	2526.0	9.15	5270.0	7.33
93180	8673.4	69.88412	11719.3	107.59187	22412.3	64.31209	2505.0	9.33	4759.0	7.68
93200	8768.7	62.95572	11460.5	107.81724	22575.4	67.36556	2359.0	9.11	4998.0	7.10
93220	8458.1	64.52670	11935.0	104.33813	22411.4	66.54445	2321.0	8.93	4986.0	7.17
93240	8365.0	63.05737	12083.7	101.35864	22355.3	64.73935	2298.0	8.73	5174.0	7.00
93260	8627.1	65.90917	11777.4	108.61842	22400.4	66.32703	2530.0	9.25	5255.0	7.32
93280	9130.3	60.21440	11708.4	108.14023	21965.4	66.96533	2255.0	9.17	4971.0	6.98
93300	9026.3	59.98517	12135.1	107.89074	21642.4	65.52488	2188.0	9.17	5246.0	6.95
93320	8905.6	62.56246	11831.5	110.66403	22067.4	66.68316	2466.0	9.36	5318.0	7.15
93340	8774.5	60.35300	11784.7	113.65232	22245.4	66.52317	2229.0	9.43	5457.0	6.99
93360	8920.5	61.77674	11960.3	109.14230	21923.5	67.79065	2258.0	9.29	5238.0	7.09
93380	8595.8	61.93320	12211.0	107.32179	21997.4	65.44447	2362.0	9.14	5480.0	7.05
93400	8524.4	57.81360	11703.2	104.88911	22576.4	68.09962	2262.0	8.75	5542.0	6.58
93420	8144.8	58.98625	11944.2	106.83615	22715.4	67.94873	2282.0	8.89	5799.0	6.69
93440	8254.9	61.37456	11810.4	109.70281	22739.4	69.10790	2220.0	9.10	5562.0	6.93
93460	8062.2	62.64822	12339.3	112.29726	22403.4	67.31672	1790.0	9.39	5660.0	7.07
93480	8364.6	58.51597	12212.1	108.32018	22227.4	67.42322	1799.0	9.05	5412.0	6.73
93500	7836.4	62.83711	12248.2	110.21172	22720.4	67.82606	1705.0	9.24	5555.0	7.06
93520	7687.3	60.61067	11996.5	112.67205	23121.4	68.06374	1735.0	9.21	5803.0	6.82
93540	7765.3	61.41656	12191.1	107.89191	22848.4	69.23077	1799.0	8.98	5651.0	6.86
93560	7797.1	59.75959	11922.4	110.79334	23085.4	70.65495	1840.0	9.09	5755.0	6.74
93580	7714.3	61.17927	11734.4	108.95642	23356.4	69.89413	1865.0	8.94	5647.0	6.78
93600	7793.1	59.71105	11304.8	109.57352	23707.4	71.92307	1738.0	8.89	5386.0	6.67
93620	7717.4	61.61407	11546.5	108.59352	23541.5	73.74103	1672.0	8.91	5197.0	6.80
93640	7968.3	63.06428	11597.3	105.97370	23239.3	67.67076	1810.0	8.82	4982.0	6.92
93660	8073.1	61.53410	11932.3	109.62740	22799.4	67.78843	1700.0	9.13	5286.0	6.92
93680	8320.9	61.53448	12229.1	108.36933	22254.4	65.72125	1783.0	9.17	5362.0	6.99
93700	8217.8	59.97739	11967.3	109.92731	22619.4	68.64499	1998.0	9.14	5563.0	6.85
93720	8275.9	61.04928	11694.7	111.97463	22834.4	69.26333	1830.0	9.27	5381.0	6.93
93740	8204.9	60.37129	11937.5	111.83750	22662.3	65.75647	1757.0	9.25	5419.0	6.87
93760	8276.6	58.43299	12100.4	112.36014	22427.3	65.33773	1783.0	9.27	5759.0	6.74
93780	7995.1	61.14004	12006.5	112.14410	22803.4	68.11678	1990.0	9.30	5851.0	6.94
93800	7892.2	60.78525	12061.5	112.75728	22851.3	67.07856	2175.0	9.31	6107.0	6.90
93820	7989.0	60.28631	12259.3	111.73853	22556.4	67.00145	2095.0	9.28	6057.0	6.90
93840	8221.7	58.70995	12106.4	112.71166	22476.3	65.46010	2110.0	9.27	6012.0	6.76
93860	8395.7	60.13940	12169.5	113.50234	22239.4	66.91878	1831.0	9.44	5529.0	6.97
93880	8285.9	60.79539	12875.9	111.14877	21642.4	65.64931	2229.0	9.48	6226.0	7.06
93900	8060.0	60.47244	12827.1	114.47758	21917.4	66.58480	2018.0	9.60	6288.0	7.03
93920	8543.4	57.31333	12174.4	112.17277	22086.3	63.82270	2181.0	9.30	6004.0	6.71
93940	8340.6	58.22811	11969.9	117.93500	22494.4	67.49961	1949.0	9.60	6151.0	6.80
93960	8351.7	59.37018	12245.3	111.10963	22207.4	67.44671	2001.0	9.27	5804.0	6.86
93980	8282.9	61.12553	12149.7	117.51926	22372.4	66.56268	1738.0	9.66	5709.0	7.02
94000	8630.4	58.69797	11951.6	113.01890	22222.4	67.58078	2188.0	9.37	5800.0	6.83
94020	8538.5	58.93419	11605.8	112.61440	22660.5	70.09568	2212.0	9.25	5667.0	6.80
94040	8374.6	58.62884	11819.6	111.74255	22610.4	67.66883	2142.0	9.22	5799.0	6.75
94060	8526.5	58.91013	12271.4	113.02611	22006.4	66.50702	2073.0	9.48	5966.0	6.89
94080	8535.6	60.18467	12325.3	113.00506	21943.3	63.63910	2064.0	9.53	5842.0	7.02
94100	8354.7	59.55578	12180.0	121.14459	22270.4	68.04116	1984.0	9.90	6062.0	7.01
94120	8163.6	57.64932	12441.6	118.14662	22199.4	67.71953	2066.0	9.68	6556.0	6.79
94140	8296.2	54.05760	12181.7	117.30077	22326.4	66.89034	1993.0	9.48	6619.0	6.46
94160	8509.3	56.26481	11955.7	115.24125	22339.4	66.61145	2476.0	9.44	6510.0	6.64
94180	8347.3	55.20445	12234.3	112.24089	22222.4	67.69820	2355.0	9.23	6577.0	6.50
94200	8403.3	55.74753	11734.9	116.28030	22666.5	70.08687	2201.0	9.40	6283.0	6.55
94220	8426.4	57.01916	12026.2	108.94430	22351.5	68.71695	2329.0	9.02	6075.0	6.60
94240	7925.0	59.77557	12638.3	115.21959	22241.5	69.01453	2177.0	9.61	6547.0	6.96
94260	8260.9	61.08962	12481.8	106.57398	22061.5	67.95303	2406.0	9.04	5926.0	6.93
94280	8286.7	58.55304	11925.4	109.97201	22592.4	69.19324	2248.0	9.09	5891.0	6.72
94300	8437.6	59.03874	11482.1	115.58663	22885.3	67.13584	2320.0	9.41	5895.0	6.81
94320	8195.8	59.38970	11703.7	113.17239	22905.4	68.68481	2046.0	9.32	5875.0	6.79
94340	7862.2	60.51467	11289.1	113.98477	23654.4	70.18663	2010.0	9.21	5747.0	6.80
94360	8105.7	57.94553	11781.6	111.48524	22917.4	69.68002	1716.0	9.08	5693.0	6.61
94380	8082.1	61.64293	11424.1	115.85842	23299.4	69.82433	1926.0	9.42	5530.0	6.98
94400	8477.9	62.47793	11222.4	117.89539	23105.3	67.07744	1976.0	9.57	5187.0	7.08
94420	8134.4	64.63361	12090.6	114.53737	22580.3	65.51236	1849.0	9.56	5307.0	7.30
94440	7983.3	63.15188	12029.2	108.37412	22792.4	67.28440	2053.0	9.11	5492.0	7.05
94460	7853.0	59.29912	12149.9	105.33929	22801.5	70.78390	1570.0	8.76	5275.0	6.68
94480	7899.8	57.76193	11705.5	109.29914	23199.5	71.08723	1736.0	8.93	5722.0	6.55
94500	7818.1	59.46208	11803.2	106.44387	23183.6	74.48421	1580.0	8.75	5338.0	6.63
94520	8305.6	58.08474	11893.2	107.45400	22605.5	69.66058	1555.0	8.91	5111.0	6.63
94540	8304.8	59.89735	12059.4	110.85781	22440.4	67.71909	1645.0	9.21	5299.0	6.85
94560	7873.0	58.71937	12282.1	109.61505	22649.5	69.59207	1613.0	9.06	5683.0	6.71
94580	8047.9	59.65825	12281.3	112.73501	22475.4	67.57660	1891.0	9.33	5949.0	6.85
94600	8235.7	58.24972	12294.3	112.78826	22274.4	67.28909	1969.0	9.36	6030.0	6.77
94620	8308.8	60.63447	12216.0	107.58247	22279.4	66.20373	2078.0	9.09	5628.0	6.91
94640	8316.0	62.33094	12264.1	108.39533	22224.5	68.39353	2136.0	9.18	5612.0	7.04
94660	7905.9	58.24926	11728.6	112.00733	23170.5	71.84162	1958.0	9.11	5954.0	6.64
94680	8168.5	56.37450	11907.4	110.66269	22728.4	67.73628	1820.0	9.09	5856.0	6.55
94700	8272.5	57.28291	11718.8	114.22454	22813.4	67.79131	1872.0	9.30	5900.0	6.62
94720	7775.1	59.70524	12105.5	114.18176	22924.4	68.54302	1943.0	9.33	6254.0	6.79
94740	7949.0	59.56956	11987.6	114.10888	22868.3	66.17686	1909.0	9.35	5961.0	6.82
94760	8024.2	62.48045	12042.8	116.77875	22738.3	66.19619	2006.0	9.63	5927.0	7.12
94780	7970.2	61.61740	11775.2	120.82653	23060.4	69.72165	1748.0	9.79	5867.0	7.05
94800	8377.7	59.39424	11437.0	114.72230	22990.4	69.92647	1783.0	9.32	5362.0	6.81
94820	7841.2	60.39310	11381.9	112.37945	23582.4	70.46366	1657.0	9.09	5401.0	6.74
94840	7849.3	61.48514	12145.5	114.45262	22810.4	67.49728	1305.0	9.42	5301.0	6.98
94860	8020.0	60.66617	12256.4	113.70114	22528.4	66.96517	1451.0	9.40	5509.0	6.93
94880	7861.1	59.69028	11800.6	112.56645	23143.4	68.08154	1385.0	9.18	5313.0	6.76
94900	7745.2	60.32247	12105.5	113.78368	22954.5	71.12872	1317.0	9.30	5536.0	6.84
94920	7829.4	62.60493	12318.4	113.34717	22657.3	66.37414	1370.0	9.43	5409.0	7.08
94940	7941.2	61.48395	12550.3	114.91682	22313.4	65.85022	1538.0	9.57	5761.0	7.06
94960	8263.4	55.98904	12463.2	111.98801	22077.4	66.72935	1673.0	9.24	6087.0	6.56
94980	7989.6	55.93712	12673.5	119.20845	22141.4	66.87574	1449.0	9.69	6368.0	6.67
95000	7943.6	55.74726	12924.5	120.75075	21936.4	65.05938	1526.0	9.89	6646.0	6.70
95020	8275.3	54.76848	12750.0	111.62489	21778.4	65.33371	1627.0	9.25	6144.0	6.50
95040	7779.7	55.73995	13203.1	117.85133	21821.3	62.98426	1641.0	9.73	6918.0	6.68
95060	7689.9	56.83590	13067.6	124.41505	22047.3	63.70849	1445.0	10.12	7009.0	6.79
95080	7710.8	55.68692	13144.5	122.65000	21949.4	65.22497	1534.0	9.99	7054.0	6.70
95100	7964.4	54.12791	12750.5	119.94311	22089.3	63.50822	1523.0	9.71	6733.0	6.50
95120	8029.4	53.73466	13102.2	118.58781	21672.4	65.47670	1569.0	9.71	6934.0	6.51
95140	8009.5	55.14162	13078.4	121.71283	21716.4	64.49733	1575.0	9.94	6876.0	6.68
95160	8466.3	55.86821	13179.0	116.15106	21158.4	62.80964	1943.0	9.76	6660.0	6.76
95180	8719.2	57.23464	13300.1	118.34214	20784.4	63.29733	2092.0	10.05	6631.0	6.98
95200	8646.1	54.78191	13183.0	116.02833	20974.4	61.95948	1950.0	9.78	6681.0	6.71
95220	8434.4	57.46003	13582.1	119.90373	20787.4	61.29772	2156.0	10.16	7106.0	6.99
95240	8590.3	56.53945	13253.4	122.60495	20960.3	60.75716	1951.0	10.26	6844.0	6.95
95260	8856.9	54.09119	13307.1	118.25511	20639.3	58.89648	1704.0	9.98	6436.0	6.73
95280	8460.3	56.32067	13278.2	119.02556	21065.4	62.84223	2043.0	9.98	6840.0	6.86
95300	8369.2	54.78428	13287.0	116.81063	21147.4	62.37343	1953.0	9.77	6938.0	6.68
95320	8457.3	56.33112	13274.3	120.46364	21072.4	63.52114	1941.0	10.10	6825.0	6.90
95340	8068.5	55.51965	13275.2	119.13569	21460.3	60.80079	2241.0	9.86	7415.0	6.72
95360	7930.5	55.04032	13217.4	122.08136	21656.3	63.08272	2027.0	10.01	7400.0	6.70
95380	8075.5	55.53678	13344.5	124.33479	21384.3	61.35582	2211.0	10.24	7605.0	6.81
95400	8399.5	57.99675	13010.8	127.39801	21394.3	60.48572	2474.0	10.55	7455.0	7.08
95420	8315.5	57.19285	13267.4	123.45969	21221.3	59.90479	2557.0	10.32	7625.0	6.99
95440	8730.2	56.67633	13285.5	124.28227	20788.4	61.27710	2836.0	10.43	7548.0	7.03
95460	8779.0	55.20611	13179.5	123.39061	20845.2	57.53168	2687.0	10.31	7457.0	6.87
95480	8717.3	57.66328	13190.9	129.91163	20896.2	58.21277	2986.0	10.82	7865.0	7.16
95500	8740.1	55.92923	13205.3	120.49565	20858.4	61.29971	3045.0	10.12	7830.0	6.86
95520	8376.6	58.38006	13638.9	117.02939	20788.3	58.58229	2687.0	10.02	7524.0	7.06
95540	8516.5	59.04471	13435.0	116.91036	20852.3	59.45025	2924.0	10.00	7391.0	7.11
95560	8490.6	59.27955	13444.8	114.51256	20868.3	60.03844	2844.0	9.84	7191.0	7.11
95580	8972.2	58.34688	13324.8	114.00474	20506.4	60.26197	3101.0	9.89	7119.0	7.10
95600	9357.3	61.76859	13557.7	114.22963	19888.4	58.57342	3077.0	10.18	6729.0	7.51
95620	9152.5	62.65647	13530.7	113.23063	20120.4	60.09218	3070.0	10.04	6635.0	7.53
95640	9123.3	60.21308	13210.0	115.50224	20470.3	58.57843	2945.0	10.02	6758.0	7.26
95660	9182.3	60.31615	13796.7	114.93296	19824.4	58.35953	3076.0	10.21	7126.0	7.40
95680	9087.2	58.72991	14158.4	112.41348	19557.4	57.61950	2637.0	10.05	6960.0	7.25
95700	8910.3	58.80059	14093.7	117.36460	19799.3	56.68783	2596.0	10.26	7214.0	7.24
95720	9052.9	55.99163	13946.9	120.48166	19803.3	57.03551	2576.0	10.46	7394.0	7.06
95740	9042.8	54.81771	13667.4	126.56881	20093.3	58.08962	2652.0	10.71	7623.0	7.00
95760	8978.6	51.94715	13681.0	119.68730	20143.3	57.82831	2526.0	10.10	7472.0	6.63
95780	8777.0	54.72153	13654.9	116.96077	20371.4	60.38151	2500.0	9.97	7374.0	6.77
95800	9114.9	55.76588	12932.3	118.29946	20756.3	60.56636	2923.0	10.00	7047.0	6.88
95820	9436.8	56.51621	13149.0	115.26214	20217.3	57.87703	2969.0	9.95	6771.0	7.01
95840	9003.0	56.59143	13279.9	113.92944	20520.2	57.39472	2972.0	9.80	7129.0	6.92
95860	8913.3	59.38598	13247.1	118.38154	20643.3	60.54994	3097.0	10.17	7247.0	7.23
95880	8734.3	57.92281	13293.0	116.11654	20776.3	60.24557	3166.0	9.93	7420.0	7.05
95900	8969.8	53.51330	12925.7	108.65694	20907.3	60.66428	3125.0	9.24	7128.0	6.51
95920	8890.3	58.70087	13032.2	116.65590	20881.4	61.73867	2980.0	9.97	7129.0	7.08
95940	8998.0	56.61475	13193.1	117.38805	20612.4	60.97060	3149.0	10.01	7377.0	6.97
95960	8904.1	57.23622	13094.1	116.38186	20805.5	63.89346	2893.0	9.93	7098.0	6.97
95980	8916.1	57.07336	13379.4	106.82910	20507.4	61.14443	2940.0	9.36	6821.0	6.88
96000	9206.0	57.83145	13050.0	114.96869	20547.3	59.90604	2821.0	9.92	6758.0	7.05
96020	9063.9	55.66802	13366.6	109.80284	20372.4	61.41804	2809.0	9.52	6815.0	6.81
96040	8922.4	59.70772	13290.4	106.52124	20590.4	62.07191	2832.0	9.39	6492.0	7.10
96060	8691.7	62.43394	13198.8	112.72127	20913.3	60.40061	3278.0	9.80	7177.0	7.34
96080	8605.5	59.32181	13263.8	111.98860	20934.4	62.47804	3088.0	9.65	7179.0	7.04
96100	8774.6	61.31260	13417.7	113.21177	20611.4	60.98256	3011.0	9.88	6983.0	7.31
96120	8839.6	61.42328	13380.8	113.29909	20583.3	59.07103	3286.0	9.92	7125.0	7.35
96140	8891.6	62.67723	13157.0	115.14761	20755.3	60.24625	2952.0	10.02	6622.0	7.45
96160	9103.5	62.18117	13106.5	106.40384	20593.4	61.67273	3133.0	9.43	6225.0	7.30
96180	8920.9	65.46040	12550.8	106.76581	21332.5	65.42107	3351.0	9.37	6136.0	7.45
96200	9011.8	65.74435	12445.6	102.13389	21346.3	60.80444	3353.0	9.06	5703.0	7.40
96220	8984.9	66.77280	12429.8	106.05920	21389.3	61.94577	3051.0	9.33	5519.0	7.54
96240	9120.7	65.30768	12174.9	105.41031	21508.3	63.08213	3143.0	9.23	5530.0	7.41
96260	9292.5	64.17931	11833.5	110.72120	21678.4	64.86983	3011.0	9.50	5466.0	7.37
96280	9272.6	64.82898	12021.6	114.43819	21510.3	62.19048	3203.0	9.82	5888.0	7.51
96300	9243.5	63.43025	11647.6	110.97809	21913.3	63.06406	3373.0	9.49	5869.0	7.30
96320	8642.1	66.32727	11674.4	107.60054	22488.3	63.79126	3143.0	9.21	5678.0	7.39
96340	8894.3	70.26860	11621.3	105.90243	22289.3	64.71060	3217.0	9.21	5056.0	7.68
96360	8849.2	68.37411	11406.5	107.08679	22549.3	64.75839	3315.0	9.17	5279.0	7.50
96380	8984.6	62.98798	11803.3	107.62011	22016.3	62.85408	3034.0	9.20	5590.0	7.17
96400	9128.6	64.23222	11836.1	105.70718	21839.3	62.86364	3178.0	9.16	5529.0	7.27
96420	9126.7	64.77056	11759.2	105.46240	21918.5	67.30090	3098.0	9.10	5293.0	7.29
96440	8797.8	63.95949	11480.3	104.32506	22526.3	65.97228	2636.0	8.89	4933.0	7.09
96460	8615.1	65.24451	11517.3	104.47953	22672.3	64.79684	2688.0	8.90	5038.0	7.19
96480	8437.5	69.09692	11786.1	104.95175	22581.4	67.66075	2803.0	9.13	5216.0	7.53
96500	8391.6	68.78923	11819.1	105.20787	22594.4	67.54484	2899.0	9.09	5432.0	7.49
96520	8644.1	65.85554	12161.8	103.12607	21998.4	65.45127	2573.0	9.02	5085.0	7.34
96540	9182.6	63.76107	12019.0	105.12000	21602.4	63.75845	2717.0	9.13	5060.0	7.27
96560	9041.6	63.74173	12012.1	107.18416	21750.4	65.43844	2916.0	9.28	5531.0	7.28
96580	8688.0	65.34646	12260.5	99.43294	21855.3	63.71943	3081.0	8.73	5418.0	7.22
96600	8892.0	66.49902	11777.2	106.09438	22135.4	65.31700	2788.0	9.17	5073.0	7.41
96620	8762.1	67.07613	12292.8	104.91945	21749.4	64.89569	2722.0	9.16	5080.0	7.49
96640	8794.9	65.05760	11817.8	100.87324	22191.3	63.93973	2770.0	8.78	4933.0	7.20
96660	8946.1	68.17636	11712.0	102.79240	22146.3	62.96812	2721.0	9.00	4643.0	7.49
96680	8942.0	67.19684	11586.4	106.83106	22276.4	66.51639	2678.0	9.22	4830.0	7.45
96700	8748.3	68.86436	11551.3	105.33541	22505.4	67.06827	2721.0	9.11	4700.0	7.55
96720	8815.9	64.72303	11716.1	104.04410	22272.5	69.57426	2440.0	8.97	4873.0	7.21
96740	8709.8	63.00913	11853.1	105.69434	22241.4	66.65710	2658.0	9.01	5330.0	7.09
96760	8597.8	62.47529	11648.2	105.10427	22558.5	69.11366	2814.0	8.86	5567.0	6.97
96780	8647.0	65.32539	11731.0	102.56807	22426.5	69.70804	2856.0	8.79	5202.0	7.16
96800	8517.1	64.53088	11930.5	96.58185	22356.5	69.68878	2817.0	8.42	5030.0	7.05
96820	8514.4	67.93541	12294.5	99.52719	21995.4	65.03196	2656.0	8.79	4997.0	7.41
96840	8503.2	66.36101	12287.0	107.59865	22014.4	65.67219	2155.0	9.29	5098.0	7.41
96860	8469.1	64.67933	12340.7	104.11756	21994.4	65.56743	2326.0	9.02	5272.0	7.23
96880	8844.0	66.18481	12364.8	104.96211	21595.3	62.70811	2530.0	9.19	5050.0	7.45
96900	8694.1	66.44213	12412.9	107.03415	21697.4	66.02891	2323.0	9.34	5138.0	7.47
96920	8362.2	65.02679	12479.8	105.43982	21962.4	65.71035	2235.0	9.12	5316.0	7.27
96940	8320.2	64.28471	11800.0	104.00738	22684.4	66.97862	2439.0	8.85	5157.0	7.09
96960	8230.2	63.85284	11799.9	101.76298	22774.4	68.91175	2456.0	8.67	5174.0	6.99
96980	8325.2	64.93004	11863.7	99.81753	22615.4	69.06635	2556.0	8.56	5003.0	7.05
97000	8432.2	65.47357	11727.3	106.92481	22645.5	69.66516	2161.0	9.09	4871.0	7.24
97020	8238.2	63.79203	12126.8	103.28798	22439.4	67.96105	2198.0	8.84	5218.0	7.08
97040	7867.6	64.50138	12475.7	104.61206	22461.4	66.33244	1978.0	8.95	5453.0	7.11
97060	8080.5	65.77015	12227.9	105.46973	22496.4	67.42375	1915.0	9.03	4998.0	7.24
97080	8017.3	63.66001	12612.7	105.93465	22174.4	65.29743	1706.0	9.06	5258.0	7.12
97100	8600.5	58.63115	11837.3	107.53939	22366.5	68.56267	1741.0	8.98	5062.0	6.72
97120	9007.0	56.56795	12066.2	108.51843	21730.3	63.54425	1740.0	9.15	5168.0	6.66
97140	8696.2	56.64918	12115.4	112.24988	21992.3	62.64973	1969.0	9.35	5816.0	6.69
97160	8540.7	60.93487	11743.7	113.79376	22520.3	65.09387	1997.0	9.46	5478.0	7.01
97180	8614.4	57.77257	12126.5	113.69085	22063.4	66.61460	1891.0	9.41	5638.0	6.81
97200	8443.5	58.38106	12299.0	108.25533	22061.5	67.86444	1898.0	9.08	5610.0	6.74
97220	8191.8	59.47208	12484.9	107.96676	22127.3	64.60037	1661.0	9.10	5555.0	6.82
97240	7858.2	60.95915	11740.2	105.65394	23206.4	70.87198	1506.0	8.77	4933.0	6.78
97260	8073.1	61.84557	11787.2	106.53283	22944.5	70.55716	1413.0	8.88	4721.0	6.87
97280	8009.1	61.31013	11498.4	105.90353	23297.5	72.32413	1434.0	8.79	4664.0	6.82
97300	8057.2	62.93502	11514.7	111.28448	23233.4	69.52383	1416.0	9.15	4737.0	7.00
97320	7912.3	62.05033	11579.9	114.20797	23313.5	73.02679	1389.0	9.28	5050.0	6.94
97340	7619.4	61.17508	11981.5	111.78938	23204.5	72.39387	1365.0	9.16	5350.0	6.86
97360	7613.5	61.51766	12143.6	115.55929	23048.4	70.47306	1522.0	9.43	5788.0	6.95
97380	7626.2	59.32041	12318.3	112.86471	22860.4	69.17799	1415.0	9.26	5818.0	6.77
97400	7872.1	60.00127	12516.1	110.57609	22416.5	69.85520	1565.0	9.20	5713.0	6.82
97420	7845.2	60.76255	12887.7	108.45424	22071.4	67.03398	1583.0	9.23	5835.0	6.93
97440	8362.7	59.11779	12724.9	110.54045	21716.4	65.82588	1561.0	9.34	5535.0	6.90
97460	7931.9	58.43758	12645.0	109.95860	22227.5	68.92274	1278.0	9.15	5652.0	6.72
97480	8196.4	55.02446	12111.7	117.09276	22496.4	67.72491	1253.0	9.45	5817.0	6.53
97500	8347.4	56.51385	12175.7	117.82461	22281.4	66.87770	1515.0	9.62	5887.0	6.71
97520	8206.4	55.63472	12087.4	112.04661	22510.4	67.07324	1621.0	9.15	5793.0	6.50
97540	8168.4	55.48202	12537.1	111.28837	22098.5	68.04339	1490.0	9.21	6008.0	6.54
97560	8154.6	57.59617	12330.5	115.63140	22319.4	65.70708	1284.0	9.48	5656.0	6.74
97580	7900.8	56.82572	12390.3	112.73112	22513.4	67.23644	1461.0	9.27	5970.0	6.62
97600	7722.0	58.20336	12279.6	116.44236	22803.4	67.40018	1413.0	9.46	6085.0	6.73
97620	7850.8	56.63273	12136.6	115.06775	22817.4	67.31523	977.0	9.30	5624.0	6.56
97640	8003.7	57.26424	11753.7	113.81338	23047.4	68.54671	990.0	9.24	5230.0	6.62
97660	7939.0	59.82611	12113.1	122.49129	22753.4	68.83842	833.0	9.85	5389.0	6.94
97680	8273.4	55.94867	12251.7	117.93561	22279.4	66.54748	811.0	9.58	5356.0	6.65
97700	8362.4	56.26694	12160.7	117.06461	22281.4	66.66411	976.0	9.52	5320.0	6.66
97720	8284.4	56.08232	12652.0	110.85093	21867.4	66.60392	982.0	9.23	5298.0	6.64
97740	8274.5	56.39910	12722.9	109.05388	21806.4	66.50086	1032.0	9.15	5331.0	6.63
97760	8116.6	57.17553	12780.1	112.66999	21907.5	67.11933	857.0	9.37	5407.0	6.73
97780	7953.8	57.31844	12904.1	113.90826	21946.5	67.67137	916.0	9.44	5632.0	6.72
97800	7699.0	57.90056	13122.1	116.93679	21983.4	66.88910	878.0	9.66	6055.0	6.77
97820	7553.0	57.09278	13134.8	110.85747	22116.4	66.50789	872.0	9.23	5912.0	6.64
97840	7896.8	57.18581	12852.4	118.46957	22055.3	63.87096	853.0	9.76	5899.0	6.79
97860	7760.8	56.62498	12963.5	121.44233	22080.4	65.84727	858.0	9.90	6204.0	6.74
97880	7757.1	59.55770	12838.1	113.94590	22209.4	67.85323	1064.0	9.50	5653.0	6.91
97900	7631.4	60.85453	12185.4	113.06280	22988.4	69.02906	1105.0	9.30	5429.0	6.89
97920	7620.2	58.87198	12459.3	114.11025	22725.4	68.32306	860.0	9.36	5500.0	6.78
97940	8137.7	57.98964	12344.4	114.55031	22322.3	64.96216	954.0	9.40	5268.0	6.75
97960	7946.0	59.18137	12244.7	117.25501	22614.3	65.93049	951.0	9.59	5397.0	6.86
97980	8253.6	58.30452	12197.5	113.92939	22353.4	66.37215	1002.0	9.39	5087.0	6.78
98000	8097.9	59.41517	12447.4	114.97904	22259.4	66.29459	1101.0	9.53	5407.0	6.91
98020	7774.1	59.32157	12660.4	117.69071	22370.3	64.17261	1257.0	9.70	5948.0	6.93
98040	7834.9	57.70187	12768.0	111.00484	22201.4	66.46862	1348.0	9.24	5951.0	6.71
98060	7940.7	56.59456	12590.1	111.51305	22273.5	68.99239	1358.0	9.21	5899.0	6.60
98080	7914.7	56.53660	12776.4	118.07750	22113.3	64.46137	1285.0	9.67	6207.0	6.71
98100	7772.0	58.51437	12470.4	115.80243	22562.4	66.45435	1530.0	9.48	6179.0	6.77
98120	8256.2	53.76575	12499.4	115.60525	22048.3	64.16643	1592.0	9.42	6348.0	6.43
98140	8175.5	56.11535	12519.7	119.84930	22109.4	65.70447	1613.0	9.80	6498.0	6.69
98160	7868.8	56.94600	12691.8	123.19419	22244.3	64.98500	1465.0	10.00	6604.0	6.79
98180	7850.7	56.15819	13004.5	121.37594	21949.3	64.07597	1546.0	9.93	6832.0	6.74
98200	8287.3	54.55202	13103.5	122.95949	21413.3	62.13376	1603.0	10.06	6850.0	6.67
98220	8078.8	58.25384	13229.7	126.75993	21496.4	63.36010	1577.0	10.44	6929.0	7.03
98240	8231.5	56.93074	13372.1	118.03544	21200.3	62.05944	1653.0	9.94	6583.0	6.89
98260	8475.0	53.34689	13372.0	117.37208	20956.3	59.01882	1615.0	9.81	6759.0	6.58
98280	8242.4	55.70927	13581.2	122.64664	20980.5	64.64533	1649.0	10.22	7037.0	6.85
98300	8308.4	56.39366	13650.9	117.51348	20844.4	61.98010	1460.0	9.96	6612.0	6.87
98320	8376.4	56.72825	13537.0	118.62357	20890.5	64.02023	1649.0	9.98	6515.0	6.91
98340	8699.0	54.56509	13033.3	119.32689	21071.4	62.49417	1616.0	9.93	6386.0	6.71
98360	8596.1	54.94963	12937.5	120.79143	21270.4	63.05648	1782.0	10.00	6562.0	6.74
98380	8102.7	57.94048	12765.7	122.95626	21936.3	62.06853	1750.0	10.06	6559.0	6.94
98400	7935.6	55.27417	13056.4	121.25488	21812.3	61.70097	1757.0	9.96	7187.0	6.68
98420	8054.6	55.98418	12934.2	116.96659	21815.5	67.39723	1855.0	9.67	6781.0	6.68
98440	7951.9	58.56467	12840.3	116.44479	22012.3	62.84976	1957.0	9.64	6679.0	6.86
98460	8063.6	56.22244	12634.4	116.78531	22106.4	66.19965	1927.0	9.58	6733.0	6.66
98480	8313.7	59.40821	12179.7	117.41236	22311.3	65.27156	2062.0	9.68	6126.0	6.94
98500	8092.5	55.25181	12221.6	116.60397	22490.2	62.82801	1704.0	9.47	6473.0	6.52
98520	8295.3	55.22439	12786.9	111.04520	21721.3	63.78109	1659.0	9.25	6119.0	6.56
98540	8455.4	56.64658	12650.1	112.10697	21698.4	64.19705	1530.0	9.40	5772.0	6.73
98560	8779.1	56.08985	12577.1	110.95281	21447.4	64.01495	1766.0	9.36	5669.0	6.71
98580	8464.5	58.27678	12426.7	119.16537	21913.4	66.30325	1576.0	9.84	5877.0	6.92
98600	8219.8	59.36329	12644.2	114.00550	21940.4	65.26484	1494.0	9.56	5801.0	6.92
98620	8269.8	59.83392	12363.3	112.48873	22171.5	68.13660	1366.0	9.43	5394.0	6.93
98640	8137.0	60.64740	12926.3	117.72567	21741.3	63.72975	1517.0	9.87	5978.0	7.11
98660	8264.5	56.40587	12680.3	115.57108	21859.4	64.28830	1600.0	9.57	6185.0	6.72
98680	7889.7	56.40301	12797.4	118.66661	22117.4	65.88538	1426.0	9.70	6399.0	6.70
98700	7887.8	57.49727	12322.4	114.37759	22594.4	68.40438	1570.0	9.35	6136.0	6.68
98720	8102.5	55.94866	12022.6	114.78696	22679.4	68.79062	1418.0	9.33	5865.0	6.56
98740	7766.7	55.33974	11595.0	116.02739	23443.4	70.49803	1479.0	9.23	6014.0	6.42
98760	8047.9	59.47565	11151.6	119.29324	23606.4	71.38858	1731.0	9.50	5756.0	6.78
98780	8074.7	57.10674	11086.2	113.07233	23644.5	73.01588	1605.0	8.99	5416.0	6.48
98800	8108.6	56.45927	11264.0	112.39305	23432.4	69.84239	1607.0	8.99	5417.0	6.45
98820	8206.6	57.69481	11259.7	109.05871	23338.4	71.29040	1541.0	8.81	5107.0	6.50
98840	8492.3	56.57297	11303.9	111.00246	23008.5	72.03521	1548.0	9.02	5160.0	6.52
98860	8192.7	58.01479	11142.9	109.50274	23469.4	71.74037	1785.0	8.87	5197.0	6.55
98880	8128.2	62.75224	11262.9	111.82888	23414.4	70.51618	1829.0	9.15	5057.0	6.96
98900	8169.2	63.13480	11591.8	113.55546	23044.4	67.90888	1740.0	9.36	5175.0	7.08
98920	8152.1	62.43313	11403.0	113.78631	23250.4	69.83282	1740.0	9.33	5169.0	7.00
98940	7806.3	61.80289	11006.1	111.77736	23993.5	73.71925	1837.0	9.01	5255.0	6.80
98960	8276.8	60.43041	11313.0	112.60552	23215.4	70.06316	1891.0	9.19	5302.0	6.82
98980	8154.8	58.84078	11216.8	109.89088	23433.4	71.77939	1941.0	8.89	5395.0	6.61
99000	8189.9	59.94194	11262.5	106.04334	23352.5	72.16447	1954.0	8.69	5059.0	6.66
99020	8173.7	58.13019	11081.9	109.08803	23549.5	72.21078	2051.0	8.82	5461.0	6.55
99040	8393.8	60.52399	11271.0	112.38435	23140.4	70.77354	2178.0	9.19	5428.0	6.84
99060	8397.7	60.32778	11125.9	110.16143	23281.4	71.30283	2211.0	8.99	5266.0	6.78
99080	7992.9	59.05048	11530.3	105.61199	23281.4	69.47839	1847.0	8.69	5251.0	6.60
99100	8385.7	59.56268	10993.0	110.35922	23426.5	72.26444	1788.0	8.97	4868.0	6.71
99120	8041.1	61.30385	10950.1	111.57320	23814.5	73.28949	1910.0	9.03	5102.0	6.82
99140	8423.0	63.11361	11252.9	111.52133	23129.4	69.94832	1900.0	9.18	4801.0	7.04
99160	8673.4	58.79597	11841.3	108.28380	22289.4	68.06373	1647.0	9.03	4840.0	6.76
99180	8107.1	61.55975	11587.2	104.82769	23110.4	69.38967	1911.0	8.74	5015.0	6.80
99200	8062.8	58.37409	11820.0	103.73132	22921.5	73.05018	2029.0	8.60	5556.0	6.54
99220	7955.0	59.57671	11492.3	104.57744	23357.5	71.86281	1945.0	8.61	5286.0	6.60
99240	8087.8	59.06345	11393.5	107.26755	23323.5	74.34903	2052.0	8.72	5371.0	6.58
99260	8023.1	61.39438	11221.0	111.71230	23561.4	72.09065	2055.0	9.12	5498.0	6.84
99280	8398.9	62.23162	11532.4	107.01889	22873.4	68.40713	1920.0	8.95	4824.0	6.95
99300	8753.5	60.63254	11628.4	107.26221	22422.4	66.59082	1940.0	9.04	4850.0	6.91
99320	8837.8	63.65481	11889.2	107.08691	22077.5	68.03653	2307.0	9.17	4990.0	7.20
99340	8742.7	62.20465	12053.2	108.53524	22008.3	63.31419	2403.0	9.23	5433.0	7.09
99360	8755.7	62.82186	11801.7	113.77165	22247.4	65.77391	2554.0	9.56	5639.0	7.21
99380	9136.2	59.34336	11659.5	108.62041	22008.5	67.79924	2517.0	9.15	5345.0	6.90
99400	8895.5	61.04225	11335.8	111.11009	22573.3	65.18518	2897.0	9.25	5681.0	6.96
99420	8854.8	64.02239	11725.1	118.55790	22225.2	62.49364	2653.0	9.90	5793.0	7.36
99440	8940.6	63.02895	11968.6	114.05602	21895.3	63.88871	2314.0	9.63	5312.0	7.28
99460	8794.6	61.24051	12267.5	114.82262	21742.3	63.12698	2422.0	9.69	5868.0	7.16
99480	8416.0	63.09520	12276.1	108.44911	22112.3	64.89854	2775.0	9.24	6053.0	7.15
99500	8528.8	61.33574	11723.6	110.87701	22552.4	68.29553	2649.0	9.26	5799.0	6.98
99520	8589.5	59.07889	12078.2	108.04418	22136.4	66.53373	2451.0	9.06	5864.0	6.79
99540	8579.6	60.56809	12102.9	119.74554	22122.4	65.28587	2261.0	9.90	6014.0	7.12
99560	8586.6	60.05774	12414.1	110.75116	21803.4	66.59249	2320.0	9.36	5976.0	6.96
99580	8244.8	60.07956	12265.2	111.04711	22294.4	66.20376	2344.0	9.28	6173.0	6.89
99600	8517.5	58.17928	12628.3	115.23170	21658.3	61.28211	2072.0	9.66	6282.0	6.88
99620	8211.6	57.35698	12846.2	115.22948	21746.4	64.91250	1904.0	9.63	6488.0	6.82
99640	8880.1	56.59989	12796.9	110.86564	21126.5	64.99036	2049.0	9.44	5966.0	6.78
99660	8714.3	57.50496	12831.8	109.63636	21257.3	61.99421	1885.0	9.30	5731.0	6.81
99680	8678.9	63.54053	12654.4	117.20134	21471.3	61.86006	1974.0	9.98	5706.0	7.42
99700	8711.3	58.21184	12820.3	116.25444	21272.3	60.96606	2110.0	9.83	6240.0	6.99
99720	8749.5	60.33124	13130.8	111.44742	20923.4	61.57626	2047.0	9.66	5940.0	7.13
99740	8811.3	58.29244	12815.1	113.66498	21177.4	62.90424	2284.0	9.68	6191.0	6.98
99760	8265.1	62.91135	12546.2	113.09061	21993.3	61.97429	2490.0	9.61	6273.0	7.21
99780	8577.6	60.05725	12537.5	118.33233	21689.3	62.99310	2390.0	9.91	6343.0	7.13
99800	8296.8	60.05026	12188.7	118.01199	22319.3	65.28046	2222.0	9.70	6255.0	6.99
99820	8369.5	57.54635	11787.2	120.67494	22648.4	67.18248	2168.0	9.75	6379.0	6.77
99840	8017.6	56.35510	12396.8	120.62346	22390.3	64.49913	1691.0	9.76	6486.0	6.67
99860	8196.3	53.93985	12138.6	115.50131	22469.4	66.33048	1800.0	9.32	6291.0	6.43
99880	8400.2	54.85797	12552.4	116.37733	21851.4	66.82423	1563.0	9.57	6121.0	6.60
99900	8355.5	57.22617	12760.8	109.04806	21687.4	65.65567	1851.0	9.18	6052.0	6.69
99920	8144.7	58.12856	13024.6	107.15697	21634.4	64.40372	2116.0	9.15	6310.0	6.79
99940	8525.7	60.29782	12954.9	111.60957	21323.4	63.67655	2211.0	9.55	6133.0	7.07
99960	8637.8	62.79724	12850.9	110.15872	21315.4	63.31131	2431.0	9.54	5975.0	7.25
99980	8313.0	62.32143	13154.5	107.71044	21336.3	61.15971	2448.0	9.35	6177.0	7.18
100000	8439.8	61.31379	12607.8	107.85373	21756.3	63.57626	2479.0	9.24	6009.0	7.04
100020	8461.8	61.04970	12778.9	110.32134	21563.4	65.62352	2458.0	9.45	6232.0	7.08
100040	8701.7	61.50455	12818.8	109.32150	21283.5	65.34603	2432.0	9.47	6061.0	7.15
100060	8695.5	60.29611	12640.7	106.66204	21467.4	65.55794	2456.0	9.19	5850.0	7.00
100080	8542.6	59.50177	11952.3	109.21000	22309.4	66.54492	2315.0	9.13	5759.0	6.83
100100	8545.7	60.82133	12345.3	113.25639	21913.5	67.82680	2325.0	9.56	6012.0	7.06
100120	8700.3	57.94696	12278.6	116.64504	21825.4	65.25369	2253.0	9.70	6170.0	6.89
100140	8481.6	59.16420	12199.2	110.40170	22123.4	65.69889	1993.0	9.25	5686.0	6.84
100160	8452.0	63.69565	12505.0	108.83490	21847.4	66.07679	2209.0	9.34	5553.0	7.25
100180	8519.2	65.67795	12211.2	110.51340	22074.4	66.95915	2494.0	9.45	5550.0	7.39
100200	8306.8	59.84709	11694.1	104.27324	22803.4	68.01621	2546.0	8.72	5699.0	6.70
100220	8290.8	60.07235	11599.7	111.15973	22914.4	69.96786	2369.0	9.15	5837.0	6.82
100240	8497.8	61.23499	11273.7	108.04944	23033.4	70.27793	2654.0	8.94	5494.0	6.86
100260	8455.7	60.77491	11516.4	106.76114	22832.5	70.45826	2556.0	8.93	5506.0	6.84
100280	8425.7	60.58135	11051.8	107.33423	23327.4	69.46726	2650.0	8.82	5391.0	6.77
100300	8578.9	63.55312	11103.8	108.78242	23122.5	71.25512	2746.0	9.02	5294.0	7.04
100320	8565.8	62.18466	11585.5	108.25015	22653.3	66.09817	2747.0	9.04	5630.0	7.00
100340	8695.6	61.13561	11445.4	106.35411	22663.2	63.54083	3248.0	8.93	5903.0	6.90
100360	8801.6	61.43854	11454.7	110.52840	22548.5	69.61077	3086.0	9.22	5905.0	6.99
100380	9042.4	60.79738	11764.7	112.92538	21997.3	63.60066	2985.0	9.48	5947.0	7.06
100400	8975.2	58.86325	11878.6	112.18562	21950.4	65.16935	2620.0	9.42	5926.0	6.89
100420	9242.2	59.53120	12111.2	109.25963	21450.4	63.95165	2401.0	9.32	5451.0	6.95
100440	9220.2	59.88982	11926.6	113.45241	21657.4	65.01928	2286.0	9.58	5359.0	7.07
100460	9089.3	59.80708	12245.3	111.61094	21469.3	62.10183	2307.0	9.49	5538.0	7.05
100480	9413.3	61.82352	12341.1	109.77341	21049.5	65.17009	2786.0	9.54	5568.0	7.28
100500	8663.5	59.23088	12329.8	105.37528	21810.5	67.31623	2902.0	9.01	6303.0	6.83
100520	8968.4	60.73643	11801.0	102.68362	22034.5	68.37594	3186.0	8.81	5743.0	6.90
100540	8684.9	64.08684	12136.1	108.19052	21983.5	69.32932	2775.0	9.24	5519.0	7.26
100560	8792.4	59.76111	12374.1	109.18471	21637.5	66.84809	2585.0	9.28	5891.0	6.98
100580	8682.8	62.46868	11916.3	108.18194	22205.4	66.27025	2666.0	9.18	5671.0	7.09
100600	8824.5	60.57059	11466.8	112.23150	22513.5	69.33908	2625.0	9.30	5656.0	6.94
100620	8378.8	60.58026	11691.8	113.68323	22734.3	65.63714	2530.0	9.38	5999.0	6.95
100640	8286.8	59.82198	12141.8	103.38342	22375.4	67.40174	2579.0	8.74	6002.0	6.72
100660	8672.7	61.77989	12370.5	100.36467	21760.4	65.75353	2517.0	8.72	5298.0	6.98
100680	8473.8	61.94717	12010.0	104.92458	22320.5	68.75321	2595.0	8.94	5611.0	6.97
100700	8139.3	63.66747	11783.3	107.25868	22882.3	65.94656	2660.0	9.05	5790.0	7.09
100720	8500.7	60.33005	12061.1	106.88530	22242.4	66.89870	2382.0	9.00	5610.0	6.87
100740	8171.9	60.60040	11701.6	110.46565	22931.4	68.34660	2088.0	9.13	5597.0	6.85
100760	8134.0	60.91471	11662.5	109.04983	23008.4	68.26062	2201.0	9.03	5554.0	6.83
100780	8285.0	61.69597	11357.6	108.43350	23162.3	66.84903	2329.0	8.92	5268.0	6.87
100800	8336.0	62.86099	11748.4	109.31903	22720.3	66.59349	2162.0	9.17	5334.0	7.06
100820	8348.4	66.91439	11889.4	110.70405	22567.3	64.50131	2726.0	9.36	5603.0	7.43
100840	8406.0	62.94657	11823.3	107.77519	22575.3	65.48935	2579.0	9.08	5669.0	7.05
100860	8553.9	63.15557	12169.0	106.61049	22081.4	65.25875	2651.0	9.10	5638.0	7.11
100880	8437.9	62.51147	12418.9	107.55455	21947.3	63.41591	2516.0	9.16	5841.0	7.08
100900	8591.7	61.62144	12612.2	113.57785	21600.3	62.23918	2337.0	9.65	6085.0	7.18
100920	8604.5	59.19114	12665.1	111.93691	21534.5	66.76647	2448.0	9.46	6206.0	6.94
100940	8804.3	57.85114	12699.9	108.90352	21299.4	64.26739	2512.0	9.32	6196.0	6.84
100960	9023.1	58.01496	12712.0	110.90474	21068.5	65.09362	2652.0	9.47	6257.0	6.92
100980	9121.2	59.69136	12511.3	114.29342	21171.3	62.20507	2616.0	9.72	6072.0	7.11
101000	8899.2	58.19881	12743.9	109.33231	21160.4	62.33481	2629.0	9.35	6262.0	6.89
101020	8936.2	58.39158	13137.4	104.88825	20729.4	63.06450	2658.0	9.17	6229.0	6.90
101040	8925.4	60.67695	12795.9	109.73928	21082.4	63.10964	2663.0	9.51	6104.0	7.17
101060	8776.5	60.83676	13219.9	114.50216	20807.3	59.30312	2613.0	9.85	6548.0	7.23
101080	8514.8	61.62998	12643.2	113.89928	21646.3	61.22442	2879.0	9.64	6572.0	7.15
101100	8772.8	63.97028	12647.4	116.81198	21384.3	62.71765	2705.0	9.97	6254.0	7.47
101120	8815.5	60.23987	12866.8	108.87368	21121.4	63.73429	3232.0	9.43	6712.0	7.06
101140	8474.8	61.19301	13272.3	105.00207	21056.4	63.84596	3090.0	9.21	6779.0	7.06
101160	8230.1	62.43061	13138.6	108.76410	21435.4	65.00275	2972.0	9.42	6770.0	7.19
101180	8232.1	62.38806	12573.9	108.53368	21998.5	67.46847	2897.0	9.29	6601.0	7.10
101200	8107.9	59.61686	13162.7	109.81167	21533.5	66.35916	2763.0	9.37	7015.0	6.95
101220	8277.5	57.40972	12779.9	110.47482	21746.3	62.64759	2988.0	9.26	7175.0	6.74
101240	8461.7	59.93012	12609.1	111.16863	21733.5	67.05356	2653.0	9.42	6515.0	6.97
101260	8671.5	60.15946	12376.1	109.58676	21756.4	64.03085	2974.0	9.33	6485.0	6.97
101280	8975.5	61.81203	12200.3	111.48860	21628.4	64.42864	2728.0	9.48	5809.0	7.15
101300	8622.1	66.18132	12318.9	106.22127	21863.3	63.47794	2932.0	9.28	5763.0	7.43
101320	8586.1	65.61038	12413.7	103.49654	21804.3	63.01917	2864.0	9.07	5667.0	7.34
101340	9103.6	64.16561	11987.1	106.74799	21713.4	64.21111	2654.0	9.24	5147.0	7.29
101360	8659.8	62.82241	12147.7	102.17428	21996.4	65.61387	2861.0	8.82	5629.0	7.05
101380	8821.8	64.03238	11553.3	106.07342	22429.4	66.27034	2938.0	9.03	5336.0	7.15
101400	8850.0	66.23018	11802.3	107.62446	22152.4	66.14043	3107.0	9.30	5664.0	7.41
101420	8764.9	64.80866	12145.2	110.07058	21894.3	63.06536	2814.0	9.51	5761.0	7.39
101440	8325.8	60.73097	12325.1	109.32671	22153.3	62.35474	2361.0	9.24	6000.0	6.96
101460	8444.9	62.57442	12492.0	108.75943	21867.4	65.82629	2576.0	9.33	5941.0	7.17
101480	8174.2	63.79857	12676.0	111.61616	21954.3	64.25794	2722.0	9.54	6430.0	7.28
101500	8751.5	60.10863	12620.5	102.41958	21431.3	62.86153	2673.0	8.89	5862.0	6.91
101520	8543.1	64.92369	12691.7	106.36589	21569.4	65.20985	2381.0	9.27	5559.0	7.33
101540	8644.8	62.79350	12453.1	110.52836	21706.3	62.50692	2326.0	9.50	5778.0	7.23
101560	8785.4	59.49943	11987.7	115.24092	22031.3	64.13565	2416.0	9.59	5964.0	6.97
101580	8603.4	58.61021	12135.2	109.34879	22065.4	67.08178	2086.0	9.16	5635.0	6.80
101600	8514.4	56.97598	11981.7	115.87881	22308.4	66.19602	2037.0	9.47	6101.0	6.70
101620	8555.5	59.14826	11720.0	117.43995	22529.3	66.04864	2178.0	9.61	5865.0	6.90
101640	8564.5	58.73090	12030.3	109.67234	22209.4	65.73337	2174.0	9.18	5709.0	6.80
101660	8659.8	62.77427	11792.7	114.13600	22352.4	67.53714	2311.0	9.58	5576.0	7.21
101680	8430.0	63.37514	12080.4	111.65346	22294.5	68.81988	2383.0	9.43	5603.0	7.20
101700	8526.8	61.80908	11975.4	110.90688	22302.3	65.09713	2498.0	9.33	5655.0	7.08
101720	8957.6	63.13939	11772.5	110.69691	22074.4	65.58046	2733.0	9.39	5527.0	7.23
101740	8768.8	63.85529	12301.7	102.39861	21733.4	66.35893	2703.0	8.93	5392.0	7.18
101760	9074.7	65.00082	11785.0	103.07483	21944.4	65.29342	2919.0	8.92	5005.0	7.24
101780	8682.1	65.69023	12102.1	106.99384	22020.4	66.06124	3159.0	9.21	5841.0	7.36
101800	8734.0	65.38870	12199.8	103.98457	21870.4	65.95383	3266.0	9.07	5890.0	7.29
101820	8788.7	62.49045	12270.7	102.35588	21744.3	63.29945	3711.0	8.92	6525.0	7.06
101840	9119.7	64.78872	12778.6	104.92216	20905.3	60.69424	3598.0	9.34	6327.0	7.45
101860	8935.0	66.67042	12779.3	100.54415	21089.5	64.76391	3508.0	9.01	5908.0	7.47
101880	9489.6	66.42538	12172.7	101.40689	21141.4	63.12241	3788.0	9.06	5627.0	7.50
101900	9315.0	69.69913	12023.8	102.31407	21465.3	61.94455	3818.0	9.14	5496.0	7.71
101920	9244.1	70.87064	12370.6	102.61907	21189.4	62.44117	3790.0	9.29	5534.0	7.90
101940	9121.0	68.56851	12215.1	108.81571	21468.4	63.63697	3406.0	9.55	5810.0	7.73
101960	9347.6	65.49916	12383.6	102.65809	21072.3	61.61714	3568.0	9.13	5657.0	7.45
101980	9301.9	68.49213	11883.0	103.66465	21619.3	63.38048	3775.0	9.16	5561.0	7.62
102000	9237.8	66.81832	11533.3	105.23896	22033.3	63.37054	3703.0	9.16	5681.0	7.45
102020	9074.0	68.12138	12165.9	104.70386	21564.3	61.43997	3270.0	9.27	5433.0	7.65
102040	9064.8	65.64763	11657.4	108.14718	22082.3	63.60961	3349.0	9.32	5533.0	7.42
102060	8829.8	64.19923	11921.9	102.92784	22052.3	64.55961	2879.0	8.91	5325.0	7.18
102080	8819.6	61.73568	12137.6	99.80884	21846.4	66.54063	2414.0	8.66	4966.0	6.94
102100	8723.2	67.14878	12084.8	103.08739	21996.4	65.63914	2814.0	9.04	5143.0	7.44
102120	8658.1	66.26364	11574.3	105.96215	22572.4	67.26001	2779.0	9.04	5141.0	7.31
102140	8708.3	68.38079	11511.5	107.56711	22585.3	65.59759	2915.0	9.19	5160.0	7.49
102160	8928.0	66.97851	11359.2	102.88212	22517.4	66.38392	2791.0	8.88	4693.0	7.32
102180	8616.4	69.21355	11571.1	102.00945	22617.4	68.07780	2596.0	8.85	4543.0	7.45
102200	8455.4	68.01678	10936.1	97.67409	23413.5	73.22069	2716.0	8.38	4225.0	7.18
102220	8628.5	69.88654	10854.3	99.05174	23322.5	72.54833	3100.0	8.50	4380.0	7.36
102240	8265.9	70.81796	10910.1	96.51283	23629.4	72.35242	3128.0	8.33	4384.0	7.36
102260	8595.7	71.72829	10753.1	95.22057	23456.5	73.41774	3432.0	8.25	4282.0	7.40
102280	8516.9	73.63778	11028.1	97.83289	23260.4	69.81047	2995.0	8.56	4040.0	7.66
102300	8396.6	69.73932	10803.1	96.14838	23605.4	71.84912	2920.0	8.28	4112.0	7.26
102320	8189.6	67.89344	10868.2	98.31709	23747.5	73.98256	2785.0	8.36	4463.0	7.13
102340	8623.4	69.21376	10596.6	100.41456	23585.5	73.61398	3009.0	8.53	4366.0	7.28
102360	8350.6	68.93084	10862.1	96.09961	23592.4	71.70447	2593.0	8.28	3906.0	7.22
102380	8511.0	64.00986	10940.9	94.50735	23352.5	72.92281	2218.0	8.08	3858.0	6.80
102400	8731.2	67.61157	10817.6	102.26583	23256.4	68.93831	2338.0	8.68	3886.0	7.26
102420	8266.8	70.17660	10589.5	99.48933	23949.4	72.99057	2572.0	8.42	3868.0	7.30
102440	8658.3	67.75449	10167.8	99.51636	23979.4	71.61491	2511.0	8.35	3590.0	7.12
102460	8632.5	69.83696	10219.6	96.99919	23953.5	73.81962	2723.0	8.26	3507.0	7.22
102480	8940.2	69.27929	10045.7	97.08440	23819.5	73.75844	2866.0	8.26	3439.0	7.21
102500	8595.5	69.74497	10240.6	97.38046	23969.5	75.23459	2770.0	8.29	3579.0	7.24
102520	8688.5	70.81447	10064.8	97.67358	24052.4	71.85133	2813.0	8.30	3371.0	7.32
102540	8530.9	73.89860	10070.7	97.40387	24204.5	75.19207	3092.0	8.33	3497.0	7.52
102560	8462.2	76.56740	10370.2	93.10211	23973.4	72.81510	2896.0	8.14	3054.0	7.64
102580	8371.0	73.53844	10647.0	93.62350	23787.4	72.20718	2578.0	8.21	3197.0	7.52
102600	8613.1	76.31510	10357.7	99.10189	23835.4	70.87512	2658.0	8.58	3152.0	7.79
102620	8670.7	72.53287	10522.3	95.47677	23612.4	70.09970	2594.0	8.27	3147.0	7.46
102640	8705.2	67.65307	10618.4	97.71693	23481.4	69.79906	2168.0	8.35	3380.0	7.17
102660	9039.9	67.20816	11062.5	103.71879	22702.4	67.81930	2279.0	8.87	3839.0	7.32
102680	8910.1	68.12806	10727.1	108.92162	23168.4	68.69682	2451.0	9.17	4153.0	7.43
102700	8839.2	68.41271	10096.4	106.16594	23870.4	70.75926	2513.0	8.85	3809.0	7.32
102720	8977.7	64.19537	9963.5	106.21351	23864.4	71.83789	2328.0	8.71	3964.0	6.96
102740	8646.2	66.55439	10179.5	108.22247	23980.4	73.36517	2492.0	8.87	4161.0	7.16
102760	8488.9	62.24388	10383.9	102.72911	23932.3	68.65412	2436.0	8.45	4379.0	6.76
102780	8957.8	64.45974	11074.4	103.07698	22772.3	66.12663	2628.0	8.75	4501.0	7.10
102800	8979.9	65.69503	11231.2	101.22178	22593.5	69.70392	2643.0	8.69	4333.0	7.18
102820	8630.1	66.02203	11301.7	108.14232	22873.4	69.18001	2452.0	9.14	4814.0	7.31
102840	8826.9	64.99698	11501.2	104.19898	22476.4	67.24230	2257.0	8.89	4456.0	7.19
102860	8643.9	63.41716	11448.2	102.46629	22712.4	69.03890	2242.0	8.72	4545.0	7.01
102880	8490.1	64.33982	11684.0	101.79707	22630.4	68.14487	2325.0	8.68	4807.0	7.05
102900	8528.2	65.78189	11737.8	99.94944	22538.4	68.69673	2466.0	8.66	4704.0	7.18
102920	8520.5	69.13349	11340.3	103.54722	22944.3	67.07175	2546.0	8.88	4480.0	7.44
102940	8936.0	66.91803	11413.2	102.72232	22455.4	66.70047	2692.0	8.91	4524.0	7.39
102960	8646.3	68.01524	12117.8	102.43310	22040.4	65.21812	2475.0	8.98	4772.0	7.47
102980	8961.9	66.25089	11903.2	107.78846	21939.4	67.05381	2513.0	9.30	4987.0	7.45
103000	9061.9	66.67557	11740.1	103.92624	22002.4	66.72466	2873.0	9.06	4930.0	7.41
103020	9125.0	68.76860	11530.3	105.08226	22149.4	65.43057	3005.0	9.15	4674.0	7.61
103040	9592.5	66.07144	11201.2	100.56281	22010.4	64.92495	3050.0	8.78	4266.0	7.32
103060	9245.0	68.87966	11441.8	96.72392	22117.4	67.45584	3311.0	8.58	4410.0	7.45
103080	8943.1	68.47183	10846.2	97.36773	23015.4	68.72310	3461.0	8.47	4616.0	7.30
103100	8863.3	69.27724	11246.0	98.96071	22695.4	68.23729	3312.0	8.62	4658.0	7.43
103120	9303.9	68.99906	10963.2	99.16784	22537.3	64.92796	3342.0	8.63	4307.0	7.44
103140	9146.1	69.67940	10623.5	100.13843	23035.3	66.12439	3211.0	8.65	4096.0	7.44
103160	8591.7	71.92754	11198.0	98.43224	23015.3	65.84574	3106.0	8.63	4414.0	7.57
103180	8911.3	70.04795	11349.6	93.57619	22543.3	65.32469	3080.0	8.33	4148.0	7.42
103200	9299.2	71.72989	11005.1	97.80277	22500.5	69.83129	3330.0	8.64	4070.0	7.63
103220	9027.0	67.52859	11163.8	94.89365	22613.4	67.34020	3325.0	8.31	4459.0	7.23
103240	9172.1	69.91938	11513.8	98.13452	22118.4	65.32509	3133.0	8.71	4391.0	7.55
103260	9192.1	69.86433	11713.7	98.25252	21898.3	63.59283	3107.0	8.75	4430.0	7.59
103280	9049.3	70.84220	12103.0	90.52067	21651.4	63.78420	3311.0	8.31	4273.0	7.60
103300	8844.6	72.93789	11972.2	92.99346	21987.4	67.02363	3523.0	8.49	4625.0	7.74
103320	9056.2	70.61456	11831.5	96.76967	21916.3	63.07040	3634.0	8.69	4914.0	7.61
103340	9690.7	68.86028	11650.7	96.96271	21462.4	63.63201	3653.0	8.79	4660.0	7.60
103360	10095.6	70.43529	11664.7	98.38874	21043.3	60.91028	3576.0	8.98	4288.0	7.82
103380	10181.8	73.37446	11687.0	102.74986	20935.3	61.26955	3912.0	9.38	4557.0	8.19
103400	10088.0	76.20717	11407.9	98.64670	21308.3	61.52760	4191.0	9.05	4307.0	8.24
103420	9961.2	77.24237	11137.2	100.42540	21706.2	60.44973	4250.0	9.17	4358.0	8.30
103440	10066.3	79.54603	11556.4	93.13087	21181.3	60.39315	4336.0	8.80	4078.0	8.44
103460	10090.1	77.12050	11721.5	95.30216	20992.3	60.94661	4032.0	8.93	4173.0	8.31
103480	10201.2	79.72398	11609.7	97.39642	20993.2	58.07864	4262.0	9.16	4194.0	8.57
103500	10021.2	77.38294	11900.4	94.72981	20882.2	58.42689	4172.0	8.90	4403.0	8.32
103520	10093.1	77.45974	11600.4	92.33267	21110.4	62.89398	4414.0	8.71	4264.0	8.26
103540	9822.2	76.57002	11483.4	92.30734	21498.4	64.06891	4496.0	8.61	4432.0	8.12
103560	9558.4	76.98147	11438.3	89.99422	21807.4	64.53390	4502.0	8.37	4426.0	8.03
103580	9313.5	75.68064	11457.3	89.65040	22033.4	66.16711	4649.0	8.29	4809.0	7.87
103600	9026.7	75.44063	11487.3	90.83118	22290.5	68.87741	4359.0	8.30	4831.0	7.80
103620	9445.7	78.62736	11198.4	89.18451	22160.4	67.15276	4687.0	8.29	4349.0	8.08
103640	9384.2	72.83846	11101.4	88.48922	22318.5	68.71610	4421.0	8.07	4440.0	7.59
103660	9498.3	74.29027	11071.6	90.82677	22234.4	67.42070	4169.0	8.27	4165.0	7.74
103680	9765.2	75.61961	10836.9	93.08247	22202.4	67.67097	4533.0	8.45	4282.0	7.89
103700	9689.0	73.13849	10914.5	88.68477	22200.4	67.46298	4696.0	8.10	4523.0	7.64
103720	9783.1	74.10957	10731.9	92.67972	22289.4	67.62503	4633.0	8.40	4407.0	7.79
103740	9818.6	69.33402	10885.8	92.89048	22099.4	67.51278	4172.0	8.32	4326.0	7.44
103760	9506.3	74.92075	10925.9	94.52092	22372.4	65.79193	4314.0	8.54	4403.0	7.84
103780	9991.9	74.04141	10778.3	97.77624	22034.3	64.26431	4333.0	8.79	4262.0	7.94
103800	9676.2	74.78114	11372.7	95.70433	21755.4	65.82181	4261.0	8.74	4527.0	7.99
103820	9925.1	75.49335	11129.8	94.01395	21749.4	65.81963	4314.0	8.62	4236.0	8.00
103840	10063.0	75.19053	11069.0	97.36617	21672.4	64.97572	4172.0	8.86	4122.0	8.09
103860	9973.8	71.77793	11410.6	94.32966	21419.4	63.02798	4179.0	8.62	4415.0	7.79
103880	10364.7	73.27950	11261.7	94.99362	21177.4	62.25933	4223.0	8.74	4134.0	7.96
103900	10120.7	72.42016	11498.6	94.80389	21184.4	62.70498	4016.0	8.74	4109.0	7.91
103920	10082.0	75.43589	11304.7	95.04517	21417.3	62.47740	4192.0	8.76	4105.0	8.10
103940	10131.9	75.17196	10949.8	93.08371	21722.3	62.41613	4305.0	8.55	3860.0	7.98
103960	10195.0	76.33476	10573.3	97.10199	22036.3	63.49125	4326.0	8.75	3884.0	8.06
103980	10133.1	77.03217	10525.1	93.90288	22146.4	67.65715	4486.0	8.57	3803.0	8.09
104000	10280.8	74.33162	10937.5	89.47257	21585.4	65.76255	4181.0	8.29	3525.0	7.86
104020	9716.4	77.37041	11211.5	91.31722	21876.4	64.63089	3935.0	8.42	3608.0	8.06
104040	9749.3	76.84218	11058.8	93.46431	21996.3	64.50544	4234.0	8.54	4011.0	8.06
104060	10009.3	78.46204	10922.8	92.38465	21872.4	65.41993	4641.0	8.52	3870.0	8.19
104080	10271.1	77.87464	11093.6	92.08830	21439.4	63.64443	4512.0	8.60	3874.0	8.24
104100	10144.9	75.32384	11328.6	93.75266	21330.3	62.03257	4463.0	8.63	4180.0	8.04
104120	9724.2	75.00093	10986.0	95.98161	22094.3	63.84951	4274.0	8.70	4384.0	7.95
104140	10146.9	74.77754	10735.1	95.44950	21922.3	63.98406	4440.0	8.65	4130.0	7.95
104160	10068.7	72.27516	10899.8	92.57525	21835.4	64.66073	4409.0	8.44	4100.0	7.75
104180	9856.1	74.63514	11049.0	96.39408	21899.3	62.65929	4219.0	8.77	4339.0	7.99
104200	10169.1	77.29987	11205.6	92.96894	21429.4	64.87382	4612.0	8.67	4289.0	8.22
104220	9964.3	78.10827	10865.9	94.11064	21974.3	62.17149	4600.0	8.63	4094.0	8.18
104240	9405.5	76.54696	11532.3	90.82938	21866.3	64.24651	4406.0	8.41	4667.0	7.98
104260	9621.3	75.87029	11382.4	90.55924	21800.3	63.94553	4296.0	8.40	4271.0	7.95
104280	9315.7	78.24815	11510.6	94.42393	21978.3	63.64068	3766.0	8.68	4081.0	8.16
104300	8794.8	74.88287	11308.6	93.00077	22701.4	67.01554	3676.0	8.39	4336.0	7.78
104320	9085.6	74.62681	11164.6	91.63483	22554.4	68.82789	3795.0	8.29	4117.0	7.72
104340	9040.4	72.62983	11393.6	94.01490	22370.5	68.90240	3980.0	8.46	4779.0	7.67
104360	9130.6	74.96199	10895.0	95.61444	22779.4	69.54253	4088.0	8.49	4412.0	7.78
104380	9079.2	70.77674	10779.8	91.27766	22945.4	69.43419	3503.0	8.09	3822.0	7.38
104400	8926.6	73.54547	11191.6	92.43185	22686.4	68.37477	3357.0	8.27	3914.0	7.64
104420	9064.6	74.38773	10795.0	93.90994	22945.3	66.14078	3331.0	8.34	3588.0	7.70
104440	9139.6	75.69536	10661.2	96.43917	23004.3	66.52804	3638.0	8.53	3790.0	7.84
104460	9074.7	75.64950	10497.5	98.34093	23233.4	68.99409	3688.0	8.64	3880.0	7.86
104480	9407.5	76.56230	10342.3	94.23760	23055.4	69.90043	3910.0	8.39	3622.0	7.86
104500	9458.3	74.85414	10067.5	94.63438	23279.3	67.09735	4232.0	8.33	3913.0	7.68
104520	9547.1	72.54612	10156.3	92.09907	23101.4	69.18784	3938.0	8.15	3576.0	7.52
104540	9348.5	75.93100	10204.2	92.34875	23252.4	70.08514	4004.0	8.22	3612.0	7.73
104560	9481.2	73.65404	10152.5	95.01881	23171.4	69.45767	3934.0	8.34	3730.0	7.62
104580	9244.5	74.59840	10252.6	97.50520	23308.3	67.90790	3576.0	8.51	3580.0	7.73
104600	9224.6	75.60167	10490.3	95.84018	23090.4	68.73846	3461.0	8.44	3434.0	7.75
104620	9214.6	75.54893	10576.9	91.72767	23013.4	70.28859	3687.0	8.19	3415.0	7.72
104640	8667.8	73.24551	10559.8	90.18312	23577.5	73.01087	3669.0	7.94	3741.0	7.42
104660	8920.7	74.59006	10650.1	93.89288	23234.5	72.53337	3411.0	8.31	3786.0	7.66
104680	8803.7	73.99139	10863.6	89.90748	23137.5	70.95136	3295.0	8.01	3437.0	7.54
104700	9318.2	72.14989	10818.9	93.64659	22667.5	69.69301	3154.0	8.29	3371.0	7.56
104720	9240.2	71.72962	10853.7	91.23727	22710.4	69.01368	3516.0	8.12	3668.0	7.47
104740	9436.2	73.41186	10764.8	91.10837	22603.5	70.24304	3480.0	8.18	3261.0	7.65
104760	9236.3	72.76691	10392.7	87.60328	23175.4	70.36392	3630.0	7.80	3214.0	7.39
104780	9187.4	74.05858	10416.7	87.16513	23200.5	72.19157	3706.0	7.80	3274.0	7.47
104800	9254.4	73.48570	10278.8	87.78158	23271.6	74.80375	3802.0	7.83	3304.0	7.44
104820	9179.4	73.90791	9843.2	88.53476	23782.5	74.03072	4167.0	7.79	3510.0	7.41
104840	9207.8	78.08855	10280.5	84.19922	23316.5	72.08580	4334.0	7.67	3308.0	7.70
104860	9105.9	78.61523	10402.5	84.89064	23296.5	73.21751	4426.0	7.70	3535.0	7.71
104880	9085.7	75.65085	10653.4	85.46366	23065.5	72.67515	3731.0	7.74	3212.0	7.58
104900	9511.7	79.60361	10584.8	90.25280	22708.4	68.78552	3754.0	8.24	3009.0	8.07
104920	9473.5	77.48666	10187.1	90.21577	23144.4	69.54420	3521.0	8.08	2646.0	7.81
104940	9180.0	80.39620	9824.5	91.56689	23801.4	72.02627	3777.0	8.16	2650.0	7.97
104960	8790.7	84.97918	10184.3	92.36241	23831.4	71.65353	3541.0	8.31	2681.0	8.28
104980	8819.3	80.94522	10432.9	89.78700	23553.4	69.96916	3618.0	8.08	2896.0	8.00
105000	9186.2	82.53110	10398.8	88.33589	23220.4	69.38163	3827.0	8.08	2800.0	8.13
105020	9404.7	79.23635	10602.5	86.10392	22797.4	69.47190	3937.0	7.96	2971.0	7.96
105040	9323.1	82.92740	10177.9	87.40871	23304.4	69.52911	4295.0	7.98	2829.0	8.15
105060	9182.8	89.87001	10087.5	82.21821	23535.4	70.62821	4835.0	7.76	2754.0	8.48
105080	9442.3	85.69301	10266.3	81.06715	23096.4	70.59856	4848.0	7.64	2769.0	8.25
105100	9508.2	85.24049	10274.9	75.91411	23021.4	69.53344	4840.0	7.27	2364.0	8.11
105120	9885.9	85.07792	9969.5	81.26178	22949.3	66.92075	4823.0	7.65	2453.0	8.22
105140	10259.7	85.51364	9874.8	84.03290	22670.4	66.87879	5194.0	7.90	2633.0	8.40
105160	10151.9	87.12707	10061.7	84.60640	22591.4	68.08171	4873.0	7.97	2469.0	8.52
105180	10063.4	80.38050	10185.5	83.07658	22555.4	66.78063	4449.0	7.78	2566.0	8.00
105200	9568.2	85.76843	10198.6	84.34082	23038.3	66.48982	4629.0	7.92	2754.0	8.35
105220	9877.7	83.15105	9734.8	83.17111	23192.4	69.51152	4894.0	7.69	2606.0	8.07
105240	9426.3	85.67554	10086.2	78.64980	23292.4	69.69645	4866.0	7.42	2576.0	8.14
105260	9436.3	86.10628	10020.8	84.90431	23348.4	69.66310	4931.0	7.87	2931.0	8.33
105280	9665.1	85.68206	10255.7	86.07622	22884.4	68.75339	4833.0	8.04	3021.0	8.42
105300	10364.5	83.65399	10031.7	83.42399	22408.4	66.60202	5073.0	7.84	2751.0	8.26
105320	10104.9	87.34817	10358.7	87.35781	22341.3	65.16808	4814.0	8.26	2948.0	8.65
105340	10205.7	85.57338	10467.4	83.19698	22131.4	66.08567	5064.0	7.93	2882.0	8.47
105360	9911.1	88.19627	10825.5	88.09018	22068.4	66.69115	4443.0	8.39	2783.0	8.82
105380	9999.5	80.76340	10603.6	87.55085	22201.4	66.57866	4356.0	8.14	3028.0	8.18
105400	10354.9	76.33182	11051.1	84.54808	21397.4	65.33293	4298.0	8.00	3137.0	7.95
105420	10286.0	77.52142	10524.3	82.66783	21993.4	66.11396	4521.0	7.77	2922.0	7.88
105440	10133.5	82.18385	10691.3	83.83317	21979.4	66.46246	4929.0	8.01	3294.0	8.28
105460	10103.6	82.83370	10361.6	85.50348	22339.4	67.48229	4723.0	8.01	2911.0	8.27
105480	9728.7	81.61373	10687.3	84.20660	22388.4	66.09646	4531.0	7.91	3111.0	8.15
105500	9761.7	81.73845	10998.2	85.88477	22044.4	66.62966	4274.0	8.09	3142.0	8.25
105520	10246.3	80.59227	11037.1	84.44382	21520.5	66.22222	4567.0	8.07	3280.0	8.23
105540	10013.5	81.82962	11521.9	85.19154	21268.4	63.98976	4383.0	8.19	3384.0	8.37
105560	10201.5	82.36378	10865.3	85.09261	21737.5	67.47744	4630.0	8.12	3088.0	8.39
105580	9864.7	82.14815	11190.1	84.90013	21749.3	63.75270	4484.0	8.07	3378.0	8.29
105600	9954.7	83.70351	11018.3	86.12964	21831.4	64.55372	4878.0	8.21	3529.0	8.46
105620	9969.7	83.08215	10829.4	86.35481	22005.4	64.85475	5017.0	8.17	3671.0	8.35
105640	10037.6	83.27236	10383.6	85.54850	22383.4	67.41044	5161.0	8.05	3327.0	8.32
105660	9980.1	88.32967	10330.8	88.22601	22494.4	67.03084	5365.0	8.28	3381.0	8.67
105680	10316.3	81.60433	9884.1	88.13163	22604.3	66.11637	5237.0	8.11	3290.0	8.20
105700	10223.5	82.76224	10251.7	86.20665	22329.4	66.24558	5347.0	8.08	3435.0	8.31
105720	10190.4	81.37611	10694.5	86.44035	21919.4	64.54128	5109.0	8.16	3630.0	8.27
105740	10724.0	80.05470	11014.4	87.86354	21065.4	62.39557	4850.0	8.41	3545.0	8.39
105760	10528.2	82.19586	11408.9	84.02354	20866.3	60.42600	5013.0	8.22	3637.0	8.47
105780	10689.5	87.06180	11180.3	88.71972	20934.3	60.03951	5448.0	8.67	3752.0	9.00
105800	10547.5	85.72157	11114.2	86.51594	21142.3	61.19707	5453.0	8.40	3821.0	8.76
105820	10430.5	84.67073	11123.9	82.38265	21249.3	61.42661	5805.0	8.05	3986.0	8.58
105840	10585.5	85.95335	10919.2	84.27147	21299.3	60.17662	6210.0	8.20	4219.0	8.70
105860	10567.5	85.73092	10975.1	84.35346	21261.4	62.97183	5830.0	8.26	3964.0	8.73
105880	10694.0	80.57252	10742.1	82.13599	21367.4	63.02666	5543.0	7.88	3574.0	8.20
105900	10968.3	86.03927	10300.6	84.53832	21535.5	66.68390	5710.0	8.17	3209.0	8.67
105920	10720.2	83.69380	10520.2	81.99727	21563.3	61.30465	5289.0	7.94	3003.0	8.45
105940	10587.6	87.22888	10649.2	82.80038	21567.3	63.24162	5372.0	8.03	3029.0	8.70
105960	9777.1	86.51237	10742.0	80.10126	22285.4	66.87049	5432.0	7.74	3426.0	8.46
105980	10043.6	83.08004	10231.1	78.35198	22529.4	68.37146	5510.0	7.49	3209.0	8.11
106000	9997.9	86.58905	10642.9	79.09659	22163.4	67.67647	5359.0	7.66	3072.0	8.43
106020	10341.8	87.89705	10493.4	84.49202	21969.4	67.09123	5418.0	8.15	3213.0	8.71
106040	10048.5	81.97107	10421.3	81.58436	22334.4	67.87722	5281.0	7.73	3343.0	8.15
106060	10018.4	80.72351	10845.0	80.83792	21940.4	66.65590	4807.0	7.74	3145.0	8.11
106080	9525.8	81.20558	10848.1	82.81278	22430.4	68.28297	4812.0	7.81	3559.0	8.06
106100	9646.5	78.12584	10651.2	82.42144	22506.4	68.46899	5163.0	7.71	3904.0	7.84
106120	9522.0	83.63832	10357.6	85.22086	22925.4	67.47071	5134.0	7.94	3668.0	8.22
106140	9511.9	82.15994	10724.4	85.76237	22568.4	69.10903	4953.0	8.00	3792.0	8.16
106160	9362.0	81.65665	10409.6	85.74969	23033.4	68.52302	4540.0	7.92	3279.0	8.09
106180	9475.6	78.36753	10690.5	87.13831	22638.5	69.49661	4193.0	8.02	3383.0	7.93
106200	9170.8	78.29368	10703.7	89.57227	22930.4	68.60644	4112.0	8.15	3711.0	7.91
106220	9429.5	76.68214	10952.5	88.81930	22422.4	68.45939	4121.0	8.14	3699.0	7.86
106240	9527.3	75.51881	10757.5	87.88863	22519.4	68.03501	3839.0	8.03	3297.0	7.74
106260	9281.8	78.37241	11017.4	87.63858	22505.4	66.60509	3858.0	8.10	3452.0	7.95
106280	9508.5	77.33402	10966.4	87.79613	22329.4	66.50035	3717.0	8.08	3237.0	7.89
106300	9414.6	77.56903	10725.6	88.73058	22664.4	69.28090	4016.0	8.10	3407.0	7.87
106320	9529.5	77.94765	10559.8	89.17835	22715.5	70.23324	4341.0	8.13	3595.0	7.90
106340	9355.5	76.40427	10743.3	84.19846	22705.5	69.60796	4050.0	7.74	3353.0	7.68
106360	9145.9	79.44916	10479.6	86.92729	23179.4	70.59077	4153.0	7.97	3324.0	7.94
106380	9155.8	77.97869	10596.6	87.37315	23052.4	68.92573	3895.0	7.93	3225.0	7.80
106400	9543.4	76.58923	10433.7	87.59227	22827.4	68.54656	3863.0	7.98	3048.0	7.77
106420	9394.3	73.82602	10400.5	84.34355	23009.6	73.71655	3731.0	7.63	2976.0	7.45
106440	9231.7	77.36883	10030.0	88.10079	23543.5	73.00237	3832.0	7.88	2886.0	7.70
106460	9538.2	74.37695	9938.1	88.08229	23328.4	71.02210	3989.0	7.87	3104.0	7.54
106480	9492.6	77.92673	9839.4	90.72197	23473.5	73.25863	4279.0	8.09	3263.0	7.81
106500	9002.6	74.57498	10221.1	90.60512	23581.4	71.43404	3586.0	8.02	3324.0	7.55
106520	8587.0	75.02358	10162.1	89.60973	24056.5	75.38857	3498.0	7.84	3258.0	7.46
106540	8754.7	72.91966	9726.5	90.61177	24324.5	76.02209	3654.0	7.79	3352.0	7.26
106560	8811.8	74.63759	10590.8	90.02113	23402.5	73.60077	3492.0	7.98	3490.0	7.54
106580	9153.4	72.94817	10595.8	90.32463	23055.5	72.66166	3311.0	8.02	3368.0	7.47
106600	9249.7	77.77964	10908.4	86.81368	22646.4	68.54292	3613.0	7.99	3083.0	7.85
106620	9332.5	76.28411	10714.8	91.19073	22757.5	69.96361	3387.0	8.20	2988.0	7.82
106640	8972.7	74.92280	10970.5	88.59542	22861.5	70.25700	3332.0	7.98	3292.0	7.64
106660	9084.6	74.44085	10952.6	90.58804	22767.5	72.10131	3281.0	8.13	3323.0	7.65
106680	8579.1	76.16711	10739.0	94.35345	23487.4	69.95570	3429.0	8.30	3834.0	7.73
106700	9106.2	70.57046	10659.2	95.45589	23039.3	66.32305	3262.0	8.33	3759.0	7.42
106720	9399.2	72.80271	10717.0	93.54692	22688.4	69.26448	3348.0	8.30	3440.0	7.61
106740	9294.4	74.12391	11085.7	92.81767	22424.5	70.01673	3140.0	8.37	3380.0	7.75
106760	9381.4	74.67339	10982.5	89.25007	22440.4	67.99639	3318.0	8.12	3150.0	7.70
106780	9431.4	75.83100	10796.6	88.47420	22576.5	70.46467	3551.0	8.07	3118.0	7.77
106800	9168.8	77.89291	10638.6	87.59667	22997.5	72.64672	3665.0	7.98	3086.0	7.83
106820	8761.9	76.03865	10552.8	89.54136	23490.4	70.54989	3276.0	7.98	3149.0	7.63
106840	8990.8	76.22443	10627.1	94.80117	23187.4	70.53525	3324.0	8.39	3426.0	7.81
106860	8799.0	76.82107	10591.2	95.82909	23415.4	70.81622	3497.0	8.41	3624.0	7.84
106880	8981.7	74.97468	10675.0	93.51500	23148.4	69.11610	3251.0	8.30	3378.0	7.71
106900	9215.5	74.89418	10741.0	94.31412	22848.4	68.45885	3347.0	8.38	3344.0	7.77
106920	9327.4	74.47830	11138.7	93.04166	22338.4	67.57857	3324.0	8.41	3497.0	7.81
106940	9277.1	70.72861	10866.8	92.18470	22660.5	70.32890	3437.0	8.21	3845.0	7.44
106960	9112.2	70.98281	11191.7	93.23564	22500.5	70.43339	3172.0	8.32	3883.0	7.50
106980	9167.5	74.39663	11413.8	96.55765	22223.4	65.88639	3264.0	8.71	3991.0	7.88
107000	9361.1	71.42149	11710.5	95.58644	21732.3	61.94952	3220.0	8.62	4124.0	7.69
107020	9115.3	71.95119	11630.0	101.53228	22059.3	64.54129	3173.0	9.03	4482.0	7.81
107040	9236.2	71.42023	11619.7	97.79549	21948.3	63.35790	3431.0	8.77	4452.0	7.72
107060	9235.3	72.25848	11819.7	98.91007	21749.4	65.38723	3569.0	8.88	4845.0	7.81
107080	9033.4	71.90110	11889.6	98.04412	21881.4	65.48829	3420.0	8.83	4787.0	7.77
107100	9104.3	72.22790	11337.0	98.65005	22363.3	65.48536	3747.0	8.74	4813.0	7.68
107120	8888.2	69.09455	11312.5	91.71127	22603.4	68.47449	3725.0	8.18	4733.0	7.31
107140	8742.8	73.91353	11718.5	95.91195	22343.5	70.09768	3693.0	8.63	4856.0	7.78
107160	8895.5	72.11522	11458.5	93.65098	22450.4	68.21644	3719.0	8.37	4599.0	7.57
107180	8704.0	76.23934	11447.7	95.60615	22653.3	65.10794	3642.0	8.60	4517.0	7.90
107200	8520.0	74.25037	11059.0	96.14100	23226.4	69.54771	3582.0	8.49	4483.0	7.70
107220	9015.7	75.18438	11263.5	91.76983	22525.4	67.81207	3942.0	8.31	4233.0	7.80
107240	8494.1	75.00584	11019.6	91.45692	23291.3	65.95580	3717.0	8.13	4201.0	7.61
107260	9011.6	74.91894	10984.7	91.74036	22808.4	67.65519	4019.0	8.28	4313.0	7.72
107280	9287.1	70.75729	11408.4	91.10259	22108.4	66.12720	3449.0	8.26	4081.0	7.50
107300	9497.1	72.55949	10751.2	97.27375	22556.4	67.08222	3896.0	8.63	4252.0	7.72
107320	9780.7	70.25858	11193.9	96.92401	21829.3	63.01774	3722.0	8.66	4284.0	7.61
107340	9692.0	73.15045	11184.8	95.71354	21927.3	63.01131	3524.0	8.65	3838.0	7.81
107360	9670.1	73.59530	10930.1	96.37038	22204.3	63.65141	3330.0	8.66	3561.0	7.82
107380	9729.9	71.60222	11288.9	97.65001	21785.5	66.95761	3383.0	8.78	3977.0	7.79
107400	9594.7	68.46196	11515.6	94.68882	21693.4	64.26182	3551.0	8.48	4416.0	7.44
107420	9492.8	68.76486	11100.8	94.33392	22210.4	66.35034	3662.0	8.38	4239.0	7.38
107440	9648.0	72.17546	10889.8	92.65536	22266.4	67.86899	4082.0	8.35	4143.0	7.64
107460	9528.3	75.05402	10935.9	93.85173	22340.5	68.83376	4300.0	8.47	4253.0	7.86
107480	9387.3	73.89776	10556.0	91.78511	22861.3	65.05225	4231.0	8.22	4100.0	7.63
107500	9376.7	77.97418	10602.9	91.94531	22825.4	67.89227	4009.0	8.32	3697.0	7.95
107520	9555.6	78.63488	10430.1	92.68870	22819.4	68.42391	4182.0	8.35	3472.0	8.03
107540	9507.2	73.75848	10759.4	85.49529	22537.5	70.20927	3657.0	7.80	3063.0	7.55
107560	9437.3	74.92567	10180.7	84.89220	23186.5	71.25047	3755.0	7.66	2694.0	7.52
107580	9093.0	79.89627	10261.6	85.24822	23450.5	72.67235	3643.0	7.76	2577.0	7.84
107600	9065.7	75.39739	10262.8	87.08019	23476.4	70.82808	3539.0	7.78	2886.0	7.53
107620	9358.7	78.78558	10140.0	89.20525	23306.4	70.80286	3479.0	8.02	2565.0	7.86
107640	9454.6	78.12691	10170.9	87.83408	23179.4	69.38890	3306.0	7.94	2229.0	7.84
107660	9441.2	72.66825	10149.6	84.16646	23213.5	72.57848	3112.0	7.53	2188.0	7.31
107680	9445.4	75.37588	10387.7	87.66656	22971.4	69.75616	3065.0	7.90	2331.0	7.64
107700	9551.4	76.73787	10083.1	90.01774	23170.5	72.68472	3424.0	8.06	2553.0	7.76
107720	9336.3	73.67071	10070.2	90.45785	23398.5	72.71867	3011.0	7.99	2491.0	7.52
107740	9068.8	77.56849	10068.3	92.13786	23668.4	70.62606	3282.0	8.12	2690.0	7.79
107760	9005.9	77.35655	10307.2	93.06114	23492.4	71.14206	3287.0	8.25	2963.0	7.80
107780	9183.6	75.33382	10083.7	96.73181	23538.3	68.64782	3126.0	8.40	2937.0	7.73
107800	9177.7	77.36892	9815.4	90.53314	23812.4	72.71806	3293.0	7.99	2434.0	7.70
107820	9279.7	77.39826	10009.3	90.91313	23516.5	73.58537	3314.0	8.08	2484.0	7.78
107840	9224.9	79.91020	10056.1	89.06928	23524.4	70.39923	3486.0	8.01	2405.0	7.91
107860	9615.7	80.88008	10002.0	87.79843	23187.4	68.35064	3837.0	7.98	2465.0	8.00
107880	9633.5	77.95258	10414.7	87.15609	22756.4	68.84550	3748.0	7.97	2709.0	7.88
107900	9706.7	81.45490	10034.3	92.12863	23064.4	69.96209	3961.0	8.33	2670.0	8.18
107920	9550.6	78.62103	10312.9	89.29509	22941.4	68.18504	3962.0	8.14	3041.0	7.96
107940	9163.8	77.95017	10666.5	87.31901	22974.4	68.47703	3836.0	7.98	3243.0	7.83
107960	9047.3	82.20534	10471.8	88.75281	23286.4	70.21785	4164.0	8.06	3230.0	8.11
107980	9239.8	79.03931	10317.4	82.49437	23247.4	71.10192	4242.0	7.60	3051.0	7.74
108000	9274.7	78.23450	10699.7	89.13159	22830.5	70.68211	3680.0	8.13	3088.0	7.92
108020	9361.6	77.62437	9894.3	90.31791	23549.4	70.40486	3875.0	8.00	2903.0	7.75
108040	8856.2	79.23528	10238.7	86.18676	23710.4	72.22336	3576.0	7.79	2679.0	7.78
108060	8854.0	77.72975	10376.6	85.48694	23574.4	69.53427	3279.0	7.70	2614.0	7.63
108080	9218.4	73.65624	9818.6	93.17751	23768.5	73.01378	3287.0	8.07	2773.0	7.49
108100	9012.8	76.75277	9750.4	89.76656	24042.4	73.19890	3487.0	7.90	2746.0	7.60
108120	9283.4	74.52816	9594.6	90.74078	23927.4	71.44068	3634.0	7.94	2800.0	7.50
108140	9503.5	77.43185	9743.5	91.67870	23558.4	71.54923	3800.0	8.13	2847.0	7.78
108160	9046.2	81.56450	10251.9	88.28440	23507.4	70.26299	3526.0	8.00	2544.0	8.02
108180	9517.6	78.05220	9472.4	87.69848	23815.3	68.28639	3920.0	7.82	2463.0	7.72
108200	9617.7	80.06308	9778.7	93.73181	23409.3	67.69528	3678.0	8.36	2580.0	8.06
108220	10260.1	78.31165	10083.2	90.66720	22461.4	66.93332	3865.0	8.25	2490.0	8.01
108240	10036.8	73.26264	10146.0	89.09903	22621.5	69.35430	3767.0	7.98	2788.0	7.60
108260	9584.6	78.54922	10537.7	88.36725	22682.4	68.19569	3874.0	8.08	2944.0	7.93
108280	9935.4	79.89068	10542.7	88.92970	22326.3	65.24940	3878.0	8.19	2622.0	8.13
108300	9563.6	78.48252	10266.9	88.16698	22974.4	69.11213	4030.0	8.01	2968.0	7.88
108320	9392.9	80.92715	10295.1	91.05520	23117.4	68.88190	3829.0	8.24	2851.0	8.11
108340	9319.8	79.68884	10332.7	87.14043	23152.4	69.22688	3955.0	7.94	2974.0	7.92
108360	9162.8	78.13142	10323.7	86.86283	23318.4	69.95686	3846.0	7.84	3008.0	7.75
108380	9044.0	78.60179	9713.2	87.96609	24048.4	72.11574	4083.0	7.82	3068.0	7.69
108400	8987.1	79.88594	9913.3	90.83765	23905.5	74.51180	3950.0	8.02	3022.0	7.83
108420	9126.9	78.52559	10605.4	84.55631	23072.4	68.57218	3955.0	7.77	3085.0	7.77
108440	8941.9	77.37189	10315.9	89.35841	23547.4	71.87580	3840.0	7.98	3471.0	7.71
108460	8775.3	79.55585	10555.8	90.13020	23474.2	65.97854	4137.0	8.11	3738.0	7.93
108480	8786.1	78.26990	10676.8	90.17070	23342.4	71.00024	3947.0	8.11	3755.0	7.83
108500	8977.9	78.01535	10816.6	89.53145	23010.4	68.55056	4060.0	8.12	3843.0	7.86
108520	9114.5	74.40785	10689.8	91.29068	23000.4	70.35351	3720.0	8.15	3717.0	7.63
108540	8841.7	74.28028	10971.9	94.70191	22991.4	69.01111	3643.0	8.39	4205.0	7.68
108560	9432.6	77.45215	10919.9	93.83216	22452.5	68.97569	3859.0	8.52	3778.0	8.01
108580	9023.5	73.72278	10913.7	91.56528	22867.4	68.88719	3729.0	8.16	3951.0	7.58
108600	9423.2	73.27371	10354.2	93.60721	23027.4	70.45352	3929.0	8.28	3790.0	7.60
108620	9577.1	72.96763	10039.8	97.34019	23188.4	69.61167	3888.0	8.50	3725.0	7.62
108640	9085.4	72.75528	10399.3	94.33070	23320.4	69.48084	3570.0	8.26	3796.0	7.49
108660	8736.7	73.43094	11016.6	90.84937	23051.5	71.23683	3399.0	8.10	3809.0	7.53
108680	9092.2	70.73072	10792.9	93.70023	22919.4	69.84861	3318.0	8.26	3930.0	7.40
108700	9121.3	72.12195	11100.9	95.68780	22582.4	66.37000	2963.0	8.46	3639.0	7.61
108720	8803.6	72.40368	11020.3	101.13779	22981.3	66.60751	2792.0	8.81	3978.0	7.67
108740	8699.5	70.17122	10989.1	98.13131	23116.4	68.11457	2756.0	8.48	3984.0	7.39
108760	8860.0	66.82015	11162.1	98.89338	22782.3	66.74355	2807.0	8.54	4296.0	7.21
108780	9074.0	68.13492	10730.4	99.40016	23000.3	67.14318	3076.0	8.56	4190.0	7.30
108800	9169.0	68.50320	10822.2	97.48035	22813.5	70.13829	2991.0	8.47	3986.0	7.32
108820	9147.9	67.94162	10880.4	100.60969	22776.4	68.57892	3181.0	8.69	4396.0	7.34
108840	8922.1	68.30362	11077.4	101.99393	22805.4	69.59570	2706.0	8.81	4291.0	7.39
108860	8679.6	71.44129	11204.4	103.34226	22921.4	67.45803	2971.0	8.93	4530.0	7.62
108880	8805.5	72.11844	11230.0	98.98747	22769.4	67.49776	3051.0	8.72	4251.0	7.65
108900	8999.2	70.12404	11307.9	97.97617	22497.4	66.44805	3176.0	8.63	4423.0	7.50
108920	8887.4	71.55588	11248.2	101.68848	22669.4	67.17570	3259.0	8.88	4546.0	7.65
108940	9059.8	66.11590	11491.9	98.47179	22252.3	65.05663	3377.0	8.61	5031.0	7.22
108960	8991.0	67.33729	11286.1	100.17417	22527.4	66.63750	3175.0	8.69	4734.0	7.30
108980	8814.2	67.93519	11644.1	103.72618	22346.4	67.05679	3168.0	8.98	5084.0	7.43
109000	9101.1	69.22460	11510.2	103.76208	22193.3	63.61725	3328.0	9.10	4976.0	7.59
109020	9275.6	65.32906	11542.1	102.62094	21986.3	63.58956	3121.0	8.93	4865.0	7.30
109040	8968.1	68.24992	11914.7	100.34044	21921.3	64.31264	3089.0	8.87	4949.0	7.48
109060	9271.6	65.05624	11344.1	101.16488	22188.3	65.09761	3250.0	8.77	4913.0	7.22
109080	9011.1	68.88523	11659.9	100.21664	22133.4	65.94329	3018.0	8.79	4681.0	7.46
109100	8589.2	67.00737	11653.9	100.03209	22561.3	65.45986	2722.0	8.68	4744.0	7.28
109120	8523.5	69.23564	11699.0	102.19238	22582.4	66.80619	2984.0	8.90	5070.0	7.49
109140	8837.0	66.57521	11810.8	99.96851	22156.4	66.86771	2994.0	8.72	5074.0	7.27
109160	8930.7	63.74474	11637.9	100.83266	22235.3	65.06152	2576.0	8.70	4765.0	7.05
109180	8846.8	64.49836	11710.9	100.99340	22246.3	65.12969	2673.0	8.78	4867.0	7.16
109200	8416.7	70.30348	11892.1	104.87415	22496.4	66.92086	2733.0	9.14	4999.0	7.62
109220	9012.1	68.81057	11525.3	104.69824	22267.3	62.79327	3044.0	9.12	4920.0	7.55
109240	8854.2	68.95724	11712.0	102.54125	22238.3	62.74856	2983.0	8.97	4841.0	7.55
109260	8793.9	64.84554	11778.0	102.67611	22232.3	64.69965	2809.0	8.86	5139.0	7.19
109280	8668.3	68.09909	11711.0	102.19882	22425.3	65.38922	2745.0	8.86	4837.0	7.38
109300	8775.3	69.19210	11634.4	107.33473	22395.3	64.01129	2808.0	9.25	4895.0	7.60
109320	8686.9	63.71711	12341.6	102.32720	21775.3	63.93776	2547.0	8.91	5298.0	7.14
109340	8746.0	65.28929	11888.1	105.63292	22170.4	65.83523	2724.0	9.10	5231.0	7.31
109360	8712.9	64.44981	12324.7	102.65680	21766.5	68.84767	2519.0	8.96	5333.0	7.20
109380	8667.9	63.70099	12032.9	104.16722	22103.4	65.74473	2575.0	8.96	5340.0	7.12
109400	8425.8	61.02148	12157.9	105.10354	22220.3	65.21329	2684.0	8.93	5912.0	6.89
109420	8630.0	64.96950	12125.2	109.87219	22049.4	65.32595	2769.0	9.41	5689.0	7.35
109440	8736.7	61.94640	12180.2	109.06435	21887.4	64.98160	2737.0	9.31	5836.0	7.12
109460	8899.6	61.92664	12470.2	112.28136	21434.3	62.47322	2540.0	9.62	5861.0	7.23
109480	8492.1	65.00985	12247.0	107.26908	22065.4	65.81316	2824.0	9.21	5800.0	7.29
109500	8555.0	64.54729	12325.5	100.24966	21923.5	69.19163	2527.0	8.77	5171.0	7.16
109520	9054.9	67.15624	11767.2	105.22118	21982.4	66.47546	2812.0	9.16	4894.0	7.48
109540	8888.8	64.95357	11699.5	109.35246	22216.4	65.78845	2659.0	9.30	5274.0	7.30
109560	9083.6	64.04468	11589.2	103.87300	22131.4	66.84880	3008.0	8.95	5177.0	7.17
109580	9005.6	63.21049	11942.2	107.19824	21856.4	65.49464	3083.0	9.22	5664.0	7.21
109600	8893.8	64.56413	12167.9	105.67502	21742.5	66.80044	3070.0	9.20	5741.0	7.30
109620	9194.5	63.43742	12272.8	103.69983	21336.4	63.52168	3220.0	9.08	5646.0	7.26
109640	9303.6	65.32455	11983.0	105.42582	21517.5	66.33597	3229.0	9.20	5371.0	7.40
109660	9169.7	65.39379	11989.0	105.34358	21645.3	62.92419	2948.0	9.19	5169.0	7.39
109680	8884.9	65.79428	11815.9	101.50601	22103.4	65.51682	2854.0	8.82	4938.0	7.27
109700	8985.7	64.07434	11921.6	98.90719	21896.4	66.20250	2816.0	8.63	4838.0	7.11
109720	9073.9	66.41277	11831.0	103.82627	21899.4	66.16508	2992.0	9.08	5145.0	7.39
109740	9408.5	64.89468	11512.1	102.06216	21883.4	66.82519	2982.0	8.88	4701.0	7.27
109760	9020.2	69.39475	11985.0	105.34961	21799.4	64.88183	2783.0	9.28	4805.0	7.70
109780	8900.5	72.15620	11743.9	101.69333	22160.2	62.08595	3181.0	9.02	4697.0	7.79
109800	9125.2	70.96442	11491.2	103.54223	22188.4	65.63733	3064.0	9.12	4524.0	7.73
109820	8825.4	70.63132	11756.8	99.96308	22222.3	64.97567	3098.0	8.82	4636.0	7.63
109840	9211.0	69.56435	11548.8	97.77346	22044.4	64.83998	3213.0	8.71	4526.0	7.56
109860	9234.9	68.38939	11687.7	98.50242	21881.3	63.60395	3214.0	8.73	4659.0	7.48
109880	8697.4	69.11008	12093.8	102.44742	22013.4	65.47136	3092.0	9.04	5115.0	7.61
109900	8968.9	66.03244	12759.3	99.94277	21075.4	63.63647	3097.0	8.99	5534.0	7.45
109920	9077.0	67.87350	12601.6	103.79102	21125.3	59.92657	3004.0	9.29	5369.0	7.66
109940	9335.7	66.41914	12029.2	108.90324	21439.3	61.31805	3536.0	9.54	5877.0	7.60
109960	9549.5	65.24436	12397.2	111.23737	20857.4	62.06846	3178.0	9.79	5718.0	7.61
109980	9588.3	64.05034	12373.8	104.67088	20841.3	59.93456	3374.0	9.29	5694.0	7.41
110000	9724.4	65.44980	12208.0	106.13347	20871.3	59.13663	3680.0	9.42	5664.0	7.53
110020	9655.7	69.04819	12419.8	105.72180	20728.4	61.04647	3782.0	9.58	5672.0	7.91
110040	9468.6	65.93337	12676.4	100.71493	20658.3	60.06758	3642.0	9.12	5800.0	7.51
110060	9255.6	64.91303	12936.5	104.39377	20611.4	60.82171	3635.0	9.37	6239.0	7.51
110080	9384.4	63.19811	12277.1	108.56754	21142.3	61.00215	3279.0	9.49	5859.0	7.35
110100	9320.7	66.94727	12981.5	105.54628	20501.3	58.74063	3558.0	9.56	6144.0	7.74
110120	9437.5	64.65120	12902.6	106.70795	20463.3	60.13188	3443.0	9.56	5976.0	7.58
110140	9304.6	65.42682	12923.4	102.79492	20575.4	61.29609	3311.0	9.28	5870.0	7.51
110160	9217.5	63.65229	12717.6	104.76599	20868.3	61.11456	3085.0	9.33	5759.0	7.37
110180	9071.8	65.59444	12270.5	99.96935	21461.3	62.66326	3455.0	8.87	5705.0	7.33
110200	9015.8	65.04246	12225.7	101.93787	21562.4	64.44557	3210.0	9.02	5594.0	7.34
110220	8739.0	66.02132	12438.6	102.06006	21626.5	67.36300	3291.0	9.00	5838.0	7.37
110240	8682.1	65.91808	12231.8	103.49574	21890.4	64.37384	3281.0	9.03	5784.0	7.34
110260	8821.2	68.53802	12118.7	101.33261	21864.3	63.26429	3434.0	8.95	5502.0	7.50
110280	9096.0	68.39052	12088.6	100.00552	21619.4	63.95889	3526.0	8.91	5383.0	7.53
110300	8913.7	63.79330	12326.4	98.50734	21563.4	63.44838	3259.0	8.72	5644.0	7.15
110320	8588.4	68.21272	12340.6	101.24068	21875.4	64.79291	3071.0	8.97	5323.0	7.54
110340	8897.7	63.83200	12110.7	101.39313	21795.3	62.48017	2950.0	8.83	5327.0	7.15
110360	8587.0	64.78747	11731.1	104.87114	22486.4	66.69565	3040.0	8.95	5619.0	7.16
110380	8687.8	62.89174	11601.1	103.14753	22515.5	68.99758	2905.0	8.79	5342.0	6.99
110400	8940.9	65.63517	11523.6	108.82593	22340.4	67.22979	2829.0	9.31	5221.0	7.36
110420	9075.5	62.92990	11812.9	102.13973	21915.4	67.03759	2579.0	8.83	4891.0	7.07
110440	8827.0	66.56092	11634.4	107.53381	22343.3	64.18437	2623.0	9.26	5001.0	7.44
110460	8802.1	66.71221	11803.4	109.35512	22199.3	62.52796	2433.0	9.41	4990.0	7.49
110480	8474.0	63.15219	11953.3	108.54545	22377.5	69.53279	2247.0	9.20	5327.0	7.11
110500	8458.1	64.19382	11859.6	112.18422	22487.4	66.31165	2461.0	9.43	5586.0	7.25
110520	8267.0	61.69485	12110.3	111.02461	22427.3	65.40310	2379.0	9.31	5834.0	7.04
110540	8708.5	59.94988	12068.4	111.10026	22027.4	65.33106	2486.0	9.32	5826.0	6.95
110560	8563.5	58.78426	11739.5	109.68108	22501.5	69.37617	2835.0	9.11	6060.0	6.78
110580	8625.8	62.23855	11993.3	109.31788	22185.3	64.23001	2700.0	9.24	5844.0	7.06
110600	8925.5	61.59728	12113.3	110.54930	21765.4	64.50942	2596.0	9.43	5752.0	7.14
110620	8755.8	63.10443	11687.2	104.57460	22361.3	64.32926	2911.0	8.94	5439.0	7.08
110640	8643.8	63.00315	11751.8	100.49155	22408.4	67.03910	2819.0	8.61	5282.0	6.95
110660	8658.9	64.40963	11814.4	108.91078	22331.4	67.91348	2807.0	9.28	5699.0	7.23
110680	8923.6	62.00665	11414.7	109.99963	22466.3	64.68323	2810.0	9.23	5508.0	7.06
110700	8679.9	64.16398	12043.2	109.10908	22081.3	63.78629	2833.0	9.32	5639.0	7.26
110720	8484.1	64.34699	12089.0	106.19433	22231.3	63.43934	2937.0	9.11	5908.0	7.21
110740	9013.6	63.00883	12174.2	109.28567	21616.4	63.83090	2853.0	9.40	5709.0	7.23
110760	8667.9	64.26322	12359.0	108.42281	21777.4	65.40073	2756.0	9.41	5834.0	7.34
110780	8469.8	61.62113	12144.3	110.63694	22190.4	66.94766	2809.0	9.28	6206.0	7.04
110800	8520.5	58.86532	12528.8	107.08938	21754.3	63.41867	2530.0	9.09	6186.0	6.81
110820	8320.8	60.19735	12205.8	104.27569	22277.3	64.91073	2489.0	8.83	5782.0	6.82
110840	8412.1	64.09940	12124.8	103.84501	22267.4	66.93222	2873.0	8.93	5717.0	7.16
110860	8418.9	62.61012	12273.9	105.49978	22111.4	66.52000	2515.0	9.01	5733.0	7.03
110880	8470.0	63.88370	12043.9	103.26222	22290.4	65.72528	2867.0	8.86	5557.0	7.10
110900	8496.1	64.30052	11989.9	103.39663	22318.4	66.04266	2496.0	8.87	5212.0	7.11
110920	8392.4	66.65414	12399.1	109.70180	22013.3	64.58563	2505.0	9.46	5691.0	7.49
110940	8664.0	65.20051	12286.9	106.10140	21853.3	64.03682	2770.0	9.23	5574.0	7.34
110960	8773.7	62.81079	12296.5	100.17464	21733.4	65.25783	2708.0	8.73	5299.0	7.03
110980	8839.2	68.17477	11928.9	102.85816	22036.3	64.38329	3085.0	8.99	5113.0	7.50
111000	8581.4	68.93295	11738.8	99.38423	22484.4	68.42453	3386.0	8.74	5370.0	7.43
111020	8814.9	65.17990	11422.2	102.12003	22567.5	69.64025	3578.0	8.77	5565.0	7.17
111040	8761.9	64.22995	11604.2	103.97277	22438.4	66.09781	3228.0	8.89	5518.0	7.14
111060	9091.9	67.20571	11312.2	102.45791	22400.4	66.36359	3704.0	8.88	5324.0	7.35
111080	9125.7	65.18014	11555.2	104.69584	22123.4	65.81533	3305.0	9.04	5375.0	7.30
111100	8737.1	66.70341	11597.3	105.59086	22470.3	64.75214	3163.0	9.07	5392.0	7.36
111120	9103.6	64.15635	11442.3	103.83622	22258.3	64.01291	3359.0	8.92	5471.0	7.16
111140	8828.0	66.54342	12041.9	104.42745	21934.4	64.95475	3801.0	9.11	6073.0	7.42
111160	9258.6	64.27942	12047.9	103.93199	21497.4	64.04634	3855.0	9.14	6095.0	7.30
111180	9134.7	64.89471	12065.8	102.87535	21603.4	64.20998	3888.0	9.04	6133.0	7.32
111200	9048.0	67.73427	12629.8	107.34085	21126.5	65.33229	3583.0	9.54	6171.0	7.69
111220	9138.7	65.27062	12605.4	100.41095	21059.4	62.74297	3535.0	9.00	5784.0	7.40
111240	9161.0	69.04925	12302.6	102.13140	21340.3	61.00315	3763.0	9.14	5821.0	7.67
111260	8975.6	62.39872	12003.7	101.22714	21824.4	64.25680	3264.0	8.81	5669.0	7.03
111280	9192.9	67.82640	11832.5	111.01880	21779.4	65.14674	3277.0	9.65	5546.0	7.68
111300	9613.8	69.16431	11705.9	100.67268	21484.4	63.88570	3853.0	9.01	5038.0	7.68
111320	9689.8	70.38655	11776.5	96.44128	21337.4	62.90048	4158.0	8.76	5113.0	7.69
111340	9172.1	70.16615	11425.7	95.40219	22206.3	64.68413	3812.0	8.51	4850.0	7.52
111360	8997.1	68.92016	11247.1	99.39618	22560.4	68.38626	3689.0	8.68	5111.0	7.41
111380	9004.9	66.27554	11393.9	98.88625	22405.4	68.22025	3506.0	8.62	5166.0	7.21
111400	9224.7	65.73968	10939.7	105.01109	22640.4	66.88647	3370.0	8.96	5100.0	7.25
111420	9512.5	64.85833	11523.3	104.52799	21768.4	65.75363	3206.0	9.06	4988.0	7.32
111440	9079.8	66.24566	11719.3	106.44982	22005.4	65.34929	3006.0	9.24	5189.0	7.44
111460	8816.0	65.85279	11873.8	101.13485	22114.4	66.40017	2895.0	8.82	5050.0	7.26
111480	8689.1	66.26430	11588.1	102.16035	22527.4	68.58621	3018.0	8.79	5045.0	7.25
111500	8600.1	65.95852	11449.1	100.98295	22755.5	70.37191	3007.0	8.67	5005.0	7.19
111520	8841.9	65.42412	11731.8	100.44538	22230.5	69.99754	2679.0	8.73	4658.0	7.23
111540	8848.9	65.69741	11751.2	105.52627	22204.3	64.75470	2748.0	9.07	5039.0	7.31
111560	8976.9	66.19289	12071.9	103.86171	21755.5	67.12543	2920.0	9.09	5218.0	7.39
111580	9294.5	64.39072	11763.1	103.88601	21746.4	65.22302	3043.0	9.04	5166.0	7.26
111600	9462.7	67.25668	11678.1	104.34908	21663.4	64.38406	3179.0	9.14	4899.0	7.52
111620	9598.6	67.05909	11283.6	107.72592	21922.4	65.70694	3193.0	9.30	4759.0	7.56
111640	9178.0	68.84080	11653.2	104.74731	21973.3	63.58145	3173.0	9.18	4979.0	7.58
111660	9378.8	67.46361	11696.1	104.42136	21729.4	64.40902	3373.0	9.18	5134.0	7.55
111680	9525.9	70.17956	11585.1	103.39146	21693.4	64.89568	3448.0	9.16	4752.0	7.78
111700	9293.0	70.08459	11878.9	102.27519	21632.4	64.04113	3276.0	9.12	4804.0	7.75
111720	9599.4	64.76510	12102.7	102.08115	21101.4	62.88771	3005.0	9.08	4942.0	7.39
111740	9394.4	63.76677	11892.0	104.21358	21517.4	64.15879	3091.0	9.08	5226.0	7.24
111760	9175.4	62.33601	11786.3	107.76289	21842.3	63.18165	2781.0	9.24	5330.0	7.14
111780	8918.4	60.37359	11811.4	110.01701	22074.3	63.77084	2668.0	9.31	5633.0	7.00
111800	8877.8	64.41922	11865.2	106.76485	22061.4	65.00871	2669.0	9.14	5204.0	7.25
111820	8828.9	65.22328	11758.9	102.17060	22216.4	66.41645	3117.0	8.87	5336.0	7.22
111840	8548.2	66.57738	11887.0	103.73907	22369.4	66.74610	2921.0	9.00	5421.0	7.33
111860	9113.6	64.24142	11614.2	104.68430	22076.3	64.33403	3093.0	9.00	5189.0	7.20
111880	8909.9	65.57741	11170.5	104.55992	22724.4	69.12771	3306.0	8.89	5238.0	7.20
111900	9184.8	67.07961	11256.3	103.20167	22363.3	65.28109	3138.0	8.96	4815.0	7.38
111920	9258.8	66.81843	11099.5	103.56656	22446.4	67.76755	3033.0	8.90	4530.0	7.35
111940	9541.5	65.18115	11192.2	101.39485	22070.3	64.77534	3258.0	8.80	4679.0	7.24
111960	9281.5	63.92146	11412.2	102.88718	22110.4	66.56446	3156.0	8.88	5003.0	7.15
111980	9002.8	65.60256	11342.2	101.72416	22459.5	68.83441	3244.0	8.78	5114.0	7.21
112000	9042.8	65.35902	11217.5	105.89478	22544.4	67.01300	3013.0	9.01	4923.0	7.25
112020	8839.2	68.26728	11967.0	104.53999	21998.3	64.17589	2799.0	9.14	5011.0	7.53
112040	8700.0	65.41220	11889.0	103.55121	22215.3	63.42761	2762.0	8.96	5187.0	7.26
112060	8803.7	63.20259	11661.3	106.76237	22339.5	68.61348	2710.0	9.08	5427.0	7.11
112080	8733.1	66.09917	11462.7	110.17723	22609.4	67.28038	2794.0	9.27	5230.0	7.35
112100	8876.7	63.57820	11454.4	106.34696	22473.4	68.06398	2939.0	9.01	5288.0	7.13
112120	8621.0	65.19651	11637.5	108.59070	22546.4	68.33422	3034.0	9.21	5683.0	7.27
112140	8300.4	66.48662	11424.5	107.05642	23080.4	68.73165	3353.0	9.01	5962.0	7.23
112160	8473.9	63.00885	11527.1	103.04355	22803.4	68.14135	2946.0	8.73	5642.0	6.95
112180	8237.4	66.21421	11680.3	105.93999	22887.3	66.83551	3090.0	9.00	5820.0	7.26
112200	8334.0	62.54830	11667.3	106.02943	22803.4	69.74956	2706.0	8.91	5670.0	6.97
112220	8366.0	63.14377	12197.6	100.81176	22240.6	71.16291	2574.0	8.70	5371.0	7.01
112240	8577.9	63.63327	12333.7	103.03315	21892.4	65.26634	2274.0	8.88	4979.0	7.13
112260	8740.8	63.34366	12124.5	98.83538	21938.5	69.10881	2446.0	8.65	4875.0	7.05
112280	9155.4	61.89883	11815.9	101.40618	21832.4	65.21316	2656.0	8.78	4918.0	7.00
112300	8713.6	60.88942	11845.1	104.53371	22245.4	65.69213	2399.0	8.90	5266.0	6.92
112320	8611.0	64.87136	12206.2	109.42065	21987.3	63.05973	2417.0	9.37	5454.0	7.34
112340	8910.7	63.34343	12184.9	104.49506	21708.4	66.12682	2672.0	9.10	5338.0	7.21
112360	8444.2	65.62099	11900.3	108.83779	22460.3	64.38571	2559.0	9.26	5459.0	7.33
112380	8695.9	63.75374	11885.1	106.01397	22223.4	67.08282	2922.0	9.04	5598.0	7.15
112400	8502.2	66.06016	12060.9	104.79594	22241.3	65.34302	3078.0	9.09	5742.0	7.34
112420	8542.9	63.12385	11406.5	106.52095	22855.4	68.69084	2990.0	8.94	5625.0	7.01
112440	8300.0	61.76453	11342.6	107.51072	23162.4	69.88249	2538.0	8.91	5522.0	6.86
112460	8530.8	61.94107	11668.4	108.35686	22605.4	66.95382	2456.0	9.06	5405.0	6.97
112480	8357.9	62.11867	11687.3	107.28907	22759.4	69.00982	2537.0	8.98	5586.0	6.94
112500	8075.3	63.14406	12198.6	100.71119	22530.4	68.11454	2611.0	8.67	5680.0	6.96
112520	8027.2	62.09655	12779.8	108.33097	21997.4	66.23737	2418.0	9.25	6366.0	7.05
112540	8632.8	63.04149	13116.5	106.35096	21054.3	61.44325	2764.0	9.36	6221.0	7.25
112560	8687.8	62.94245	12971.4	103.01259	21144.4	62.46626	2721.0	9.10	5931.0	7.20
112580	8775.9	64.59232	12633.9	108.76044	21394.3	60.26220	2661.0	9.50	5733.0	7.41
112600	8782.8	63.48789	12620.0	109.96339	21401.3	62.69664	2444.0	9.56	5715.0	7.35
112620	8587.8	62.81280	12646.1	112.63134	21570.3	61.91767	2393.0	9.65	6112.0	7.26
112640	8296.1	63.77007	12527.3	114.98196	21981.4	64.70373	2681.0	9.74	6372.0	7.33
112660	8286.9	60.76823	12751.1	112.88832	21766.3	63.81509	2585.0	9.53	6572.0	7.06
112680	8435.9	62.37361	12178.4	111.95227	22190.3	64.69590	2816.0	9.44	6288.0	7.14
112700	8717.5	60.25631	12345.1	109.29259	21741.4	66.59586	2745.0	9.29	6101.0	6.99
112720	8442.7	59.79350	11978.5	112.41042	22383.4	67.02716	2715.0	9.36	6328.0	6.91
112740	8801.5	60.41055	11879.4	109.59407	22123.4	67.10834	2678.0	9.21	5745.0	6.93
112760	8886.6	62.40242	12177.6	116.47542	21740.3	62.87264	2656.0	9.83	5974.0	7.28
112780	8811.5	61.05477	11994.6	113.85747	21998.4	65.61634	2507.0	9.57	5843.0	7.08
112800	8573.6	59.82331	12097.4	112.22712	22133.3	63.99451	2581.0	9.37	6096.0	6.92
112820	8606.7	61.17353	11581.8	112.36470	22616.3	66.40496	2783.0	9.34	6014.0	6.98
112840	8536.7	61.34518	12031.3	109.69108	22236.4	66.12837	2903.0	9.23	6171.0	6.98
112860	8587.8	62.27304	11703.3	107.17481	22513.4	68.25799	2659.0	9.03	5552.0	6.99
112880	8409.0	63.07830	12163.3	110.49616	22232.5	69.07151	2505.0	9.36	5813.0	7.17
112900	8533.8	61.47472	12513.8	105.86982	21756.4	64.85653	2417.0	9.08	5751.0	7.01
112920	8295.2	64.19824	12787.5	104.33978	21721.5	67.23269	2120.0	9.09	5397.0	7.22
112940	8254.2	63.60304	12410.7	104.29400	22139.5	68.10706	2244.0	8.97	5556.0	7.10
112960	7990.6	66.41613	12426.0	108.36041	22388.4	68.04838	2152.0	9.27	5478.0	7.37
112980	7732.5	63.21641	12406.8	105.76916	22665.4	68.80576	2328.0	8.95	5955.0	7.01
113000	8001.2	62.16704	12363.7	104.31998	22439.4	68.50951	2319.0	8.93	5807.0	6.97
113020	8299.9	60.78385	12435.8	106.38156	22068.4	65.71953	2295.0	9.03	5843.0	6.91
113040	8507.6	59.31414	12389.2	111.02609	21907.3	63.94436	2257.0	9.29	5945.0	6.89
113060	8689.3	58.12611	12368.1	109.91759	21746.5	66.86601	2253.0	9.25	5914.0	6.81
113080	8840.4	59.14737	12555.9	109.02730	21407.5	66.45056	2182.0	9.33	5728.0	6.95
113100	9029.4	61.34247	12299.3	112.29270	21475.4	64.37696	2339.0	9.56	5562.0	7.17
113120	8685.8	62.79435	12838.7	106.88425	21279.5	65.21503	2290.0	9.32	5657.0	7.21
113140	8404.9	62.44630	12444.1	110.38203	21955.4	67.05684	2084.0	9.41	5670.0	7.16
113160	8359.9	61.51769	12443.7	120.47914	22001.4	64.75841	2031.0	10.03	6236.0	7.22
113180	8164.8	59.47626	12810.9	110.89639	21828.3	62.43204	2026.0	9.40	6164.0	6.92
113200	8447.8	61.56084	12788.8	108.26980	21567.4	64.72392	2243.0	9.33	5884.0	7.11
113220	8406.9	61.87322	12332.7	118.65996	22065.3	64.32874	2235.0	9.89	6178.0	7.19
113240	8364.5	57.42265	12478.3	113.84674	21961.4	64.61700	2243.0	9.44	6366.0	6.76
113260	8582.2	56.31795	12536.0	110.24701	21685.5	67.08212	2044.0	9.26	6080.0	6.66
113280	8278.9	60.94436	12181.5	114.44446	22344.4	66.99409	2008.0	9.49	5850.0	7.00
113300	8524.4	57.39420	11838.4	108.95805	22441.5	69.43578	1874.0	9.03	5465.0	6.63
113320	8491.8	61.31815	11795.6	111.86525	22517.4	68.00394	2123.0	9.29	5391.0	7.00
113340	8536.6	59.87551	11712.2	106.04492	22555.4	66.85603	2249.0	8.90	5334.0	6.80
113360	8744.6	61.59042	12015.4	110.92384	22044.4	65.36597	1932.0	9.36	5126.0	7.09
113380	8515.4	57.83411	12241.8	104.07048	22046.6	70.39730	1813.0	8.79	5202.0	6.65
113400	8335.1	63.23672	12351.1	110.37578	22118.4	65.81827	1760.0	9.38	5210.0	7.20
113420	8209.0	61.67922	12546.3	114.48099	22049.4	65.33494	1709.0	9.61	5688.0	7.11
113440	8335.7	58.98768	12582.1	111.12700	21886.4	66.25662	1406.0	9.36	5429.0	6.88
113460	8086.0	60.62814	12685.0	111.31710	22033.4	65.93305	1280.0	9.38	5359.0	6.99
113480	7984.8	58.22514	12183.4	112.18623	22636.4	67.59007	1373.0	9.25	5559.0	6.72
113500	7742.3	61.43836	12181.5	114.32463	22881.5	70.78678	1256.0	9.39	5417.0	6.95
113520	8339.6	58.72165	12332.3	112.89897	22132.5	68.23754	1429.0	9.41	5530.0	6.82
113540	8330.3	55.37809	12106.5	112.82051	22367.5	68.99802	1413.0	9.25	5585.0	6.53
113560	8039.7	56.80729	12078.7	116.84943	22686.4	67.57055	1305.0	9.45	5771.0	6.63
113580	8442.2	54.65021	12194.7	118.15789	22167.4	65.72456	1244.0	9.58	5777.0	6.54
113600	8179.5	56.51947	11957.9	117.50703	22667.3	65.56695	1403.0	9.55	5912.0	6.65
113620	8133.5	55.87807	12374.5	116.43526	22296.3	64.00987	1259.0	9.48	5925.0	6.59
113640	7946.9	58.48681	12674.1	113.25323	22183.4	65.65546	1273.0	9.44	5821.0	6.81
113660	8032.7	57.34257	12242.3	111.63086	22529.4	67.12413	1522.0	9.15	5725.0	6.63
113680	8020.7	57.58573	11976.6	114.55381	22807.4	68.46000	1444.0	9.37	5725.0	6.66
113700	7910.8	57.75750	12380.3	113.33670	22513.4	67.92009	1259.0	9.33	5721.0	6.71
113720	8365.4	55.97262	12381.3	113.75829	22057.4	66.37453	1215.0	9.38	5554.0	6.62
113740	7562.4	60.63149	12211.6	116.06134	23031.4	68.86474	1210.0	9.46	5710.0	6.89
113760	8169.0	61.03855	11430.4	120.10263	23206.3	67.46910	1426.0	9.65	5237.0	6.97
113780	7911.0	59.37564	11541.1	117.06747	23353.3	67.95098	1645.0	9.42	5670.0	6.80
113800	8097.8	58.42141	11809.6	111.81634	22897.5	71.31790	1600.0	9.14	5490.0	6.70
113820	7582.5	61.16543	11762.8	114.94012	23460.4	69.15257	1486.0	9.29	5567.0	6.86
113840	7755.1	59.00366	11402.0	113.74570	23648.4	69.65419	1235.0	9.10	5250.0	6.64
113860	7843.1	60.05121	11600.9	114.34586	23361.4	71.53824	1393.0	9.24	5372.0	6.79
113880	7714.3	60.35755	11383.5	120.51177	23708.4	71.82063	1126.0	9.58	5349.0	6.84
113900	7887.7	56.30184	11339.0	113.60435	23578.4	71.75804	965.0	9.04	5097.0	6.44
113920	8053.6	56.76690	11937.7	114.20164	22813.5	71.50033	972.0	9.21	5195.0	6.58
113940	7559.8	55.19758	12230.2	110.32004	23014.5	71.19304	1101.0	8.94	5837.0	6.36
113960	7784.8	56.34041	11415.1	116.32070	23605.5	73.38921	1074.0	9.21	5464.0	6.46
113980	7373.2	57.09595	11646.7	112.03233	23785.4	72.28655	1135.0	8.90	5574.0	6.43
114000	7280.9	62.53183	11809.1	119.37104	23716.3	68.62111	1217.0	9.57	5720.0	6.99
114020	7939.1	60.72895	12139.4	111.82941	22726.3	65.82105	1396.0	9.25	5404.0	6.88
114040	7919.0	59.03737	11815.6	111.72707	23070.4	67.86499	1358.0	9.13	5264.0	6.73
114060	8401.9	61.65914	11950.5	111.87589	22452.4	66.83012	1453.0	9.33	4938.0	7.01
114080	7632.4	60.87202	12062.5	112.95410	23110.3	66.62580	1465.0	9.26	5574.0	6.86
114100	7782.1	59.54781	11685.7	111.94509	23337.4	71.07290	1584.0	9.09	5520.0	6.70
114120	7757.0	57.92856	11415.0	113.63223	23633.5	72.54492	1493.0	9.12	5645.0	6.57
114140	7840.6	55.30846	11427.1	115.72617	23537.4	71.63793	1309.0	9.16	5748.0	6.38
114160	8050.7	57.37334	11727.9	116.50205	23026.5	71.14810	1406.0	9.37	5643.0	6.63
114180	7795.8	57.02413	11535.8	113.19759	23473.4	70.13317	1357.0	9.04	5619.0	6.49
114200	7766.7	55.69184	11677.8	113.65805	23360.4	70.29692	1495.0	9.10	5919.0	6.42
114220	7802.7	55.99804	12032.8	117.53827	22969.4	70.12316	1477.0	9.40	6332.0	6.52
114240	7733.9	56.60946	12273.6	116.24934	22797.4	69.81725	1554.0	9.40	6306.0	6.59
114260	7968.5	54.92080	12421.1	110.67444	22414.4	68.54353	1509.0	9.05	5985.0	6.44
114280	8006.3	52.58793	12340.4	114.62347	22457.4	68.00297	1401.0	9.20	6285.0	6.25
114300	7588.8	54.72950	12053.3	125.08969	23163.6	74.27416	1331.0	9.81	6643.0	6.50
114320	7758.8	56.02753	12040.7	116.34380	23005.4	68.37937	1549.0	9.35	6278.0	6.52
114340	8031.5	54.81350	12267.6	116.37200	22505.4	67.66496	1808.0	9.40	6600.0	6.45
114360	8112.8	58.62340	12190.1	123.15109	22502.4	67.54393	1973.0	9.95	6522.0	6.90
114380	8024.7	56.83528	12196.4	112.74656	22583.4	67.00209	2170.0	9.24	6481.0	6.60
114400	7942.8	57.23536	11755.9	116.48328	23106.4	68.25771	1914.0	9.37	6204.0	6.62
114420	7906.0	58.92507	11928.1	120.87508	22971.4	69.96803	1763.0	9.73	6205.0	6.85
114440	7711.2	60.19894	11575.3	119.86607	23519.4	69.59731	1652.0	9.58	6040.0	6.84
114460	7674.3	60.32104	12209.6	115.64322	22921.5	71.71490	1655.0	9.47	5958.0	6.90
114480	7764.0	57.96850	12167.9	120.84569	22873.3	65.89203	1620.0	9.72	6513.0	6.73
114500	7805.1	59.74524	11765.4	123.27257	23235.3	67.81744	1616.0	9.85	6137.0	6.90
114520	8135.7	58.22499	11667.9	114.54836	23001.4	68.29901	1716.0	9.29	5783.0	6.69
114540	8182.5	56.04683	11799.7	114.26678	22822.3	66.96791	1623.0	9.23	5768.0	6.53
114560	7805.8	57.08425	11685.7	113.12368	23313.4	70.77459	1544.0	9.13	5827.0	6.55
114580	7793.1	59.90068	10974.9	121.89702	24038.4	72.98999	1491.0	9.56	5581.0	6.78
114600	7751.0	58.58449	11130.8	123.13805	23924.4	72.93458	1393.0	9.65	5821.0	6.72
114620	7772.5	53.16204	11314.2	115.97068	23718.4	72.23996	1180.0	9.06	5812.0	6.17
114640	7866.5	53.83704	11522.4	120.69193	23416.5	71.90336	1286.0	9.46	6193.0	6.34
114660	7694.9	56.45518	11778.0	117.17449	23332.5	72.15814	1329.0	9.36	5966.0	6.52
114680	7844.8	56.57541	12187.6	116.53168	22772.4	67.67353	1323.0	9.38	5950.0	6.59
114700	7780.1	59.15151	12676.2	114.87066	22348.3	65.08421	1239.0	9.47	5849.0	6.84
114720	7901.8	57.06489	12648.3	115.35937	22254.4	67.21106	1189.0	9.46	5918.0	6.67
114740	7958.7	56.74772	12283.6	116.47577	22562.5	69.32775	959.0	9.48	5567.0	6.66
114760	7584.2	58.34833	12269.6	116.17309	22951.3	66.68869	869.0	9.41	5631.0	6.70
114780	8035.9	59.75382	12005.1	121.29477	22764.4	67.85875	813.0	9.82	5371.0	6.93
114800	8322.3	54.98849	11709.5	110.19762	22772.3	66.35925	726.0	8.95	4762.0	6.39
114820	8278.6	58.02759	11919.6	113.46190	22606.4	67.61079	946.0	9.31	4956.0	6.71
114840	7795.9	57.68285	12024.6	113.87938	22984.5	70.74347	908.0	9.21	5274.0	6.62
114860	7808.8	56.33414	11594.0	115.62158	23402.4	70.43203	969.0	9.16	5369.0	6.46
114880	7583.7	54.25022	11863.6	113.33248	23357.4	70.71095	961.0	9.01	5761.0	6.26
114900	7981.7	56.66771	11776.8	114.45169	23046.4	67.75850	987.0	9.22	5278.0	6.53
114920	8116.6	56.80172	12016.6	114.58203	22671.3	66.54469	930.0	9.29	5226.0	6.61
114940	8442.2	55.07284	11877.6	112.72559	22484.4	68.84049	1070.0	9.19	5183.0	6.46
114960	8176.6	57.70126	12163.6	115.50293	22464.4	68.15508	1244.0	9.44	5490.0	6.75
114980	8024.2	62.08219	11927.8	115.99028	22853.4	67.25935	1321.0	9.57	5172.0	7.07
115000	8359.4	56.93346	11815.6	112.59858	22629.3	65.97271	1198.0	9.22	5296.0	6.60
115020	7854.2	60.62919	12115.7	115.98103	22835.4	67.79710	1519.0	9.47	5861.0	6.89
115040	7948.9	58.73522	12158.4	112.21164	22697.4	67.89338	1600.0	9.24	5805.0	6.74
115060	8000.0	60.24308	12263.2	109.76001	22541.4	68.29867	1594.0	9.12	5404.0	6.84
115080	8175.2	63.60373	12298.7	118.99810	22331.3	63.56205	1586.0	9.88	5514.0	7.29
115100	8536.7	61.11114	12377.6	117.80095	21890.3	64.08711	1583.0	9.84	5447.0	7.16
115120	8328.8	60.17845	12707.6	121.41451	21768.3	62.53137	1655.0	10.10	6056.0	7.16
115140	8421.6	58.57733	12996.2	117.05885	21386.3	62.73866	1698.0	9.87	6219.0	7.00
115160	8198.7	58.59808	12862.2	115.92363	21743.4	65.31095	1983.0	9.68	6449.0	6.91
115180	8439.6	58.62999	12707.0	111.93501	21657.4	65.07055	1967.0	9.45	6020.0	6.89
115200	8012.2	62.52101	12580.2	113.33495	22212.3	64.67862	1837.0	9.54	5824.0	7.16
115220	8164.8	59.48180	12994.0	113.59199	21645.4	64.30297	1647.0	9.58	6058.0	6.98
115240	8235.9	60.31835	13272.6	110.22948	21295.4	65.03069	1868.0	9.47	6196.0	7.02
115260	8362.7	59.91415	13056.5	106.41214	21384.4	64.46041	1940.0	9.17	5814.0	6.94
115280	8453.5	58.24886	13018.5	106.44421	21331.5	65.50769	1701.0	9.17	5701.0	6.83
115300	8393.7	60.28401	13207.1	116.66058	21203.4	62.86198	1614.0	9.91	6053.0	7.13
115320	8235.0	61.33557	13045.4	120.21255	21524.3	61.97194	1790.0	10.09	6213.0	7.25
115340	8660.3	57.84679	12783.2	114.96596	21360.4	63.61418	1834.0	9.68	5978.0	6.90
115360	8413.5	58.14226	12724.1	112.99899	21666.4	64.55870	2026.0	9.51	6161.0	6.86
115380	8363.5	57.96145	12548.1	111.95925	21892.4	65.95464	2194.0	9.36	6247.0	6.80
115400	8650.2	56.54565	12619.9	109.25568	21533.4	65.62771	2153.0	9.20	6091.0	6.68
115420	8229.7	58.61466	12720.1	112.47379	21854.4	65.03935	2366.0	9.46	6675.0	6.83
115440	8251.7	58.49330	12367.3	113.32240	22185.4	66.23388	2536.0	9.40	6590.0	6.82
115460	8272.5	57.04019	12822.2	114.94355	21709.3	62.42362	2188.0	9.59	6760.0	6.76
115480	8594.5	59.34455	12844.1	114.63714	21365.3	62.13526	2116.0	9.72	6232.0	7.04
115500	8557.5	58.43568	12692.2	114.99560	21554.4	63.53478	2225.0	9.68	6397.0	6.93
115520	8680.1	55.12166	13049.9	112.23342	21073.4	62.67135	2198.0	9.48	6597.0	6.67
115540	8345.6	57.93610	13332.1	118.39318	21126.4	62.59470	2171.0	10.01	6974.0	7.00
115560	8115.9	59.48029	13710.6	113.44391	20977.4	62.71307	2129.0	9.77	6828.0	7.07
115580	8118.6	57.20005	13833.4	110.70735	20851.3	59.50566	1755.0	9.53	6666.0	6.84
115600	8171.8	59.42108	13435.2	120.66951	21197.3	60.51540	1950.0	10.14	6832.0	7.11
115620	8451.5	57.83551	12943.2	116.96390	21409.3	61.21276	2231.0	9.85	6661.0	6.94
115640	8106.7	57.74596	12695.2	114.73794	22002.4	64.98212	1960.0	9.54	6461.0	6.80
115660	7874.9	58.07412	12793.2	115.02639	22136.4	65.94331	2017.0	9.55	6631.0	6.80
115680	8062.6	56.12782	12663.1	112.93174	22078.4	65.82689	2037.0	9.32	6634.0	6.60
115700	8435.3	56.16593	12649.1	111.78208	21719.4	64.79956	2054.0	9.35	6362.0	6.66
115720	8407.4	56.60190	12652.2	113.77731	21744.4	64.81614	2007.0	9.44	6306.0	6.70
115740	8302.4	55.85049	12857.0	113.11112	21644.4	66.29532	1943.0	9.45	6569.0	6.64
115760	8158.6	57.33657	12783.3	117.06689	21862.4	64.30365	1742.0	9.69	6337.0	6.82
115780	7792.0	58.90718	12954.2	116.24858	22058.4	67.06240	1584.0	9.65	6443.0	6.88
115800	8230.5	57.03888	13074.8	110.44879	21498.4	63.73803	1537.0	9.34	6063.0	6.72
115820	8355.9	61.30178	12448.5	116.16834	22000.2	61.12408	1825.0	9.76	5826.0	7.16
115840	8509.9	62.82620	12502.4	115.20860	21792.2	61.00775	1865.0	9.72	5652.0	7.24
115860	8303.8	60.06204	12041.9	118.90371	22459.3	65.10718	1733.0	9.73	5826.0	6.97
115880	8399.5	57.74622	12169.6	115.63314	22235.4	65.34171	1610.0	9.53	5763.0	6.80
115900	8055.9	59.06971	11738.8	115.18071	23010.4	68.32600	1642.0	9.39	5686.0	6.78
115920	8110.7	57.76798	12040.6	114.19415	22653.4	68.98617	1625.0	9.30	5749.0	6.68
115940	8179.7	57.92670	11850.5	110.76448	22774.4	69.14739	1787.0	9.09	5691.0	6.63
115960	8624.3	57.27069	11821.9	117.20688	22358.4	67.14011	1766.0	9.58	5689.0	6.74
115980	8592.3	56.60636	11973.6	114.33490	22238.4	67.55605	1501.0	9.37	5422.0	6.67
116000	8427.3	55.72907	11575.2	118.50351	22802.4	67.79870	1588.0	9.53	5700.0	6.58
116020	8562.3	56.86000	11590.8	112.85875	22651.4	68.18223	1690.0	9.23	5398.0	6.61
116040	8669.2	55.85750	11558.5	109.02041	22576.4	68.69365	1974.0	8.96	5498.0	6.47
116060	8637.3	57.50504	11844.5	111.68974	22322.4	66.96998	1717.0	9.24	5365.0	6.71
116080	8268.6	57.50608	12009.7	115.20507	22526.4	66.59962	1578.0	9.38	5664.0	6.71
116100	8316.6	58.29873	12203.3	112.10250	22284.4	66.55929	1694.0	9.31	5675.0	6.76
116120	8004.1	61.23015	12137.9	119.41658	22663.4	66.69488	1592.0	9.77	5821.0	7.06
116140	8110.6	56.46035	11989.5	113.03924	22704.4	68.18973	1283.0	9.19	5644.0	6.53
116160	7894.8	56.83155	11649.5	109.14534	23260.5	72.86991	1385.0	8.81	5383.0	6.44
116180	7843.0	58.80635	11540.8	112.56185	23421.4	70.01732	1302.0	9.08	5313.0	6.64
116200	7528.3	59.17250	11364.0	113.36990	23913.4	72.06574	1280.0	9.02	5368.0	6.61
116220	7386.4	59.47585	11460.2	117.83258	23959.4	72.11223	1227.0	9.33	5654.0	6.70
116240	7675.0	57.84305	11882.7	114.48458	23247.5	72.21829	1083.0	9.21	5417.0	6.61
116260	7534.2	58.75121	11846.4	109.20225	23424.5	72.35920	1217.0	8.92	5322.0	6.63
116280	7725.9	56.91130	11709.3	107.25389	23369.4	71.12310	1210.0	8.70	5145.0	6.44
116300	8099.7	57.70104	11401.9	111.98836	23303.6	74.64385	1268.0	9.02	5049.0	6.56
116320	7737.2	59.51309	12115.5	113.66091	22952.3	66.55549	1332.0	9.29	5668.0	6.78
116340	7743.0	58.43548	12407.5	116.04109	22654.4	67.06687	1294.0	9.47	5887.0	6.77
116360	8147.9	59.82570	11918.8	115.74083	22738.3	66.33654	1450.0	9.49	5519.0	6.88
116380	7464.2	58.19824	12504.3	113.39126	22836.5	71.33242	1425.0	9.26	6216.0	6.65
116400	8111.5	56.06736	12208.6	116.76265	22484.4	66.60208	1693.0	9.48	6201.0	6.62
116420	8040.6	56.73894	12583.3	114.06943	22180.4	67.46214	1539.0	9.37	5982.0	6.67
116440	8321.4	56.71124	12253.9	105.71905	22228.4	66.79950	1722.0	8.82	5591.0	6.54
116460	8424.6	59.43507	11862.4	109.65297	22517.4	68.41479	1981.0	9.12	5494.0	6.78
116480	8514.6	60.07130	11990.6	114.50806	22299.4	66.72469	1979.0	9.49	5648.0	6.95
116500	8603.4	58.04609	11946.4	109.98870	22254.3	63.48360	1873.0	9.15	5413.0	6.73
116520	8334.6	58.40896	12254.3	112.30672	22215.4	66.91394	1759.0	9.33	5708.0	6.80
116540	8619.3	56.82824	12180.9	105.46296	22003.4	66.67506	1817.0	8.84	5284.0	6.57
116560	8182.9	59.88320	12137.4	113.00484	22484.5	69.21473	1714.0	9.35	5579.0	6.90
116580	8578.4	57.96989	11761.5	110.60092	22464.4	67.63128	1675.0	9.20	5136.0	6.76
116600	8577.8	62.43495	11827.5	110.77587	22399.4	66.99024	2033.0	9.32	5157.0	7.11
116620	8617.8	62.11558	11881.0	103.50435	22305.4	68.04887	2136.0	8.83	4962.0	6.96
116640	8392.2	65.18919	11996.1	106.25041	22416.5	69.52269	2077.0	9.07	4968.0	7.22
116660	8483.9	62.90069	11763.2	106.61052	22557.5	69.51629	2185.0	9.03	5132.0	7.03
116680	8585.8	62.42803	11788.6	112.27029	22430.4	67.85209	2190.0	9.38	5385.0	7.10
116700	8292.1	63.35109	11651.3	106.79925	22861.4	68.26870	2387.0	8.99	5458.0	7.01
116720	8305.9	61.42477	11823.9	102.26483	22674.4	69.02907	2299.0	8.62	5240.0	6.79
116740	8497.1	64.69130	11905.2	106.89261	22402.4	67.31475	2137.0	9.13	4968.0	7.23
116760	8376.0	62.64023	11697.2	105.76421	22731.4	69.55649	2134.0	8.88	4963.0	6.99
116780	8390.3	65.72497	11660.0	102.59013	22754.5	70.30383	2283.0	8.81	4746.0	7.18
116800	7882.7	66.02861	12048.8	102.01022	22873.5	71.56507	1821.0	8.72	4789.0	7.15
116820	8137.3	64.05864	11554.0	101.47917	23113.4	70.23923	1863.0	8.57	4614.0	6.96
116840	7767.9	67.32416	11803.9	101.78879	23233.4	68.35092	1814.0	8.69	4473.0	7.22
116860	8374.3	65.52573	11276.5	105.26076	23154.4	69.30678	1948.0	8.87	4375.0	7.15
116880	7873.7	66.13616	11262.4	103.83865	23669.4	69.61355	2111.0	8.70	4675.0	7.09
116900	8345.3	65.60635	11162.3	101.57732	23297.4	69.13142	2119.0	8.59	4193.0	7.08
116920	8461.3	66.48400	11199.5	104.36166	23144.4	70.09488	1965.0	8.81	4139.0	7.20
116940	8526.3	67.13852	11333.4	104.30881	22945.5	70.42021	2011.0	8.87	4154.0	7.28
116960	8516.2	65.59908	11716.0	102.12259	22572.4	68.61788	1988.0	8.76	4298.0	7.19
116980	8343.4	66.56300	11869.9	102.22827	22591.4	66.70360	2135.0	8.79	4621.0	7.25
117000	8294.5	67.26574	12044.1	106.18261	22466.3	64.19495	2083.0	9.13	4801.0	7.41
117020	8205.5	66.88640	12152.5	98.92199	22446.4	67.23776	2369.0	8.65	4950.0	7.24
117040	8491.4	68.21903	11767.0	103.34271	22546.3	65.52773	2696.0	8.92	4930.0	7.42
117060	8990.8	65.64941	11731.1	104.79645	22082.3	64.50340	2613.0	9.05	4733.0	7.34
117080	9048.8	65.14877	11686.4	107.50273	22069.4	65.60057	2385.0	9.21	4778.0	7.30
117100	8897.7	63.87468	11658.5	109.02841	22248.3	64.13781	2251.0	9.27	4856.0	7.24
117120	8789.9	64.89025	11523.8	112.33881	22491.4	66.77711	2180.0	9.44	4866.0	7.31
117140	8713.9	64.50370	11554.5	107.83782	22536.4	67.15967	2235.0	9.13	4794.0	7.22
117160	8592.5	69.58866	11716.2	105.88757	22496.3	64.10883	2384.0	9.14	4572.0	7.57
117180	8882.1	67.65113	11596.4	107.04360	22326.4	67.07176	2475.0	9.20	4627.0	7.48
117200	8911.9	65.21352	11698.2	104.68590	22194.4	65.36425	2673.0	9.00	4959.0	7.25
117220	8979.6	63.25998	11669.1	102.95799	22155.4	66.21266	2224.0	8.89	4536.0	7.11
117240	9185.5	63.69977	11548.2	103.80676	22070.4	67.27877	2347.0	8.93	4336.0	7.18
117260	9212.7	65.82292	11684.8	99.86758	21906.5	67.39049	2312.0	8.78	4182.0	7.30
117280	9083.8	65.94113	11052.4	102.85713	22668.4	67.94335	2442.0	8.81	4109.0	7.24
117300	9346.5	64.71086	11141.5	104.15684	22316.5	70.91874	2136.0	8.90	3885.0	7.20
117320	8692.0	64.81301	11556.6	95.13901	22555.5	71.34546	2117.0	8.27	3924.0	7.00
117340	8797.0	66.40346	10707.4	98.55885	23300.4	69.94087	2356.0	8.40	3776.0	7.09
117360	8609.2	67.02736	10991.1	97.00344	23204.5	71.14697	2577.0	8.33	4049.0	7.12
117380	8358.1	63.99194	10950.3	100.58711	23496.4	70.76182	2352.0	8.43	4469.0	6.88
117400	8327.3	65.17082	11279.1	100.14727	23198.6	74.39852	2251.0	8.48	4381.0	7.00
117420	8261.1	63.45234	11027.9	95.20294	23515.5	72.04677	2405.0	8.04	4405.0	6.72
117440	8255.4	65.57059	10867.1	95.96540	23682.4	72.24113	2345.0	8.14	4074.0	6.91
117460	8424.6	69.33140	10637.4	98.69774	23743.4	71.22071	2605.0	8.41	3933.0	7.23
117480	8405.4	67.29232	10307.4	95.95722	24092.5	74.44086	2701.0	8.10	3868.0	6.99
117500	8381.5	68.11763	10291.6	98.03039	24132.5	75.85115	2573.0	8.20	3697.0	7.06
117520	7915.8	67.80133	10475.3	95.47415	24414.4	73.30214	2416.0	8.01	3798.0	6.95
117540	8323.6	69.13675	10259.0	102.69419	24223.5	74.48767	2476.0	8.54	3891.0	7.22
117560	8371.8	71.13029	10681.4	98.82338	23752.4	72.34944	2518.0	8.42	3799.0	7.35
117580	8316.9	71.92218	11038.3	101.39766	23450.4	70.17723	2468.0	8.71	4006.0	7.54
117600	8390.8	71.81393	11239.8	94.86872	23174.4	69.16839	2683.0	8.35	3992.0	7.47
117620	8331.7	69.79443	11527.5	94.27783	22945.4	67.69023	2377.0	8.28	3977.0	7.32
117640	8541.3	66.77565	11221.7	93.88159	23041.5	72.06873	2517.0	8.20	3939.0	7.11
117660	8610.2	66.49437	11023.0	97.15736	23171.5	72.82950	2289.0	8.35	3817.0	7.12
117680	8775.1	66.56997	11010.6	104.91173	23019.4	69.71194	2235.0	8.89	3993.0	7.28
117700	8780.3	68.71852	11045.1	111.40534	22980.3	65.96398	2334.0	9.37	4313.0	7.55
117720	8381.2	65.49519	11199.8	109.01476	23224.3	66.94563	2034.0	9.11	4638.0	7.21
117740	8361.4	66.66264	11393.4	105.14819	23050.4	68.67501	2232.0	8.91	4585.0	7.29
117760	8360.4	66.98802	11223.4	103.50610	23221.3	68.16561	1940.0	8.77	4109.0	7.22
117780	8196.3	65.05792	11474.2	103.56798	23134.4	70.09877	1888.0	8.77	4462.0	7.09
117800	8783.7	62.81290	11376.0	100.03873	22644.4	68.61434	2055.0	8.51	4202.0	6.91
117820	8733.2	67.63778	11479.5	107.28259	22592.4	67.73603	2026.0	9.17	4229.0	7.45
117840	8771.8	63.59254	11577.1	103.27542	22455.4	67.38224	2061.0	8.82	4443.0	7.07
117860	8790.9	65.27750	11940.9	103.16680	22072.3	63.23522	2188.0	8.96	4567.0	7.28
117880	8642.2	67.14715	12097.0	106.57993	22065.2	61.30500	2288.0	9.23	4862.0	7.47
117900	8865.0	66.07455	12031.3	109.58361	21908.3	62.42706	2251.0	9.46	4892.0	7.48
117920	8703.7	61.70203	11839.4	109.91701	22261.3	63.47372	2369.0	9.26	5395.0	7.05
117940	8594.9	63.94219	12179.1	108.43364	22030.4	66.96710	2316.0	9.28	5317.0	7.26
117960	8618.7	61.58198	12161.1	108.24342	22024.5	67.82922	2312.0	9.19	5488.0	7.02
117980	8417.1	64.57454	11766.1	104.86724	22621.4	68.86346	2556.0	8.93	5214.0	7.14
118000	8628.0	64.64473	11617.4	107.95600	22559.4	66.70257	2293.0	9.16	4992.0	7.20
118020	8618.9	64.10762	11873.0	103.82895	22312.5	68.98728	2490.0	8.94	5060.0	7.15
118040	8956.7	63.71052	11632.2	104.28023	22215.5	68.90222	2579.0	8.93	4913.0	7.13
118060	8748.7	62.40514	11565.2	104.57123	22490.4	68.36040	2637.0	8.84	5210.0	6.98
118080	8695.9	64.54851	11532.1	102.90053	22576.4	68.55915	2881.0	8.80	5128.0	7.10
118100	8409.4	67.39081	11154.4	102.85040	23241.4	68.32816	3056.0	8.71	5052.0	7.23
118120	8440.1	64.61605	11378.5	106.04295	22986.3	67.04511	2767.0	8.92	5250.0	7.12
118140	8585.8	62.14751	11513.3	105.15370	22705.4	68.32174	2633.0	8.80	5226.0	6.92
118160	8477.1	65.03372	11441.7	109.83214	22886.5	72.01901	2568.0	9.21	5305.0	7.23
118180	8441.8	61.14308	11417.7	110.31287	22945.5	70.42290	2354.0	9.11	5339.0	6.91
118200	8538.8	62.12454	11031.0	110.21824	23235.4	70.32344	2336.0	9.07	5115.0	6.95
118220	8315.8	60.42639	11151.9	110.66255	23337.4	69.69462	2189.0	9.03	5289.0	6.79
118240	8267.1	63.07799	11118.8	108.37211	23419.5	72.00517	2016.0	8.96	4790.0	6.98
118260	8169.2	63.11158	11127.4	103.27495	23508.5	73.37825	2081.0	8.59	4685.0	6.86
118280	8260.1	62.99356	11196.7	108.16144	23348.4	70.13697	2007.0	8.94	4922.0	6.97
118300	8596.9	63.47800	10991.7	106.37543	23216.4	69.87993	2126.0	8.86	4515.0	7.00
118320	8263.1	63.19426	10985.8	107.43463	23556.3	67.65977	2154.0	8.84	4743.0	6.93
118340	8636.8	62.31571	10837.9	106.78412	23330.4	69.49405	2036.0	8.83	4377.0	6.90
118360	8638.6	60.95324	10838.8	105.25709	23327.4	70.82646	1930.0	8.69	4306.0	6.77
118380	8874.8	64.31616	10953.0	109.06239	22977.4	69.65219	2060.0	9.12	4394.0	7.15
118400	8137.2	62.64807	11129.4	103.18172	23538.4	71.74425	2221.0	8.57	4858.0	6.83
118420	8228.2	63.92993	11202.4	103.85246	23374.5	72.28158	2392.0	8.65	4939.0	6.95
118440	8005.3	63.56093	10616.0	105.85463	24184.5	76.14823	2403.0	8.66	5090.0	6.86
118460	8003.0	60.28234	10739.8	104.57440	24062.5	74.95375	2330.0	8.49	5215.0	6.58
118480	7934.9	58.35803	10689.3	110.36279	24181.5	75.17225	2156.0	8.77	5560.0	6.47
118500	8099.7	57.81796	10696.0	107.46156	24009.6	77.89513	1995.0	8.61	5229.0	6.41
118520	8501.4	57.64950	10534.1	106.66253	23769.5	74.28251	1717.0	8.60	4561.0	6.44
118540	8189.9	60.65395	10726.4	112.15951	23889.4	72.85960	1608.0	8.99	4655.0	6.74
118560	8192.5	56.41406	10321.8	113.42132	24291.4	72.87208	1436.0	8.87	4818.0	6.38
118580	7921.7	56.54942	10544.7	114.64513	24339.4	74.45378	1547.0	8.95	5315.0	6.38
118600	7901.0	58.83475	10664.6	115.28979	24240.5	74.32568	1571.0	9.08	5212.0	6.59
118620	8289.5	57.26005	10886.8	106.39270	23628.4	71.14815	1734.0	8.56	4855.0	6.41
118640	8389.4	56.34338	10865.2	110.95564	23550.5	73.43217	1623.0	8.85	5084.0	6.40
118660	8271.5	57.05370	10901.2	111.54022	23632.4	70.23783	1774.0	8.90	5291.0	6.46
118680	7915.2	61.36020	10882.1	110.65057	24008.4	72.95016	1609.0	8.96	5021.0	6.76
118700	7621.3	60.12366	11476.7	110.19792	23707.4	71.13968	1624.0	8.89	5409.0	6.66
118720	8008.0	60.42664	11336.9	111.67354	23460.4	70.83268	1567.0	9.05	5167.0	6.76
118740	8170.0	60.82801	11165.8	108.26038	23469.4	70.46982	1592.0	8.84	4700.0	6.76
118760	8182.8	59.54272	11608.3	106.36063	23013.5	71.30433	1401.0	8.79	4659.0	6.71
118780	8011.3	63.47850	11719.6	110.76959	23074.4	69.01300	1602.0	9.17	4962.0	7.05
118800	8441.9	62.11805	11491.6	109.28983	22871.4	69.67673	1446.0	9.08	4477.0	6.97
118820	8072.1	61.31640	11529.4	106.08526	23203.5	71.10901	1548.0	8.83	4819.0	6.81
118840	8303.2	64.54402	11640.5	109.41024	22861.4	68.62799	1465.0	9.18	4436.0	7.19
118860	8330.2	64.63540	12013.4	111.36699	22461.5	69.44226	1616.0	9.38	4824.0	7.27
118880	8017.3	62.94874	12048.2	108.60837	22739.3	64.33181	1542.0	9.10	4972.0	7.02
118900	8430.1	64.18008	11425.8	111.21102	22949.4	68.69584	1928.0	9.23	4842.0	7.13
118920	8222.2	64.00446	11475.8	111.86968	23107.3	67.03836	1776.0	9.25	4879.0	7.14
118940	8055.2	62.94553	11230.7	108.57616	23519.5	72.30068	1857.0	8.93	4874.0	6.92
118960	8074.5	65.23527	11340.7	108.71575	23390.4	70.72702	1778.0	9.04	4628.0	7.16
118980	8176.2	63.31277	10920.0	108.64153	23709.4	70.79469	1994.0	8.92	4741.0	6.94
119000	8157.3	63.76722	11095.8	107.71451	23552.5	72.51768	1957.0	8.87	4749.0	6.96
119020	8323.2	64.07845	11351.0	98.79094	23130.5	73.04397	2249.0	8.39	4503.0	6.92
119040	8108.8	69.09241	10741.2	109.61578	23956.5	73.56323	2132.0	9.05	4355.0	7.36
119060	8325.1	63.45218	10634.3	110.00536	23846.4	70.53874	1992.0	8.96	4537.0	6.95
119080	8376.9	61.46779	11174.5	105.33331	23253.4	70.29404	1876.0	8.74	4724.0	6.81
119100	8041.3	63.08674	11029.7	105.60211	23734.5	75.57757	1908.0	8.69	4729.0	6.85
119120	8443.1	63.94927	11295.4	104.91363	23066.5	72.97666	1959.0	8.84	4549.0	7.03
119140	8159.4	65.14069	11486.7	111.28315	23159.4	70.91229	2290.0	9.21	5240.0	7.18
119160	8098.2	63.05669	11296.6	107.75702	23410.4	71.05123	2135.0	8.91	5038.0	6.95
119180	8232.1	63.25968	11528.3	105.54694	23044.4	69.21306	1807.0	8.83	4636.0	6.96
119200	8206.4	65.54574	11553.5	108.44999	23045.5	72.20975	2018.0	9.11	4928.0	7.20
119220	8331.3	65.35259	11355.6	107.61943	23118.4	68.09642	2236.0	9.01	4880.0	7.16
119240	8672.9	63.50292	11491.5	107.97476	22640.4	66.86936	2123.0	9.07	4706.0	7.10
119260	8864.6	62.12553	11755.1	104.95599	22184.4	66.42195	2348.0	8.96	4978.0	7.03
119280	8767.9	64.17098	11644.2	105.17107	22392.4	67.36357	2760.0	8.96	5148.0	7.16
119300	8564.1	64.85600	12012.5	97.64047	22227.5	68.71750	2644.0	8.52	4971.0	7.09
119320	8293.3	65.74542	11797.0	103.08511	22714.5	70.09512	2807.0	8.84	5391.0	7.18
119340	8693.0	65.17662	11731.8	99.49665	22379.4	66.78039	2848.0	8.61	4906.0	7.14
119360	8640.1	65.70873	11559.9	99.62102	22604.4	67.85997	2781.0	8.62	4769.0	7.17
119380	8716.0	65.62879	11243.8	96.14310	22844.3	67.00221	2984.0	8.32	4540.0	7.07
119400	9137.1	69.82396	11229.1	100.05885	22438.4	67.78698	3023.0	8.75	4256.0	7.53
119420	8929.3	70.19885	11041.0	96.33233	22834.4	68.03540	3090.0	8.44	4146.0	7.41
119440	8922.4	71.79080	11652.6	96.03497	22229.4	65.95554	3035.0	8.58	4140.0	7.64
119460	9091.6	74.63962	11460.6	94.86847	22252.4	65.45130	3306.0	8.55	3980.0	7.82
119480	9042.9	77.47314	11076.8	93.87553	22685.4	66.73962	3431.0	8.49	3675.0	7.98
119500	8773.1	77.88989	11268.6	93.67514	22763.4	67.89866	3502.0	8.43	3939.0	7.96
119520	9084.9	78.24923	11261.8	95.66299	22458.3	65.77650	3420.0	8.66	3719.0	8.09
119540	9252.4	73.61468	11173.9	97.07442	22378.3	63.62508	3284.0	8.63	3853.0	7.78
119560	9329.2	72.68081	11129.8	95.20447	22345.4	66.17013	3426.0	8.50	3907.0	7.68
119580	9205.3	72.07373	11284.7	93.98438	22314.4	66.67454	3375.0	8.43	3954.0	7.64
119600	8975.4	71.55178	11273.6	93.19980	22555.4	67.90633	3320.0	8.32	4110.0	7.52
119620	9372.2	72.68224	11708.3	92.32468	21723.4	64.71039	3468.0	8.46	3998.0	7.76
119640	9333.1	71.09497	11705.5	94.52293	21765.4	64.22479	3298.0	8.57	4204.0	7.67
119660	9169.4	73.65038	11518.4	92.69749	22116.4	66.29840	3325.0	8.40	3884.0	7.73
119680	8817.9	75.89396	11170.8	95.41624	22816.4	68.07434	3800.0	8.54	4332.0	7.87
119700	9036.4	71.86172	11498.5	93.47103	22269.4	67.48933	3719.0	8.43	4553.0	7.63
119720	9156.1	69.38986	11606.5	93.86244	22041.3	64.18615	3589.0	8.45	4688.0	7.45
119740	9232.0	69.18356	12000.3	93.92740	21571.4	64.47476	3588.0	8.53	4843.0	7.52
119760	9299.0	70.06973	11702.5	95.82617	21802.4	64.92955	3403.0	8.62	4565.0	7.57
119780	9098.1	69.76774	11644.7	97.48218	22061.4	65.35596	3747.0	8.69	5052.0	7.56
119800	8847.4	71.09344	11414.7	95.16816	22542.4	68.76068	3708.0	8.44	4836.0	7.52
119820	8884.1	68.25346	11463.9	99.08242	22456.3	65.32166	3261.0	8.64	4814.0	7.36
119840	9270.2	72.00565	11125.9	95.55188	22408.4	66.37192	3607.0	8.47	4218.0	7.62
119860	9462.6	66.10396	10957.1	97.18007	22384.4	67.64486	3477.0	8.46	4414.0	7.19
119880	9367.9	69.62155	10706.3	97.95684	22730.5	69.93433	3675.0	8.55	4350.0	7.43
119900	9113.6	74.86592	10616.5	99.44299	23075.4	69.94035	3677.0	8.73	4180.0	7.82
119920	8600.1	75.96093	11401.7	94.86430	22803.4	68.35719	3429.0	8.53	4246.0	7.88
119940	8603.0	75.75329	11295.6	93.42810	22906.5	70.56452	3516.0	8.39	4143.0	7.80
119960	8657.0	75.82183	11094.7	93.47655	23053.3	65.52350	3592.0	8.35	4272.0	7.73
119980	8905.8	75.48652	11246.8	95.63442	22652.4	67.87452	3480.0	8.58	4160.0	7.85
120000	9008.2	69.95591	10967.1	96.78239	22829.4	68.85496	3410.0	8.47	4265.0	7.42
120020	8904.4	71.69968	10740.4	100.02883	23160.3	66.65634	3341.0	8.65	4322.0	7.56
120040	8855.4	71.02625	10983.4	101.18701	22966.4	69.31854	3304.0	8.80	4585.0	7.59
120060	8819.4	71.08822	10883.2	98.00055	23102.4	68.71509	3166.0	8.51	4081.0	7.48
120080	9282.9	68.03383	10768.3	97.69105	22753.3	65.83452	3212.0	8.48	4148.0	7.29
120100	9351.0	69.98369	10765.0	94.54757	22688.3	65.79543	3745.0	8.30	4198.0	7.41
120120	8867.1	68.07052	11181.6	92.41821	22755.5	70.17457	3250.0	8.16	4277.0	7.20
120140	9049.3	71.82921	11022.9	95.53101	22732.5	71.29712	3489.0	8.45	4274.0	7.56
120160	9063.4	72.79186	11233.8	95.33646	22507.4	66.29387	3555.0	8.53	4237.0	7.70
120180	8816.3	69.11437	11070.7	92.10936	22917.4	69.97067	3304.0	8.12	4147.0	7.25
120200	8976.2	69.52071	11121.8	94.03488	22706.4	68.05003	3423.0	8.29	4272.0	7.35
120220	8907.5	72.42114	11115.8	94.34979	22781.3	65.81590	3381.0	8.36	4175.0	7.54
120240	8950.4	71.50791	11194.0	98.66988	22660.4	68.71205	3426.0	8.69	4527.0	7.60
120260	8876.1	67.53253	11255.7	93.81396	22672.5	69.88231	3322.0	8.22	4420.0	7.19
120280	9264.2	71.74556	10929.9	94.40382	22610.4	68.84689	3390.0	8.41	3908.0	7.56
120300	9177.2	70.98835	10895.2	97.56278	22732.5	71.30450	3698.0	8.59	4541.0	7.52
120320	8865.2	68.74946	11524.7	95.95842	22414.5	69.43323	3457.0	8.46	4850.0	7.36
120340	9273.2	71.90540	10726.4	98.66390	22805.3	65.96369	3844.0	8.63	4449.0	7.61
120360	9000.5	73.41529	11069.6	91.42980	22734.5	70.22894	3805.0	8.25	4298.0	7.62
120380	9055.4	72.27463	11272.7	94.48058	22476.5	68.97504	3665.0	8.46	4434.0	7.61
120400	9147.4	73.46960	11382.8	97.32528	22274.5	68.67118	3703.0	8.70	4571.0	7.78
120420	8885.6	73.84372	11565.7	96.88558	22353.4	67.23264	3594.0	8.69	4608.0	7.80
120440	8899.4	71.00225	11856.3	93.49834	22048.4	66.43043	3375.0	8.46	4615.0	7.57
120460	9030.3	70.85177	11682.6	96.69670	22091.4	66.04882	3364.0	8.66	4665.0	7.63
120480	9282.9	69.04142	11238.1	99.43786	22283.4	67.55078	3356.0	8.73	4418.0	7.51
120500	9274.9	68.70657	11468.6	95.07082	22060.4	65.08618	3550.0	8.48	4633.0	7.42