Gen	theta:1:ajan	theta:2:alas	theta:3:R	tau:3:R	W:1->2:ajan->alas	W:2->1:alas->ajan	lnL
20	0.007114	0.008763	0.003015	0.000512	212.913696	884.535085	-684437.963
40	0.007465	0.009504	0.003064	0.000509	179.172812	964.001929	-684527.726
60	0.006700	0.008973	0.003008	0.000494	201.855514	960.610398	-684433.155
80	0.007260	0.009498	0.003070	0.000511	176.993851	924.540858	-684557.953
100	0.006688	0.008918	0.003029	0.000523	150.474475	943.128909	-684328.485
120	0.006745	0.008851	0.002943	0.000524	181.615427	942.926788	-684474.856
140	0.006655	0.009150	0.003046	0.000512	179.858779	911.288297	-684443.483
160	0.006636	0.009203	0.003056	0.000509	180.151299	806.138369	-684337.014
180	0.006649	0.009387	0.003067	0.000509	197.877515	889.052265	-684419.328
200	0.007012	0.009236	0.002958	0.000511	214.213655	864.323770	-684366.759
220	0.007218	0.009304	0.002961	0.000518	233.264316	890.136939	-684429.884
240	0.007006	0.009208	0.002891	0.000503	233.202658	899.842534	-684359.957
260	0.007060	0.009621	0.002964	0.000508	238.963580	828.332835	-684602.770
280	0.007061	0.009130	0.002843	0.000510	233.176779	832.140193	-684563.247
300	0.007063	0.008941	0.002852	0.000521	237.508360	853.673907	-684437.989
320	0.007112	0.008787	0.002896	0.000514	220.808702	808.024101	-684355.677
340	0.007017	0.008760	0.003045	0.000521	196.639404	799.377045	-684448.453
360	0.007390	0.009270	0.002860	0.000533	186.928478	754.412909	-684439.119
380	0.007857	0.009449	0.002833	0.000537	185.832732	816.441157	-684585.117
400	0.007276	0.009354	0.002980	0.000529	208.064169	868.061787	-684593.405
420	0.007276	0.009201	0.003024	0.000528	233.524912	921.189598	-684514.686
440	0.006927	0.008700	0.003079	0.000499	226.839223	936.418573	-684430.819
460	0.007532	0.009301	0.002918	0.000526	239.212078	779.115223	-684387.268
480	0.007284	0.009109	0.002984	0.000496	275.480026	807.160130	-684487.986
500	0.007111	0.008758	0.002942	0.000500	260.619315	784.444616	-684290.859
520	0.007776	0.008382	0.003093	0.000487	229.621194	840.437224	-684476.107
540	0.007092	0.009085	0.003073	0.000499	202.117047	773.058481	-684395.251
560	0.007099	0.008490	0.003134	0.000511	204.205432	842.078121	-684587.594
580	0.007364	0.009665	0.002873	0.000510	164.496546	870.379756	-684542.879
600	0.006728	0.009546	0.002938	0.000518	170.502469	849.484270	-684466.722
620	0.006886	0.008990	0.003020	0.000497	157.549216	820.945724	-684359.256
640	0.006506	0.009520	0.003073	0.000487	144.892005	795.083589	-684349.357
660	0.006817	0.009642	0.002979	0.000495	131.341849	824.818545	-684461.027
680	0.007178	0.009650	0.002927	0.000493	159.801363	808.322438	-684429.183
700	0.007347	0.010075	0.003056	0.000472	178.427672	823.372032	-684459.821
720	0.006459	0.009513	0.003059	0.000459	195.200553	830.238808	-684363.449
740	0.007494	0.009641	0.003050	0.000490	207.716285	802.270982	-684556.035
760	0.007167	0.009092	0.002951	0.000501	220.992809	804.119521	-684467.205
780	0.007344	0.009393	0.003085	0.000504	221.262961	778.870292	-684471.013
800	0.007306	0.009211	0.003034	0.000498	230.112831	777.938864	-684468.191
820	0.006816	0.009077	0.003025	0.000479	197.466086	890.253191	-684433.866
840	0.007840	0.009368	0.003014	0.000497	225.644362	866.825098	-684379.400
860	0.007288	0.009182	0.002958	0.000505	230.186933	877.778041	-684592.212
880	0.007186	0.008534	0.002996	0.000502	218.956767	927.973676	-684470.510
900	0.007620	0.008711	0.003075	0.000511	254.066097	891.147339	-684524.661
920	0.006921	0.009707	0.002986	0.000507	291.499479	837.502815	-684580.527
940	0.006588	0.009401	0.002997	0.000494	298.135622	877.193699	-684319.295
960	0.006804	0.008753	0.002978	0.000503	313.761930	964.300969	-684381.782
980	0.007059	0.009154	0.002863	0.000523	324.983908	885.109796	-684620.171
1000	0.007138	0.008825	0.002930	0.000519	306.952731	807.192165	-684470.522
1020	0.007011	0.008827	0.002932	0.000535	288.199614	841.290541	-684442.564
1040	0.006952	0.008310	0.002939	0.000515	291.369479	795.147129	-684342.615
1060	0.006811	0.008451	0.002944	0.000512	305.292482	810.278872	-684295.611
1080	0.007430	0.008388	0.003076	0.000504	274.538870	808.826189	-684459.061
1100	0.006835	0.008836	0.003043	0.000515	337.881678	723.302494	-684400.998
1120	0.006849	0.008795	0.002891	0.000488	335.010722	818.582658	-684504.543
1140	0.006965	0.009011	0.002984	0.000508	276.155310	773.900953	-684337.846
1160	0.007147	0.009395	0.002917	0.000508	283.790919	760.680526	-684492.953
1180	0.007028	0.009077	0.003098	0.000503	295.896474	784.432896	-684388.408
1200	0.006815	0.008667	0.002993	0.000476	307.121118	875.723253	-684329.437
1220	0.007073	0.008901	0.003050	0.000497	310.036820	782.847971	-684312.335
1240	0.007316	0.008802	0.002990	0.000500	329.074163	742.934010	-684366.866
1260	0.007301	0.010344	0.003091	0.000501	311.204586	713.432607	-684486.915
1280	0.007143	0.009941	0.002928	0.000492	264.056260	695.587641	-684499.981
1300	0.007450	0.009453	0.003035	0.000503	267.370836	680.591922	-684525.045
1320	0.006815	0.009201	0.003047	0.000476	301.709942	683.967727	-684455.049
1340	0.007319	0.008902	0.003150	0.000489	333.293293	627.620426	-684418.202
1360	0.007570	0.009054	0.003064	0.000488	312.126949	610.361917	-684580.316
1380	0.007665	0.009096	0.002901	0.000488	354.166833	557.348917	-684437.025
1400	0.007902	0.008746	0.003030	0.000486	350.481096	534.564051	-684398.087
1420	0.008054	0.008819	0.003008	0.000497	309.066982	522.204529	-684463.280
1440	0.008283	0.009023	0.002999	0.000480	316.877264	558.078910	-684440.051
1460	0.008098	0.009302	0.003068	0.000470	321.534835	522.895400	-684524.084
1480	0.008757	0.009497	0.002998	0.000464	321.911202	550.802252	-684506.350
1500	0.008547	0.010019	0.002987	0.000468	328.861625	507.306447	-684461.426
1520	0.007723	0.009381	0.003045	0.000456	347.546539	592.612936	-684531.853
1540	0.008026	0.009370	0.003065	0.000472	349.448186	487.493151	-684491.667
1560	0.008037	0.009050	0.002943	0.000462	403.884622	531.634305	-684338.217
1580	0.007800	0.008689	0.002997	0.000476	362.034194	562.874781	-684525.525
1600	0.007706	0.009308	0.002954	0.000485	417.041027	536.151177	-684450.313
1620	0.007832	0.009261	0.002999	0.000485	402.252805	504.642716	-684355.089
1640	0.008475	0.009049	0.002992	0.000463	424.043453	496.992117	-684566.872
1660	0.009175	0.008774	0.003060	0.000489	425.326950	445.410034	-684527.712
1680	0.008572	0.009085	0.003032	0.000487	378.212297	471.355964	-684622.765
1700	0.007944	0.009299	0.003033	0.000482	344.810706	491.481671	-684453.093
1720	0.008144	0.009249	0.003058	0.000484	327.654393	503.054585	-684401.512
1740	0.008089	0.009637	0.003140	0.000477	302.026638	543.790857	-684393.124
1760	0.007746	0.009767	0.003010	0.000460	333.904574	535.764361	-684419.694
1780	0.007469	0.009603	0.003030	0.000441	346.352392	529.291223	-684331.650
1800	0.008254	0.009868	0.003051	0.000464	325.154586	476.893562	-684370.291
1820	0.008490	0.009139	0.002897	0.000459	376.712715	438.658203	-684445.080
1840	0.008853	0.008569	0.002997	0.000458	382.944875	464.511385	-684438.463
1860	0.009036	0.009481	0.003129	0.000479	349.990781	451.123869	-684426.281
1880	0.008232	0.009283	0.003088	0.000460	422.504608	451.031231	-684326.294
1900	0.008136	0.009138	0.003053	0.000473	414.309901	442.383290	-684598.471
1920	0.008218	0.008670	0.003037	0.000464	385.376811	417.568858	-684437.032
1940	0.008460	0.008861	0.003079	0.000454	386.044903	384.071001	-684496.999
1960	0.008649	0.009317	0.003123	0.000458	341.540949	392.443748	-684485.861
1980	0.008253	0.009452	0.003167	0.000449	394.441620	430.601385	-684403.177
2000	0.007723	0.009698	0.003075	0.000476	414.230745	407.864949	-684331.233
2020	0.008277	0.009236	0.003005	0.000498	363.737908	417.767375	-684525.748
2040	0.008145	0.008967	0.003098	0.000478	412.443227	465.704470	-684420.092
2060	0.008126	0.008929	0.003087	0.000480	411.194597	436.606531	-684423.502
2080	0.008691	0.008906	0.002941	0.000496	375.378256	402.520136	-684490.100
2100	0.008503	0.008731	0.003027	0.000483	407.344348	412.732498	-684464.509
2120	0.008809	0.009108	0.003010	0.000501	401.275885	358.658145	-684613.096
2140	0.008624	0.008785	0.002935	0.000482	469.779715	417.379669	-684328.560
2160	0.008334	0.009300	0.003044	0.000499	371.781481	410.415740	-684354.025
2180	0.008054	0.008772	0.002977	0.000481	396.074245	433.421573	-684319.746
2200	0.008176	0.009066	0.003003	0.000502	388.954477	384.443523	-684528.736
2220	0.007455	0.008869	0.002999	0.000480	467.333721	409.899922	-684376.306
2240	0.007742	0.009123	0.002972	0.000482	461.516395	441.816871	-684395.718
2260	0.007871	0.008199	0.003087	0.000491	454.161328	498.638351	-684296.429
2280	0.008226	0.008422	0.003139	0.000499	463.566940	542.628630	-684402.448
2300	0.007932	0.008251	0.003016	0.000474	435.840410	610.938319	-684499.256
2320	0.008419	0.008374	0.003116	0.000494	448.834155	549.945636	-684387.430
2340	0.008416	0.008643	0.003025	0.000486	422.131246	543.255112	-684549.695
2360	0.008278	0.008545	0.003107	0.000486	469.198192	505.043728	-684523.813
2380	0.008065	0.008320	0.002950	0.000483	495.170563	557.488537	-684512.546
2400	0.007695	0.008999	0.003110	0.000496	477.667028	506.909595	-684369.786
2420	0.008200	0.009476	0.002933	0.000518	487.538204	512.499142	-684430.259
2440	0.007847	0.008531	0.003012	0.000497	525.422296	520.105728	-684421.996
2460	0.007992	0.008729	0.002963	0.000506	477.888918	459.258141	-684372.320
2480	0.007983	0.008706	0.002911	0.000501	460.768469	475.525247	-684422.763
2500	0.008203	0.008184	0.002902	0.000507	449.002630	457.371380	-684390.162
2520	0.008485	0.007945	0.003074	0.000517	483.347796	465.417123	-684472.731
2540	0.008368	0.008229	0.002973	0.000509	480.835309	462.623426	-684380.523
2560	0.008527	0.007957	0.002929	0.000511	495.559314	542.514805	-684424.881
2580	0.007883	0.008629	0.002993	0.000494	499.573440	513.243947	-684435.468
2600	0.007242	0.008610	0.002999	0.000509	509.127023	530.035079	-684470.841
2620	0.007001	0.008149	0.002928	0.000502	516.760417	567.691430	-684374.677
2640	0.007854	0.008365	0.002910	0.000523	511.711687	494.588595	-684550.323
2660	0.008350	0.008457	0.002953	0.000524	492.626490	534.736053	-684430.262
2680	0.007833	0.008286	0.002988	0.000486	594.908385	575.422866	-684421.195
2700	0.008420	0.008815	0.002942	0.000534	571.170175	545.785122	-684444.386
2720	0.007911	0.008107	0.002964	0.000502	581.266748	581.852393	-684392.088
2740	0.007968	0.008547	0.003039	0.000509	507.842363	501.833239	-684603.231
2760	0.007904	0.008375	0.002975	0.000497	526.515017	478.957659	-684446.553
2780	0.008667	0.008523	0.003029	0.000485	493.040324	508.258632	-684410.316
2800	0.008749	0.008333	0.003046	0.000475	542.679766	513.705986	-684469.927
2820	0.008489	0.008507	0.002997	0.000489	519.788386	490.812831	-684313.976
2840	0.008744	0.008198	0.003059	0.000489	520.157617	428.969961	-684449.036
2860	0.008507	0.008132	0.003089	0.000481	497.383631	533.332832	-684332.309
2880	0.008479	0.008210	0.003017	0.000494	516.268586	533.820970	-684415.679
2900	0.008618	0.008294	0.002977	0.000497	522.821952	501.133780	-684458.157
2920	0.008491	0.007702	0.003093	0.000501	507.258460	501.112797	-684412.694
2940	0.008193	0.007648	0.003121	0.000499	497.084000	463.632339	-684374.961
2960	0.008872	0.007704	0.002976	0.000498	492.834329	492.057757	-684285.391
2980	0.008858	0.007600	0.003087	0.000504	528.705227	470.085233	-684561.676
3000	0.008648	0.007780	0.002988	0.000501	534.191444	502.076332	-684492.750
3020	0.007781	0.007890	0.002877	0.000503	524.565711	503.511281	-684347.882
3040	0.008255	0.008516	0.002939	0.000524	500.531305	453.942858	-684466.053
3060	0.007832	0.008250	0.002976	0.000528	530.740992	441.264963	-684439.938
3080	0.007809	0.008100	0.002967	0.000499	602.562003	447.724075	-684291.582
3100	0.007537	0.008294	0.003023	0.000493	564.628900	531.450169	-684329.985
3120	0.008350	0.007857	0.003072	0.000520	556.511557	490.753733	-684508.228
3140	0.007931	0.008054	0.002942	0.000502	582.163144	552.908108	-684442.607
3160	0.007939	0.008363	0.002955	0.000507	536.822511	526.486322	-684444.003
3180	0.007942	0.008251	0.003043	0.000530	474.010103	506.059288	-684480.127
3200	0.007623	0.008013	0.003060	0.000522	473.726383	546.666163	-684285.354
3220	0.007832	0.008413	0.003058	0.000527	495.012954	565.474000	-684440.482
3240	0.007544	0.008240	0.003088	0.000513	493.811580	601.413043	-684359.137
3260	0.008402	0.008473	0.003010	0.000522	545.638834	603.365980	-684407.886
3280	0.007628	0.008042	0.002990	0.000505	565.464283	578.428379	-684414.769
3300	0.008312	0.008530	0.002995	0.000498	625.158066	547.511366	-684412.583
3320	0.008196	0.008310	0.002956	0.000496	562.683438	574.323432	-684236.590
3340	0.007865	0.008309	0.003191	0.000481	614.590053	554.901037	-684321.690
3360	0.007999	0.008375	0.003011	0.000501	568.011779	555.676337	-684263.039
3380	0.007404	0.008319	0.002924	0.000493	540.515022	526.626084	-684324.253
3400	0.008183	0.008947	0.002871	0.000524	517.705465	498.330594	-684467.577
3420	0.007275	0.008858	0.003008	0.000513	509.218220	523.078661	-684313.200
3440	0.007728	0.009008	0.002985	0.000513	489.689158	545.801060	-684565.401
3460	0.007243	0.008990	0.002978	0.000519	543.454542	548.447632	-684460.310
3480	0.007637	0.008561	0.003041	0.000524	500.974442	495.325035	-684321.189
3500	0.007128	0.008602	0.002905	0.000520	504.877047	522.958642	-684466.397
3520	0.007276	0.008609	0.002970	0.000513	538.985000	600.043634	-684465.609
3540	0.007888	0.007847	0.003050	0.000524	562.603856	545.650495	-684469.349
3560	0.007226	0.008400	0.002927	0.000520	532.623481	591.712337	-684403.631
3580	0.007350	0.008012	0.002995	0.000522	516.898348	617.693049	-684386.064
3600	0.007009	0.007965	0.003033	0.000518	497.084367	634.749549	-684332.510
3620	0.007586	0.008386	0.003044	0.000517	468.523616	632.905022	-684328.962
3640	0.007402	0.008970	0.002987	0.000522	442.353426	545.662702	-684415.770
3660	0.007778	0.008682	0.002916	0.000516	392.062348	488.727850	-684507.195
3680	0.007777	0.008637	0.003056	0.000501	466.713641	525.064450	-684451.048
3700	0.007439	0.008814	0.003033	0.000485	470.994038	549.710004	-684409.348
3720	0.007866	0.008719	0.003021	0.000477	468.016888	544.881218	-684423.347
3740	0.008343	0.009501	0.003130	0.000498	483.613160	519.140687	-684368.624
3760	0.007952	0.009251	0.003005	0.000498	510.475031	575.195791	-684366.517
3780	0.007976	0.008589	0.003075	0.000483	517.260477	500.685789	-684466.447
3800	0.008125	0.008062	0.002998	0.000498	518.849641	518.894135	-684426.071
3820	0.008015	0.008632	0.002950	0.000495	477.710666	510.756507	-684530.763
3840	0.008304	0.008911	0.002863	0.000511	465.511694	511.963791	-684558.828
3860	0.008097	0.008856	0.002923	0.000509	483.076167	526.099581	-684439.733
3880	0.008117	0.008661	0.002988	0.000499	498.050912	549.321675	-684635.674
3900	0.007683	0.008594	0.002946	0.000507	525.065626	510.089281	-684525.714
3920	0.007808	0.008564	0.003023	0.000512	506.365134	523.024894	-684625.475
3940	0.007772	0.008017	0.002963	0.000511	497.157083	534.561398	-684542.188
3960	0.007428	0.008626	0.002950	0.000521	471.513888	549.366075	-684290.168
3980	0.007712	0.008893	0.003011	0.000511	446.214843	485.381725	-684379.360
4000	0.007399	0.008298	0.003024	0.000502	426.234860	518.408185	-684445.594
4020	0.007773	0.008955	0.002932	0.000527	486.151189	478.532542	-684529.463
4040	0.008434	0.009199	0.002833	0.000545	449.636684	505.888878	-684637.743
4060	0.007770	0.008801	0.002888	0.000528	483.132119	559.757540	-684391.746
4080	0.008004	0.008335	0.002920	0.000523	486.961687	535.001402	-684337.793
4100	0.008306	0.007991	0.003055	0.000520	441.035099	515.507539	-684341.968
4120	0.008045	0.007528	0.003083	0.000479	503.576336	541.759137	-684379.116
4140	0.008067	0.007837	0.003190	0.000496	448.945791	512.068353	-684346.656
4160	0.007885	0.008088	0.002978	0.000507	455.377527	437.380893	-684447.473
4180	0.008659	0.008542	0.003054	0.000493	521.302831	437.441942	-684517.977
4200	0.008183	0.008666	0.003074	0.000487	482.772561	470.013396	-684441.850
4220	0.008090	0.008765	0.002945	0.000505	481.158155	418.138106	-684456.680
4240	0.008310	0.008514	0.003064	0.000510	493.400019	385.438565	-684552.723
4260	0.007998	0.008101	0.003091	0.000510	474.538315	395.543845	-684498.751
4280	0.007787	0.008479	0.003055	0.000498	482.932055	450.298754	-684439.777
4300	0.007927	0.008290	0.002959	0.000501	476.902202	445.600981	-684427.688
4320	0.008358	0.008878	0.002989	0.000507	484.724881	439.689640	-684486.275
4340	0.008393	0.008489	0.002929	0.000502	474.847849	429.590220	-684408.749
4360	0.008404	0.008071	0.003003	0.000483	481.516191	417.918676	-684404.320
4380	0.007674	0.008307	0.003006	0.000493	459.243830	378.622217	-684408.672
4400	0.008290	0.008771	0.003076	0.000510	486.709440	365.924095	-684531.534
4420	0.007556	0.008041	0.003057	0.000489	442.497393	392.824555	-684424.096
4440	0.008243	0.007876	0.002913	0.000490	448.629257	356.415654	-684226.099
4460	0.007728	0.008284	0.003127	0.000486	479.643900	366.205357	-684302.942
4480	0.008267	0.008643	0.003016	0.000500	511.646045	384.361258	-684444.778
4500	0.008339	0.008296	0.003137	0.000490	489.541673	432.699812	-684424.736
4520	0.007729	0.008483	0.002943	0.000477	514.160153	460.881848	-684478.346
4540	0.007910	0.008562	0.002996	0.000478	509.801183	434.726043	-684336.619
4560	0.008215	0.008941	0.002975	0.000496	511.157287	481.913505	-684485.370
4580	0.007408	0.009433	0.003000	0.000483	521.042849	509.409088	-684483.694
4600	0.007939	0.009232	0.002979	0.000502	504.979045	433.122114	-684482.899
4620	0.007952	0.008989	0.003035	0.000507	452.627848	399.137404	-684507.970
4640	0.008242	0.008576	0.003013	0.000480	534.493342	489.507578	-684312.314
4660	0.009267	0.007752	0.002927	0.000492	523.037604	466.051792	-684376.366
4680	0.008891	0.007746	0.003129	0.000506	544.527558	446.970945	-684486.852
4700	0.008482	0.008635	0.002918	0.000510	550.712337	454.766861	-684622.769
4720	0.007976	0.008054	0.003026	0.000492	641.464773	464.872335	-684337.621
4740	0.008931	0.008043	0.003035	0.000499	583.293778	466.677924	-684405.456
4760	0.008565	0.008461	0.002838	0.000510	560.344445	415.843399	-684350.683
4780	0.007770	0.008183	0.003028	0.000506	514.548301	411.802113	-684389.561
4800	0.007265	0.008275	0.002972	0.000488	531.164314	428.615486	-684381.476
4820	0.007768	0.008355	0.003080	0.000510	478.376173	414.742188	-684454.098
4840	0.007999	0.008289	0.002968	0.000497	469.617180	451.949748	-684420.225
4860	0.007501	0.009389	0.002987	0.000492	411.821066	463.471164	-684416.308
4880	0.008042	0.008857	0.002968	0.000493	417.393825	450.396826	-684497.426
4900	0.008511	0.008765	0.003090	0.000486	400.567610	486.515409	-684375.035
4920	0.008029	0.008535	0.002975	0.000499	425.300448	484.362496	-684325.571
4940	0.007732	0.008393	0.003112	0.000506	434.066736	497.998490	-684408.896
4960	0.007781	0.008894	0.002879	0.000503	462.355753	489.434827	-684348.960
4980	0.007914	0.008926	0.002910	0.000512	415.559017	515.417964	-684316.901
5000	0.008177	0.008196	0.002981	0.000519	446.231581	478.429217	-684429.957
5020	0.007464	0.008033	0.003015	0.000507	454.200736	500.415071	-684427.531
5040	0.007435	0.007913	0.002972	0.000520	439.548092	503.748582	-684456.041
5060	0.007680	0.008225	0.003040	0.000521	432.851972	500.968014	-684408.677
5080	0.007285	0.008744	0.003040	0.000501	411.424821	547.480875	-684480.376
5100	0.007787	0.008765	0.003016	0.000517	397.154183	616.985093	-684257.003
5120	0.007711	0.008364	0.002974	0.000513	422.425630	636.002945	-684362.834
5140	0.007534	0.008668	0.003021	0.000517	424.810335	604.275556	-684255.493
5160	0.007226	0.008930	0.003006	0.000525	423.438347	568.180143	-684462.672
5180	0.008115	0.008633	0.002863	0.000527	451.262205	577.092780	-684317.380
5200	0.008250	0.008134	0.002949	0.000518	465.063596	609.456760	-684519.461
5220	0.007630	0.008295	0.002986	0.000493	434.480998	645.557119	-684437.018
5240	0.007974	0.008583	0.003016	0.000502	484.207938	615.124262	-684552.065
5260	0.007730	0.008873	0.003190	0.000499	441.831036	642.885870	-684409.258
5280	0.007710	0.008807	0.002950	0.000495	447.121494	562.144020	-684425.506
5300	0.007786	0.008773	0.003070	0.000503	411.913359	496.923202	-684317.248
5320	0.007768	0.008186	0.003032	0.000463	465.609928	542.182605	-684373.184
5340	0.008926	0.009099	0.002959	0.000489	446.473691	462.700472	-684410.199
5360	0.008053	0.008534	0.003070	0.000479	428.675906	484.937597	-684418.141
5380	0.008618	0.008933	0.003021	0.000495	454.271515	480.027011	-684422.686
5400	0.007949	0.008433	0.003107	0.000489	427.488313	436.059270	-684311.410
5420	0.007930	0.008250	0.002991	0.000499	401.763702	455.654973	-684443.674
5440	0.007901	0.008434	0.002965	0.000510	413.190439	474.989751	-684452.518
5460	0.007815	0.008167	0.002888	0.000495	472.663029	506.441902	-684568.977
5480	0.007504	0.008876	0.002893	0.000513	417.163956	457.175322	-684495.470
5500	0.007302	0.008268	0.003006	0.000478	444.535487	555.525276	-684388.588
5520	0.007274	0.008510	0.003040	0.000497	451.161572	506.962302	-684387.912
5540	0.007796	0.008762	0.003054	0.000513	403.930126	496.087965	-684240.860
5560	0.008012	0.008718	0.002948	0.000517	397.518056	507.512857	-684371.417
5580	0.007447	0.008685	0.002844	0.000507	434.522811	485.042730	-684443.315
5600	0.007128	0.008592	0.003074	0.000501	422.348409	484.579004	-684368.938
5620	0.007656	0.009263	0.002833	0.000513	432.026112	524.776886	-684400.287
5640	0.007636	0.008854	0.002922	0.000510	385.868404	567.171435	-684519.649
5660	0.007790	0.008528	0.002872	0.000485	457.399877	573.185344	-684383.672
5680	0.007956	0.009156	0.002989	0.000504	452.564784	456.137938	-684549.421
5700	0.007591	0.008958	0.002951	0.000489	499.033653	473.486515	-684451.648
5720	0.007860	0.009212	0.003005	0.000505	496.908061	490.982860	-684552.303
5740	0.007768	0.009010	0.003085	0.000486	448.679947	521.611939	-684490.494
5760	0.007554	0.008857	0.003056	0.000489	422.657077	545.095782	-684403.327
5780	0.007558	0.008708	0.003121	0.000500	475.911130	582.935379	-684552.067
5800	0.007578	0.008388	0.003021	0.000493	467.097330	605.144600	-684321.543
5820	0.008986	0.008810	0.003023	0.000498	444.444587	556.956911	-684545.659
5840	0.007758	0.008554	0.002975	0.000502	451.039499	549.667068	-684342.431
5860	0.007768	0.008379	0.003030	0.000516	428.468755	582.825672	-684473.898
5880	0.007149	0.008532	0.003039	0.000522	440.304502	603.097330	-684309.004
5900	0.007513	0.008092	0.002955	0.000514	460.460614	566.919961	-684446.556
5920	0.007529	0.008122	0.002863	0.000534	461.399424	515.073467	-684380.124
5940	0.007944	0.008744	0.003058	0.000531	478.852391	526.675821	-684503.890
5960	0.007501	0.008622	0.003014	0.000504	478.852675	572.172527	-684411.739
5980	0.007845	0.008630	0.002910	0.000525	462.062711	544.897455	-684438.236
6000	0.007808	0.007997	0.002871	0.000501	442.318646	571.000491	-684495.275
6020	0.007650	0.008340	0.002920	0.000516	395.244595	550.133952	-684375.588
6040	0.007683	0.008745	0.002978	0.000540	397.616950	547.611192	-684444.741
6060	0.007644	0.008858	0.003016	0.000528	393.519134	560.138438	-684360.818
6080	0.007695	0.008758	0.002936	0.000510	411.867547	624.788383	-684483.700
6100	0.008008	0.008470	0.003004	0.000513	382.898585	588.347298	-684456.006
6120	0.007763	0.008553	0.002888	0.000508	365.375647	573.764449	-684517.755
6140	0.007816	0.008947	0.002858	0.000527	338.853446	510.953345	-684403.611
6160	0.007637	0.008249	0.003024	0.000509	377.784524	548.863478	-684397.592
6180	0.007509	0.008393	0.002953	0.000501	422.617394	523.426019	-684381.797
6200	0.007591	0.008936	0.002928	0.000520	444.948799	543.847259	-684390.821
6220	0.007943	0.008568	0.003087	0.000512	354.639634	534.232730	-684460.429
6240	0.008452	0.008392	0.002962	0.000509	375.796002	527.793161	-684476.680
6260	0.008230	0.008425	0.003013	0.000511	379.175978	543.137992	-684380.639
6280	0.007821	0.008666	0.002891	0.000515	416.610840	555.664982	-684406.266
6300	0.008558	0.008213	0.003038	0.000513	418.266093	489.776832	-684279.819
6320	0.007711	0.008064	0.003067	0.000469	447.300309	612.590798	-684317.978
6340	0.007922	0.008674	0.002990	0.000492	432.840070	595.854445	-684398.871
6360	0.007678	0.009337	0.002977	0.000502	469.014397	565.378298	-684368.596
6380	0.007518	0.009034	0.002993	0.000507	420.596579	583.828915	-684381.594
6400	0.007556	0.008405	0.002983	0.000505	431.248363	544.016181	-684538.933
6420	0.007574	0.008418	0.002982	0.000503	430.709762	555.622768	-684361.208
6440	0.007550	0.008056	0.003043	0.000507	424.973548	609.919922	-684397.434
6460	0.007555	0.008638	0.002980	0.000529	384.986906	589.303196	-684410.456
6480	0.007531	0.008448	0.003015	0.000510	402.170134	560.058495	-684367.936
6500	0.007762	0.008762	0.002987	0.000507	406.829077	611.872515	-684341.078
6520	0.008141	0.008637	0.003047	0.000522	379.788327	645.993556	-684442.694
6540	0.007600	0.008418	0.003068	0.000529	336.351055	621.198498	-684467.881
6560	0.007679	0.008628	0.002950	0.000523	330.109746	663.096703	-684416.632
6580	0.007258	0.009088	0.003229	0.000517	286.205424	755.030179	-684414.764
6600	0.007161	0.008609	0.003024	0.000513	302.153991	775.787373	-684389.324
6620	0.007159	0.008313	0.002973	0.000513	330.186073	769.800247	-684280.566
6640	0.007617	0.007987	0.002869	0.000520	311.696135	741.913886	-684502.173
6660	0.007808	0.009065	0.002883	0.000552	277.481485	684.095221	-684476.491
6680	0.007281	0.008844	0.002882	0.000518	301.184400	722.074420	-684494.109
6700	0.006926	0.009206	0.003044	0.000523	314.493088	718.147374	-684297.852
6720	0.006952	0.009305	0.003040	0.000519	293.038908	763.089202	-684395.158
6740	0.007215	0.009092	0.002906	0.000515	295.916401	688.129153	-684426.319
6760	0.006897	0.008937	0.003081	0.000490	307.413814	755.643696	-684397.917
6780	0.007142	0.009946	0.002968	0.000499	276.195031	802.939903	-684416.549
6800	0.007693	0.009302	0.002979	0.000509	272.942745	828.623739	-684452.735
6820	0.007760	0.009234	0.002980	0.000518	274.195464	806.454018	-684366.060
6840	0.007578	0.008217	0.003084	0.000485	284.530965	837.374261	-684433.545
6860	0.007447	0.008289	0.003195	0.000484	255.681385	761.889545	-684237.783
6880	0.007236	0.008122	0.003104	0.000485	242.125822	778.130407	-684496.491
6900	0.007596	0.009288	0.002962	0.000493	263.478628	790.072127	-684536.822
6920	0.006980	0.009579	0.002952	0.000501	252.636274	738.483815	-684414.054
6940	0.007313	0.009757	0.002982	0.000516	273.358924	745.853604	-684461.690
6960	0.006715	0.009575	0.002978	0.000490	281.515740	792.136960	-684387.012
6980	0.006870	0.009386	0.003168	0.000504	274.942750	745.403800	-684477.038
7000	0.007118	0.009459	0.002945	0.000513	264.588727	679.382318	-684497.579
7020	0.007101	0.008971	0.002975	0.000517	263.497668	697.959367	-684508.043
7040	0.007537	0.008512	0.003008	0.000513	258.226785	691.557104	-684492.954
7060	0.007230	0.008520	0.003020	0.000496	224.988238	731.118390	-684243.449
7080	0.008212	0.009103	0.003041	0.000496	225.370528	673.114653	-684444.518
7100	0.007938	0.009597	0.002960	0.000500	247.215862	649.297884	-684393.709
7120	0.007352	0.008829	0.003027	0.000504	251.327839	709.813388	-684367.356
7140	0.006944	0.008589	0.003049	0.000509	241.444542	735.533881	-684261.765
7160	0.007570	0.008768	0.002948	0.000503	241.985177	731.444127	-684394.349
7180	0.007385	0.008875	0.003003	0.000510	227.594169	743.600411	-684393.555
7200	0.007550	0.008807	0.002935	0.000516	216.446610	734.694009	-684366.405
7220	0.007045	0.008583	0.002904	0.000486	239.809879	851.581252	-684377.933
7240	0.006901	0.009313	0.003023	0.000491	214.054066	732.098662	-684401.111
7260	0.007163	0.008866	0.003044	0.000484	208.392712	717.179259	-684366.326
7280	0.007366	0.008788	0.003099	0.000495	232.789697	720.974937	-684463.406
7300	0.006960	0.009068	0.003028	0.000482	240.450281	694.677007	-684391.135
7320	0.007759	0.008794	0.003103	0.000469	233.096618	725.278952	-684324.317
7340	0.008101	0.009732	0.003076	0.000480	216.840149	695.377588	-684476.897
7360	0.007395	0.009442	0.003108	0.000463	189.140645	702.517626	-684424.727
7380	0.007705	0.009403	0.003017	0.000463	190.661276	699.812137	-684392.073
7400	0.007603	0.009782	0.003128	0.000456	156.846557	649.848551	-684533.687
7420	0.008298	0.010015	0.003068	0.000467	177.834159	663.708772	-684540.145
7440	0.008705	0.009085	0.003184	0.000455	185.932800	605.690797	-684455.869
7460	0.009535	0.009383	0.002971	0.000473	188.679140	594.962113	-684612.012
7480	0.009224	0.009324	0.003016	0.000460	206.161579	566.908300	-684419.022
7500	0.008625	0.009072	0.003037	0.000445	186.549076	495.348834	-684532.720
7520	0.008326	0.009206	0.003062	0.000465	165.850226	507.394096	-684480.222
7540	0.008698	0.009822	0.003083	0.000446	155.518070	556.217079	-684412.778
7560	0.008555	0.009581	0.003127	0.000432	166.160054	576.764499	-684528.528
7580	0.009026	0.009849	0.003034	0.000443	166.122925	535.428970	-684477.923
7600	0.008285	0.009768	0.003118	0.000442	167.612324	534.683408	-684525.237
7620	0.008056	0.009926	0.003007	0.000448	179.891755	521.659685	-684378.211
7640	0.008074	0.009674	0.003082	0.000452	187.126018	560.385195	-684359.208
7660	0.007352	0.009891	0.003178	0.000453	176.032637	537.006995	-684232.787
7680	0.007677	0.009890	0.003071	0.000456	186.995830	542.341101	-684419.908
7700	0.007787	0.009917	0.003053	0.000467	179.632362	543.827877	-684325.565
7720	0.007345	0.009640	0.003134	0.000468	175.141230	566.859820	-684461.408
7740	0.007554	0.009649	0.003005	0.000470	198.037622	596.783383	-684468.698
7760	0.007501	0.009589	0.003046	0.000480	179.288184	581.760503	-684410.153
7780	0.007668	0.009281	0.002961	0.000472	161.042403	674.290993	-684502.033
7800	0.007879	0.009267	0.003071	0.000478	180.461550	690.651704	-684452.374
7820	0.007593	0.008976	0.002995	0.000472	162.318484	716.916813	-684564.150
7840	0.007732	0.009502	0.003071	0.000477	190.808812	702.661580	-684448.769
7860	0.007872	0.008950	0.003082	0.000465	182.591761	748.428321	-684554.104
7880	0.007498	0.009341	0.003003	0.000456	206.574401	758.372898	-684277.249
7900	0.007893	0.009175	0.003037	0.000466	205.915875	787.512257	-684444.895
7920	0.008021	0.009343	0.003150	0.000468	204.096547	720.574775	-684440.846
7940	0.008182	0.009515	0.003104	0.000480	196.424577	626.809362	-684412.309
7960	0.007747	0.009372	0.003202	0.000459	164.869928	642.485506	-684451.321
7980	0.008051	0.010201	0.002976	0.000479	195.794772	623.601844	-684424.273
8000	0.007945	0.009420	0.003062	0.000454	210.267643	647.563088	-684539.012
8020	0.008113	0.009825	0.003080	0.000466	208.805814	721.834370	-684520.913
8040	0.007625	0.010327	0.002947	0.000476	169.986013	731.680096	-684413.639
8060	0.007393	0.009790	0.003023	0.000464	195.248316	847.734213	-684411.713
8080	0.007212	0.010427	0.003023	0.000482	168.597341	809.647264	-684433.586
8100	0.007233	0.010276	0.002969	0.000464	186.006577	849.172426	-684533.778
8120	0.007110	0.009867	0.003060	0.000470	183.304696	857.641748	-684355.142
8140	0.006812	0.009939	0.002947	0.000460	184.728944	853.045186	-684391.426
8160	0.006756	0.009714	0.003026	0.000467	188.215877	781.004211	-684394.345
8180	0.007798	0.009921	0.002964	0.000496	193.215821	656.336340	-684504.201
8200	0.007433	0.009369	0.003074	0.000492	180.380998	677.492704	-684473.169
8220	0.007781	0.009568	0.003169	0.000479	182.189946	667.427940	-684511.354
8240	0.007560	0.009667	0.003059	0.000464	184.019195	735.683680	-684329.414
8260	0.007772	0.009179	0.003208	0.000460	166.178923	701.376648	-684481.786
8280	0.008390	0.009490	0.003265	0.000461	155.503017	624.848753	-684353.043
8300	0.007839	0.009811	0.003045	0.000453	207.893099	646.198673	-684240.915
8320	0.007440	0.010726	0.003227	0.000455	179.007868	604.207325	-684393.654
8340	0.007399	0.010503	0.003095	0.000464	185.437361	626.033287	-684396.505
8360	0.007367	0.009818	0.003124	0.000447	179.963955	640.675384	-684507.459
8380	0.007676	0.009623	0.003032	0.000454	190.725536	575.654074	-684376.793
8400	0.007626	0.010137	0.003085	0.000473	174.534639	537.430350	-684399.759
8420	0.007200	0.009421	0.003014	0.000452	227.956179	603.617613	-684555.988
8440	0.007181	0.009252	0.002922	0.000457	198.096803	588.251891	-684436.365
8460	0.007533	0.009422	0.003128	0.000463	183.484075	578.925143	-684524.917
8480	0.008028	0.010396	0.003060	0.000480	179.815068	589.650206	-684414.946
8500	0.007485	0.010005	0.003118	0.000473	181.970496	619.301280	-684435.056
8520	0.007107	0.010049	0.002989	0.000479	186.070439	632.463573	-684457.465
8540	0.007005	0.009128	0.003066	0.000472	220.478310	631.173342	-684385.610
8560	0.007601	0.009727	0.002966	0.000492	189.891559	576.370935	-684325.747
8580	0.007796	0.009705	0.003022	0.000469	199.478703	614.554125	-684530.098
8600	0.008145	0.010089	0.003077	0.000475	212.603982	612.045918	-684474.303
8620	0.008418	0.009502	0.002917	0.000489	207.286504	599.587451	-684650.101
8640	0.007894	0.009507	0.002955	0.000476	183.244009	628.975146	-684453.466
8660	0.007897	0.009494	0.002995	0.000493	200.713434	638.727585	-684539.919
8680	0.007371	0.010113	0.003065	0.000491	197.002488	651.461256	-684563.354
8700	0.007738	0.009542	0.003166	0.000476	221.573244	630.879495	-684483.088
8720	0.007241	0.009823	0.002919	0.000481	196.328451	620.247458	-684458.518
8740	0.007313	0.009345	0.003008	0.000493	218.535795	630.697782	-684402.661
8760	0.007605	0.009451	0.003077	0.000485	241.994733	648.995443	-684436.252
8780	0.007627	0.009217	0.003198	0.000480	224.704216	657.738539	-684346.222
8800	0.007446	0.009469	0.003089	0.000494	217.150883	628.840611	-684535.017
8820	0.008220	0.009182	0.003016	0.000503	233.957013	659.033140	-684349.886
8840	0.007687	0.009307	0.003049	0.000514	233.220466	643.567220	-684473.839
8860	0.007010	0.009328	0.002998	0.000493	250.325890	710.983318	-684355.300
8880	0.007101	0.009248	0.002961	0.000483	246.439525	728.176454	-684333.582
8900	0.007566	0.009120	0.002967	0.000482	240.764779	814.223275	-684349.427
8920	0.008247	0.009550	0.003114	0.000490	215.908294	703.854621	-684470.004
8940	0.007850	0.009053	0.003051	0.000492	217.068141	768.458276	-684476.606
8960	0.007699	0.009580	0.003081	0.000482	227.299817	787.497327	-684430.272
8980	0.007752	0.009636	0.003047	0.000480	212.945515	776.061593	-684396.300
9000	0.007439	0.010148	0.002955	0.000494	196.210559	739.794895	-684362.229
9020	0.007548	0.010392	0.003086	0.000478	208.859126	719.401602	-684583.729
9040	0.007133	0.009624	0.003085	0.000471	191.200611	754.434953	-684267.003
9060	0.007467	0.009531	0.003031	0.000478	207.948666	773.169970	-684407.779
9080	0.008085	0.009735	0.002975	0.000493	206.587834	820.924431	-684543.942
9100	0.007464	0.009930	0.002929	0.000510	193.685121	774.526375	-684493.632
9120	0.007717	0.009865	0.002970	0.000495	198.659612	721.864515	-684582.864
9140	0.007062	0.009022	0.002996	0.000484	201.450194	724.475545	-684340.393
9160	0.007513	0.009545	0.002994	0.000495	212.795932	673.477906	-684345.755
9180	0.007419	0.009358	0.003040	0.000474	220.909648	769.671455	-684395.312
9200	0.007695	0.009182	0.002940	0.000491	195.703086	705.377954	-684402.937
9220	0.007934	0.009728	0.002933	0.000499	194.705550	803.530382	-684457.868
9240	0.007836	0.009355	0.002993	0.000502	181.429488	815.396487	-684423.365
9260	0.008374	0.008911	0.003036	0.000496	205.828726	791.948764	-684545.960
9280	0.007531	0.008697	0.003026	0.000475	206.189896	885.506731	-684194.831
9300	0.007497	0.009407	0.002954	0.000483	183.852515	818.485274	-684535.137
9320	0.007784	0.009161	0.003089	0.000494	211.227740	854.534009	-684449.449
9340	0.007785	0.009523	0.003004	0.000502	185.089352	783.876902	-684557.071
9360	0.007806	0.009253	0.002938	0.000514	186.138516	751.669803	-684304.346
9380	0.007411	0.009221	0.003071	0.000471	179.313961	862.623654	-684290.278
9400	0.007790	0.009584	0.003053	0.000500	130.319736	792.997617	-684502.970
9420	0.006677	0.008960	0.003048	0.000470	155.284490	846.213285	-684381.125
9440	0.007432	0.010139	0.003049	0.000466	154.836348	829.163575	-684489.806
9460	0.007535	0.009998	0.003000	0.000483	132.985471	870.933511	-684319.133
9480	0.007489	0.010682	0.002952	0.000500	144.682199	832.016092	-684449.074
9500	0.006961	0.010637	0.002931	0.000480	160.901774	753.989436	-684535.757
9520	0.007030	0.010519	0.002995	0.000504	171.544000	810.521789	-684361.128
9540	0.006717	0.009653	0.003014	0.000480	201.042204	813.326370	-684413.588
9560	0.007071	0.010084	0.003052	0.000484	182.977737	819.503242	-684434.348
9580	0.007084	0.010584	0.003116	0.000473	173.757198	849.613885	-684445.377
9600	0.007499	0.010323	0.003047	0.000495	173.861314	845.020573	-684374.540
9620	0.006986	0.010066	0.002954	0.000489	193.360799	882.433407	-684427.175
9640	0.007141	0.010017	0.003039	0.000494	217.202380	846.013143	-684426.154
9660	0.006761	0.009847	0.003002	0.000487	207.978877	891.495130	-684351.601
9680	0.006590	0.009970	0.002883	0.000501	230.074711	806.055642	-684437.822
9700	0.007175	0.009849	0.002887	0.000501	187.253042	781.376310	-684472.446
9720	0.007431	0.009705	0.003077	0.000515	191.055192	718.960108	-684375.877
9740	0.007398	0.009824	0.002983	0.000524	182.577343	769.027027	-684434.874
9760	0.007680	0.009794	0.003065	0.000525	187.421024	785.458171	-684471.385
9780	0.007171	0.008790	0.002930	0.000475	238.237444	849.220669	-684422.425
9800	0.007454	0.008552	0.002983	0.000477	246.551986	772.795082	-684495.627
9820	0.007073	0.009174	0.003042	0.000518	235.107342	717.442848	-684336.954
9840	0.006992	0.008872	0.002948	0.000487	232.251957	795.580056	-684407.193
9860	0.007520	0.008922	0.003058	0.000494	225.227292	725.590970	-684442.100
9880	0.007454	0.008871	0.003078	0.000484	247.023566	720.461286	-684433.049
9900	0.008118	0.008596	0.002978	0.000496	251.570906	697.118636	-684441.228
9920	0.007718	0.009031	0.002969	0.000493	247.695702	651.956477	-684166.042
9940	0.007267	0.008855	0.003077	0.000504	221.089131	631.406499	-684359.409
9960	0.007692	0.008618	0.002978	0.000507	251.273210	688.844369	-684253.698
9980	0.008301	0.008776	0.002996	0.000484	235.780176	727.197811	-684339.975
10000	0.008191	0.008959	0.003032	0.000498	208.195662	763.410235	-684380.201
10020	0.007564	0.009041	0.003052	0.000480	216.856188	751.439985	-684357.616
10040	0.007526	0.009106	0.003054	0.000490	206.386879	727.136528	-684431.622
10060	0.007850	0.009156	0.003022	0.000491	212.935619	704.293512	-684551.166
10080	0.007846	0.008990	0.003015	0.000513	198.107654	595.992467	-684295.895
10100	0.007825	0.008744	0.003074	0.000499	203.951245	637.904566	-684314.657
10120	0.008031	0.009171	0.002979	0.000485	185.314284	655.910671	-684314.760
10140	0.007577	0.008828	0.003004	0.000470	252.123443	611.630417	-684473.721
10160	0.007605	0.008920	0.003019	0.000473	248.115132	656.353239	-684335.281
10180	0.007656	0.009045	0.003099	0.000471	227.386922	603.411452	-684434.736
10200	0.008568	0.009191	0.002883	0.000501	235.600472	625.978392	-684620.113
10220	0.007664	0.009904	0.003080	0.000501	225.953154	650.894254	-684472.699
10240	0.007368	0.008858	0.003003	0.000504	259.477375	684.764243	-684418.072
10260	0.007887	0.009213	0.002989	0.000485	245.914619	668.132595	-684533.734
10280	0.007706	0.009257	0.002999	0.000480	271.411766	707.060055	-684460.492
10300	0.007436	0.010046	0.002973	0.000491	245.976611	665.646595	-684428.312
10320	0.007108	0.010136	0.003148	0.000487	262.995343	701.601902	-684444.241
10340	0.007229	0.010167	0.003014	0.000481	254.695940	700.234681	-684488.303
10360	0.007142	0.009683	0.003122	0.000458	240.343829	682.824266	-684476.647
10380	0.007485	0.010355	0.002971	0.000470	220.805010	644.288559	-684491.828
10400	0.007791	0.010930	0.003081	0.000467	240.247035	629.584954	-684594.160
10420	0.007155	0.010559	0.002972	0.000457	296.366081	591.122320	-684474.870
10440	0.007478	0.009812	0.003120	0.000448	274.375610	619.007395	-684438.604
10460	0.008119	0.009827	0.003080	0.000444	244.341562	558.231109	-684426.072
10480	0.007839	0.010065	0.003145	0.000460	260.193456	537.312016	-684399.878
10500	0.007937	0.009703	0.003069	0.000451	253.578723	559.074627	-684391.415
10520	0.008184	0.009645	0.003132	0.000473	220.382808	522.269595	-684411.909
10540	0.007746	0.009922	0.003101	0.000468	246.179609	534.381456	-684379.137
10560	0.007938	0.009635	0.003203	0.000464	250.527917	563.510690	-684473.404
10580	0.007529	0.009928	0.003142	0.000474	272.462160	597.126748	-684402.014
10600	0.007040	0.009160	0.003016	0.000476	276.507905	531.585370	-684482.275
10620	0.007767	0.009410	0.002964	0.000486	258.781805	536.749171	-684427.612
10640	0.007454	0.009039	0.003074	0.000463	233.662278	540.828859	-684439.592
10660	0.008004	0.009482	0.003121	0.000475	217.201669	573.790318	-684504.912
10680	0.007808	0.010115	0.003168	0.000464	233.914110	571.194120	-684393.235
10700	0.007376	0.009795	0.003055	0.000470	223.695953	562.354047	-684354.496
10720	0.007694	0.010045	0.003029	0.000461	198.716348	646.606630	-684585.867
10740	0.007278	0.009203	0.003063	0.000463	226.457103	660.977382	-684397.375
10760	0.007395	0.009571	0.002949	0.000472	258.426154	570.577769	-684560.388
10780	0.007597	0.009376	0.002949	0.000479	282.482132	581.298767	-684470.560
10800	0.008158	0.009607	0.002967	0.000497	244.024645	556.219505	-684503.301
10820	0.007998	0.009036	0.002939	0.000484	249.766222	584.947132	-684364.628
10840	0.007672	0.009506	0.003086	0.000497	224.299642	640.778408	-684543.150
10860	0.007511	0.008610	0.002972	0.000500	191.749815	655.622188	-684426.255
10880	0.007781	0.009124	0.002918	0.000527	221.224940	650.391810	-684307.601
10900	0.007990	0.009116	0.002868	0.000527	190.184883	681.715368	-684541.056
10920	0.007673	0.009090	0.002930	0.000515	222.530415	773.533328	-684441.085
10940	0.007371	0.009372	0.002863	0.000527	229.450522	764.843957	-684471.760
10960	0.006478	0.009366	0.002926	0.000492	207.030511	808.633849	-684432.774
10980	0.006936	0.009782	0.002949	0.000525	196.824703	737.245680	-684493.687
11000	0.007443	0.009934	0.002956	0.000520	242.515399	746.587144	-684542.541
11020	0.007548	0.009461	0.002956	0.000499	224.085232	732.770674	-684387.256
11040	0.007348	0.009407	0.002918	0.000497	241.257373	749.328938	-684294.285
11060	0.007523	0.009040	0.003026	0.000485	235.684600	818.587186	-684483.574
11080	0.007383	0.009848	0.002983	0.000508	226.372078	818.781282	-684438.085
11100	0.007355	0.009194	0.002856	0.000510	243.014825	832.096495	-684364.854
11120	0.007383	0.009071	0.002865	0.000514	253.477387	834.301695	-684404.918
11140	0.007331	0.009182	0.002982	0.000530	276.952514	835.969985	-684330.331
11160	0.007058	0.009788	0.002977	0.000507	289.253423	882.537190	-684296.698
11180	0.007096	0.008712	0.003050	0.000494	289.137687	906.923925	-684412.273
11200	0.007089	0.008569	0.002977	0.000505	256.844803	845.651526	-684306.829
11220	0.007268	0.008724	0.002923	0.000526	235.209733	799.587362	-684370.512
11240	0.007326	0.008645	0.002893	0.000523	255.530048	814.631304	-684474.821
11260	0.007499	0.009149	0.002800	0.000541	232.251493	747.518858	-684694.168
11280	0.006835	0.009255	0.002925	0.000527	252.691778	703.370596	-684483.375
11300	0.006633	0.009069	0.002915	0.000508	267.803009	767.591585	-684422.545
11320	0.006996	0.008901	0.003034	0.000516	267.938345	710.957396	-684307.230
11340	0.006692	0.008858	0.002961	0.000518	236.562111	701.919856	-684366.751
11360	0.007273	0.008980	0.003068	0.000527	261.774995	724.440457	-684388.917
11380	0.007181	0.009151	0.002942	0.000500	241.611817	759.746792	-684468.632
11400	0.006913	0.009209	0.002926	0.000480	321.442762	735.386590	-684391.190
11420	0.006755	0.009468	0.003030	0.000504	318.698422	773.672115	-684356.151
11440	0.006970	0.009976	0.002990	0.000506	290.333171	739.249919	-684378.291
11460	0.007316	0.009654	0.003007	0.000501	331.122014	741.801306	-684361.317
11480	0.006933	0.009812	0.002939	0.000504	314.993669	800.186435	-684545.499
11500	0.006874	0.009385	0.002925	0.000530	332.156585	727.049716	-684524.225
11520	0.006674	0.008303	0.003072	0.000520	303.689567	806.558158	-684469.647
11540	0.006831	0.008523	0.002933	0.000539	275.841933	835.897261	-684460.710
11560	0.007144	0.008805	0.002830	0.000549	265.592947	850.455174	-684368.102
11580	0.007605	0.008198	0.002942	0.000516	260.532521	831.655730	-684487.462
11600	0.007325	0.008751	0.002982	0.000530	260.755157	813.459796	-684400.576
11620	0.006626	0.008704	0.002950	0.000512	233.806182	848.476544	-684315.666
11640	0.006820	0.009250	0.002906	0.000543	251.994934	758.997467	-684364.361
11660	0.007255	0.009038	0.003070	0.000547	237.891963	784.538046	-684363.408
11680	0.006787	0.008868	0.003080	0.000525	251.417568	816.878412	-684358.638
11700	0.006819	0.009025	0.003076	0.000506	223.634875	844.946929	-684364.378
11720	0.006989	0.009264	0.003094	0.000509	231.959214	829.461711	-684358.509
11740	0.006566	0.009304	0.003075	0.000487	231.199074	809.815078	-684290.362
11760	0.006726	0.009306	0.003132	0.000488	220.612539	794.011879	-684370.551
11780	0.007559	0.009590	0.002975	0.000488	217.911117	711.316565	-684397.133
11800	0.007573	0.010137	0.002988	0.000505	196.108384	725.245240	-684357.642
11820	0.007858	0.009863	0.002903	0.000490	186.324465	868.734511	-684527.095
11840	0.007340	0.009329	0.003073	0.000484	195.947961	824.636565	-684516.171
11860	0.007424	0.009761	0.003014	0.000476	189.865105	838.131478	-684390.646
11880	0.007339	0.008903	0.003100	0.000497	186.113778	792.362862	-684290.009
11900	0.006923	0.009028	0.003063	0.000477	210.641692	726.620992	-684215.300
11920	0.007166	0.009423	0.003025	0.000487	205.652094	730.607604	-684377.891
11940	0.007825	0.009227	0.003091	0.000512	192.105971	671.338212	-684303.279
11960	0.007480	0.009240	0.002981	0.000473	197.826223	777.096204	-684220.704
11980	0.007946	0.009477	0.002962	0.000498	180.202594	727.207514	-684433.773
12000	0.007403	0.009178	0.002993	0.000478	202.882818	783.711907	-684327.754
12020	0.007524	0.008944	0.003086	0.000484	199.203612	736.764936	-684408.671
12040	0.007817	0.008761	0.003002	0.000472	184.639032	764.500839	-684417.032
12060	0.007660	0.009325	0.003062	0.000488	201.107622	773.051791	-684481.784
12080	0.007269	0.009129	0.003011	0.000488	211.277639	759.673945	-684278.615
12100	0.007549	0.009368	0.002924	0.000502	209.105375	785.973991	-684338.465
12120	0.007119	0.009081	0.003002	0.000505	203.728572	814.091629	-684472.338
12140	0.007195	0.009293	0.003115	0.000505	202.688090	823.027313	-684322.984
12160	0.007007	0.009216	0.003037	0.000502	205.124438	807.217479	-684305.284
12180	0.007066	0.009266	0.003116	0.000498	214.590775	733.761760	-684433.418
12200	0.006864	0.009742	0.002953	0.000498	220.111441	768.416074	-684446.988
12220	0.006824	0.008514	0.003081	0.000503	192.352160	763.216117	-684392.449
12240	0.007249	0.009286	0.002978	0.000527	166.861334	744.094150	-684224.487
12260	0.007229	0.009201	0.002901	0.000512	153.167923	780.082504	-684475.773
12280	0.007507	0.009164	0.002927	0.000514	162.524116	820.788923	-684289.809
12300	0.007289	0.009642	0.003082	0.000508	135.604738	810.865983	-684278.224
12320	0.007393	0.008805	0.002970	0.000492	172.654534	859.719797	-684346.971
12340	0.007333	0.009164	0.002903	0.000502	161.665460	839.356481	-684463.703
12360	0.007936	0.009040	0.002956	0.000518	144.008029	808.587842	-684420.432
12380	0.008179	0.008841	0.002958	0.000518	149.989594	754.012854	-684487.455
12400	0.007600	0.008253	0.002922	0.000518	171.595769	717.700033	-684452.741
12420	0.007388	0.008225	0.002995	0.000515	181.951242	704.364083	-684246.596
12440	0.007393	0.008330	0.002986	0.000520	176.732989	772.893647	-684337.708
12460	0.007199	0.008570	0.003030	0.000513	164.908494	774.059577	-684255.479
12480	0.007301	0.009070	0.003015	0.000487	151.681792	794.157103	-684441.335
12500	0.006722	0.009674	0.003025	0.000491	160.210849	865.800966	-684428.761
12520	0.007225	0.009878	0.002987	0.000502	160.358812	794.273782	-684391.454
12540	0.007291	0.009120	0.003041	0.000500	177.735930	836.787410	-684359.484
12560	0.007209	0.009656	0.003098	0.000523	159.441545	862.562109	-684244.523
12580	0.006649	0.009428	0.002980	0.000503	174.258624	926.862710	-684419.960
12600	0.006706	0.009331	0.003082	0.000522	184.704306	892.938856	-684338.878
12620	0.006619	0.008871	0.003108	0.000507	201.920119	943.564108	-684294.081
12640	0.007062	0.008764	0.003091	0.000505	182.242697	856.960513	-684268.255
12660	0.006773	0.009275	0.003097	0.000484	186.330070	938.242403	-684256.335
12680	0.006840	0.009903	0.003094	0.000491	151.263377	926.837769	-684347.077
12700	0.006991	0.009503	0.002970	0.000478	172.567075	922.273484	-684358.553
12720	0.007631	0.009937	0.002950	0.000500	157.484750	805.980145	-684486.808
12740	0.007465	0.009667	0.003016	0.000491	155.189118	838.408971	-684400.509
12760	0.006737	0.009671	0.002908	0.000481	161.665071	926.183816	-684330.863
12780	0.007021	0.009330	0.003014	0.000500	167.792451	939.098827	-684442.662
12800	0.006557	0.009512	0.002968	0.000503	144.429157	949.204710	-684350.827
12820	0.006717	0.009558	0.002888	0.000534	153.545735	964.310064	-684325.325
12840	0.006839	0.009180	0.002922	0.000523	152.904224	959.258795	-684406.498
12860	0.006424	0.008980	0.002955	0.000508	189.284742	1051.253541	-684419.426
12880	0.006174	0.009435	0.002996	0.000517	211.925161	1128.546013	-684536.947
12900	0.006819	0.009504	0.003052	0.000538	200.977003	1050.411807	-684445.151
12920	0.006521	0.008688	0.003060	0.000528	181.140747	1075.777305	-684259.992
12940	0.006193	0.009051	0.003014	0.000521	178.905785	1071.171306	-684160.512
12960	0.006296	0.008730	0.002846	0.000544	159.885427	1067.542516	-684431.548
12980	0.006495	0.008861	0.002870	0.000570	185.685138	1055.695108	-684266.430
13000	0.006110	0.008713	0.002930	0.000560	197.780066	1110.517827	-684359.384
13020	0.006389	0.009169	0.002856	0.000555	218.601934	1046.392670	-684416.064
13040	0.006559	0.009044	0.002927	0.000524	220.553204	1109.575894	-684298.074
13060	0.006539	0.008401	0.002999	0.000529	223.449196	1074.629304	-684340.857
13080	0.006539	0.009006	0.002948	0.000543	213.550913	1081.449055	-684353.286
13100	0.006689	0.008762	0.002961	0.000532	196.635765	1048.874065	-684343.237
13120	0.006518	0.008747	0.003010	0.000531	179.153358	1065.151123	-684369.868
13140	0.006900	0.009287	0.002943	0.000538	184.188974	1023.246427	-684253.297
13160	0.006155	0.009325	0.002959	0.000526	198.489306	1035.951508	-684452.428
13180	0.005997	0.009048	0.002932	0.000516	189.499127	1115.036358	-684245.133
13200	0.006483	0.009051	0.002932	0.000534	183.496325	1076.582202	-684345.300
13220	0.006455	0.010185	0.002984	0.000544	184.015854	1066.161716	-684351.775
13240	0.006187	0.010581	0.002804	0.000517	204.720650	1185.976388	-684434.922
13260	0.005949	0.009752	0.002938	0.000524	198.585767	1065.073358	-684317.908
13280	0.006515	0.009414	0.002945	0.000509	199.127371	1009.773147	-684300.437
13300	0.006480	0.009998	0.002912	0.000514	230.957615	943.589392	-684425.733
13320	0.006545	0.009857	0.003029	0.000516	233.802719	1011.568241	-684431.125
13340	0.006292	0.009792	0.002912	0.000516	207.667544	969.389674	-684431.372
13360	0.006304	0.009133	0.003098	0.000505	217.557967	941.756234	-684249.821
13380	0.006556	0.009817	0.002947	0.000522	219.445120	966.842393	-684346.952
13400	0.006407	0.009701	0.002977	0.000525	217.906943	896.014600	-684459.892
13420	0.006952	0.009641	0.002960	0.000527	196.943969	904.335415	-684369.022
13440	0.006319	0.009595	0.003076	0.000503	212.756577	964.031080	-684317.683
13460	0.006625	0.009924	0.002925	0.000500	238.098169	970.803121	-684503.525
13480	0.006867	0.009252	0.002963	0.000507	211.110050	993.934231	-684431.643
13500	0.006880	0.010017	0.002995	0.000510	203.856452	954.797587	-684454.927
13520	0.006777	0.009630	0.002906	0.000505	192.182771	935.049963	-684373.387
13540	0.006754	0.009437	0.003089	0.000518	205.890926	853.150673	-684249.486
13560	0.006848	0.009090	0.003050	0.000491	238.412628	875.518967	-684321.904
13580	0.006879	0.009119	0.003007	0.000500	242.818938	863.443804	-684429.446
13600	0.007363	0.008797	0.002932	0.000490	247.996678	894.911694	-684430.242
13620	0.007166	0.009343	0.002976	0.000503	244.027895	860.505733	-684245.679
13640	0.006894	0.009243	0.003061	0.000503	232.901518	847.642317	-684464.771
13660	0.007588	0.008908	0.003040	0.000518	212.818643	798.329280	-684324.476
13680	0.007255	0.008806	0.003032	0.000530	219.365224	818.393147	-684170.730
13700	0.006625	0.009353	0.003000	0.000509	207.735826	763.307655	-684407.692
13720	0.007209	0.009444	0.003022	0.000502	219.143748	788.140368	-684192.494
13740	0.006924	0.009057	0.003006	0.000489	217.737611	810.640024	-684338.834
13760	0.006720	0.009337	0.002878	0.000484	250.093435	841.320813	-684323.091
13780	0.007266	0.009405	0.002987	0.000478	260.952830	849.101133	-684296.633
13800	0.007308	0.009208	0.002979	0.000496	266.475601	872.021999	-684332.689
13820	0.007376	0.009099	0.002878	0.000494	269.050697	910.188381	-684282.984
13840	0.007213	0.008902	0.002976	0.000487	266.558558	848.712375	-684521.331
13860	0.007133	0.008873	0.003038	0.000483	252.884154	798.824065	-684262.870
13880	0.007337	0.009495	0.003050	0.000485	246.716401	802.360408	-684376.408
13900	0.007038	0.009185	0.003059	0.000499	237.005343	734.642706	-684319.619
13920	0.007294	0.009317	0.003293	0.000494	238.576284	698.450181	-684154.012
13940	0.007488	0.009911	0.002892	0.000506	216.243386	724.312118	-684385.340
13960	0.006864	0.010092	0.002999	0.000509	231.584966	754.086496	-684461.591
13980	0.006653	0.009766	0.003082	0.000496	252.173864	802.738129	-684377.330
14000	0.006468	0.009862	0.002985	0.000495	256.092809	818.201736	-684413.807
14020	0.006715	0.010081	0.003050	0.000516	251.075510	796.095585	-684390.759
14040	0.007266	0.009432	0.002948	0.000505	290.884107	785.635047	-684378.875
14060	0.007130	0.009114	0.003004	0.000501	278.923963	737.080373	-684251.553
14080	0.007201	0.009854	0.003032	0.000539	269.541663	776.328324	-684432.404
14100	0.007525	0.009469	0.003025	0.000520	255.088084	781.436702	-684456.785
14120	0.007435	0.008464	0.003018	0.000518	279.676640	796.071851	-684260.849
14140	0.007162	0.008471	0.002972	0.000510	247.394990	821.384485	-684320.354
14160	0.007199	0.009211	0.002930	0.000514	297.627613	772.913126	-684350.503
14180	0.006908	0.009302	0.002851	0.000523	270.294191	832.698401	-684373.989
14200	0.007196	0.009226	0.002917	0.000524	278.445495	886.508889	-684449.108
14220	0.006648	0.008920	0.002966	0.000515	290.834198	923.657866	-684311.133
14240	0.006985	0.008956	0.002937	0.000532	292.303376	851.653149	-684247.492
14260	0.006610	0.009468	0.002851	0.000529	308.539836	870.806967	-684412.425
14280	0.006833	0.009015	0.002918	0.000528	299.067114	840.355139	-684460.795
14300	0.007208	0.008628	0.002925	0.000536	277.667508	810.997320	-684389.643
14320	0.007130	0.008352	0.002969	0.000517	267.672942	794.458046	-684248.487
14340	0.006397	0.008990	0.003068	0.000501	280.470849	782.391620	-684136.562
14360	0.006539	0.009065	0.002978	0.000529	282.665358	803.187816	-684214.897
14380	0.007170	0.008861	0.002912	0.000520	289.921595	767.276759	-684222.729
14400	0.007073	0.008773	0.002963	0.000522	316.613945	732.716745	-684419.813
14420	0.007155	0.008618	0.002980	0.000536	293.647733	739.880635	-684326.443
14440	0.006707	0.009025	0.002889	0.000541	264.665460	796.722208	-684183.282
14460	0.006528	0.008906	0.002967	0.000516	287.852201	815.179792	-684592.836
14480	0.006850	0.008976	0.002878	0.000528	250.923807	903.840543	-684422.022
14500	0.006931	0.008764	0.003046	0.000535	250.534522	901.629024	-684336.895
14520	0.006863	0.008477	0.003038	0.000509	260.324644	889.823782	-684365.295
14540	0.006617	0.008499	0.003079	0.000494	240.575917	882.223112	-684313.788
14560	0.006534	0.009129	0.003162	0.000492	220.388501	866.222335	-684321.827
14580	0.007179	0.008836	0.003071	0.000481	223.780359	804.535537	-684309.190
14600	0.007433	0.009635	0.003181	0.000498	190.981410	806.065375	-684362.926
14620	0.007607	0.009322	0.002985	0.000500	220.711870	794.057426	-684345.173
14640	0.006974	0.009449	0.002996	0.000496	241.772254	742.461685	-684400.236
14660	0.007015	0.009038	0.002976	0.000487	246.579498	750.971875	-684413.448
14680	0.007447	0.009002	0.002855	0.000492	234.696457	758.727295	-684357.117
14700	0.007358	0.008583	0.003042	0.000514	207.244864	687.097341	-684304.931
14720	0.007644	0.008621	0.002996	0.000504	184.096609	705.597959	-684395.317
14740	0.007213	0.008785	0.003031	0.000494	189.573407	744.985556	-684371.113
14760	0.007179	0.009485	0.002940	0.000500	195.569713	699.938956	-684445.248
14780	0.007377	0.009346	0.003007	0.000528	195.810265	658.958529	-684506.516
14800	0.007021	0.008598	0.002989	0.000504	212.156515	703.382077	-684431.545
14820	0.007853	0.008933	0.002982	0.000494	227.073865	683.607932	-684186.290
14840	0.007637	0.009140	0.003049	0.000486	208.947946	701.561657	-684341.591
14860	0.008332	0.009166	0.002974	0.000499	203.468325	681.564147	-684309.182
14880	0.007449	0.009465	0.002898	0.000484	226.202654	644.490599	-684326.681
14900	0.007689	0.009493	0.002979	0.000481	232.712148	615.673599	-684328.642
14920	0.007825	0.009446	0.003088	0.000490	228.447791	578.820969	-684447.940
14940	0.007995	0.009185	0.002964	0.000489	237.363289	606.733508	-684379.654
14960	0.007323	0.009410	0.002974	0.000481	267.082656	596.219789	-684327.571
14980	0.007612	0.008945	0.003037	0.000477	276.192783	528.746607	-684246.142
15000	0.008088	0.009249	0.002967	0.000486	284.019824	553.137322	-684414.450
15020	0.008288	0.008633	0.002967	0.000484	265.665152	567.534484	-684405.031
15040	0.008368	0.009169	0.002947	0.000494	240.041276	567.147886	-684477.334
15060	0.008414	0.008778	0.003054	0.000466	267.705383	557.728744	-684300.091
15080	0.008377	0.009095	0.003051	0.000480	226.333538	574.674569	-684366.626
15100	0.007593	0.008811	0.003054	0.000486	224.916155	589.747448	-684344.206
15120	0.007897	0.009187	0.003006	0.000496	244.105197	602.925320	-684284.477
15140	0.007898	0.009290	0.003004	0.000483	224.387129	625.819837	-684395.829
15160	0.008201	0.009064	0.002919	0.000509	230.058450	549.024009	-684353.710
15180	0.007968	0.008400	0.003051	0.000492	219.535376	556.872550	-684507.587
15200	0.008572	0.008537	0.003039	0.000496	244.615760	615.046979	-684422.296
15220	0.009180	0.008431	0.002936	0.000508	273.219714	547.037819	-684413.173
15240	0.008710	0.008151	0.003170	0.000494	286.840834	557.445643	-684326.108
15260	0.008127	0.008634	0.003140	0.000478	302.544220	581.384684	-684385.689
15280	0.007897	0.008675	0.003005	0.000479	291.569969	586.134038	-684326.194
15300	0.008233	0.008623	0.003115	0.000480	260.022106	589.861861	-684439.503
15320	0.008079	0.008528	0.003014	0.000463	300.794405	652.697541	-684441.582
15340	0.007632	0.008569	0.002984	0.000467	311.166178	620.086607	-684359.317
15360	0.008276	0.009607	0.002979	0.000507	301.977976	545.304581	-684476.236
15380	0.007466	0.008542	0.003060	0.000470	346.768675	618.485495	-684388.450
15400	0.007802	0.009017	0.003001	0.000482	283.650089	627.905913	-684507.205
15420	0.007791	0.009016	0.003101	0.000477	310.006830	665.673864	-684459.698
15440	0.007890	0.008939	0.003047	0.000489	340.657141	655.877603	-684358.397
15460	0.007574	0.009240	0.002921	0.000491	333.143973	631.916601	-684536.413
15480	0.007699	0.009015	0.003014	0.000504	349.812339	659.996355	-684405.217
15500	0.007116	0.009056	0.002997	0.000509	363.936362	634.883799	-684361.874
15520	0.008368	0.009245	0.002958	0.000499	341.095120	667.750661	-684511.283
15540	0.007857	0.009645	0.003010	0.000500	344.669190	697.627538	-684377.220
15560	0.007393	0.009518	0.002925	0.000490	378.096890	643.939721	-684475.921
15580	0.007339	0.009094	0.003086	0.000488	373.643094	664.041174	-684459.422
15600	0.007463	0.008666	0.002935	0.000502	337.468281	597.912878	-684354.616
15620	0.007344	0.008593	0.002914	0.000496	305.241199	592.586635	-684358.782
15640	0.007178	0.008850	0.003069	0.000515	311.832976	576.141692	-684345.814
15660	0.007457	0.009416	0.002974	0.000504	343.422652	624.850513	-684217.235
15680	0.007149	0.009560	0.003136	0.000484	331.618675	666.980251	-684412.929
15700	0.007227	0.010229	0.003146	0.000491	310.078979	656.042243	-684403.359
15720	0.007464	0.010555	0.002990	0.000506	308.056243	666.847758	-684351.504
15740	0.007528	0.009317	0.003003	0.000494	325.134088	686.105276	-684384.034
15760	0.007200	0.009164	0.002954	0.000497	334.882233	605.625885	-684324.848
15780	0.006999	0.008794	0.003123	0.000475	366.712415	606.085316	-684222.183
15800	0.007035	0.009395	0.002974	0.000501	280.020775	624.569524	-684377.654
15820	0.007140	0.009371	0.002907	0.000500	340.969574	622.411203	-684388.777
15840	0.007520	0.009598	0.003011	0.000505	310.368101	641.185483	-684531.339
15860	0.007181	0.009696	0.002953	0.000504	319.047509	644.904553	-684450.463
15880	0.007410	0.008560	0.002989	0.000502	320.004204	658.656027	-684229.710
15900	0.007564	0.008758	0.003030	0.000492	348.702188	607.655687	-684313.788
15920	0.008406	0.009032	0.002976	0.000518	350.921512	586.998968	-684263.627
15940	0.008605	0.008485	0.002949	0.000522	321.396454	620.666441	-684449.757
15960	0.007901	0.008455	0.002958	0.000509	344.780530	575.441654	-684281.150
15980	0.007836	0.008234	0.002972	0.000507	339.306925	531.463779	-684371.443
16000	0.007751	0.008487	0.002885	0.000516	344.522108	560.419384	-684267.876
16020	0.007652	0.008290	0.003001	0.000505	379.775145	602.792374	-684311.563
16040	0.007659	0.008131	0.002988	0.000502	383.616340	607.384959	-684444.583
16060	0.007815	0.008501	0.003006	0.000516	351.731005	616.320324	-684365.452
16080	0.008005	0.008635	0.002982	0.000521	330.501448	599.413313	-684320.481
16100	0.008029	0.008692	0.002937	0.000528	329.853399	568.197004	-684325.877
16120	0.007304	0.009664	0.002915	0.000517	305.385229	581.366698	-684264.036
16140	0.007207	0.009088	0.002975	0.000500	339.011265	593.129496	-684340.708
16160	0.007170	0.009661	0.002922	0.000509	364.810054	607.172180	-684486.327
16180	0.007132	0.009882	0.002869	0.000504	400.734207	675.952989	-684356.088
16200	0.007435	0.009320	0.002884	0.000503	355.413408	702.531632	-684474.017
16220	0.007520	0.008873	0.003034	0.000505	378.803835	703.116045	-684167.556
16240	0.008142	0.008391	0.003038	0.000484	383.739730	722.578158	-684376.820
16260	0.007546	0.008696	0.002983	0.000516	354.950156	672.991246	-684292.862
16280	0.007796	0.008532	0.003028	0.000521	366.831661	700.709534	-684380.968
16300	0.007914	0.008449	0.002889	0.000527	312.606673	687.258259	-684427.874
16320	0.008724	0.008663	0.002858	0.000523	360.832226	689.617912	-684347.993
16340	0.007704	0.008552	0.002908	0.000520	384.083884	700.952931	-684260.887
16360	0.007289	0.008676	0.003098	0.000501	412.580639	760.255544	-684256.233
16380	0.006510	0.008262	0.003084	0.000493	356.212079	767.159885	-684199.446
16400	0.006842	0.008599	0.002919	0.000513	336.154125	711.897400	-684229.447
16420	0.007716	0.008742	0.002987	0.000523	331.990254	617.880848	-684393.304
16440	0.007597	0.008426	0.002958	0.000530	300.923419	628.165881	-684325.218
16460	0.007328	0.007780	0.003086	0.000511	343.919512	646.365529	-684315.295
16480	0.007859	0.008076	0.003050	0.000506	375.471587	664.905914	-684259.963
16500	0.007438	0.008460	0.002993	0.000504	386.745475	719.655639	-684286.551
16520	0.007381	0.008595	0.003083	0.000503	345.046640	712.741392	-684342.697
16540	0.007252	0.008627	0.002985	0.000516	344.487229	746.405368	-684283.410
16560	0.007285	0.008810	0.003008	0.000516	353.549710	761.505891	-684386.239
16580	0.007127	0.008551	0.003044	0.000495	354.122085	734.440221	-684326.299
16600	0.008088	0.008950	0.002999	0.000507	341.363541	750.984017	-684399.346
16620	0.008050	0.008591	0.002963	0.000500	295.729490	673.931341	-684341.174
16640	0.007485	0.008653	0.003014	0.000489	299.355444	663.767679	-684335.265
16660	0.007398	0.009058	0.002967	0.000515	281.329744	606.740564	-684301.861
16680	0.007333	0.009510	0.002986	0.000484	311.673321	637.132141	-684364.572
16700	0.007317	0.009913	0.003003	0.000482	302.231626	594.155101	-684327.284
16720	0.007519	0.009121	0.003034	0.000467	312.016108	643.888633	-684251.769
16740	0.007487	0.009138	0.003035	0.000490	320.845328	599.073778	-684460.777
16760	0.008247	0.009661	0.002933	0.000513	283.706957	586.200955	-684495.431
16780	0.007507	0.009058	0.003049	0.000486	315.052939	633.773032	-684317.878
16800	0.007493	0.009079	0.003058	0.000473	310.813338	637.337274	-684259.778
16820	0.007358	0.009094	0.003138	0.000489	273.856514	601.668784	-684140.149
16840	0.007189	0.009387	0.002865	0.000482	261.310929	621.929212	-684377.878
16860	0.007817	0.009390	0.002930	0.000506	270.458713	654.420605	-684458.354
16880	0.008319	0.009274	0.002944	0.000504	271.689114	595.607809	-684440.380
16900	0.007668	0.008965	0.002984	0.000489	322.846445	590.584818	-684360.405
16920	0.007962	0.008887	0.003025	0.000496	320.597064	598.295010	-684316.707
16940	0.007855	0.008687	0.002941	0.000519	327.143704	600.109657	-684303.654
16960	0.007106	0.009456	0.003023	0.000499	340.091633	684.392767	-684299.672
16980	0.007201	0.009594	0.002859	0.000517	311.276824	658.522792	-684391.167
17000	0.006975	0.009376	0.002913	0.000519	295.130047	703.463260	-684402.214
17020	0.006790	0.009185	0.002939	0.000504	302.981698	813.509693	-684538.421
17040	0.007366	0.009140	0.002823	0.000524	242.376069	752.970643	-684382.813
17060	0.007075	0.008349	0.002884	0.000507	283.022617	700.022289	-684418.609
17080	0.006938	0.009119	0.002816	0.000524	289.335178	712.576624	-684421.885
17100	0.007254	0.008828	0.002861	0.000509	291.956533	709.006111	-684369.016
17120	0.007236	0.009045	0.002798	0.000508	291.941097	696.144445	-684303.369
17140	0.007240	0.008650	0.002948	0.000504	278.643033	721.713740	-684285.487
17160	0.007003	0.009370	0.002916	0.000507	294.790021	780.980910	-684473.852
17180	0.007473	0.008987	0.002906	0.000510	246.646124	757.055747	-684374.925
17200	0.007782	0.009487	0.002943	0.000525	257.471104	741.839129	-684353.214
17220	0.007945	0.008897	0.002968	0.000506	255.134299	803.394531	-684336.553
17240	0.007648	0.008111	0.003025	0.000495	277.036429	782.387214	-684273.450
17260	0.007663	0.009046	0.002905	0.000508	232.252607	772.268337	-684325.981
17280	0.007070	0.009032	0.002964	0.000529	294.583188	757.427387	-684372.205
17300	0.006837	0.009115	0.002892	0.000513	271.151412	804.432070	-684443.954
17320	0.006865	0.008896	0.003021	0.000504	247.457752	809.256517	-684418.295
17340	0.006405	0.009299	0.002972	0.000512	238.541073	864.422913	-684328.884
17360	0.006396	0.009659	0.002883	0.000507	243.659705	776.663233	-684339.483
17380	0.006803	0.009267	0.002928	0.000507	212.237856	810.800562	-684291.978
17400	0.006346	0.009282	0.003040	0.000513	201.455499	840.102883	-684367.338
17420	0.006782	0.009351	0.002954	0.000508	198.983210	862.426274	-684415.905
17440	0.006838	0.009309	0.002961	0.000516	195.253211	832.642816	-684243.395
17460	0.006622	0.008755	0.003098	0.000486	223.069924	808.315125	-684252.092
17480	0.006990	0.009478	0.003069	0.000497	201.241014	717.116010	-684291.166
17500	0.007342	0.009377	0.003143	0.000501	211.568371	766.830975	-684323.104
17520	0.007439	0.009284	0.003037	0.000506	238.201574	750.221041	-684440.166
17540	0.007555	0.009102	0.002932	0.000491	247.878471	770.809092	-684275.385
17560	0.007702	0.009582	0.002991	0.000495	266.145256	790.794484	-684351.493
17580	0.007173	0.009818	0.002916	0.000505	249.574924	762.337877	-684341.690
17600	0.006958	0.009244	0.002971	0.000490	271.546993	812.619826	-684308.561
17620	0.007421	0.008952	0.002985	0.000509	231.900555	806.961858	-684363.556
17640	0.007287	0.008673	0.002953	0.000492	285.430724	779.367270	-684242.148
17660	0.007326	0.009074	0.003085	0.000495	282.937263	766.024902	-684265.423
17680	0.006772	0.009636	0.002976	0.000498	250.611994	830.975224	-684328.733
17700	0.007053	0.008939	0.003101	0.000505	256.731048	714.514269	-684296.783
17720	0.007314	0.009049	0.002998	0.000516	252.212434	679.072420	-684358.526
17740	0.007310	0.009000	0.002995	0.000520	266.687933	710.821477	-684427.359
17760	0.007397	0.008953	0.002975	0.000505	269.684990	708.391017	-684133.485
17780	0.007640	0.008847	0.003072	0.000497	280.168861	662.611341	-684272.427
17800	0.007799	0.009202	0.002998	0.000499	272.293941	726.908661	-684394.463
17820	0.007906	0.009122	0.003122	0.000492	256.084807	721.959946	-684230.712
17840	0.007862	0.009538	0.003030	0.000483	258.928037	737.667652	-684242.126
17860	0.008014	0.009087	0.002979	0.000474	257.307346	672.873624	-684335.652
17880	0.007181	0.009377	0.002994	0.000483	237.933747	680.110894	-684384.165
17900	0.007778	0.008968	0.003092	0.000506	254.371843	666.687573	-684249.074
17920	0.007572	0.009134	0.003080	0.000512	250.482566	709.686160	-684293.503
17940	0.007557	0.008812	0.002922	0.000509	264.324974	709.674985	-684279.570
17960	0.007308	0.008687	0.002972	0.000511	276.499341	800.124171	-684350.863
17980	0.007168	0.008549	0.002971	0.000512	287.381072	830.058380	-684416.380
18000	0.007350	0.008254	0.003000	0.000522	273.387613	774.821133	-684372.553
18020	0.007192	0.008198	0.002905	0.000510	269.899285	761.327773	-684264.762
18040	0.007609	0.008517	0.002916	0.000511	255.473725	749.218755	-684233.341
18060	0.007802	0.008470	0.002952	0.000509	288.828349	740.064447	-684358.452
18080	0.008060	0.008925	0.002989	0.000536	253.907102	756.340260	-684404.934
18100	0.008046	0.009024	0.003123	0.000521	236.364976	845.889537	-684388.581
18120	0.007112	0.009071	0.003027	0.000516	245.517639	816.518550	-684351.362
18140	0.007501	0.009346	0.003046	0.000507	242.637934	923.769537	-684293.835
18160	0.007579	0.009214	0.002905	0.000495	247.727887	973.706658	-684524.675
18180	0.007165	0.008663	0.002984	0.000511	225.922187	930.352909	-684275.141
18200	0.007134	0.009662	0.002926	0.000519	207.102952	880.129425	-684203.619
18220	0.006849	0.008705	0.003014	0.000505	223.794004	893.103794	-684328.830
18240	0.006942	0.008692	0.002926	0.000505	188.255803	963.427923	-684405.067
18260	0.006559	0.009097	0.003027	0.000496	224.776631	944.715608	-684425.836
18280	0.006854	0.009087	0.002908	0.000502	227.995394	948.008410	-684345.528
18300	0.006774	0.008825	0.003053	0.000507	236.888070	904.043673	-684288.321
18320	0.006677	0.008421	0.003088	0.000489	261.222129	1010.877129	-684321.711
18340	0.007340	0.008403	0.002966	0.000502	248.450774	961.024890	-684151.218
18360	0.007343	0.008796	0.003016	0.000518	276.006990	940.252512	-684268.467
18380	0.007653	0.009242	0.002904	0.000527	249.595838	928.883554	-684411.350
18400	0.007271	0.008550	0.002869	0.000528	264.424045	947.709490	-684333.204
18420	0.007149	0.008644	0.002958	0.000537	253.979288	984.802432	-684413.556
18440	0.007465	0.008227	0.003003	0.000541	260.957865	957.306018	-684261.796
18460	0.007210	0.008311	0.003025	0.000522	259.510440	964.987185	-684279.499
18480	0.006899	0.008156	0.003020	0.000513	268.274672	976.298853	-684213.628
18500	0.006694	0.009091	0.002917	0.000533	255.420628	1060.822111	-684369.277
18520	0.006664	0.009695	0.002898	0.000535	214.647577	1133.361742	-684281.300
18540	0.007049	0.009294	0.003033	0.000537	214.803146	1087.565962	-684413.260
18560	0.006486	0.009225	0.003080	0.000501	222.322600	1136.479163	-684212.082
18580	0.006913	0.008999	0.002941	0.000498	236.212054	1111.639019	-684257.596
18600	0.006785	0.008890	0.003108	0.000496	215.814151	998.061435	-684267.976
18620	0.006998	0.008530	0.003032	0.000503	210.635410	974.402613	-684291.687
18640	0.007036	0.008915	0.003074	0.000511	215.011210	991.371433	-684258.374
18660	0.007099	0.008411	0.002935	0.000513	215.497631	959.189599	-684225.643
18680	0.006656	0.009072	0.003043	0.000517	214.985384	985.371466	-684372.992
18700	0.006771	0.008690	0.002967	0.000526	210.564051	1039.636914	-684338.579
18720	0.006508	0.008476	0.002949	0.000516	235.056512	1020.846912	-684254.429
18740	0.006655	0.008809	0.003003	0.000527	231.525805	949.945178	-684236.594
18760	0.007214	0.008933	0.002894	0.000517	245.621235	882.039801	-684350.796
18780	0.007383	0.009265	0.002935	0.000518	216.577000	890.579988	-684464.030
18800	0.007053	0.009222	0.002906	0.000515	202.155430	894.107188	-684281.495
18820	0.007290	0.009676	0.002862	0.000519	211.229576	939.343616	-684331.856
18840	0.007030	0.009007	0.002904	0.000511	217.995398	888.410519	-684295.464
18860	0.006944	0.008989	0.002956	0.000514	221.921880	767.114098	-684281.076
18880	0.007395	0.009208	0.002915	0.000506	227.015096	800.541380	-684242.568
18900	0.007336	0.008806	0.002883	0.000519	233.880372	722.387169	-684317.005
18920	0.007372	0.008607	0.002974	0.000496	272.175971	726.442028	-684275.927
18940	0.006918	0.008331	0.003103	0.000479	278.044664	739.440343	-684296.403
18960	0.007185	0.008458	0.003099	0.000482	235.481961	729.900993	-684290.063
18980	0.007466	0.008878	0.003082	0.000491	261.311920	703.295041	-684378.081
19000	0.007563	0.008923	0.003007	0.000481	275.171433	688.603158	-684371.278
19020	0.007887	0.008845	0.002967	0.000475	289.784561	769.911510	-684404.301
19040	0.008494	0.008864	0.003003	0.000497	305.027133	697.298448	-684282.473
19060	0.007544	0.008940	0.002951	0.000487	254.327442	735.782800	-684471.159
19080	0.007094	0.008970	0.002993	0.000500	255.255570	706.603243	-684329.889
19100	0.008028	0.009002	0.003044	0.000490	249.330937	710.148459	-684287.313
19120	0.008029	0.009782	0.002880	0.000507	247.804475	652.418821	-684398.145
19140	0.007548	0.009114	0.003027	0.000476	261.196575	663.271661	-684255.333
19160	0.007796	0.009633	0.002937	0.000484	253.053919	668.844119	-684361.247
19180	0.007680	0.009309	0.003001	0.000456	252.074152	738.032022	-684285.542
19200	0.008238	0.009620	0.003136	0.000460	256.714575	660.141351	-684308.525
19220	0.007887	0.009387	0.003096	0.000468	230.406984	647.865483	-684345.496
19240	0.008058	0.009675	0.002974	0.000493	235.189333	680.471250	-684417.710
19260	0.007658	0.009098	0.003052	0.000489	210.126693	652.867206	-684285.861
19280	0.008513	0.008649	0.003134	0.000492	203.052249	626.508154	-684360.385
19300	0.008264	0.008337	0.002959	0.000492	216.692218	653.366196	-684296.896
19320	0.008315	0.008268	0.003074	0.000487	235.770792	636.029097	-684185.498
19340	0.007347	0.009115	0.003073	0.000493	251.740837	669.331851	-684345.231
19360	0.007454	0.009178	0.003132	0.000485	256.232036	660.707737	-684387.915
19380	0.007708	0.009107	0.003076	0.000484	248.804207	655.944873	-684418.316
19400	0.007946	0.009156	0.003140	0.000500	221.729460	629.148566	-684280.612
19420	0.008135	0.009551	0.003040	0.000476	201.557871	595.120947	-684431.698
19440	0.007456	0.009868	0.003018	0.000462	232.661167	660.221487	-684403.411
19460	0.007228	0.010133	0.003040	0.000485	212.595341	590.418589	-684300.200
19480	0.007994	0.010032	0.003039	0.000482	222.700426	595.567595	-684334.118
19500	0.007686	0.010149	0.002915	0.000461	246.239533	596.679579	-684390.452
19520	0.007573	0.009744	0.002944	0.000461	227.028220	630.876834	-684336.895
19540	0.007966	0.009872	0.002885	0.000456	222.961428	543.730884	-684411.232
19560	0.007859	0.009872	0.003004	0.000470	228.411183	547.037637	-684329.339
19580	0.008333	0.009457	0.002983	0.000454	213.598895	514.361491	-684426.740
19600	0.007849	0.009683	0.003171	0.000455	221.486637	520.726251	-684215.224
19620	0.007965	0.010101	0.003111	0.000467	214.667469	561.695189	-684425.916
19640	0.007583	0.009780	0.003070	0.000448	205.556130	598.994107	-684376.064
19660	0.007434	0.009123	0.003117	0.000455	206.681431	601.801728	-684323.328
19680	0.007142	0.009525	0.003038	0.000474	232.675886	575.717003	-684315.704
19700	0.008242	0.008759	0.003096	0.000480	224.671444	622.762417	-684506.907
19720	0.008924	0.008530	0.002983	0.000480	235.102871	586.827534	-684401.762
19740	0.008606	0.008723	0.003006	0.000481	241.778558	544.230801	-684255.022
19760	0.008455	0.008736	0.002976	0.000491	239.825838	585.727351	-684259.295
19780	0.008426	0.008540	0.003068	0.000475	253.957699	593.630283	-684302.829
19800	0.008934	0.008731	0.002987	0.000482	232.978716	556.294143	-684272.329
19820	0.008151	0.008785	0.003072	0.000470	237.172941	541.779168	-684272.257
19840	0.008037	0.008882	0.002992	0.000486	206.090290	516.152122	-684387.710
19860	0.007796	0.008767	0.003006	0.000482	219.800955	491.999030	-684391.232
19880	0.008352	0.008707	0.002994	0.000480	218.302730	532.708738	-684427.623
19900	0.008619	0.008829	0.002906	0.000501	222.967683	541.790991	-684507.196
19920	0.008258	0.008839	0.002990	0.000476	219.095068	544.259423	-684464.446
19940	0.007718	0.009113	0.003144	0.000476	231.249898	531.236257	-684209.519
19960	0.008221	0.009282	0.002956	0.000485	235.178239	490.621686	-684360.825
19980	0.008204	0.008870	0.002966	0.000489	281.376893	474.721593	-684481.278
20000	0.008682	0.008090	0.003001	0.000485	288.203857	551.160842	-684366.926
20020	0.008863	0.009090	0.003050	0.000495	260.106998	542.666900	-684342.944
20040	0.008243	0.009274	0.003130	0.000490	261.571047	608.434616	-684413.649
20060	0.008416	0.008856	0.003115	0.000480	264.489282	605.355992	-684241.455
20080	0.008603	0.009101	0.003037	0.000485	238.607652	636.637650	-684323.280
20100	0.007882	0.008534	0.003028	0.000465	236.526893	618.083456	-684332.622
20120	0.007885	0.009817	0.002970	0.000492	198.621205	540.674320	-684369.893
20140	0.007519	0.009583	0.002923	0.000489	227.272238	576.772408	-684286.086
20160	0.007854	0.009751	0.002999	0.000480	243.587066	611.946514	-684351.990
20180	0.007829	0.009557	0.002941	0.000496	253.679831	564.081278	-684387.535
20200	0.008191	0.008829	0.002952	0.000489	254.844618	649.290380	-684263.840
20220	0.007947	0.008428	0.002906	0.000491	265.173577	620.245572	-684412.134
20240	0.007835	0.009066	0.002863	0.000472	245.740726	600.803307	-684391.428
20260	0.007860	0.009642	0.003055	0.000480	239.594764	628.124517	-684469.056
20280	0.007087	0.009463	0.002977	0.000473	223.937700	690.423768	-684405.913
20300	0.007172	0.009563	0.003050	0.000484	226.589350	706.591051	-684334.269
20320	0.007140	0.009417	0.003064	0.000487	194.735157	670.929488	-684352.093
20340	0.007249	0.009347	0.002992	0.000464	230.784614	656.335000	-684453.699
20360	0.007388	0.009382	0.003034	0.000469	238.724501	713.887449	-684290.686
20380	0.007364	0.009702	0.003072	0.000484	226.390524	710.306273	-684538.277
20400	0.007346	0.008814	0.003071	0.000479	229.186663	697.406970	-684345.668
20420	0.007772	0.009082	0.003142	0.000492	249.165281	699.827496	-684329.156
20440	0.006866	0.008963	0.003011	0.000487	255.873026	706.605494	-684341.837
20460	0.007565	0.008733	0.003103	0.000492	246.082169	730.280353	-684290.229
20480	0.007279	0.009440	0.002942	0.000485	246.276344	708.476411	-684329.537
20500	0.007555	0.009912	0.002841	0.000498	226.696106	706.728938	-684393.022
20520	0.007629	0.009853	0.002982	0.000475	254.594143	689.113490	-684372.958
20540	0.007348	0.009322	0.003002	0.000477	245.199833	670.422282	-684316.700
20560	0.007887	0.009471	0.003085	0.000485	211.989500	740.218250	-684347.845
20580	0.007512	0.009419	0.003023	0.000475	204.208866	758.245390	-684296.758
20600	0.007201	0.009141	0.003095	0.000475	192.758553	732.571045	-684233.779
20620	0.007845	0.009458	0.003142	0.000509	162.304984	706.527177	-684182.266
20640	0.007465	0.008974	0.003085	0.000480	172.746177	781.644699	-684264.084
20660	0.007174	0.009351	0.002945	0.000485	170.323839	787.862204	-684175.357
20680	0.007060	0.009213	0.003083	0.000477	163.541382	773.741356	-684330.926
20700	0.007414	0.009961	0.003060	0.000490	125.531938	771.320610	-684411.257
20720	0.006886	0.009692	0.003073	0.000480	129.964042	789.596069	-684250.521
20740	0.006765	0.009949	0.003031	0.000494	118.646223	802.879917	-684265.634
20760	0.007146	0.009739	0.002937	0.000491	119.175014	774.061462	-684342.971
20780	0.007631	0.009539	0.002964	0.000499	118.621411	715.109537	-684517.879
20800	0.007459	0.009852	0.003040	0.000492	135.335388	744.279447	-684352.479
20820	0.007642	0.009395	0.003084	0.000466	151.988101	771.335648	-684404.241
20840	0.008193	0.010288	0.003111	0.000483	156.113545	767.707536	-684410.135
20860	0.007558	0.010087	0.003026	0.000464	159.386564	842.190169	-684513.211
20880	0.007136	0.009748	0.003132	0.000469	151.889186	892.372986	-684360.535
20900	0.006760	0.010054	0.003018	0.000471	154.907578	1000.069600	-684422.329
20920	0.006876	0.009614	0.003145	0.000477	165.217055	921.242689	-684295.630
20940	0.006432	0.009688	0.003137	0.000451	173.784974	933.597109	-684266.356
20960	0.007025	0.010188	0.003027	0.000467	160.571879	896.744836	-684395.294
20980	0.007578	0.010064	0.003040	0.000469	209.350042	874.083293	-684167.733
21000	0.007287	0.010318	0.002981	0.000488	186.659327	808.920868	-684412.193
21020	0.007150	0.009775	0.003124	0.000482	159.569442	840.276300	-684193.311
21040	0.007005	0.009677	0.003063	0.000480	168.326083	841.399500	-684376.798
21060	0.007113	0.009965	0.002892	0.000488	157.287492	842.914327	-684420.732
21080	0.007027	0.010213	0.002965	0.000488	145.126328	914.829272	-684441.580
21100	0.006337	0.010080	0.002962	0.000482	128.860777	931.342139	-684242.488
21120	0.006735	0.010289	0.003014	0.000491	149.346437	900.813163	-684487.489
21140	0.007023	0.010236	0.002930	0.000495	120.764565	921.307666	-684443.995
21160	0.007112	0.009575	0.002957	0.000493	132.712331	1027.529743	-684337.961
21180	0.006329	0.009772	0.003054	0.000494	164.482909	1000.358893	-684318.816
21200	0.006336	0.010215	0.002940	0.000504	162.088090	984.685699	-684321.514
21220	0.006790	0.010063	0.002878	0.000489	181.274481	953.470757	-684308.715
21240	0.006873	0.010401	0.002850	0.000533	155.351815	878.544896	-684502.233
21260	0.006844	0.009673	0.002884	0.000505	151.918199	911.657501	-684443.538
21280	0.006834	0.009302	0.002995	0.000506	172.605608	816.218590	-684350.745
21300	0.007103	0.009241	0.002788	0.000502	179.122875	906.190711	-684305.107
21320	0.006847	0.009848	0.002921	0.000525	154.035310	859.822337	-684517.826
21340	0.007548	0.009311	0.003010	0.000514	181.466057	861.394401	-684261.216
21360	0.006921	0.009145	0.003025	0.000495	182.096483	886.018363	-684228.860
21380	0.007314	0.009097	0.003082	0.000490	196.448242	832.439846	-684273.436
21400	0.007382	0.009333	0.002995	0.000517	193.610149	852.291449	-684366.606
21420	0.006832	0.009246	0.003062	0.000514	195.625184	938.823022	-684240.088
21440	0.006924	0.009268	0.003031	0.000520	204.719688	963.394070	-684277.673
21460	0.006253	0.008996	0.002912	0.000519	231.522918	995.714406	-684398.082
21480	0.006936	0.008933	0.002952	0.000539	218.852099	986.261362	-684288.688
21500	0.007060	0.009130	0.003020	0.000550	235.251935	1000.891305	-684222.399
21520	0.007062	0.009129	0.003004	0.000511	248.169443	992.058536	-684307.310
21540	0.007074	0.008694	0.003005	0.000493	270.306928	919.576880	-684346.864
21560	0.006834	0.008645	0.003065	0.000494	268.494156	1010.476463	-684441.132
21580	0.006829	0.009064	0.002970	0.000501	242.622606	1092.145116	-684306.792
21600	0.006714	0.008474	0.003090	0.000502	232.615152	1078.771290	-684269.607
21620	0.007175	0.008463	0.003055	0.000492	240.090376	1010.820131	-684300.572
21640	0.006924	0.008690	0.002939	0.000502	237.305288	980.915089	-684279.234
21660	0.007166	0.008582	0.002948	0.000512	251.629614	919.192293	-684329.239
21680	0.007111	0.009090	0.003034	0.000529	233.612140	864.826672	-684328.305
21700	0.006981	0.008707	0.002944	0.000512	239.841506	902.890973	-684246.274
21720	0.006989	0.009112	0.002938	0.000532	222.719472	845.718509	-684358.499
21740	0.007820	0.008418	0.002927	0.000522	261.349945	890.436884	-684337.233
21760	0.007458	0.008290	0.003015	0.000524	262.218112	817.831243	-684220.759
21780	0.007309	0.008393	0.002957	0.000531	258.608889	842.586028	-684288.977
21800	0.007218	0.008086	0.002968	0.000509	227.641033	838.896875	-684275.012
21820	0.007326	0.008082	0.003021	0.000510	259.356171	815.410385	-684384.422
21840	0.007171	0.007931	0.003082	0.000492	285.416252	834.467315	-684326.027
21860	0.007362	0.009175	0.003005	0.000514	267.029486	739.541089	-684361.937
21880	0.006997	0.008665	0.003130	0.000513	281.509835	734.278835	-684223.985
21900	0.007594	0.008964	0.003032	0.000500	305.792364	747.788757	-684316.231
21920	0.007119	0.008645	0.003018	0.000505	272.391510	695.421331	-684479.913
21940	0.007188	0.009118	0.002900	0.000522	275.443417	759.721189	-684419.224
21960	0.006689	0.008599	0.003005	0.000513	264.959880	857.959585	-684271.927
21980	0.006704	0.009410	0.002982	0.000534	262.650683	899.497991	-684339.186
22000	0.006329	0.009006	0.003031	0.000509	260.936289	930.122530	-684351.541
22020	0.006680	0.009518	0.003020	0.000534	258.646789	903.845275	-684331.420
22040	0.006711	0.009214	0.002917	0.000527	270.961023	893.703174	-684362.172
22060	0.006670	0.009134	0.003010	0.000535	275.954411	843.853521	-684276.360
22080	0.006820	0.008739	0.002994	0.000538	245.743444	897.101325	-684332.715
22100	0.006647	0.008721	0.003011	0.000526	287.712922	902.085319	-684363.557
22120	0.006672	0.008629	0.002865	0.000562	291.990258	812.471627	-684392.439
22140	0.006532	0.008146	0.002871	0.000553	307.048934	794.901335	-684302.361
22160	0.006705	0.008273	0.002796	0.000552	308.048755	843.183902	-684278.740
22180	0.006839	0.008072	0.002938	0.000557	298.371850	827.792717	-684304.302
22200	0.006936	0.008275	0.002946	0.000534	360.858037	836.736942	-684381.777
22220	0.007369	0.008368	0.003000	0.000538	327.946104	817.699775	-684438.127
22240	0.007042	0.008233	0.002985	0.000539	318.164656	909.559365	-684289.431
22260	0.006728	0.008378	0.003008	0.000524	309.270429	933.922093	-684298.266
22280	0.006462	0.008582	0.002948	0.000535	314.536173	957.502555	-684295.214
22300	0.007055	0.008704	0.002972	0.000533	354.101723	967.628055	-684267.374
22320	0.006840	0.008829	0.002902	0.000519	345.160969	995.867277	-684399.782
22340	0.006809	0.008493	0.002964	0.000523	338.769642	978.462419	-684302.522
22360	0.006749	0.008127	0.003112	0.000526	387.195645	895.948635	-684201.964
22380	0.007236	0.008664	0.003031	0.000544	313.784453	915.327824	-684256.232
22400	0.006535	0.009156	0.003036	0.000528	290.663348	961.768108	-684232.256
22420	0.006328	0.008999	0.002909	0.000524	311.154304	943.502293	-684435.896
22440	0.006140	0.008504	0.003069	0.000540	314.562196	931.600099	-684182.242
22460	0.006432	0.008741	0.002991	0.000522	328.374349	944.524964	-684101.074
22480	0.006614	0.008997	0.003000	0.000538	328.446865	971.718387	-684362.236
22500	0.006274	0.008628	0.002928	0.000518	356.128737	1044.183777	-684160.078
22520	0.006303	0.008700	0.002991	0.000526	334.228040	932.129708	-684333.218
22540	0.006799	0.008418	0.003030	0.000525	317.272115	888.697888	-684257.724
22560	0.006479	0.008176	0.002974	0.000507	331.613299	943.192022	-684253.849
22580	0.006460	0.008152	0.003056	0.000526	307.826963	966.304488	-684307.931
22600	0.006487	0.008772	0.002841	0.000527	284.671459	894.026008	-684285.257
22620	0.006225	0.008639	0.002856	0.000525	244.538934	997.724424	-684192.421
22640	0.006865	0.008389	0.002976	0.000550	276.114442	877.351660	-684404.101
22660	0.006268	0.007727	0.003019	0.000536	258.371107	892.962555	-684300.582
22680	0.007088	0.008426	0.003053	0.000534	289.300989	888.871322	-684349.140
22700	0.006919	0.008117	0.003058	0.000534	308.551677	837.652506	-684260.495
22720	0.006926	0.008094	0.003104	0.000519	350.127133	828.631091	-684337.798
22740	0.007113	0.008334	0.002852	0.000533	351.276150	765.513810	-684312.167
22760	0.006774	0.008451	0.002900	0.000537	400.104017	833.064020	-684286.906
22780	0.007289	0.008238	0.002958	0.000561	417.067171	736.839588	-684377.020
22800	0.006899	0.008336	0.002865	0.000548	420.361508	778.236836	-684386.820
22820	0.007023	0.008797	0.002970	0.000581	388.306430	766.226674	-684460.736
22840	0.006770	0.007876	0.002962	0.000555	374.860771	788.881295	-684309.233
22860	0.006576	0.007910	0.002860	0.000541	352.110638	861.988858	-684287.935
22880	0.006966	0.008319	0.002808	0.000543	355.321966	856.396199	-684412.091
22900	0.007372	0.007841	0.002959	0.000530	349.211479	908.534917	-684265.288
22920	0.007786	0.007710	0.003008	0.000538	367.909661	878.133300	-684361.455
22940	0.007110	0.007617	0.002851	0.000543	418.355113	887.899714	-684351.539
22960	0.007355	0.008104	0.002888	0.000535	431.062912	918.791277	-684321.211
22980	0.007010	0.008141	0.003061	0.000537	424.183248	876.986270	-684216.908
23000	0.006989	0.008222	0.002965	0.000529	391.405841	878.961892	-684371.639
23020	0.007228	0.007895	0.002965	0.000532	405.669002	864.684130	-684268.351
23040	0.007309	0.008536	0.002868	0.000529	377.560731	914.697810	-684187.443
23060	0.007593	0.009001	0.002945	0.000507	407.329046	916.380784	-684316.600
23080	0.007576	0.008760	0.002962	0.000512	390.897774	875.198605	-684455.790
23100	0.008001	0.008773	0.003011	0.000516	333.887005	860.224434	-684253.456
23120	0.007636	0.008264	0.002974	0.000505	326.636836	882.914557	-684230.116
23140	0.007330	0.008695	0.003048	0.000518	321.455945	824.741127	-684326.520
23160	0.008023	0.008707	0.003048	0.000516	309.474540	795.648391	-684344.117
23180	0.007720	0.008774	0.002870	0.000503	325.137343	917.384687	-684371.865
23200	0.007949	0.008999	0.002997	0.000505	342.068238	851.805606	-684400.346
23220	0.007468	0.009333	0.002903	0.000482	333.842129	840.423826	-684288.997
23240	0.007559	0.009692	0.002994	0.000508	285.516498	810.263434	-684526.666
23260	0.006886	0.008686	0.002892	0.000498	301.503127	771.283426	-684424.067
23280	0.007561	0.008187	0.003047	0.000522	306.695968	710.228773	-684423.474
23300	0.007607	0.008135	0.002998	0.000517	363.397398	724.292278	-684356.840
23320	0.007356	0.008097	0.002889	0.000535	371.583615	677.304773	-684309.938
23340	0.007720	0.008114	0.002870	0.000550	372.165949	683.282621	-684300.088
23360	0.007328	0.008922	0.002831	0.000548	308.714947	734.883504	-684423.132
23380	0.006657	0.008926	0.002997	0.000515	315.972133	766.076532	-684272.513
23400	0.006747	0.008611	0.003035	0.000511	325.102162	811.452389	-684436.654
23420	0.007457	0.009008	0.002938	0.000531	304.550113	720.165747	-684321.695
23440	0.007217	0.008929	0.002972	0.000521	329.183585	806.858745	-684370.295
23460	0.007372	0.008659	0.002881	0.000520	339.029283	809.158465	-684402.992
23480	0.007355	0.008760	0.003015	0.000523	328.334463	780.436785	-684275.476
23500	0.007704	0.008566	0.003010	0.000509	329.203214	720.455094	-684326.800
23520	0.007657	0.008812	0.003002	0.000518	291.607873	795.148313	-684345.446
23540	0.007818	0.008723	0.002987	0.000508	331.168380	757.530624	-684454.755
23560	0.007545	0.008487	0.002962	0.000514	285.108761	787.121439	-684432.353
23580	0.007533	0.009078	0.002849	0.000518	302.252599	723.503269	-684360.918
23600	0.007729	0.009209	0.002957	0.000518	299.171978	690.800276	-684430.766
23620	0.006925	0.009147	0.002872	0.000512	338.132088	699.937084	-684360.462
23640	0.006799	0.009826	0.002894	0.000506	334.507202	687.147824	-684446.186
23660	0.007010	0.009441	0.002900	0.000519	364.521835	749.411284	-684196.096
23680	0.006826	0.008972	0.002998	0.000524	369.466042	693.559008	-684325.058
23700	0.007086	0.008826	0.003128	0.000516	372.520574	684.418786	-684186.409
23720	0.007478	0.008676	0.002972	0.000521	396.585712	707.416266	-684429.059
23740	0.006893	0.008726	0.002908	0.000527	406.986483	707.212227	-684353.472
23760	0.007353	0.008757	0.002806	0.000537	343.324546	738.337378	-684341.681
23780	0.007127	0.008471	0.003016	0.000510	334.628029	642.380982	-684388.105
23800	0.006886	0.008647	0.002883	0.000510	286.719814	688.410525	-684294.070
23820	0.007010	0.009159	0.002883	0.000523	310.042494	688.239257	-684369.560
23840	0.006973	0.009071	0.002926	0.000518	358.155001	648.460763	-684338.424
23860	0.007495	0.009584	0.002825	0.000505	310.658726	678.951974	-684392.968
23880	0.007216	0.009411	0.002959	0.000537	333.937241	661.848826	-684318.611
23900	0.007458	0.009450	0.002931	0.000504	361.508124	756.092095	-684311.913
23920	0.007883	0.008517	0.003097	0.000485	341.715788	738.123736	-684272.084
23940	0.007479	0.008618	0.002997	0.000496	378.127678	673.891015	-684330.786
23960	0.007701	0.008637	0.002866	0.000494	371.536218	587.463876	-684326.351
23980	0.007980	0.009295	0.003046	0.000508	386.160181	598.706653	-684401.066
24000	0.007939	0.008802	0.002826	0.000511	368.246132	570.197576	-684438.600
24020	0.007530	0.008537	0.003069	0.000511	405.453810	587.869732	-684327.757
24040	0.007837	0.008707	0.002842	0.000527	386.126819	527.832621	-684429.120
24060	0.008037	0.008351	0.003054	0.000521	409.775715	512.714036	-684425.958
24080	0.008045	0.007902	0.002951	0.000524	414.268373	539.126848	-684404.568
24100	0.007852	0.007734	0.002946	0.000525	497.798595	531.410782	-684371.166
24120	0.007847	0.008342	0.002909	0.000566	458.728501	515.190195	-684413.403
24140	0.007322	0.008414	0.002796	0.000548	485.111316	600.108727	-684231.512
24160	0.007468	0.008349	0.002930	0.000557	482.469930	584.809817	-684221.384
24180	0.007524	0.007618	0.003026	0.000550	462.863451	588.311523	-684284.356
24200	0.007822	0.007853	0.002876	0.000548	462.973732	590.714455	-684328.879
24220	0.007348	0.007447	0.002826	0.000546	499.440546	569.789277	-684273.382
24240	0.007330	0.007541	0.002960	0.000555	506.829023	616.075792	-684208.299
24260	0.007516	0.006965	0.002929	0.000541	576.996658	655.253188	-684232.467
24280	0.008079	0.007416	0.002913	0.000559	663.382687	618.366949	-684296.123
24300	0.007864	0.007484	0.002866	0.000544	675.808357	663.464750	-684400.687
24320	0.007855	0.006923	0.002932	0.000528	680.083429	678.659582	-684198.063
24340	0.007885	0.007739	0.002924	0.000530	633.672510	659.635456	-684442.602
24360	0.007056	0.007598	0.002926	0.000522	658.388372	647.635500	-684236.668
24380	0.007786	0.007788	0.002944	0.000535	616.559808	631.835535	-684334.511
24400	0.007505	0.007862	0.003033	0.000531	635.238946	659.644261	-684255.853
24420	0.007274	0.008062	0.002953	0.000525	608.673987	615.070966	-684428.923
24440	0.007558	0.007951	0.002972	0.000517	609.818062	595.129312	-684266.368
24460	0.007714	0.008225	0.003069	0.000514	600.152772	566.820186	-684184.217
24480	0.007699	0.007858	0.002960	0.000513	662.627260	571.319874	-684279.005
24500	0.008294	0.007426	0.002951	0.000531	647.580164	517.140235	-684384.420
24520	0.007690	0.007740	0.002919	0.000518	611.997430	562.442559	-684310.678
24540	0.007576	0.007862	0.002894	0.000496	567.097099	593.301332	-684225.019
24560	0.007665	0.008059	0.002838	0.000515	554.349343	578.174049	-684312.894
24580	0.007598	0.008397	0.002947	0.000511	572.974317	565.931033	-684404.119
24600	0.008186	0.008075	0.002981	0.000512	537.955905	535.522538	-684424.153
24620	0.007926	0.008011	0.002903	0.000506	556.519423	510.008280	-684281.848
24640	0.008074	0.008234	0.002934	0.000526	561.726180	495.075741	-684340.543
24660	0.008070	0.007644	0.003020	0.000511	536.393655	528.000350	-684372.959
24680	0.008598	0.007777	0.003002	0.000522	546.339659	502.786997	-684364.391
24700	0.008043	0.007578	0.002945	0.000499	547.405222	508.233794	-684338.990
24720	0.008372	0.008139	0.002924	0.000537	470.342713	499.723645	-684246.395
24740	0.008017	0.007634	0.003024	0.000530	509.754231	482.636282	-684273.972
24760	0.008861	0.007590	0.002857	0.000532	492.875137	527.183513	-684451.284
24780	0.008228	0.007885	0.002767	0.000500	553.766240	526.580301	-684393.188
24800	0.008762	0.008219	0.002858	0.000530	552.863865	508.127063	-684333.138
24820	0.008326	0.007614	0.003025	0.000520	595.376250	514.285815	-684351.904
24840	0.008662	0.007778	0.003047	0.000520	579.695267	525.646652	-684367.707
24860	0.008470	0.007780	0.002954	0.000507	583.977938	511.202466	-684260.346
24880	0.007278	0.008200	0.002940	0.000497	643.600944	452.793500	-684267.761
24900	0.007256	0.008270	0.003011	0.000521	590.001561	423.753453	-684190.018
24920	0.007696	0.007689	0.003055	0.000532	643.371329	450.444591	-684236.476
24940	0.007775	0.007565	0.002961	0.000534	638.045074	451.448952	-684375.974
24960	0.007954	0.008052	0.002886	0.000540	650.550810	440.673055	-684386.438
24980	0.007730	0.007917	0.002853	0.000535	622.547666	425.912002	-684422.259
25000	0.007922	0.007790	0.002892	0.000547	644.641717	430.968657	-684295.272
25020	0.008253	0.007607	0.002901	0.000550	692.309552	388.170038	-684302.781
25040	0.007724	0.007543	0.002840	0.000562	654.320457	447.773792	-684331.761
25060	0.007512	0.007977	0.002939	0.000535	696.098425	481.224844	-684459.204
25080	0.007738	0.007708	0.003003	0.000530	692.915756	456.791754	-684387.264
25100	0.008257	0.007752	0.002876	0.000536	671.581445	476.214316	-684294.062
25120	0.007598	0.007412	0.002927	0.000528	688.516365	446.238882	-684247.051
25140	0.007600	0.007670	0.002845	0.000543	693.948827	479.999037	-684212.607
25160	0.007629	0.008346	0.002924	0.000562	685.642414	477.089197	-684316.908
25180	0.007749	0.007597	0.002799	0.000533	676.519290	449.485688	-684366.432
25200	0.008029	0.007752	0.002965	0.000535	671.856155	469.490926	-684280.020
25220	0.007840	0.007404	0.002887	0.000532	720.104911	518.359652	-684262.243
25240	0.007485	0.008053	0.002909	0.000536	716.649279	502.092063	-684317.593
25260	0.007523	0.008100	0.003057	0.000537	701.472902	499.049804	-684328.665
25280	0.008123	0.007770	0.002971	0.000537	681.100359	519.109472	-684408.739
25300	0.008099	0.007680	0.002936	0.000519	747.874286	544.200109	-684302.403
25320	0.007907	0.007730	0.002947	0.000509	757.001548	583.934562	-684277.237
25340	0.007949	0.007698	0.003128	0.000501	748.987257	596.994550	-684308.677
25360	0.007914	0.008098	0.002977	0.000504	744.745745	619.763093	-684293.586
25380	0.007870	0.008319	0.002958	0.000515	711.939598	565.594588	-684349.862
25400	0.008006	0.007822	0.002953	0.000540	678.720051	517.339079	-684291.668
25420	0.008227	0.007951	0.002932	0.000527	662.037786	596.270144	-684369.674
25440	0.008076	0.008232	0.002969	0.000521	586.719976	548.541926	-684349.373
25460	0.007747	0.008250	0.003031	0.000539	573.325230	556.875879	-684229.311
25480	0.006829	0.008281	0.003159	0.000526	589.906329	612.819256	-684263.440
25500	0.007375	0.008272	0.002956	0.000524	535.531771	631.168530	-684233.143
25520	0.007451	0.008359	0.002907	0.000545	506.146384	621.097320	-684312.075
25540	0.007365	0.007817	0.002894	0.000525	558.726353	587.720763	-684288.287
25560	0.007298	0.008905	0.002839	0.000527	527.647636	658.541806	-684321.958
25580	0.007499	0.008237	0.002991	0.000538	500.530271	652.229933	-684275.469
25600	0.007429	0.007840	0.002977	0.000545	508.462504	616.305826	-684381.046
25620	0.007297	0.008070	0.003044	0.000526	470.147495	658.182149	-684366.424
25640	0.007599	0.007768	0.003039	0.000544	459.875496	658.934600	-684257.029
25660	0.007948	0.007997	0.002909	0.000515	488.864329	676.824136	-684063.661
25680	0.008210	0.007886	0.002925	0.000486	438.560304	703.992147	-684381.940
25700	0.007645	0.008292	0.002969	0.000497	405.319367	643.504379	-684391.302
25720	0.007593	0.008608	0.002988	0.000524	407.579698	604.558568	-684327.292
25740	0.007251	0.008572	0.003000	0.000511	391.158206	674.093453	-684217.041
25760	0.007630	0.008862	0.003031	0.000519	361.836295	728.011701	-684308.904
25780	0.007355	0.008641	0.002923	0.000503	376.419315	768.926785	-684372.561
25800	0.007106	0.008220	0.003134	0.000520	341.226404	674.415079	-684206.302
25820	0.007292	0.008329	0.003006	0.000511	390.629786	677.379500	-684278.765
25840	0.007594	0.007969	0.002977	0.000522	391.373980	674.075508	-684365.563
25860	0.007581	0.008367	0.002919	0.000509	380.352348	651.510157	-684381.047
25880	0.007560	0.008250	0.003019	0.000504	373.543011	597.569340	-684298.909
25900	0.008011	0.008557	0.002919	0.000523	351.949121	578.182920	-684264.560
25920	0.008315	0.008110	0.002984	0.000508	391.659043	661.984391	-684303.368
25940	0.007867	0.008236	0.003009	0.000507	396.706425	629.408847	-684218.870
25960	0.008477	0.008582	0.002928	0.000535	396.138895	573.264386	-684198.426
25980	0.007899	0.008081	0.002959	0.000523	432.106513	615.740902	-684355.226
26000	0.007478	0.008035	0.002830	0.000526	445.618373	598.404705	-684263.708
26020	0.007580	0.008580	0.002992	0.000565	425.227320	628.873436	-684461.560
26040	0.007249	0.008321	0.002790	0.000559	433.028176	689.864139	-684413.320
26060	0.006906	0.007692	0.002865	0.000534	465.284689	692.068209	-684161.803
26080	0.006920	0.008314	0.002866	0.000559	435.293254	642.476022	-684377.238
26100	0.006733	0.008600	0.003022	0.000543	443.384201	688.534406	-684357.442
26120	0.006908	0.008667	0.002934	0.000535	490.917312	691.267119	-684328.097
26140	0.007124	0.008536	0.002917	0.000531	525.859902	630.147222	-684306.941
26160	0.007911	0.008693	0.002899	0.000525	541.867296	689.719011	-684370.726
26180	0.007640	0.008354	0.002927	0.000530	539.813089	656.057377	-684362.025
26200	0.007797	0.008483	0.003032	0.000527	510.091145	654.096721	-684467.992
26220	0.007223	0.008717	0.002895	0.000519	502.161216	656.965065	-684335.046
26240	0.007358	0.008424	0.002905	0.000524	499.911037	695.419687	-684221.989
26260	0.007380	0.008724	0.002936	0.000529	446.065026	707.572427	-684431.144
26280	0.007781	0.008264	0.003049	0.000526	422.311635	752.779070	-684291.270
26300	0.007343	0.008429	0.002938	0.000493	452.287618	821.521162	-684275.143
26320	0.007611	0.008720	0.003013	0.000499	425.727101	784.859924	-684221.166
26340	0.007604	0.009438	0.002983	0.000527	394.681425	763.154718	-684390.433
26360	0.006754	0.009425	0.002977	0.000515	368.643421	744.730581	-684370.007
26380	0.007198	0.008609	0.002921	0.000513	395.497958	767.627134	-684190.021
26400	0.007315	0.008646	0.002780	0.000512	356.091254	720.101758	-684343.140
26420	0.007519	0.008768	0.002872	0.000536	311.974776	673.765086	-684273.438
26440	0.007420	0.009176	0.002793	0.000546	339.295181	643.451111	-684501.912
26460	0.007554	0.008447	0.002806	0.000535	334.867765	685.372876	-684330.280
26480	0.007233	0.009038	0.002844	0.000533	352.168944	714.544287	-684468.280
26500	0.006906	0.008804	0.002852	0.000540	319.594840	813.607528	-684381.331
26520	0.007125	0.009019	0.002801	0.000534	359.979750	897.683133	-684397.195
26540	0.007213	0.009343	0.003046	0.000527	375.931940	807.919086	-684473.038
26560	0.006864	0.009277	0.002873	0.000528	351.245786	828.015669	-684367.314
26580	0.006766	0.008822	0.002950	0.000502	326.974292	883.991725	-684326.736
26600	0.006936	0.009248	0.003051	0.000502	326.519532	841.583474	-684324.690
26620	0.007213	0.008285	0.002958	0.000485	375.090444	873.208261	-684400.761
26640	0.007074	0.009006	0.002916	0.000506	316.878352	816.231775	-684412.913
26660	0.007247	0.009507	0.003019	0.000523	306.298369	766.624908	-684281.747
26680	0.007173	0.009333	0.003044	0.000501	304.694674	795.611821	-684337.818
26700	0.007604	0.009663	0.002826	0.000510	276.935052	800.566556	-684405.374
26720	0.008253	0.008922	0.003022	0.000496	285.160496	777.092553	-684487.280
26740	0.007956	0.008682	0.002942	0.000524	273.494183	686.456235	-684486.625
26760	0.008028	0.008371	0.002872	0.000522	313.220546	676.420128	-684535.845
26780	0.007997	0.008420	0.002960	0.000513	306.909823	650.118466	-684257.151
26800	0.008059	0.008216	0.002972	0.000503	308.112434	653.503640	-684296.541
26820	0.007459	0.008560	0.002844	0.000496	305.960271	736.297579	-684296.418
26840	0.007556	0.008746	0.002857	0.000510	321.667422	647.017889	-684346.823
26860	0.007979	0.008766	0.002994	0.000508	340.375493	703.689782	-684355.252
26880	0.007573	0.008686	0.003054	0.000505	338.483529	739.539470	-684328.235
26900	0.006926	0.008579	0.003143	0.000478	344.700865	785.192161	-684155.253
26920	0.007190	0.008486	0.003123	0.000482	339.435046	697.202881	-684215.736
26940	0.007879	0.008594	0.003133	0.000517	399.226708	602.710979	-684306.539
26960	0.007964	0.008561	0.002988	0.000523	332.965876	686.024468	-684311.004
26980	0.007942	0.008900	0.002946	0.000511	293.335912	669.560561	-684353.283
27000	0.007727	0.009066	0.002903	0.000483	314.101254	657.686831	-684418.510
27020	0.007957	0.008928	0.003050	0.000494	297.608999	683.764383	-684303.681
27040	0.007240	0.009277	0.002951	0.000492	310.616491	715.760782	-684250.146
27060	0.007631	0.009047	0.003008	0.000513	296.377673	682.376433	-684397.158
27080	0.007022	0.008825	0.002971	0.000499	328.628046	691.649362	-684406.621
27100	0.007244	0.009442	0.002902	0.000515	353.121286	662.277841	-684340.722
27120	0.007857	0.009042	0.002885	0.000522	349.206660	618.287460	-684396.978
27140	0.007865	0.009267	0.002919	0.000528	378.284166	660.929301	-684507.696
27160	0.007521	0.008755	0.002986	0.000504	424.028099	650.251658	-684364.517
27180	0.007159	0.008261	0.003110	0.000487	426.131706	706.237872	-684308.530
27200	0.007273	0.008381	0.003090	0.000495	422.735781	700.350405	-684347.383
27220	0.008361	0.008286	0.003034	0.000501	420.939781	732.756843	-684386.768
27240	0.007608	0.008318	0.003030	0.000490	461.828408	678.501402	-684343.188
27260	0.006945	0.008148	0.003066	0.000492	396.918978	683.804851	-684211.069
27280	0.007334	0.008188	0.003039	0.000490	387.213406	704.859875	-684265.898
27300	0.007716	0.008625	0.002909	0.000511	418.380273	668.693834	-684209.336
27320	0.007647	0.008569	0.002991	0.000514	442.057803	625.182022	-684405.082
27340	0.007417	0.008303	0.002913	0.000516	479.633168	647.245100	-684387.503
27360	0.007776	0.008209	0.002874	0.000534	455.834978	601.257429	-684383.934
27380	0.008093	0.007868	0.002865	0.000523	460.137411	593.499605	-684343.434
27400	0.008268	0.008380	0.002885	0.000535	464.109117	581.935509	-684337.381
27420	0.007571	0.008308	0.002979	0.000521	484.734829	561.142582	-684246.401
27440	0.007089	0.007567	0.003006	0.000514	461.360771	565.041380	-684278.981
27460	0.007508	0.008232	0.002932	0.000512	476.696864	555.954893	-684214.105
27480	0.007523	0.007780	0.002914	0.000507	537.835146	529.891801	-684342.019
27500	0.007667	0.008133	0.002909	0.000518	517.544293	520.161940	-684237.174
27520	0.007576	0.008840	0.002887	0.000526	502.260753	576.756804	-684303.516
27540	0.007634	0.008521	0.002931	0.000536	532.392450	597.319180	-684432.433
27560	0.007349	0.008336	0.002920	0.000543	528.396211	597.921449	-684281.589
27580	0.007261	0.007832	0.002838	0.000530	542.310842	658.021758	-684198.174
27600	0.006887	0.008224	0.002942	0.000531	526.910561	668.720423	-684337.471
27620	0.007094	0.008891	0.002884	0.000532	503.035461	728.199492	-684337.667
27640	0.007621	0.008418	0.002906	0.000511	516.884323	730.983299	-684354.756
27660	0.007559	0.008414	0.003031	0.000508	522.608614	700.825802	-684421.445
27680	0.007559	0.008468	0.003061	0.000507	477.983405	665.781269	-684237.094
27700	0.007390	0.009177	0.002894	0.000496	505.616733	737.749531	-684228.389
27720	0.007928	0.009064	0.002906	0.000506	463.421433	748.708033	-684285.508
27740	0.007628	0.008684	0.002894	0.000513	443.148465	721.030616	-684235.137
27760	0.007756	0.008996	0.002764	0.000535	403.941720	731.993147	-684430.053
27780	0.007400	0.008482	0.002894	0.000541	429.557744	741.980750	-684303.369
27800	0.007382	0.008284	0.002874	0.000533	460.776575	720.460154	-684370.743
27820	0.006891	0.008454	0.003077	0.000530	481.235241	671.954458	-684407.791
27840	0.006969	0.007938	0.003116	0.000507	469.517187	645.094267	-684209.964
27860	0.007204	0.008295	0.003039	0.000524	501.392737	651.198961	-684276.108
27880	0.007342	0.008429	0.003051	0.000516	542.043836	609.730696	-684261.215
27900	0.007051	0.008150	0.002826	0.000510	580.273982	590.198767	-684255.068
27920	0.007470	0.007811	0.002832	0.000538	529.948227	557.820853	-684197.603
27940	0.007706	0.007886	0.002838	0.000527	585.230384	661.376184	-684204.019
27960	0.007526	0.008044	0.002990	0.000529	547.815637	709.887908	-684207.907
27980	0.007719	0.008320	0.002843	0.000522	534.529512	688.997922	-684291.543
28000	0.007616	0.008008	0.002926	0.000521	524.008998	756.976947	-684303.827
28020	0.007380	0.008253	0.002920	0.000532	539.796224	798.725972	-684287.061
28040	0.007413	0.007938	0.002969	0.000527	505.163163	811.796610	-684181.251
28060	0.007233	0.008502	0.003009	0.000536	509.028525	759.712727	-684214.036
28080	0.007079	0.008579	0.002915	0.000523	510.328830	740.652410	-684326.904
28100	0.007328	0.008290	0.003013	0.000515	618.057698	772.042834	-684267.703
28120	0.007234	0.008389	0.002888	0.000509	648.422475	728.009968	-684211.034
28140	0.007330	0.008580	0.002987	0.000517	596.208194	704.118860	-684254.572
28160	0.007486	0.008271	0.002997	0.000505	546.967949	734.706819	-684329.508
28180	0.007301	0.008099	0.002957	0.000515	531.861338	668.452655	-684251.114
28200	0.007321	0.007950	0.003017	0.000504	509.891198	667.277286	-684313.304
28220	0.008014	0.008148	0.002978	0.000513	484.161981	636.887001	-684413.268
28240	0.007336	0.007912	0.002984	0.000513	463.671962	640.986862	-684322.315
28260	0.007257	0.008269	0.002990	0.000505	502.300183	593.609120	-684172.769
28280	0.007100	0.008837	0.002970	0.000523	427.147587	563.009626	-684364.956
28300	0.007314	0.008883	0.002956	0.000515	430.015340	598.369038	-684356.069
28320	0.007356	0.008377	0.002973	0.000506	430.174709	577.052779	-684231.009
28340	0.007649	0.008684	0.003025	0.000509	446.724225	584.899567	-684308.183
28360	0.007923	0.009109	0.002866	0.000528	421.912917	651.279658	-684361.909
28380	0.007062	0.008993	0.002981	0.000512	417.518561	708.783769	-684135.624
28400	0.006802	0.008689	0.002946	0.000510	446.076240	681.759748	-684212.703
28420	0.007458	0.008691	0.002848	0.000525	441.046271	653.050519	-684378.555
28440	0.007920	0.008821	0.002933	0.000534	443.850854	563.752153	-684284.036
28460	0.007517	0.008222	0.002923	0.000508	464.333292	594.063729	-684421.461
28480	0.008006	0.007954	0.003025	0.000470	488.973785	685.921769	-684219.771
28500	0.008242	0.008589	0.003045	0.000480	490.045539	683.635387	-684333.917
28520	0.007589	0.008164	0.003107	0.000477	468.921376	687.131029	-684261.429
28540	0.007957	0.008386	0.003031	0.000489	414.716014	659.267475	-684378.797
28560	0.007810	0.008460	0.003035	0.000503	403.886879	603.493906	-684411.518
28580	0.007159	0.008731	0.002950	0.000494	419.180305	631.451814	-684230.430
28600	0.007508	0.008350	0.002934	0.000504	445.027695	649.653394	-684287.809
28620	0.008103	0.008062	0.003060	0.000523	422.973860	622.135995	-684238.065
28640	0.007961	0.008579	0.002966	0.000508	465.979974	653.416941	-684388.959
28660	0.007590	0.008541	0.002927	0.000486	508.677031	632.083006	-684256.213
28680	0.008160	0.008276	0.002966	0.000504	486.944874	529.543901	-684380.822
28700	0.008385	0.008563	0.002877	0.000520	468.600227	538.103927	-684333.841
28720	0.007669	0.008282	0.003011	0.000496	428.420283	563.383880	-684370.605
28740	0.007716	0.009019	0.003114	0.000505	381.361472	569.849702	-684312.701
28760	0.007507	0.008451	0.002895	0.000483	428.275211	586.286402	-684317.942
28780	0.007777	0.008969	0.002998	0.000496	402.986706	535.991812	-684325.926
28800	0.007856	0.008597	0.003005	0.000495	445.912880	503.270574	-684199.121
28820	0.008984	0.009304	0.003020	0.000511	416.192294	470.283132	-684460.184
28840	0.008148	0.008557	0.002996	0.000490	492.252084	500.046566	-684309.443
28860	0.007835	0.008233	0.003010	0.000487	492.754013	501.639131	-684357.866
28880	0.008181	0.008414	0.002934	0.000489	512.851824	523.770019	-684407.896
28900	0.008838	0.008800	0.003046	0.000490	482.757978	550.666536	-684301.617
28920	0.008405	0.008602	0.003094	0.000463	531.795166	555.727386	-684434.199
28940	0.008425	0.009043	0.003027	0.000470	490.175336	544.564140	-684355.068
28960	0.008240	0.008783	0.003255	0.000477	501.269966	547.063840	-684254.554
28980	0.008047	0.008872	0.003033	0.000480	484.264237	576.250626	-684288.715
29000	0.007560	0.008948	0.002946	0.000487	463.157685	562.460796	-684298.096
29020	0.008049	0.008931	0.003023	0.000496	474.625830	535.598851	-684501.530
29040	0.007502	0.008596	0.003005	0.000498	482.398187	533.998333	-684293.406
29060	0.006944	0.008413	0.002951	0.000504	454.314809	544.487535	-684289.096
29080	0.007860	0.009070	0.002989	0.000521	459.865077	532.179538	-684446.080
29100	0.007602	0.008189	0.002865	0.000511	458.060740	594.475290	-684354.779
29120	0.007663	0.008255	0.002869	0.000510	489.902869	615.035939	-684366.364
29140	0.007678	0.007993	0.003031	0.000506	478.927931	625.621506	-684285.085
29160	0.008513	0.008214	0.003007	0.000496	472.919999	663.979738	-684397.790
29180	0.008229	0.008067	0.003011	0.000499	453.389484	555.106428	-684210.306
29200	0.007970	0.008284	0.003033	0.000514	442.664878	595.573320	-684166.208
29220	0.007846	0.008463	0.003037	0.000506	444.490314	590.432398	-684424.447
29240	0.007716	0.008596	0.003009	0.000510	411.056987	601.153771	-684282.437
29260	0.007679	0.008245	0.002950	0.000520	404.124951	655.120656	-684321.574
29280	0.007227	0.007933	0.002997	0.000516	367.530134	696.011117	-684223.330
29300	0.007993	0.008387	0.002910	0.000519	375.460403	662.724208	-684355.843
29320	0.007702	0.007997	0.002885	0.000517	350.049948	644.673958	-684340.598
29340	0.007568	0.008133	0.003011	0.000511	403.911893	643.442093	-684385.573
29360	0.008208	0.008020	0.002979	0.000496	410.986348	656.038366	-684213.782
29380	0.008265	0.008761	0.003042	0.000498	409.481570	638.011772	-684189.605
29400	0.007971	0.009178	0.002994	0.000493	448.204016	622.700284	-684373.595
29420	0.008595	0.008847	0.002959	0.000499	419.945959	591.493661	-684451.220
29440	0.007735	0.008284	0.003092	0.000496	422.330996	619.921147	-684268.722
29460	0.007640	0.008577	0.003094	0.000479	491.950575	702.734375	-684168.791
29480	0.007967	0.008732	0.002904	0.000500	475.585186	675.737964	-684274.503
29500	0.008001	0.008979	0.002938	0.000497	490.787939	696.697624	-684275.565
29520	0.007452	0.008655	0.002921	0.000499	425.188890	703.258720	-684283.798
29540	0.007429	0.008910	0.002915	0.000504	395.247640	669.115324	-684303.298
29560	0.007327	0.009299	0.002949	0.000505	413.358623	789.931257	-684348.274
29580	0.007020	0.008235	0.003032	0.000512	421.235256	719.453688	-684228.612
29600	0.007375	0.008644	0.002910	0.000539	383.942211	627.448502	-684437.188
29620	0.007330	0.008630	0.002877	0.000554	450.180903	559.707930	-684532.485
29640	0.006956	0.008692	0.002876	0.000547	425.680060	618.225800	-684277.853
29660	0.007330	0.008508	0.003003	0.000533	404.722098	611.208749	-684490.200
29680	0.006848	0.008338	0.002992	0.000511	425.083088	650.037789	-684283.766
29700	0.007089	0.008326	0.003007	0.000515	399.600145	607.666910	-684322.204
29720	0.007430	0.008100	0.002871	0.000508	391.582700	612.790590	-684407.852
29740	0.008233	0.008043	0.002936	0.000520	348.667596	589.939307	-684283.071
29760	0.007610	0.007786	0.002995	0.000499	414.846081	604.441490	-684442.365
29780	0.007776	0.008145	0.003009	0.000503	429.216556	590.147432	-684310.497
29800	0.008451	0.008422	0.003016	0.000525	432.802515	555.004375	-684288.142
29820	0.008204	0.008342	0.002981	0.000519	463.982360	568.203283	-684322.197
29840	0.007935	0.007937	0.003005	0.000494	520.861357	608.415686	-684399.835
29860	0.007828	0.008015	0.003068	0.000506	468.837348	606.053355	-684233.434
29880	0.007513	0.008410	0.003017	0.000504	435.108516	635.997930	-684335.002
29900	0.007675	0.007976	0.002998	0.000495	457.324063	639.367540	-684353.894
29920	0.007897	0.008122	0.003113	0.000506	490.289810	588.005091	-684211.034
29940	0.007801	0.008422	0.002975	0.000502	483.841775	600.933738	-684347.746
29960	0.007582	0.008821	0.002947	0.000514	466.747492	569.241042	-684380.578
29980	0.007336	0.008619	0.002956	0.000510	415.279747	550.500032	-684373.952
30000	0.007573	0.008615	0.002962	0.000527	410.384571	602.223600	-684460.237
30020	0.007740	0.008370	0.002977	0.000527	435.525194	607.572132	-684262.407
30040	0.008090	0.008141	0.002962	0.000523	460.302349	598.570468	-684294.130
30060	0.007894	0.008177	0.002940	0.000534	505.666705	613.128926	-684309.303
30080	0.007655	0.007891	0.002890	0.000528	483.992204	584.198365	-684362.217
30100	0.007753	0.008685	0.002934	0.000530	473.340377	605.181551	-684305.067
30120	0.007712	0.008546	0.002967	0.000521	441.868514	628.709900	-684302.140
30140	0.007345	0.007962	0.003001	0.000499	481.314358	630.379157	-684339.386
30160	0.007282	0.008411	0.003070	0.000498	431.268429	620.475768	-684302.270
30180	0.007179	0.008132	0.003159	0.000484	423.242939	608.889970	-684240.752
30200	0.007429	0.008206	0.002873	0.000496	469.686241	603.791220	-684269.731
30220	0.007749	0.008598	0.002956	0.000514	448.550408	610.457617	-684361.044
30240	0.006848	0.008606	0.003096	0.000491	479.998456	586.319209	-684296.160
30260	0.007558	0.008949	0.003044	0.000485	468.278644	595.997956	-684356.032
30280	0.007718	0.009177	0.002978	0.000490	440.559633	582.790798	-684341.727
30300	0.008072	0.008791	0.002948	0.000500	464.712932	497.505674	-684340.871
30320	0.008462	0.008563	0.002930	0.000506	491.858911	535.470688	-684341.246
30340	0.008570	0.007989	0.002902	0.000492	458.967217	561.899072	-684347.179
30360	0.008053	0.008343	0.002975	0.000502	451.055087	583.619766	-684399.085
30380	0.007805	0.008346	0.003009	0.000489	455.548824	601.841750	-684400.450
30400	0.007827	0.008075	0.003130	0.000497	425.720870	605.679170	-684331.439
30420	0.007084	0.007926	0.002956	0.000497	430.955627	583.063198	-684173.559
30440	0.007755	0.008113	0.003017	0.000494	498.455984	567.194871	-684246.431
30460	0.007858	0.008184	0.003061	0.000506	528.757862	516.684864	-684267.621
30480	0.008556	0.007990	0.003035	0.000525	530.643873	527.101528	-684395.952
30500	0.007943	0.007977	0.002860	0.000530	481.201012	485.504567	-684274.457
30520	0.007572	0.008086	0.002851	0.000530	501.188162	459.490353	-684283.989
30540	0.007325	0.008593	0.002867	0.000522	468.583574	487.756317	-684240.081
30560	0.007645	0.007563	0.002928	0.000515	471.444705	521.482067	-684314.856
30580	0.007515	0.008099	0.002811	0.000534	438.726253	522.877558	-684373.133
30600	0.007239	0.008013	0.002875	0.000532	444.790400	538.626234	-684310.942
30620	0.007740	0.008079	0.003075	0.000533	451.773812	599.744127	-684289.282
30640	0.007499	0.008507	0.002838	0.000543	437.525660	614.600151	-684494.833
30660	0.008403	0.008566	0.002930	0.000550	449.707430	573.281044	-684378.460
30680	0.007213	0.008046	0.002994	0.000532	473.356534	636.128730	-684376.896
30700	0.007620	0.008165	0.002894	0.000521	474.881933	571.179245	-684449.645
30720	0.007814	0.008453	0.002895	0.000527	501.241767	536.023658	-684308.276
30740	0.007736	0.008329	0.002874	0.000520	504.718315	511.443898	-684339.350
30760	0.007446	0.008236	0.002858	0.000537	517.709953	531.302810	-684430.085
30780	0.007205	0.008659	0.002850	0.000535	490.084343	548.244997	-684397.178
30800	0.007784	0.008782	0.002755	0.000542	526.431821	570.567449	-684463.790
30820	0.007710	0.008255	0.002876	0.000541	513.498457	517.620238	-684411.978
30840	0.007470	0.008117	0.003014	0.000518	558.213818	598.801786	-684411.725
30860	0.007401	0.008328	0.002920	0.000514	565.069694	551.168091	-684430.981
30880	0.007033	0.008385	0.002963	0.000505	531.265970	593.438115	-684411.052
30900	0.007216	0.008079	0.003012	0.000492	558.638239	594.409447	-684336.869
30920	0.007218	0.008268	0.002903	0.000503	456.836237	553.776299	-684424.683
30940	0.008160	0.008787	0.002851	0.000504	413.685521	547.763077	-684437.921
30960	0.008226	0.009076	0.002904	0.000501	410.443793	573.478097	-684258.760
30980	0.007998	0.009041	0.003008	0.000521	427.642580	609.191770	-684349.868
31000	0.007915	0.009009	0.002991	0.000538	406.669620	614.972881	-684324.707
31020	0.007476	0.008491	0.002982	0.000514	451.780182	644.762023	-684295.264
31040	0.007704	0.008860	0.002997	0.000510	452.194423	652.728733	-684359.211
31060	0.007560	0.008197	0.003063	0.000502	465.094288	587.060004	-684281.077
31080	0.008220	0.008895	0.002787	0.000507	488.333437	589.763065	-684456.292
31100	0.008436	0.009078	0.002925	0.000526	425.803491	589.724706	-684418.103
31120	0.007937	0.008518	0.002960	0.000498	501.256979	511.655893	-684410.497
31140	0.008539	0.008244	0.002955	0.000516	456.627721	510.216590	-684480.155
31160	0.008181	0.007449	0.003054	0.000512	521.034271	499.804631	-684245.715
31180	0.008618	0.007736	0.002932	0.000515	470.962634	533.302660	-684393.356
31200	0.008049	0.008092	0.003001	0.000487	498.575111	546.629766	-684306.122
31220	0.007980	0.008286	0.002985	0.000486	507.990382	496.776573	-684276.353
31240	0.008049	0.008142	0.003095	0.000496	465.247420	476.028201	-684328.791
31260	0.008696	0.008180	0.003053	0.000501	417.426219	495.244788	-684297.569
31280	0.008737	0.008345	0.002982	0.000516	402.849372	473.383559	-684313.984
31300	0.007862	0.009032	0.002924	0.000524	434.509175	428.323553	-684531.702
31320	0.007558	0.008365	0.003097	0.000504	425.061453	445.840109	-684294.684
31340	0.007721	0.008873	0.003117	0.000504	389.217209	441.617241	-684262.871
31360	0.008054	0.008000	0.002959	0.000489	435.627579	438.336541	-684316.686
31380	0.007917	0.008007	0.003013	0.000497	389.426188	460.701513	-684402.211
31400	0.007694	0.008881	0.002933	0.000495	429.183284	484.383034	-684307.705
31420	0.007791	0.009116	0.003005	0.000508	412.585399	450.581127	-684342.842
31440	0.007761	0.008640	0.002967	0.000500	390.676711	463.308858	-684305.672
31460	0.008061	0.008333	0.002936	0.000501	393.943922	458.569121	-684445.261
31480	0.008217	0.008816	0.002938	0.000508	431.366308	421.375389	-684416.346
31500	0.008137	0.009173	0.002855	0.000509	403.873642	452.698119	-684418.466
31520	0.008329	0.008801	0.003042	0.000493	432.693787	530.927164	-684267.579
31540	0.007843	0.008452	0.002941	0.000492	397.598383	515.065197	-684387.821
31560	0.007822	0.009407	0.002963	0.000495	360.079969	526.674916	-684370.005
31580	0.008203	0.009070	0.002997	0.000486	371.191051	553.048591	-684368.407
31600	0.007561	0.008949	0.003117	0.000479	409.448720	594.459794	-684410.467
31620	0.006925	0.009024	0.003004	0.000479	385.958431	609.430505	-684357.260
31640	0.007667	0.008595	0.002980	0.000491	396.220013	674.301080	-684251.644
31660	0.007339	0.008955	0.002866	0.000511	384.194133	609.078799	-684295.032
31680	0.007354	0.009015	0.002848	0.000510	380.188009	639.465274	-684265.627
31700	0.007092	0.008471	0.002981	0.000511	381.476143	612.656091	-684336.412
31720	0.007140	0.008685	0.002995	0.000518	341.690795	571.618574	-684407.817
31740	0.007518	0.008459	0.002951	0.000505	368.409903	581.454194	-684234.227
31760	0.007674	0.008499	0.003057	0.000514	386.234954	580.965243	-684334.948
31780	0.007333	0.008965	0.002969	0.000526	392.695868	621.918807	-684358.059
31800	0.008089	0.008343	0.002798	0.000535	391.972367	600.382824	-684378.852
31820	0.007917	0.007981	0.002948	0.000534	381.198550	664.626652	-684259.067
31840	0.007322	0.008249	0.002955	0.000529	442.555273	619.457291	-684367.088
31860	0.007500	0.007878	0.002910	0.000539	446.117478	634.952488	-684342.640
31880	0.007424	0.008299	0.002899	0.000536	424.410916	639.645098	-684281.701
31900	0.007699	0.008741	0.002795	0.000541	435.141900	638.078414	-684535.270
31920	0.007356	0.008744	0.002929	0.000540	440.773082	655.202293	-684399.685
31940	0.007873	0.008528	0.003009	0.000525	485.948579	704.930659	-684342.950
31960	0.007412	0.008977	0.002954	0.000509	431.648522	726.080939	-684262.567
31980	0.007072	0.009046	0.002919	0.000523	423.639217	721.092214	-684373.360
32000	0.007727	0.008561	0.003029	0.000527	374.775839	701.267658	-684326.028
32020	0.007265	0.008684	0.002983	0.000511	388.576112	697.226912	-684293.536
32040	0.007670	0.008587	0.002984	0.000513	375.188749	678.402294	-684364.316
32060	0.007267	0.009061	0.002937	0.000535	340.152656	672.667733	-684342.740
32080	0.007671	0.008537	0.002948	0.000525	361.308219	697.881259	-684423.226
32100	0.007328	0.008450	0.003009	0.000524	345.008564	639.875964	-684351.999
32120	0.007058	0.008266	0.002952	0.000511	351.769000	672.584092	-684261.612
32140	0.007457	0.008222	0.003027	0.000521	371.190221	654.184210	-684225.068
32160	0.007150	0.008933	0.002973	0.000503	382.125382	717.794272	-684241.951
32180	0.007489	0.008696	0.002936	0.000489	398.194439	736.888820	-684319.547
32200	0.007310	0.009135	0.003015	0.000521	415.695823	691.137662	-684252.037
32220	0.007014	0.008787	0.002969	0.000507	396.969945	703.141610	-684340.502
32240	0.007802	0.008863	0.003013	0.000515	377.398275	745.870794	-684195.642
32260	0.007766	0.008793	0.002946	0.000498	411.327581	747.176562	-684136.211
32280	0.008326	0.008088	0.002952	0.000500	395.228711	691.796267	-684253.871
32300	0.008725	0.008318	0.002902	0.000517	409.501186	714.299758	-684334.263
32320	0.008444	0.007659	0.002858	0.000512	454.313994	704.798263	-684344.011
32340	0.007888	0.007905	0.002937	0.000532	453.405013	633.682678	-684346.296
32360	0.008208	0.007882	0.003013	0.000515	438.606065	715.389277	-684320.169
32380	0.008290	0.007510	0.002996	0.000526	406.290186	654.968144	-684481.236
32400	0.007332	0.008311	0.003027	0.000539	379.330800	694.707939	-684259.080
32420	0.006743	0.007936	0.003018	0.000515	399.149508	738.286931	-684252.953
32440	0.006936	0.007912	0.003001	0.000520	436.542722	676.755934	-684213.382
32460	0.006915	0.008368	0.002879	0.000511	393.674356	777.723496	-684313.039
32480	0.007119	0.008242	0.002935	0.000538	372.630092	742.281213	-684289.041
32500	0.006774	0.008639	0.002935	0.000511	377.265408	837.864628	-684339.823
32520	0.006519	0.008908	0.002820	0.000513	365.137236	828.228731	-684317.671
32540	0.007083	0.009267	0.002927	0.000527	411.761801	854.549653	-684331.657
32560	0.007158	0.009612	0.002930	0.000530	394.075538	784.193707	-684322.993
32580	0.007016	0.009380	0.002884	0.000531	364.271060	785.025935	-684400.738
32600	0.007002	0.008642	0.002884	0.000536	331.839023	838.517387	-684330.353
32620	0.006806	0.008016	0.002996	0.000514	346.504389	826.375714	-684259.126
32640	0.006630	0.008881	0.003079	0.000531	349.268323	850.710789	-684267.208
32660	0.007290	0.008601	0.002928	0.000520	346.705566	805.953368	-684099.643
32680	0.007454	0.008664	0.002874	0.000509	296.160619	853.752370	-684481.450
32700	0.007020	0.008504	0.003048	0.000508	293.641605	787.262264	-684374.043
32720	0.007516	0.007996	0.002916	0.000512	277.202290	754.841885	-684262.590
32740	0.007861	0.008674	0.003004	0.000526	337.406834	746.227190	-684402.752
32760	0.007686	0.008545	0.002872	0.000526	359.123930	733.738100	-684334.304
32780	0.007558	0.008517	0.002889	0.000491	429.355033	799.914914	-684213.901
32800	0.007774	0.008457	0.002891	0.000517	370.937943	702.708574	-684365.576
32820	0.007013	0.008291	0.003031	0.000496	361.730500	650.564097	-684342.189
32840	0.006996	0.008795	0.002993	0.000505	342.028678	710.035594	-684275.752
32860	0.007650	0.008347	0.002873	0.000517	266.765012	624.861007	-684390.436
32880	0.007433	0.008063	0.002971	0.000495	266.870536	652.696277	-684305.882
32900	0.007417	0.008695	0.002977	0.000507	243.054125	653.538858	-684352.429
32920	0.006997	0.008843	0.003045	0.000478	279.606255	661.873758	-684320.401
32940	0.007359	0.008841	0.003055	0.000494	262.237369	630.464226	-684308.875
32960	0.007231	0.008699	0.003110	0.000490	279.340805	615.589920	-684249.480
32980	0.007785	0.008812	0.002984	0.000508	301.557315	629.125431	-684434.585
33000	0.008018	0.008199	0.003056	0.000514	264.433390	612.959869	-684325.919
33020	0.008175	0.008022	0.002899	0.000494	306.123010	685.372547	-684286.837
33040	0.007761	0.008655	0.002930	0.000517	315.134565	658.957999	-684389.171
33060	0.007033	0.008391	0.003003	0.000506	306.592136	675.953388	-684263.015
33080	0.007482	0.009084	0.002949	0.000525	321.283370	590.221164	-684311.995
33100	0.007028	0.008726	0.003049	0.000503	320.827706	606.495809	-684320.194
33120	0.007712	0.008779	0.002922	0.000503	360.291062	599.217469	-684430.487
33140	0.007425	0.009176	0.002963	0.000508	362.316914	584.873604	-684376.705
33160	0.007326	0.008706	0.002965	0.000501	408.508585	643.268606	-684281.300
33180	0.007403	0.008648	0.002940	0.000497	366.538340	560.367926	-684208.401
33200	0.007431	0.009197	0.002928	0.000510	395.199367	556.043133	-684475.475
33220	0.007374	0.009197	0.003032	0.000500	404.498267	602.557505	-684281.843
33240	0.007506	0.008712	0.003009	0.000492	385.262491	562.894237	-684281.545
33260	0.007462	0.008569	0.003073	0.000476	361.170306	652.913657	-684298.752
33280	0.007857	0.008487	0.003033	0.000512	339.274271	592.040581	-684388.864
33300	0.007223	0.008874	0.003045	0.000511	363.402837	655.880765	-684329.246
33320	0.007002	0.008768	0.002983	0.000508	365.639895	644.242579	-684350.192
33340	0.007213	0.009030	0.002949	0.000524	321.762180	696.151612	-684380.367
33360	0.007226	0.008684	0.003066	0.000506	340.161867	706.070593	-684242.724
33380	0.006919	0.009027	0.003022	0.000507	363.250755	748.332930	-684168.181
33400	0.007163	0.008578	0.002893	0.000510	379.282782	769.196904	-684279.462
33420	0.006895	0.008388	0.002826	0.000521	387.119526	746.481248	-684250.895
33440	0.007102	0.008469	0.002847	0.000528	370.792574	835.836666	-684364.379
33460	0.006836	0.008486	0.002991	0.000521	345.261480	849.046660	-684327.475
33480	0.007397	0.008707	0.002831	0.000525	371.342142	821.554004	-684345.974
33500	0.007215	0.008639	0.002843	0.000524	416.017442	733.731134	-684163.849
33520	0.007888	0.008346	0.002939	0.000528	360.720618	711.612377	-684208.511
33540	0.007910	0.008212	0.002879	0.000526	379.012938	717.249744	-684240.913
33560	0.007843	0.008255	0.002886	0.000527	400.913517	750.221291	-684285.902
33580	0.007476	0.007570	0.002872	0.000512	395.274261	734.009633	-684370.298
33600	0.007887	0.008237	0.002868	0.000538	365.428454	740.220127	-684302.477
33620	0.007338	0.008045	0.002932	0.000511	358.337963	776.808201	-684336.730
33640	0.007499	0.008681	0.002912	0.000533	338.356239	720.510244	-684274.573
33660	0.007371	0.008322	0.002972	0.000530	330.804738	692.611685	-684358.064
33680	0.007387	0.007819	0.003039	0.000518	331.481221	785.459015	-684317.265
33700	0.007323	0.007987	0.002966	0.000532	327.304475	776.425021	-684337.617
33720	0.007412	0.008100	0.002953	0.000514	357.788475	778.367177	-684261.935
33740	0.008001	0.008763	0.002834	0.000531	359.214203	684.892569	-684397.911
33760	0.007732	0.008526	0.002805	0.000516	363.533583	636.359684	-684355.138
33780	0.007502	0.008987	0.002848	0.000513	337.873972	666.844345	-684469.703
33800	0.007432	0.009003	0.003055	0.000507	379.211169	743.796997	-684341.211
33820	0.007247	0.009041	0.003020	0.000502	404.848618	763.841177	-684237.125
33840	0.007384	0.008762	0.002935	0.000506	368.478857	742.498694	-684244.910
33860	0.007255	0.009236	0.002973	0.000518	332.385368	791.034718	-684344.363
33880	0.007096	0.008914	0.002943	0.000520	375.087547	781.462940	-684335.863
33900	0.006657	0.008796	0.003071	0.000497	323.102092	830.476139	-684157.318
33920	0.007017	0.008403	0.002961	0.000488	323.400941	804.603438	-684274.468
33940	0.007904	0.008758	0.003070	0.000500	332.146106	750.962182	-684356.210
33960	0.007468	0.009205	0.002991	0.000512	310.460893	723.661245	-684299.482
33980	0.007418	0.008686	0.002916	0.000499	335.567324	798.754272	-684339.765
34000	0.007792	0.008929	0.002979	0.000524	360.446525	749.722331	-684418.110
34020	0.007354	0.008640	0.002944	0.000502	364.194648	756.999728	-684384.265
34040	0.007380	0.008881	0.002942	0.000527	345.095462	672.073941	-684345.039
34060	0.007592	0.008481	0.003011	0.000518	360.552432	667.060594	-684192.041
34080	0.007859	0.008142	0.002894	0.000534	333.861573	686.694813	-684287.572
34100	0.007526	0.008438	0.002838	0.000549	321.835767	660.022178	-684440.755
34120	0.007539	0.008753	0.002803	0.000554	311.345639	696.294762	-684254.220
34140	0.006961	0.008254	0.002958	0.000517	333.686902	739.766653	-684320.085
34160	0.007555	0.008522	0.002836	0.000532	332.649002	796.489476	-684359.720
34180	0.007308	0.008535	0.002981	0.000529	355.007741	792.277141	-684351.786
34200	0.007278	0.008853	0.002856	0.000543	353.079048	782.400759	-684332.346
34220	0.006754	0.008610	0.002896	0.000512	317.540077	855.477415	-684381.189
34240	0.007058	0.009212	0.002935	0.000513	345.747405	769.396299	-684275.615
34260	0.007216	0.009341	0.003085	0.000518	338.003299	708.708519	-684402.825
34280	0.006705	0.009765	0.002913	0.000527	347.870335	749.509196	-684319.896
34300	0.007170	0.009705	0.003042	0.000513	364.182512	817.062942	-684262.973
34320	0.007356	0.008236	0.003023	0.000504	378.734380	838.689682	-684215.132
34340	0.007595	0.008572	0.003007	0.000515	380.118354	733.063339	-684175.331
34360	0.007691	0.008608	0.002826	0.000508	340.939985	726.706274	-684248.116
34380	0.007404	0.009187	0.002953	0.000519	349.814265	764.793375	-684174.034
34400	0.007958	0.009196	0.002864	0.000511	391.364276	719.021098	-684314.030
34420	0.007585	0.008929	0.002866	0.000515	415.021751	726.539019	-684206.557
34440	0.008325	0.009419	0.002860	0.000523	386.223529	701.744368	-684325.753
34460	0.007479	0.009158	0.003038	0.000501	370.251609	642.295697	-684308.092
34480	0.007774	0.008834	0.002952	0.000505	374.282854	634.523555	-684388.410
34500	0.007737	0.008675	0.002948	0.000511	407.540358	667.667257	-684375.579
34520	0.007208	0.008958	0.002974	0.000496	380.994985	654.151113	-684289.305
34540	0.007233	0.008902	0.002953	0.000510	373.542347	669.163825	-684364.498
34560	0.007377	0.008544	0.002928	0.000516	386.879712	661.970450	-684236.447
34580	0.007065	0.008144	0.002953	0.000494	422.276470	728.468870	-684241.353
34600	0.007373	0.008241	0.003002	0.000518	392.712951	666.772763	-684343.678
34620	0.007269	0.008341	0.002957	0.000509	387.980044	714.295211	-684282.496
34640	0.006879	0.008343	0.003027	0.000512	425.991215	684.848016	-684218.653
34660	0.007677	0.008762	0.002865	0.000522	379.250590	725.192527	-684320.780
34680	0.007721	0.009139	0.002865	0.000540	358.119646	675.475999	-684476.439
34700	0.007420	0.008899	0.003009	0.000533	368.405752	750.853504	-684386.443
34720	0.007483	0.007908	0.003006	0.000527	369.491293	719.871870	-684293.723
34740	0.007382	0.008134	0.003054	0.000522	403.035606	714.974366	-684298.717
34760	0.007478	0.008210	0.002874	0.000532	403.141105	733.509951	-684275.413
34780	0.007701	0.008418	0.002898	0.000531	366.177268	709.160130	-684370.871
34800	0.007964	0.008662	0.002849	0.000535	332.725396	649.419825	-684527.156
34820	0.007718	0.008163	0.003036	0.000532	341.208288	695.084843	-684288.851
34840	0.007157	0.008191	0.002996	0.000523	358.205602	719.089046	-684217.516
34860	0.007528	0.008666	0.003019	0.000544	299.404064	663.170122	-684357.253
34880	0.007559	0.009591	0.002839	0.000546	275.802466	622.115502	-684368.521
34900	0.007373	0.009530	0.002844	0.000525	312.901485	630.136534	-684494.565
34920	0.007463	0.009448	0.002875	0.000521	306.458823	635.269542	-684375.915
34940	0.007765	0.009011	0.002861	0.000506	320.477518	654.947069	-684394.529
34960	0.007720	0.008901	0.003053	0.000507	343.706777	644.521735	-684315.605
34980	0.007802	0.008608	0.002869	0.000489	348.877998	601.629753	-684244.226
35000	0.008022	0.008622	0.002943	0.000476	355.406472	663.893210	-684324.922
35020	0.008346	0.008467	0.002906	0.000480	362.593609	705.506864	-684284.952
35040	0.008376	0.008643	0.002968	0.000514	359.300099	646.529415	-684392.794
35060	0.007747	0.008612	0.002968	0.000525	332.432829	611.386648	-684323.844
35080	0.007662	0.008208	0.002967	0.000499	330.516200	636.256429	-684220.100
35100	0.007691	0.008656	0.002995	0.000498	369.429331	598.759149	-684372.237
35120	0.007960	0.009106	0.002891	0.000506	377.440706	581.027984	-684437.277
35140	0.007289	0.008682	0.003056	0.000483	372.658176	609.360660	-684345.193
35160	0.008440	0.008911	0.003110	0.000490	361.486615	613.386281	-684308.050
35180	0.008320	0.009680	0.002910	0.000489	338.915446	567.248661	-684454.343
35200	0.007996	0.009133	0.002924	0.000499	344.380678	649.007257	-684530.839
35220	0.007696	0.008991	0.003118	0.000492	387.121707	686.108620	-684337.164
35240	0.007803	0.009240	0.003011	0.000511	409.317894	670.302688	-684321.600
35260	0.006785	0.008504	0.003050	0.000471	434.092161	790.660047	-684147.351
35280	0.007481	0.009076	0.002892	0.000520	404.857154	700.400499	-684319.141
35300	0.007363	0.008821	0.002798	0.000521	408.555723	761.564357	-684418.843
35320	0.007884	0.008776	0.002806	0.000523	350.719543	734.224143	-684277.756
35340	0.007572	0.009153	0.002928	0.000517	357.890286	729.992659	-684336.609
35360	0.007635	0.008568	0.002881	0.000492	437.494496	740.249559	-684508.652
35380	0.008290	0.008700	0.003112	0.000506	423.934560	732.453441	-684460.748
35400	0.007916	0.007997	0.003073	0.000485	424.832803	751.951449	-684480.161
35420	0.007795	0.007947	0.003035	0.000505	415.846743	680.187709	-684426.405
35440	0.008198	0.008092	0.003045	0.000516	415.921745	649.438624	-684345.286
35460	0.007771	0.007804	0.003045	0.000505	417.346334	653.555166	-684317.148
35480	0.008074	0.008784	0.002967	0.000523	361.379153	567.884435	-684433.741
35500	0.007883	0.008889	0.002972	0.000534	356.985986	547.480641	-684352.193
35520	0.007648	0.008028	0.002931	0.000505	378.832583	548.017464	-684507.506
35540	0.007851	0.008749	0.002930	0.000532	386.672583	497.807503	-684441.996
35560	0.007380	0.009045	0.002918	0.000527	389.912058	576.268457	-684432.193
35580	0.007359	0.008410	0.002998	0.000515	397.120207	600.458840	-684284.390
35600	0.008018	0.008687	0.003008	0.000504	409.437160	578.902991	-684288.882
35620	0.008053	0.008646	0.002897	0.000501	408.431258	579.849463	-684357.024
35640	0.007617	0.008335	0.002990	0.000507	415.943568	586.272425	-684215.718
35660	0.008068	0.008449	0.002968	0.000516	386.366652	603.762935	-684476.960
35680	0.007977	0.008777	0.002978	0.000519	384.091394	662.029126	-684317.463
35700	0.007989	0.008378	0.003007	0.000509	420.689815	625.258098	-684512.451
35720	0.008606	0.008536	0.002982	0.000534	393.362802	593.648949	-684402.020
35740	0.007751	0.007954	0.002923	0.000500	420.047535	625.898176	-684241.782
35760	0.007691	0.008140	0.002952	0.000491	469.338304	673.799504	-684290.285
35780	0.007687	0.008089	0.003064	0.000478	488.093318	597.464771	-684278.112
35800	0.007684	0.008295	0.003133	0.000483	464.051756	604.866146	-684326.920
35820	0.007933	0.008917	0.002999	0.000524	415.287411	552.056160	-684327.020
35840	0.007584	0.008346	0.003042	0.000503	424.811255	567.189593	-684308.618
35860	0.007465	0.008691	0.002985	0.000505	426.092597	634.531775	-684293.792
35880	0.007260	0.008446	0.003121	0.000483	483.379383	701.061839	-684384.554
35900	0.008071	0.008434	0.003021	0.000512	426.434386	668.723074	-684348.918
35920	0.007677	0.007986	0.002990	0.000486	429.071176	676.723730	-684224.822
35940	0.007335	0.008529	0.003143	0.000500	379.599441	699.075852	-684337.656
35960	0.007900	0.008366	0.003035	0.000495	396.464863	667.096004	-684264.363
35980	0.008025	0.008288	0.003039	0.000483	357.652247	695.570231	-684293.079
36000	0.008221	0.008367	0.003003	0.000491	380.733180	655.102563	-684416.770
36020	0.007517	0.009170	0.002955	0.000502	360.354968	617.078117	-684304.227
36040	0.007904	0.008310	0.003053	0.000500	368.562667	615.989406	-684375.467
36060	0.007486	0.008677	0.002963	0.000481	365.916668	698.831060	-684361.612
36080	0.007612	0.008848	0.002947	0.000508	337.680413	690.969084	-684296.975
36100	0.007522	0.008598	0.003043	0.000538	342.929644	700.423144	-684203.857
36120	0.007154	0.008909	0.002908	0.000522	365.390591	734.220154	-684342.230
36140	0.007391	0.009730	0.002941	0.000534	375.285269	773.903623	-684454.632
36160	0.007039	0.008948	0.002947	0.000505	347.271721	690.634482	-684366.093
36180	0.007840	0.009247	0.002919	0.000507	382.037928	647.412044	-684402.087
36200	0.007300	0.008834	0.003087	0.000503	327.410437	745.067564	-684397.680
36220	0.007234	0.008934	0.002943	0.000536	319.675618	736.559353	-684287.257
36240	0.007535	0.008270	0.002987	0.000526	347.799507	703.023428	-684437.524
36260	0.007460	0.008304	0.002995	0.000541	322.351522	730.889292	-684319.440
36280	0.007393	0.007916	0.002894	0.000531	337.645891	731.817549	-684359.003
36300	0.007899	0.008199	0.002963	0.000544	314.599066	680.472064	-684375.358
36320	0.007366	0.008167	0.002946	0.000519	330.506432	663.522252	-684311.869
36340	0.007204	0.008743	0.002874	0.000522	326.331891	701.396911	-684345.290
36360	0.007578	0.008994	0.002920	0.000524	334.371777	697.831520	-684352.695
36380	0.007530	0.008483	0.002943	0.000519	351.353934	685.809429	-684341.152
36400	0.007580	0.009046	0.002959	0.000510	351.385670	720.064457	-684345.216
36420	0.007202	0.009440	0.002824	0.000517	304.647089	739.449278	-684523.347
36440	0.007003	0.009082	0.002895	0.000523	286.377589	742.069525	-684463.480
36460	0.006906	0.008770	0.003061	0.000527	329.677222	882.618775	-684358.543
36480	0.007403	0.008506	0.002926	0.000520	331.635352	774.826827	-684285.507
36500	0.007483	0.008490	0.002868	0.000538	343.094543	765.252874	-684459.114
36520	0.007290	0.008879	0.002877	0.000537	368.771099	743.406723	-684414.499
36540	0.007651	0.007935	0.002829	0.000529	380.078707	767.675824	-684277.789
36560	0.007801	0.008418	0.002980	0.000534	411.469154	735.688972	-684314.389
36580	0.007560	0.008267	0.002799	0.000557	348.935170	686.068171	-684428.211
36600	0.007806	0.008083	0.002829	0.000540	339.056121	681.725533	-684498.611
36620	0.007466	0.008489	0.002919	0.000532	357.240563	721.211859	-684385.865
36640	0.007225	0.008638	0.002915	0.000536	339.767732	701.688087	-684420.688
36660	0.007039	0.008096	0.002977	0.000507	365.791275	751.654267	-684376.999
36680	0.007442	0.008568	0.002955	0.000528	354.847701	737.232292	-684342.846
36700	0.007214	0.008819	0.002795	0.000523	325.287276	762.955426	-684252.402
36720	0.007451	0.008816	0.003010	0.000508	332.466518	756.112832	-684296.411
36740	0.006975	0.008693	0.003009	0.000503	328.785206	796.767688	-684321.684
36760	0.007498	0.008542	0.002951	0.000522	305.574960	743.985951	-684327.709
36780	0.008011	0.008150	0.003004	0.000537	289.001372	721.532701	-684278.403
36800	0.007310	0.008271	0.003058	0.000528	340.949396	710.553055	-684399.909
36820	0.007535	0.008408	0.002992	0.000519	336.972153	790.438123	-684273.495
36840	0.007622	0.008740	0.002882	0.000522	285.877101	864.344612	-684411.683
36860	0.006858	0.008855	0.002980	0.000509	322.904988	812.954479	-684289.826
36880	0.006894	0.009111	0.002863	0.000523	306.174801	795.150739	-684457.541
36900	0.007089	0.009364	0.002809	0.000518	323.300934	777.874628	-684393.485
36920	0.007362	0.009069	0.002980	0.000521	330.166792	863.392326	-684309.622
36940	0.006695	0.008937	0.002865	0.000523	306.114121	894.990763	-684333.970
36960	0.006595	0.008996	0.003029	0.000519	319.482477	986.786204	-684277.039
36980	0.006615	0.009542	0.002976	0.000530	291.983671	913.054100	-684318.716
37000	0.006527	0.009162	0.002925	0.000516	258.657600	942.473379	-684319.722
37020	0.007117	0.008723	0.002980	0.000535	275.964489	875.143126	-684260.788
37040	0.006681	0.008978	0.002954	0.000526	285.376607	853.268809	-684268.520
37060	0.007024	0.008465	0.003004	0.000521	256.842826	862.564388	-684293.467
37080	0.006603	0.009208	0.002986	0.000532	293.919450	866.238506	-684320.757
37100	0.006746	0.008342	0.002987	0.000508	300.874437	858.203229	-684378.772
37120	0.007440	0.009625	0.002826	0.000526	298.131542	790.915672	-684425.840
37140	0.007036	0.009745	0.002830	0.000527	297.443010	842.485591	-684385.369
37160	0.006577	0.009400	0.002919	0.000500	324.936395	824.549290	-684318.611
37180	0.006544	0.009225	0.003022	0.000490	283.693564	858.870178	-684305.485
37200	0.006931	0.009722	0.003077	0.000503	253.410614	880.715663	-684298.007
37220	0.007193	0.009288	0.002974	0.000510	292.730665	878.923035	-684296.908
37240	0.006983	0.008733	0.002947	0.000496	284.995270	904.722810	-684232.816
37260	0.006995	0.009099	0.002974	0.000511	302.924183	883.299499	-684342.810
37280	0.007116	0.009833	0.002960	0.000516	346.544629	894.901786	-684343.650
37300	0.006940	0.009333	0.002949	0.000502	316.540698	940.998551	-684332.056
37320	0.006921	0.008835	0.002999	0.000497	302.230156	875.200627	-684214.147
37340	0.007338	0.009064	0.003005	0.000504	294.493088	903.225081	-684397.681
37360	0.007328	0.009395	0.002898	0.000496	289.200308	918.831051	-684373.008
37380	0.007202	0.008851	0.002993	0.000510	286.954149	860.199655	-684412.755
37400	0.007104	0.009076	0.003081	0.000525	233.949417	781.594097	-684381.868
37420	0.007246	0.008897	0.003050	0.000524	232.071945	746.163347	-684187.154
37440	0.007882	0.008568	0.002967	0.000514	225.870841	680.281650	-684280.849
37460	0.007350	0.008910	0.002925	0.000506	245.845123	669.279503	-684436.283
37480	0.007214	0.008961	0.002899	0.000507	267.452123	671.400820	-684383.615
37500	0.006636	0.008950	0.002978	0.000504	239.393157	743.021072	-684289.219
37520	0.006910	0.009127	0.003038	0.000495	241.257219	706.148215	-684275.670
37540	0.007244	0.009281	0.002963	0.000500	263.396162	729.151999	-684415.299
37560	0.007172	0.009630	0.002860	0.000496	259.175386	753.330636	-684437.755
37580	0.007588	0.009409	0.002982	0.000492	267.162764	773.925758	-684437.022
37600	0.007456	0.009072	0.002974	0.000486	280.698838	721.033787	-684323.574
37620	0.007929	0.009728	0.003112	0.000490	294.196445	647.273779	-684359.185
37640	0.007258	0.008855	0.003116	0.000484	289.733751	601.042775	-684282.968
37660	0.007437	0.008843	0.003099	0.000482	348.609235	563.967365	-684406.613
37680	0.007637	0.009292	0.002947	0.000518	334.096996	539.281590	-684382.873
37700	0.007728	0.008874	0.002973	0.000518	362.366457	541.857128	-684348.398
37720	0.007422	0.008618	0.002927	0.000504	393.522740	620.855349	-684312.445
37740	0.007646	0.008024	0.002995	0.000499	385.746014	605.740812	-684364.229
37760	0.007747	0.007710	0.003009	0.000491	370.126046	577.929180	-684319.300
37780	0.007893	0.008248	0.003048	0.000515	358.908911	563.195087	-684372.810
37800	0.007573	0.008279	0.003066	0.000495	381.787520	512.661600	-684297.283
37820	0.007884	0.008642	0.003065	0.000492	356.440829	537.535989	-684346.538
37840	0.008231	0.008523	0.002967	0.000502	373.683982	566.916859	-684431.471
37860	0.008181	0.008589	0.002977	0.000490	388.554645	563.693110	-684198.414
37880	0.008413	0.008719	0.003053	0.000491	389.351375	615.012698	-684428.467
37900	0.007659	0.009405	0.002989	0.000482	415.736077	633.220001	-684345.997
37920	0.007837	0.009542	0.002983	0.000496	374.999815	598.988550	-684328.730
37940	0.007525	0.009250	0.003142	0.000489	385.514243	581.191183	-684376.309
37960	0.007638	0.009199	0.002947	0.000506	384.604241	589.709429	-684199.737
37980	0.008106	0.008607	0.002879	0.000504	410.160535	567.309923	-684450.116
38000	0.008238	0.008502	0.002938	0.000508	414.073921	581.518011	-684430.847
38020	0.008225	0.008460	0.002864	0.000507	398.065529	536.538940	-684509.245
38040	0.007946	0.008673	0.003011	0.000520	390.016056	556.703523	-684417.542
38060	0.007821	0.008792	0.002994	0.000497	427.274306	587.581717	-684440.914
38080	0.007947	0.008443	0.002933	0.000497	375.931167	592.470675	-684257.441
38100	0.008164	0.008886	0.002815	0.000517	363.211855	618.870743	-684384.317
38120	0.008279	0.008434	0.002892	0.000497	356.222134	660.840655	-684415.819
38140	0.007915	0.009149	0.003005	0.000496	396.474584	664.727330	-684301.181
38160	0.007198	0.009454	0.003086	0.000487	376.436570	700.220371	-684360.683
38180	0.006919	0.008809	0.003166	0.000473	387.567693	666.484266	-684289.334
38200	0.007248	0.008560	0.003072	0.000492	326.570846	625.379062	-684225.080
38220	0.007944	0.009019	0.003018	0.000504	339.747231	608.803459	-684319.259
38240	0.007553	0.009186	0.002813	0.000498	358.793972	656.229978	-684499.287
38260	0.007446	0.008945	0.002794	0.000527	360.152505	697.042132	-684348.557
38280	0.007825	0.008767	0.002858	0.000539	316.227002	654.492999	-684306.053
38300	0.008233	0.008324	0.002930	0.000547	331.112664	643.598089	-684333.268
38320	0.007212	0.008627	0.002798	0.000515	304.506244	644.868115	-684384.150
38340	0.007161	0.008785	0.002943	0.000516	323.588594	686.235718	-684244.751
38360	0.007459	0.008849	0.002925	0.000538	295.543689	637.140824	-684372.317
38380	0.007870	0.008097	0.002863	0.000516	323.435032	691.755785	-684325.568
38400	0.008150	0.007902	0.003061	0.000499	298.521587	671.498011	-684120.170
38420	0.007749	0.008471	0.003109	0.000498	299.486337	668.883449	-684196.948
38440	0.008310	0.008974	0.002971	0.000496	311.521303	678.290070	-684280.042
38460	0.007631	0.008699	0.003055	0.000493	276.415889	641.157405	-684102.030
38480	0.007626	0.009345	0.002915	0.000496	297.213041	621.216441	-684262.913
38500	0.007446	0.009002	0.003019	0.000492	321.613927	623.973638	-684327.553
38520	0.008030	0.009291	0.003184	0.000477	346.582254	614.864913	-684420.754
38540	0.007415	0.009069	0.003136	0.000488	337.749993	637.953407	-684233.794
38560	0.007650	0.008751	0.003045	0.000479	293.835631	651.809918	-684323.337
38580	0.007041	0.008664	0.003063	0.000479	316.136437	621.085162	-684223.576
38600	0.007748	0.009139	0.003005	0.000490	301.502865	642.796523	-684354.223
38620	0.007285	0.009046	0.002993	0.000480	326.264950	625.765958	-684222.704
38640	0.007835	0.009260	0.002909	0.000498	342.734547	591.099222	-684225.741
38660	0.007483	0.008832	0.003061	0.000499	343.077481	601.328507	-684282.735
38680	0.007378	0.008839	0.003000	0.000498	327.760379	622.470704	-684461.813
38700	0.007846	0.009179	0.003107	0.000478	345.273936	612.860320	-684407.117
38720	0.007882	0.008862	0.003021	0.000474	305.995823	629.620937	-684386.708
38740	0.007830	0.009662	0.003117	0.000487	303.633756	582.011278	-684398.891
38760	0.008924	0.009267	0.002938	0.000491	266.533137	512.425188	-684428.201
38780	0.008487	0.008711	0.002974	0.000483	297.394037	546.967685	-684321.409
38800	0.008225	0.008824	0.003192	0.000481	314.109640	477.598758	-684238.759
38820	0.008380	0.008367	0.002934	0.000473	378.049350	506.747754	-684346.308
38840	0.008076	0.008344	0.003019	0.000483	392.083157	518.362922	-684287.740
38860	0.007875	0.009064	0.002985	0.000493	382.729938	496.786956	-684164.587
38880	0.008238	0.008973	0.003032	0.000492	405.357090	533.771169	-684359.211
38900	0.007918	0.008786	0.002944	0.000501	370.294594	562.549693	-684350.843
38920	0.007281	0.009601	0.002955	0.000484	378.450521	609.242686	-684391.419
38940	0.007360	0.009586	0.003035	0.000486	374.545544	563.061332	-684420.640
38960	0.007131	0.009346	0.002923	0.000492	399.907994	565.476226	-684456.439
38980	0.007346	0.009671	0.002946	0.000497	358.842828	525.300297	-684303.775
39000	0.007856	0.009343	0.003023	0.000510	353.911577	494.121461	-684356.213
39020	0.007465	0.008966	0.002980	0.000506	356.466608	553.857246	-684323.811
39040	0.007134	0.008966	0.003100	0.000490	346.179249	571.521063	-684438.356
39060	0.007505	0.008751	0.003003	0.000488	338.089264	556.078930	-684336.387
39080	0.007655	0.008732	0.002998	0.000493	338.959649	537.595244	-684552.423
39100	0.008073	0.008319	0.002964	0.000492	384.304783	541.037627	-684341.289
39120	0.008098	0.008234	0.003041	0.000508	347.636147	555.099525	-684421.332
39140	0.007732	0.008385	0.002909	0.000501	343.828139	548.973415	-684335.125
39160	0.008558	0.008316	0.002945	0.000508	360.371998	527.817242	-684294.820
39180	0.008602	0.008142	0.003115	0.000494	358.489744	554.166870	-684265.121
39200	0.008051	0.008397	0.003146	0.000495	372.805025	563.994696	-684374.707
39220	0.008106	0.008865	0.002990	0.000478	402.499875	515.649728	-684446.590
39240	0.007860	0.008954	0.002975	0.000489	367.802256	471.801728	-684397.026
39260	0.008004	0.008906	0.003078	0.000490	322.881985	489.712043	-684311.151
39280	0.008185	0.008960	0.003086	0.000498	356.562497	477.114054	-684304.255
39300	0.007748	0.008880	0.002917	0.000482	366.141266	499.871682	-684231.179
39320	0.007861	0.008694	0.002897	0.000480	342.607787	568.557826	-684342.343
39340	0.007991	0.009260	0.002959	0.000493	317.229994	555.805937	-684308.632
39360	0.008114	0.008994	0.002963	0.000483	309.831490	530.625886	-684209.031
39380	0.008234	0.008425	0.003005	0.000485	314.299700	488.589292	-684197.297
39400	0.008397	0.008571	0.003013	0.000478	307.831471	517.396326	-684263.215
39420	0.007695	0.008704	0.003123	0.000478	297.977230	453.604505	-684234.055
39440	0.008491	0.009263	0.003045	0.000494	304.275695	443.566080	-684196.980
39460	0.007918	0.008972	0.002994	0.000472	330.844322	469.598904	-684376.505
39480	0.008139	0.009451	0.002911	0.000468	326.163429	462.697145	-684358.397
39500	0.007536	0.010003	0.002873	0.000499	315.236814	471.862422	-684325.718
39520	0.007317	0.009753	0.002996	0.000482	323.712339	533.325640	-684439.744
39540	0.007736	0.010131	0.002964	0.000484	284.107132	531.189915	-684373.263
39560	0.007826	0.009631	0.003027	0.000480	302.100966	564.360257	-684251.267
39580	0.007866	0.009027	0.003000	0.000482	294.370187	521.286313	-684298.525
39600	0.007749	0.008828	0.003059	0.000481	342.149976	545.718902	-684225.398
39620	0.007832	0.008335	0.002949	0.000488	330.020154	557.757189	-684328.651
39640	0.008224	0.009215	0.002843	0.000514	319.659354	477.153395	-684511.404
39660	0.007371	0.009193	0.002996	0.000500	349.264785	551.278086	-684423.445
39680	0.007498	0.008732	0.003003	0.000510	324.279531	529.210350	-684376.380
39700	0.007733	0.008264	0.002891	0.000502	342.659211	519.057808	-684259.555
39720	0.008017	0.008882	0.003019	0.000507	329.659242	479.339327	-684351.741
39740	0.007312	0.008186	0.002955	0.000487	368.144911	551.182611	-684308.091
39760	0.007397	0.008796	0.003110	0.000502	342.815155	517.849810	-684229.466
39780	0.007934	0.008459	0.003040	0.000491	356.746987	548.008787	-684383.191
39800	0.008319	0.008460	0.003018	0.000491	365.050205	473.139462	-684314.716
39820	0.009154	0.008588	0.002969	0.000476	346.198163	509.053813	-684495.461
39840	0.009067	0.009262	0.003051	0.000492	353.184177	456.556461	-684481.948
39860	0.008339	0.008325	0.002960	0.000470	355.854437	487.145553	-684355.360
39880	0.009096	0.008376	0.002957	0.000493	348.504504	474.586246	-684489.879
39900	0.008510	0.008788	0.002969	0.000486	342.248476	462.923917	-684367.158
39920	0.007947	0.008652	0.002974	0.000471	360.927743	457.990722	-684421.615
39940	0.008120	0.008781	0.003037	0.000502	327.284030	461.733777	-684403.256
39960	0.008088	0.008478	0.002991	0.000486	322.807001	480.251999	-684279.318
39980	0.008259	0.009308	0.003029	0.000487	386.033507	483.410897	-684407.804
40000	0.009049	0.008788	0.003005	0.000475	341.572750	448.848838	-684464.376
40020	0.008470	0.009344	0.002927	0.000481	347.636116	410.617287	-684423.703
40040	0.007887	0.009475	0.003150	0.000470	353.152459	452.955798	-684337.041
40060	0.008584	0.008720	0.003104	0.000485	420.871391	442.306972	-684286.595
40080	0.008912	0.008482	0.003076	0.000484	403.681966	508.621300	-684370.872
40100	0.008621	0.008253	0.003007	0.000484	421.858955	517.700712	-684375.640
40120	0.008956	0.008337	0.002918	0.000488	396.092847	487.891707	-684368.342
40140	0.008399	0.008206	0.002957	0.000489	354.571480	502.368260	-684370.225
40160	0.008833	0.008881	0.002899	0.000503	316.741392	498.490826	-684407.345
40180	0.008514	0.008513	0.002843	0.000503	334.116155	493.185706	-684223.900
40200	0.007673	0.007938	0.002975	0.000491	338.157718	536.798298	-684343.720
40220	0.007419	0.008296	0.003012	0.000504	300.093988	621.734914	-684324.238
40240	0.008325	0.008095	0.002906	0.000517	321.741477	612.974590	-684415.611
40260	0.007666	0.008072	0.002994	0.000491	313.078001	595.844275	-684326.832
40280	0.008391	0.007984	0.002995	0.000503	275.981897	619.877415	-684275.079
40300	0.007892	0.008447	0.003026	0.000492	310.020020	616.640943	-684391.914
40320	0.007856	0.008287	0.003004	0.000491	277.845277	617.847608	-684235.821
40340	0.007994	0.008906	0.003048	0.000501	292.624037	595.412927	-684373.542
40360	0.008158	0.009141	0.002906	0.000503	294.111655	607.486442	-684279.223
40380	0.007810	0.008615	0.002937	0.000470	350.730092	608.881692	-684239.768
40400	0.008197	0.009186	0.003098	0.000491	350.265160	583.154626	-684337.491
40420	0.007554	0.009085	0.002932	0.000494	309.680456	568.608927	-684317.969
40440	0.007216	0.009829	0.002998	0.000493	299.197601	570.972864	-684308.150
40460	0.007816	0.009283	0.002975	0.000505	284.079561	562.413222	-684305.166
40480	0.008438	0.009547	0.002854	0.000504	293.697710	539.355572	-684466.401
40500	0.007863	0.009169	0.002969	0.000493	284.017771	553.479372	-684334.393
40520	0.008680	0.008973	0.002888	0.000493	247.320936	529.285861	-684313.959
40540	0.007892	0.009003	0.003018	0.000503	318.407036	535.815173	-684368.138
40560	0.007642	0.008623	0.002975	0.000482	355.709825	548.904658	-684286.931
40580	0.007778	0.008449	0.003036	0.000500	343.753538	545.419696	-684362.683
40600	0.008239	0.008480	0.003069	0.000494	323.574702	579.894274	-684332.115
40620	0.008364	0.008608	0.002910	0.000482	375.986541	540.462567	-684409.708
40640	0.008296	0.008792	0.002992	0.000476	368.182586	563.736946	-684329.352
40660	0.008250	0.009427	0.002889	0.000495	358.782387	570.553601	-684395.299
40680	0.008452	0.009385	0.002938	0.000499	337.655625	570.783403	-684414.638
40700	0.007781	0.008321	0.002978	0.000460	346.859561	657.913125	-684369.861
40720	0.008336	0.008534	0.003024	0.000474	322.183840	637.584111	-684350.133
40740	0.008422	0.008588	0.002953	0.000462	324.509250	644.914306	-684266.246
40760	0.008349	0.009571	0.002890	0.000497	292.384521	584.475894	-684318.954
40780	0.008040	0.008975	0.002960	0.000494	293.231434	545.948924	-684359.906
40800	0.007402	0.009184	0.003012	0.000480	315.142666	504.738285	-684232.578
40820	0.007968	0.008811	0.003047	0.000480	285.016807	554.218669	-684306.593
40840	0.007646	0.009060	0.003127	0.000470	293.360982	517.398843	-684250.740
40860	0.008163	0.008923	0.003091	0.000495	284.197058	493.253056	-684331.322
40880	0.008410	0.008995	0.002921	0.000485	272.585152	487.994533	-684300.330
40900	0.008620	0.009145	0.003028	0.000490	236.800782	524.939273	-684333.539
40920	0.008635	0.008949	0.003140	0.000484	252.970268	522.611666	-684288.005
40940	0.008337	0.009115	0.003022	0.000489	284.149699	555.626433	-684347.612
40960	0.008108	0.009270	0.003047	0.000470	250.962287	587.959271	-684283.007
40980	0.007917	0.009294	0.002988	0.000461	263.387459	585.739380	-684274.832
41000	0.008412	0.009490	0.003032	0.000477	215.123409	570.188235	-684391.888
41020	0.007886	0.009133	0.003140	0.000479	227.157895	575.355620	-684438.178
41040	0.007479	0.009159	0.003079	0.000462	194.862324	574.106995	-684400.086
41060	0.008075	0.009623	0.003054	0.000476	189.361712	559.472352	-684354.898
41080	0.008314	0.009804	0.003032	0.000478	218.514338	549.372894	-684484.282
41100	0.008466	0.009120	0.002971	0.000482	208.185229	560.603622	-684236.145
41120	0.008145	0.009326	0.003050	0.000474	238.135980	567.492078	-684442.818
41140	0.008115	0.009114	0.002994	0.000466	232.595932	537.724445	-684359.699
41160	0.008371	0.009081	0.002968	0.000469	278.023677	525.013019	-684288.950
41180	0.008609	0.008906	0.002990	0.000458	294.298357	514.993144	-684321.680
41200	0.008385	0.009815	0.003024	0.000464	289.585551	498.240765	-684435.165
41220	0.008182	0.009779	0.003168	0.000458	262.175118	473.781028	-684235.757
41240	0.009006	0.009238	0.002999	0.000465	337.195404	423.936816	-684364.783
41260	0.009179	0.009043	0.003050	0.000456	321.168598	403.885467	-684430.391
41280	0.008902	0.009110	0.003143	0.000444	314.834197	427.048065	-684254.242
41300	0.008744	0.009863	0.003059	0.000451	299.795059	398.118300	-684326.120
41320	0.008429	0.009834	0.003017	0.000452	290.665308	402.366921	-684427.879
41340	0.007676	0.009449	0.003014	0.000446	296.407579	406.691018	-684300.561
41360	0.008096	0.009630	0.003024	0.000449	256.989390	360.369564	-684465.449
41380	0.008406	0.009277	0.003116	0.000458	235.085965	307.082669	-684332.067
41400	0.008945	0.009180	0.003001	0.000470	239.812663	309.335594	-684318.959
41420	0.008677	0.009294	0.003063	0.000460	255.588321	321.999807	-684243.467
41440	0.008460	0.009184	0.003161	0.000453	257.112234	339.136778	-684271.719
41460	0.008073	0.009700	0.003064	0.000460	252.965146	363.888397	-684418.878
41480	0.008462	0.008623	0.003047	0.000455	254.056080	441.725993	-684402.850
41500	0.008262	0.009200	0.002966	0.000466	305.194214	427.691944	-684377.582
41520	0.008016	0.009280	0.002977	0.000469	299.887033	452.630491	-684330.132
41540	0.007645	0.009285	0.003043	0.000447	313.193321	480.203751	-684238.594
41560	0.008354	0.009630	0.002953	0.000468	283.644799	397.552824	-684297.490
41580	0.008075	0.010431	0.002934	0.000465	322.444383	411.838891	-684387.804
41600	0.007691	0.010437	0.003072	0.000458	286.807645	421.256776	-684347.798
41620	0.008151	0.010590	0.002968	0.000471	252.711942	391.476237	-684488.469
41640	0.007396	0.009302	0.003249	0.000460	256.536967	411.057547	-684419.026
41660	0.008032	0.009792	0.003070	0.000486	248.156743	391.476255	-684461.432
41680	0.007691	0.009848	0.003008	0.000461	274.855986	474.894797	-684360.636
41700	0.008037	0.009725	0.003018	0.000473	278.325052	545.953688	-684312.212
41720	0.007895	0.009050	0.003142	0.000454	287.024968	656.180500	-684289.043
41740	0.008254	0.009458	0.003119	0.000462	270.658438	540.154364	-684404.879
41760	0.008333	0.009538	0.003011	0.000467	301.266797	505.381460	-684369.716
41780	0.007623	0.009204	0.003156	0.000456	306.803226	536.113427	-684497.032
41800	0.008064	0.009754	0.003082	0.000484	294.454433	509.370467	-684253.274
41820	0.007887	0.009192	0.003087	0.000471	291.004688	551.751558	-684486.537
41840	0.007215	0.009093	0.003116	0.000465	350.268701	608.552981	-684228.516
41860	0.007881	0.008678	0.003097	0.000471	366.312323	620.916500	-684166.050
41880	0.008068	0.008621	0.003090	0.000487	335.318882	599.151507	-684286.852
41900	0.007302	0.008973	0.003223	0.000485	356.452924	656.358114	-684329.473
41920	0.007715	0.009251	0.003087	0.000484	340.635829	647.667839	-684275.757
41940	0.008036	0.009403	0.003034	0.000492	315.750102	595.836316	-684282.912
41960	0.007698	0.009806	0.002933	0.000480	332.798274	615.566548	-684324.848
41980	0.007782	0.009271	0.002938	0.000464	367.246246	589.764160	-684254.789
42000	0.008515	0.009256	0.003071	0.000489	320.117524	574.445171	-684253.807
42020	0.008401	0.009005	0.003118	0.000473	335.757907	593.166266	-684240.397
42040	0.008209	0.009039	0.002939	0.000466	339.642932	591.784927	-684303.412
42060	0.008190	0.009769	0.003054	0.000479	300.900602	615.031077	-684298.706
42080	0.008233	0.009781	0.003089	0.000489	330.025889	504.643746	-684286.321
42100	0.008702	0.008975	0.003123	0.000483	357.422591	529.073980	-684237.789
42120	0.007940	0.009186	0.003008	0.000480	385.746523	471.559637	-684297.707
42140	0.007943	0.009188	0.002958	0.000478	362.874475	470.571802	-684315.206
42160	0.007690	0.008931	0.003028	0.000477	361.027105	526.828150	-684355.076
42180	0.008202	0.008526	0.002924	0.000491	306.630009	592.523531	-684232.674
42200	0.008218	0.009353	0.003026	0.000496	292.356418	562.368813	-684244.875
42220	0.007826	0.009356	0.003027	0.000497	322.409866	513.128438	-684311.427
42240	0.008067	0.009040	0.002992	0.000475	312.534511	527.475000	-684499.191
42260	0.008564	0.009332	0.002936	0.000472	323.072097	595.006712	-684296.246
42280	0.008350	0.009482	0.003083	0.000476	334.768880	532.360504	-684327.446
42300	0.008069	0.009816	0.002958	0.000473	366.322312	528.345389	-684424.121
42320	0.008314	0.009152	0.003033	0.000461	382.400813	555.274232	-684299.517
42340	0.008661	0.009775	0.003109	0.000477	381.070619	513.216299	-684291.454
42360	0.008021	0.009395	0.003105	0.000485	330.600102	505.886546	-684406.351
42380	0.008232	0.009343	0.003060	0.000496	325.471735	519.510114	-684325.490
42400	0.008277	0.009235	0.003029	0.000494	294.787956	531.790401	-684268.872
42420	0.007604	0.008470	0.003085	0.000468	322.488520	577.684540	-684401.534
42440	0.007664	0.008991	0.002977	0.000488	327.844594	587.169354	-684415.186
42460	0.008043	0.008933	0.002985	0.000478	393.072527	547.135301	-684343.175
42480	0.008826	0.009195	0.002903	0.000502	352.384666	512.441110	-684276.467
42500	0.008119	0.009080	0.002995	0.000491	334.753206	528.721559	-684485.542
42520	0.008130	0.008963	0.002936	0.000496	329.637445	539.347763	-684353.532
42540	0.007908	0.009651	0.002874	0.000495	349.906609	515.945468	-684449.571
42560	0.007661	0.009471	0.002831	0.000496	402.639402	557.411951	-684304.171
42580	0.008127	0.008958	0.003006	0.000502	430.116194	540.859540	-684347.550
42600	0.007857	0.009200	0.002859	0.000512	394.719061	516.717123	-684277.604
42620	0.007868	0.008812	0.002834	0.000518	361.369313	554.055395	-684400.729
42640	0.008035	0.008755	0.002839	0.000536	345.758700	538.636589	-684289.665
42660	0.007507	0.008948	0.002904	0.000506	333.876114	597.266870	-684403.765
42680	0.007235	0.008561	0.002933	0.000513	382.910082	572.310944	-684372.783
42700	0.007753	0.008578	0.002848	0.000550	395.356165	542.680789	-684291.759
42720	0.007148	0.008523	0.002978	0.000537	369.734771	563.672745	-684346.503
42740	0.007043	0.008833	0.002905	0.000534	414.242878	594.316070	-684373.268
42760	0.007693	0.008802	0.002865	0.000539	438.291499	606.645926	-684415.520
42780	0.007409	0.008642	0.002834	0.000523	455.119685	665.941328	-684359.345
42800	0.008105	0.008316	0.002975	0.000514	462.073967	729.893016	-684381.925
42820	0.007933	0.008269	0.002915	0.000515	458.828853	676.572750	-684346.390
42840	0.007684	0.008310	0.002971	0.000508	444.618540	716.134311	-684355.951
42860	0.007532	0.008529	0.003005	0.000507	419.072193	713.891179	-684394.310
42880	0.007719	0.007954	0.002973	0.000495	413.545332	743.966394	-684213.523
42900	0.008120	0.008292	0.003042	0.000510	381.351819	655.402778	-684360.393
42920	0.007977	0.008626	0.002968	0.000522	385.886946	741.116606	-684378.762
42940	0.007426	0.008769	0.003009	0.000512	377.345537	684.082531	-684392.193
42960	0.007365	0.008622	0.002977	0.000508	426.307111	707.142727	-684468.490
42980	0.007412	0.007806	0.003059	0.000507	414.781412	670.809350	-684311.634
43000	0.008060	0.008203	0.003016	0.000502	470.452673	646.649886	-684210.789
43020	0.007510	0.007599	0.003087	0.000498	472.840709	630.103772	-684312.819
43040	0.007693	0.008130	0.003058	0.000487	460.397726	620.980914	-684236.008
43060	0.008428	0.008124	0.003076	0.000499	466.883046	639.508896	-684271.163
43080	0.008392	0.008821	0.002981	0.000497	462.386789	640.136982	-684487.867
43100	0.007587	0.008908	0.002895	0.000478	451.312846	684.098361	-684395.238
43120	0.007465	0.009102	0.003002	0.000489	427.202643	633.104906	-684225.199
43140	0.008262	0.009146	0.003062	0.000502	461.591146	632.945110	-684350.365
43160	0.007748	0.009298	0.002952	0.000507	443.578344	735.290840	-684457.463
43180	0.007718	0.008835	0.002921	0.000513	433.425060	680.579618	-684517.092
43200	0.007582	0.009317	0.002926	0.000534	400.974373	668.761940	-684305.129
43220	0.007230	0.009096	0.002943	0.000511	402.502806	680.731094	-684178.827
43240	0.007375	0.008513	0.002925	0.000512	418.200649	659.039834	-684383.286
43260	0.007683	0.007803	0.003045	0.000504	389.505354	651.948563	-684269.146
43280	0.007942	0.008201	0.003047	0.000512	379.592535	625.350711	-684251.072
43300	0.007889	0.008525	0.002932	0.000530	364.184606	603.075537	-684172.141
43320	0.007772	0.008427	0.002965	0.000511	416.777545	619.608586	-684394.635
43340	0.007905	0.008352	0.002909	0.000509	432.002456	639.861061	-684513.310
43360	0.007591	0.008738	0.002843	0.000520	401.666918	620.868707	-684429.363
43380	0.007603	0.008991	0.002991	0.000516	357.031807	619.713788	-684417.263
43400	0.007981	0.008889	0.002858	0.000522	347.144262	561.108965	-684329.489
43420	0.007874	0.008385	0.002937	0.000508	382.090277	595.592550	-684260.317
43440	0.007932	0.008459	0.002969	0.000508	394.150590	548.248803	-684251.422
43460	0.007764	0.008242	0.003126	0.000498	402.830183	507.999634	-684338.734
43480	0.007890	0.008998	0.002987	0.000509	373.170386	495.940957	-684252.864
43500	0.007423	0.008102	0.003060	0.000488	423.844780	546.999619	-684280.206
43520	0.008412	0.008485	0.002984	0.000500	436.550351	512.375124	-684294.983
43540	0.008009	0.008148	0.003169	0.000487	433.767968	551.744012	-684377.456
43560	0.007433	0.008134	0.003087	0.000480	456.238632	517.786821	-684168.009
43580	0.007546	0.008456	0.003097	0.000502	413.321712	517.848859	-684174.005
43600	0.007514	0.008857	0.002881	0.000505	416.175609	545.188645	-684363.547
43620	0.007488	0.009015	0.002938	0.000511	393.817320	528.228382	-684179.333
43640	0.007881	0.009276	0.002769	0.000509	418.781130	531.953449	-684194.971
43660	0.007221	0.009221	0.002931	0.000493	451.892388	576.346058	-684218.516
43680	0.007618	0.009468	0.003017	0.000503	444.571270	547.490719	-684243.781
43700	0.007719	0.009167	0.003032	0.000485	443.898088	591.364250	-684375.613
43720	0.007834	0.008734	0.003013	0.000499	426.705646	517.889232	-684269.592
43740	0.008346	0.008402	0.003040	0.000497	431.024842	533.428444	-684329.048
43760	0.008515	0.008440	0.003086	0.000479	440.300823	584.534809	-684215.547
43780	0.008711	0.008873	0.003031	0.000477	452.336409	527.308776	-684255.307
43800	0.008228	0.009129	0.003088	0.000468	445.974384	544.066626	-684261.553
43820	0.009113	0.009039	0.003081	0.000466	424.162438	548.324002	-684262.294
43840	0.008473	0.008335	0.003169	0.000448	426.490695	587.598717	-684322.062
43860	0.008536	0.008937	0.003000	0.000483	387.411801	513.991288	-684245.901
43880	0.009139	0.009323	0.002967	0.000486	374.099592	502.768746	-684435.466
43900	0.007974	0.009279	0.003122	0.000481	352.550631	497.389199	-684340.577
43920	0.007900	0.008825	0.002940	0.000487	365.180097	566.563740	-684321.642
43940	0.007751	0.008822	0.003042	0.000474	431.989490	505.523220	-684343.753
43960	0.008070	0.009021	0.003074	0.000476	452.129461	577.772835	-684362.906
43980	0.008422	0.008716	0.003089	0.000484	488.623503	536.155606	-684148.400
44000	0.007626	0.008230	0.003051	0.000476	555.333303	565.800491	-684298.355
44020	0.007879	0.008575	0.003066	0.000498	496.412424	508.811129	-684198.311
44040	0.007568	0.008228	0.003021	0.000497	503.191823	463.836070	-684406.306
44060	0.007216	0.008613	0.003043	0.000506	491.570447	447.092072	-684472.965
44080	0.007545	0.008953	0.003004	0.000500	538.658929	465.179557	-684165.325
44100	0.007840	0.008676	0.002947	0.000497	481.668684	509.439199	-684381.249
44120	0.007947	0.008724	0.002866	0.000510	488.866623	470.985025	-684316.394
44140	0.008570	0.008863	0.002863	0.000528	456.984937	522.195229	-684347.620
44160	0.007634	0.008832	0.002998	0.000513	443.209275	520.908772	-684342.210
44180	0.007357	0.008176	0.002928	0.000483	479.044949	583.400354	-684280.418
44200	0.008318	0.008664	0.002971	0.000498	445.454750	530.353911	-684409.980
44220	0.008408	0.008884	0.002990	0.000494	479.570985	613.486619	-684447.077
44240	0.008127	0.008997	0.003009	0.000492	439.494861	516.459526	-684194.944
44260	0.007840	0.008711	0.003129	0.000479	442.020506	510.922048	-684116.458
44280	0.008101	0.008231	0.003045	0.000491	472.067367	512.816566	-684320.734
44300	0.008435	0.008194	0.002977	0.000494	468.529438	504.808566	-684461.254
44320	0.007996	0.007714	0.002955	0.000501	470.025466	464.244608	-684384.419
44340	0.008122	0.007987	0.003032	0.000526	431.425318	485.740024	-684275.304
44360	0.007788	0.008369	0.002949	0.000530	430.545669	562.471177	-684330.942
44380	0.008047	0.008191	0.002993	0.000496	494.053934	590.648023	-684318.028
44400	0.008130	0.008167	0.002974	0.000494	486.818145	570.912892	-684226.525
44420	0.007615	0.008246	0.002921	0.000496	453.689239	555.950887	-684410.595
44440	0.007592	0.008274	0.002965	0.000488	427.732099	595.673852	-684177.296
44460	0.007712	0.008586	0.003132	0.000491	439.484121	573.569097	-684465.710
44480	0.007104	0.008328	0.003021	0.000475	461.433230	625.416801	-684188.540
44500	0.007925	0.009013	0.002981	0.000490	452.602720	571.949652	-684336.998
44520	0.007833	0.009044	0.002998	0.000489	447.363243	593.330258	-684248.725
44540	0.007180	0.008951	0.002980	0.000514	405.002415	594.116045	-684339.945
44560	0.007460	0.009307	0.002930	0.000513	394.487258	557.554241	-684258.381
44580	0.007836	0.008976	0.002849	0.000509	439.487172	516.821027	-684435.831
44600	0.007552	0.008851	0.002857	0.000493	447.623143	480.089625	-684390.350
44620	0.007423	0.008540	0.002900	0.000500	426.252857	551.693663	-684251.431
44640	0.007121	0.008868	0.003074	0.000491	464.201281	565.887094	-684304.190
44660	0.006856	0.008774	0.002953	0.000490	472.202264	564.060943	-684267.667
44680	0.007278	0.008725	0.003067	0.000493	447.392830	598.100288	-684299.640
44700	0.007343	0.009333	0.002932	0.000500	419.720420	596.661926	-684164.832
44720	0.007680	0.007913	0.002921	0.000499	477.400905	595.272604	-684081.054
44740	0.007484	0.008029	0.003024	0.000503	441.924466	561.386054	-684250.004
44760	0.008033	0.008814	0.002866	0.000521	437.034987	576.426313	-684364.517
44780	0.007666	0.008674	0.002982	0.000520	453.298115	611.368710	-684340.389
44800	0.007448	0.008033	0.002978	0.000534	472.918922	596.698748	-684269.458
44820	0.007874	0.007765	0.003057	0.000523	515.260190	573.168339	-684136.583
44840	0.007476	0.007204	0.003061	0.000500	541.601793	570.424834	-684114.902
44860	0.008119	0.007320	0.003056	0.000524	518.571088	549.739399	-684151.202
44880	0.008024	0.007674	0.003010	0.000527	491.632810	524.671880	-684248.220
44900	0.007564	0.007495	0.002990	0.000496	507.756460	526.498742	-684155.053
44920	0.007874	0.008323	0.003065	0.000507	506.779992	503.021234	-684264.300
44940	0.007832	0.008443	0.003013	0.000486	542.242613	538.472064	-684266.766
44960	0.007444	0.008538	0.002995	0.000496	515.785476	495.649612	-684270.668
44980	0.007814	0.007703	0.003058	0.000482	470.894338	466.149507	-684307.548
45000	0.007667	0.008136	0.002963	0.000484	494.636280	451.640587	-684308.367
45020	0.008157	0.007851	0.002933	0.000497	491.031516	459.733537	-684128.758
45040	0.008899	0.007867	0.003005	0.000508	457.323462	453.375836	-684258.825
45060	0.008650	0.007755	0.002929	0.000488	528.806489	470.788836	-684235.680
45080	0.008199	0.008082	0.002935	0.000486	502.411658	455.058642	-684271.275
45100	0.008211	0.008091	0.002945	0.000501	456.209853	418.824011	-684241.596
45120	0.008462	0.009128	0.002872	0.000535	434.807512	425.793183	-684473.550
45140	0.008133	0.008631	0.002827	0.000512	420.180758	444.280920	-684345.756
45160	0.008159	0.008497	0.002985	0.000506	436.031000	440.562159	-684367.167
45180	0.007275	0.008657	0.002964	0.000491	441.193933	514.254822	-684215.838
45200	0.008031	0.008316	0.003061	0.000481	452.767462	546.377431	-684292.260
45220	0.007369	0.009036	0.003017	0.000497	455.687143	500.877626	-684361.848
45240	0.007446	0.009287	0.003022	0.000489	508.705147	504.582407	-684216.382
45260	0.008136	0.009430	0.002963	0.000499	513.129039	515.446994	-684194.691
45280	0.007673	0.008490	0.003082	0.000465	547.707810	542.613027	-684294.448
45300	0.007412	0.008503	0.002965	0.000465	594.781377	517.583809	-684357.072
45320	0.008918	0.008961	0.002993	0.000493	524.451589	448.415096	-684355.417
45340	0.008747	0.008918	0.003068	0.000475	556.462274	448.282201	-684234.294
45360	0.009304	0.008804	0.002993	0.000469	539.718146	415.893832	-684376.683
45380	0.009176	0.008374	0.003181	0.000465	524.382707	392.004333	-684254.502
45400	0.008968	0.008432	0.003144	0.000466	517.829790	377.927719	-684111.977
45420	0.008877	0.008372	0.003015	0.000462	519.948204	367.847518	-684403.120
45440	0.008320	0.008523	0.003029	0.000474	508.292261	353.356011	-684281.086
45460	0.008180	0.008667	0.003004	0.000469	557.434967	388.014354	-684226.592
45480	0.007990	0.008957	0.003085	0.000477	510.733590	364.434488	-684277.970
45500	0.008740	0.009104	0.002980	0.000481	526.188872	293.747062	-684310.419
45520	0.009304	0.008955	0.002910	0.000466	587.878700	322.507662	-684492.479
45540	0.008388	0.009272	0.002981	0.000457	579.312960	314.335553	-684486.868
45560	0.008183	0.009102	0.003035	0.000469	510.728516	297.030056	-684341.743
45580	0.008162	0.009040	0.003096	0.000468	478.734200	287.065765	-684251.754
45600	0.008319	0.008964	0.003104	0.000470	471.742974	343.113502	-684363.016
45620	0.009106	0.008293	0.003102	0.000469	432.069640	292.446847	-684278.215
45640	0.008489	0.008105	0.003227	0.000454	442.029181	299.710335	-684284.434
45660	0.008336	0.009053	0.003184	0.000464	431.990877	265.099882	-684226.430
45680	0.008385	0.009324	0.003065	0.000442	369.579692	250.352668	-684214.382
45700	0.008828	0.009572	0.003143	0.000455	373.496319	232.198178	-684340.175
45720	0.009143	0.009409	0.002955	0.000455	390.422263	241.862823	-684456.901
45740	0.008934	0.009310	0.003064	0.000457	395.284398	226.235236	-684330.073
45760	0.008725	0.008762	0.003139	0.000445	355.669552	236.729826	-684247.308
45780	0.009254	0.009295	0.003042	0.000447	344.738597	237.876898	-684397.043
45800	0.009318	0.008569	0.003176	0.000435	373.902342	248.631864	-684295.502
45820	0.009344	0.008334	0.003102	0.000424	422.458006	222.083206	-684306.903
45840	0.009939	0.008847	0.003098	0.000444	428.477426	174.775208	-684258.739
45860	0.009354	0.009035	0.003175	0.000433	409.094130	190.743157	-684243.547
45880	0.009429	0.008305	0.003189	0.000437	386.222127	191.212197	-684324.942
45900	0.009849	0.008810	0.003114	0.000446	409.035096	184.056070	-684221.869
45920	0.009506	0.008766	0.003013	0.000440	434.619009	224.640102	-684390.602
45940	0.009839	0.009285	0.003254	0.000432	392.065041	240.638634	-684339.511
45960	0.008551	0.009171	0.003136	0.000423	422.547313	232.954011	-684343.069
45980	0.008856	0.008882	0.003142	0.000428	424.765021	244.728739	-684315.681
46000	0.008690	0.009418	0.003029	0.000461	375.481049	238.888453	-684411.565
46020	0.008378	0.009916	0.002977	0.000475	380.149175	274.658641	-684364.502
46040	0.008618	0.009250	0.002984	0.000479	405.185801	272.606535	-684305.186
46060	0.008605	0.009536	0.002852	0.000483	431.063468	276.613823	-684393.861
46080	0.008783	0.008746	0.003054	0.000485	414.676562	258.720281	-684370.374
46100	0.008720	0.009120	0.002958	0.000479	426.522407	307.267300	-684404.865
46120	0.008455	0.008443	0.003082	0.000456	417.878362	359.322685	-684340.191
46140	0.009002	0.008599	0.003143	0.000462	371.710736	297.121406	-684283.555
46160	0.009066	0.007854	0.003025	0.000463	372.007570	345.297789	-684362.496
46180	0.009248	0.007965	0.003044	0.000476	427.575315	302.508430	-684402.291
46200	0.009650	0.008362	0.003094	0.000471	386.172874	319.981325	-684284.631
46220	0.009337	0.009013	0.003116	0.000469	404.125240	305.581592	-684524.923
46240	0.009769	0.009225	0.002972	0.000490	390.483179	317.689122	-684452.625
46260	0.009081	0.008913	0.002896	0.000478	440.666879	331.238775	-684146.549
46280	0.009142	0.008385	0.003035	0.000472	431.271342	342.947983	-684274.790
46300	0.008856	0.008321	0.003036	0.000459	412.233303	347.140720	-684219.329
46320	0.009228	0.008848	0.003010	0.000472	409.872973	314.350822	-684272.176
46340	0.008997	0.008571	0.003029	0.000472	387.224698	365.249113	-684354.001
46360	0.008969	0.008881	0.003003	0.000484	417.694794	390.652915	-684382.926
46380	0.009191	0.008445	0.003053	0.000475	465.010644	399.729014	-684410.532
46400	0.008877	0.008416	0.003008	0.000455	460.972711	431.909694	-684236.229
46420	0.007735	0.007923	0.003109	0.000475	444.171207	419.367021	-684141.642
46440	0.008598	0.009392	0.003021	0.000483	430.932093	380.144528	-684418.053
46460	0.008391	0.008258	0.002978	0.000465	423.608675	446.506127	-684383.231
46480	0.008694	0.009011	0.003126	0.000486	389.774272	460.269966	-684314.800
46500	0.008545	0.009410	0.002983	0.000478	435.247436	451.955813	-684404.456
46520	0.009223	0.009106	0.003030	0.000476	438.545425	469.821056	-684294.769
46540	0.008521	0.008998	0.003051	0.000459	442.678394	515.731230	-684304.287
46560	0.008235	0.009300	0.003010	0.000488	444.609450	432.662746	-684447.640
46580	0.008173	0.009207	0.003044	0.000476	447.025600	447.995308	-684249.138
46600	0.007881	0.008962	0.003058	0.000490	428.080571	431.048884	-684394.302
46620	0.007779	0.008816	0.002963	0.000486	424.991431	402.782695	-684242.234
46640	0.007730	0.008462	0.002978	0.000485	458.595779	417.752766	-684319.408
46660	0.008127	0.008567	0.002937	0.000499	457.775328	430.042108	-684475.771
46680	0.008395	0.009041	0.002922	0.000501	423.628346	378.849294	-684420.936
46700	0.007663	0.008216	0.002998	0.000493	460.191946	430.341885	-684346.416
46720	0.008146	0.008425	0.002994	0.000498	429.150391	402.267302	-684300.282
46740	0.008443	0.008935	0.002887	0.000495	474.246711	406.014584	-684398.965
46760	0.007999	0.008606	0.002979	0.000480	469.596478	430.433846	-684368.947
46780	0.008398	0.008896	0.003054	0.000482	428.332406	430.711761	-684349.126
46800	0.008137	0.009006	0.002941	0.000490	450.287866	465.347636	-684313.648
46820	0.008349	0.008222	0.003033	0.000506	510.788071	447.101338	-684372.229
46840	0.008612	0.008073	0.002970	0.000485	482.826910	436.255093	-684230.723
46860	0.008296	0.007470	0.003059	0.000490	514.716579	496.603402	-684221.299
46880	0.007969	0.008366	0.003006	0.000500	506.812936	465.103187	-684188.446
46900	0.008206	0.007830	0.002944	0.000503	498.970987	478.801649	-684247.642
46920	0.008090	0.008445	0.003084	0.000509	514.185414	450.660514	-684376.493
46940	0.008448	0.008636	0.002915	0.000502	504.532859	503.303875	-684376.070
46960	0.007932	0.008609	0.002918	0.000509	519.065038	461.630860	-684305.609
46980	0.007273	0.008235	0.003031	0.000482	587.900586	534.517592	-684265.222
47000	0.007913	0.008227	0.003062	0.000505	582.175902	454.181745	-684269.294
47020	0.008046	0.008377	0.003033	0.000510	619.855483	473.398988	-684155.201
47040	0.007511	0.008310	0.002962	0.000497	598.542377	499.326770	-684221.461
47060	0.008030	0.008262	0.003016	0.000504	598.565458	478.231121	-684350.828
47080	0.007657	0.007994	0.002872	0.000502	643.629896	542.019153	-684299.607
47100	0.007517	0.008041	0.003011	0.000504	572.650892	528.985770	-684092.148
47120	0.007303	0.008519	0.003076	0.000489	532.873148	460.632306	-684285.011
47140	0.007811	0.008672	0.002851	0.000518	506.762458	434.596232	-684396.693
47160	0.007376	0.008482	0.002823	0.000520	564.416867	411.005227	-684344.789
47180	0.007678	0.009091	0.002804	0.000526	535.235221	431.002234	-684338.880
47200	0.007936	0.008813	0.002929	0.000510	511.107514	423.939123	-684361.001
47220	0.007875	0.008796	0.002977	0.000494	484.964932	452.493690	-684268.807
47240	0.008625	0.008438	0.003026	0.000499	511.505187	441.705911	-684294.734
47260	0.008527	0.008435	0.002916	0.000492	556.650016	447.637828	-684318.014
47280	0.008130	0.008409	0.002983	0.000480	629.573823	475.783821	-684305.492
47300	0.008169	0.007869	0.003006	0.000486	540.775558	489.641719	-684303.516
47320	0.008326	0.008246	0.002983	0.000510	551.323252	444.387083	-684200.097
47340	0.008719	0.008202	0.002970	0.000504	581.354372	456.162761	-684388.469
47360	0.007964	0.008468	0.002976	0.000495	579.088250	453.517766	-684261.989
47380	0.007781	0.008100	0.002992	0.000507	557.003471	467.344682	-684287.641
47400	0.008340	0.007961	0.003131	0.000520	523.351178	386.249749	-684293.783
47420	0.008665	0.008100	0.003002	0.000514	572.965374	384.223327	-684341.945
47440	0.008453	0.007954	0.002965	0.000494	633.720190	412.894333	-684276.096
47460	0.008802	0.008681	0.003044	0.000496	631.975694	392.632549	-684309.136
47480	0.008078	0.008686	0.003004	0.000495	569.288532	406.078033	-684225.528
47500	0.007737	0.008767	0.002930	0.000494	587.765910	400.810199	-684173.232
47520	0.008344	0.008479	0.002975	0.000489	576.362731	417.467180	-684264.423
47540	0.008194	0.008546	0.002991	0.000476	539.299760	452.600611	-684378.958
47560	0.008056	0.008303	0.003014	0.000479	456.096516	458.960689	-684336.899
47580	0.007828	0.008792	0.002932	0.000488	462.480244	507.382554	-684328.124
47600	0.007548	0.008763	0.002986	0.000498	422.121941	503.188422	-684320.066
47620	0.007545	0.009453	0.002891	0.000512	407.230661	508.123883	-684385.284
47640	0.007226	0.009193	0.002916	0.000506	417.315951	534.347424	-684335.093
47660	0.006988	0.008833	0.002958	0.000486	455.867377	549.101171	-684139.506
47680	0.007682	0.009124	0.002955	0.000504	425.149395	556.573743	-684318.174
47700	0.008474	0.009011	0.002935	0.000495	451.425442	553.817025	-684302.344
47720	0.008409	0.008939	0.002936	0.000496	404.797072	493.587706	-684340.063
47740	0.008409	0.008730	0.002923	0.000491	416.627561	571.139072	-684562.100
47760	0.008380	0.008514	0.002864	0.000499	405.653765	583.162440	-684479.799
47780	0.008065	0.008587	0.002940	0.000506	397.544801	634.971773	-684356.307
47800	0.008077	0.008493	0.002983	0.000508	369.678689	599.582125	-684403.430
47820	0.008411	0.008619	0.002980	0.000528	369.621978	622.481867	-684389.872
47840	0.008231	0.008203	0.003003	0.000512	385.449057	695.755099	-684308.527
47860	0.008059	0.008433	0.002966	0.000491	428.993364	746.925400	-684288.163
47880	0.008092	0.008692	0.003063	0.000496	372.242012	762.168593	-684407.501
47900	0.008313	0.008463	0.002960	0.000494	388.685959	690.251435	-684261.703
47920	0.007584	0.008366	0.003032	0.000495	416.622148	670.347796	-684106.100
47940	0.007499	0.008118	0.003092	0.000497	416.823243	771.652858	-684206.105
47960	0.007677	0.008018	0.002909	0.000487	379.918276	725.352902	-684137.265
47980	0.007850	0.007967	0.003038	0.000498	407.776681	688.466645	-684309.707
48000	0.007830	0.008090	0.003052	0.000505	385.819121	707.682506	-684314.863
48020	0.008072	0.008137	0.002840	0.000523	416.838766	663.793812	-684375.248
48040	0.008303	0.008474	0.002920	0.000523	354.868126	687.641288	-684316.694
48060	0.007938	0.008379	0.003006	0.000515	370.935565	676.882115	-684328.023
48080	0.007808	0.008305	0.003105	0.000497	356.207490	715.276737	-684293.730
48100	0.007760	0.008648	0.003067	0.000495	350.471444	665.934490	-684322.505
48120	0.007614	0.008888	0.002987	0.000514	323.123351	681.831545	-684298.452
48140	0.007507	0.008429	0.003005	0.000513	359.354736	696.761676	-684261.860
48160	0.006951	0.008790	0.002983	0.000512	305.086154	802.383977	-684265.254
48180	0.007346	0.009024	0.002983	0.000504	326.315452	752.612517	-684151.105
48200	0.006582	0.008848	0.003007	0.000489	310.061816	705.862940	-684189.014
48220	0.006883	0.008916	0.003036	0.000480	305.025390	752.919447	-684233.629
48240	0.007229	0.008708	0.003002	0.000492	330.451422	720.705584	-684298.153
48260	0.007482	0.009587	0.002995	0.000491	306.753745	732.625712	-684378.181
48280	0.007526	0.009531	0.003003	0.000494	264.951743	712.008626	-684302.928
48300	0.007368	0.009612	0.003054	0.000483	257.924806	620.952346	-684282.508
48320	0.007844	0.009217	0.003054	0.000490	251.558418	612.965902	-684326.863
48340	0.007669	0.009397	0.003010	0.000479	264.327508	604.971711	-684240.620
48360	0.008228	0.008731	0.003076	0.000461	243.379370	556.522844	-684357.588
48380	0.007715	0.009172	0.003083	0.000466	255.491469	525.110660	-684325.476
48400	0.007637	0.009311	0.003087	0.000464	259.271005	510.427244	-684314.331
48420	0.007914	0.009287	0.003060	0.000476	226.460841	524.503261	-684464.565
48440	0.008193	0.009029	0.003000	0.000496	190.038548	556.434429	-684315.514
48460	0.008143	0.009412	0.002902	0.000499	230.653464	585.809432	-684415.152
48480	0.007858	0.008830	0.003007	0.000478	257.981546	565.990290	-684367.470
48500	0.007820	0.008941	0.003217	0.000484	265.231123	504.501710	-684414.257
48520	0.007713	0.009033	0.002972	0.000464	274.684215	558.249473	-684339.600
48540	0.007762	0.008995	0.003070	0.000470	267.922468	563.124084	-684236.937
48560	0.008043	0.008793	0.003029	0.000485	286.298884	565.390651	-684282.002
48580	0.008230	0.008831	0.003041	0.000484	304.300959	509.066143	-684300.420
48600	0.008369	0.008128	0.003076	0.000479	304.572249	505.905212	-684219.864
48620	0.007764	0.008234	0.003244	0.000504	302.331170	470.180428	-684151.802
48640	0.008175	0.008664	0.002990	0.000487	319.313785	477.536776	-684232.742
48660	0.008477	0.008586	0.003002	0.000494	338.177992	514.886338	-684278.170
48680	0.008242	0.007800	0.003116	0.000465	335.893191	577.338246	-684139.611
48700	0.009425	0.007869	0.003166	0.000502	378.114024	494.878268	-684174.164
48720	0.008982	0.008382	0.003106	0.000490	346.058773	477.992841	-684312.714
48740	0.008403	0.008398	0.003048	0.000481	309.847916	459.626392	-684251.391
48760	0.008507	0.008153	0.002999	0.000485	347.620840	528.280295	-684376.610
48780	0.008598	0.008682	0.002985	0.000504	333.327599	494.770152	-684330.333
48800	0.008805	0.008420	0.003090	0.000473	324.074117	534.940783	-684343.584
48820	0.008428	0.008900	0.002962	0.000474	340.721867	532.901067	-684394.615
48840	0.009104	0.008689	0.002928	0.000484	300.771593	566.675951	-684374.136
48860	0.008461	0.008913	0.003114	0.000477	335.551730	526.004092	-684296.258
48880	0.007885	0.008999	0.003160	0.000457	308.182449	549.692302	-684249.586
48900	0.007822	0.008792	0.003095	0.000474	278.858756	492.718969	-684148.958
48920	0.008770	0.009529	0.003134	0.000476	306.875985	491.637214	-684373.862
48940	0.008434	0.010039	0.003030	0.000485	297.291456	572.045516	-684438.144
48960	0.007480	0.009478	0.003011	0.000486	317.990079	537.286055	-684345.297
48980	0.007959	0.009080	0.003155	0.000476	312.716280	527.534348	-684136.832
49000	0.007739	0.009024	0.002970	0.000498	266.583075	548.329242	-684296.532
49020	0.008109	0.008704	0.002893	0.000489	259.431180	545.257878	-684328.165
49040	0.007830	0.009413	0.003005	0.000508	273.024924	545.478143	-684332.456
49060	0.007735	0.009922	0.002965	0.000488	254.295151	668.263063	-684337.760
49080	0.007779	0.009436	0.002984	0.000486	268.685173	654.559203	-684279.117
49100	0.008100	0.008950	0.003173	0.000466	269.279929	736.106894	-684167.554
49120	0.007619	0.008478	0.003100	0.000461	316.223617	649.752679	-684190.120
49140	0.007357	0.009347	0.003012	0.000476	340.556084	657.648341	-684222.954
49160	0.007116	0.009683	0.003099	0.000490	306.069434	642.003628	-684314.381
49180	0.007994	0.009621	0.002980	0.000488	293.208822	674.622220	-684343.951
49200	0.007563	0.009906	0.002934	0.000489	295.683478	633.328361	-684328.408
49220	0.007397	0.009375	0.002936	0.000472	325.374514	668.187718	-684365.467
49240	0.007208	0.009573	0.003090	0.000512	326.264759	625.309414	-684376.302
49260	0.006636	0.009108	0.003047	0.000493	363.559693	637.448532	-684323.775
49280	0.006895	0.008373	0.003230	0.000483	343.680293	639.635344	-684267.733
49300	0.007930	0.008341	0.003102	0.000504	311.636729	591.450411	-684127.579
49320	0.007748	0.008594	0.003091	0.000498	293.270501	604.445999	-684291.829
49340	0.007761	0.008721	0.003052	0.000506	309.822470	629.645886	-684328.350
49360	0.007968	0.009318	0.003124	0.000509	287.921642	704.291325	-684431.958
49380	0.007777	0.008981	0.003035	0.000486	317.587010	712.359610	-684282.528
49400	0.007769	0.009089	0.002933	0.000490	358.388719	765.588103	-684366.964
49420	0.008248	0.009490	0.002995	0.000508	337.370176	646.875878	-684355.518
49440	0.008172	0.008914	0.002972	0.000513	313.922888	659.298237	-684411.521
49460	0.008656	0.008729	0.002987	0.000519	337.524324	647.878303	-684373.697
49480	0.008213	0.008553	0.002894	0.000520	324.582949	646.860836	-684394.269
49500	0.007515	0.008389	0.002976	0.000504	344.738641	619.472554	-684371.868
49520	0.007447	0.008757	0.002910	0.000510	390.189951	602.951681	-684310.522
49540	0.007175	0.008721	0.003106	0.000506	378.671057	662.618693	-684349.728
49560	0.006834	0.008630	0.003020	0.000507	358.040667	699.502074	-684375.433
49580	0.006865	0.009020	0.002928	0.000529	336.336414	733.733020	-684244.702
49600	0.007458	0.008741	0.002864	0.000510	320.395195	681.305462	-684100.672
49620	0.007278	0.008430	0.002981	0.000531	321.538243	694.522273	-684286.334
49640	0.007140	0.008229	0.002900	0.000511	326.198509	764.068104	-684332.882
49660	0.007781	0.008280	0.003036	0.000516	353.252968	744.880671	-684338.443
49680	0.007749	0.008490	0.002884	0.000508	342.468200	729.869661	-684329.880
49700	0.007558	0.008506	0.003016	0.000508	341.689593	744.294029	-684289.132
49720	0.007210	0.008415	0.002977	0.000507	362.207730	695.031162	-684284.823
49740	0.007224	0.008444	0.002919	0.000512	393.639279	726.746170	-684357.516
49760	0.007656	0.008368	0.003089	0.000526	382.799683	749.397720	-684223.551
49780	0.007935	0.008264	0.002992	0.000507	372.046502	771.928918	-684257.899
49800	0.007465	0.008611	0.003002	0.000499	344.998445	814.534165	-684250.208
49820	0.007636	0.009032	0.002939	0.000506	372.705575	693.348673	-684308.572
49840	0.008179	0.008902	0.002935	0.000518	346.825023	711.959025	-684476.922
49860	0.008091	0.009193	0.002995	0.000515	328.043945	663.466194	-684270.911
49880	0.007782	0.008510	0.002961	0.000488	360.484014	711.829189	-684241.295
49900	0.007371	0.008755	0.002930	0.000499	353.989963	667.598407	-684443.232
49920	0.007325	0.009900	0.002964	0.000506	384.034627	597.717118	-684361.219
49940	0.007005	0.008807	0.003012	0.000486	388.308325	657.405294	-684283.349
49960	0.007512	0.008716	0.003064	0.000497	363.652677	703.959547	-684206.630
49980	0.007367	0.008992	0.003062	0.000496	359.199652	709.219015	-684291.552
50000	0.007280	0.009087	0.003057	0.000489	378.523985	705.146143	-684082.641
50020	0.007619	0.008820	0.003039	0.000507	363.363753	717.711159	-684313.630
50040	0.007668	0.008258	0.003165	0.000515	371.467470	708.159237	-684379.331
50060	0.007578	0.008419	0.002917	0.000516	381.397847	724.471716	-684245.133
50080	0.007376	0.008144	0.002939	0.000520	383.753748	707.532169	-684279.819
50100	0.007731	0.008154	0.003041	0.000531	406.133302	718.804348	-684312.137
50120	0.007767	0.008140	0.002934	0.000536	433.508870	682.958983	-684440.500
50140	0.007395	0.007472	0.003014	0.000531	469.132472	758.149219	-684269.421
50160	0.007472	0.007904	0.002941	0.000520	486.427568	749.628112	-684302.520
50180	0.007885	0.007595	0.003001	0.000517	476.447126	710.111084	-684383.854
50200	0.008510	0.007779	0.003075	0.000514	504.629332	640.698545	-684342.152
50220	0.008398	0.008278	0.002858	0.000520	474.058426	628.154932	-684358.498
50240	0.008007	0.008382	0.002935	0.000513	473.431590	677.666170	-684333.558
50260	0.008351	0.008095	0.003044	0.000519	505.287908	692.560569	-684367.218
50280	0.007981	0.008113	0.002935	0.000517	549.404306	673.828164	-684337.154
50300	0.007513	0.008232	0.002992	0.000521	513.758158	657.395595	-684337.056
50320	0.007191	0.008398	0.003077	0.000516	509.588386	647.578438	-684329.005
50340	0.007433	0.008663	0.002886	0.000504	508.394687	681.962130	-684284.740
50360	0.007190	0.008205	0.002968	0.000522	492.270432	672.268637	-684317.372
50380	0.007122	0.009310	0.003140	0.000527	490.636881	663.080645	-684361.617
50400	0.007274	0.008341	0.003008	0.000517	514.006262	670.484235	-684229.863
50420	0.007813	0.008000	0.002994	0.000511	574.412425	654.841074	-684201.482
50440	0.007215	0.007990	0.002918	0.000512	536.185580	699.045042	-684377.736
50460	0.007958	0.008559	0.003037	0.000508	536.504144	675.294548	-684294.219
50480	0.007368	0.008974	0.003080	0.000515	472.523271	640.462888	-684235.002
50500	0.007283	0.008324	0.003087	0.000512	525.918947	623.279528	-684269.624
50520	0.006980	0.008340	0.003100	0.000522	535.532670	579.104256	-684339.272
50540	0.007566	0.008423	0.002934	0.000520	529.624788	667.486214	-684214.216
50560	0.007032	0.008641	0.002977	0.000513	536.494323	698.476122	-684211.309
50580	0.007248	0.008638	0.002986	0.000518	520.296433	634.395950	-684325.841
50600	0.007230	0.009717	0.003041	0.000549	469.389108	561.632896	-684333.998
50620	0.006795	0.008379	0.002747	0.000497	484.371626	676.187309	-684299.036
50640	0.007497	0.009125	0.003042	0.000509	448.260441	655.507019	-684346.897
50660	0.006889	0.009143	0.003138	0.000502	417.770828	646.779046	-684247.276
50680	0.007275	0.008225	0.003110	0.000496	465.157167	564.579096	-684211.925
50700	0.007055	0.008691	0.003085	0.000487	480.351727	640.274730	-684254.355
50720	0.006351	0.009059	0.003030	0.000491	468.293880	644.350831	-684275.609
50740	0.007206	0.008302	0.003087	0.000499	430.793335	617.522483	-684146.306
50760	0.007526	0.008350	0.002905	0.000507	389.293721	561.402815	-684257.997
50780	0.007922	0.008816	0.002939	0.000518	401.397517	571.687483	-684382.985
50800	0.008094	0.008384	0.003002	0.000518	355.060164	569.742880	-684284.926
50820	0.007749	0.007896	0.003009	0.000506	379.474067	597.128181	-684371.187
50840	0.007616	0.008729	0.002854	0.000512	395.374128	581.282590	-684369.381
50860	0.008239	0.008660	0.002927	0.000524	362.396810	575.063801	-684318.352
50880	0.008077	0.008941	0.002964	0.000514	341.067400	578.806997	-684316.312
50900	0.007441	0.009528	0.002925	0.000506	347.001149	543.746288	-684278.946
50920	0.007576	0.008504	0.003088	0.000496	330.176897	572.612314	-684284.458
50940	0.007523	0.008095	0.003062	0.000490	331.618953	611.709106	-684360.587
50960	0.007863	0.008185	0.003017	0.000494	367.075104	620.214078	-684288.718
50980	0.008057	0.008299	0.003054	0.000497	431.466898	548.020835	-684252.003
51000	0.008372	0.007770	0.002998	0.000482	422.254041	530.073336	-684241.715
51020	0.008024	0.008360	0.003178	0.000479	410.671595	613.540898	-684148.156
51040	0.008152	0.008420	0.003103	0.000483	411.796475	603.177735	-684150.274
51060	0.007623	0.008546	0.003171	0.000469	413.270624	601.953410	-684286.133
51080	0.008310	0.008848	0.003118	0.000469	401.153935	613.117283	-684359.818
51100	0.007874	0.008524	0.003155	0.000466	439.861345	644.678056	-684285.999
51120	0.007809	0.008958	0.003170	0.000465	434.063721	689.002117	-684187.464
51140	0.008863	0.009240	0.002973	0.000477	407.664109	576.944266	-684276.951
51160	0.008858	0.009645	0.003020	0.000489	368.661853	587.726681	-684372.074
51180	0.008520	0.008672	0.003111	0.000496	376.450183	580.501858	-684305.712
51200	0.007934	0.008670	0.002983	0.000493	368.730081	592.636213	-684453.221
51220	0.007450	0.008926	0.003079	0.000483	355.984038	612.272225	-684433.007
51240	0.007657	0.009178	0.003170	0.000486	329.601092	651.467564	-684383.847
51260	0.007696	0.008614	0.003184	0.000460	345.041537	638.507775	-684289.583
51280	0.008064	0.008418	0.003153	0.000467	362.302141	629.639871	-684286.352
51300	0.007851	0.009087	0.003231	0.000458	336.686655	675.665431	-684364.342
51320	0.007914	0.009605	0.003117	0.000471	351.756016	643.506173	-684195.891
51340	0.007622	0.009548	0.003149	0.000464	323.938352	681.970586	-684201.075
51360	0.007439	0.009506	0.003075	0.000463	357.350004	719.579797	-684458.756
51380	0.007458	0.009554	0.003050	0.000459	373.083803	725.871518	-684251.833
51400	0.007672	0.009926	0.002949	0.000474	345.826874	691.387715	-684392.495
51420	0.007855	0.009528	0.003033	0.000496	332.727199	589.375806	-684448.846
51440	0.007481	0.008907	0.002980	0.000493	353.881376	636.808023	-684271.880
51460	0.008183	0.009258	0.003075	0.000499	330.963128	584.185945	-684312.253
51480	0.008215	0.009285	0.002936	0.000496	311.464567	595.927022	-684428.498
51500	0.007384	0.008851	0.002973	0.000513	306.998204	623.048584	-684267.473
51520	0.007724	0.008945	0.002987	0.000495	290.863329	576.036367	-684404.859
51540	0.007365	0.008636	0.003135	0.000489	305.809671	630.672000	-684264.591
51560	0.007230	0.009077	0.003203	0.000484	315.913802	614.301403	-684273.870
51580	0.007495	0.009207	0.002979	0.000479	340.469622	631.059124	-684363.213
51600	0.008045	0.010015	0.002939	0.000497	326.931805	590.268892	-684555.207
51620	0.007820	0.009423	0.002960	0.000488	354.439153	581.051676	-684386.009
51640	0.007839	0.008505	0.002913	0.000473	339.049112	593.932224	-684334.847
51660	0.008725	0.008998	0.002998	0.000508	316.379000	533.693540	-684260.681
51680	0.009285	0.009226	0.002843	0.000513	293.506708	532.452187	-684354.348
51700	0.008626	0.009225	0.003056	0.000499	291.299946	593.141397	-684312.355
51720	0.007849	0.008683	0.003004	0.000479	275.068405	591.370104	-684267.040
51740	0.007386	0.008684	0.003138	0.000486	262.849404	597.530034	-684289.512
51760	0.006960	0.008689	0.003053	0.000490	278.211966	668.443462	-684195.057
51780	0.006948	0.009049	0.002894	0.000484	299.734054	650.360877	-684364.685
51800	0.007317	0.008972	0.003039	0.000481	317.568110	702.590841	-684328.255
51820	0.007645	0.009331	0.002952	0.000524	323.820383	680.247953	-684220.535
51840	0.007841	0.008381	0.002975	0.000496	350.024444	689.126275	-684207.022
51860	0.007808	0.008495	0.002917	0.000496	335.733146	672.652437	-684382.873
51880	0.007634	0.007891	0.003114	0.000514	342.741418	602.322682	-684199.467
51900	0.008181	0.008101	0.003074	0.000512	341.190439	629.821973	-684213.342
51920	0.007972	0.008038	0.002918	0.000509	363.584542	652.166907	-684358.196
51940	0.008294	0.008341	0.002918	0.000514	361.429462	626.160385	-684395.612
51960	0.008159	0.008703	0.002964	0.000499	302.863185	639.071863	-684262.449
51980	0.008767	0.008615	0.003015	0.000506	320.759527	671.027388	-684243.187
52000	0.007879	0.008412	0.002911	0.000511	315.614295	650.486233	-684259.478
52020	0.007751	0.008098	0.002979	0.000500	317.628455	650.731778	-684312.938
52040	0.007295	0.008301	0.003030	0.000488	331.584109	679.189035	-684153.971
52060	0.007546	0.008632	0.003064	0.000492	381.245251	682.698313	-684293.211
52080	0.007585	0.008677	0.002998	0.000499	326.795177	661.558909	-684294.760
52100	0.007736	0.008485	0.002983	0.000477	330.728255	712.306987	-684265.942
52120	0.007349	0.008542	0.003054	0.000509	313.551969	706.741084	-684343.889
52140	0.007264	0.008907	0.002971	0.000505	301.997144	689.695214	-684363.035
52160	0.007097	0.009012	0.002957	0.000520	336.683209	662.414143	-684256.657
52180	0.007175	0.008625	0.002998	0.000544	322.404876	592.158206	-684117.692
52200	0.007273	0.008674	0.002992	0.000526	310.269199	635.972555	-684266.230
52220	0.007766	0.008616	0.002940	0.000507	316.629479	719.350069	-684481.338
52240	0.007079	0.008695	0.002972	0.000488	347.090408	695.206722	-684176.878
52260	0.007591	0.009534	0.002880	0.000504	315.755157	657.750776	-684342.801
52280	0.008006	0.010713	0.002884	0.000525	326.586013	631.921501	-684401.191
52300	0.007907	0.009527	0.002805	0.000513	330.068210	670.708395	-684350.024
52320	0.008085	0.009043	0.002999	0.000509	397.839549	676.147673	-684357.764
52340	0.007497	0.008935	0.003009	0.000501	375.481772	646.995279	-684277.369
52360	0.007952	0.009026	0.003058	0.000504	375.535583	671.801980	-684177.940
52380	0.007529	0.008545	0.003112	0.000495	358.207860	716.591518	-684276.219
52400	0.007550	0.008515	0.003104	0.000510	385.492918	757.016933	-684202.980
52420	0.007411	0.009019	0.002937	0.000514	365.463403	708.125773	-684351.511
52440	0.007345	0.008786	0.003066	0.000523	339.027423	734.574274	-684246.502
52460	0.007650	0.008898	0.003039	0.000514	365.091303	647.612108	-684394.291
52480	0.007563	0.008190	0.003198	0.000495	354.193313	725.124234	-684325.792
52500	0.007566	0.008762	0.003133	0.000494	348.521125	678.211820	-684279.786
52520	0.007618	0.008917	0.003195	0.000487	390.559267	688.502869	-684221.354
52540	0.007937	0.008939	0.002976	0.000505	350.697688	617.365368	-684274.883
52560	0.007466	0.009527	0.003079	0.000510	324.186427	616.365798	-684181.512
52580	0.007591	0.009186	0.003089	0.000488	378.151486	668.318947	-684263.381
52600	0.007168	0.008873	0.003094	0.000480	394.327612	611.358989	-684153.962
52620	0.007162	0.009402	0.003018	0.000478	356.116501	619.578552	-684354.202
52640	0.007575	0.009518	0.002878	0.000486	356.560290	678.537885	-684478.182
52660	0.007586	0.009858	0.002936	0.000502	345.320337	714.516492	-684433.621
52680	0.007611	0.009434	0.002949	0.000506	334.365742	704.334346	-684302.668
52700	0.007415	0.008745	0.003153	0.000516	373.342528	670.148725	-684313.812
52720	0.008149	0.008616	0.002988	0.000534	317.693005	657.596899	-684242.103
52740	0.008343	0.008550	0.002905	0.000536	299.005323	648.265287	-684390.671
52760	0.008412	0.008857	0.002860	0.000539	328.632391	726.776713	-684348.836
52780	0.007844	0.008950	0.002965	0.000531	327.711070	746.103961	-684394.018
52800	0.007095	0.008674	0.002961	0.000521	315.262797	848.555485	-684225.233
52820	0.007368	0.008436	0.003101	0.000518	307.532884	855.449618	-684356.010
52840	0.007248	0.008436	0.003003	0.000495	316.787772	916.608093	-684138.703
52860	0.006305	0.008308	0.003056	0.000507	293.082067	830.417017	-684163.912
52880	0.007055	0.008426	0.002938	0.000540	275.433440	768.599336	-684204.193
52900	0.006382	0.008276	0.002964	0.000532	268.890235	858.182619	-684357.257
52920	0.007057	0.008293	0.002990	0.000550	276.599670	753.353164	-684337.122
52940	0.007086	0.008697	0.002940	0.000546	317.720216	820.191588	-684347.703
52960	0.006635	0.008763	0.002825	0.000555	304.763704	837.083591	-684311.412
52980	0.006592	0.008826	0.002881	0.000560	295.496045	898.000965	-684315.042
53000	0.006732	0.008389	0.002796	0.000570	281.994457	933.740848	-684340.040
53020	0.006400	0.008054	0.002892	0.000536	309.122576	1008.233896	-684244.697
53040	0.006964	0.008506	0.002934	0.000564	288.114669	949.074210	-684166.980
53060	0.006985	0.008715	0.002832	0.000558	235.647771	957.618637	-684373.487
53080	0.006958	0.008843	0.002791	0.000553	266.631706	961.981571	-684251.466
53100	0.006413	0.008299	0.002871	0.000533	289.162216	1005.613760	-684356.574
53120	0.006431	0.008482	0.003000	0.000529	296.083317	1024.104817	-684191.708
53140	0.006428	0.008683	0.002903	0.000549	272.647108	1001.904926	-684144.156
53160	0.006507	0.008880	0.002902	0.000542	274.333581	1028.792865	-684246.664
53180	0.006661	0.009416	0.002923	0.000542	270.853343	954.166260	-684229.074
53200	0.006626	0.009322	0.002800	0.000533	283.111652	942.879620	-684248.912
53220	0.006471	0.008889	0.002818	0.000526	279.718473	901.959433	-684231.182
53240	0.006851	0.009329	0.002891	0.000541	307.173678	901.297389	-684318.695
53260	0.006926	0.009190	0.002833	0.000550	256.823160	868.156821	-684364.881
53280	0.006405	0.008320	0.002844	0.000534	302.982786	947.203304	-684194.651
53300	0.006657	0.008600	0.003057	0.000541	284.553665	907.816668	-684297.693
53320	0.006360	0.008621	0.002943	0.000529	316.571667	991.847921	-684355.119
53340	0.006562	0.009078	0.002814	0.000533	293.218508	901.198294	-684355.322
53360	0.006668	0.009203	0.002829	0.000558	271.000171	903.303476	-684354.760
53380	0.006392	0.009189	0.002827	0.000540	248.988681	992.920726	-684459.292
53400	0.007189	0.009398	0.002875	0.000565	225.543466	873.552443	-684337.168
53420	0.006880	0.008211	0.003000	0.000537	279.179301	905.369026	-684288.798
53440	0.007028	0.008753	0.003012	0.000535	271.929741	935.960189	-684301.560
53460	0.006233	0.008555	0.003049	0.000534	283.042985	864.238264	-684304.981
53480	0.006232	0.008278	0.003074	0.000516	277.783486	825.529826	-684163.343
53500	0.006804	0.008987	0.002969	0.000526	294.179042	808.691167	-684192.189
53520	0.006836	0.008763	0.003037	0.000536	306.541124	807.465933	-684317.853
53540	0.006892	0.008194	0.002913	0.000511	321.492906	854.897218	-684281.431
53560	0.007305	0.008754	0.002803	0.000557	297.466727	794.233742	-684415.892
53580	0.006841	0.007900	0.002922	0.000516	299.708076	861.661354	-684121.228
53600	0.007459	0.008518	0.002872	0.000548	297.785927	801.982471	-684112.486
53620	0.007326	0.008435	0.002955	0.000533	293.822564	739.495827	-684225.805
53640	0.006615	0.008121	0.003027	0.000514	313.215162	773.621115	-684231.399
53660	0.007122	0.008327	0.002967	0.000512	294.919615	845.849948	-684228.949
53680	0.007826	0.008492	0.002952	0.000536	285.114353	779.963497	-684234.490
53700	0.007907	0.008221	0.002922	0.000535	289.631127	824.334223	-684179.088
53720	0.007380	0.008226	0.003010	0.000515	339.285293	808.906453	-684294.555
53740	0.007966	0.008194	0.003019	0.000534	338.003375	800.879313	-684207.755
53760	0.007546	0.008254	0.003097	0.000502	320.553726	798.865625	-684319.726
53780	0.007226	0.008612	0.003091	0.000493	324.363686	750.948558	-684214.981
53800	0.006767	0.008901	0.003083	0.000498	334.499794	665.444581	-684271.920
53820	0.007666	0.009212	0.002952	0.000516	292.390480	622.094455	-684320.154
53840	0.007572	0.008912	0.002924	0.000488	313.113705	615.846956	-684249.811
53860	0.007798	0.009342	0.002973	0.000491	314.946456	648.705836	-684211.933
53880	0.007897	0.008903	0.002959	0.000500	312.678289	613.556193	-684262.582
53900	0.007333	0.008877	0.003159	0.000501	298.883079	637.710699	-684066.712
53920	0.007393	0.009200	0.003071	0.000489	299.494004	691.297018	-684326.805
53940	0.007440	0.009078	0.003154	0.000472	339.949589	659.852357	-684363.420
53960	0.006956	0.008928	0.003052	0.000465	374.918647	663.815254	-684256.208
53980	0.007883	0.008903	0.003112	0.000486	353.076818	621.779541	-684198.922
54000	0.007976	0.008570	0.002980	0.000490	343.631066	630.107535	-684250.681
54020	0.007371	0.009443	0.002926	0.000494	338.903950	656.652460	-684375.687
54040	0.006953	0.008922	0.003022	0.000468	390.183264	709.016743	-684206.826
54060	0.007541	0.009146	0.002981	0.000495	382.780262	683.780333	-684274.718
54080	0.007314	0.008976	0.003019	0.000509	402.744547	654.980993	-684219.333
54100	0.007185	0.008565	0.003045	0.000499	407.513282	675.312393	-684257.516
54120	0.007362	0.009412	0.003060	0.000502	398.341204	727.381864	-684319.780
54140	0.007498	0.009583	0.003134	0.000503	400.069065	709.926350	-684353.482
54160	0.007417	0.008912	0.003026	0.000514	363.817548	733.135018	-684244.094
54180	0.007469	0.008821	0.002921	0.000500	388.287723	758.027884	-684333.003
54200	0.007069	0.009084	0.002970	0.000506	357.834491	700.576832	-684273.811
54220	0.007238	0.009409	0.002934	0.000504	367.012033	696.824155	-684441.021
54240	0.007465	0.009259	0.003057	0.000506	363.501058	746.464770	-684301.090
54260	0.007039	0.008763	0.003148	0.000497	391.402815	719.530493	-684261.185
54280	0.007257	0.008898	0.002975	0.000511	343.495608	743.118703	-684199.072
54300	0.007497	0.008710	0.002948	0.000525	369.348732	703.967264	-684244.119
54320	0.006947	0.008112	0.003020	0.000512	405.988062	694.816932	-684372.061
54340	0.006657	0.008654	0.002981	0.000505	374.827157	722.682013	-684062.374
54360	0.006743	0.009153	0.002942	0.000544	312.657248	683.903921	-684189.750
54380	0.007154	0.008603	0.003040	0.000524	311.127213	713.819344	-684255.089
54400	0.007196	0.008456	0.002961	0.000516	349.877843	710.763425	-684307.648
54420	0.006769	0.008389	0.003100	0.000521	322.201770	702.251175	-684287.001
54440	0.007050	0.008437	0.002873	0.000527	331.772935	698.347290	-684217.321
54460	0.006835	0.008961	0.003054	0.000537	342.625564	671.955419	-684305.847
54480	0.006461	0.009568	0.002874	0.000523	352.723027	786.825571	-684436.171
54500	0.006831	0.009505	0.002955	0.000526	357.516199	709.572924	-684335.464
54520	0.006932	0.009406	0.002881	0.000518	374.458078	708.902574	-684246.378
54540	0.007385	0.009537	0.002948	0.000520	355.513523	687.448421	-684313.451
54560	0.007516	0.008672	0.002946	0.000500	326.746830	684.161945	-684287.223
54580	0.007696	0.008620	0.002920	0.000514	374.690692	693.031211	-684291.073
54600	0.007985	0.008529	0.002894	0.000524	390.465939	612.786314	-684358.082
54620	0.007680	0.008752	0.002859	0.000509	380.277101	664.333104	-684235.003
54640	0.007899	0.008137	0.002959	0.000515	338.835772	698.289485	-684330.280
54660	0.007911	0.007992	0.002963	0.000534	328.596114	646.842458	-684224.031
54680	0.008046	0.007529	0.002935	0.000513	374.824181	712.914011	-684222.845
54700	0.007339	0.008175	0.002956	0.000542	399.418007	696.283816	-684182.225
54720	0.006851	0.008367	0.003065	0.000527	434.925511	743.830127	-684196.629
54740	0.006787	0.008352	0.002952	0.000510	408.697706	720.574882	-684210.000
54760	0.007682	0.008422	0.002907	0.000538	381.307480	694.492174	-684245.020
54780	0.007703	0.007911	0.002961	0.000515	416.953726	773.531763	-684342.229
54800	0.007578	0.008072	0.002823	0.000522	412.793478	762.061897	-684352.129
54820	0.007604	0.007944	0.002844	0.000515	465.593918	767.327774	-684314.343
54840	0.007070	0.008426	0.003002	0.000525	433.637297	817.505782	-684407.852
54860	0.007856	0.008948	0.002928	0.000530	381.270314	776.618400	-684329.590
54880	0.007243	0.008140	0.002925	0.000529	376.526197	767.851898	-684397.894
54900	0.007194	0.007905	0.002892	0.000534	383.866727	711.135071	-684200.694
54920	0.007059	0.008051	0.003024	0.000504	407.329852	762.032868	-684261.742
54940	0.006995	0.008032	0.003024	0.000521	398.745279	743.391792	-684176.006
54960	0.007541	0.007868	0.002970	0.000516	409.137096	703.411953	-684298.772
54980	0.007377	0.007932	0.002974	0.000513	398.844067	716.270133	-684253.110
55000	0.006833	0.007979	0.003052	0.000498	378.888035	753.737830	-684169.683
55020	0.007320	0.008977	0.003028	0.000516	362.994308	722.875565	-684389.143
55040	0.007356	0.008641	0.002973	0.000512	391.835553	774.090307	-684358.046
55060	0.007380	0.008621	0.002988	0.000504	402.081292	751.284625	-684252.758
55080	0.007504	0.009443	0.003062	0.000524	398.096207	703.228556	-684310.144
55100	0.007258	0.008907	0.002923	0.000523	385.535326	784.150797	-684290.751
55120	0.007041	0.008546	0.002939	0.000516	404.454246	794.732050	-684233.200
55140	0.007805	0.008520	0.002944	0.000528	384.212673	762.869485	-684257.107
55160	0.007185	0.008393	0.002917	0.000508	399.971000	786.348615	-684351.418
55180	0.007770	0.008386	0.002972	0.000542	385.689463	692.576425	-684255.469
55200	0.006747	0.008210	0.002976	0.000530	394.202559	835.740266	-684394.046
55220	0.006938	0.008284	0.002840	0.000534	425.840827	822.849193	-684178.427
55240	0.007070	0.008839	0.002888	0.000553	395.858030	738.120939	-684356.923
55260	0.007131	0.008493	0.002856	0.000555	446.208260	737.900659	-684297.314
55280	0.006486	0.009025	0.002779	0.000558	404.273317	788.028281	-684269.058
55300	0.006416	0.009048	0.002767	0.000563	405.060744	739.458820	-684331.300
55320	0.006799	0.008510	0.002871	0.000555	411.908202	742.948090	-684311.338
55340	0.006573	0.008328	0.003031	0.000547	442.910684	741.684497	-684334.929
55360	0.007142	0.007989	0.002946	0.000547	449.633346	735.102220	-684357.971
55380	0.007431	0.007582	0.002888	0.000562	475.399878	662.234972	-684349.629
55400	0.007657	0.007511	0.002921	0.000541	467.169431	716.083950	-684450.346
55420	0.007601	0.007362	0.002828	0.000525	452.572331	703.867472	-684238.864
55440	0.008098	0.007773	0.002967	0.000552	448.366749	634.341111	-684335.012
55460	0.007877	0.007974	0.002854	0.000557	425.513700	623.282011	-684383.231
55480	0.008098	0.008299	0.002865	0.000524	430.705078	673.116265	-684322.059
55500	0.007755	0.008450	0.002909	0.000527	385.233820	746.851336	-684338.765
55520	0.007315	0.008629	0.002992	0.000518	360.270835	783.221294	-684411.388
55540	0.008246	0.008331	0.002874	0.000517	364.735770	727.469440	-684290.670
55560	0.007525	0.008305	0.002960	0.000509	368.054417	779.868590	-684349.690
55580	0.007281	0.007933	0.003107	0.000494	362.988122	769.397519	-684391.127
55600	0.008032	0.008567	0.003086	0.000502	334.569336	732.353203	-684242.371
55620	0.007614	0.008599	0.002956	0.000492	360.867596	681.894208	-684310.223
55640	0.007509	0.008641	0.003053	0.000489	337.970941	665.829897	-684385.163
55660	0.008105	0.008943	0.002946	0.000501	335.635463	578.434471	-684271.564
55680	0.008230	0.008834	0.002845	0.000495	386.837815	583.294098	-684362.411
55700	0.008205	0.009098	0.002907	0.000504	372.648945	607.115990	-684369.408
55720	0.008427	0.009042	0.002942	0.000495	369.629561	607.738669	-684343.320
55740	0.007763	0.008827	0.003032	0.000486	410.322228	632.918748	-684423.879
55760	0.007531	0.009209	0.002924	0.000513	336.548119	639.659408	-684372.592
55780	0.007410	0.008523	0.002919	0.000520	335.418227	618.194109	-684409.326
55800	0.007511	0.008956	0.002983	0.000515	351.478895	667.348562	-684284.308
55820	0.007423	0.008256	0.003039	0.000494	352.540422	682.236841	-684222.143
55840	0.007667	0.008694	0.003006	0.000510	301.466519	610.491944	-684288.616
55860	0.007414	0.009200	0.003004	0.000505	283.058085	593.001570	-684186.018
55880	0.007554	0.009412	0.002938	0.000514	285.480612	575.990244	-684335.965
55900	0.007675	0.009363	0.002931	0.000489	293.317251	580.227248	-684315.542
55920	0.007745	0.009359	0.003011	0.000500	308.422194	552.100885	-684257.447
55940	0.008192	0.009124	0.003072	0.000500	305.360663	596.033023	-684436.075
55960	0.008009	0.008438	0.003044	0.000495	363.495523	616.167048	-684284.570
55980	0.007930	0.008561	0.002977	0.000488	383.620405	664.084978	-684411.092
56000	0.007227	0.008971	0.003030	0.000510	347.199358	708.496510	-684232.567
56020	0.007833	0.008619	0.002887	0.000505	336.500198	759.316412	-684302.197
56040	0.008124	0.008263	0.002958	0.000510	355.710554	755.591453	-684182.858
56060	0.008278	0.008764	0.002995	0.000518	314.688264	715.798722	-684356.387
56080	0.007513	0.008269	0.003063	0.000516	342.697396	717.482976	-684346.297
56100	0.007539	0.008326	0.002865	0.000512	299.304801	711.386648	-684328.913
56120	0.007260	0.008532	0.003049	0.000499	277.160969	756.143174	-684290.363
56140	0.007991	0.008655	0.002853	0.000523	272.064667	692.743136	-684215.558
56160	0.007567	0.008718	0.002989	0.000519	297.143562	709.985977	-684430.150
56180	0.007406	0.008963	0.003058	0.000513	297.924246	761.521204	-684303.910
56200	0.007560	0.008438	0.002940	0.000502	313.083170	768.960232	-684282.326
56220	0.007938	0.008850	0.003126	0.000526	342.721566	779.495687	-684179.974
56240	0.007930	0.008524	0.002986	0.000492	375.005517	752.566837	-684346.305
56260	0.008092	0.009640	0.002911	0.000513	331.345675	731.454900	-684455.298
56280	0.007846	0.009269	0.002994	0.000507	310.916889	765.276790	-684185.527
56300	0.007422	0.009062	0.002875	0.000488	365.725058	809.117053	-684333.504
56320	0.007238	0.009066	0.002998	0.000485	368.050412	706.195076	-684251.796
56340	0.007447	0.009114	0.003016	0.000481	339.907190	675.349174	-684287.217
56360	0.007831	0.009276	0.002909	0.000501	317.454914	689.114717	-684264.672
56380	0.007818	0.008715	0.002913	0.000508	329.751122	692.228938	-684354.060
56400	0.007573	0.008994	0.002962	0.000487	362.364604	659.848954	-684141.889
56420	0.007734	0.008753	0.003046	0.000525	339.097711	639.889685	-684449.309
56440	0.007294	0.008517	0.003008	0.000521	398.790922	612.387555	-684230.603
56460	0.007136	0.008468	0.002983	0.000529	357.948689	602.568274	-684318.797
56480	0.007141	0.009053	0.002924	0.000525	371.152281	663.774684	-684392.228
56500	0.006922	0.008703	0.002983	0.000513	376.131509	654.913817	-684247.110
56520	0.006949	0.008226	0.003066	0.000504	404.186521	720.652233	-684170.711
56540	0.007296	0.008604	0.003022	0.000522	363.440578	697.792490	-684167.000
56560	0.007030	0.008366	0.003059	0.000507	380.551285	701.609106	-684262.698
56580	0.007334	0.008617	0.003074	0.000500	359.882097	738.178692	-684365.574
56600	0.007862	0.008639	0.002967	0.000505	391.042981	622.352614	-684195.283
56620	0.007861	0.008873	0.003058	0.000505	421.597421	627.677495	-684215.875
56640	0.007811	0.008456	0.003065	0.000496	427.663736	631.597171	-684291.375
56660	0.007783	0.008889	0.002951	0.000515	415.585314	588.154281	-684400.466
56680	0.008042	0.008800	0.002930	0.000528	386.605335	611.189967	-684317.818
56700	0.007496	0.008068	0.002983	0.000512	366.152937	615.070646	-684309.450
56720	0.007886	0.008328	0.002917	0.000530	421.235591	595.917967	-684297.891
56740	0.007615	0.008425	0.002977	0.000530	374.898611	620.652317	-684353.170
56760	0.007435	0.008833	0.003041	0.000524	330.782995	644.098046	-684256.563
56780	0.007641	0.008861	0.002943	0.000526	323.469420	627.742150	-684174.703
56800	0.007724	0.008544	0.002869	0.000516	349.608629	642.360465	-684343.251
56820	0.007892	0.008296	0.002979	0.000520	343.261127	694.096179	-684371.128
56840	0.007262	0.008239	0.002985	0.000517	336.813243	723.027300	-684321.786
56860	0.007739	0.008450	0.002979	0.000527	333.711735	656.493591	-684113.249
56880	0.006656	0.008298	0.003155	0.000496	342.225233	678.252874	-684160.602
56900	0.006593	0.008900	0.003087	0.000493	373.412399	718.722108	-684275.275
56920	0.007041	0.008579	0.002973	0.000505	314.413311	712.926723	-684310.488
56940	0.006475	0.009065	0.003038	0.000516	319.252901	730.517240	-684195.255
56960	0.007113	0.009266	0.002970	0.000523	312.902816	695.527923	-684315.833
56980	0.006816	0.010072	0.002984	0.000530	311.577673	725.969399	-684409.942
57000	0.006906	0.008859	0.002991	0.000508	302.187218	756.566519	-684193.641
57020	0.007173	0.008681	0.003020	0.000503	305.624658	787.267750	-684362.823
57040	0.007269	0.008835	0.002916	0.000499	243.980629	714.956682	-684237.924
57060	0.007776	0.008940	0.002966	0.000508	224.348829	684.676992	-684327.064
57080	0.007473	0.009010	0.002956	0.000501	239.102619	714.319914	-684267.710
57100	0.008063	0.008491	0.002941	0.000503	241.553822	690.821623	-684213.381
57120	0.007808	0.008771	0.002973	0.000505	240.562097	635.740461	-684181.006
57140	0.007832	0.008511	0.003054	0.000494	257.568176	709.444588	-684146.591
57160	0.008466	0.009591	0.003015	0.000491	307.026695	697.235641	-684384.346
57180	0.008242	0.009117	0.002955	0.000483	298.349269	704.115224	-684389.050
57200	0.007961	0.008322	0.003154	0.000492	293.365585	640.877456	-684286.106
57220	0.007766	0.008812	0.002941	0.000505	288.461184	628.402895	-684303.963
57240	0.008436	0.008846	0.002925	0.000489	300.276303	669.222085	-684372.151
57260	0.007847	0.008818	0.002921	0.000499	288.241082	630.776752	-684298.071
57280	0.009047	0.008478	0.002995	0.000495	306.277098	608.864152	-684330.273
57300	0.007995	0.009281	0.003070	0.000491	274.433733	601.102432	-684421.782
57320	0.007444	0.009155	0.002961	0.000478	300.205982	641.594804	-684284.575
57340	0.007777	0.009147	0.003005	0.000490	286.621439	632.588335	-684306.084
57360	0.007904	0.009034	0.003034	0.000492	283.254155	638.242421	-684298.434
57380	0.007481	0.009096	0.002941	0.000485	295.656602	656.987025	-684198.854
57400	0.007490	0.009099	0.002893	0.000493	308.504419	661.498529	-684377.459
57420	0.007225	0.009407	0.002970	0.000514	281.295825	665.445681	-684379.633
57440	0.007964	0.008964	0.002979	0.000513	230.661248	663.132973	-684209.256
57460	0.008101	0.009099	0.002857	0.000509	230.469065	698.149651	-684404.776
57480	0.007586	0.008482	0.003008	0.000485	265.922424	683.288522	-684167.959
57500	0.007807	0.008570	0.003023	0.000465	253.804412	671.953155	-684342.072
57520	0.007926	0.009275	0.003078	0.000477	270.230859	677.179036	-684407.341
57540	0.008430	0.009126	0.002983	0.000487	282.375470	627.433331	-684250.112
57560	0.007938	0.008703	0.003022	0.000487	298.968587	622.976761	-684335.853
57580	0.008036	0.008803	0.003070	0.000502	263.233734	629.440282	-684291.141
57600	0.007707	0.009134	0.003031	0.000497	224.387406	622.872835	-684220.433
57620	0.007704	0.009398	0.003010	0.000484	251.514622	638.231299	-684373.512
57640	0.007412	0.009353	0.003185	0.000472	247.163221	693.584147	-684256.072
57660	0.007821	0.009489	0.003104	0.000456	247.871676	733.716455	-684248.854
57680	0.007722	0.009453	0.003105	0.000480	230.472631	629.188736	-684286.270
57700	0.007933	0.009800	0.003016	0.000488	264.847039	700.206718	-684433.087
57720	0.007508	0.009172	0.002990	0.000479	258.018134	685.492559	-684335.497
57740	0.007594	0.009316	0.002963	0.000507	250.719172	580.341822	-684327.290
57760	0.007227	0.009294	0.003020	0.000497	285.510095	637.568224	-684402.164
57780	0.007396	0.009095	0.003007	0.000501	261.861153	678.203309	-684354.320
57800	0.007334	0.008947	0.003063	0.000501	254.264377	689.139402	-684423.756
57820	0.007996	0.009266	0.002931	0.000521	271.303049	637.239348	-684438.942
57840	0.007772	0.008999	0.002866	0.000514	277.577869	676.711816	-684396.597
57860	0.007509	0.009732	0.002997	0.000507	252.661038	703.584421	-684326.755
57880	0.006861	0.009384	0.002915	0.000493	321.440912	765.483589	-684361.261
57900	0.007709	0.009499	0.002930	0.000506	311.039000	740.512812	-684358.929
57920	0.007587	0.008888	0.002960	0.000486	335.394044	710.345331	-684242.683
57940	0.007373	0.008948	0.002965	0.000512	313.529492	725.476473	-684432.228
57960	0.007618	0.008613	0.002872	0.000498	362.777722	726.640118	-684234.882
57980	0.007628	0.008767	0.002950	0.000514	312.849198	696.454652	-684242.251
58000	0.007688	0.008601	0.002921	0.000496	351.001882	732.082377	-684323.069
58020	0.007543	0.008624	0.003028	0.000487	333.659312	726.833766	-684354.181
58040	0.007773	0.009003	0.002973	0.000502	288.778111	704.002219	-684149.503
58060	0.007440	0.008487	0.003051	0.000473	335.061992	764.120705	-684242.473
58080	0.008032	0.008557	0.002943	0.000472	362.474049	776.266809	-684223.915
58100	0.008518	0.008972	0.003045	0.000475	385.956224	742.592089	-684399.207
58120	0.008322	0.008961	0.003135	0.000481	357.217280	707.395128	-684394.585
58140	0.008136	0.008899	0.002953	0.000491	352.236988	722.163429	-684457.688
58160	0.007931	0.008957	0.002983	0.000520	306.938995	693.087256	-684255.088
58180	0.007694	0.009137	0.002886	0.000507	349.506637	731.032779	-684196.124
58200	0.007219	0.008968	0.002893	0.000511	326.609373	738.685669	-684375.352
58220	0.006596	0.008429	0.002928	0.000500	367.949245	769.380465	-684144.182
58240	0.007242	0.008568	0.003021	0.000512	360.802579	784.939121	-684374.386
58260	0.006919	0.008815	0.003017	0.000512	319.072221	819.137168	-684305.396
58280	0.006861	0.008606	0.003000	0.000509	303.581269	922.378828	-684238.485
58300	0.007212	0.009079	0.002987	0.000518	298.338231	891.712191	-684319.601
58320	0.006907	0.009314	0.002994	0.000519	284.454941	858.256993	-684290.819
58340	0.006761	0.009275	0.002964	0.000513	309.939631	900.142207	-684260.181
58360	0.006502	0.009059	0.002978	0.000510	338.892610	920.542533	-684276.910
58380	0.006523	0.009434	0.003043	0.000506	334.651487	868.892891	-684282.476
58400	0.006225	0.009332	0.003073	0.000476	324.180272	882.683765	-684291.327
58420	0.006746	0.009318	0.003076	0.000478	324.569513	953.106697	-684269.003
58440	0.007052	0.008915	0.002929	0.000504	297.718705	960.381864	-684262.100
58460	0.006996	0.008611	0.002997	0.000510	269.832472	952.091148	-684102.140
58480	0.006742	0.009195	0.003126	0.000511	282.935953	978.801928	-684233.797
58500	0.006612	0.008872	0.003030	0.000495	278.928212	938.877094	-684186.458
58520	0.006706	0.009266	0.002898	0.000505	216.717505	940.596831	-684178.130
58540	0.006922	0.009656	0.002987	0.000530	203.984490	885.848207	-684335.719
58560	0.007043	0.009442	0.002905	0.000519	211.379199	875.722669	-684456.340
58580	0.007235	0.009062	0.003042	0.000509	223.803837	887.838628	-684244.006
58600	0.007300	0.009067	0.002940	0.000515	247.045429	877.346863	-684302.256
58620	0.007192	0.009112	0.002925	0.000534	249.776170	805.300988	-684325.104
58640	0.007140	0.008689	0.002895	0.000510	254.379290	833.999057	-684134.183
58660	0.007192	0.009276	0.002903	0.000501	267.912396	862.442981	-684289.085
58680	0.007094	0.008910	0.002895	0.000507	267.491359	870.152133	-684323.940
58700	0.007269	0.009310	0.003005	0.000530	230.170606	833.994066	-684359.313
58720	0.007113	0.008795	0.003014	0.000518	239.962897	904.891808	-684303.787
58740	0.006564	0.008510	0.002966	0.000512	228.681334	939.910346	-684242.083
58760	0.006843	0.009474	0.002891	0.000508	218.809087	927.536480	-684230.931
58780	0.007257	0.008735	0.002988	0.000518	223.166757	976.216320	-684301.823
58800	0.007122	0.008701	0.002952	0.000547	200.064199	877.714179	-684225.978
58820	0.006616	0.008736	0.002912	0.000517	213.308634	984.130937	-684310.565
58840	0.007148	0.008950	0.002969	0.000538	216.220108	929.897579	-684404.502
58860	0.007136	0.009421	0.002806	0.000523	227.848822	939.400867	-684494.448
58880	0.007136	0.009131	0.002833	0.000524	195.924372	941.659271	-684413.407
58900	0.007303	0.009127	0.002909	0.000530	184.163261	943.720242	-684368.691
58920	0.006870	0.009247	0.002889	0.000516	186.918661	918.758478	-684388.180
58940	0.006457	0.009160	0.003041	0.000503	209.566304	948.666656	-684267.301
58960	0.007489	0.008552	0.002955	0.000505	202.081118	888.850693	-684245.434
58980	0.007219	0.008800	0.002983	0.000499	194.955162	964.523184	-684301.675
59000	0.007195	0.009485	0.002982	0.000510	211.640795	973.611059	-684318.610
59020	0.006781	0.009679	0.003012	0.000498	222.471083	1026.850037	-684397.279
59040	0.006694	0.009354	0.003087	0.000517	210.871143	936.945296	-684256.333
59060	0.006922	0.009630	0.003000	0.000521	227.252622	957.132738	-684451.516
59080	0.007533	0.009735	0.003006	0.000509	234.553042	882.798390	-684306.920
59100	0.007780	0.009029	0.003163	0.000487	250.490398	892.116176	-684222.685
59120	0.007369	0.009453	0.003125	0.000481	246.090907	947.749072	-684214.121
59140	0.007399	0.009190	0.003167	0.000482	213.680602	984.057218	-684271.890
59160	0.007138	0.009245	0.003092	0.000484	201.659736	919.309440	-684198.338
59180	0.006919	0.010008	0.003047	0.000490	191.093461	926.116686	-684443.079
59200	0.006564	0.010249	0.003017	0.000488	188.984959	887.539431	-684335.236
59220	0.006736	0.009466	0.003000	0.000490	174.973821	892.240197	-684259.677
59240	0.006772	0.009335	0.003042	0.000504	168.428047	907.916589	-684343.443
59260	0.007245	0.008968	0.003054	0.000495	174.925768	887.953498	-684404.305
59280	0.006985	0.008678	0.003107	0.000483	201.431630	867.232531	-684113.950
59300	0.007243	0.009047	0.003055	0.000493	180.169272	871.653563	-684414.776
59320	0.007276	0.009437	0.002978	0.000510	142.861826	822.451912	-684283.798
59340	0.007041	0.009972	0.003058	0.000499	158.065285	847.071323	-684355.472
59360	0.006983	0.009975	0.003063	0.000499	157.851487	902.857122	-684380.358
59380	0.006906	0.009740	0.002940	0.000485	195.475413	906.330793	-684263.294
59400	0.006655	0.009380	0.003076	0.000486	177.018524	931.730495	-684289.665
59420	0.007091	0.009073	0.003181	0.000498	188.470887	868.238944	-684171.916
59440	0.006963	0.009709	0.003054	0.000494	217.889490	860.563490	-684192.590
59460	0.006577	0.008800	0.003096	0.000492	233.982099	773.901864	-684280.535
59480	0.006262	0.009630	0.003147	0.000489	224.752392	757.762617	-684127.532
59500	0.006756	0.009524	0.003137	0.000480	227.866692	736.660528	-684349.851
59520	0.007457	0.010032	0.002998	0.000498	253.555111	698.820678	-684460.066
59540	0.007494	0.008655	0.002955	0.000494	244.946657	688.040844	-684257.178
59560	0.007705	0.009088	0.002861	0.000502	228.271401	616.114019	-684158.244
59580	0.007255	0.009064	0.003001	0.000482	258.759994	633.226370	-684227.956
59600	0.007082	0.009752	0.002939	0.000499	307.295799	661.881119	-684327.781
59620	0.007317	0.008696	0.003067	0.000499	263.123119	570.068389	-684264.818
59640	0.007780	0.009355	0.002972	0.000514	241.787749	670.987213	-684321.773
59660	0.007507	0.008625	0.003006	0.000491	278.697113	680.108541	-684328.556
59680	0.006967	0.009010	0.002917	0.000507	296.424655	654.272610	-684233.118
59700	0.006918	0.009158	0.002998	0.000497	291.230549	645.998621	-684235.610
59720	0.007465	0.008931	0.003043	0.000503	288.191756	659.759482	-684395.695
59740	0.007812	0.008882	0.002874	0.000501	323.456376	624.701690	-684509.810
59760	0.008011	0.008641	0.002938	0.000506	307.285615	648.182562	-684408.838
59780	0.007863	0.008641	0.003029	0.000504	345.439579	666.530355	-684276.135
59800	0.007852	0.008723	0.002993	0.000497	353.331132	720.889464	-684336.771
59820	0.007272	0.009213	0.002982	0.000486	382.707826	718.836858	-684451.755
59840	0.007352	0.009439	0.002946	0.000500	392.173474	739.698523	-684329.809
59860	0.007491	0.009477	0.002965	0.000507	319.776376	697.360108	-684319.820
59880	0.007312	0.008896	0.002937	0.000493	358.428011	685.745474	-684233.070
59900	0.008018	0.009126	0.002969	0.000495	387.362097	727.358139	-684308.146
59920	0.008275	0.009333	0.002933	0.000498	335.481446	625.112654	-684286.792
59940	0.007546	0.009255	0.002896	0.000511	311.573054	646.703974	-684376.186
59960	0.007127	0.008897	0.002912	0.000505	344.060931	735.822293	-684092.866
59980	0.007436	0.009801	0.002850	0.000512	316.042752	707.068236	-684484.400
60000	0.006817	0.009291	0.002907	0.000502	330.802153	806.133479	-684201.095
60020	0.006638	0.009679	0.002842	0.000513	287.669131	846.853532	-684295.842
60040	0.006423	0.009361	0.002872	0.000508	278.507515	900.213434	-684280.222
60060	0.006789	0.009104	0.002933	0.000528	273.874070	880.398086	-684269.137
60080	0.006739	0.009054	0.002990	0.000526	253.478020	873.356375	-684124.545
60100	0.006099	0.009185	0.003091	0.000514	246.538329	884.215130	-684101.653
60120	0.006607	0.009208	0.002966	0.000535	251.692867	834.065263	-684337.481
60140	0.006835	0.009753	0.002856	0.000551	238.283223	900.770346	-684436.868
60160	0.006327	0.008986	0.003015	0.000529	258.016070	838.913695	-684147.478
60180	0.006554	0.008611	0.002957	0.000510	275.142912	910.663622	-684225.211
60200	0.007070	0.008850	0.003032	0.000522	292.080538	872.035948	-684288.485
60220	0.007574	0.009017	0.002997	0.000519	317.257314	890.158010	-684230.390
60240	0.007408	0.008979	0.002961	0.000516	336.600931	870.826208	-684370.270
60260	0.007241	0.009340	0.002928	0.000516	297.555380	832.763558	-684297.641
60280	0.007329	0.009109	0.002941	0.000497	355.901515	832.172020	-684242.231
60300	0.007870	0.009274	0.002935	0.000506	382.715641	788.318504	-684314.029
60320	0.008066	0.008916	0.003084	0.000513	390.773685	797.902319	-684272.996
60340	0.007451	0.008499	0.002910	0.000511	354.965804	758.508687	-684305.299
60360	0.007611	0.008369	0.003000	0.000505	369.425850	731.700857	-684274.434
60380	0.007829	0.008532	0.002930	0.000500	336.964746	784.739234	-684319.948
60400	0.007718	0.008977	0.002961	0.000501	343.601169	750.608103	-684329.011
60420	0.007537	0.009148	0.002994	0.000527	309.409052	717.573431	-684198.076
60440	0.007556	0.009087	0.003002	0.000518	307.215223	732.411386	-684263.731
60460	0.007311	0.008375	0.002959	0.000511	344.714505	754.530568	-684229.221
60480	0.007259	0.008604	0.002995	0.000518	302.800687	726.504566	-684353.819
60500	0.007381	0.009057	0.002991	0.000505	336.721279	714.978135	-684379.127
60520	0.007179	0.008750	0.003065	0.000511	291.827988	734.559228	-684268.982
60540	0.007916	0.008438	0.003016	0.000508	357.261127	753.047683	-684344.687
60560	0.008062	0.008693	0.003008	0.000518	340.098069	757.537001	-684326.777
60580	0.007627	0.008439	0.002983	0.000491	364.680623	762.334133	-684332.817
60600	0.007387	0.008837	0.003040	0.000500	382.510336	793.668994	-684386.784
60620	0.007485	0.008966	0.002934	0.000482	354.029987	798.434574	-684327.370
60640	0.007584	0.009344	0.003060	0.000489	358.795810	765.117374	-684246.542
60660	0.007237	0.008720	0.002998	0.000488	360.279038	777.806836	-684401.916
60680	0.007390	0.009061	0.002916	0.000494	331.706416	761.692951	-684379.730
60700	0.007464	0.008580	0.003093	0.000510	309.492958	730.337391	-684368.220
60720	0.007733	0.008576	0.002972	0.000499	313.065417	712.463330	-684221.330
60740	0.008492	0.008604	0.002986	0.000504	293.364202	702.981714	-684241.840
60760	0.007834	0.008439	0.002939	0.000518	274.295406	704.018535	-684288.643
60780	0.008284	0.008399	0.002851	0.000514	277.793589	762.352894	-684339.300
60800	0.007675	0.008341	0.002997	0.000515	282.148671	747.085298	-684177.415
60820	0.007648	0.008510	0.002928	0.000493	329.319260	800.614951	-684258.516
60840	0.007561	0.008562	0.002912	0.000496	336.942494	784.900906	-684275.950
60860	0.007467	0.008283	0.002951	0.000489	313.410706	808.661971	-684218.272
60880	0.007786	0.008240	0.002983	0.000488	288.746425	744.594093	-684397.843
60900	0.007660	0.008647	0.002944	0.000499	313.109116	755.013497	-684219.372
60920	0.007351	0.008733	0.002982	0.000516	302.005637	783.804814	-684410.979
60940	0.007491	0.008531	0.002938	0.000508	307.212458	782.995865	-684329.374
60960	0.007392	0.009040	0.002979	0.000527	336.142525	717.617388	-684448.967
60980	0.007380	0.009044	0.002808	0.000533	324.363926	743.359973	-684378.222
61000	0.007903	0.008923	0.002858	0.000526	366.612186	673.472876	-684316.931
61020	0.007211	0.008807	0.002794	0.000542	356.136540	705.469261	-684264.826
61040	0.006707	0.008444	0.002889	0.000550	364.939751	700.554016	-684248.515
61060	0.006655	0.008598	0.002861	0.000545	356.654069	787.520681	-684263.384
61080	0.006396	0.008422	0.002949	0.000548	342.605976	746.338684	-684270.854
61100	0.006192	0.008508	0.002964	0.000529	368.836398	845.179726	-684394.902
61120	0.006643	0.008800	0.002976	0.000533	384.252845	836.719617	-684260.546
61140	0.006423	0.008424	0.003029	0.000537	406.450010	791.870369	-684260.329
61160	0.007374	0.008452	0.002864	0.000553	417.544617	853.032486	-684323.741
61180	0.007354	0.008270	0.002807	0.000548	394.398772	854.235836	-684375.711
61200	0.006799	0.008476	0.002911	0.000563	354.715683	872.736907	-684341.849
61220	0.006915	0.008352	0.002857	0.000549	362.360393	840.988268	-684345.965
61240	0.006823	0.008026	0.002887	0.000548	358.601859	794.012799	-684342.957
61260	0.007300	0.007993	0.002997	0.000550	400.706982	778.597617	-684305.648
61280	0.006988	0.007726	0.002999	0.000543	424.958316	734.368646	-684367.346
61300	0.007254	0.007567	0.002990	0.000535	432.549186	782.871074	-684316.847
61320	0.007291	0.007433	0.002920	0.000537	440.116864	740.326645	-684288.419
61340	0.007032	0.007929	0.002920	0.000553	396.396381	735.218153	-684320.715
61360	0.007250	0.008198	0.002882	0.000550	346.054009	724.062929	-684355.506
61380	0.006896	0.008270	0.002953	0.000525	415.404756	745.650430	-684238.976
61400	0.006861	0.008950	0.002953	0.000526	430.137353	767.288842	-684208.109
61420	0.007224	0.008777	0.002874	0.000519	393.743575	813.290292	-684391.839
61440	0.007216	0.009551	0.002877	0.000520	338.006322	827.851635	-684346.014
61460	0.007289	0.009711	0.002891	0.000526	321.871639	818.213183	-684322.182
61480	0.006994	0.009104	0.002922	0.000496	332.186031	782.553218	-684342.044
61500	0.007412	0.008957	0.002940	0.000516	313.240000	714.032512	-684382.026
61520	0.006734	0.008670	0.003098	0.000511	312.803961	757.840872	-684147.923
61540	0.007222	0.008459	0.002981	0.000517	299.440196	705.448623	-684276.448
61560	0.007387	0.008618	0.002896	0.000520	312.081864	724.816194	-684400.269
61580	0.007372	0.008562	0.002982	0.000515	293.877492	738.238856	-684318.864
61600	0.007927	0.008134	0.002816	0.000503	278.591632	773.405507	-684243.892
61620	0.006999	0.008471	0.003027	0.000508	276.714524	754.993278	-684207.962
61640	0.007006	0.008669	0.002849	0.000495	279.661640	748.374944	-684072.508
61660	0.007535	0.008931	0.002880	0.000521	254.700766	714.931597	-684405.983
61680	0.007212	0.008892	0.002909	0.000501	223.515759	694.209773	-684252.854
61700	0.006614	0.009913	0.003066	0.000501	259.286521	738.737869	-684176.152
61720	0.007106	0.010606	0.003089	0.000505	250.231103	782.267855	-684282.191
61740	0.006874	0.009685	0.003086	0.000491	284.353373	746.903912	-684205.594
61760	0.007595	0.009490	0.003074	0.000494	267.087995	770.319076	-684373.788
61780	0.007324	0.009274	0.003035	0.000488	306.140691	774.838000	-684353.767
61800	0.006587	0.008666	0.002978	0.000458	353.983533	809.323640	-684302.743
61820	0.007113	0.009052	0.002982	0.000494	325.742446	746.468613	-684373.766
61840	0.007654	0.009782	0.002829	0.000517	300.729043	750.185698	-684410.706
61860	0.006953	0.009696	0.002873	0.000506	288.963314	823.111408	-684284.015
61880	0.007532	0.010005	0.002893	0.000527	272.362539	815.896139	-684367.476
61900	0.006808	0.009818	0.002850	0.000520	239.933785	881.098887	-684252.801
61920	0.007092	0.009506	0.002955	0.000518	276.697758	866.693157	-684283.208
61940	0.007193	0.008907	0.002897	0.000509	296.860871	834.864236	-684230.438
61960	0.006654	0.008718	0.002972	0.000484	322.031390	965.949330	-684276.279
61980	0.007049	0.009262	0.003074	0.000521	279.861137	823.731637	-684229.622
62000	0.006868	0.008725	0.002875	0.000540	301.042217	730.878475	-684263.971
62020	0.006632	0.008842	0.002857	0.000549	331.875176	719.621532	-684415.997
62040	0.006884	0.009137	0.002890	0.000560	375.619616	715.249758	-684330.656
62060	0.006549	0.008436	0.002845	0.000543	393.929764	744.188146	-684134.144
62080	0.006969	0.008430	0.002825	0.000537	377.819101	757.954964	-684196.648
62100	0.006950	0.008417	0.002983	0.000526	380.072355	714.912475	-684259.311
62120	0.007110	0.008228	0.002958	0.000514	387.197309	769.378756	-684207.267
62140	0.007113	0.009658	0.002992	0.000543	355.252443	758.182397	-684357.230
62160	0.007075	0.008988	0.002997	0.000503	356.956884	799.701219	-684301.981
62180	0.007442	0.008772	0.002885	0.000504	348.891639	812.946088	-684243.343
62200	0.007310	0.008629	0.003010	0.000504	373.038746	751.143277	-684332.754
62220	0.007095	0.008365	0.002977	0.000491	416.572907	836.565013	-684210.046
62240	0.007323	0.007984	0.003096	0.000489	384.906833	749.182442	-684316.031
62260	0.007603	0.008117	0.002986	0.000504	378.384409	676.824728	-684266.286
62280	0.007731	0.008631	0.002912	0.000520	340.256664	684.563370	-684361.840
62300	0.007749	0.008624	0.002914	0.000514	352.033575	693.720235	-684314.712
62320	0.007414	0.008737	0.002929	0.000505	354.463942	645.649350	-684169.331
62340	0.007581	0.008964	0.002916	0.000519	353.802426	654.611162	-684412.510
62360	0.006876	0.009010	0.002962	0.000500	352.441022	679.614014	-684295.143
62380	0.007345	0.008993	0.003045	0.000518	361.049272	649.319565	-684413.239
62400	0.007610	0.008816	0.002936	0.000496	366.482938	748.377975	-684302.952
62420	0.007953	0.008927	0.002907	0.000502	385.472110	794.455224	-684283.862
62440	0.007493	0.008350	0.002938	0.000499	381.699739	840.309462	-684377.085
62460	0.007826	0.007948	0.003050	0.000485	405.005036	809.163678	-684213.132
62480	0.008071	0.008581	0.003097	0.000501	395.373661	757.764605	-684332.616
62500	0.007934	0.008622	0.002957	0.000500	344.013666	823.289065	-684201.690
62520	0.007819	0.008873	0.003078	0.000502	303.232221	751.498860	-684355.303
62540	0.007544	0.008844	0.003030	0.000488	328.014305	772.170556	-684375.208
62560	0.007273	0.008527	0.002955	0.000495	328.445993	710.062124	-684150.834
62580	0.007190	0.008864	0.003053	0.000484	331.485035	722.869873	-684324.867
62600	0.007402	0.009179	0.002993	0.000497	369.840385	655.497329	-684339.031
62620	0.007069	0.009322	0.002996	0.000513	381.863640	590.108049	-684258.540
62640	0.007551	0.008926	0.002861	0.000500	395.539009	584.152015	-684327.374
62660	0.008254	0.008780	0.003036	0.000495	387.798095	527.015264	-684343.111
62680	0.007868	0.008683	0.003061	0.000480	415.508566	580.933338	-684269.305
62700	0.007777	0.008958	0.003097	0.000489	392.344868	519.502574	-684326.758
62720	0.007805	0.008779	0.003147	0.000470	382.385576	592.338254	-684368.511
62740	0.007767	0.008993	0.002980	0.000481	393.612544	504.019891	-684262.808
62760	0.007700	0.008959	0.002907	0.000489	406.699098	565.447014	-684316.972
62780	0.008255	0.009026	0.002970	0.000509	348.965639	522.101406	-684370.543
62800	0.008044	0.008947	0.002959	0.000504	391.660502	478.357085	-684274.209
62820	0.007636	0.008382	0.002821	0.000502	419.986531	472.437873	-684312.583
62840	0.007723	0.008363	0.002891	0.000514	433.350900	467.798126	-684309.961
62860	0.007476	0.008518	0.002946	0.000521	448.385634	454.577796	-684345.853
62880	0.007375	0.008819	0.002895	0.000529	429.650052	483.632700	-684432.607
62900	0.007449	0.008535	0.002917	0.000524	438.036173	478.003719	-684305.617
62920	0.007588	0.008497	0.002920	0.000507	427.917352	539.066461	-684268.493
62940	0.007643	0.008141	0.003038	0.000498	450.110233	572.777431	-684347.282
62960	0.007917	0.008794	0.002972	0.000523	413.948542	537.888649	-684322.273
62980	0.008184	0.008471	0.002928	0.000517	408.099135	536.707756	-684337.028
63000	0.007836	0.008027	0.002870	0.000497	453.769308	586.829396	-684295.003
63020	0.007503	0.008382	0.003030	0.000527	351.801380	550.772347	-684132.606
63040	0.007792	0.008291	0.002913	0.000530	391.156609	517.728780	-684352.349
63060	0.007833	0.008638	0.002947	0.000519	398.569625	545.977606	-684351.043
63080	0.007346	0.008546	0.002922	0.000518	393.131137	511.692010	-684313.328
63100	0.007533	0.008031	0.002946	0.000505	432.202481	555.387587	-684365.782
63120	0.007976	0.008447	0.003039	0.000492	453.419030	594.456314	-684274.544
63140	0.007744	0.008742	0.003090	0.000480	464.866542	541.054884	-684271.456
63160	0.008185	0.009171	0.002925	0.000508	479.103033	550.587292	-684318.102
63180	0.008522	0.008501	0.002880	0.000524	483.513794	532.682763	-684342.305
63200	0.008444	0.008507	0.002920	0.000519	582.089259	476.239957	-684305.587
63220	0.007853	0.007852	0.003030	0.000506	588.983272	457.758626	-684386.662
63240	0.008388	0.007586	0.002961	0.000518	556.514472	515.804194	-684250.690
63260	0.008222	0.008156	0.002953	0.000521	556.532593	516.884831	-684152.988
63280	0.008142	0.008125	0.002919	0.000512	510.927450	530.060026	-684112.094
63300	0.008285	0.007554	0.002932	0.000533	572.863985	533.246730	-684334.580
63320	0.008038	0.007865	0.003015	0.000526	599.015791	519.111334	-684243.838
63340	0.007706	0.008181	0.002963	0.000520	527.521458	529.495249	-684224.808
63360	0.007664	0.008439	0.002937	0.000529	493.940758	492.775468	-684351.903
63380	0.007660	0.007861	0.002859	0.000494	553.526074	444.044421	-684453.436
63400	0.007989	0.008124	0.002881	0.000515	515.239092	422.756282	-684362.362
63420	0.008039	0.008195	0.002965	0.000511	542.484795	437.866453	-684374.007
63440	0.007848	0.008327	0.002943	0.000513	536.701388	454.191104	-684246.080
63460	0.007841	0.008277	0.002927	0.000536	517.744239	480.905409	-684326.260
63480	0.007835	0.008047	0.002897	0.000527	487.651585	471.489753	-684240.697
63500	0.007966	0.008348	0.002994	0.000522	496.111828	516.111185	-684268.657
63520	0.007700	0.008157	0.002987	0.000515	518.384952	534.519411	-684425.658
63540	0.007982	0.008449	0.002919	0.000521	545.685158	577.898668	-684338.754
63560	0.008578	0.007934	0.002864	0.000527	562.956235	554.612861	-684342.529
63580	0.007925	0.008038	0.002990	0.000527	517.189370	529.011455	-684255.202
63600	0.008077	0.008001	0.003024	0.000526	496.455679	510.906730	-684194.816
63620	0.008004	0.008022	0.002812	0.000519	471.300555	529.402205	-684252.051
63640	0.008447	0.008450	0.002828	0.000532	496.568202	531.862905	-684403.437
63660	0.007904	0.007667	0.002929	0.000523	533.133119	557.547100	-684330.508
63680	0.007782	0.007819	0.002986	0.000532	500.505319	614.750868	-684314.279
63700	0.007212	0.008215	0.003006	0.000517	480.508075	607.743908	-684162.497
63720	0.007331	0.008278	0.002960	0.000518	469.800796	652.922058	-684270.314
63740	0.007584	0.008408	0.002958	0.000527	513.453581	612.846526	-684213.979
63760	0.007583	0.007848	0.002874	0.000514	455.598098	642.286180	-684320.979
63780	0.008171	0.007682	0.002935	0.000512	475.387127	642.675614	-684344.028
63800	0.008187	0.007983	0.003011	0.000516	504.943592	647.241965	-684343.281
63820	0.008063	0.007906	0.002881	0.000530	455.430004	579.212748	-684289.771
63840	0.008002	0.007774	0.002967	0.000520	504.677130	640.345144	-684269.696
63860	0.007543	0.007908	0.002819	0.000547	506.835387	590.824540	-684250.455
63880	0.006862	0.008011	0.002804	0.000539	544.677271	619.335150	-684259.313
63900	0.007149	0.008358	0.002918	0.000543	553.922277	664.676104	-684433.422
63920	0.007010	0.008209	0.002881	0.000533	519.863815	681.103649	-684351.138
63940	0.007548	0.007749	0.002886	0.000537	493.646311	617.917244	-684244.645
63960	0.006849	0.007880	0.003011	0.000553	489.989802	583.560479	-684221.697
63980	0.006940	0.007798	0.003005	0.000542	443.919372	569.201650	-684261.091
64000	0.007172	0.007935	0.002827	0.000551	450.047235	582.956766	-684320.111
64020	0.007594	0.008080	0.002913	0.000545	503.842243	578.119134	-684321.186
64040	0.007253	0.008210	0.002798	0.000534	520.883088	565.499856	-684475.643
64060	0.007535	0.008572	0.002824	0.000543	489.958822	546.636267	-684224.400
64080	0.007760	0.007916	0.002841	0.000572	496.134764	560.503149	-684251.373
64100	0.007636	0.008099	0.002863	0.000544	537.042935	562.146454	-684343.083
64120	0.007503	0.008123	0.002946	0.000538	546.280467	592.139982	-684340.781
64140	0.007011	0.008252	0.002933	0.000524	549.404689	543.376165	-684317.275
64160	0.007016	0.007903	0.002900	0.000532	571.335090	529.658633	-684311.619
64180	0.008052	0.007671	0.002832	0.000553	562.315091	570.165870	-684311.722
64200	0.008529	0.007293	0.003066	0.000545	541.782519	610.996427	-684260.391
64220	0.007748	0.008123	0.002990	0.000527	551.588706	628.977798	-684267.511
64240	0.007931	0.007912	0.002912	0.000534	540.926534	621.056921	-684197.153
64260	0.007777	0.008239	0.002905	0.000538	527.648798	640.386586	-684291.226
64280	0.007816	0.007682	0.002912	0.000531	508.640693	709.466433	-684260.546
64300	0.007913	0.007871	0.002913	0.000526	477.355977	708.128099	-684278.515
64320	0.007526	0.007981	0.002966	0.000529	460.864622	671.390029	-684209.820
64340	0.007551	0.008610	0.002839	0.000538	499.178204	716.361627	-684370.450
64360	0.007330	0.008635	0.002977	0.000516	495.325993	723.171461	-684364.138
64380	0.007136	0.008585	0.003017	0.000522	481.080244	642.247423	-684245.736
64400	0.007922	0.008303	0.002900	0.000525	460.478026	619.213952	-684317.036
64420	0.007058	0.008074	0.002949	0.000523	459.086641	631.274320	-684281.503
64440	0.007305	0.008556	0.002904	0.000517	518.800621	680.353798	-684190.093
64460	0.006639	0.008510	0.003118	0.000495	499.196417	718.917108	-684274.400
64480	0.006946	0.008234	0.002978	0.000496	479.582517	656.016884	-684205.004
64500	0.007024	0.008929	0.003034	0.000508	497.934299	699.992712	-684347.098
64520	0.007282	0.008681	0.003005	0.000507	480.292149	640.989309	-684220.468
64540	0.007550	0.008687	0.003001	0.000514	487.030303	626.671660	-684273.741
64560	0.007842	0.008577	0.002910	0.000526	450.042893	648.030980	-684369.762
64580	0.007623	0.008442	0.002907	0.000525	446.750488	622.899094	-684253.600
64600	0.007839	0.008562	0.002865	0.000509	421.769280	642.788240	-684315.126
64620	0.007996	0.009388	0.002971	0.000527	408.664198	636.916772	-684340.926
64640	0.006865	0.008682	0.003101	0.000491	442.811942	636.087681	-684223.834
64660	0.007186	0.008292	0.003046	0.000492	459.931976	657.182341	-684267.478
64680	0.007518	0.008103	0.003030	0.000499	453.936146	649.665192	-684192.546
64700	0.007817	0.008502	0.003058	0.000492	432.584094	661.986561	-684245.233
64720	0.007172	0.008624	0.003144	0.000488	442.112724	661.210444	-684225.797
64740	0.007975	0.008661	0.003043	0.000498	427.423881	623.219144	-684354.384
64760	0.007908	0.008523	0.002988	0.000490	445.620439	648.246707	-684204.184
64780	0.007717	0.008231	0.003027	0.000477	467.975214	622.601803	-684256.807
64800	0.007829	0.009063	0.002931	0.000499	387.556723	595.027430	-684293.544
64820	0.007556	0.008334	0.003130	0.000484	394.345422	528.497203	-684184.251
64840	0.007599	0.008317	0.003049	0.000486	468.661614	560.733891	-684272.343
64860	0.007743	0.008365	0.002973	0.000489	442.116719	652.854143	-684311.876
64880	0.007406	0.008900	0.002957	0.000479	472.428796	623.422617	-684361.023
64900	0.007103	0.009318	0.002983	0.000499	421.200665	612.557221	-684340.040
64920	0.007375	0.009830	0.003052	0.000505	357.982031	624.726238	-684361.385
64940	0.007773	0.009322	0.002935	0.000481	348.326395	667.155638	-684274.096
64960	0.007963	0.009765	0.002835	0.000495	343.318753	670.328083	-684386.674
64980	0.007607	0.009314	0.003025	0.000489	391.735408	667.431342	-684359.597
65000	0.007219	0.009021	0.003166	0.000482	335.143448	571.782324	-684320.234
65020	0.007305	0.009299	0.002987	0.000490	350.124511	607.626215	-684379.405
65040	0.006997	0.009122	0.003033	0.000497	357.728188	659.808447	-684188.825
65060	0.007485	0.009241	0.003002	0.000509	344.963364	590.396455	-684234.434
65080	0.007484	0.009187	0.003032	0.000504	380.754778	643.622202	-684306.422
65100	0.006909	0.009248	0.002949	0.000483	389.517446	686.270467	-684380.584
65120	0.007783	0.008902	0.003038	0.000501	408.141490	639.096273	-684251.035
65140	0.007185	0.008329	0.003009	0.000468	409.754218	676.116582	-684150.313
65160	0.007612	0.008516	0.003181	0.000486	404.142358	621.636621	-684349.519
65180	0.008259	0.008301	0.003040	0.000491	398.314712	581.485330	-684292.333
65200	0.008144	0.008204	0.003094	0.000476	402.396693	595.062383	-684352.528
65220	0.008154	0.008495	0.003139	0.000482	360.984318	576.175664	-684379.812
65240	0.007224	0.008713	0.003092	0.000484	358.023827	625.882610	-684317.557
65260	0.008741	0.009268	0.002992	0.000498	369.194837	608.475975	-684463.661
65280	0.008269	0.008972	0.003022	0.000506	370.415178	548.814565	-684431.392
65300	0.007699	0.008660	0.003002	0.000469	365.719234	621.348360	-684325.184
65320	0.007655	0.008484	0.003206	0.000464	405.247588	640.005935	-684270.681
65340	0.008310	0.008444	0.003015	0.000496	369.443789	620.086009	-684250.924
65360	0.007853	0.008473	0.003095	0.000475	441.482634	629.043460	-684293.354
65380	0.007588	0.008646	0.003163	0.000477	402.809117	592.933914	-684160.088
65400	0.007293	0.008833	0.003022	0.000474	379.182607	592.030645	-684160.962
65420	0.007711	0.008587	0.002948	0.000483	366.262350	545.382058	-684229.330
65440	0.007590	0.008767	0.002927	0.000483	334.604831	534.128751	-684292.599
65460	0.007367	0.008767	0.003085	0.000474	338.660898	559.199222	-684207.254
65480	0.008754	0.008934	0.003111	0.000487	328.266464	539.256070	-684320.518
65500	0.008435	0.008415	0.003033	0.000466	344.955263	530.945050	-684384.228
65520	0.008654	0.008295	0.002964	0.000467	382.542544	528.478545	-684261.454
65540	0.008506	0.009209	0.003074	0.000484	371.705634	603.297514	-684461.519
65560	0.008274	0.009633	0.002868	0.000474	367.609651	608.765038	-684286.655
65580	0.007511	0.008543	0.003044	0.000467	382.042764	566.225527	-684176.387
65600	0.007975	0.008767	0.003032	0.000469	399.351282	580.292104	-684358.988
65620	0.008112	0.009042	0.003081	0.000489	387.461828	572.218595	-684372.188
65640	0.008243	0.008876	0.003035	0.000494	395.751457	571.439933	-684230.299
65660	0.007721	0.008724	0.003003	0.000486	389.649695	550.590204	-684397.819
65680	0.007803	0.008510	0.003036	0.000496	407.495642	554.051161	-684309.299
65700	0.007650	0.008751	0.003019	0.000483	405.627923	621.699921	-684295.362
65720	0.007353	0.008632	0.003071	0.000465	459.529712	665.500455	-684381.304
65740	0.008208	0.009286	0.003049	0.000502	426.567981	600.491558	-684222.466
65760	0.007394	0.008578	0.003090	0.000471	423.830641	642.332508	-684208.198
65780	0.007729	0.008979	0.003063	0.000486	436.855885	656.529589	-684217.256
65800	0.007797	0.008330	0.003002	0.000483	469.533291	573.226167	-684268.057
65820	0.007617	0.008609	0.002993	0.000480	467.068679	563.968417	-684146.388
65840	0.007425	0.009221	0.003101	0.000493	469.661834	597.030334	-684240.681
65860	0.008229	0.009804	0.002963	0.000495	466.820404	538.137490	-684311.628
65880	0.008266	0.009300	0.002951	0.000498	459.416986	555.420915	-684397.322
65900	0.007458	0.008834	0.003050	0.000470	416.532586	543.262844	-684274.061
65920	0.007722	0.008632	0.003056	0.000484	409.375724	551.144157	-684202.701
65940	0.008638	0.008609	0.002991	0.000498	375.226888	474.477291	-684375.403
65960	0.008400	0.008306	0.002976	0.000496	361.585513	536.254817	-684256.506
65980	0.008011	0.008721	0.002969	0.000494	398.276556	531.174654	-684342.667
66000	0.007710	0.008641	0.003055	0.000497	372.063646	530.332444	-684114.992
66020	0.007738	0.008860	0.003063	0.000500	401.914575	515.685173	-684146.067
66040	0.007847	0.008511	0.003054	0.000514	331.025086	569.617101	-684267.980
66060	0.008263	0.008373	0.003081	0.000515	393.215009	524.167807	-684312.329
66080	0.007768	0.008310	0.002969	0.000499	423.382750	576.034435	-684291.203
66100	0.007720	0.008147	0.003053	0.000494	457.505943	595.163974	-684299.302
66120	0.008202	0.008365	0.002989	0.000478	464.477350	582.997794	-684161.405
66140	0.008175	0.008667	0.002968	0.000491	392.403974	564.089492	-684189.759
66160	0.007511	0.009331	0.002921	0.000479	439.844001	568.320991	-684399.745
66180	0.006950	0.008796	0.002996	0.000488	415.272453	569.595850	-684346.962
66200	0.007702	0.008860	0.003046	0.000490	420.437186	516.248946	-684405.370
66220	0.008043	0.008288	0.002881	0.000489	468.817456	580.403809	-684274.461
66240	0.008316	0.008075	0.003057	0.000511	438.898809	445.802683	-684291.921
66260	0.007879	0.008185	0.002953	0.000507	434.690376	490.810806	-684252.118
66280	0.008020	0.008848	0.002929	0.000529	448.568691	441.179950	-684302.210
66300	0.007946	0.008518	0.002986	0.000517	433.091603	459.317578	-684419.414
66320	0.008249	0.007913	0.002952	0.000516	411.981942	526.147211	-684268.756
66340	0.007944	0.008109	0.002973	0.000504	398.795981	497.027253	-684236.288
66360	0.008221	0.009183	0.002941	0.000528	335.793212	488.011325	-684403.730
66380	0.008277	0.009013	0.002939	0.000511	383.788059	469.343103	-684385.137
66400	0.008403	0.008841	0.003034	0.000505	383.300421	478.646796	-684480.138
66420	0.008312	0.008343	0.003088	0.000516	456.569974	497.964160	-684439.975
66440	0.008078	0.007296	0.002945	0.000478	468.971110	522.516576	-684263.040
66460	0.007735	0.008528	0.002983	0.000493	462.769672	570.784951	-684431.963
66480	0.007580	0.008523	0.003035	0.000482	454.000625	557.753641	-684273.735
66500	0.008119	0.007953	0.003043	0.000494	470.260950	555.588141	-684211.082
66520	0.007890	0.008569	0.002949	0.000510	480.638654	551.051660	-684323.451
66540	0.007961	0.008557	0.002940	0.000491	467.287096	592.496565	-684180.530
66560	0.007860	0.008897	0.002987	0.000506	460.321809	572.454778	-684296.033
66580	0.007793	0.008309	0.003129	0.000504	406.953691	569.006310	-684229.946
66600	0.008082	0.008160	0.002918	0.000503	400.570191	629.606106	-684273.673
66620	0.008015	0.008333	0.002964	0.000492	370.037960	574.177200	-684415.391
66640	0.007984	0.009089	0.002896	0.000501	336.245320	593.318216	-684387.390
66660	0.007819	0.009548	0.002934	0.000527	337.081877	575.021427	-684284.259
66680	0.007945	0.009388	0.002965	0.000507	371.263740	585.443686	-684338.972
66700	0.007841	0.008587	0.002987	0.000502	381.078865	583.163276	-684386.363
66720	0.008254	0.008872	0.002866	0.000522	374.200632	593.859604	-684330.325
66740	0.008157	0.008576	0.002926	0.000510	424.326878	600.922902	-684296.938
66760	0.008564	0.008827	0.002889	0.000511	418.879233	538.277501	-684361.595
66780	0.008116	0.008459	0.002828	0.000489	387.375571	513.869946	-684286.989
66800	0.007291	0.008389	0.002984	0.000489	373.123371	543.223830	-684253.069
66820	0.008446	0.008848	0.002985	0.000511	375.894314	535.424110	-684420.712
66840	0.008218	0.008533	0.002998	0.000495	423.043756	531.767373	-684264.046
66860	0.007694	0.008358	0.003094	0.000485	468.804831	509.642228	-684326.900
66880	0.008286	0.008795	0.003037	0.000501	424.917279	478.096184	-684174.264
66900	0.008830	0.008191	0.002941	0.000484	402.132074	537.369591	-684360.092
66920	0.008276	0.007928	0.003086	0.000483	413.664753	473.167881	-684243.328
66940	0.008427	0.008361	0.003120	0.000473	362.988949	483.258657	-684389.783
66960	0.008722	0.008522	0.003035	0.000470	388.374673	488.198652	-684278.157
66980	0.008607	0.009122	0.003050	0.000473	413.552629	500.522811	-684249.206
67000	0.008364	0.009500	0.002952	0.000464	446.127205	502.280722	-684395.551
67020	0.008370	0.008829	0.003063	0.000468	446.807834	531.011527	-684246.360
67040	0.008521	0.008431	0.003065	0.000478	384.846049	542.735380	-684199.614
67060	0.008095	0.008854	0.002923	0.000504	429.779548	566.910663	-684252.826
67080	0.007673	0.008048	0.003057	0.000489	423.877078	505.693843	-684279.615
67100	0.008070	0.008249	0.003043	0.000486	432.562949	512.331280	-684264.964
67120	0.007782	0.009006	0.003044	0.000473	432.841330	508.626372	-684413.392
67140	0.007577	0.008371	0.003118	0.000458	454.066272	526.005613	-684197.367
67160	0.007967	0.008691	0.003095	0.000470	450.360910	488.264455	-684245.517
67180	0.007868	0.008591	0.003011	0.000468	483.624547	456.526714	-684347.677
67200	0.008415	0.008575	0.002955	0.000477	466.171827	435.825821	-684112.275
67220	0.008697	0.008314	0.003115	0.000491	438.688552	433.086985	-684216.192
67240	0.008765	0.008530	0.002915	0.000480	501.642240	469.510473	-684311.623
67260	0.008322	0.008141	0.002991	0.000491	513.764176	454.724277	-684340.605
67280	0.007894	0.008319	0.003012	0.000504	495.243343	419.818957	-684288.854
67300	0.007669	0.007879	0.003040	0.000499	470.881421	429.992296	-684193.163
67320	0.008076	0.007851	0.003026	0.000489	526.896846	461.790757	-684229.483
67340	0.007913	0.007892	0.002995	0.000505	434.050698	429.794670	-684283.025
67360	0.008021	0.008095	0.003008	0.000506	424.162506	415.222464	-684364.046
67380	0.007595	0.008834	0.002968	0.000501	429.440157	466.226587	-684384.202
67400	0.007915	0.008991	0.002909	0.000499	446.144846	403.123338	-684317.100
67420	0.007690	0.009300	0.003068	0.000484	496.949532	411.371260	-684393.316
67440	0.008192	0.008468	0.003103	0.000467	530.448432	413.390433	-684279.257
67460	0.008127	0.008754	0.003053	0.000457	443.937593	370.100288	-684366.792
67480	0.008014	0.009266	0.003092	0.000465	470.253151	413.921300	-684221.970
67500	0.008420	0.008969	0.003044	0.000485	425.831659	392.969990	-684355.685
67520	0.008210	0.008832	0.002977	0.000480	465.737462	401.348059	-684271.016
67540	0.008364	0.008822	0.002897	0.000493	479.391243	385.765540	-684382.647
67560	0.008403	0.009075	0.002992	0.000481	508.033520	418.122174	-684424.758
67580	0.008915	0.008642	0.003067	0.000468	477.707514	405.852371	-684284.147
67600	0.009405	0.008372	0.003027	0.000483	486.626739	439.083861	-684358.069
67620	0.009506	0.008946	0.003030	0.000487	482.082495	402.672809	-684406.917
67640	0.008344	0.008661	0.002972	0.000493	516.977652	346.381953	-684196.472
67660	0.008418	0.008388	0.003053	0.000482	529.005268	409.365128	-684331.028
67680	0.009356	0.008277	0.002915	0.000470	555.312843	429.155374	-684154.979
67700	0.007986	0.007963	0.003098	0.000469	529.773837	414.511171	-684265.815
67720	0.008215	0.008114	0.003188	0.000463	555.896914	446.913615	-684350.475
67740	0.008271	0.008087	0.003035	0.000475	599.653703	411.420860	-684289.726
67760	0.008641	0.008258	0.003069	0.000492	533.535461	417.951662	-684195.961
67780	0.009097	0.007858	0.003092	0.000488	562.990981	407.644041	-684170.014
67800	0.008324	0.008175	0.002963	0.000470	556.965505	444.393133	-684274.735
67820	0.007968	0.008477	0.002961	0.000481	484.516355	499.523139	-684277.469
67840	0.007871	0.008630	0.003062	0.000499	477.269441	477.214493	-684306.595
67860	0.007961	0.008614	0.002986	0.000484	502.907563	456.695327	-684339.588
67880	0.007794	0.008510	0.003022	0.000502	431.331048	418.848276	-684353.851
67900	0.008467	0.009051	0.003018	0.000525	412.345527	389.306602	-684369.334
67920	0.008088	0.008154	0.002933	0.000509	463.662299	385.487506	-684358.857
67940	0.008587	0.008033	0.003029	0.000511	462.117420	347.604705	-684384.512
67960	0.008474	0.008194	0.002959	0.000504	496.951638	359.287537	-684381.236
67980	0.008386	0.008379	0.003063	0.000486	500.407569	428.651869	-684301.528
68000	0.008339	0.008346	0.002980	0.000478	495.824103	423.541824	-684399.558
68020	0.008255	0.008843	0.002890	0.000502	493.754375	410.851198	-684299.740
68040	0.008155	0.008500	0.003001	0.000486	549.929158	429.420625	-684353.990
68060	0.007833	0.007714	0.003029	0.000477	578.553396	390.421677	-684178.679
68080	0.007587	0.008434	0.002942	0.000488	594.065002	421.117230	-684187.210
68100	0.008294	0.008754	0.003017	0.000515	559.818163	427.852052	-684364.363
68120	0.008268	0.008572	0.002916	0.000509	531.630557	440.778992	-684299.947
68140	0.008144	0.008961	0.002940	0.000514	525.295352	462.894021	-684282.283
68160	0.007734	0.008473	0.002954	0.000511	500.515783	483.858597	-684389.669
68180	0.007922	0.008894	0.002887	0.000510	501.050399	518.481050	-684371.791
68200	0.007705	0.008703	0.002906	0.000510	540.196273	524.305097	-684400.578
68220	0.008506	0.008590	0.003019	0.000523	511.354892	493.781998	-684357.519
68240	0.008835	0.008770	0.002885	0.000515	510.843470	474.248060	-684331.127
68260	0.008482	0.008025	0.002847	0.000495	552.796075	486.121452	-684315.439
68280	0.008345	0.008495	0.002905	0.000521	478.570199	487.285385	-684256.405
68300	0.008747	0.008429	0.002807	0.000520	491.360106	466.225933	-684199.547
68320	0.008512	0.008404	0.002938	0.000505	457.850058	479.966812	-684416.846
68340	0.008101	0.008553	0.002929	0.000510	425.841885	507.548896	-684234.336
68360	0.007840	0.008899	0.003115	0.000518	381.223958	497.523002	-684255.136
68380	0.008206	0.008939	0.002956	0.000516	365.114294	476.272569	-684254.030
68400	0.008230	0.008848	0.002891	0.000521	366.114958	526.814273	-684327.618
68420	0.007765	0.008793	0.002822	0.000516	405.760690	521.413276	-684306.538
68440	0.007870	0.008869	0.002961	0.000516	416.051421	537.321102	-684367.786
68460	0.007758	0.008480	0.002988	0.000509	418.951323	501.739136	-684279.752
68480	0.007713	0.008652	0.002921	0.000497	468.780566	537.364151	-684397.271
68500	0.007723	0.008743	0.003002	0.000490	484.524524	589.976213	-684381.670
68520	0.007637	0.008822	0.002868	0.000496	483.130933	558.483646	-684405.442
68540	0.007445	0.008417	0.003076	0.000492	460.436483	583.062335	-684321.957
68560	0.007616	0.008356	0.002817	0.000522	456.563430	543.527370	-684218.449
68580	0.007746	0.008699	0.002912	0.000549	451.083528	479.488963	-684351.343
68600	0.007170	0.008231	0.002940	0.000520	431.426937	520.318113	-684395.870
68620	0.007243	0.008818	0.002892	0.000536	446.069759	501.115802	-684272.781
68640	0.007392	0.008345	0.003087	0.000523	467.526591	540.996631	-684251.844
68660	0.007150	0.008322	0.002893	0.000518	495.849464	605.204477	-684217.174
68680	0.007861	0.008476	0.002995	0.000526	476.752870	605.482812	-684210.082
68700	0.007322	0.008393	0.002984	0.000507	465.472747	602.345200	-684428.934
68720	0.007553	0.008376	0.003015	0.000521	443.399020	597.203952	-684312.338
68740	0.007666	0.008315	0.002985	0.000510	413.796009	560.537937	-684334.556
68760	0.007637	0.008150	0.003006	0.000520	416.928037	614.277325	-684463.783
68780	0.007592	0.008044	0.003036	0.000523	385.195921	630.666531	-684229.531
68800	0.007804	0.008331	0.002902	0.000523	371.394519	589.582184	-684228.676
68820	0.007853	0.008624	0.002934	0.000530	347.471830	621.975358	-684343.522
68840	0.008070	0.008164	0.002873	0.000508	384.764616	637.379246	-684268.334
68860	0.008240	0.008415	0.002864	0.000504	371.390500	654.945809	-684250.854
68880	0.008723	0.007950	0.002922	0.000516	385.213313	650.043022	-684330.836
68900	0.008361	0.008016	0.002756	0.000511	397.141545	651.620252	-684262.451
68920	0.008044	0.007747	0.002958	0.000495	422.941213	666.385295	-684178.260
68940	0.008147	0.007823	0.002877	0.000499	449.225093	732.319845	-684484.145
68960	0.008117	0.008418	0.002979	0.000518	396.574256	693.418437	-684292.369
68980	0.007580	0.008516	0.002982	0.000518	390.767577	597.596524	-684366.282
69000	0.007645	0.008810	0.003034	0.000514	382.075446	610.508151	-684284.598
69020	0.007163	0.008670	0.002981	0.000502	425.648643	634.826646	-684286.780
69040	0.007699	0.008688	0.003004	0.000512	438.351590	596.003088	-684309.957
69060	0.007569	0.008460	0.003062	0.000496	433.436841	672.609547	-684185.493
69080	0.007579	0.009085	0.002964	0.000509	389.349020	701.240171	-684188.384
69100	0.007479	0.008625	0.002981	0.000498	375.869664	718.391105	-684262.736
69120	0.008170	0.008557	0.003064	0.000509	350.144621	673.765355	-684285.999
69140	0.007364	0.008533	0.003025	0.000511	339.845068	619.684279	-684224.333
69160	0.007494	0.008920	0.003061	0.000502	366.668920	695.929488	-684259.261
69180	0.007364	0.009026	0.002899	0.000492	341.297175	741.599646	-684365.015
69200	0.007076	0.008921	0.002948	0.000526	333.163109	633.958892	-684289.065
69220	0.007012	0.009237	0.002999	0.000519	331.419120	619.848746	-684187.602
69240	0.007382	0.009366	0.002923	0.000521	314.538748	634.862587	-684434.124
69260	0.007643	0.009018	0.002756	0.000518	319.467637	612.819812	-684378.224
69280	0.007929	0.009242	0.002971	0.000526	348.256055	559.268217	-684380.563
69300	0.007482	0.009416	0.003011	0.000519	356.382712	570.176323	-684274.504
69320	0.007197	0.008670	0.002889	0.000507	385.568965	661.082053	-684408.923
69340	0.006769	0.009060	0.002932	0.000513	382.105114	688.796885	-684298.294
69360	0.007394	0.008971	0.002894	0.000520	370.962712	661.459571	-684292.438
69380	0.006912	0.008743	0.002981	0.000522	362.894418	665.986960	-684250.718
69400	0.007440	0.008468	0.002988	0.000524	312.779584	643.734264	-684127.046
69420	0.007493	0.008221	0.002966	0.000519	320.692881	619.767821	-684147.933
69440	0.007247	0.008130	0.002923	0.000515	307.126491	622.675839	-684337.594
69460	0.007383	0.008167	0.002942	0.000529	310.552681	615.340892	-684298.804
69480	0.007636	0.008578	0.002879	0.000513	286.276049	593.405234	-684139.281
69500	0.008131	0.008487	0.003002	0.000525	298.055989	599.703698	-684383.962
69520	0.007888	0.008431	0.003046	0.000531	285.797478	569.975556	-684331.408
69540	0.008034	0.008468	0.002930	0.000535	272.970229	572.262633	-684291.290
69560	0.007801	0.008291	0.002925	0.000532	272.169090	570.256783	-684156.361
69580	0.007489	0.008884	0.002959	0.000517	266.893922	588.435186	-684203.729
69600	0.007146	0.009190	0.002903	0.000501	279.746620	592.224307	-684328.184
69620	0.007466	0.009290	0.002888	0.000506	263.417417	591.191988	-684401.945
69640	0.007662	0.008933	0.003061	0.000512	252.264553	624.893858	-684256.479
69660	0.007170	0.008851	0.002958	0.000516	272.882905	645.973018	-684177.511
69680	0.007634	0.008901	0.002903	0.000515	285.747507	662.262202	-684292.947
69700	0.006914	0.008922	0.002953	0.000502	294.777924	706.782828	-684237.881
69720	0.007665	0.009340	0.003058	0.000515	265.057470	689.056058	-684410.020
69740	0.007534	0.008754	0.003052	0.000498	295.699572	744.467838	-684362.850
69760	0.006926	0.008757	0.002997	0.000496	317.589549	759.749279	-684219.270
69780	0.008072	0.008848	0.002955	0.000509	322.808200	743.993722	-684351.696
69800	0.008175	0.008578	0.002894	0.000504	282.910205	827.222796	-684387.874
69820	0.007461	0.008677	0.002830	0.000524	283.841646	794.559424	-684265.065
69840	0.006805	0.008794	0.002918	0.000534	269.682756	806.523090	-684278.601
69860	0.006691	0.008736	0.002903	0.000528	272.196834	836.659033	-684286.057
69880	0.007031	0.008744	0.002926	0.000529	264.740491	836.749461	-684316.619
69900	0.006564	0.008783	0.003017	0.000521	268.322686	838.666446	-684253.143
69920	0.006841	0.008328	0.003026	0.000499	261.634289	877.034321	-684257.974
69940	0.006443	0.008937	0.002975	0.000491	286.628399	835.580942	-684217.326
69960	0.006733	0.008749	0.002933	0.000499	274.287871	823.659604	-684137.669
69980	0.007184	0.009143	0.002963	0.000504	243.223108	791.907007	-684369.320
70000	0.007662	0.009183	0.003008	0.000509	251.476614	770.202603	-684421.009
70020	0.006987	0.008803	0.002971	0.000484	259.963509	775.985998	-684233.186
70040	0.007364	0.009131	0.003062	0.000496	280.067634	756.930738	-684194.605
70060	0.007245	0.008940	0.002900	0.000510	283.247393	794.227106	-684473.388
70080	0.007362	0.009226	0.003018	0.000509	243.204772	770.260800	-684355.964
70100	0.007624	0.008728	0.003079	0.000487	242.340630	728.876962	-684281.322
70120	0.007268	0.008433	0.002923	0.000499	303.278039	741.147058	-684345.433
70140	0.007926	0.008781	0.002859	0.000504	354.737864	696.748156	-684404.663
70160	0.007655	0.009218	0.002917	0.000507	336.315234	613.840834	-684304.944
70180	0.008162	0.008609	0.002958	0.000528	351.838091	606.828637	-684314.951
70200	0.007741	0.008420	0.002901	0.000503	402.947289	682.764351	-684240.041
70220	0.008006	0.009256	0.002929	0.000520	344.911809	613.183288	-684299.699
70240	0.007418	0.008918	0.003013	0.000514	281.733494	636.168967	-684290.178
70260	0.007801	0.008930	0.002930	0.000497	275.325848	683.138805	-684268.332
70280	0.007672	0.008863	0.002921	0.000508	272.333501	606.585574	-684292.230
70300	0.007663	0.008830	0.002988	0.000505	292.169912	615.299321	-684483.658
70320	0.008326	0.008814	0.002895	0.000520	286.230749	631.857438	-684395.176
70340	0.007841	0.008936	0.002941	0.000514	290.453440	679.211461	-684138.897
70360	0.007483	0.008814	0.003068	0.000493	260.960760	730.752658	-684182.778
70380	0.007323	0.008415	0.003049	0.000465	298.402859	675.790735	-684177.221
70400	0.007454	0.009579	0.002966	0.000484	302.256637	669.306039	-684384.090
70420	0.007796	0.009068	0.002984	0.000474	278.500369	666.302449	-684360.246
70440	0.007954	0.009037	0.003021	0.000482	254.628149	641.791340	-684234.148
70460	0.008223	0.008928	0.002924	0.000488	282.591404	630.438838	-684351.093
70480	0.008048	0.009400	0.002950	0.000503	268.444875	578.032081	-684377.501
70500	0.008497	0.009204	0.003086	0.000500	259.920506	540.845160	-684251.091
70520	0.007864	0.008479	0.003003	0.000468	238.941388	619.991504	-684341.460
70540	0.008173	0.009020	0.003046	0.000474	245.286564	614.539448	-684356.859
70560	0.007844	0.008884	0.003123	0.000486	232.914338	581.837053	-684202.424
70580	0.007689	0.008678	0.003010	0.000474	256.444303	695.259158	-684274.531
70600	0.008032	0.008980	0.003065	0.000479	233.633810	677.381692	-684349.868
70620	0.008006	0.008958	0.003031	0.000487	263.868383	686.196486	-684429.388
70640	0.007475	0.008805	0.003022	0.000478	271.298816	644.777052	-684381.611
70660	0.007677	0.009135	0.002958	0.000490	273.464542	672.563811	-684308.253
70680	0.007555	0.008841	0.002958	0.000467	245.201151	700.366432	-684354.399
70700	0.007828	0.008710	0.002956	0.000481	228.737330	599.181695	-684270.291
70720	0.007587	0.008756	0.002973	0.000498	209.326928	622.100530	-684338.769
70740	0.007491	0.009378	0.002955	0.000492	250.876436	627.206540	-684389.157
70760	0.007519	0.009734	0.002968	0.000507	272.036152	631.436120	-684298.559
70780	0.007316	0.009643	0.002994	0.000503	269.959308	631.780990	-684380.523
70800	0.007673	0.009083	0.003001	0.000504	269.624544	655.796143	-684301.536
70820	0.007931	0.008674	0.002998	0.000491	283.758962	621.497991	-684273.597
70840	0.007903	0.008479	0.002887	0.000497	326.007219	626.501877	-684449.656
70860	0.007944	0.009333	0.002886	0.000519	314.070859	606.522459	-684345.129
70880	0.007996	0.008972	0.002941	0.000501	340.325508	628.079999	-684298.637
70900	0.008171	0.009428	0.002902	0.000489	343.567059	641.689638	-684355.602
70920	0.007605	0.008743	0.002940	0.000475	395.007200	632.871746	-684310.712
70940	0.008142	0.009894	0.003010	0.000502	356.208045	623.993244	-684411.942
70960	0.007644	0.009130	0.003018	0.000483	444.345653	626.060657	-684281.352
70980	0.007719	0.009303	0.003010	0.000493	405.550896	547.895397	-684555.999
71000	0.007191	0.009517	0.003055	0.000503	390.417780	609.238672	-684198.509
71020	0.007500	0.009300	0.003080	0.000498	376.769758	581.435166	-684179.901
71040	0.008168	0.009132	0.002965	0.000481	413.097034	612.470844	-684357.829
71060	0.008481	0.008647	0.002928	0.000483	375.371624	623.479679	-684278.213
71080	0.008700	0.008574	0.002944	0.000503	384.396418	626.419386	-684225.576
71100	0.007917	0.008489	0.003038	0.000499	379.834880	673.949818	-684331.683
71120	0.007250	0.008509	0.003029	0.000509	398.304210	696.064823	-684307.907
71140	0.007722	0.008675	0.003024	0.000529	367.428528	651.246429	-684259.249
71160	0.007581	0.008561	0.002892	0.000526	369.883156	722.959220	-684291.709
71180	0.007202	0.008946	0.002927	0.000530	369.120884	756.991014	-684360.708
71200	0.006997	0.008854	0.002977	0.000530	390.936949	767.518705	-684240.825
71220	0.007091	0.009114	0.003036	0.000509	406.326659	827.644136	-684189.761
71240	0.007234	0.008673	0.003044	0.000492	362.565934	850.409778	-684186.796
71260	0.007199	0.008575	0.003011	0.000490	350.662254	867.322849	-684377.226
71280	0.007323	0.008609	0.003032	0.000490	338.741530	832.839592	-684278.499
71300	0.007945	0.008337	0.002961	0.000491	318.236330	828.392145	-684336.622
71320	0.008408	0.009073	0.003044	0.000518	278.990649	745.560752	-684413.743
71340	0.008271	0.008836	0.003086	0.000510	293.199212	751.296178	-684323.042
71360	0.008041	0.008274	0.003010	0.000505	281.886440	723.927963	-684246.381
71380	0.007572	0.008649	0.003029	0.000500	302.825643	772.245799	-684438.875
71400	0.007485	0.009639	0.002902	0.000530	321.756229	755.578464	-684398.757
71420	0.007187	0.009115	0.002856	0.000542	314.766045	787.368956	-684445.112
71440	0.007244	0.008443	0.002955	0.000514	298.651808	773.169014	-684278.818
71460	0.007408	0.008729	0.002928	0.000511	340.941672	723.947499	-684403.696
71480	0.007760	0.008607	0.002899	0.000517	335.419487	728.370919	-684192.165
71500	0.007388	0.009144	0.003003	0.000526	366.729660	759.996757	-684319.953
71520	0.007048	0.008835	0.002922	0.000494	412.320430	756.653853	-684222.685
71540	0.007632	0.009111	0.003007	0.000516	345.194749	669.135539	-684327.964
71560	0.007589	0.009078	0.002769	0.000492	327.398471	685.098517	-684398.886
71580	0.007528	0.008863	0.002906	0.000501	331.645702	645.783938	-684179.662
71600	0.007401	0.009066	0.003061	0.000487	329.770344	661.583659	-684234.342
71620	0.007149	0.008620	0.003023	0.000463	338.199703	715.345417	-684242.350
71640	0.007724	0.009208	0.003152	0.000484	363.749952	724.150033	-684258.218
71660	0.007422	0.008975	0.003056	0.000477	412.612690	698.733479	-684289.490
71680	0.007193	0.008993	0.002947	0.000468	359.536380	676.829409	-684210.784
71700	0.007638	0.009015	0.003028	0.000487	334.991933	649.418028	-684318.675
71720	0.007483	0.008527	0.002971	0.000506	366.985495	624.885714	-684214.934
71740	0.007237	0.008879	0.003012	0.000518	371.149351	662.926643	-684311.381
71760	0.006794	0.008636	0.003041	0.000506	391.831839	691.819416	-684143.123
71780	0.007058	0.008170	0.003019	0.000499	381.315349	658.667488	-684207.896
71800	0.007588	0.008212	0.002906	0.000505	423.007981	636.599998	-684360.501
71820	0.008125	0.008235	0.002916	0.000522	373.209071	613.927011	-684360.372
71840	0.007358	0.008288	0.003027	0.000504	350.721016	642.875361	-684112.963
71860	0.008823	0.008723	0.002992	0.000525	379.335997	638.778965	-684336.992
71880	0.008094	0.008248	0.002868	0.000523	376.652934	710.206884	-684340.244
71900	0.007663	0.008029	0.003037	0.000518	327.546791	722.415896	-684229.234
71920	0.008343	0.009141	0.002891	0.000531	305.000415	710.761754	-684503.768
71940	0.008037	0.008648	0.002856	0.000505	328.479948	764.330328	-684325.573
71960	0.007810	0.008878	0.003058	0.000508	282.314783	705.023204	-684168.043
71980	0.007822	0.009257	0.002808	0.000483	308.956265	681.844741	-684275.860
72000	0.008245	0.008958	0.002845	0.000496	329.494792	693.728173	-684282.571
72020	0.007213	0.008941	0.002887	0.000498	296.419503	753.805525	-684397.036
72040	0.007735	0.008297	0.003098	0.000510	280.558750	699.303286	-684245.505
72060	0.007328	0.008788	0.003016	0.000509	284.906375	753.269310	-684251.694
72080	0.007435	0.008744	0.003101	0.000487	252.180769	695.701525	-684358.240
72100	0.007162	0.008848	0.003114	0.000494	248.300964	745.656073	-684190.886
72120	0.007177	0.008673	0.003068	0.000485	242.127966	805.518354	-684368.815
72140	0.007319	0.009477	0.003035	0.000498	249.037946	826.062974	-684270.637
72160	0.006866	0.009455	0.002979	0.000503	244.763465	793.777217	-684292.477
72180	0.006454	0.010016	0.003021	0.000492	265.593103	838.460111	-684224.606
72200	0.006633	0.009922	0.002926	0.000488	271.237754	847.746950	-684277.169
72220	0.007240	0.009605	0.002955	0.000494	270.630453	830.203718	-684436.229
72240	0.007364	0.009347	0.002961	0.000511	257.035435	810.383367	-684280.703
72260	0.007330	0.009175	0.002949	0.000502	244.959407	884.988059	-684329.291
72280	0.007391	0.009324	0.002780	0.000509	282.450436	883.038923	-684322.917
72300	0.007233	0.008867	0.002974	0.000492	292.507656	907.729686	-684371.008
72320	0.007571	0.009605	0.003028	0.000505	309.415787	884.331040	-684419.155
72340	0.007550	0.009462	0.003046	0.000487	305.342215	904.331639	-684339.862
72360	0.007467	0.008777	0.003088	0.000476	317.784040	909.997955	-684252.826
72380	0.006837	0.008599	0.003157	0.000486	320.187799	803.294497	-684253.892
72400	0.006651	0.008939	0.003223	0.000484	360.577815	834.690505	-684311.774
72420	0.007220	0.008969	0.003008	0.000490	377.077012	808.627351	-684394.073
72440	0.007124	0.009130	0.003105	0.000511	374.589275	756.058658	-684335.008
72460	0.006660	0.009112	0.002965	0.000530	349.446272	745.952699	-684305.575
72480	0.006691	0.008386	0.002892	0.000520	374.038355	866.503431	-684230.602
72500	0.006866	0.008210	0.003050	0.000527	372.115960	787.842653	-684278.480
72520	0.007717	0.007942	0.003018	0.000536	390.680473	710.081019	-684197.999
72540	0.007706	0.007852	0.002924	0.000542	381.389618	780.864628	-684244.154
72560	0.007749	0.008166	0.002901	0.000543	343.712740	703.726366	-684382.081
72580	0.007681	0.007840	0.002928	0.000528	374.050252	743.941924	-684228.494
72600	0.007854	0.007839	0.002960	0.000518	377.355594	744.297205	-684271.066
72620	0.007457	0.008476	0.002918	0.000545	385.564145	720.082130	-684369.571
72640	0.007173	0.008275	0.002834	0.000525	384.611330	750.802038	-684443.173
72660	0.007599	0.008385	0.002767	0.000536	398.393870	684.905301	-684426.516
72680	0.007129	0.008284	0.002823	0.000538	377.613471	650.209338	-684507.571
72700	0.007730	0.008049	0.002941	0.000526	376.679760	592.597067	-684242.324
72720	0.008076	0.008007	0.002881	0.000517	423.099347	614.715532	-684482.227
72740	0.008108	0.008425	0.002879	0.000524	406.064192	580.820286	-684272.505
72760	0.008422	0.008745	0.002943	0.000501	428.572435	595.691199	-684217.961
72780	0.008334	0.008251	0.002917	0.000486	418.475031	567.086069	-684333.898
72800	0.008484	0.007967	0.002949	0.000484	423.291065	535.686378	-684449.135
72820	0.009001	0.008359	0.002930	0.000497	434.024947	516.647505	-684357.169
72840	0.009106	0.008288	0.002978	0.000478	433.483733	479.885149	-684327.051
72860	0.008789	0.008117	0.003008	0.000492	463.225521	521.454205	-684284.654
72880	0.008590	0.008410	0.002853	0.000511	456.212666	471.553438	-684251.248
72900	0.008446	0.008426	0.002878	0.000521	442.549434	471.332839	-684479.741
72920	0.008070	0.008536	0.003119	0.000520	438.965235	459.326972	-684243.973
72940	0.007708	0.008363	0.003051	0.000478	511.789208	548.414504	-684175.337
72960	0.007472	0.008250	0.003034	0.000486	508.882102	560.547302	-684280.205
72980	0.007709	0.008183	0.003100	0.000483	526.602584	503.510311	-684091.871
73000	0.007475	0.008378	0.002976	0.000494	492.614162	525.897288	-684239.463
73020	0.008507	0.008949	0.002898	0.000526	537.749340	488.979637	-684393.201
73040	0.008175	0.008279	0.002909	0.000508	619.613812	462.748125	-684337.174
73060	0.007764	0.007714	0.003081	0.000509	634.265620	440.615341	-684348.561
73080	0.008085	0.008242	0.002937	0.000507	608.874782	400.741788	-684315.206
73100	0.007857	0.008240	0.003024	0.000494	568.026218	406.486372	-684274.276
73120	0.007773	0.008168	0.002937	0.000496	578.698419	417.005775	-684221.028
73140	0.007611	0.008102	0.003026	0.000510	584.951519	406.146863	-684267.344
73160	0.008033	0.008429	0.003006	0.000516	513.893429	455.823829	-684473.395
73180	0.008226	0.008065	0.002841	0.000526	552.554791	390.837730	-684317.479
73200	0.008116	0.007833	0.002924	0.000534	522.969224	357.361673	-684211.936
73220	0.007919	0.007873	0.003024	0.000489	644.039108	416.695974	-684294.259
73240	0.007875	0.008238	0.003106	0.000484	567.309112	404.133079	-684162.879
73260	0.008037	0.008746	0.003116	0.000499	519.739380	450.904467	-684249.972
73280	0.007566	0.008534	0.003040	0.000459	532.364634	528.862825	-684335.253
73300	0.007926	0.008506	0.003074	0.000463	487.532015	470.815449	-684132.250
73320	0.008370	0.008663	0.003027	0.000474	406.229504	431.822841	-684185.495
73340	0.008757	0.008011	0.003029	0.000482	381.825305	467.942401	-684297.671
73360	0.008260	0.008817	0.003001	0.000489	403.018382	456.157594	-684377.354
73380	0.008093	0.008266	0.002939	0.000479	453.130737	412.573505	-684456.792
73400	0.008083	0.009146	0.003021	0.000492	406.909737	453.860236	-684338.118
73420	0.007595	0.008866	0.003050	0.000475	447.901080	450.818371	-684393.371
73440	0.008008	0.008687	0.003062	0.000475	423.322210	478.007622	-684214.069
73460	0.008117	0.008653	0.003078	0.000467	395.391486	453.383189	-684315.979
73480	0.007870	0.008213	0.003046	0.000463	422.021502	502.875395	-684094.737
73500	0.008070	0.008620	0.003122	0.000479	413.695382	484.336741	-684307.937
73520	0.007584	0.008560	0.003018	0.000461	425.660993	509.900407	-684070.912
73540	0.007495	0.008383	0.003106	0.000468	417.803241	596.274941	-684239.174
73560	0.007757	0.008677	0.003113	0.000485	409.975302	483.930859	-684285.551
73580	0.007293	0.008655	0.003037	0.000496	423.208831	469.800636	-684277.610
73600	0.007172	0.008448	0.003055	0.000493	395.503369	464.081526	-684323.438
73620	0.007453	0.008882	0.003031	0.000495	393.409980	486.108873	-684232.675
73640	0.007766	0.008691	0.002965	0.000490	420.062356	489.258875	-684338.378
73660	0.008347	0.008498	0.002955	0.000495	468.131104	448.569588	-684305.791
73680	0.007855	0.008083	0.003000	0.000470	520.643103	471.783446	-684159.233
73700	0.008129	0.008349	0.002935	0.000486	544.966937	489.613416	-684320.684
73720	0.008196	0.008436	0.002900	0.000488	486.321231	507.669042	-684262.041
73740	0.008498	0.008250	0.002968	0.000508	439.118431	487.619293	-684381.119
73760	0.008698	0.007912	0.002988	0.000509	598.245746	512.305802	-684324.246
73780	0.008497	0.008178	0.002922	0.000502	550.441247	489.128028	-684425.705
73800	0.008233	0.008109	0.002885	0.000497	578.591588	534.897105	-684307.561
73820	0.008037	0.008338	0.002934	0.000502	538.708087	528.379310	-684328.004
73840	0.008026	0.008553	0.003094	0.000495	555.340652	548.748450	-684328.095
73860	0.007719	0.008217	0.003036	0.000501	520.063026	577.916281	-684166.869
73880	0.007756	0.008469	0.002961	0.000522	475.271489	562.359352	-684306.391
73900	0.007750	0.008883	0.002880	0.000515	459.475014	648.754639	-684364.912
73920	0.007415	0.008478	0.003017	0.000516	449.175643	686.544550	-684378.923
73940	0.007703	0.008442	0.003018	0.000489	469.518814	705.431738	-684174.713
73960	0.007151	0.008463	0.003038	0.000509	489.235612	654.382509	-684228.553
73980	0.007818	0.008331	0.003091	0.000498	441.777237	694.799742	-684171.917
74000	0.006993	0.008524	0.003063	0.000488	406.194123	651.993436	-684219.941
74020	0.007354	0.008423	0.003032	0.000487	446.225051	609.735673	-684328.322
74040	0.007910	0.008489	0.002917	0.000474	472.924543	594.907752	-684351.084
74060	0.008134	0.009533	0.002889	0.000479	447.274079	577.768076	-684353.172
74080	0.008312	0.009456	0.002859	0.000505	420.337541	560.166085	-684380.489
74100	0.008021	0.009582	0.002914	0.000497	452.038297	560.782499	-684385.378
74120	0.007341	0.009451	0.002913	0.000491	434.415036	544.360024	-684425.642
74140	0.007920	0.009007	0.002892	0.000491	428.120358	543.249568	-684456.147
74160	0.007841	0.008718	0.002892	0.000495	405.431251	511.202111	-684317.304
74180	0.007192	0.008863	0.003108	0.000498	382.690137	497.144074	-684262.453
74200	0.007558	0.008683	0.003010	0.000492	380.075832	539.700122	-684400.815
74220	0.007919	0.008959	0.003006	0.000518	377.886934	491.308742	-684288.912
74240	0.008017	0.008482	0.003001	0.000497	381.044827	560.943577	-684370.065
74260	0.007618	0.008342	0.003037	0.000499	424.571559	573.048508	-684245.530
74280	0.007570	0.008157	0.002988	0.000507	399.505012	502.415054	-684239.150
74300	0.007893	0.008318	0.003042	0.000497	406.815152	533.322941	-684281.192
74320	0.008085	0.008200	0.002987	0.000517	403.398329	549.705803	-684384.022
74340	0.008262	0.008213	0.002979	0.000517	397.228560	468.541309	-684313.480
74360	0.008161	0.007804	0.002936	0.000507	426.095321	491.825358	-684420.470
74380	0.007800	0.007957	0.003043	0.000521	389.948994	534.592514	-684110.986
74400	0.007826	0.008395	0.002920	0.000513	395.515053	521.956248	-684257.920
74420	0.007802	0.008181	0.002977	0.000500	417.180776	583.285610	-684198.254
74440	0.008355	0.008399	0.002925	0.000516	415.381942	557.795811	-684265.288
74460	0.008110	0.008264	0.002952	0.000502	433.974541	554.108155	-684348.906
74480	0.008757	0.008208	0.002919	0.000514	413.378488	499.871764	-684184.367
74500	0.007864	0.008706	0.003070	0.000495	446.108144	536.466081	-684194.807
74520	0.008640	0.008410	0.002941	0.000498	458.915940	540.263297	-684417.564
74540	0.007866	0.007996	0.003029	0.000483	423.117812	555.361726	-684229.223
74560	0.008642	0.008506	0.003011	0.000477	448.420155	550.396999	-684391.543
74580	0.008402	0.008528	0.002971	0.000481	440.988496	573.054627	-684358.579
74600	0.008187	0.008582	0.003060	0.000482	490.282648	530.994173	-684356.797
74620	0.008456	0.008575	0.002948	0.000505	466.294904	515.470604	-684309.800
74640	0.008112	0.008607	0.003000	0.000502	480.881173	472.314555	-684223.545
74660	0.008088	0.008051	0.003068	0.000514	460.989001	458.614476	-684142.537
74680	0.007502	0.008383	0.003088	0.000494	451.858600	453.113374	-684182.595
74700	0.007394	0.008425	0.003080	0.000488	449.095281	430.550084	-684331.912
74720	0.007912	0.009145	0.002930	0.000496	453.434043	419.890990	-684351.573
74740	0.008179	0.009096	0.003079	0.000505	437.624541	442.463673	-684415.588
74760	0.008341	0.008776	0.002995	0.000496	429.312733	428.320690	-684351.756
74780	0.008181	0.008900	0.002963	0.000505	401.314149	459.988125	-684271.400
74800	0.007764	0.009372	0.003075	0.000482	383.875470	405.789512	-684355.906
74820	0.007667	0.009271	0.002963	0.000490	420.531097	440.811711	-684249.223
74840	0.007832	0.008663	0.003259	0.000503	395.534962	453.417715	-684339.859
74860	0.007685	0.008264	0.003055	0.000489	432.162049	460.382232	-684183.744
74880	0.008399	0.008326	0.003062	0.000487	391.642839	421.760804	-684357.487
74900	0.008422	0.008493	0.003050	0.000470	426.102088	441.923359	-684481.514
74920	0.008303	0.008774	0.002857	0.000507	406.746719	438.890664	-684359.719
74940	0.007987	0.007943	0.002925	0.000498	473.532078	440.020078	-684243.739
74960	0.008189	0.008289	0.002938	0.000506	427.792319	434.154161	-684281.837
74980	0.008340	0.008375	0.003004	0.000509	388.579028	453.064833	-684242.614
75000	0.007359	0.008456	0.002891	0.000497	362.070403	446.488145	-684310.073
75020	0.009004	0.008461	0.003014	0.000500	335.790160	439.962931	-684396.868
75040	0.007989	0.007926	0.003065	0.000493	388.676004	493.331862	-684268.554
75060	0.008001	0.008579	0.003028	0.000502	388.580356	548.944502	-684166.257
75080	0.007938	0.008084	0.003001	0.000491	441.395935	538.718160	-684232.361
75100	0.007991	0.008600	0.002952	0.000510	442.239939	543.632513	-684365.190
75120	0.008390	0.008213	0.002905	0.000517	443.965089	558.635220	-684443.592
75140	0.007866	0.008124	0.003061	0.000510	433.384508	534.965979	-684310.669
75160	0.008719	0.007763	0.002936	0.000516	443.587256	562.299767	-684191.586
75180	0.008604	0.008428	0.002939	0.000506	455.960688	545.602515	-684334.724
75200	0.008120	0.008348	0.003066	0.000509	409.895431	494.103310	-684287.332
75220	0.008101	0.008274	0.003018	0.000507	402.067249	434.051386	-684263.586
75240	0.008481	0.007610	0.002954	0.000490	482.484113	464.169334	-684263.541
75260	0.008713	0.007905	0.002884	0.000508	494.670435	451.167248	-684476.931
75280	0.008723	0.008192	0.002970	0.000500	448.888690	491.173292	-684303.297
75300	0.008832	0.008919	0.002871	0.000502	466.631112	534.119254	-684404.031
75320	0.007787	0.008508	0.002971	0.000495	415.654692	567.915324	-684303.477
75340	0.008314	0.008915	0.003002	0.000508	431.814583	594.081798	-684355.694
75360	0.008185	0.008332	0.003011	0.000492	483.868352	600.035469	-684261.500
75380	0.008204	0.008672	0.003015	0.000509	426.570221	569.104110	-684172.173
75400	0.007401	0.009037	0.003058	0.000517	384.276932	565.641847	-684382.643
75420	0.007781	0.008742	0.002900	0.000511	417.931030	569.019644	-684253.490
75440	0.007499	0.008258	0.002931	0.000502	403.438910	594.264584	-684285.799
75460	0.007809	0.008533	0.002870	0.000513	432.926171	548.093082	-684435.907
75480	0.007988	0.008563	0.003063	0.000498	413.305049	549.531623	-684339.368
75500	0.008466	0.009005	0.002883	0.000507	443.961328	577.679928	-684364.376
75520	0.008450	0.008616	0.003018	0.000502	452.947008	633.640475	-684296.442
75540	0.008249	0.008265	0.003093	0.000496	346.205078	636.535312	-684208.323
75560	0.008647	0.008443	0.002980	0.000508	396.161856	577.653236	-684261.609
75580	0.008688	0.007452	0.003101	0.000495	419.539911	616.393633	-684207.497
75600	0.008642	0.008104	0.003034	0.000483	410.756480	574.807546	-684276.351
75620	0.008714	0.008120	0.003026	0.000495	372.275293	568.912358	-684338.045
75640	0.007896	0.008434	0.002981	0.000509	357.325282	559.199398	-684287.280
75660	0.008615	0.008325	0.002910	0.000505	365.707295	539.464970	-684269.345
75680	0.008229	0.008378	0.002905	0.000489	388.056458	564.211299	-684478.556
75700	0.008460	0.008431	0.003006	0.000502	393.602060	579.064669	-684309.781
75720	0.007652	0.008534	0.002972	0.000514	423.940999	581.321793	-684363.919
75740	0.007492	0.008327	0.002886	0.000491	424.832116	584.243611	-684301.944
75760	0.007305	0.009686	0.002961	0.000487	414.261570	592.860794	-684327.884
75780	0.007515	0.009557	0.003053	0.000484	410.079340	656.560634	-684320.574
75800	0.007671	0.009362	0.003083	0.000476	385.602797	625.437474	-684263.260
75820	0.007527	0.009027	0.002984	0.000479	376.011970	670.178962	-684330.543
75840	0.007373	0.008896	0.002983	0.000468	381.562802	701.213367	-684353.453
75860	0.007290	0.008724	0.003162	0.000486	332.584727	620.573315	-684296.747
75880	0.008029	0.008558	0.003135	0.000483	293.697266	660.864979	-684245.265
75900	0.007833	0.008651	0.003122	0.000467	291.647871	679.127883	-684161.911
75920	0.008044	0.008718	0.003121	0.000466	273.797707	657.426867	-684220.930
75940	0.007728	0.009094	0.003057	0.000478	300.176696	654.826696	-684247.650
75960	0.008027	0.008904	0.003023	0.000470	287.354568	653.444676	-684351.124
75980	0.008087	0.009431	0.002979	0.000486	268.661282	652.883576	-684340.289
76000	0.007605	0.009258	0.003061	0.000498	261.681473	645.853895	-684378.865
76020	0.007321	0.009471	0.003032	0.000491	229.109392	705.748361	-684231.346
76040	0.007885	0.009155	0.003120	0.000493	225.394085	688.604546	-684247.686
76060	0.007941	0.009123	0.003046	0.000483	238.449353	690.139102	-684282.895
76080	0.007691	0.009563	0.003041	0.000483	268.129050	690.668489	-684199.143
76100	0.007497	0.009292	0.003022	0.000470	304.002607	743.557554	-684293.249
76120	0.007259	0.008249	0.002918	0.000468	304.278781	625.171384	-684174.344
76140	0.008238	0.009104	0.003003	0.000499	318.360202	706.016451	-684339.081
76160	0.007657	0.009044	0.002991	0.000489	326.852022	743.409934	-684287.782
76180	0.007475	0.009435	0.002930	0.000498	283.387974	776.881493	-684400.673
76200	0.006925	0.009013	0.003074	0.000487	267.124475	806.549537	-684180.862
76220	0.006706	0.008756	0.003118	0.000495	209.578544	838.211673	-684156.810
76240	0.007055	0.009203	0.003200	0.000496	231.286070	901.563302	-684211.864
76260	0.007104	0.009468	0.003022	0.000506	191.314299	962.891887	-684186.772
76280	0.006850	0.008758	0.002976	0.000503	215.088576	987.243187	-684145.762
76300	0.006740	0.009224	0.003124	0.000500	218.061284	934.574663	-684384.808
76320	0.006575	0.009483	0.002963	0.000501	234.660597	989.155259	-684237.943
76340	0.006330	0.008946	0.003014	0.000503	230.768394	955.811924	-684357.263
76360	0.006086	0.009001	0.002997	0.000505	209.360334	1008.366758	-684247.240
76380	0.006443	0.009361	0.002979	0.000526	216.318138	991.012833	-684192.422
76400	0.006502	0.008852	0.002940	0.000528	227.894785	994.638488	-684253.019
76420	0.006837	0.010189	0.002968	0.000541	221.330897	1011.226804	-684404.277
76440	0.006912	0.009990	0.002852	0.000550	207.811172	1021.554213	-684428.137
76460	0.006229	0.008717	0.002841	0.000528	213.486309	945.425164	-684291.230
76480	0.006480	0.008826	0.002815	0.000553	207.978542	970.054242	-684324.911
76500	0.006373	0.009062	0.002853	0.000549	201.152022	1001.650086	-684397.485
76520	0.006348	0.009040	0.002792	0.000538	230.052149	1059.933089	-684282.956
76540	0.006228	0.008495	0.002911	0.000536	225.477955	1051.013806	-684242.901
76560	0.006410	0.008723	0.002799	0.000558	216.446778	1072.458576	-684423.911
76580	0.006555	0.008809	0.003006	0.000565	228.638291	1017.090334	-684257.148
76600	0.006358	0.008206	0.002881	0.000546	216.265105	1116.447523	-684384.648
76620	0.006341	0.007807	0.002944	0.000561	223.803034	991.873258	-684379.977
76640	0.006253	0.008184	0.002906	0.000532	238.590559	1047.996123	-684369.513
76660	0.006343	0.009189	0.002870	0.000548	210.520911	1073.409115	-684247.462
76680	0.006354	0.008968	0.002913	0.000550	220.158571	1123.432724	-684334.938
76700	0.006268	0.008855	0.002962	0.000548	215.699701	1054.715854	-684329.367
76720	0.006435	0.008737	0.002942	0.000550	179.198071	1018.890351	-684418.326
76740	0.006200	0.008801	0.002995	0.000529	211.891263	1159.826534	-684254.629
76760	0.006082	0.008913	0.002931	0.000521	191.306194	1184.497709	-684187.127
76780	0.006745	0.009335	0.002891	0.000560	207.792638	1049.808860	-684314.324
76800	0.006482	0.009526	0.002951	0.000536	192.640539	1087.141988	-684369.410
76820	0.006107	0.008679	0.002927	0.000501	200.355615	1070.175965	-684236.300
76840	0.006397	0.009255	0.002959	0.000534	190.603801	1091.247797	-684334.679
76860	0.006446	0.009309	0.002917	0.000516	238.464960	1133.634917	-684214.300
76880	0.006209	0.009519	0.002933	0.000543	213.802286	1155.714776	-684150.617
76900	0.006370	0.009755	0.002931	0.000549	216.528618	1119.329102	-684336.921
76920	0.005986	0.009054	0.002950	0.000547	197.546340	1281.384584	-684219.084
76940	0.006211	0.008903	0.003018	0.000527	221.634791	1339.322304	-684187.151
76960	0.006026	0.009017	0.002883	0.000539	198.719669	1187.026613	-684223.713
76980	0.005793	0.009101	0.003024	0.000539	215.202845	1189.309197	-684248.278
77000	0.006426	0.009173	0.002972	0.000546	224.019579	1155.775029	-684258.058
77020	0.006461	0.009376	0.002893	0.000552	231.422603	1174.665924	-684274.780
77040	0.006585	0.008839	0.002919	0.000546	215.514398	1163.927469	-684373.990
77060	0.006469	0.008853	0.002885	0.000560	216.672330	1163.745651	-684235.055
77080	0.006591	0.009000	0.002883	0.000565	206.298714	1108.233340	-684140.034
77100	0.006450	0.008418	0.002932	0.000542	240.774856	1154.466515	-684200.063
77120	0.006149	0.009213	0.002948	0.000556	216.902932	1156.073111	-684245.018
77140	0.006552	0.008742	0.002949	0.000558	227.079812	1106.060640	-684366.901
77160	0.006319	0.008550	0.002975	0.000557	214.686548	1166.128796	-684190.244
77180	0.006409	0.008842	0.002966	0.000561	169.687756	1111.950478	-684142.696
77200	0.006900	0.008672	0.002744	0.000539	134.792177	1123.041495	-684237.210
77220	0.006835	0.009036	0.002879	0.000555	152.010107	1115.611920	-684186.724
77240	0.006311	0.008582	0.002956	0.000533	136.805357	1192.555423	-684201.083
77260	0.006265	0.008820	0.002947	0.000528	135.436858	1194.566588	-684107.382
77280	0.006438	0.008920	0.002995	0.000540	112.588659	1229.919921	-684260.256
77300	0.006105	0.008888	0.002949	0.000545	133.740032	1207.167621	-684233.214
77320	0.006448	0.009222	0.002953	0.000545	155.226635	1316.598964	-684273.936
77340	0.006491	0.008364	0.002957	0.000524	191.071188	1262.987178	-684299.555
77360	0.006340	0.008498	0.002929	0.000536	169.119936	1212.578001	-684148.349
77380	0.006985	0.008576	0.002945	0.000537	162.800769	1129.742830	-684346.021
77400	0.006536	0.008880	0.002937	0.000537	149.210860	1167.609008	-684286.703
77420	0.006332	0.009326	0.003007	0.000534	145.742938	1149.180405	-684296.430
77440	0.006197	0.008941	0.002907	0.000513	146.427517	1216.786143	-684213.556
77460	0.006479	0.009718	0.002960	0.000543	144.474450	1087.344691	-684204.349
77480	0.006486	0.009244	0.002943	0.000522	171.097254	1066.394703	-684290.577
77500	0.006245	0.009542	0.002920	0.000535	159.555856	1092.901386	-684214.707
77520	0.006667	0.009455	0.002850	0.000541	134.112585	1094.371549	-684504.058
77540	0.006829	0.009758	0.002820	0.000528	132.362046	1080.330291	-684284.633
77560	0.006475	0.009700	0.002971	0.000525	131.175475	1137.376424	-684222.887
77580	0.006375	0.009458	0.002909	0.000537	114.437487	1022.000729	-684211.898
77600	0.007568	0.009544	0.002918	0.000552	107.032608	984.308933	-684330.428
77620	0.006596	0.009078	0.002811	0.000535	104.947194	945.279058	-684271.606
77640	0.006121	0.009615	0.002835	0.000548	92.183243	1047.631055	-684307.639
77660	0.006145	0.009514	0.002820	0.000519	94.383981	1132.342197	-684253.828
77680	0.006845	0.010042	0.002788	0.000548	75.298853	1195.933515	-684312.487
77700	0.006436	0.010359	0.002902	0.000559	84.302190	1217.173488	-684322.253
77720	0.005761	0.009237	0.002869	0.000554	84.764931	1164.413436	-684237.038
77740	0.006373	0.009555	0.002905	0.000554	86.331729	1195.313446	-684350.432
77760	0.006561	0.009464	0.002905	0.000527	86.978299	1331.342567	-684463.478
77780	0.006623	0.009172	0.002859	0.000519	75.730167	1279.534532	-684431.124
77800	0.006231	0.009439	0.002927	0.000546	70.559360	1217.634855	-684379.270
77820	0.006024	0.009724	0.002798	0.000555	87.758214	1242.217030	-684347.317
77840	0.006381	0.009049	0.002821	0.000539	73.090575	1281.926416	-684310.900
77860	0.006409	0.009145	0.002818	0.000527	88.802153	1344.976046	-684287.849
77880	0.006610	0.009267	0.002922	0.000519	80.171817	1331.450766	-684384.264
77900	0.005998	0.009648	0.002984	0.000514	90.076525	1377.367132	-684351.887
77920	0.006248	0.009602	0.002988	0.000528	79.915973	1316.918719	-684220.323
77940	0.006437	0.009661	0.002968	0.000510	84.744134	1326.863893	-684167.640
77960	0.006630	0.009234	0.002946	0.000512	95.588129	1282.354902	-684248.668
77980	0.006718	0.009062	0.002918	0.000515	100.129945	1224.138142	-684433.033
78000	0.006857	0.009389	0.002946	0.000555	99.431621	1114.852325	-684305.492
78020	0.005859	0.008967	0.002863	0.000518	101.091740	1161.592784	-684312.890
78040	0.006322	0.009795	0.002970	0.000540	116.034932	1123.722521	-684289.206
78060	0.006486	0.009217	0.002999	0.000517	118.459853	1103.443500	-684224.875
78080	0.006502	0.009169	0.003009	0.000501	126.643352	1136.756655	-684336.786
78100	0.006744	0.009178	0.003159	0.000504	124.714174	1133.938406	-684297.287
78120	0.006526	0.009613	0.003091	0.000492	139.489484	1149.888871	-684199.882
78140	0.006592	0.009618	0.002988	0.000513	142.337190	1023.096140	-684221.040
78160	0.006093	0.009086	0.003153	0.000502	160.971927	980.216700	-684287.810
78180	0.006274	0.009778	0.003055	0.000502	135.753989	988.758952	-684251.453
78200	0.006482	0.009922	0.003002	0.000483	153.402513	1088.516400	-684425.961
78220	0.006438	0.010133	0.003095	0.000479	150.499983	1052.980489	-684360.867
78240	0.006686	0.010056	0.003023	0.000490	141.875535	1108.180853	-684216.480
78260	0.006835	0.010188	0.003102	0.000503	149.003844	1076.947584	-684390.573
78280	0.006305	0.009829	0.003071	0.000462	148.820608	1128.449617	-684328.803
78300	0.007154	0.009983	0.003067	0.000492	128.089552	1006.790341	-684421.998
78320	0.007085	0.009802	0.002956	0.000500	108.030013	925.482454	-684297.469
78340	0.007472	0.009566	0.003005	0.000509	106.209304	873.223686	-684243.256
78360	0.006916	0.009511	0.003086	0.000473	115.582643	999.185965	-684290.527
78380	0.007106	0.009761	0.003023	0.000484	117.383816	956.944383	-684142.238
78400	0.006424	0.009464	0.003087	0.000480	122.565080	984.194474	-684174.806
78420	0.007114	0.009195	0.003037	0.000499	107.154889	904.076007	-684332.413
78440	0.007273	0.009485	0.002916	0.000504	134.886598	884.063941	-684371.314
78460	0.007394	0.009485	0.002986	0.000511	123.631903	850.716768	-684168.639
78480	0.007216	0.008959	0.002958	0.000489	131.662984	911.990218	-684181.812
78500	0.007227	0.008740	0.003093	0.000489	122.061967	927.209290	-684200.637
78520	0.007024	0.009498	0.002939	0.000503	145.450494	811.612676	-684270.473
78540	0.007211	0.008976	0.002956	0.000518	142.070223	713.294583	-684328.727
78560	0.006781	0.009396	0.003030	0.000497	172.583280	757.064577	-684294.007
78580	0.006858	0.008463	0.002986	0.000481	205.527401	830.244057	-684273.290
78600	0.007196	0.009213	0.003069	0.000518	176.070281	800.906280	-684285.947
78620	0.006967	0.009625	0.002886	0.000513	191.080047	785.140507	-684323.005
78640	0.007640	0.010133	0.002912	0.000520	177.601050	785.068405	-684377.153
78660	0.007745	0.009749	0.002971	0.000499	180.596085	802.643704	-684324.358
78680	0.007459	0.009691	0.002960	0.000499	191.738647	842.949672	-684374.731
78700	0.007371	0.009456	0.002888	0.000485	207.972300	805.456920	-684421.392
78720	0.007480	0.009296	0.002891	0.000486	186.022570	786.414414	-684156.682
78740	0.007955	0.009091	0.002961	0.000496	174.431111	739.128760	-684377.430
78760	0.008197	0.009301	0.002902	0.000514	177.478974	674.005879	-684386.604
78780	0.007613	0.009242	0.002976	0.000485	167.608596	801.424926	-684340.439
78800	0.007866	0.009336	0.002894	0.000499	171.364273	700.273088	-684365.575
78820	0.007564	0.009326	0.002932	0.000481	185.539200	768.343181	-684252.804
78840	0.007471	0.009043	0.002932	0.000484	188.473519	778.422166	-684277.054
78860	0.007419	0.008543	0.003086	0.000482	190.939335	720.837028	-684168.153
78880	0.007834	0.009436	0.002981	0.000480	193.762496	803.964045	-684352.238
78900	0.007783	0.009175	0.002990	0.000464	208.009196	783.461642	-684353.860
78920	0.008012	0.009599	0.003063	0.000475	206.298455	790.686973	-684353.844
78940	0.008437	0.009290	0.002994	0.000467	211.666621	754.178967	-684251.241
78960	0.008233	0.009149	0.003029	0.000479	206.539983	738.635217	-684273.005
78980	0.007867	0.009045	0.003046	0.000470	221.122649	744.169664	-684324.317
79000	0.007281	0.008832	0.002927	0.000469	245.680658	839.630992	-684258.673
79020	0.007273	0.009049	0.002979	0.000481	197.839303	808.480900	-684300.912
79040	0.007494	0.008676	0.002987	0.000473	232.227621	806.597753	-684410.728
79060	0.008129	0.009277	0.003056	0.000503	206.454481	734.732460	-684276.216
79080	0.007127	0.009001	0.003001	0.000494	229.628288	767.977303	-684353.836
79100	0.007265	0.010226	0.002885	0.000517	230.307062	727.733986	-684362.957
79120	0.007823	0.009035	0.002909	0.000521	189.652566	696.598200	-684264.920
79140	0.007921	0.009645	0.002850	0.000511	207.029182	715.403923	-684388.410
79160	0.007743	0.009147	0.002843	0.000503	174.392831	743.062181	-684340.090
79180	0.007604	0.009581	0.002965	0.000505	188.838262	717.646861	-684286.627
79200	0.007240	0.009318	0.002967	0.000501	226.932333	703.007048	-684374.256
79220	0.007823	0.009128	0.003059	0.000512	210.606831	631.515112	-684368.739
79240	0.006898	0.008898	0.002924	0.000498	210.651256	720.479569	-684349.780
79260	0.006853	0.009624	0.002877	0.000499	231.184188	686.329512	-684237.077
79280	0.006744	0.009247	0.002962	0.000489	231.046679	682.685671	-684293.676
79300	0.007021	0.009393	0.002960	0.000490	218.592722	771.131310	-684323.922
79320	0.007404	0.009778	0.002819	0.000505	225.352231	738.505186	-684245.604
79340	0.007283	0.009356	0.002961	0.000497	223.733010	736.582752	-684191.546
79360	0.007067	0.009369	0.002961	0.000501	237.613193	753.504901	-684331.312
79380	0.006710	0.009650	0.003041	0.000495	214.526813	743.882913	-684311.916
79400	0.006873	0.010237	0.003013	0.000485	240.198210	721.397363	-684268.330
79420	0.007327	0.009111	0.003036	0.000477	225.889622	839.858968	-684263.217
79440	0.007325	0.008976	0.003088	0.000485	225.467537	831.095280	-684196.035
79460	0.007132	0.009089	0.003034	0.000492	213.976689	746.222087	-684313.410
79480	0.006873	0.009125	0.003145	0.000504	215.750462	781.864466	-684241.189
79500	0.007477	0.009868	0.002990	0.000524	194.195860	721.062640	-684208.982
79520	0.007455	0.009119	0.002952	0.000507	185.529037	733.112222	-684210.511
79540	0.007631	0.008510	0.002990	0.000493	196.106223	792.225976	-684284.986
79560	0.007540	0.008995	0.002932	0.000512	223.750371	821.000487	-684415.921
79580	0.007487	0.009307	0.002883	0.000507	198.540867	871.946374	-684241.438
79600	0.007491	0.009279	0.002926	0.000528	173.303018	849.486710	-684349.127
79620	0.007252	0.009413	0.002890	0.000522	153.076144	974.006360	-684372.695
79640	0.006348	0.009000	0.002994	0.000497	165.663163	921.307667	-684286.638
79660	0.007135	0.008898	0.002934	0.000518	177.345223	823.462942	-684327.043
79680	0.007141	0.009725	0.002882	0.000534	170.679629	809.731897	-684292.163
79700	0.007034	0.009409	0.002835	0.000535	146.161042	925.879714	-684460.922
79720	0.007517	0.009612	0.002946	0.000551	135.679502	899.746012	-684414.463
79740	0.006938	0.009284	0.002820	0.000535	170.586296	884.182165	-684355.441
79760	0.007499	0.009479	0.002897	0.000500	177.396465	898.804607	-684311.696
79780	0.007114	0.009383	0.002838	0.000507	144.870954	925.907408	-684252.955
79800	0.006960	0.009027	0.003002	0.000498	155.338105	946.830552	-684180.178
79820	0.007178	0.009574	0.002980	0.000506	146.624742	992.252068	-684415.039
79840	0.007317	0.009106	0.003043	0.000518	149.967823	962.647647	-684317.366
79860	0.007163	0.008975	0.002900	0.000515	170.596548	941.052554	-684290.496
79880	0.007481	0.009227	0.002983	0.000546	136.181244	827.935849	-684304.300
79900	0.007310	0.008413	0.003042	0.000521	146.525428	819.897242	-684200.261
79920	0.007132	0.008275	0.003044	0.000508	137.040080	832.127150	-684096.580
79940	0.006841	0.008977	0.003049	0.000501	154.127421	970.505037	-684232.443
79960	0.006826	0.009056	0.003019	0.000488	186.035954	978.572920	-684264.683
79980	0.006904	0.009090	0.002974	0.000513	160.518950	959.742634	-684290.407
80000	0.007444	0.009173	0.002959	0.000519	151.915588	913.306483	-684330.912
80020	0.006932	0.008939	0.003070	0.000517	146.165503	926.060305	-684276.642
80040	0.006671	0.008918	0.002971	0.000522	163.475392	882.577603	-684102.918
80060	0.006321	0.008915	0.003019	0.000518	143.544898	909.850238	-684181.829
80080	0.006600	0.009192	0.003127	0.000528	124.904559	949.575623	-684256.950
80100	0.007015	0.009282	0.003043	0.000516	160.325072	920.472792	-684233.672
80120	0.007309	0.008847	0.002983	0.000495	160.368017	943.002544	-684238.862
80140	0.006972	0.008908	0.003070	0.000511	143.549686	904.447870	-684086.424
80160	0.006861	0.008757	0.002991	0.000500	155.985926	896.710092	-684255.130
80180	0.006963	0.008943	0.003045	0.000497	192.193901	782.654842	-684377.383
80200	0.006981	0.008242	0.003155	0.000497	196.231732	793.445297	-684290.391
80220	0.007001	0.008533	0.003069	0.000517	163.771649	735.546977	-684185.104
80240	0.007082	0.008474	0.003169	0.000496	209.336520	750.382779	-684245.992
80260	0.007914	0.008666	0.002974	0.000503	226.321563	717.611709	-684333.466
80280	0.007352	0.008750	0.003203	0.000501	243.754292	808.909633	-684242.950
80300	0.007537	0.009070	0.003074	0.000496	238.970780	896.832642	-684192.939
80320	0.007117	0.008874	0.003079	0.000500	242.681371	876.850102	-684176.809
80340	0.007599	0.009027	0.003015	0.000502	238.562774	889.004931	-684176.192
80360	0.007063	0.009466	0.002935	0.000481	217.647325	945.027963	-684333.993
80380	0.007335	0.009483	0.002963	0.000509	202.357739	932.303817	-684292.722
80400	0.006978	0.009466	0.002963	0.000507	228.109724	949.726070	-684416.774
80420	0.007396	0.008855	0.002999	0.000522	221.379048	926.747196	-684430.081
80440	0.007428	0.008290	0.003020	0.000507	219.934585	936.314786	-684296.379
80460	0.007082	0.008326	0.002974	0.000515	224.417245	814.834033	-684204.151
80480	0.006951	0.008288	0.003060	0.000501	242.668824	877.357612	-684322.289
80500	0.006943	0.008889	0.003062	0.000504	262.597562	866.281463	-684245.726
80520	0.006608	0.008943	0.002922	0.000505	277.136382	895.850986	-684273.322
80540	0.007350	0.009075	0.002987	0.000512	245.975456	886.298358	-684259.601
80560	0.007455	0.009264	0.003002	0.000512	240.979787	864.374378	-684209.500
80580	0.006910	0.009020	0.003003	0.000495	279.739310	890.307035	-684177.075
80600	0.006509	0.009794	0.002946	0.000487	265.051599	931.895216	-684084.614
80620	0.006609	0.009732	0.003081	0.000491	226.826810	930.549739	-684293.754
80640	0.006931	0.009471	0.003008	0.000496	250.293023	978.761533	-684339.249
80660	0.007298	0.008976	0.003142	0.000490	233.586480	883.680084	-684304.438
80680	0.007245	0.009387	0.003015	0.000500	246.870088	861.069260	-684326.770
80700	0.007087	0.009648	0.003032	0.000504	255.757276	843.529962	-684251.713
80720	0.007281	0.009987	0.003064	0.000501	235.185624	774.811865	-684296.163
80740	0.006719	0.010095	0.003049	0.000495	214.562888	805.677841	-684292.532
80760	0.007355	0.009377	0.003051	0.000483	203.392969	823.316437	-684303.839
80780	0.006867	0.009579	0.002908	0.000499	214.726484	879.168513	-684293.897
80800	0.007086	0.009822	0.002978	0.000515	205.330870	881.896164	-684310.662
80820	0.006638	0.008877	0.002994	0.000480	233.151580	976.836164	-684199.851
80840	0.007507	0.009496	0.003057	0.000497	215.197620	958.955404	-684278.237
80860	0.006966	0.009189	0.003003	0.000488	225.143402	964.144190	-684364.827
80880	0.006617	0.009434	0.003010	0.000501	200.962992	875.246309	-684265.569
80900	0.006810	0.009367	0.002960	0.000511	229.740081	912.477253	-684187.902
80920	0.007017	0.008738	0.002956	0.000501	192.672735	892.810503	-684439.988
80940	0.006709	0.008605	0.003075	0.000505	157.079746	944.087251	-684350.288
80960	0.007188	0.008315	0.002887	0.000521	172.630270	977.035499	-684251.175
80980	0.007389	0.008641	0.002896	0.000512	174.305368	875.254422	-684288.235
81000	0.006860	0.009382	0.002876	0.000509	170.427443	875.663554	-684333.577
81020	0.006607	0.009542	0.002943	0.000518	145.472673	906.002115	-684268.842
81040	0.006712	0.009877	0.002974	0.000487	163.768347	936.908329	-684277.856
81060	0.006538	0.009374	0.003043	0.000485	160.449927	981.259016	-684236.487
81080	0.007014	0.009879	0.002956	0.000491	144.502896	920.674218	-684554.563
81100	0.007358	0.009133	0.003057	0.000499	166.998408	894.917869	-684372.258
81120	0.007255	0.008882	0.002930	0.000516	152.357192	902.068632	-684347.719
81140	0.007024	0.009200	0.002933	0.000526	162.715790	812.306049	-684299.443
81160	0.007472	0.009333	0.002853	0.000518	166.081131	768.463222	-684252.991
81180	0.007169	0.009166	0.002985	0.000516	146.776242	766.856367	-684305.138
81200	0.006649	0.009634	0.002969	0.000514	166.965699	791.325220	-684250.142
81220	0.006900	0.009545	0.002929	0.000519	163.626232	773.357287	-684350.283
81240	0.006827	0.010238	0.002931	0.000503	163.989273	878.351271	-684350.979
81260	0.006729	0.010164	0.003071	0.000486	147.106212	907.323965	-684189.801
81280	0.006889	0.010138	0.003070	0.000488	131.513243	872.857953	-684405.944
81300	0.006769	0.009004	0.003041	0.000466	154.110861	951.511398	-684311.101
81320	0.007108	0.009970	0.002999	0.000505	149.322356	883.951421	-684481.662
81340	0.007370	0.009403	0.003012	0.000504	159.186176	892.898876	-684243.084
81360	0.007893	0.009705	0.003001	0.000508	145.951910	881.685159	-684413.484
81380	0.007462	0.009192	0.002899	0.000507	123.490744	873.119237	-684434.546
81400	0.007086	0.008473	0.002981	0.000498	143.487793	882.309234	-684308.224
81420	0.007287	0.009207	0.002948	0.000516	134.605718	915.689447	-684386.108
81440	0.006802	0.009603	0.002946	0.000529	140.725315	987.756303	-684284.275
81460	0.006396	0.009122	0.002930	0.000533	149.086333	853.308284	-684221.053
81480	0.006559	0.008739	0.003001	0.000529	147.002316	916.575284	-684207.040
81500	0.006526	0.008818	0.002903	0.000518	154.701816	1007.055047	-684373.366
81520	0.006862	0.009352	0.002866	0.000521	145.401228	965.918897	-684377.950
81540	0.006707	0.009087	0.003050	0.000512	143.583227	995.933441	-684350.888
81560	0.007046	0.009281	0.002852	0.000540	121.711848	1035.836974	-684264.444
81580	0.006622	0.009349	0.002842	0.000546	109.492443	997.122839	-684329.570
81600	0.006600	0.009199	0.002984	0.000535	128.175945	1017.944583	-684287.262
81620	0.007201	0.009420	0.002868	0.000550	128.523045	1044.456095	-684331.068
81640	0.006895	0.009283	0.002791	0.000527	160.977432	1087.955314	-684254.842
81660	0.006445	0.009138	0.002979	0.000531	148.732501	1059.046826	-684243.933
81680	0.007018	0.009118	0.002905	0.000524	151.950158	1062.608314	-684318.803
81700	0.007596	0.009165	0.002899	0.000508	174.170165	1009.260185	-684302.576
81720	0.007117	0.008910	0.003024	0.000496	160.233300	991.608584	-684290.146
81740	0.007456	0.009062	0.003033	0.000501	147.479414	970.062959	-684226.614
81760	0.007523	0.009129	0.003089	0.000489	171.331019	1030.282330	-684377.139
81780	0.007682	0.009242	0.002988	0.000488	173.242738	1069.986097	-684213.503
81800	0.006545	0.009129	0.003101	0.000489	168.065266	1111.313329	-684234.982
81820	0.006801	0.010018	0.003048	0.000495	178.212083	1027.635639	-684250.324
81840	0.006704	0.009961	0.002993	0.000483	189.319278	1006.745282	-684317.447
81860	0.006898	0.009782	0.003036	0.000477	200.185667	958.234891	-684283.726
81880	0.007172	0.009861	0.003043	0.000492	220.335628	904.915607	-684336.892
81900	0.007755	0.009531	0.003052	0.000496	241.550347	857.236112	-684209.466
81920	0.007649	0.009834	0.002943	0.000508	203.380989	812.826694	-684402.540
81940	0.006956	0.008942	0.003079	0.000497	178.380883	855.683929	-684292.500
81960	0.007082	0.009711	0.002872	0.000516	194.000116	826.112914	-684391.422
81980	0.007418	0.008753	0.002806	0.000504	196.900065	826.989092	-684277.866
82000	0.007303	0.009306	0.002951	0.000521	212.173453	746.315406	-684266.680
82020	0.006552	0.009495	0.002976	0.000484	175.856761	814.820539	-684330.317
82040	0.007111	0.009696	0.002936	0.000493	161.691354	798.318004	-684247.695
82060	0.007971	0.009311	0.003048	0.000492	151.502272	772.926138	-684335.115
82080	0.007563	0.009424	0.003050	0.000487	153.643752	805.476549	-684373.857
82100	0.007555	0.009165	0.002967	0.000497	141.766047	766.455578	-684212.117
82120	0.007961	0.009489	0.002914	0.000482	164.617107	799.641788	-684208.165
82140	0.008332	0.009485	0.002963	0.000497	163.828779	722.264200	-684324.249
82160	0.007892	0.008627	0.002957	0.000471	179.692864	766.007488	-684168.117
82180	0.008418	0.008846	0.002958	0.000494	190.575079	774.770074	-684381.014
82200	0.008140	0.008733	0.003108	0.000484	198.115891	716.905765	-684215.108
82220	0.007460	0.008806	0.003078	0.000489	210.889806	734.504977	-684173.836
82240	0.007734	0.008845	0.003099	0.000482	230.610829	765.469920	-684234.564
82260	0.007405	0.008897	0.003134	0.000479	210.951754	818.024866	-684211.558
82280	0.006708	0.010067	0.003138	0.000497	192.624754	733.211889	-684276.143
82300	0.006997	0.009681	0.003039	0.000479	221.014895	710.616096	-684277.252
82320	0.007127	0.009076	0.002960	0.000484	232.340033	801.438274	-684247.580
82340	0.007183	0.009382	0.003193	0.000490	205.441598	826.770408	-684230.882
82360	0.007055	0.010021	0.003140	0.000501	191.676559	768.440611	-684357.798
82380	0.007193	0.009631	0.002979	0.000501	204.065338	712.414910	-684352.255
82400	0.006855	0.009132	0.002948	0.000517	187.745012	663.520471	-684269.999
82420	0.007274	0.008270	0.002959	0.000511	245.575796	647.790972	-684303.988
82440	0.007871	0.008900	0.003025	0.000510	250.724183	625.885463	-684200.347
82460	0.007781	0.008202	0.003024	0.000488	273.379216	684.367241	-684288.226
82480	0.007848	0.008638	0.003029	0.000483	234.145434	636.295799	-684343.015
82500	0.007936	0.008695	0.003005	0.000471	194.551699	681.776533	-684269.777
82520	0.007360	0.009118	0.003056	0.000480	208.048105	657.839560	-684212.669
82540	0.007533	0.008743	0.003051	0.000475	214.344221	649.061730	-684319.341
82560	0.008035	0.009297	0.003032	0.000510	224.744865	617.781238	-684339.074
82580	0.008206	0.008795	0.003001	0.000492	251.433472	627.104014	-684248.491
82600	0.008715	0.009058	0.002914	0.000509	267.384318	654.267506	-684356.715
82620	0.007767	0.008413	0.002998	0.000511	250.875326	628.101415	-684372.951
82640	0.007383	0.008946	0.002826	0.000530	259.052445	636.733995	-684262.260
82660	0.007125	0.009297	0.002992	0.000512	270.012070	709.801296	-684230.303
82680	0.007084	0.008933	0.003099	0.000505	263.674480	702.407438	-684215.326
82700	0.007294	0.008849	0.002964	0.000516	270.946058	716.051087	-684361.002
82720	0.007031	0.008609	0.003038	0.000484	299.855941	803.638421	-684326.206
82740	0.007753	0.008360	0.002983	0.000493	344.730719	730.694650	-684295.430
82760	0.007857	0.008787	0.002946	0.000493	323.132429	721.831717	-684386.410
82780	0.007539	0.008612	0.003002	0.000508	293.715218	730.191177	-684178.896
82800	0.007018	0.008661	0.002997	0.000517	297.523952	723.372334	-684287.779
82820	0.007079	0.008709	0.002887	0.000516	312.267394	701.274517	-684279.386
82840	0.007554	0.008724	0.002937	0.000525	288.313893	695.190651	-684315.778
82860	0.008034	0.008782	0.002975	0.000524	346.959979	721.888046	-684303.619
82880	0.007396	0.009245	0.002931	0.000513	324.686662	729.055728	-684257.354
82900	0.007134	0.008505	0.002955	0.000498	327.097112	702.759967	-684118.202
82920	0.007461	0.008661	0.002997	0.000492	344.856752	707.842261	-684320.613
82940	0.007618	0.008957	0.002986	0.000497	335.268738	740.738505	-684315.392
82960	0.006949	0.008995	0.003008	0.000501	323.820874	747.664900	-684302.935
82980	0.006713	0.009265	0.003006	0.000511	310.269427	776.329725	-684218.473
83000	0.006908	0.009200	0.002950	0.000516	324.015765	792.393979	-684261.937
83020	0.007260	0.009243	0.003014	0.000500	344.909198	759.533170	-684310.280
83040	0.007680	0.008724	0.002991	0.000518	327.758130	728.085020	-684310.819
83060	0.007540	0.008568	0.002888	0.000537	332.485912	693.082060	-684311.035
83080	0.006900	0.008951	0.002850	0.000538	337.684740	749.045173	-684314.709
83100	0.006979	0.008953	0.002834	0.000550	306.328566	795.051714	-684331.419
83120	0.006906	0.008465	0.002875	0.000549	329.656957	807.993936	-684359.362
83140	0.006888	0.008200	0.002901	0.000532	352.026312	756.191820	-684206.900
83160	0.007260	0.008814	0.002805	0.000529	352.274662	737.089911	-684381.412
83180	0.007019	0.008644	0.002908	0.000541	365.853948	824.510726	-684351.798
83200	0.006983	0.008133	0.002925	0.000552	396.674918	880.575985	-684297.996
83220	0.006703	0.008483	0.002883	0.000557	381.223403	840.159904	-684374.793
83240	0.006920	0.008736	0.003000	0.000555	341.020206	819.122342	-684315.546
83260	0.006727	0.008701	0.002854	0.000540	362.831287	866.535075	-684327.723
83280	0.006466	0.008419	0.002924	0.000549	382.081581	887.629313	-684146.393
83300	0.006793	0.008210	0.003009	0.000549	403.945920	822.187295	-684272.904
83320	0.006693	0.008050	0.002982	0.000541	422.561886	837.890668	-684351.589
83340	0.006323	0.008004	0.002899	0.000535	388.230832	888.243197	-684235.575
83360	0.006811	0.008539	0.002886	0.000560	354.547515	801.009093	-684207.471
83380	0.006808	0.008329	0.003040	0.000551	331.514293	870.609710	-684264.506
83400	0.006846	0.008167	0.002908	0.000558	372.276885	816.986759	-684309.030
83420	0.006450	0.008123	0.003114	0.000543	409.434688	867.241155	-684089.477
83440	0.006666	0.008474	0.002976	0.000540	415.099492	827.883663	-684140.033
83460	0.006937	0.008416	0.002958	0.000542	423.028734	800.842956	-684227.233
83480	0.007061	0.008886	0.002857	0.000554	398.867692	847.907196	-684344.510
83500	0.006824	0.008363	0.002984	0.000521	408.601908	836.017850	-684394.677
83520	0.007057	0.008597	0.003046	0.000527	377.185019	750.668415	-684321.876
83540	0.006743	0.008973	0.002845	0.000534	369.010021	758.514737	-684429.819
83560	0.006764	0.009052	0.002999	0.000543	366.533626	757.052012	-684271.096
83580	0.006852	0.008425	0.002889	0.000510	378.771426	754.434534	-684295.651
83600	0.007107	0.008216	0.003053	0.000498	386.635659	785.916072	-684228.644
83620	0.007633	0.008412	0.002968	0.000523	345.116258	785.250956	-684144.122
83640	0.007267	0.008560	0.002825	0.000516	319.864049	781.362339	-684304.166
83660	0.007583	0.008291	0.002868	0.000532	296.300644	781.840333	-684299.479
83680	0.007204	0.008844	0.002836	0.000534	317.958288	691.664373	-684225.548
83700	0.007424	0.008486	0.002986	0.000529	329.349364	719.548167	-684150.755
83720	0.007385	0.008242	0.002911	0.000512	327.146847	687.556278	-684428.387
83740	0.007118	0.008322	0.002920	0.000532	283.359254	702.349188	-684239.700
83760	0.007487	0.008152	0.002959	0.000523	300.295987	706.141799	-684315.898
83780	0.007625	0.008123	0.002915	0.000494	343.941642	674.780633	-684280.901
83800	0.008355	0.007895	0.003081	0.000505	338.889366	635.556815	-684304.837
83820	0.007951	0.008218	0.002853	0.000518	344.549589	602.519513	-684185.228
83840	0.008417	0.008346	0.002840	0.000523	346.370512	640.803279	-684306.742
83860	0.007856	0.008546	0.002916	0.000518	313.587723	621.273773	-684264.352
83880	0.007447	0.008538	0.002881	0.000518	318.431512	626.280459	-684250.785
83900	0.007556	0.008400	0.002968	0.000522	315.808709	645.790636	-684176.176
83920	0.007644	0.008199	0.003138	0.000509	338.968256	623.199169	-684361.313
83940	0.007643	0.008423	0.002946	0.000498	318.741927	673.790107	-684223.818
83960	0.007405	0.008391	0.002968	0.000498	349.580562	632.759853	-684337.517
83980	0.007849	0.008586	0.003103	0.000496	341.434644	644.584780	-684241.142
84000	0.007827	0.008949	0.002988	0.000487	344.426862	646.847613	-684183.785
84020	0.007714	0.008956	0.003015	0.000485	353.576484	605.536057	-684335.888
84040	0.008210	0.009035	0.003008	0.000465	377.401743	605.646214	-684360.998
84060	0.007618	0.008885	0.003019	0.000458	355.234148	558.403346	-684226.834
84080	0.007945	0.009128	0.003201	0.000474	319.543746	587.611191	-684231.470
84100	0.007914	0.009905	0.003108	0.000473	314.249527	666.642349	-684226.689
84120	0.007833	0.009535	0.003078	0.000476	341.278951	688.748438	-684210.651
84140	0.007758	0.009083	0.002974	0.000468	322.785319	750.027097	-684293.881
84160	0.007848	0.009026	0.003000	0.000476	325.120777	670.227721	-684289.316
84180	0.008689	0.009167	0.003080	0.000481	360.756679	596.757938	-684252.667
84200	0.007647	0.009869	0.003080	0.000472	336.761701	643.689065	-684333.323
84220	0.007336	0.009927	0.003010	0.000479	322.603081	719.489852	-684362.400
84240	0.007325	0.009185	0.002964	0.000479	327.286024	709.792443	-684200.928
84260	0.007310	0.009483	0.002980	0.000487	333.178717	660.216660	-684387.825
84280	0.008007	0.009086	0.003182	0.000496	277.643657	692.740147	-684285.518
84300	0.007824	0.009034	0.003116	0.000499	267.742650	722.408140	-684381.701
84320	0.007076	0.008666	0.002992	0.000465	286.305264	746.549505	-684271.842
84340	0.007152	0.009186	0.003101	0.000487	299.646924	652.334307	-684281.327
84360	0.007578	0.009426	0.003003	0.000495	307.660532	673.748060	-684220.759
84380	0.007349	0.008761	0.003137	0.000469	336.542534	686.230227	-684207.067
84400	0.007745	0.009049	0.003004	0.000484	338.712297	666.284563	-684219.250
84420	0.007462	0.008924	0.002990	0.000500	282.360955	665.369052	-684278.920
84440	0.006944	0.008599	0.003091	0.000473	290.104205	686.922094	-684221.519
84460	0.007412	0.009007	0.003082	0.000486	276.839261	697.440592	-684178.944
84480	0.007867	0.008595	0.003055	0.000458	277.994222	720.372536	-684307.354
84500	0.008215	0.008658	0.003005	0.000469	225.418531	698.837469	-684229.572
84520	0.008486	0.008637	0.003003	0.000501	222.016707	639.138350	-684344.382
84540	0.008218	0.008533	0.003025	0.000517	208.895842	637.953324	-684456.167
84560	0.008464	0.008971	0.002859	0.000510	210.716270	660.176480	-684379.073
84580	0.008117	0.009657	0.003003	0.000510	222.398475	706.893177	-684266.838
84600	0.008464	0.009556	0.003011	0.000510	271.579299	740.896148	-684406.023
84620	0.007974	0.009530	0.003070	0.000496	251.909964	765.176873	-684358.803
84640	0.007567	0.009165	0.002994	0.000484	253.794232	757.753187	-684243.177
84660	0.007276	0.010054	0.002971	0.000479	297.258468	720.519902	-684306.264
84680	0.007836	0.009325	0.002969	0.000495	254.211450	689.557247	-684309.320
84700	0.007775	0.009473	0.002971	0.000505	217.859355	669.326687	-684345.788
84720	0.007313	0.009503	0.003020	0.000500	246.389642	699.548301	-684206.203
84740	0.007819	0.009039	0.003119	0.000477	237.501946	692.319765	-684179.666
84760	0.008213	0.009940	0.002928	0.000492	216.791356	700.808362	-684312.117
84780	0.007191	0.008944	0.002999	0.000500	198.797655	721.489035	-684268.625
84800	0.007763	0.009646	0.003032	0.000502	204.988682	730.305868	-684197.192
84820	0.007438	0.008945	0.002996	0.000497	189.707233	757.454153	-684329.787
84840	0.007185	0.009061	0.002933	0.000496	210.031064	735.838585	-684280.524
84860	0.007365	0.008369	0.003051	0.000496	199.727377	768.022368	-684265.381
84880	0.007260	0.008822	0.003084	0.000486	199.292125	798.855488	-684290.694
84900	0.007216	0.008945	0.003060	0.000471	205.029996	757.174701	-684145.184
84920	0.007716	0.009201	0.003005	0.000493	210.883943	684.742845	-684277.578
84940	0.007461	0.008420	0.003086	0.000499	234.928664	699.665373	-684288.354
84960	0.007525	0.008638	0.003049	0.000477	241.092891	671.086452	-684292.251
84980	0.007360	0.008766	0.003031	0.000486	234.599192	655.020241	-684163.566
85000	0.007795	0.008831	0.002882	0.000509	235.170791	626.169320	-684221.336
85020	0.007954	0.008909	0.003016	0.000514	231.455940	613.637191	-684373.407
85040	0.007630	0.008839	0.002944	0.000501	275.361122	648.183580	-684312.554
85060	0.007445	0.009002	0.003089	0.000490	259.638582	657.873544	-684169.476
85080	0.007903	0.009370	0.002994	0.000487	272.332353	616.977868	-684273.246
85100	0.007367	0.009101	0.003119	0.000497	251.147670	650.603980	-684204.919
85120	0.007679	0.009123	0.003083	0.000467	301.505252	609.827862	-684220.375
85140	0.007516	0.009092	0.003083	0.000482	256.730059	647.120706	-684281.554
85160	0.007113	0.009592	0.003114	0.000483	245.360677	641.497249	-684315.802
85180	0.008328	0.009145	0.003011	0.000480	233.498066	660.054542	-684388.696
85200	0.007733	0.008791	0.003122	0.000480	222.372526	638.691158	-684177.929
85220	0.008302	0.009132	0.003081	0.000468	240.089808	639.828406	-684270.609
85240	0.007810	0.009325	0.003045	0.000449	209.016807	647.269318	-684377.053
85260	0.007802	0.009121	0.003107	0.000470	202.046779	648.321639	-684311.748
85280	0.007368	0.009472	0.002989	0.000480	188.654454	635.109901	-684329.502
85300	0.008341	0.009436	0.002954	0.000477	193.293939	624.521863	-684249.812
85320	0.007412	0.009358	0.003065	0.000468	212.393240	609.417443	-683988.207
85340	0.008714	0.010099	0.002930	0.000494	171.958825	588.994690	-684127.077
85360	0.008154	0.010273	0.002860	0.000481	158.988482	640.229133	-684190.413
85380	0.007439	0.010340	0.003118	0.000467	179.035651	694.449984	-684260.912
85400	0.008004	0.009709	0.003051	0.000446	192.313526	722.509616	-684366.661
85420	0.008914	0.010207	0.002994	0.000472	169.598373	622.562423	-684330.890
85440	0.008195	0.009498	0.002993	0.000479	187.238664	574.528686	-684335.924
85460	0.008111	0.009791	0.003043	0.000471	208.078080	570.514623	-684260.495
85480	0.007698	0.008762	0.003086	0.000468	204.261735	669.790203	-684331.194
85500	0.008297	0.008853	0.003064	0.000476	175.258233	656.322487	-684273.829
85520	0.008103	0.008452	0.002989	0.000480	162.601932	613.281459	-684275.482
85540	0.008479	0.008869	0.003029	0.000477	154.959297	677.459913	-684274.663
85560	0.007866	0.009392	0.002998	0.000481	167.418068	637.136628	-684393.503
85580	0.007865	0.009228	0.002921	0.000506	157.745013	589.394418	-684346.596
85600	0.007524	0.009331	0.003039	0.000481	164.430898	599.269122	-684319.159
85620	0.007887	0.009380	0.002965	0.000503	186.043230	576.660759	-684283.624
85640	0.008108	0.009867	0.002923	0.000496	187.180483	617.855833	-684381.872
85660	0.007644	0.009396	0.003076	0.000496	194.793233	628.586208	-684444.041
85680	0.007695	0.010143	0.003074	0.000493	219.912413	603.943518	-684344.741
85700	0.007484	0.010433	0.003038	0.000470	245.441504	651.749807	-684403.102
85720	0.007555	0.009776	0.003156	0.000461	254.836802	565.530698	-684327.924
85740	0.007751	0.009707	0.003013	0.000458	257.896754	560.696142	-684370.145
85760	0.008066	0.010160	0.003100	0.000476	245.232976	536.023299	-684374.900
85780	0.007962	0.010148	0.002988	0.000469	291.162509	550.602948	-684349.639
85800	0.007862	0.009619	0.003061	0.000468	237.903309	583.145541	-684277.540
85820	0.007733	0.009347	0.003047	0.000482	264.031199	557.219306	-684389.016
85840	0.007585	0.009608	0.003024	0.000481	256.836819	594.288062	-684308.610
85860	0.007785	0.009082	0.003046	0.000466	269.160528	526.392116	-684244.209
85880	0.007606	0.009293	0.003067	0.000460	259.482035	515.064008	-684292.778
85900	0.007546	0.009603	0.003013	0.000493	231.463566	529.012830	-684219.956
85920	0.007377	0.009463	0.003040	0.000472	247.044685	579.137614	-684296.870
85940	0.007568	0.009751	0.003157	0.000471	249.314477	601.158057	-684335.335
85960	0.007460	0.009991	0.002978	0.000475	263.802507	634.364756	-684256.994
85980	0.007987	0.008929	0.003052	0.000482	270.820392	619.511372	-684337.737
86000	0.007913	0.009460	0.002948	0.000489	257.666872	649.933372	-684388.919
86020	0.007613	0.010259	0.002994	0.000479	305.193621	643.836681	-684374.201
86040	0.007402	0.010274	0.002925	0.000475	356.720599	662.326084	-684426.723
86060	0.007511	0.009686	0.003097	0.000486	305.243030	629.228980	-684238.245
86080	0.007779	0.009247	0.003028	0.000473	337.003143	701.893100	-684300.474
86100	0.007535	0.009126	0.003013	0.000478	352.173807	668.455895	-684330.962
86120	0.007860	0.008910	0.003025	0.000478	321.685924	619.830047	-684333.321
86140	0.007722	0.008840	0.002854	0.000486	380.502954	610.681406	-684436.003
86160	0.008011	0.009243	0.002887	0.000493	371.297875	588.348200	-684503.784
86180	0.007812	0.008389	0.002983	0.000504	383.049013	560.492886	-684293.879
86200	0.007072	0.008922	0.002961	0.000503	428.071155	638.335982	-684430.307
86220	0.007300	0.009420	0.003090	0.000515	419.674070	603.043914	-684360.872
86240	0.007443	0.009116	0.002997	0.000478	459.543388	679.361114	-684279.811
86260	0.007745	0.008872	0.002983	0.000487	442.161634	678.723314	-684344.985
86280	0.007880	0.009296	0.002926	0.000497	410.910734	696.480324	-684398.198
86300	0.007953	0.008748	0.002972	0.000513	381.326388	689.912121	-684189.017
86320	0.008047	0.008715	0.002973	0.000502	365.205171	609.418229	-684320.653
86340	0.007729	0.008515	0.003017	0.000503	322.470923	573.231225	-684320.405
86360	0.007912	0.008757	0.003129	0.000499	363.605359	601.255079	-684272.583
86380	0.008115	0.008873	0.002969	0.000508	342.619660	557.058724	-684292.142
86400	0.007205	0.008787	0.003004	0.000478	401.945960	628.721677	-684182.717
86420	0.007780	0.009106	0.002868	0.000509	351.594114	602.681039	-684195.296
86440	0.007544	0.008576	0.002936	0.000495	361.602291	628.527152	-684304.072
86460	0.007767	0.008908	0.002907	0.000500	397.464276	610.899021	-684212.740
86480	0.007047	0.008723	0.003104	0.000499	355.039185	614.545245	-684255.811
86500	0.006874	0.009029	0.003132	0.000490	414.509784	642.355101	-684184.370
86520	0.007309	0.009322	0.002923	0.000522	390.245259	635.889612	-684315.295
86540	0.007630	0.008742	0.003011	0.000509	357.182922	599.665763	-684299.220
86560	0.007584	0.008899	0.003058	0.000495	380.979191	610.541307	-684166.841
86580	0.007543	0.008590	0.003001	0.000498	362.524352	636.910976	-684342.101
86600	0.007436	0.008750	0.003005	0.000496	369.100828	687.305920	-684348.349
86620	0.007271	0.008756	0.003007	0.000526	346.767555	658.003964	-684367.682
86640	0.007693	0.008696	0.003001	0.000530	336.161789	667.556656	-684247.928
86660	0.007174	0.008919	0.002947	0.000514	349.024239	673.769521	-684178.016
86680	0.007187	0.008881	0.003004	0.000510	338.707770	712.058528	-684256.849
86700	0.007002	0.008961	0.003029	0.000515	314.324293	651.250053	-684314.550
86720	0.007263	0.009194	0.002935	0.000529	331.457460	595.708305	-684287.219
86740	0.006941	0.008666	0.002933	0.000512	342.254766	623.668948	-684352.287
86760	0.007341	0.009118	0.002896	0.000497	387.573217	644.978721	-684172.480
86780	0.007133	0.009405	0.003021	0.000498	346.290906	649.624484	-684251.065
86800	0.006646	0.008565	0.003022	0.000486	367.555438	599.660676	-684325.944
86820	0.007583	0.008696	0.002970	0.000498	386.822308	617.956836	-684173.225
86840	0.008428	0.008155	0.002938	0.000502	395.045341	659.137152	-684260.173
86860	0.008329	0.008247	0.002892	0.000487	424.198190	602.164463	-684265.410
86880	0.007975	0.008523	0.003004	0.000511	397.767711	586.432953	-684247.429
86900	0.007574	0.008445	0.002975	0.000506	425.062012	590.442234	-684251.226
86920	0.007354	0.008653	0.003049	0.000496	436.363075	624.762400	-684314.968
86940	0.007268	0.009220	0.003179	0.000503	441.601221	577.427153	-684249.923
86960	0.007355	0.009029	0.002957	0.000501	408.193409	636.870959	-684447.605
86980	0.006738	0.009013	0.003019	0.000499	383.955256	612.390997	-684343.479
87000	0.007798	0.009219	0.002918	0.000511	380.537387	532.209842	-684321.177
87020	0.007882	0.008727	0.003043	0.000510	408.436635	555.485785	-684210.584
87040	0.008004	0.008676	0.002906	0.000516	393.768301	537.604964	-684259.667
87060	0.008327	0.008073	0.003008	0.000506	398.403032	569.921642	-684380.574
87080	0.007855	0.008474	0.002812	0.000511	437.117758	542.157216	-684327.910
87100	0.007819	0.007844	0.003146	0.000513	427.857028	521.487081	-684232.163
87120	0.008193	0.008110	0.002962	0.000525	435.575494	544.060805	-684240.654
87140	0.008637	0.008296	0.003028	0.000528	441.780100	505.635136	-684236.855
87160	0.008245	0.008047	0.002983	0.000503	450.880034	558.789118	-684336.246
87180	0.008058	0.008104	0.002922	0.000485	464.770466	476.153440	-684329.372
87200	0.007859	0.008936	0.003036	0.000490	457.594246	474.648311	-684354.096
87220	0.008286	0.008071	0.002941	0.000491	443.643767	471.542919	-684366.614
87240	0.008106	0.008382	0.003096	0.000484	485.693677	489.545115	-684327.122
87260	0.007674	0.008206	0.003080	0.000482	497.027757	467.371758	-684212.318
87280	0.008062	0.008437	0.003136	0.000477	526.430003	423.509347	-684344.140
87300	0.007920	0.008986	0.002913	0.000498	476.127140	441.361361	-684249.075
87320	0.007940	0.008523	0.002977	0.000515	475.158374	423.178865	-684181.480
87340	0.007577	0.008835	0.002940	0.000509	492.630979	434.025195	-684231.656
87360	0.007705	0.008282	0.003075	0.000498	487.873938	455.559869	-684213.812
87380	0.007627	0.008592	0.002901	0.000497	426.706095	471.040401	-684356.594
87400	0.008529	0.008262	0.002911	0.000500	493.103931	481.528983	-684284.329
87420	0.008289	0.007908	0.002921	0.000505	460.495504	498.814558	-684267.551
87440	0.008665	0.008156	0.003036	0.000498	474.015224	511.581687	-684387.498
87460	0.008381	0.008563	0.003042	0.000486	489.497641	484.144719	-684203.210
87480	0.008356	0.008059	0.003222	0.000462	508.182508	469.526700	-684156.543
87500	0.008465	0.008565	0.003183	0.000479	526.845312	435.290399	-684341.335
87520	0.008596	0.008734	0.002952	0.000489	503.568902	409.599503	-684255.301
87540	0.008321	0.009405	0.003069	0.000494	497.071074	408.848752	-684516.300
87560	0.008287	0.009721	0.002933	0.000497	478.610680	421.299824	-684353.229
87580	0.007987	0.009823	0.003083	0.000486	486.932831	413.893210	-684345.082
87600	0.007776	0.008830	0.003141	0.000484	457.856461	418.021508	-684301.404
87620	0.007717	0.008823	0.003160	0.000487	473.571180	400.765185	-684322.913
87640	0.007754	0.008919	0.002953	0.000487	478.258145	380.197860	-684219.011
87660	0.007672	0.008785	0.003093	0.000491	458.733208	350.657254	-684121.022
87680	0.008124	0.008684	0.002952	0.000496	461.356613	332.748746	-684315.895
87700	0.007524	0.008534	0.003023	0.000483	433.955586	357.704781	-684400.976
87720	0.007989	0.008551	0.003031	0.000509	400.637908	374.719358	-684183.783
87740	0.007850	0.008334	0.002876	0.000498	392.490082	387.971117	-684346.898
87760	0.007966	0.008296	0.002898	0.000511	411.625296	378.924480	-684366.288
87780	0.007971	0.007904	0.002929	0.000509	408.015149	421.389078	-684278.553
87800	0.008296	0.008548	0.003009	0.000504	429.696390	374.525105	-684234.928
87820	0.008182	0.008461	0.002931	0.000505	456.249972	418.207830	-684341.313
87840	0.008354	0.008877	0.002884	0.000501	450.136205	416.744414	-684249.688
87860	0.008218	0.008829	0.002989	0.000496	462.502536	444.864306	-684136.943
87880	0.008664	0.008290	0.003014	0.000502	487.564811	422.547199	-684277.065
87900	0.009110	0.007834	0.003070	0.000501	465.446383	425.585497	-684312.231
87920	0.008346	0.007800	0.003034	0.000509	451.190329	440.529574	-684273.891
87940	0.008316	0.007794	0.002988	0.000492	495.180770	407.358379	-684254.444
87960	0.008446	0.008781	0.003098	0.000494	480.118049	431.780840	-684401.818
87980	0.008175	0.008945	0.002973	0.000494	514.139103	441.406713	-684323.073
88000	0.007900	0.008091	0.002944	0.000477	522.200175	464.704786	-684390.383
88020	0.008056	0.008516	0.002992	0.000489	507.292148	452.336945	-684271.759
88040	0.008199	0.008861	0.002993	0.000500	476.382894	496.626671	-684296.330
88060	0.008264	0.008679	0.002830	0.000497	476.663153	475.233104	-684310.213
88080	0.008312	0.008705	0.002954	0.000498	477.096504	430.516628	-684318.724
88100	0.008058	0.008997	0.002973	0.000497	479.450776	375.431022	-684322.074
88120	0.008488	0.009194	0.002985	0.000522	473.387716	395.541877	-684450.049
88140	0.008107	0.007610	0.002957	0.000489	456.793230	438.698846	-684162.226
88160	0.008933	0.007643	0.002939	0.000501	439.487444	365.817850	-684257.523
88180	0.009278	0.007788	0.002889	0.000488	426.061150	393.680827	-684207.527
88200	0.008824	0.008651	0.003017	0.000507	425.910675	427.130365	-684284.221
88220	0.008415	0.008165	0.002844	0.000489	446.575660	421.033172	-684306.026
88240	0.008993	0.008153	0.002909	0.000509	457.852783	434.463470	-684272.802
88260	0.007848	0.008260	0.002967	0.000498	430.173939	429.813909	-684276.091
88280	0.008377	0.007966	0.002954	0.000511	467.777054	463.407978	-684326.424
88300	0.007772	0.008104	0.002997	0.000495	453.471396	431.719528	-684200.292
88320	0.008293	0.008623	0.002850	0.000504	434.692997	483.420558	-684380.056
88340	0.008414	0.008367	0.003057	0.000500	390.002755	504.283284	-684246.196
88360	0.007828	0.008670	0.003045	0.000489	344.224341	492.951619	-684138.678
88380	0.007774	0.008827	0.003089	0.000484	366.492594	525.800569	-684268.051
88400	0.007324	0.008848	0.003035	0.000472	334.541480	568.901605	-684252.445
88420	0.007093	0.008497	0.003085	0.000462	332.553288	554.678996	-684305.006
88440	0.008088	0.009249	0.003091	0.000489	346.770904	488.923887	-684436.245
88460	0.008077	0.008869	0.003069	0.000477	391.272912	537.538178	-684269.867
88480	0.008016	0.008287	0.003097	0.000472	420.399924	547.331926	-684258.084
88500	0.008121	0.008555	0.003065	0.000462	416.058864	616.558499	-684208.499
88520	0.008379	0.008576	0.002991	0.000461	427.325677	615.609135	-684196.605
88540	0.008363	0.008925	0.003092	0.000478	449.125813	549.935159	-684292.801
88560	0.007974	0.008509	0.002964	0.000477	429.276452	546.813558	-684246.836
88580	0.008165	0.009507	0.002986	0.000486	377.672549	585.122271	-684301.376
88600	0.007025	0.009379	0.003003	0.000456	378.587265	651.767858	-684308.854
88620	0.007435	0.009232	0.003087	0.000471	393.474871	653.137677	-684289.566
88640	0.007800	0.008943	0.003072	0.000493	378.502514	553.202539	-684217.304
88660	0.007921	0.009054	0.002949	0.000499	397.984251	581.513424	-684269.079
88680	0.008280	0.008528	0.002912	0.000499	351.780195	573.112700	-684313.261
88700	0.008117	0.008106	0.003012	0.000507	370.181501	586.145587	-684350.291
88720	0.008286	0.007820	0.003018	0.000507	383.283336	535.085723	-684254.065
88740	0.008263	0.007816	0.002977	0.000508	418.674472	537.655954	-684303.733
88760	0.007859	0.008694	0.002856	0.000494	395.119865	586.844909	-684323.181
88780	0.008175	0.008854	0.002915	0.000524	412.198662	609.631418	-684354.453
88800	0.008107	0.008489	0.002878	0.000513	391.145784	610.887382	-684274.338
88820	0.008232	0.008676	0.002958	0.000526	428.822228	594.059896	-684455.958
88840	0.007752	0.008620	0.003017	0.000516	408.331374	626.607027	-684290.974
88860	0.007302	0.007846	0.002955	0.000496	423.470190	713.813959	-684257.773
88880	0.007999	0.007948	0.003035	0.000508	403.672006	698.318445	-684455.474
88900	0.007774	0.008102	0.002959	0.000513	383.194256	707.414155	-684288.038
88920	0.007970	0.008601	0.002869	0.000524	399.770625	640.208355	-684201.910
88940	0.007803	0.008685	0.003062	0.000513	407.558372	640.344660	-684258.243
88960	0.007659	0.008495	0.003005	0.000480	411.190310	647.250586	-684236.903
88980	0.007224	0.008906	0.002963	0.000489	392.752144	645.185146	-684219.069
89000	0.007820	0.008399	0.002909	0.000518	365.563885	601.884569	-684207.875
89020	0.007394	0.008609	0.002875	0.000515	390.882820	669.870990	-684407.092
89040	0.007429	0.009273	0.002963	0.000503	385.054505	632.220325	-684351.982
89060	0.007631	0.008944	0.002882	0.000516	408.865056	601.809534	-684319.268
89080	0.007489	0.009294	0.002926	0.000510	385.867427	581.509556	-684382.371
89100	0.007534	0.008812	0.002902	0.000525	438.079567	561.165723	-684295.417
89120	0.008304	0.008931	0.002859	0.000519	412.652614	512.979175	-684350.427
89140	0.008039	0.008749	0.002975	0.000516	416.238355	481.867668	-684406.959
89160	0.008015	0.008779	0.002868	0.000516	431.559071	521.335278	-684303.062
89180	0.008070	0.008643	0.003073	0.000515	421.377612	489.885159	-684344.129
89200	0.007586	0.008831	0.002946	0.000503	448.404965	525.796818	-684261.468
89220	0.007702	0.008406	0.003262	0.000498	455.142687	521.531641	-684269.879
89240	0.007493	0.008189	0.003010	0.000488	512.449285	510.860581	-684296.849
89260	0.008258	0.008142	0.002908	0.000489	494.269973	478.030285	-684243.215
89280	0.008286	0.008694	0.003016	0.000509	464.558620	400.986161	-684293.030
89300	0.008752	0.008735	0.002980	0.000513	461.677134	364.638555	-684400.646
89320	0.008028	0.008649	0.002912	0.000496	518.154903	377.901911	-684253.703
89340	0.008074	0.008914	0.002901	0.000494	487.626858	396.648744	-684389.364
89360	0.007510	0.008271	0.003023	0.000472	555.720974	417.127616	-684203.525
89380	0.007746	0.008075	0.003025	0.000480	588.958762	466.833520	-684307.376
89400	0.008120	0.007942	0.003128	0.000483	602.618269	428.116560	-684306.381
89420	0.008350	0.008182	0.002988	0.000481	528.450063	397.564357	-684262.022
89440	0.008337	0.007814	0.003060	0.000483	489.032980	381.358493	-684150.140
89460	0.008525	0.008675	0.003059	0.000494	544.137650	386.972362	-684306.396
89480	0.008403	0.008424	0.003047	0.000478	526.840124	454.507354	-684289.673
89500	0.008431	0.008623	0.002991	0.000488	513.828590	512.867622	-684308.468
89520	0.007894	0.008251	0.003127	0.000481	492.277625	425.830276	-684211.871
89540	0.008215	0.007963	0.003164	0.000472	470.033576	430.933114	-684128.754
89560	0.008622	0.008219	0.003203	0.000470	487.862455	388.527290	-684165.288
89580	0.008511	0.007432	0.003057	0.000479	543.933585	388.001845	-684264.564
89600	0.008244	0.008607	0.002971	0.000488	533.708460	345.000562	-684174.768
89620	0.007804	0.008916	0.002969	0.000477	527.212569	335.067868	-684269.653
89640	0.008066	0.009392	0.003002	0.000475	572.710278	322.381940	-684285.693
89660	0.008044	0.008694	0.003019	0.000465	619.578748	333.024212	-684222.935
89680	0.008720	0.008732	0.003115	0.000471	592.678437	331.031848	-684158.625
89700	0.008734	0.008542	0.003020	0.000474	583.091416	336.725782	-684275.169
89720	0.008402	0.008338	0.003184	0.000470	612.026183	294.292082	-684413.570
89740	0.008514	0.008835	0.002976	0.000486	627.673474	309.552984	-684330.146
89760	0.008599	0.009004	0.002982	0.000479	594.223603	303.750226	-684264.832
89780	0.008353	0.008976	0.002941	0.000480	523.775071	316.356710	-684130.511
89800	0.008144	0.008519	0.002905	0.000491	491.248388	364.912005	-684146.524
89820	0.007450	0.008837	0.002903	0.000497	512.445929	356.107999	-684368.149
89840	0.007898	0.008695	0.002936	0.000508	453.031439	373.547043	-684384.108
89860	0.008223	0.008545	0.002921	0.000506	487.490464	357.223807	-684316.679
89880	0.008104	0.008338	0.002985	0.000494	484.318248	414.467484	-684400.586
89900	0.007657	0.008104	0.003114	0.000480	514.924939	453.174671	-684232.770
89920	0.008038	0.008739	0.002999	0.000498	505.118638	464.612396	-684222.570
89940	0.008043	0.009020	0.003023	0.000506	513.058757	449.886888	-684447.736
89960	0.007615	0.008747	0.002952	0.000496	476.264978	539.776384	-684378.667
89980	0.007610	0.008770	0.002973	0.000509	503.220110	486.609255	-684248.483
90000	0.007479	0.008893	0.003042	0.000513	495.804102	510.491212	-684401.639
90020	0.007427	0.008872	0.002884	0.000513	534.558388	532.548224	-684379.106
90040	0.007412	0.008298	0.003028	0.000487	562.135747	523.058484	-684260.312
90060	0.007382	0.008348	0.002929	0.000497	575.983797	518.150302	-684312.449
90080	0.007959	0.008380	0.003018	0.000502	535.675469	480.191570	-684192.008
90100	0.007603	0.008495	0.003035	0.000498	516.729619	533.508794	-684284.632
90120	0.007963	0.008591	0.002946	0.000498	545.212109	499.207688	-684249.353
90140	0.007456	0.008783	0.002908	0.000495	588.027014	519.657545	-684344.815
90160	0.007370	0.008445	0.003024	0.000497	514.279049	569.001723	-684326.483
90180	0.007455	0.008039	0.003065	0.000508	501.303899	610.874739	-684194.829
90200	0.008577	0.008160	0.002988	0.000510	524.101984	551.294034	-684310.048
90220	0.008244	0.007583	0.003013	0.000510	487.404172	501.436413	-684433.050
90240	0.008347	0.008198	0.002886	0.000540	450.224207	489.652036	-684366.083
90260	0.007927	0.008188	0.002921	0.000532	474.812741	539.959641	-684439.891
90280	0.007566	0.008496	0.002930	0.000509	495.878426	608.022280	-684290.858
90300	0.007687	0.008358	0.002995	0.000516	464.764156	588.570004	-684361.915
90320	0.007727	0.008206	0.003082	0.000523	481.179819	531.043904	-684347.124
90340	0.007661	0.008040	0.002960	0.000517	439.816446	569.577882	-684295.279
90360	0.007541	0.008039	0.002955	0.000517	421.947288	561.908911	-684288.718
90380	0.007311	0.007941	0.002851	0.000509	416.882411	549.228796	-684288.553
90400	0.007564	0.008172	0.002980	0.000528	407.446565	553.727478	-684224.201
90420	0.006967	0.008302	0.002932	0.000525	434.245461	590.905419	-684366.782
90440	0.006788	0.008512	0.002988	0.000525	444.974963	593.815388	-684348.520
90460	0.007403	0.007937	0.002905	0.000505	473.189781	617.687964	-684268.861
90480	0.007660	0.008105	0.002964	0.000525	448.825780	594.547390	-684401.511
90500	0.006896	0.008345	0.003016	0.000532	449.069041	598.083169	-684332.291
90520	0.007459	0.008677	0.002812	0.000540	480.469939	531.703125	-684215.352
90540	0.008070	0.008456	0.002852	0.000554	456.327380	561.374805	-684223.848
90560	0.007232	0.008126	0.003021	0.000552	470.132183	547.315864	-684253.911
90580	0.007757	0.008057	0.003016	0.000542	485.822355	589.131507	-684148.524
90600	0.007887	0.007538	0.002951	0.000525	496.360564	535.808306	-684304.151
90620	0.008535	0.007934	0.002896	0.000511	479.367179	596.635864	-684328.963
90640	0.008279	0.007975	0.003096	0.000508	474.834019	575.597345	-684349.979
90660	0.008064	0.007740	0.003090	0.000490	479.899257	559.920367	-684396.194
90680	0.008033	0.007962	0.002985	0.000498	471.686419	491.862031	-684368.048
90700	0.007927	0.007981	0.003065	0.000489	452.565431	456.049805	-684204.083
90720	0.008009	0.007508	0.002987	0.000481	487.659795	463.543933	-684301.966
90740	0.008269	0.008221	0.003006	0.000501	468.543310	442.319760	-684313.969
90760	0.007990	0.008472	0.002926	0.000508	457.878267	494.272149	-684295.516
90780	0.008171	0.008261	0.002991	0.000514	462.360875	484.771161	-684218.198
90800	0.008738	0.008670	0.002907	0.000528	461.628924	514.977307	-684431.045
90820	0.008266	0.008703	0.002987	0.000533	512.570698	548.428175	-684203.710
90840	0.008041	0.008602	0.002919	0.000500	506.911162	547.613070	-684314.045
90860	0.007614	0.008463	0.002988	0.000489	538.355503	574.431844	-684276.240
90880	0.007614	0.008401	0.002995	0.000511	561.600718	577.208058	-684242.252
90900	0.007603	0.008463	0.003010	0.000497	515.003165	531.159023	-684262.682
90920	0.007440	0.008479	0.003040	0.000493	604.611344	545.524634	-684317.524
90940	0.008541	0.008960	0.002977	0.000509	571.453194	483.701518	-684386.363
90960	0.008495	0.007906	0.002935	0.000497	559.560485	485.445153	-684218.535
90980	0.008379	0.008736	0.002889	0.000495	574.703800	484.712607	-684369.980
91000	0.008247	0.008384	0.003019	0.000490	580.595929	475.388163	-684301.572
91020	0.008098	0.007847	0.002964	0.000501	571.113795	415.808838	-684233.457
91040	0.008050	0.007458	0.003130	0.000492	587.856795	442.095859	-684173.875
91060	0.008276	0.007869	0.003105	0.000501	541.827339	460.917909	-684314.025
91080	0.008249	0.007332	0.003015	0.000495	570.655889	531.121061	-684157.750
91100	0.008712	0.007876	0.002956	0.000515	505.590603	538.732391	-684356.299
91120	0.008329	0.008205	0.003027	0.000503	559.222902	521.805719	-684389.645
91140	0.008166	0.008343	0.002994	0.000527	521.924192	491.641332	-684464.481
91160	0.008072	0.008148	0.002908	0.000519	538.862227	435.948427	-684353.264
91180	0.007442	0.007832	0.003018	0.000507	561.120660	435.711329	-684326.089
91200	0.008231	0.007970	0.002973	0.000515	538.099613	466.732107	-684355.416
91220	0.007617	0.007855	0.003015	0.000528	513.471427	463.635441	-684334.624
91240	0.008067	0.008244	0.002868	0.000554	517.700620	485.789964	-684218.430
91260	0.007781	0.007548	0.003003	0.000545	498.121273	493.311801	-684197.515
91280	0.007597	0.007628	0.002961	0.000541	486.330046	456.928731	-684266.457
91300	0.008309	0.008113	0.002876	0.000533	505.043536	488.019257	-684294.497
91320	0.008456	0.008003	0.002929	0.000517	538.659514	477.058588	-684332.801
91340	0.008235	0.008188	0.002808	0.000521	567.754006	491.314435	-684304.478
91360	0.008101	0.008320	0.002937	0.000512	571.047281	471.589988	-684247.196
91380	0.008715	0.008883	0.002785	0.000528	526.895949	454.201871	-684461.233
91400	0.008544	0.008305	0.002920	0.000510	544.328534	450.339891	-684254.158
91420	0.008910	0.008662	0.002951	0.000509	516.925797	477.443096	-684323.636
91440	0.007947	0.008363	0.002908	0.000479	512.748301	481.882606	-684310.392
91460	0.008012	0.009045	0.002963	0.000515	449.202483	455.503757	-684311.672
91480	0.007987	0.009137	0.003008	0.000513	432.113045	512.407363	-684308.259
91500	0.008146	0.009009	0.002981	0.000505	470.106698	452.904023	-684328.900
91520	0.008050	0.009000	0.002978	0.000486	470.209146	459.643830	-684402.893
91540	0.008471	0.008451	0.002975	0.000494	446.950086	477.834794	-684256.472
91560	0.007960	0.008702	0.002968	0.000491	470.447780	455.546574	-684378.950
91580	0.008146	0.008945	0.003019	0.000484	461.250989	431.288607	-684289.363
91600	0.008233	0.008918	0.003011	0.000479	478.045903	448.658966	-684297.053
91620	0.008121	0.008739	0.003133	0.000477	475.243274	468.777040	-684320.882
91640	0.008408	0.008987	0.003023	0.000486	467.272384	481.151839	-684329.360
91660	0.008059	0.008958	0.002942	0.000488	480.621647	459.518139	-684292.444
91680	0.008497	0.009063	0.002963	0.000498	435.575040	458.076773	-684388.789
91700	0.008512	0.008769	0.003009	0.000483	403.550705	437.001137	-684309.577
91720	0.008145	0.008472	0.002930	0.000504	345.726037	451.855845	-684297.715
91740	0.008334	0.008753	0.002910	0.000507	404.704179	422.635027	-684269.137
91760	0.007382	0.009493	0.003034	0.000478	416.067496	477.012872	-684195.495
91780	0.007822	0.008942	0.003100	0.000485	408.509261	399.898872	-684252.215
91800	0.008158	0.008456	0.003128	0.000483	441.096938	445.654781	-684179.029
91820	0.007575	0.008460	0.003093	0.000468	480.039460	548.161754	-684263.516
91840	0.007694	0.008940	0.002959	0.000493	448.392685	486.262316	-684196.271
91860	0.007719	0.009011	0.003032	0.000490	445.684212	475.228114	-684191.817
91880	0.007997	0.009181	0.002934	0.000491	388.518452	514.546475	-684297.109
91900	0.007450	0.009463	0.003007	0.000470	415.317778	520.927362	-684389.393
91920	0.007993	0.009188	0.003085	0.000482	385.280465	440.710604	-684295.249
91940	0.008064	0.008355	0.003090	0.000480	418.739872	481.979322	-684339.768
91960	0.007740	0.009500	0.002970	0.000492	405.981390	478.586305	-684322.111
91980	0.007833	0.008241	0.003027	0.000486	389.450621	495.716250	-684287.957
92000	0.007908	0.008947	0.003003	0.000491	381.739747	513.655226	-684353.147
92020	0.007719	0.009199	0.002944	0.000497	376.250482	527.579944	-684332.331
92040	0.007815	0.008692	0.002977	0.000491	355.698836	526.198269	-684156.521
92060	0.008289	0.008514	0.003141	0.000492	377.672686	459.347950	-684317.362
92080	0.007950	0.008373	0.003083	0.000477	395.309028	490.885390	-684251.491
92100	0.007937	0.008051	0.003126	0.000472	442.494086	481.229071	-684265.229
92120	0.007411	0.008859	0.003108	0.000466	419.038372	495.314833	-684214.060
92140	0.007152	0.008068	0.003069	0.000475	418.288001	484.726351	-684204.802
92160	0.008466	0.008525	0.002933	0.000502	391.947476	455.304828	-684384.150
92180	0.008568	0.008899	0.002898	0.000496	395.331001	478.358434	-684430.793
92200	0.008286	0.008892	0.002967	0.000518	363.522530	427.220679	-684433.378
92220	0.008351	0.007918	0.002947	0.000491	411.751026	415.082415	-684310.802
92240	0.008442	0.008492	0.002952	0.000498	361.432722	389.740339	-684305.810
92260	0.008341	0.008213	0.002918	0.000507	337.348030	396.985477	-684224.820
92280	0.008577	0.008470	0.002933	0.000514	334.467356	371.806394	-684354.718
92300	0.008646	0.008500	0.003012	0.000512	386.326324	369.571381	-684376.080
92320	0.008190	0.008664	0.002971	0.000463	415.431948	406.482426	-684370.344
92340	0.008113	0.009592	0.003057	0.000476	392.375177	390.140724	-684413.805
92360	0.008319	0.009093	0.003007	0.000468	371.020939	460.027681	-684397.334
92380	0.008532	0.010319	0.002954	0.000471	359.127476	457.484621	-684375.119
92400	0.007627	0.009885	0.003123	0.000472	392.081392	459.319079	-684332.619
92420	0.007742	0.009359	0.002964	0.000478	409.344779	438.374332	-684368.405
92440	0.008404	0.009417	0.003004	0.000478	422.008402	534.375910	-684210.114
92460	0.008621	0.009273	0.002925	0.000475	364.622142	516.943884	-684295.927
92480	0.008434	0.009326	0.002984	0.000478	397.194862	464.740487	-684291.525
92500	0.008103	0.008737	0.003050	0.000462	428.085801	491.991732	-684186.152
92520	0.008262	0.009199	0.003075	0.000459	440.994181	534.010529	-684181.915
92540	0.007874	0.009731	0.003096	0.000475	396.914375	560.507183	-684227.126
92560	0.007916	0.009030	0.003046	0.000465	375.061822	556.905082	-684137.825
92580	0.008262	0.008432	0.003139	0.000481	352.520012	528.477949	-684296.061
92600	0.008587	0.009175	0.002963	0.000499	369.281736	541.981955	-684460.307
92620	0.008289	0.008941	0.002916	0.000491	356.953225	532.636344	-684326.656
92640	0.008543	0.008812	0.003016	0.000503	388.651870	515.239491	-684358.523
92660	0.007527	0.009020	0.003054	0.000485	390.577053	581.949514	-684285.588
92680	0.007320	0.008795	0.003044	0.000488	378.335766	632.456188	-684287.511
92700	0.007566	0.009132	0.002904	0.000499	388.397006	560.105810	-684398.346
92720	0.007832	0.009741	0.002939	0.000493	402.465835	609.065000	-684299.717
92740	0.007558	0.009767	0.003106	0.000492	395.703297	703.322947	-684326.169
92760	0.007755	0.009106	0.003051	0.000490	369.970410	667.011187	-684316.300
92780	0.008042	0.009090	0.003046	0.000496	361.161997	645.635046	-684145.674
92800	0.008452	0.009081	0.002978	0.000494	352.970443	622.945166	-684253.506
92820	0.007559	0.008730	0.003082	0.000496	370.616185	585.660951	-684219.272
92840	0.007429	0.008999	0.002954	0.000501	360.282257	695.043942	-684383.886
92860	0.007559	0.009408	0.002930	0.000509	333.525746	674.795859	-684390.201
92880	0.007137	0.009079	0.003010	0.000486	322.563918	739.884778	-684308.931
92900	0.006770	0.008899	0.002973	0.000503	334.117409	709.816576	-684200.101
92920	0.006694	0.008928	0.003017	0.000489	350.688639	729.959625	-684217.416
92940	0.007144	0.009264	0.003028	0.000479	344.439239	713.243345	-684214.945
92960	0.007471	0.008651	0.003023	0.000474	363.364987	706.637323	-684217.020
92980	0.007891	0.009035	0.002965	0.000499	299.272935	631.820065	-684309.739
93000	0.007755	0.009090	0.002847	0.000521	277.083876	681.182622	-684414.992
93020	0.008072	0.008767	0.002888	0.000509	298.564314	664.078559	-684218.147
93040	0.007533	0.008615	0.002955	0.000481	317.246703	714.391924	-684163.922
93060	0.007855	0.008283	0.003021	0.000491	308.309686	683.078089	-684126.111
93080	0.007576	0.008680	0.002991	0.000491	287.896594	754.014326	-684311.063
93100	0.007349	0.009257	0.002903	0.000486	315.822722	710.119301	-684232.136
93120	0.007153	0.008514	0.003096	0.000494	253.380570	710.430575	-684354.454
93140	0.007546	0.008753	0.003014	0.000490	262.862735	742.113679	-684272.088
93160	0.008195	0.009028	0.002887	0.000510	280.706275	716.391383	-684442.213
93180	0.007928	0.009170	0.002887	0.000526	267.180638	638.601952	-684459.989
93200	0.007140	0.009182	0.002962	0.000500	255.925150	693.615998	-684235.675
93220	0.007671	0.008649	0.002993	0.000497	261.082032	692.634268	-684237.167
93240	0.007542	0.008430	0.002925	0.000487	265.064823	751.906505	-684041.678
93260	0.007743	0.009264	0.002964	0.000511	265.236066	722.088948	-684266.940
93280	0.006598	0.009272	0.003058	0.000505	240.396045	719.120449	-684205.829
93300	0.006620	0.008925	0.003027	0.000506	232.439148	740.525746	-684310.311
93320	0.006803	0.009019	0.002920	0.000497	270.821392	768.094179	-684296.214
93340	0.006915	0.009823	0.002946	0.000509	231.972489	772.987341	-684271.589
93360	0.006979	0.009133	0.003079	0.000513	233.458398	731.717092	-684289.466
93380	0.007221	0.008821	0.003006	0.000505	258.595922	789.329993	-684283.304
93400	0.006695	0.008983	0.003037	0.000472	257.007796	833.516697	-684315.528
93420	0.007535	0.009313	0.003081	0.000492	257.211743	867.383283	-684265.721
93440	0.007529	0.009231	0.003021	0.000491	241.491389	801.275783	-684226.019
93460	0.007434	0.008740	0.002925	0.000490	194.052134	843.518852	-684184.145
93480	0.007106	0.008993	0.003081	0.000497	192.312741	787.464138	-684199.523
93500	0.007958	0.008979	0.002967	0.000501	180.759043	774.690647	-684283.812
93520	0.008227	0.009542	0.002986	0.000498	183.232842	848.858624	-684468.584
93540	0.007903	0.008907	0.003027	0.000484	185.746956	815.279361	-684282.056
93560	0.007551	0.009182	0.003069	0.000481	206.007250	859.947574	-684178.422
93580	0.007836	0.009368	0.003001	0.000474	209.968519	840.356725	-684372.881
93600	0.007844	0.009893	0.003084	0.000472	186.037775	794.340540	-684308.188
93620	0.007920	0.009384	0.003142	0.000473	195.491192	775.386488	-684340.093
93640	0.007956	0.009353	0.002955	0.000486	204.035337	705.102919	-684324.415
93660	0.007768	0.009130	0.002968	0.000491	182.531019	761.490573	-684310.742
93680	0.007259	0.008892	0.002948	0.000501	195.537773	761.290605	-684334.947
93700	0.007235	0.009207	0.003076	0.000492	224.683573	826.219155	-684296.782
93720	0.007334	0.009496	0.003021	0.000496	194.962731	781.990847	-684331.112
93740	0.007350	0.009496	0.002907	0.000495	192.429730	788.393826	-684251.696
93760	0.007500	0.009765	0.003048	0.000519	183.697773	815.543946	-684289.293
93780	0.007668	0.009488	0.002960	0.000498	220.323334	849.779042	-684260.510
93800	0.007603	0.009399	0.002929	0.000495	235.087190	902.078777	-684417.917
93820	0.007640	0.009440	0.002977	0.000498	232.498993	876.584314	-684124.858
93840	0.007354	0.009545	0.003016	0.000505	227.425063	857.775646	-684386.960
93860	0.007311	0.009331	0.002998	0.000510	201.534729	785.381512	-684205.579
93880	0.007606	0.008956	0.003150	0.000536	223.150921	841.618939	-684249.523
93900	0.007545	0.008892	0.003030	0.000518	217.291256	889.868308	-684322.652
93920	0.006722	0.009293	0.002880	0.000497	233.116586	891.536109	-684190.979
93940	0.006995	0.009715	0.003021	0.000498	213.878539	930.801315	-684233.841
93960	0.007174	0.008998	0.003037	0.000501	212.132734	842.593910	-684284.507
93980	0.007159	0.009557	0.002877	0.000500	190.068760	835.696772	-684316.745
94000	0.006725	0.009443	0.002978	0.000494	236.938874	869.012114	-684210.567
94020	0.006915	0.009670	0.003091	0.000492	246.363398	852.378954	-684190.531
94040	0.006854	0.009250	0.002943	0.000481	227.932201	884.828953	-684284.488
94060	0.006959	0.009194	0.002994	0.000512	223.295187	886.083477	-684342.091
94080	0.007092	0.009342	0.002861	0.000518	210.887509	815.038803	-684399.704
94100	0.007159	0.009779	0.002989	0.000516	197.239603	889.842768	-684406.612
94120	0.006941	0.009278	0.002972	0.000500	221.294729	975.056979	-684323.429
94140	0.006525	0.009578	0.002992	0.000493	212.577996	1021.798750	-684335.104
94160	0.006540	0.009610	0.002988	0.000499	255.615275	980.378154	-684181.956
94180	0.006641	0.009421	0.003165	0.000504	241.395921	988.943204	-684322.888
94200	0.006566	0.009819	0.003065	0.000489	239.349162	971.494576	-684261.829
94220	0.006737	0.008971	0.003066	0.000483	255.682363	919.760527	-684270.153
94240	0.007358	0.008785	0.002999	0.000500	235.666094	960.303332	-684413.847
94260	0.007169	0.008440	0.003003	0.000487	271.191014	885.757324	-684345.813
94280	0.007116	0.009371	0.003073	0.000486	239.125479	870.768301	-684351.412
94300	0.006987	0.010040	0.002972	0.000496	250.765763	863.930102	-684324.063
94320	0.007184	0.009730	0.002998	0.000493	211.095796	841.545318	-684383.005
94340	0.007649	0.010033	0.002953	0.000482	218.205887	852.754195	-684350.206
94360	0.007252	0.009470	0.003056	0.000478	192.250421	876.787814	-684329.233
94380	0.007550	0.010129	0.003000	0.000497	207.948391	785.007254	-684417.517
94400	0.007348	0.010515	0.002901	0.000506	208.550459	723.584558	-684426.215
94420	0.008077	0.009291	0.002921	0.000518	189.890683	738.008467	-684415.833
94440	0.007861	0.009006	0.002944	0.000495	221.091616	776.391468	-684392.830
94460	0.007386	0.008644	0.003105	0.000471	176.552919	796.687964	-684198.423
94480	0.007404	0.009450	0.003094	0.000470	187.899299	871.648061	-684281.183
94500	0.007680	0.008865	0.003223	0.000466	175.728844	797.922105	-684182.064
94520	0.006975	0.009109	0.003098	0.000477	186.389468	779.493751	-684163.379
94540	0.007191	0.009154	0.002996	0.000495	181.539303	776.803975	-684230.511
94560	0.007508	0.008823	0.003063	0.000484	169.429263	833.020786	-684257.312
94580	0.007423	0.009162	0.003017	0.000499	203.031345	875.573160	-684411.028
94600	0.007027	0.009097	0.003004	0.000500	214.329705	890.927648	-684317.004
94620	0.007344	0.008925	0.002999	0.000496	224.428060	822.179067	-684328.989
94640	0.007326	0.008734	0.003054	0.000494	241.517136	820.725644	-684205.235
94660	0.007328	0.009606	0.003098	0.000478	211.919688	905.775574	-684349.774
94680	0.006897	0.009375	0.002916	0.000481	202.843731	899.621207	-684333.724
94700	0.006944	0.010049	0.003019	0.000497	203.124033	879.023159	-684224.259
94720	0.007702	0.009418	0.003014	0.000491	213.311540	925.224620	-684294.675
94740	0.007506	0.009483	0.002877	0.000494	202.123083	872.686793	-684392.179
94760	0.007875	0.009757	0.002911	0.000513	204.565501	851.573697	-684292.652
94780	0.007470	0.009854	0.002942	0.000500	183.843333	832.571593	-684368.914
94800	0.006894	0.009670	0.002957	0.000482	195.588687	806.750979	-684156.213
94820	0.007648	0.009754	0.002924	0.000472	186.206725	821.875651	-684437.810
94840	0.007833	0.009593	0.002963	0.000501	146.163039	770.612042	-684282.069
94860	0.007655	0.009316	0.002970	0.000503	143.783851	788.939299	-684309.490
94880	0.007626	0.009631	0.002922	0.000484	147.059952	768.914403	-684410.978
94900	0.007493	0.008969	0.003007	0.000476	145.615865	830.915421	-684405.725
94920	0.007889	0.009164	0.002931	0.000507	138.641908	748.958392	-684494.480
94940	0.007696	0.009076	0.002991	0.000515	159.878991	826.251501	-684395.110
94960	0.006807	0.008929	0.003038	0.000489	176.462917	923.559017	-684262.092
94980	0.006943	0.009289	0.003012	0.000508	147.928723	968.897324	-684321.817
95000	0.007167	0.009232	0.002945	0.000519	147.094952	991.219043	-684250.366
95020	0.006566	0.008721	0.002992	0.000494	181.128187	932.712235	-684319.174
95040	0.007152	0.009019	0.002883	0.000514	171.527942	1040.652277	-684113.125
95060	0.007350	0.009533	0.002892	0.000526	136.432126	1053.713193	-684411.112
95080	0.007277	0.009189	0.002991	0.000520	158.551531	1059.464683	-684432.763
95100	0.006811	0.009469	0.002884	0.000503	152.598608	1011.398358	-684249.031
95120	0.006981	0.009126	0.003083	0.000518	164.137669	1041.265636	-684271.343
95140	0.006771	0.009194	0.002994	0.000521	158.968270	1025.665798	-684277.791
95160	0.006582	0.008916	0.002969	0.000525	201.971093	982.392984	-684292.645
95180	0.006500	0.008884	0.003007	0.000538	211.870295	975.517862	-684206.437
95200	0.006269	0.008787	0.002951	0.000528	193.504583	997.500657	-684327.242
95220	0.006905	0.008729	0.002970	0.000550	213.538682	1005.238558	-684353.358
95240	0.006418	0.009067	0.002873	0.000542	189.218456	1010.791161	-684353.403
95260	0.006092	0.008862	0.002843	0.000539	168.022570	953.867161	-684232.030
95280	0.006749	0.008952	0.002973	0.000537	204.942960	1001.320911	-684347.046
95300	0.006543	0.008816	0.002934	0.000524	199.005109	1052.150444	-684157.043
95320	0.006507	0.008913	0.002887	0.000530	202.025519	1016.753986	-684240.527
95340	0.006786	0.009057	0.002811	0.000523	230.916130	1103.084045	-684332.534
95360	0.007049	0.009252	0.002894	0.000526	207.681828	1124.544469	-684198.187
95380	0.006957	0.009195	0.002840	0.000539	215.880175	1109.529271	-684353.754
95400	0.006904	0.009787	0.002817	0.000558	237.922137	1041.937021	-684323.161
95420	0.006797	0.009306	0.002816	0.000550	249.501844	1091.259997	-684278.016
95440	0.006458	0.009298	0.002939	0.000560	273.108216	1088.303761	-684339.923
95460	0.006471	0.009734	0.002836	0.000567	246.791678	1050.111931	-684280.717
95480	0.006652	0.009728	0.002828	0.000576	276.117106	1096.398985	-684351.826
95500	0.006454	0.009009	0.002915	0.000544	299.714358	1136.013765	-684269.467
95520	0.007105	0.008598	0.002828	0.000549	264.376383	1067.487339	-684303.673
95540	0.007211	0.008901	0.002927	0.000565	288.581451	996.060757	-684245.641
95560	0.007019	0.008573	0.002893	0.000543	283.372675	999.496924	-684310.333
95580	0.006676	0.008465	0.002953	0.000550	316.175317	1017.753204	-684278.196
95600	0.006583	0.008495	0.002924	0.000582	300.526971	887.350687	-684357.335
95620	0.006486	0.008223	0.002887	0.000554	314.150924	932.307089	-684237.707
95640	0.006670	0.008903	0.002871	0.000559	295.394047	925.735482	-684373.544
95660	0.006782	0.008423	0.003006	0.000591	302.441869	952.153882	-684263.802
95680	0.006694	0.008079	0.002965	0.000583	260.863666	945.562954	-684290.709
95700	0.006583	0.008341	0.002886	0.000575	248.003577	993.308321	-684342.969
95720	0.006209	0.008674	0.002882	0.000578	248.129454	1035.315646	-684376.959
95740	0.006047	0.009232	0.002909	0.000581	245.349552	1107.743529	-684300.912
95760	0.005825	0.008741	0.002856	0.000546	248.805324	1131.949672	-684216.297
95780	0.006214	0.008541	0.002989	0.000542	249.315588	1085.173483	-684359.552
95800	0.006090	0.009070	0.002891	0.000544	290.211275	1020.468784	-684227.557
95820	0.006040	0.008799	0.002859	0.000554	289.764829	960.544204	-684304.564
95840	0.006588	0.008817	0.002861	0.000559	291.040740	993.814130	-684416.386
95860	0.006394	0.008626	0.002852	0.000543	319.972131	1032.671187	-684365.707
95880	0.006750	0.008844	0.002874	0.000547	310.966604	1066.262941	-684339.902
95900	0.006117	0.008733	0.002992	0.000519	320.852946	1071.444090	-684289.065
95920	0.006570	0.008980	0.002952	0.000546	292.078097	1022.952774	-684273.634
95940	0.006379	0.008869	0.002978	0.000548	309.989509	1048.765595	-684186.674
95960	0.006310	0.008962	0.003078	0.000543	286.692118	1008.321790	-684217.976
95980	0.006508	0.007995	0.002971	0.000526	307.997750	1015.305970	-684124.140
96000	0.006274	0.008861	0.002926	0.000549	279.768174	998.375356	-684333.604
96020	0.006186	0.008112	0.003026	0.000530	298.719958	975.931718	-684160.048
96040	0.006712	0.007969	0.003041	0.000533	298.036922	926.697304	-684218.155
96060	0.007345	0.008596	0.002874	0.000549	335.501272	988.954236	-684247.068
96080	0.006648	0.008288	0.002917	0.000524	336.183255	1039.632333	-684167.734
96100	0.006823	0.008319	0.002901	0.000542	302.074341	974.025353	-684316.118
96120	0.006959	0.008619	0.002856	0.000558	327.513557	986.332899	-684266.423
96140	0.007013	0.008734	0.002886	0.000562	298.849166	881.862121	-684353.177
96160	0.006675	0.007976	0.002945	0.000532	326.661384	870.097341	-684230.152
96180	0.007214	0.008113	0.002963	0.000514	374.916211	852.542363	-684165.138
96200	0.007292	0.008242	0.002884	0.000522	363.259104	776.810293	-684350.782
96220	0.007341	0.008609	0.002902	0.000534	322.496273	726.317121	-684315.423
96240	0.007363	0.008807	0.002994	0.000535	328.335628	749.207368	-684208.743
96260	0.006940	0.009476	0.002988	0.000530	311.204440	741.625009	-684211.320
96280	0.006698	0.009216	0.002811	0.000529	338.063969	808.987024	-684446.414
96300	0.007033	0.009677	0.002909	0.000537	350.666589	805.261877	-684187.630
96320	0.007795	0.009200	0.002810	0.000513	340.897574	777.720377	-684162.984
96340	0.007882	0.009121	0.002929	0.000523	367.133841	651.437009	-684270.852
96360	0.007807	0.009297	0.002872	0.000513	350.747840	719.198805	-684341.907
96380	0.007130	0.009315	0.002840	0.000511	330.235404	783.897969	-684258.948
96400	0.007100	0.008991	0.002878	0.000515	343.803450	764.858019	-684269.951
96420	0.006923	0.008703	0.002982	0.000499	349.831130	749.260002	-684321.316
96440	0.007555	0.009369	0.003042	0.000510	281.356007	671.834130	-684176.430
96460	0.007525	0.009095	0.002869	0.000494	301.037046	689.221751	-684388.161
96480	0.008144	0.008808	0.003000	0.000514	300.276883	693.829688	-684321.794
96500	0.008186	0.008930	0.003010	0.000510	325.816285	717.767187	-684322.972
96520	0.007627	0.008290	0.002963	0.000511	283.525599	684.839681	-684349.645
96540	0.006991	0.008878	0.002948	0.000516	302.535271	701.358844	-684128.722
96560	0.006891	0.008708	0.002921	0.000508	325.031766	785.320086	-684149.530
96580	0.007721	0.008398	0.002980	0.000514	343.218435	741.547249	-684397.877
96600	0.007348	0.008904	0.002991	0.000516	306.193430	687.275254	-684290.098
96620	0.007658	0.008517	0.002979	0.000521	288.723384	696.864926	-684270.506
96640	0.007471	0.008805	0.002936	0.000508	318.235129	662.263868	-684303.681
96660	0.007663	0.008870	0.002863	0.000513	296.204523	614.980748	-684257.219
96680	0.007538	0.009309	0.002996	0.000517	299.199416	653.545043	-684270.474
96700	0.007904	0.009029	0.002985	0.000514	291.322943	620.583767	-684376.004
96720	0.007319	0.008781	0.003131	0.000502	273.182400	670.529853	-684254.919
96740	0.007320	0.009048	0.003053	0.000509	286.227190	745.810616	-684348.355
96760	0.007259	0.009188	0.003041	0.000486	319.679677	791.043787	-684229.818
96780	0.007320	0.008624	0.003058	0.000484	312.123642	723.754960	-684301.535
96800	0.007575	0.008024	0.003109	0.000479	331.800296	711.539565	-684415.060
96820	0.008218	0.008188	0.003008	0.000512	295.290787	644.908813	-684375.768
96840	0.007779	0.008626	0.002944	0.000520	235.257860	692.494137	-684418.818
96860	0.007606	0.008442	0.002978	0.000506	260.328441	736.478844	-684283.184
96880	0.007328	0.008521	0.002893	0.000524	272.775557	680.425416	-684419.303
96900	0.007437	0.008503	0.002993	0.000517	245.682420	701.253800	-684401.913
96920	0.007782	0.008267	0.002965	0.000511	248.453864	741.590157	-684346.537
96940	0.007908	0.008972	0.003051	0.000500	267.232824	693.410451	-684230.950
96960	0.007868	0.008635	0.003015	0.000479	286.174064	750.827440	-684361.592
96980	0.007780	0.008475	0.003063	0.000479	305.514465	721.731765	-684265.035
97000	0.007855	0.009089	0.003094	0.000502	249.173261	652.011975	-684309.633
97020	0.007729	0.008386	0.003050	0.000491	251.799021	724.781090	-684406.548
97040	0.008407	0.008545	0.002970	0.000494	226.803050	766.728677	-684345.478
97060	0.008119	0.008575	0.002981	0.000501	214.920611	691.591061	-684377.605
97080	0.008194	0.008378	0.002931	0.000502	193.841005	744.923261	-684237.869
97100	0.006518	0.008752	0.003017	0.000473	201.282643	751.859490	-684245.008
97120	0.006319	0.008866	0.002912	0.000497	184.159220	778.340800	-684285.989
97140	0.006507	0.009428	0.002864	0.000501	217.377559	873.132688	-684370.672
97160	0.007224	0.009713	0.002921	0.000510	211.125472	783.164901	-684247.956
97180	0.006640	0.009443	0.003048	0.000505	202.263168	834.582979	-684294.901
97200	0.006871	0.008776	0.003044	0.000492	212.913226	832.215503	-684278.530
97220	0.007541	0.008750	0.002975	0.000503	179.130331	813.802537	-684331.643
97240	0.007666	0.009063	0.003071	0.000472	170.403590	721.189506	-684276.678
97260	0.007864	0.008987	0.003038	0.000479	160.934270	693.879769	-684266.538
97280	0.007538	0.009211	0.003114	0.000474	163.378819	695.629272	-684272.649
97300	0.007844	0.009718	0.002993	0.000489	157.196824	687.405221	-684385.899
97320	0.007890	0.009889	0.003145	0.000490	151.564511	728.703869	-684462.230
97340	0.007892	0.009388	0.003113	0.000486	151.044798	772.650404	-684457.233
97360	0.008113	0.009611	0.003041	0.000497	162.433899	847.832135	-684390.259
97380	0.007720	0.009210	0.003028	0.000490	152.452177	842.324570	-684286.734
97400	0.007715	0.008723	0.003106	0.000493	165.409156	834.136086	-684311.719
97420	0.007648	0.008400	0.003029	0.000503	178.189733	818.219363	-684350.890
97440	0.007035	0.008707	0.003060	0.000510	172.565481	809.826599	-684366.613
97460	0.007225	0.008703	0.003115	0.000491	146.041398	832.227217	-684310.921
97480	0.006674	0.009734	0.003030	0.000493	140.052317	895.051648	-684308.083
97500	0.006859	0.009613	0.002984	0.000507	156.918522	882.321519	-684309.054
97520	0.006748	0.009234	0.003014	0.000483	175.784679	903.569689	-684209.508
97540	0.006693	0.008942	0.003055	0.000490	162.295426	921.659072	-684302.433
97560	0.007078	0.009438	0.002955	0.000505	134.564761	829.710183	-684291.526
97580	0.007216	0.009160	0.002994	0.000490	157.340223	915.341141	-684499.483
97600	0.007578	0.009427	0.002982	0.000495	149.268931	907.043424	-684221.395
97620	0.007247	0.009701	0.003059	0.000498	104.265897	835.740912	-684422.660
97640	0.007140	0.009697	0.002966	0.000484	108.191327	796.264888	-684347.823
97660	0.007551	0.010058	0.003047	0.000512	78.632932	781.010640	-684359.248
97680	0.006754	0.009668	0.002951	0.000502	80.220499	820.419332	-684352.631
97700	0.006749	0.009507	0.002984	0.000501	101.817074	787.877850	-684263.478
97720	0.006644	0.008771	0.003015	0.000496	106.812267	801.109860	-684333.824
97740	0.006780	0.008525	0.003024	0.000495	113.614027	793.046861	-684196.596
97760	0.006990	0.008729	0.003063	0.000502	88.741576	798.710258	-684179.672
97780	0.007319	0.008883	0.003093	0.000504	98.360940	855.689037	-684261.624
97800	0.007649	0.008972	0.003088	0.000512	90.983927	910.106050	-684312.447
97820	0.007500	0.008523	0.003041	0.000493	92.235719	891.046068	-684332.260
97840	0.007228	0.009252	0.002907	0.000515	86.109483	872.017345	-684363.616
97860	0.007206	0.009359	0.002983	0.000517	87.544662	915.732214	-684445.357
97880	0.007651	0.008871	0.003050	0.000509	111.510282	820.983780	-684227.791
97900	0.007785	0.009025	0.002904	0.000482	120.623682	811.964308	-684380.822
97920	0.007784	0.009172	0.002994	0.000495	90.628877	814.618133	-684295.067
97940	0.007238	0.009325	0.002888	0.000499	103.785133	772.511883	-684381.917
97960	0.007459	0.009588	0.002890	0.000506	100.624327	792.781807	-684461.807
97980	0.007098	0.009335	0.002957	0.000501	110.472049	755.018927	-684427.682
98000	0.007391	0.009339	0.002942	0.000509	113.839261	801.387178	-684292.527
98020	0.007610	0.009408	0.002896	0.000523	125.063978	849.656710	-684390.608
98040	0.007408	0.008700	0.002945	0.000495	147.530143	913.551082	-684376.497
98060	0.007225	0.008916	0.003080	0.000490	148.496884	881.348055	-684305.536
98080	0.007032	0.009185	0.002900	0.000509	134.159852	925.311017	-684331.401
98100	0.007673	0.009570	0.003035	0.000510	159.731548	899.885625	-684310.570
98120	0.006582	0.009275	0.002910	0.000493	168.094153	996.747574	-684216.056
98140	0.006887	0.009496	0.002972	0.000514	171.492629	995.124688	-684341.643
98160	0.007222	0.009655	0.002904	0.000521	148.701699	967.033565	-684213.963
98180	0.007048	0.009345	0.002902	0.000520	160.047976	1011.900797	-684259.237
98200	0.006557	0.009321	0.002908	0.000528	162.827670	1014.644709	-684281.601
98220	0.006928	0.009250	0.002857	0.000532	154.296665	1018.434797	-684259.850
98240	0.007061	0.008787	0.002957	0.000535	169.114652	956.179033	-684302.803
98260	0.006450	0.008890	0.002893	0.000533	162.870798	1015.252501	-684253.692
98280	0.006667	0.008976	0.003060	0.000544	159.056170	1037.192132	-684234.880
98300	0.006700	0.008674	0.002941	0.000540	150.650423	958.770763	-684280.717
98320	0.006672	0.008789	0.003034	0.000532	168.364577	979.216861	-684311.647
98340	0.006335	0.009250	0.002963	0.000531	167.104979	948.701813	-684282.330
98360	0.006315	0.009292	0.002882	0.000520	185.399760	990.628576	-684385.680
98380	0.007084	0.009474	0.002823	0.000528	169.756840	944.636900	-684271.839
98400	0.006924	0.009214	0.002814	0.000522	182.631402	1070.532667	-684170.508
98420	0.006803	0.008644	0.002999	0.000493	195.540235	1042.218105	-684207.667
98440	0.007460	0.009174	0.002836	0.000514	207.700534	981.492540	-684330.689
98460	0.006920	0.009149	0.002977	0.000504	202.198527	990.038893	-684303.795
98480	0.007101	0.009960	0.002898	0.000515	213.465199	894.394982	-684305.205
98500	0.006902	0.009417	0.002745	0.000493	171.916946	1019.392991	-684365.274
98520	0.006829	0.009010	0.003022	0.000511	178.462713	918.509279	-684301.890
98540	0.006700	0.008808	0.002931	0.000507	160.074077	885.395557	-684352.969
98560	0.006485	0.008700	0.002992	0.000508	181.517237	822.316101	-684308.445
98580	0.006683	0.009371	0.002933	0.000514	169.863153	868.109628	-684281.096
98600	0.007136	0.009114	0.002972	0.000514	147.350958	832.148413	-684454.737
98620	0.007279	0.009217	0.003087	0.000508	140.160488	779.847033	-684372.355
98640	0.007395	0.009087	0.002936	0.000532	147.446050	832.929357	-684285.509
98660	0.006813	0.009073	0.002920	0.000511	165.341117	929.501853	-684285.934
98680	0.007369	0.009443	0.003041	0.000522	141.455918	946.447001	-684328.861
98700	0.007148	0.009225	0.003018	0.000492	171.096922	934.373730	-684239.331
98720	0.007032	0.009786	0.003130	0.000502	146.535976	867.535879	-684229.990
98740	0.007051	0.009969	0.002995	0.000473	161.312519	928.844709	-684524.766
98760	0.007435	0.010707	0.003012	0.000490	189.189969	848.608678	-684411.146
98780	0.006901	0.010150	0.003084	0.000465	175.901009	832.823843	-684389.323
98800	0.006917	0.009940	0.002951	0.000466	183.536766	835.622675	-684356.085
98820	0.007032	0.009687	0.003027	0.000463	173.213706	777.705534	-684272.635
98840	0.006722	0.009698	0.003158	0.000474	179.755543	772.916654	-684263.910
98860	0.007219	0.009948	0.003087	0.000470	195.284618	791.053460	-684344.478
98880	0.007684	0.010054	0.002968	0.000486	193.654038	738.304634	-684244.500
98900	0.007689	0.009758	0.002956	0.000500	196.283200	738.233063	-684356.100
98920	0.007752	0.010230	0.003030	0.000495	181.669535	754.416448	-684171.978
98940	0.007774	0.009722	0.003010	0.000459	208.826069	817.574819	-684330.744
98960	0.007127	0.009741	0.002942	0.000474	210.146722	806.773511	-684155.816
98980	0.007186	0.009753	0.003045	0.000468	220.795750	824.988051	-684289.763
99000	0.007366	0.009471	0.003064	0.000464	233.126996	791.052766	-684198.100
99020	0.007180	0.010130	0.003117	0.000467	226.755488	802.002963	-684393.128
99040	0.007125	0.010001	0.003040	0.000488	235.453379	796.026836	-684313.055
99060	0.007136	0.009642	0.003020	0.000471	239.942163	782.610702	-684188.265
99080	0.007743	0.009410	0.003096	0.000483	210.187383	772.759561	-684265.503
99100	0.007069	0.010091	0.003073	0.000474	195.536673	730.692480	-684282.201
99120	0.007606	0.010167	0.003030	0.000469	213.112039	772.172818	-684253.317
99140	0.007410	0.009958	0.003036	0.000492	205.737756	666.755724	-684337.932
99160	0.006697	0.009158	0.003056	0.000489	188.515487	705.238270	-684332.534
99180	0.007570	0.009103	0.003028	0.000472	223.213014	727.666001	-684310.200
99200	0.007229	0.008735	0.003140	0.000462	231.674730	848.408329	-684189.441
99220	0.007542	0.009105	0.003074	0.000459	225.925157	819.749853	-684239.775
99240	0.007382	0.009543	0.003164	0.000462	236.369756	822.868844	-684229.487
99260	0.007527	0.009977	0.003046	0.000480	223.237711	810.433014	-684098.384
99280	0.007173	0.009404	0.002975	0.000486	220.706599	697.259823	-684274.241
99300	0.007068	0.009086	0.002945	0.000493	219.115627	692.729577	-684328.576
99320	0.007136	0.009056	0.003075	0.000510	252.726942	704.322158	-684406.895
99340	0.007346	0.009161	0.002961	0.000525	246.491103	741.490803	-684271.385
99360	0.007177	0.009512	0.002933	0.000514	271.685054	802.291624	-684425.613
99380	0.006455	0.009228	0.003091	0.000501	270.212172	756.229384	-684332.999
99400	0.006751	0.009651	0.002934	0.000499	317.488678	827.884206	-684359.098
99420	0.007193	0.009981	0.002827	0.000537	269.135526	784.793503	-684447.463
99440	0.006893	0.009640	0.002912	0.000529	240.370405	720.185914	-684304.713
99460	0.006870	0.009307	0.002904	0.000529	256.316645	824.429608	-684302.738
99480	0.007422	0.008936	0.002930	0.000510	289.772229	853.144655	-684366.079
99500	0.007181	0.009512	0.003053	0.000500	289.920152	825.965284	-684267.573
99520	0.006887	0.008832	0.003003	0.000492	265.011487	857.716902	-684258.152
99540	0.007122	0.009689	0.002952	0.000529	222.846356	840.416065	-684295.919
99560	0.007028	0.009017	0.003049	0.000511	245.290071	881.560437	-684088.770
99580	0.007298	0.009061	0.002959	0.000500	255.378726	915.995486	-684369.181
99600	0.006795	0.009118	0.002835	0.000520	215.641167	903.876499	-684375.199
99620	0.006945	0.008910	0.002988	0.000517	196.517855	945.518404	-684241.157
99640	0.006347	0.008765	0.003094	0.000517	218.095746	873.742308	-684274.874
99660	0.006672	0.008755	0.002972	0.000523	199.190995	815.402058	-684360.325
99680	0.007279	0.009235	0.002867	0.000549	195.119079	779.313645	-684223.531
99700	0.006523	0.008894	0.002798	0.000520	225.964906	920.453124	-684319.310
99720	0.007108	0.008402	0.002977	0.000537	209.062699	836.609205	-684277.396
99740	0.006404	0.008657	0.002913	0.000520	241.802388	896.898382	-684324.220
99760	0.007691	0.009027	0.002820	0.000525	265.492885	869.893285	-684330.481
99780	0.007029	0.009580	0.002861	0.000535	242.125292	873.098992	-684444.591
99800	0.007128	0.009757	0.002965	0.000516	229.422994	893.287155	-684360.163
99820	0.006789	0.010259	0.002945	0.000504	217.196184	938.336789	-684176.223
99840	0.007135	0.010005	0.002924	0.000522	168.791833	922.256204	-684303.215
99860	0.006883	0.009789	0.003032	0.000502	184.969889	942.587764	-684259.548
99880	0.006524	0.009205	0.003044	0.000506	161.120905	920.632317	-684204.858
99900	0.006924	0.008490	0.003008	0.000498	194.574251	895.324302	-684265.984
99920	0.007040	0.008324	0.002986	0.000502	233.021542	944.803167	-684321.328
99940	0.007066	0.008667	0.002941	0.000526	233.071554	868.699114	-684250.381
99960	0.006989	0.008380	0.002889	0.000521	258.587323	844.476672	-684264.507
99980	0.007792	0.008432	0.002989	0.000537	247.708322	860.004026	-684316.790
100000	0.007175	0.008676	0.002904	0.000511	269.701371	845.981714	-684258.293
100020	0.007229	0.008574	0.003063	0.000521	264.046835	908.525714	-684306.514
100040	0.007200	0.008586	0.003082	0.000528	252.501188	836.817045	-684283.377
100060	0.006881	0.008438	0.003066	0.000511	262.826623	861.056756	-684153.691
100080	0.007098	0.009116	0.002976	0.000494	253.296669	850.316910	-684364.290
100100	0.006890	0.008962	0.002994	0.000504	254.926720	879.914528	-684264.997
100120	0.006659	0.009399	0.003023	0.000520	231.915504	875.081560	-684250.774
100140	0.006980	0.009069	0.002942	0.000500	213.792563	813.315823	-684257.926
100160	0.007541	0.008579	0.002980	0.000519	234.168411	780.272080	-684263.308
100180	0.007402	0.008831	0.002943	0.000509	284.091591	776.857988	-684473.453
100200	0.007360	0.008868	0.003017	0.000472	300.571078	838.821553	-684370.908
100220	0.007222	0.009540	0.003058	0.000487	265.525613	843.476895	-684246.573
100240	0.007293	0.009668	0.003062	0.000482	303.667398	791.714518	-684318.090
100260	0.007200	0.009300	0.003075	0.000483	304.643627	798.639871	-684322.156
100280	0.007244	0.009690	0.002981	0.000473	303.446746	791.831945	-684140.640
100300	0.007280	0.009847	0.003039	0.000489	299.534873	755.777030	-684188.939
100320	0.007243	0.009269	0.002896	0.000492	319.426471	805.611148	-684364.033
100340	0.007278	0.009604	0.002844	0.000499	347.959410	839.284636	-684348.806
100360	0.007089	0.009758	0.003072	0.000500	330.930635	829.024981	-684213.054
100380	0.006796	0.009752	0.002888	0.000517	312.442964	836.474345	-684260.697
100400	0.006481	0.009445	0.002971	0.000510	278.165494	864.038719	-684226.457
100420	0.006431	0.009207	0.002960	0.000514	265.809806	785.278106	-684275.028
100440	0.006540	0.009564	0.002985	0.000523	235.557374	765.105661	-684240.415
100460	0.006531	0.009091	0.002908	0.000523	236.810355	791.208844	-684404.831
100480	0.006443	0.008711	0.003025	0.000523	295.220538	792.702365	-684164.199
100500	0.006879	0.008465	0.003091	0.000497	327.143563	933.612443	-684249.993
100520	0.006842	0.008840	0.003131	0.000490	360.962599	835.669630	-684110.316
100540	0.007358	0.008820	0.003163	0.000514	292.990629	754.326626	-684230.107
100560	0.007058	0.009060	0.003120	0.000516	275.052858	833.046709	-684250.783
100580	0.007174	0.009200	0.002985	0.000505	300.654967	787.324783	-684293.756
100600	0.006650	0.009600	0.003031	0.000488	292.420638	853.185841	-684238.137
100620	0.007250	0.009823	0.002891	0.000501	270.199536	859.173665	-684300.164
100640	0.007209	0.008264	0.003025	0.000477	302.014574	885.381879	-684155.212
100660	0.007140	0.008152	0.002995	0.000492	282.944676	765.131909	-684214.241
100680	0.007352	0.008706	0.003065	0.000493	300.391715	796.142561	-684360.238
100700	0.007926	0.009157	0.002895	0.000495	283.542645	831.826445	-684278.910
100720	0.007217	0.009069	0.003027	0.000491	260.690127	799.952573	-684292.044
100740	0.007341	0.009467	0.002967	0.000489	229.600104	811.295900	-684289.908
100760	0.007569	0.009407	0.002954	0.000483	243.759992	802.587650	-684443.613
100780	0.007469	0.009678	0.002955	0.000489	253.076303	748.166944	-684354.756
100800	0.007718	0.009286	0.002924	0.000498	235.798131	759.012148	-684240.950
100820	0.008040	0.009272	0.002849	0.000515	291.697514	745.009340	-684318.679
100840	0.007551	0.009116	0.002886	0.000496	292.722309	784.219165	-684337.500
100860	0.007444	0.008813	0.002963	0.000504	289.975799	781.359818	-684248.210
100880	0.007280	0.008703	0.002890	0.000506	269.548515	817.599283	-684404.497
100900	0.007357	0.009066	0.002903	0.000530	240.597194	834.213853	-684209.646
100920	0.006794	0.008825	0.003090	0.000517	254.328226	897.744927	-684271.588
100940	0.006697	0.008561	0.003021	0.000513	272.939275	910.886662	-684266.829
100960	0.006448	0.008763	0.003073	0.000523	278.184490	880.601285	-684082.044
100980	0.006616	0.009215	0.002956	0.000535	273.758905	853.487821	-684286.792
101000	0.006540	0.008655	0.002958	0.000516	282.062374	908.841210	-684274.112
101020	0.006690	0.008082	0.003043	0.000522	283.881046	900.908732	-684307.418
101040	0.006768	0.008748	0.003027	0.000533	289.898968	844.586572	-684136.648
101060	0.006957	0.008672	0.002864	0.000547	267.241805	922.874435	-684265.279
101080	0.007611	0.009524	0.002921	0.000550	290.139973	853.292142	-684366.895
101100	0.007351	0.009258	0.002921	0.000552	271.898393	853.948988	-684140.304
101120	0.006920	0.008385	0.003020	0.000526	333.082305	932.347997	-684310.370
101140	0.007372	0.007794	0.003020	0.000519	328.217486	949.370462	-684196.873
101160	0.007595	0.008191	0.003018	0.000526	313.429343	951.239694	-684202.736
101180	0.007460	0.008541	0.003037	0.000511	325.752310	958.605920	-684261.766
101200	0.007437	0.008378	0.003053	0.000509	312.400763	1017.131202	-684264.627
101220	0.007098	0.009038	0.002970	0.000515	318.445190	1036.830065	-684293.256
101240	0.006960	0.008697	0.003040	0.000501	288.100483	939.360975	-684252.898
101260	0.007232	0.009068	0.003061	0.000527	313.374686	918.529257	-684233.962
101280	0.006887	0.009025	0.002951	0.000519	288.177628	801.110583	-684314.809
101300	0.007480	0.008252	0.002798	0.000506	317.665497	812.903147	-684349.129
101320	0.007728	0.008183	0.002895	0.000515	322.310925	771.408993	-684380.883
101340	0.006989	0.008954	0.003001	0.000519	281.101597	707.926656	-684429.279
101360	0.007415	0.008706	0.003088	0.000509	308.872604	784.536425	-684338.985
101380	0.007227	0.009192	0.002956	0.000500	323.008751	728.496357	-684375.173
101400	0.007456	0.009032	0.002990	0.000520	345.598007	768.723820	-684423.059
101420	0.007350	0.009038	0.002824	0.000525	295.645804	779.007682	-684324.849
101440	0.007535	0.009051	0.002877	0.000518	234.878121	807.406708	-684328.826
101460	0.007473	0.008763	0.002965	0.000517	272.436620	831.701216	-684281.331
101480	0.007716	0.008819	0.002944	0.000525	287.713701	870.793365	-684237.498
101500	0.006787	0.008006	0.002950	0.000498	303.664174	865.837790	-684161.745
101520	0.007536	0.008582	0.003073	0.000522	245.289658	774.848903	-684318.239
101540	0.007224	0.008969	0.002903	0.000526	244.866673	821.425457	-684299.494
101560	0.006881	0.009655	0.002912	0.000516	248.969874	875.509355	-684478.834
101580	0.006795	0.009068	0.003048	0.000497	227.505051	841.990329	-684378.168
101600	0.006646	0.009489	0.002986	0.000500	217.842672	916.503883	-684205.634
101620	0.006896	0.010033	0.002938	0.000509	229.875865	851.063350	-684321.709
101640	0.006741	0.009105	0.002950	0.000496	236.127895	844.775040	-684222.416
101660	0.007044	0.009455	0.002899	0.000505	250.328772	793.832199	-684341.082
101680	0.007176	0.008877	0.002929	0.000495	264.641664	803.631029	-684269.024
101700	0.007173	0.009241	0.002882	0.000509	274.880891	806.910270	-684337.345
101720	0.007033	0.009232	0.002969	0.000517	284.773712	751.860923	-684360.454
101740	0.007179	0.008346	0.003040	0.000502	307.112103	741.617511	-684258.230
101760	0.007160	0.008712	0.002954	0.000504	330.987940	690.275333	-684382.347
101780	0.007459	0.008933	0.002997	0.000516	344.216072	782.778237	-684355.372
101800	0.007407	0.008437	0.002986	0.000512	348.038721	812.554292	-684354.083
101820	0.007004	0.008386	0.002900	0.000502	417.501986	922.455763	-684235.617
101840	0.007211	0.008163	0.002905	0.000538	382.556963	859.606819	-684181.549
101860	0.007474	0.007794	0.003068	0.000524	383.963647	788.060856	-684203.305
101880	0.007002	0.008310	0.003009	0.000528	415.123424	753.390445	-684229.612
101900	0.007592	0.008554	0.002930	0.000536	406.822896	699.843083	-684292.274
101920	0.007691	0.008269	0.002934	0.000548	392.945786	691.563628	-684308.698
101940	0.007556	0.008976	0.002956	0.000545	346.973811	739.805941	-684322.258
101960	0.006978	0.008352	0.002942	0.000528	399.521255	755.160310	-684245.255
101980	0.007210	0.008810	0.002911	0.000528	416.983465	713.457519	-684169.868
102000	0.007309	0.009118	0.002876	0.000519	406.310217	756.689845	-684303.189
102020	0.007507	0.008642	0.002817	0.000535	346.771448	713.912168	-684250.082
102040	0.007257	0.009174	0.002911	0.000522	355.329667	762.494951	-684348.391
102060	0.007264	0.008604	0.002943	0.000501	323.993165	746.080574	-684244.710
102080	0.007135	0.008281	0.003038	0.000489	286.211066	722.869365	-684324.817
102100	0.007682	0.008484	0.003023	0.000516	316.817222	698.179865	-684329.051
102120	0.007725	0.009120	0.002963	0.000503	309.562648	694.670351	-684335.665
102140	0.007871	0.009135	0.002896	0.000513	316.632128	671.421312	-684324.576
102160	0.007672	0.008971	0.002974	0.000499	317.669874	643.292641	-684343.646
102180	0.008156	0.008706	0.003017	0.000500	289.735259	626.294331	-684342.779
102200	0.008078	0.008987	0.003205	0.000479	323.431104	562.292398	-684257.207
102220	0.007991	0.009194	0.003134	0.000479	362.077374	596.857284	-684274.812
102240	0.008468	0.008793	0.003046	0.000472	368.877148	607.126045	-684190.902
102260	0.008238	0.008940	0.003145	0.000471	414.943424	561.727950	-684368.032
102280	0.008827	0.008881	0.003004	0.000492	353.982885	530.410430	-684293.287
102300	0.008351	0.008919	0.003045	0.000467	355.842846	577.464196	-684253.341
102320	0.008238	0.009036	0.003115	0.000464	336.815272	623.632844	-684356.029
102340	0.007951	0.009305	0.003117	0.000475	354.828935	597.491040	-684271.491
102360	0.008276	0.008731	0.003024	0.000467	323.515989	533.261143	-684360.063
102380	0.007515	0.008657	0.003122	0.000450	282.928773	555.137389	-684354.719
102400	0.007763	0.009479	0.002974	0.000483	270.344546	526.733082	-684283.184
102420	0.008414	0.009322	0.003052	0.000468	313.477922	533.142449	-684437.079
102440	0.007951	0.010103	0.003064	0.000473	280.097882	487.178762	-684287.253
102460	0.007970	0.009274	0.003001	0.000450	334.770174	495.046353	-684336.603
102480	0.007827	0.009705	0.003049	0.000463	337.898745	488.466186	-684339.831
102500	0.008074	0.009603	0.003120	0.000463	331.704284	490.185633	-684359.771
102520	0.008087	0.009667	0.002974	0.000466	341.138126	450.559630	-684363.999
102540	0.008420	0.009329	0.003021	0.000456	375.441149	483.324240	-684310.483
102560	0.009026	0.008904	0.003017	0.000466	356.653500	397.411609	-684283.332
102580	0.008827	0.008731	0.003044	0.000473	330.561901	429.855884	-684267.536
102600	0.008813	0.009636	0.003003	0.000491	313.358329	413.753302	-684397.408
102620	0.008144	0.009116	0.002997	0.000473	305.825750	429.317078	-684252.239
102640	0.007594	0.009131	0.002987	0.000469	253.016147	469.429180	-684364.857
102660	0.007490	0.009499	0.002994	0.000496	253.452558	519.142360	-684333.629
102680	0.007637	0.010109	0.002981	0.000503	264.796268	549.281726	-684373.415
102700	0.007561	0.010217	0.002904	0.000475	293.033225	531.370826	-684310.547
102720	0.007188	0.010556	0.002949	0.000468	274.656797	568.525295	-684329.582
102740	0.007507	0.010191	0.002930	0.000460	301.327636	604.924551	-684303.753
102760	0.007356	0.009713	0.002884	0.000455	286.373663	652.733329	-684276.894
102780	0.007318	0.009239	0.002919	0.000491	299.155138	638.182492	-684315.560
102800	0.007236	0.008946	0.003104	0.000489	309.288105	595.801738	-684268.862
102820	0.007680	0.009562	0.003029	0.000504	258.235180	651.270861	-684391.115
102840	0.007304	0.008904	0.002980	0.000496	250.283322	598.628465	-684307.531
102860	0.007495	0.009162	0.003107	0.000492	247.662235	644.744738	-684360.263
102880	0.007599	0.008777	0.003003	0.000482	270.580121	684.071541	-684309.366
102900	0.007603	0.008473	0.003048	0.000488	283.394603	660.401727	-684324.802
102920	0.008070	0.009143	0.002934	0.000498	291.697736	598.037453	-684398.318
102940	0.007515	0.009080	0.002992	0.000505	300.105363	617.019868	-684237.583
102960	0.007853	0.008490	0.003001	0.000512	266.335235	641.016252	-684477.484
102980	0.007177	0.008572	0.002919	0.000503	278.512192	697.251779	-684281.185
103000	0.007383	0.008817	0.003027	0.000514	315.086566	671.273609	-684208.502
103020	0.007433	0.008977	0.002984	0.000521	324.306050	603.022481	-684358.211
103040	0.006912	0.008990	0.002957	0.000503	350.490068	594.284173	-684424.857
103060	0.007374	0.008279	0.003038	0.000494	400.121724	600.509021	-684160.302
103080	0.007611	0.008979	0.003011	0.000481	402.471059	634.799225	-684218.204
103100	0.007774	0.008766	0.003018	0.000492	385.548006	624.605217	-684258.550
103120	0.007470	0.009209	0.002921	0.000504	385.399512	561.600641	-684355.559
103140	0.007622	0.009410	0.002883	0.000491	373.971174	542.818184	-684312.495
103160	0.008404	0.008833	0.002854	0.000494	351.662586	578.507066	-684256.470
103180	0.007904	0.008239	0.002881	0.000486	366.898784	561.715734	-684209.637
103200	0.007740	0.008798	0.003089	0.000502	380.324971	528.948716	-684238.299
103220	0.007392	0.008399	0.002968	0.000478	400.164553	593.685661	-684360.139
103240	0.007340	0.008223	0.002892	0.000494	364.008636	592.853644	-684331.426
103260	0.007512	0.008431	0.002907	0.000511	356.891631	589.050271	-684368.484
103280	0.007853	0.007446	0.002964	0.000501	401.210049	558.430492	-684138.259
103300	0.008189	0.007758	0.003059	0.000508	407.321110	609.716685	-684190.102
103320	0.007804	0.008149	0.002876	0.000510	425.623047	641.375863	-684222.948
103340	0.007165	0.008287	0.002994	0.000520	424.981599	610.374038	-684127.305
103360	0.006907	0.008476	0.002861	0.000537	396.213229	537.654035	-684247.073
103380	0.006986	0.008374	0.002838	0.000543	431.504177	569.397578	-684253.530
103400	0.007446	0.008437	0.002839	0.000541	475.347672	539.223781	-684312.620
103420	0.007780	0.008907	0.002786	0.000551	453.420619	531.846234	-684403.203
103440	0.007928	0.008094	0.002825	0.000550	500.904325	482.884521	-684417.634
103460	0.007600	0.008134	0.002923	0.000551	454.467081	504.924138	-684309.110
103480	0.007728	0.008383	0.002796	0.000568	463.195495	482.525964	-684462.921
103500	0.007684	0.008041	0.002800	0.000552	469.821071	528.861174	-684432.804
103520	0.007837	0.007958	0.002952	0.000542	515.859143	531.312674	-684216.668
103540	0.007775	0.008146	0.002976	0.000529	505.462921	558.129521	-684285.349
103560	0.008121	0.007807	0.002963	0.000515	544.491791	556.455575	-684172.596
103580	0.008115	0.007875	0.002994	0.000504	565.496775	598.996723	-684345.686
103600	0.008306	0.007664	0.002979	0.000484	537.243929	626.725161	-684293.444
103620	0.008332	0.008061	0.003051	0.000509	568.502067	546.067549	-684274.417
103640	0.007699	0.008029	0.003087	0.000486	528.269114	575.948881	-684263.735
103660	0.007912	0.008236	0.002998	0.000497	503.118301	538.504742	-684320.161
103680	0.007741	0.008599	0.003058	0.000507	543.178599	553.367687	-684282.261
103700	0.007496	0.008247	0.003063	0.000490	578.830161	583.904634	-684184.851
103720	0.007603	0.008586	0.003021	0.000502	543.883358	575.067241	-684293.382
103740	0.007113	0.008496	0.003049	0.000491	494.849243	590.274726	-684289.456
103760	0.007803	0.008752	0.002958	0.000507	500.248533	550.528400	-684409.809
103780	0.007382	0.008947	0.002927	0.000523	495.348051	527.474583	-684326.860
103800	0.007655	0.008311	0.003022	0.000526	488.137158	566.510021	-684346.354
103820	0.007515	0.008324	0.003000	0.000521	494.282039	526.809789	-684398.736
103840	0.007455	0.008840	0.002990	0.000534	468.886615	519.953320	-684256.915
103860	0.007139	0.008304	0.002944	0.000519	496.817981	554.182170	-684359.403
103880	0.007041	0.008328	0.002943	0.000531	483.011561	516.732279	-684298.021
103900	0.007274	0.008294	0.002953	0.000531	470.223115	514.129045	-684194.017
103920	0.007337	0.008361	0.002904	0.000535	472.818529	504.754190	-684368.718
103940	0.007322	0.008534	0.002864	0.000520	492.670221	458.313814	-684328.143
103960	0.007315	0.009114	0.002878	0.000519	508.541679	499.795037	-684351.683
103980	0.007344	0.008503	0.002920	0.000504	545.957043	488.220762	-684307.829
104000	0.007168	0.008056	0.003081	0.000509	509.303803	459.499475	-684237.241
104020	0.007951	0.008285	0.002960	0.000515	468.198559	458.321891	-684358.016
104040	0.008005	0.008497	0.002920	0.000517	491.897398	497.127086	-684259.259
104060	0.007607	0.008503	0.003014	0.000523	522.815400	480.082377	-684235.110
104080	0.007521	0.008278	0.002953	0.000533	541.898610	467.359718	-684341.066
104100	0.007460	0.008276	0.002920	0.000528	514.192486	507.975592	-684362.873
104120	0.007412	0.008570	0.002810	0.000507	500.909147	576.443253	-684398.763
104140	0.007314	0.008778	0.002877	0.000517	519.764704	523.346388	-684181.543
104160	0.007244	0.008481	0.002927	0.000508	509.808636	538.109446	-684297.214
104180	0.007570	0.008708	0.002869	0.000525	483.347715	540.545529	-684408.493
104200	0.007340	0.008121	0.002892	0.000513	550.894451	554.747132	-684260.726
104220	0.007866	0.008693	0.002836	0.000526	530.395590	495.078842	-684173.822
104240	0.008200	0.007905	0.002942	0.000513	517.450698	578.940515	-684408.763
104260	0.007915	0.008014	0.002939	0.000513	523.751691	543.178806	-684262.278
104280	0.008412	0.008240	0.002901	0.000526	432.868860	495.731689	-684388.397
104300	0.008605	0.008251	0.002967	0.000497	450.065475	555.166051	-684269.599
104320	0.008139	0.008275	0.003020	0.000494	458.311235	524.619466	-684200.900
104340	0.007868	0.008216	0.002991	0.000491	485.671112	628.963246	-684267.781
104360	0.008166	0.008793	0.003089	0.000497	482.961444	561.679642	-684388.577
104380	0.007759	0.008481	0.003004	0.000473	440.044610	519.108805	-684213.705
104400	0.008418	0.008372	0.003069	0.000497	393.991635	502.475378	-684192.684
104420	0.008140	0.008770	0.002882	0.000490	413.397651	462.499420	-684295.780
104440	0.008210	0.009129	0.002904	0.000500	440.037750	486.559671	-684338.902
104460	0.008375	0.009441	0.003008	0.000501	428.227121	499.098614	-684349.067
104480	0.008054	0.009267	0.003049	0.000495	482.287399	461.698526	-684311.141
104500	0.007986	0.009349	0.002885	0.000485	503.523053	509.922039	-684265.842
104520	0.007551	0.009042	0.002971	0.000477	476.931984	473.604212	-684411.575
104540	0.008192	0.009244	0.002994	0.000483	485.207147	456.394150	-684281.303
104560	0.007864	0.009457	0.002997	0.000484	468.791255	467.196841	-684363.697
104580	0.008049	0.009488	0.002932	0.000492	424.192081	463.387101	-684447.345
104600	0.008353	0.009056	0.002957	0.000492	408.280681	443.986596	-684389.568
104620	0.008302	0.008784	0.003045	0.000485	439.452402	448.136529	-684245.707
104640	0.008429	0.008366	0.003105	0.000462	446.245720	499.914660	-684290.500
104660	0.008412	0.008886	0.003123	0.000484	410.382033	498.205708	-684297.583
104680	0.008448	0.008297	0.003085	0.000472	411.609231	455.385353	-684241.759
104700	0.007734	0.008497	0.003029	0.000477	381.849040	452.583823	-684108.087
104720	0.007716	0.008499	0.002998	0.000478	442.021009	495.682793	-684352.695
104740	0.007834	0.008368	0.003077	0.000487	429.778857	425.976929	-684250.294
104760	0.007804	0.008572	0.003055	0.000461	467.820215	434.741602	-684279.202
104780	0.008035	0.008344	0.003104	0.000463	478.682449	441.512252	-684267.033
104800	0.007645	0.008339	0.003129	0.000447	503.053283	456.096310	-684185.329
104820	0.008036	0.009009	0.003091	0.000454	533.853849	473.163497	-684408.510
104840	0.008479	0.008199	0.003105	0.000465	567.134245	431.766599	-684147.329
104860	0.008604	0.008199	0.003148	0.000465	558.137125	455.058606	-684154.966
104880	0.008350	0.008105	0.003154	0.000465	481.609689	425.607443	-684138.362
104900	0.008329	0.008419	0.003033	0.000500	464.598840	365.414564	-684261.224
104920	0.008292	0.009136	0.003063	0.000494	431.998639	331.628695	-684205.637
104940	0.008878	0.009140	0.003036	0.000483	471.800795	319.902044	-684368.856
104960	0.009668	0.009041	0.002994	0.000497	429.381161	324.926628	-684397.867
104980	0.009116	0.008615	0.002924	0.000484	455.439382	364.505707	-684381.429
105000	0.008976	0.008484	0.002983	0.000491	485.214251	350.097494	-684313.416
105020	0.008261	0.008062	0.002998	0.000482	496.913957	375.614277	-684262.337
105040	0.008804	0.008695	0.002974	0.000489	541.171099	343.213396	-684356.261
105060	0.009781	0.008019	0.003018	0.000490	614.717711	323.534432	-684515.086
105080	0.009054	0.007815	0.003039	0.000483	631.037608	337.261308	-684304.314
105100	0.009092	0.007431	0.003023	0.000470	660.425945	291.829571	-684234.644
105120	0.008505	0.008150	0.002921	0.000484	627.359376	300.054346	-684289.279
105140	0.008365	0.008620	0.002924	0.000501	664.190112	309.689432	-684308.589
105160	0.008686	0.008280	0.002999	0.000507	604.095040	299.363954	-684226.602
105180	0.008080	0.008262	0.002982	0.000486	577.238609	317.365724	-684272.114
105200	0.009204	0.008478	0.002974	0.000511	573.346319	321.363091	-684431.148
105220	0.008342	0.008573	0.003007	0.000478	637.770458	323.348931	-684405.721
105240	0.009310	0.007802	0.003055	0.000481	630.451833	308.013872	-684167.212
105260	0.009088	0.008499	0.002977	0.000491	622.283540	345.760046	-684363.411
105280	0.008694	0.008460	0.002991	0.000503	604.048344	349.905550	-684268.566
105300	0.008110	0.008445	0.002951	0.000497	647.577788	336.734116	-684349.075
105320	0.008721	0.008452	0.002923	0.000523	594.214749	335.630344	-684281.686
105340	0.008544	0.008181	0.003048	0.000520	626.750307	340.420219	-684296.656
105360	0.008771	0.008012	0.002977	0.000530	530.676189	320.871993	-684326.415
105380	0.008031	0.008252	0.002983	0.000507	530.260963	375.474042	-684322.221
105400	0.007356	0.007590	0.003074	0.000506	530.142766	390.663440	-684192.665
105420	0.007832	0.008158	0.003108	0.000506	564.424378	358.635659	-684267.877
105440	0.008073	0.007863	0.003023	0.000509	617.933606	390.076568	-684222.288
105460	0.008161	0.008267	0.003026	0.000503	594.800085	352.629359	-684250.429
105480	0.008640	0.007998	0.003007	0.000510	550.692961	380.014540	-684239.621
105500	0.008324	0.007626	0.003058	0.000509	537.802591	376.037073	-684320.771
105520	0.007955	0.007714	0.003081	0.000515	564.176540	390.698300	-684285.722
105540	0.008245	0.007341	0.003028	0.000525	526.444677	390.444552	-684130.421
105560	0.008028	0.007750	0.003116	0.000518	558.916323	369.559176	-684136.605
105580	0.008169	0.007694	0.002921	0.000514	558.512096	404.856971	-684265.874
105600	0.008383	0.007819	0.002991	0.000522	591.672897	410.647300	-684240.980
105620	0.008446	0.008017	0.002949	0.000515	612.495570	434.423321	-684188.583
105640	0.008131	0.008237	0.003007	0.000507	644.188009	400.866979	-684345.400
105660	0.008574	0.008202	0.002853	0.000502	672.513498	419.042657	-684150.570
105680	0.007864	0.009068	0.002937	0.000501	626.800013	409.260329	-684309.913
105700	0.008148	0.008387	0.002992	0.000508	664.635704	421.728811	-684266.691
105720	0.008071	0.008007	0.002928	0.000514	614.856552	434.715720	-684269.060
105740	0.007310	0.007877	0.002939	0.000536	595.723079	425.961344	-684203.497
105760	0.007924	0.007561	0.002979	0.000549	593.081781	416.594424	-684282.870
105780	0.008155	0.007917	0.002825	0.000568	640.395781	411.273309	-684476.054
105800	0.008110	0.007662	0.002913	0.000546	652.484848	437.652447	-684265.537
105820	0.008140	0.007411	0.002888	0.000530	731.757862	447.677485	-684224.431
105840	0.008273	0.007926	0.002912	0.000554	736.885733	455.565053	-684272.589
105860	0.007836	0.007386	0.002862	0.000526	739.242962	467.349427	-684200.358
105880	0.007460	0.007600	0.002984	0.000508	706.594101	433.148451	-684229.081
105900	0.007723	0.007676	0.002982	0.000512	715.832557	379.512316	-684235.818
105920	0.007829	0.007752	0.002859	0.000517	668.310345	356.931147	-684118.344
105940	0.008217	0.007774	0.002928	0.000527	656.071647	351.527817	-684390.201
105960	0.008844	0.007589	0.003036	0.000504	717.214427	406.260123	-684163.579
105980	0.008196	0.007596	0.003048	0.000482	719.487649	393.155035	-684249.712
106000	0.008580	0.007332	0.003039	0.000501	693.330799	359.380122	-684196.927
106020	0.008181	0.007854	0.002967	0.000509	689.236557	387.049039	-684212.906
106040	0.008283	0.007941	0.003108	0.000501	671.360643	399.768807	-684384.718
106060	0.007973	0.007492	0.003053	0.000496	618.002649	391.683544	-684219.545
106080	0.008768	0.007583	0.003037	0.000490	622.497423	427.046554	-684199.691
106100	0.008441	0.007897	0.003154	0.000496	648.123857	493.157007	-684235.132
106120	0.008646	0.008176	0.002938	0.000494	654.124079	472.077279	-684391.000
106140	0.008349	0.007738	0.002961	0.000480	647.779184	474.445497	-684304.650
106160	0.008819	0.008138	0.002976	0.000489	557.560210	399.098450	-684322.353
106180	0.008222	0.007885	0.002995	0.000481	539.397927	439.770687	-684300.144
106200	0.008814	0.008579	0.003063	0.000500	498.703013	458.820381	-684299.797
106220	0.008089	0.008203	0.003073	0.000494	519.263692	468.902954	-684295.029
106240	0.007947	0.008202	0.002981	0.000486	465.817673	436.813719	-684375.153
106260	0.008321	0.007995	0.002971	0.000496	472.964021	423.993270	-684334.846
106280	0.008256	0.008295	0.003021	0.000505	460.401597	406.278619	-684362.858
106300	0.008100	0.008506	0.003046	0.000490	479.363793	436.125862	-684449.788
106320	0.007981	0.008283	0.003106	0.000491	527.853282	461.156988	-684188.879
106340	0.008248	0.007890	0.003053	0.000473	520.049386	440.335276	-684281.495
106360	0.008704	0.008292	0.003091	0.000485	517.780923	416.394245	-684244.555
106380	0.008317	0.008217	0.002973	0.000478	492.731148	419.841633	-684216.194
106400	0.008064	0.008443	0.003020	0.000482	484.252701	398.072699	-684336.625
106420	0.007758	0.007978	0.003193	0.000459	494.994933	399.362531	-684144.826
106440	0.008247	0.008646	0.003060	0.000465	487.197928	373.598244	-684327.532
106460	0.007800	0.008729	0.003042	0.000467	515.244134	417.285166	-684224.017
106480	0.008169	0.009139	0.003124	0.000479	537.538098	417.418467	-684229.707
106500	0.008330	0.008866	0.003009	0.000470	442.236904	436.311866	-684211.716
106520	0.008915	0.008742	0.003151	0.000456	451.694656	427.230502	-684253.302
106540	0.008236	0.009168	0.003125	0.000445	464.670463	462.898770	-684307.076
106560	0.008555	0.008428	0.003145	0.000469	435.205349	463.459268	-684161.900
106580	0.008036	0.008391	0.003145	0.000471	411.177930	450.885408	-684224.942
106600	0.008406	0.007875	0.003013	0.000487	448.590053	390.145364	-684272.279
106620	0.008170	0.008537	0.003063	0.000491	400.507212	374.572989	-684271.059
106640	0.008382	0.007930	0.003014	0.000477	413.668208	429.086006	-684183.115
106660	0.008203	0.008171	0.003193	0.000483	408.021523	442.711466	-684285.898
106680	0.008742	0.008802	0.002959	0.000483	403.189637	501.402613	-684244.562
106700	0.007953	0.009122	0.002988	0.000496	379.911137	486.768463	-684429.667
106720	0.007709	0.008642	0.003066	0.000488	398.075312	457.712362	-684227.388
106740	0.007916	0.008263	0.003099	0.000490	377.841485	425.835411	-684415.306
106760	0.007871	0.008118	0.003031	0.000486	407.897482	406.866006	-684399.544
106780	0.008185	0.008031	0.003111	0.000488	435.805791	410.184840	-684284.066
106800	0.008506	0.008158	0.003148	0.000482	451.930069	387.066187	-684221.762
106820	0.008992	0.008779	0.003067	0.000484	397.926039	397.172981	-684287.888
106840	0.008222	0.008763	0.002953	0.000478	405.048150	447.238742	-684325.488
106860	0.008749	0.009024	0.003021	0.000491	412.555422	461.649697	-684284.884
106880	0.008257	0.008731	0.002978	0.000487	394.603282	427.549568	-684304.062
106900	0.008282	0.008779	0.003010	0.000494	401.829844	445.227002	-684396.358
106920	0.008120	0.008398	0.003061	0.000503	403.106447	439.122601	-684261.447
106940	0.007701	0.008584	0.003153	0.000492	409.267884	495.443977	-684220.505
106960	0.007774	0.008429	0.003153	0.000487	380.506898	511.756381	-684207.116
106980	0.008099	0.008365	0.002970	0.000516	363.214804	512.360835	-684393.721
107000	0.007615	0.008133	0.002867	0.000512	386.639317	535.585620	-684331.053
107020	0.007806	0.008633	0.002904	0.000526	355.499026	570.521705	-684404.054
107040	0.007829	0.008357	0.002898	0.000516	388.843199	576.114156	-684315.025
107060	0.007754	0.008490	0.002977	0.000524	414.162996	614.545692	-684273.610
107080	0.007853	0.008150	0.003029	0.000520	389.056753	611.841728	-684280.897
107100	0.007963	0.008597	0.002964	0.000507	422.957384	621.863177	-684389.869
107120	0.007938	0.008201	0.003036	0.000478	457.213128	643.810936	-684279.717
107140	0.008461	0.007963	0.003064	0.000497	445.641008	632.048854	-684289.211
107160	0.008097	0.008084	0.003036	0.000491	454.330632	604.916760	-684322.573
107180	0.008525	0.007992	0.002806	0.000493	447.767497	588.417825	-684424.947
107200	0.008665	0.008758	0.002970	0.000492	419.264159	570.069321	-684470.380
107220	0.008407	0.008105	0.002997	0.000497	472.885642	552.444980	-684253.254
107240	0.009162	0.008408	0.002925	0.000492	454.219818	551.611384	-684428.849
107260	0.008276	0.008330	0.002949	0.000492	491.114426	568.348867	-684382.015
107280	0.007885	0.008177	0.003060	0.000502	406.187744	518.883395	-684471.906
107300	0.007659	0.008995	0.002971	0.000504	461.219352	540.197813	-684245.446
107320	0.007218	0.008583	0.002889	0.000509	427.970998	555.990971	-684149.841
107340	0.007661	0.008397	0.002886	0.000514	410.295149	488.526742	-684396.851
107360	0.007652	0.008714	0.002845	0.000512	376.506897	457.910732	-684317.600
107380	0.007320	0.008773	0.003087	0.000521	377.627921	508.854202	-684321.700
107400	0.007052	0.008139	0.002945	0.000500	409.814826	608.975312	-684216.073
107420	0.007586	0.008916	0.003114	0.000510	420.317822	557.952655	-684274.081
107440	0.007299	0.008309	0.002935	0.000485	500.749302	554.512709	-684204.599
107460	0.007585	0.008427	0.003022	0.000498	517.178454	537.584856	-684108.567
107480	0.007820	0.008760	0.002843	0.000485	528.942616	532.598985	-684362.039
107500	0.008382	0.008641	0.002975	0.000498	473.276655	464.505576	-684452.470
107520	0.008242	0.008849	0.002988	0.000501	499.690486	436.573357	-684283.053
107540	0.007864	0.008053	0.003088	0.000474	462.303726	407.226887	-684231.767
107560	0.007931	0.008442	0.003062	0.000461	499.319469	357.565690	-684272.626
107580	0.008717	0.008281	0.003083	0.000471	457.741089	326.662234	-684198.885
107600	0.008325	0.008414	0.003028	0.000462	459.790206	370.394831	-684323.362
107620	0.008327	0.008853	0.003048	0.000481	422.019775	329.930976	-684308.620
107640	0.008205	0.008789	0.002981	0.000483	407.843750	281.300248	-684219.459
107660	0.007642	0.008268	0.003117	0.000449	412.903777	307.944255	-684326.132
107680	0.007978	0.008379	0.003055	0.000474	384.681433	305.158969	-684217.653
107700	0.007923	0.008686	0.003070	0.000467	445.905048	340.337791	-684167.607
107720	0.007886	0.008823	0.003120	0.000469	371.267406	332.088862	-684260.945
107740	0.008431	0.009349	0.002997	0.000479	402.941626	351.260423	-684397.087
107760	0.008481	0.009031	0.003006	0.000484	387.423310	381.134535	-684406.331
107780	0.008218	0.009562	0.002928	0.000486	370.527859	391.538992	-684330.854
107800	0.008491	0.009207	0.003063	0.000470	415.862499	307.277285	-684334.475
107820	0.008279	0.008979	0.003108	0.000479	419.943507	319.374347	-684242.069
107840	0.008587	0.008796	0.003006	0.000479	428.664876	298.651125	-684305.840
107860	0.008666	0.009004	0.003030	0.000497	455.620372	299.461856	-684314.311
107880	0.008176	0.008215	0.003016	0.000486	464.080392	331.205744	-684310.919
107900	0.008235	0.009057	0.002990	0.000503	472.384028	319.420344	-684279.311
107920	0.008249	0.008566	0.002972	0.000492	462.552073	385.578854	-684322.032
107940	0.008512	0.008210	0.002993	0.000483	486.374813	409.106893	-684296.095
107960	0.009209	0.008655	0.003030	0.000490	507.149903	394.675868	-684210.988
107980	0.008596	0.007977	0.003064	0.000465	570.139151	389.471158	-684198.382
108000	0.008308	0.008255	0.003033	0.000478	459.794663	399.229107	-684128.040
108020	0.008252	0.009088	0.002955	0.000474	498.868131	369.922900	-684148.496
108040	0.009028	0.008404	0.003004	0.000468	457.541115	335.064713	-684332.281
108060	0.009092	0.008544	0.003121	0.000484	413.004732	331.305550	-684356.305
108080	0.007966	0.009484	0.003079	0.000465	408.348202	375.521950	-684298.016
108100	0.008589	0.009441	0.003050	0.000462	436.263774	358.620812	-684308.431
108120	0.008044	0.009540	0.002974	0.000462	464.232596	377.745207	-684213.288
108140	0.007960	0.009478	0.003030	0.000479	465.850635	357.824506	-684225.022
108160	0.009108	0.008649	0.002977	0.000483	442.826654	322.436203	-684299.191
108180	0.008407	0.009335	0.002885	0.000475	483.948033	306.745173	-684393.992
108200	0.008429	0.009716	0.002859	0.000496	437.967397	321.652141	-684203.088
108220	0.007602	0.009076	0.002952	0.000501	482.500325	312.273556	-684489.109
108240	0.007295	0.008776	0.003074	0.000479	469.361983	364.425058	-684118.912
108260	0.008198	0.008349	0.003033	0.000492	478.568612	382.721845	-684230.626
108280	0.008141	0.008427	0.002928	0.000504	477.496619	338.673774	-684302.500
108300	0.008101	0.008598	0.003013	0.000484	491.944905	376.397363	-684501.190
108320	0.008463	0.008876	0.002988	0.000497	448.935012	353.326969	-684412.703
108340	0.008572	0.008438	0.003006	0.000481	503.874323	374.827949	-684369.254
108360	0.008620	0.008514	0.002976	0.000471	473.739993	390.231981	-684428.552
108380	0.008762	0.008948	0.002998	0.000462	527.585197	398.770850	-684476.840
108400	0.009042	0.009145	0.003110	0.000472	498.498391	387.472336	-684381.090
108420	0.008566	0.007964	0.002943	0.000473	514.452091	398.678449	-684253.338
108440	0.008393	0.008275	0.002943	0.000458	501.799051	464.416809	-684468.082
108460	0.009017	0.008489	0.002831	0.000484	506.752888	479.293553	-684375.759
108480	0.008827	0.008503	0.003046	0.000482	489.744645	470.050537	-684336.603
108500	0.008759	0.008286	0.002977	0.000487	499.456046	497.590405	-684320.839
108520	0.008061	0.008625	0.003044	0.000480	453.837234	487.104102	-684323.851
108540	0.008347	0.008744	0.003007	0.000490	431.849436	535.428836	-684298.789
108560	0.008274	0.008785	0.003073	0.000510	448.253670	474.791124	-684335.069
108580	0.008217	0.008436	0.002971	0.000482	462.096666	526.255417	-684267.386
108600	0.007623	0.008963	0.003034	0.000484	473.246239	495.650405	-684232.163
108620	0.007571	0.009817	0.002992	0.000489	442.122230	482.163077	-684356.656
108640	0.008083	0.008952	0.002961	0.000476	433.056711	533.327706	-684327.244
108660	0.008330	0.008303	0.003080	0.000476	406.223161	502.563419	-684289.063
108680	0.007940	0.008831	0.003061	0.000484	400.639481	530.111680	-684360.176
108700	0.007975	0.008585	0.002934	0.000494	347.328280	483.799745	-684407.557
108720	0.008020	0.008861	0.002814	0.000490	327.545127	531.729166	-684344.991
108740	0.008105	0.008923	0.002943	0.000482	318.162683	531.360521	-684372.084
108760	0.007554	0.008861	0.002925	0.000483	327.734275	579.460726	-684313.677
108780	0.007402	0.009217	0.002924	0.000483	355.658412	580.123021	-684432.498
108800	0.007349	0.009043	0.003067	0.000483	346.526171	548.344702	-684236.259
108820	0.007199	0.009096	0.002930	0.000477	381.601992	626.523341	-684315.852
108840	0.007697	0.009194	0.003032	0.000496	307.123525	578.985888	-684326.853
108860	0.008196	0.009112	0.002918	0.000505	340.692386	595.090173	-684385.241
108880	0.008116	0.008809	0.002982	0.000503	347.638221	559.653643	-684296.805
108900	0.007835	0.008725	0.002925	0.000499	366.092345	570.380846	-684289.382
108920	0.007870	0.008975	0.002972	0.000507	371.815279	608.494883	-684433.035
108940	0.007372	0.008642	0.002900	0.000490	389.623093	692.166006	-684286.590
108960	0.007798	0.009115	0.003034	0.000506	353.857603	620.959845	-684311.528
108980	0.007786	0.008891	0.003014	0.000508	355.651620	694.070533	-684292.734
109000	0.007703	0.009074	0.002846	0.000519	361.605678	653.375958	-684222.275
109020	0.007078	0.008900	0.002870	0.000507	346.710112	669.980687	-684337.397
109040	0.007784	0.008406	0.002909	0.000511	359.179495	675.682606	-684232.352
109060	0.007326	0.009166	0.003005	0.000512	373.368107	664.290965	-684205.278
109080	0.007589	0.008584	0.002960	0.000504	342.090313	618.281986	-684141.076
109100	0.007943	0.008413	0.002896	0.000492	304.476584	646.342825	-684274.371
109120	0.008321	0.008647	0.002945	0.000505	331.124894	680.199787	-684292.567
109140	0.007583	0.008747	0.003085	0.000505	341.839475	694.327333	-684255.192
109160	0.007360	0.008934	0.003043	0.000503	290.951530	672.499876	-684240.473
109180	0.007382	0.008818	0.002929	0.000501	305.742891	676.005607	-684258.998
109200	0.008313	0.008793	0.002963	0.000517	305.621087	672.988665	-684320.054
109220	0.007622	0.009207	0.002886	0.000526	332.062302	642.321464	-684287.358
109240	0.007794	0.008980	0.002864	0.000519	322.058903	638.172317	-684331.556
109260	0.007664	0.008974	0.003019	0.000515	302.585257	695.779769	-684354.597
109280	0.007856	0.008643	0.002903	0.000500	302.243016	670.359691	-684457.332
109300	0.007857	0.009151	0.002861	0.000520	302.188351	648.324620	-684416.250
109320	0.007330	0.008293	0.002945	0.000507	289.791320	744.412133	-684302.954
109340	0.007485	0.008913	0.002982	0.000510	292.905723	713.392924	-684370.403
109360	0.007214	0.008132	0.003087	0.000494	287.983002	757.326363	-684291.533
109380	0.007360	0.008689	0.002971	0.000500	288.007424	758.048780	-684205.628
109400	0.007105	0.008730	0.002929	0.000491	301.968703	876.731740	-684209.698
109420	0.007394	0.008910	0.002888	0.000509	300.205856	794.173423	-684312.616
109440	0.006947	0.008997	0.002957	0.000515	292.822994	801.100224	-684261.679
109460	0.006956	0.009073	0.002960	0.000533	265.528118	804.104259	-684229.258
109480	0.007796	0.008639	0.002952	0.000513	313.854109	809.461951	-684302.457
109500	0.007616	0.007987	0.003147	0.000497	283.699558	726.771996	-684232.116
109520	0.007478	0.008954	0.003015	0.000520	311.603372	651.781819	-684263.482
109540	0.007199	0.009252	0.002972	0.000515	279.946073	747.541557	-684454.460
109560	0.006924	0.009029	0.003020	0.000501	332.826611	719.295085	-684377.957
109580	0.007081	0.009055	0.002999	0.000515	324.633504	763.135041	-684197.918
109600	0.007273	0.008637	0.003123	0.000518	329.612558	785.937337	-684203.221
109620	0.006844	0.008512	0.002992	0.000517	360.882758	767.999148	-684259.211
109640	0.007078	0.008798	0.003090	0.000523	344.681661	721.227585	-684328.759
109660	0.007039	0.008797	0.002891	0.000522	318.775712	703.427161	-684226.766
109680	0.007366	0.008375	0.002958	0.000497	319.779221	695.545797	-684245.810
109700	0.007109	0.008247	0.003017	0.000492	321.574223	689.237932	-684162.197
109720	0.007204	0.008809	0.003023	0.000515	336.648658	683.551703	-684387.504
109740	0.006917	0.008701	0.003046	0.000504	329.026599	636.224061	-684281.043
109760	0.007810	0.008722	0.002987	0.000533	308.629184	618.019725	-684346.866
109780	0.008233	0.008513	0.002816	0.000522	354.343242	597.943601	-684389.281
109800	0.007681	0.009246	0.002956	0.000524	338.581342	574.712068	-684338.650
109820	0.008023	0.008458	0.002913	0.000511	351.348844	604.940226	-684364.217
109840	0.007590	0.008436	0.002965	0.000508	369.946099	601.329537	-684314.793
109860	0.007392	0.008519	0.002892	0.000506	361.330437	617.886052	-684279.555
109880	0.007873	0.008329	0.002965	0.000519	334.327370	674.517027	-684261.268
109900	0.007200	0.007577	0.002917	0.000511	355.438867	779.782240	-684340.393
109920	0.007491	0.008277	0.002846	0.000540	328.628192	718.340762	-684496.881
109940	0.007130	0.009042	0.002872	0.000543	363.731520	771.702772	-684361.774
109960	0.006576	0.008588	0.002841	0.000539	341.554300	773.587850	-684405.195
109980	0.006857	0.008722	0.002969	0.000551	351.498192	735.577042	-684305.346
110000	0.006683	0.008695	0.002854	0.000544	388.189710	743.233245	-684353.113
110020	0.006833	0.008268	0.002823	0.000546	408.874816	748.012973	-684271.977
110040	0.007021	0.007928	0.002919	0.000536	403.229522	770.916659	-684352.817
110060	0.007115	0.008222	0.002990	0.000550	385.122702	818.520220	-684306.959
110080	0.006652	0.008835	0.002881	0.000537	339.121584	792.358312	-684323.418
110100	0.007206	0.008158	0.002895	0.000564	374.820186	770.953537	-684414.515
110120	0.006734	0.008200	0.002889	0.000549	364.206700	794.089822	-684249.341
110140	0.006988	0.007861	0.002996	0.000542	371.474084	784.118408	-684264.831
110160	0.006899	0.008317	0.002950	0.000537	335.944670	780.800168	-684175.542
110180	0.007396	0.008357	0.002990	0.000523	380.475765	765.218341	-684277.474
110200	0.007347	0.008357	0.002968	0.000517	355.245165	758.635391	-684355.544
110220	0.007420	0.008222	0.003110	0.000515	369.003351	795.860507	-684206.636
110240	0.007533	0.008568	0.002965	0.000511	376.225107	785.220857	-684222.601
110260	0.007851	0.008540	0.002964	0.000522	374.518996	720.613720	-684486.775
110280	0.007822	0.008557	0.003026	0.000529	387.302001	700.665449	-684197.414
110300	0.007104	0.007955	0.002959	0.000501	375.727289	767.213583	-684163.167
110320	0.007980	0.008366	0.002956	0.000518	337.669135	714.184268	-684375.441
110340	0.007305	0.008447	0.002929	0.000512	329.076385	730.219450	-684246.938
110360	0.007792	0.009236	0.003021	0.000510	332.821791	773.621923	-684255.156
110380	0.007242	0.008935	0.003063	0.000486	330.128454	770.434410	-684294.630
110400	0.007387	0.009291	0.003010	0.000516	305.146983	712.663922	-684281.037
110420	0.006797	0.008592	0.003053	0.000497	286.591125	686.139111	-684309.525
110440	0.007573	0.009243	0.002858	0.000518	279.154049	676.661178	-684493.043
110460	0.007549	0.009123	0.002838	0.000526	250.659071	658.785001	-684340.315
110480	0.007328	0.008907	0.003059	0.000498	248.333506	761.758581	-684195.289
110500	0.007572	0.009324	0.002907	0.000510	267.498760	790.654533	-684272.635
110520	0.007463	0.009197	0.002912	0.000505	254.915947	811.669922	-684324.197
110540	0.006844	0.009232	0.002963	0.000508	271.764686	849.323666	-684376.843
110560	0.006803	0.009492	0.003104	0.000491	310.837502	883.695852	-684196.702
110580	0.007385	0.009306	0.002961	0.000516	288.272789	797.945619	-684373.804
110600	0.007050	0.009171	0.002969	0.000521	272.786967	807.000463	-684210.124
110620	0.007451	0.009393	0.002937	0.000509	313.385503	741.672421	-684198.690
110640	0.007290	0.008471	0.002986	0.000480	326.489401	747.323283	-684215.457
110660	0.007242	0.008857	0.002938	0.000496	311.853175	828.521386	-684313.014
110680	0.006990	0.009638	0.002871	0.000502	304.042303	795.429282	-684438.995
110700	0.007459	0.009090	0.002883	0.000516	301.637650	763.694209	-684328.409
110720	0.007930	0.009176	0.002977	0.000527	313.479368	776.932238	-684330.382
110740	0.007007	0.008910	0.002939	0.000523	299.280214	809.577257	-684376.500
110760	0.007378	0.008732	0.002968	0.000527	291.864617	775.695763	-684307.690
110780	0.007101	0.008791	0.002936	0.000492	304.241768	893.216685	-684327.968
110800	0.006976	0.008632	0.002943	0.000506	271.956063	902.014602	-684146.909
110820	0.007273	0.008536	0.002910	0.000484	280.091609	849.460430	-684205.946
110840	0.007726	0.008765	0.003071	0.000506	315.409594	794.300281	-684331.585
110860	0.007467	0.008590	0.003007	0.000498	278.089823	813.367799	-684264.329
110880	0.007679	0.008852	0.003050	0.000511	305.237401	755.004152	-684337.285
110900	0.007581	0.008529	0.002944	0.000494	282.582202	734.038098	-684489.629
110920	0.007945	0.008783	0.002943	0.000529	267.480143	762.881849	-684381.621
110940	0.007421	0.008613	0.002912	0.000516	306.180044	764.596716	-684516.086
110960	0.007283	0.008493	0.003085	0.000513	290.206359	723.587020	-684386.712
110980	0.007797	0.008581	0.002921	0.000513	342.080369	681.816846	-684259.855
111000	0.008007	0.008436	0.003089	0.000499	380.433341	721.566784	-684274.442
111020	0.007297	0.008904	0.003107	0.000491	412.410749	789.240415	-684222.710
111040	0.007394	0.009120	0.002935	0.000495	373.741591	794.735413	-684340.137
111060	0.007426	0.008964	0.002964	0.000501	410.414462	715.828560	-684405.894
111080	0.007080	0.009203	0.003014	0.000509	369.092001	716.558896	-684330.660
111100	0.007578	0.009171	0.002897	0.000507	348.860392	718.454626	-684222.035
111120	0.007160	0.009332	0.002910	0.000507	371.739178	753.227571	-684328.202
111140	0.007574	0.008902	0.002938	0.000516	409.916821	851.924782	-684179.669
111160	0.007064	0.008610	0.002944	0.000520	424.802517	834.343578	-684323.170
111180	0.007193	0.008418	0.002959	0.000516	435.267929	824.163272	-684156.672
111200	0.007459	0.008393	0.003136	0.000550	372.186993	789.600912	-684272.479
111220	0.007189	0.008013	0.003003	0.000524	388.695354	782.798120	-684129.310
111240	0.007503	0.008248	0.002878	0.000533	414.995788	760.911182	-684405.351
111260	0.006878	0.008465	0.002917	0.000497	365.989390	810.120637	-684175.231
111280	0.007390	0.009335	0.002989	0.000541	348.090822	720.010348	-684262.465
111300	0.007245	0.008596	0.002998	0.000528	427.042822	647.067199	-684292.788
111320	0.007224	0.008179	0.002947	0.000520	470.945335	663.720029	-684354.984
111340	0.007626	0.008539	0.002892	0.000497	444.270737	634.823797	-684390.278
111360	0.007560	0.008679	0.003016	0.000495	427.393266	691.077254	-684377.513
111380	0.007435	0.008839	0.003028	0.000490	403.296431	699.674427	-684250.348
111400	0.007164	0.009504	0.002995	0.000499	376.030798	705.779522	-684331.299
111420	0.006798	0.008905	0.003028	0.000514	352.627528	677.511387	-684243.579
111440	0.007252	0.009028	0.002935	0.000522	334.601069	696.224077	-684269.022
111460	0.007521	0.008434	0.002996	0.000500	333.126854	694.596490	-684383.786
111480	0.007701	0.008940	0.003062	0.000494	350.648083	691.756876	-684287.014
111500	0.007794	0.008675	0.003098	0.000487	347.540057	692.679945	-684356.943
111520	0.007297	0.008564	0.003116	0.000495	308.838555	652.644544	-684240.706
111540	0.007460	0.008983	0.002882	0.000508	309.089754	688.132852	-684363.554
111560	0.007504	0.008985	0.003163	0.000530	312.612574	701.106323	-684349.702
111580	0.006900	0.008747	0.002977	0.000512	344.379693	702.730506	-684142.737
111600	0.007047	0.009049	0.002965	0.000523	350.482077	665.526073	-684314.707
111620	0.006976	0.009568	0.002961	0.000519	349.563237	626.106382	-684198.092
111640	0.007549	0.008941	0.002876	0.000524	354.743879	672.466076	-684331.281
111660	0.007341	0.008972	0.002989	0.000531	364.662540	662.769609	-684353.737
111680	0.007333	0.008887	0.002980	0.000532	379.812890	616.784777	-684296.123
111700	0.007692	0.008645	0.002942	0.000532	365.386023	623.460902	-684361.180
111720	0.006698	0.008463	0.003014	0.000525	333.203184	670.117900	-684263.588
111740	0.006892	0.008638	0.003025	0.000515	335.235038	708.404170	-684231.089
111760	0.006704	0.009117	0.002877	0.000514	285.653256	744.503562	-684323.398
111780	0.006725	0.009147	0.002836	0.000510	286.151580	821.737458	-684143.481
111800	0.007207	0.008999	0.002961	0.000511	297.006517	728.211731	-684217.990
111820	0.007407	0.008672	0.002995	0.000500	350.106155	742.803822	-684240.941
111840	0.007838	0.008960	0.002999	0.000505	319.920375	728.941394	-684305.601
111860	0.007076	0.009052	0.002904	0.000504	343.881438	725.309047	-684348.762
111880	0.007415	0.009422	0.003053	0.000493	369.037144	715.450275	-684347.895
111900	0.007404	0.009145	0.002931	0.000506	362.497285	648.497762	-684371.640
111920	0.007220	0.009403	0.002997	0.000501	338.895986	602.969146	-684315.121
111940	0.006998	0.009283	0.003025	0.000510	360.862434	634.010158	-684199.184
111960	0.006984	0.009033	0.002982	0.000499	351.206755	710.059390	-684381.424
111980	0.007273	0.009089	0.003066	0.000493	361.273545	717.989475	-684294.337
112000	0.007219	0.009321	0.002951	0.000500	338.258297	672.527883	-684296.284
112020	0.007498	0.008622	0.002894	0.000516	317.738794	656.302931	-684302.550
112040	0.007751	0.009070	0.002945	0.000521	294.685904	680.034024	-684295.866
112060	0.007077	0.009203	0.003107	0.000501	306.707725	759.191452	-684239.271
112080	0.007427	0.009703	0.002971	0.000510	303.053063	711.328465	-684336.616
112100	0.007328	0.009276	0.003025	0.000498	331.278684	756.339520	-684341.463
112120	0.007485	0.009373	0.003017	0.000507	334.073495	818.479817	-684456.553
112140	0.007913	0.009410	0.002980	0.000494	378.612841	828.150877	-684409.232
112160	0.007502	0.008870	0.002982	0.000480	334.788431	815.218202	-684193.379
112180	0.008148	0.009172	0.002929	0.000498	339.093570	791.929233	-684344.427
112200	0.007466	0.009156	0.003047	0.000486	292.149835	812.627830	-684212.235
112220	0.007567	0.008175	0.003204	0.000487	296.337652	755.619066	-684218.757
112240	0.007592	0.008285	0.002975	0.000499	263.724112	696.040106	-684253.971
112260	0.007120	0.008120	0.003127	0.000491	291.943441	682.039797	-684126.534
112280	0.006778	0.008536	0.002985	0.000495	317.497942	697.601170	-684373.850
112300	0.007031	0.008837	0.002986	0.000492	276.985023	763.025277	-684305.695
112320	0.007760	0.009254	0.002932	0.000532	246.739488	735.150395	-684329.945
112340	0.007068	0.008603	0.003031	0.000513	293.594237	724.276142	-684425.921
112360	0.007906	0.009180	0.002896	0.000512	269.329368	747.134069	-684312.866
112380	0.007333	0.008882	0.003004	0.000502	330.463554	787.194949	-684246.619
112400	0.007758	0.008739	0.002941	0.000510	338.941941	775.980026	-684393.520
112420	0.007460	0.009414	0.002995	0.000487	329.183221	803.911916	-684340.447
112440	0.007442	0.009481	0.003008	0.000479	276.310370	778.933008	-684367.411
112460	0.007332	0.009343	0.003038	0.000498	266.174959	764.062813	-684296.370
112480	0.007344	0.009245	0.003028	0.000488	286.194364	812.308332	-684284.983
112500	0.007728	0.008250	0.002989	0.000483	307.372538	819.649868	-684130.431
112520	0.007722	0.008725	0.003017	0.000508	259.665979	903.150173	-684169.234
112540	0.007207	0.008112	0.002931	0.000530	307.002059	855.910627	-684279.361
112560	0.007158	0.007674	0.002945	0.000519	303.560091	840.795852	-684300.003
112580	0.007274	0.008663	0.002819	0.000536	273.566322	784.310043	-684386.903
112600	0.007122	0.008740	0.002896	0.000536	263.013044	782.274009	-684253.136
112620	0.007445	0.008938	0.002871	0.000533	239.861672	815.636424	-684364.615
112640	0.007739	0.009302	0.002928	0.000532	272.032429	867.937315	-684311.508
112660	0.007150	0.008580	0.002847	0.000507	280.006124	955.750606	-684297.762
112680	0.007539	0.009296	0.002891	0.000516	293.162421	879.271755	-684336.902
112700	0.006909	0.008934	0.003042	0.000511	293.005409	887.820244	-684246.509
112720	0.007126	0.009472	0.003062	0.000516	276.025098	902.369382	-684279.413
112740	0.006784	0.009185	0.003009	0.000501	284.559902	829.181308	-684307.459
112760	0.006910	0.009504	0.002869	0.000537	268.966126	826.393438	-684470.549
112780	0.006969	0.009438	0.002964	0.000519	268.168535	821.987761	-684288.860
112800	0.006955	0.009382	0.002895	0.000506	271.639795	875.246945	-684332.128
112820	0.007044	0.009768	0.002927	0.000502	302.356273	851.903059	-684290.834
112840	0.007024	0.009060	0.002995	0.000503	321.383589	875.242814	-684135.959
112860	0.007329	0.008993	0.003054	0.000493	291.642936	810.729755	-684331.822
112880	0.007222	0.008709	0.003009	0.000498	272.460771	819.532365	-684337.891
112900	0.007351	0.008418	0.002994	0.000503	269.702046	823.585680	-684229.702
112920	0.007921	0.008249	0.003086	0.000512	232.637825	756.495929	-684276.647
112940	0.007654	0.008374	0.003055	0.000499	250.616956	796.168423	-684387.507
112960	0.008214	0.008577	0.002957	0.000506	228.531934	757.510328	-684346.920
112980	0.008054	0.008418	0.003009	0.000482	265.148672	859.417010	-684220.363
113000	0.007824	0.008302	0.003073	0.000492	254.114387	840.580898	-684348.732
113020	0.007252	0.008569	0.002991	0.000496	250.087956	855.106728	-684198.496
113040	0.006946	0.008915	0.002907	0.000505	245.373640	841.154272	-684179.991
113060	0.006571	0.008911	0.003078	0.000504	246.875794	859.650146	-684359.126
113080	0.006822	0.008571	0.003130	0.000516	233.682733	799.832228	-684116.748
113100	0.006706	0.009065	0.002988	0.000528	247.865031	777.243806	-684317.652
113120	0.007276	0.008239	0.003025	0.000524	244.468895	793.306818	-684208.270
113140	0.007353	0.008995	0.003072	0.000517	222.607169	792.168208	-684136.628
113160	0.007444	0.009626	0.002937	0.000539	208.140339	857.245244	-684275.741
113180	0.007240	0.008729	0.002870	0.000511	215.968231	894.806139	-684273.485
113200	0.007301	0.008480	0.003023	0.000518	243.411899	829.715923	-684347.850
113220	0.007310	0.009652	0.002934	0.000531	231.810599	841.247565	-684333.536
113240	0.006891	0.009295	0.002978	0.000506	248.325689	937.177462	-684166.612
113260	0.006528	0.009005	0.003060	0.000500	215.051707	916.918551	-684214.718
113280	0.007237	0.009404	0.002985	0.000509	220.976690	841.262891	-684347.539
113300	0.006917	0.009308	0.003188	0.000495	199.858327	800.736378	-684206.396
113320	0.007350	0.009515	0.002983	0.000502	232.015915	751.250989	-684364.883
113340	0.006928	0.009084	0.002935	0.000484	249.579151	785.404701	-684330.930
113360	0.006728	0.008935	0.002921	0.000499	215.426644	744.553474	-684253.708
113380	0.006769	0.008369	0.003166	0.000481	193.867277	765.505828	-684171.618
113400	0.007535	0.008844	0.002965	0.000516	185.577472	719.113154	-684308.276
113420	0.007561	0.009058	0.002966	0.000520	173.711599	823.630318	-684249.468
113440	0.007112	0.008671	0.003055	0.000508	155.589104	764.560318	-684317.558
113460	0.007648	0.008854	0.002995	0.000510	139.086155	760.870962	-684230.781
113480	0.007352	0.009250	0.003017	0.000497	151.592437	820.459984	-684366.599
113500	0.007957	0.009381	0.003127	0.000498	129.743048	799.822326	-684348.830
113520	0.006779	0.008859	0.002978	0.000489	152.874228	842.955334	-684337.637
113540	0.006657	0.009285	0.003083	0.000489	151.718212	839.545680	-684255.208
113560	0.007046	0.009636	0.002942	0.000493	136.192971	880.225618	-684305.811
113580	0.006696	0.009910	0.002992	0.000510	129.822431	899.604268	-684267.891
113600	0.006844	0.009666	0.002885	0.000499	149.435328	908.137777	-684264.924
113620	0.006777	0.009351	0.002851	0.000497	136.758678	887.946645	-684258.824
113640	0.007315	0.008972	0.002958	0.000505	133.024754	870.815016	-684300.076
113660	0.007130	0.009117	0.002977	0.000485	166.715813	889.943203	-684290.370
113680	0.007276	0.009639	0.003007	0.000492	151.785105	865.684633	-684390.004
113700	0.007227	0.009237	0.003029	0.000494	134.380672	852.406938	-684339.996
113720	0.006790	0.009255	0.003025	0.000499	128.393733	836.866847	-684337.020
113740	0.007924	0.009500	0.003006	0.000497	127.673779	810.282824	-684407.423
113760	0.007585	0.010662	0.002911	0.000503	152.100336	752.162363	-684379.970
113780	0.007604	0.010101	0.002904	0.000491	168.462601	845.715674	-684391.138
113800	0.007276	0.009466	0.003116	0.000484	175.518849	811.989750	-684168.802
113820	0.008097	0.009880	0.002953	0.000487	151.083883	799.364896	-684321.403
113840	0.007700	0.010340	0.003003	0.000486	140.157624	758.321580	-684368.245
113860	0.007719	0.009838	0.003042	0.000485	153.383039	794.516535	-684355.940
113880	0.007587	0.010263	0.002995	0.000482	115.080247	807.028147	-684339.102
113900	0.007255	0.010003	0.003031	0.000466	101.168169	800.652575	-684450.558
113920	0.006977	0.009534	0.003078	0.000474	107.042908	792.727444	-684295.664
113940	0.007247	0.009032	0.003118	0.000466	128.658036	915.963883	-684223.619
113960	0.007238	0.010179	0.003124	0.000471	119.245438	854.800299	-684260.450
113980	0.007840	0.009760	0.003041	0.000458	127.930644	878.135990	-684384.558
114000	0.008567	0.010142	0.002867	0.000496	126.087414	815.253386	-684484.484
114020	0.007669	0.009217	0.002893	0.000494	146.600507	785.995721	-684351.281
114040	0.007504	0.009310	0.002947	0.000483	148.803431	772.427591	-684369.510
114060	0.007244	0.009311	0.002939	0.000495	159.734748	716.317283	-684339.769
114080	0.008290	0.009710	0.002934	0.000501	156.542990	817.312653	-684214.196
114100	0.007656	0.009539	0.003035	0.000478	171.897219	813.236516	-684275.574
114120	0.007410	0.009692	0.003044	0.000465	166.152683	858.819310	-684249.910
114140	0.006988	0.010257	0.003037	0.000468	147.090506	890.125125	-684254.957
114160	0.007113	0.009983	0.003101	0.000487	148.095215	850.819535	-684307.223
114180	0.007334	0.009747	0.002974	0.000468	150.273938	875.078981	-684283.416
114200	0.007308	0.009751	0.003013	0.000469	165.283497	916.649303	-684395.725
114220	0.007212	0.009857	0.003055	0.000485	157.732800	964.420523	-684247.074
114240	0.007124	0.009379	0.003052	0.000489	163.318152	963.534130	-684194.139
114260	0.007128	0.009301	0.003171	0.000494	166.037068	912.516050	-684279.044
114280	0.006600	0.009167	0.003030	0.000477	145.484862	1001.284111	-684156.480
114300	0.007001	0.009933	0.003100	0.000479	144.286275	1035.693326	-684288.996
114320	0.007219	0.009639	0.003003	0.000484	175.391499	952.233040	-684370.112
114340	0.006801	0.009480	0.002980	0.000487	190.670910	1014.995723	-684388.777
114360	0.006909	0.009812	0.002872	0.000495	218.349231	983.448261	-684397.389
114380	0.007092	0.009418	0.002965	0.000488	230.568062	1005.877650	-684254.660
114400	0.007308	0.009930	0.002938	0.000487	208.546775	937.688207	-684324.598
114420	0.007299	0.009821	0.002961	0.000489	179.315487	941.199400	-684393.076
114440	0.007735	0.010208	0.002905	0.000489	173.737929	911.550361	-684415.290
114460	0.007921	0.009432	0.003095	0.000500	171.890501	871.790905	-684248.940
114480	0.007466	0.009939	0.002890	0.000502	168.218360	973.864048	-684360.759
114500	0.007650	0.010316	0.002923	0.000508	160.984204	864.887434	-684273.237
114520	0.007237	0.009836	0.002990	0.000487	190.146089	884.440209	-684265.644
114540	0.006802	0.009575	0.002905	0.000482	174.743266	889.651289	-684143.514
114560	0.007287	0.009628	0.003060	0.000476	162.565573	871.636784	-684229.834
114580	0.007445	0.010911	0.002942	0.000472	161.384072	848.267058	-684315.940
114600	0.007573	0.011082	0.003021	0.000489	139.293382	873.026066	-684393.937
114620	0.007094	0.010653	0.003161	0.000477	119.481912	921.497092	-684242.310
114640	0.006898	0.010553	0.003050	0.000478	139.887042	995.720371	-684335.180
114660	0.007458	0.009968	0.003094	0.000481	136.730576	923.530790	-684226.927
114680	0.007153	0.009741	0.002954	0.000488	138.004120	887.139263	-684267.327
114700	0.007637	0.009093	0.002899	0.000503	131.321865	831.100201	-684251.620
114720	0.007193	0.009122	0.003018	0.000499	128.998906	892.199851	-684266.208
114740	0.007211	0.009433	0.003060	0.000497	100.853115	835.651231	-684326.396
114760	0.007589	0.009691	0.002963	0.000503	92.110071	806.856058	-684376.044
114780	0.007558	0.010151	0.002995	0.000515	80.121260	778.213373	-684383.087
114800	0.006565	0.009487	0.002953	0.000471	85.015751	741.607867	-684395.751
114820	0.006991	0.009506	0.002979	0.000493	106.245717	736.632928	-684245.665
114840	0.007656	0.009479	0.003104	0.000486	93.083698	799.472810	-684321.593
114860	0.007440	0.010294	0.003103	0.000483	101.125335	819.740134	-684306.140
114880	0.007014	0.009399	0.002960	0.000452	107.407084	934.348347	-684311.712
114900	0.007047	0.009750	0.002954	0.000479	102.998082	812.237698	-684266.976
114920	0.007119	0.009363	0.002963	0.000488	106.069119	784.267919	-684196.451
114940	0.006361	0.009569	0.003090	0.000483	119.255178	791.179465	-684201.168
114960	0.006980	0.009432	0.003059	0.000499	133.877702	817.802505	-684188.246
114980	0.007514	0.009393	0.002842	0.000493	135.583480	755.460697	-684305.617
115000	0.006926	0.009438	0.002909	0.000487	127.855021	793.257318	-684162.525
115020	0.007729	0.009337	0.002931	0.000493	165.586720	862.992809	-684349.345
115040	0.007401	0.009388	0.002983	0.000490	171.185922	852.704361	-684273.320
115060	0.007491	0.008932	0.003019	0.000491	171.268897	783.375085	-684273.308
115080	0.007951	0.009499	0.002863	0.000530	163.871255	750.645174	-684300.849
115100	0.007142	0.009554	0.002912	0.000532	162.335040	761.112231	-684360.622
115120	0.007108	0.009542	0.002907	0.000542	163.324137	860.689671	-684302.394
115140	0.007135	0.009028	0.002919	0.000534	171.386345	887.788024	-684345.555
115160	0.007212	0.009118	0.002974	0.000520	207.763246	938.506310	-684215.411
115180	0.007045	0.008811	0.003001	0.000515	208.978007	878.744439	-684277.691
115200	0.007661	0.008997	0.002920	0.000519	197.848157	807.683916	-684351.938
115220	0.007343	0.008755	0.002983	0.000520	175.485853	874.296181	-684258.208
115240	0.007228	0.008243	0.003066	0.000522	201.999010	878.454941	-684316.365
115260	0.007206	0.008147	0.002992	0.000509	211.477079	829.347806	-684280.873
115280	0.006854	0.008135	0.003054	0.000508	183.213331	841.366853	-684233.228
115300	0.007223	0.008795	0.002935	0.000536	167.956075	866.347582	-684241.565
115320	0.007642	0.009239	0.002867	0.000546	177.322212	877.948691	-684473.356
115340	0.006568	0.009044	0.002976	0.000525	191.026769	870.706548	-684219.285
115360	0.006691	0.008725	0.003002	0.000514	215.589366	889.255904	-684278.666
115380	0.006928	0.008911	0.002997	0.000505	229.018112	920.444106	-684325.101
115400	0.006450	0.008722	0.003048	0.000500	239.257434	897.455175	-684296.390
115420	0.007141	0.008739	0.002967	0.000509	253.325329	984.829417	-684226.340
115440	0.007024	0.009109	0.002971	0.000504	276.901557	951.929366	-684466.298
115460	0.006890	0.009089	0.002914	0.000523	220.587492	982.557751	-684289.893
115480	0.006910	0.008979	0.002917	0.000531	220.181658	877.909732	-684245.320
115500	0.006798	0.009125	0.002979	0.000524	236.559765	931.585398	-684272.774
115520	0.006380	0.008452	0.002970	0.000515	236.487969	994.170364	-684298.753
115540	0.006927	0.008902	0.002985	0.000543	221.083650	1010.279672	-684274.784
115560	0.007424	0.008255	0.003001	0.000537	218.636559	971.489328	-684307.309
115580	0.007061	0.008027	0.002821	0.000524	178.018720	990.912679	-684336.240
115600	0.007274	0.008923	0.002865	0.000547	185.943987	964.328580	-684229.028
115620	0.006752	0.008939	0.002827	0.000524	230.813206	984.199589	-684308.210
115640	0.007160	0.008915	0.002975	0.000510	196.539044	944.589938	-684418.175
115660	0.007411	0.009278	0.002949	0.000508	213.170830	961.444252	-684439.458
115680	0.007057	0.009107	0.003055	0.000507	217.434600	998.759530	-684161.042
115700	0.006686	0.008869	0.002984	0.000501	212.151052	960.530455	-684195.714
115720	0.006873	0.008995	0.002970	0.000506	216.189679	933.224382	-684355.012
115740	0.006798	0.008763	0.003040	0.000506	207.167466	988.382038	-684320.699
115760	0.006920	0.009125	0.002973	0.000517	180.680360	916.490743	-684371.280
115780	0.007611	0.008896	0.003022	0.000514	168.188968	948.736214	-684255.570
115800	0.006857	0.008370	0.002974	0.000507	170.105292	912.679840	-684273.148
115820	0.007612	0.009682	0.002869	0.000544	182.137327	792.820036	-684302.117
115840	0.007466	0.009503	0.002876	0.000543	194.556999	774.803011	-684411.980
115860	0.007124	0.009943	0.002905	0.000514	180.945934	838.113488	-684323.177
115880	0.006881	0.009800	0.003012	0.000518	169.123592	831.969561	-684458.386
115900	0.007199	0.009697	0.002925	0.000488	170.626468	843.820586	-684412.463
115920	0.007107	0.009437	0.003011	0.000490	180.609781	852.339932	-684284.216
115940	0.006992	0.009448	0.003042	0.000481	201.304779	845.596602	-684333.350
115960	0.006564	0.009996	0.002954	0.000505	184.119573	826.203614	-684392.604
115980	0.006629	0.009551	0.003036	0.000498	164.321227	805.272212	-684262.772
116000	0.006627	0.010256	0.003000	0.000493	164.680979	840.893351	-684380.314
116020	0.006654	0.009832	0.002984	0.000487	178.897944	804.813141	-684262.619
116040	0.006451	0.009518	0.003050	0.000475	228.083762	865.420457	-684307.772
116060	0.006802	0.009576	0.003042	0.000505	176.838123	772.154329	-684272.634
116080	0.007032	0.009814	0.002985	0.000504	168.684159	800.017179	-684197.424
116100	0.006941	0.009196	0.002991	0.000498	184.055803	851.308833	-684370.927
116120	0.007460	0.009655	0.002920	0.000507	160.513294	844.453661	-684349.818
116140	0.007237	0.009704	0.003084	0.000492	134.191800	847.201697	-684239.856
116160	0.007096	0.009319	0.003077	0.000454	159.601044	837.397449	-684264.273
116180	0.007384	0.009677	0.002990	0.000474	139.342777	784.568900	-684251.451
116200	0.007786	0.009990	0.003009	0.000466	145.826024	812.498418	-684186.149
116220	0.007911	0.010053	0.002914	0.000464	138.649063	874.542925	-684258.710
116240	0.007542	0.009625	0.003147	0.000478	116.083066	832.652422	-684277.295
116260	0.007852	0.009278	0.003096	0.000471	133.739986	807.418914	-684215.975
116280	0.007420	0.009262	0.003042	0.000457	135.019140	790.409350	-684424.443
116300	0.007152	0.009953	0.003186	0.000471	144.995957	757.231697	-684329.476
116320	0.007850	0.009730	0.002935	0.000499	138.163713	815.461103	-684319.144
116340	0.007514	0.009264	0.002995	0.000498	139.821447	862.767229	-684326.787
116360	0.007291	0.009644	0.002890	0.000502	155.142665	796.329937	-684287.058
116380	0.007712	0.008954	0.003074	0.000482	153.790622	945.122944	-684420.085
116400	0.006757	0.009478	0.002952	0.000497	177.198948	936.869427	-684319.078
116420	0.007000	0.008919	0.003029	0.000498	161.068032	900.647993	-684195.680
116440	0.006919	0.008706	0.003026	0.000483	194.768197	853.628272	-684199.201
116460	0.006997	0.009199	0.003047	0.000490	223.752799	791.386400	-684311.750
116480	0.006850	0.009520	0.002979	0.000509	206.862125	805.126276	-684318.625
116500	0.006993	0.009410	0.002925	0.000505	201.914313	791.435189	-684309.733
116520	0.007087	0.009092	0.003004	0.000499	194.544654	855.733949	-684302.010
116540	0.006532	0.008731	0.003050	0.000480	199.263848	814.098566	-684145.344
116560	0.007108	0.009266	0.002947	0.000487	185.519878	828.325738	-684287.969
116580	0.006865	0.009453	0.002994	0.000495	188.637595	769.308656	-684181.432
116600	0.007045	0.009207	0.002941	0.000497	218.519753	731.389039	-684294.207
116620	0.007185	0.008610	0.003046	0.000489	235.340724	715.012055	-684305.994
116640	0.007646	0.008936	0.003139	0.000502	221.183206	676.074145	-684177.569
116660	0.007408	0.009030	0.003081	0.000495	234.053934	739.378636	-684353.473
116680	0.006944	0.009158	0.002907	0.000489	238.763196	767.136910	-684261.690
116700	0.007714	0.009077	0.002985	0.000489	265.871242	780.644032	-684266.418
116720	0.007279	0.008313	0.002977	0.000463	276.949776	782.242623	-684221.963
116740	0.007302	0.008879	0.002956	0.000495	248.183174	695.684204	-684232.781
116760	0.007515	0.009102	0.003062	0.000487	234.509420	733.589256	-684282.957
116780	0.007770	0.008594	0.003062	0.000481	260.913001	669.870523	-684263.512
116800	0.008223	0.008183	0.003040	0.000473	210.443730	692.108395	-684351.303
116820	0.008126	0.009000	0.003131	0.000485	205.103379	653.506653	-684230.993
116840	0.008457	0.008716	0.002919	0.000483	203.037920	626.561042	-684364.360
116860	0.007795	0.009456	0.003013	0.000487	215.909726	610.850145	-684276.415
116880	0.008555	0.009410	0.003007	0.000479	236.748600	646.074834	-684316.889
116900	0.007786	0.008964	0.002969	0.000475	244.735432	604.448780	-684307.947
116920	0.007787	0.009113	0.002989	0.000475	226.569049	598.601957	-684145.637
116940	0.007820	0.009170	0.003090	0.000493	228.988685	559.571208	-684284.979
116960	0.007803	0.008712	0.003067	0.000491	220.089500	588.497415	-684273.486
116980	0.008026	0.008588	0.002965	0.000493	251.321668	645.092465	-684240.392
117000	0.008004	0.008673	0.002831	0.000507	227.185800	661.096770	-684247.449
117020	0.008144	0.008109	0.002991	0.000490	273.731215	682.995336	-684166.967
117040	0.007932	0.008719	0.002901	0.000503	300.497318	674.917583	-684345.346
117060	0.007368	0.009024	0.002968	0.000517	282.003275	642.127086	-684366.049
117080	0.007265	0.009164	0.002962	0.000514	258.495565	650.356825	-684242.412
117100	0.007138	0.009127	0.002868	0.000512	255.642972	670.249126	-684432.041
117120	0.007464	0.009772	0.002959	0.000516	229.348385	667.025555	-684367.448
117140	0.007448	0.009394	0.003006	0.000504	243.575288	646.738425	-684304.261
117160	0.008062	0.009076	0.002853	0.000515	266.938112	616.290440	-684485.316
117180	0.007415	0.008895	0.002941	0.000504	280.084435	627.919672	-684249.674
117200	0.007234	0.008921	0.002953	0.000504	289.487981	675.392482	-684287.920
117220	0.007021	0.008773	0.002958	0.000498	248.980536	629.085078	-684218.497
117240	0.006944	0.008954	0.003069	0.000502	255.773406	608.454090	-684183.247
117260	0.007129	0.008596	0.003073	0.000503	259.599700	579.953528	-684231.490
117280	0.007110	0.009389	0.002971	0.000493	269.147899	569.467186	-684135.072
117300	0.006881	0.009337	0.003181	0.000498	233.446795	546.412681	-684166.233
117320	0.007326	0.008329	0.003177	0.000470	254.105244	567.929568	-684184.811
117340	0.007642	0.009161	0.003018	0.000469	282.869915	522.953212	-684289.234
117360	0.007799	0.008874	0.003035	0.000468	303.745981	575.778817	-684207.359
117380	0.007777	0.009192	0.002973	0.000461	284.837226	642.712972	-684318.422
117400	0.007595	0.008635	0.003086	0.000456	281.818481	634.676697	-684152.553
117420	0.007706	0.008725	0.003063	0.000444	294.454228	645.961812	-684296.716
117440	0.007925	0.008773	0.003067	0.000449	295.158248	593.490746	-684230.581
117460	0.008336	0.009247	0.002993	0.000469	313.489543	543.834488	-684275.802
117480	0.008108	0.009443	0.003166	0.000457	326.904868	529.129932	-684292.374
117500	0.008144	0.009543	0.003114	0.000450	312.481120	516.071806	-684269.124
117520	0.008557	0.009200	0.003008	0.000442	309.778935	563.233068	-684227.408
117540	0.008397	0.010000	0.003107	0.000467	283.674352	552.930945	-684273.733
117560	0.008556	0.009338	0.003042	0.000472	295.115039	524.263458	-684293.341
117580	0.008664	0.009291	0.003022	0.000493	281.028121	532.176188	-684404.807
117600	0.008759	0.008413	0.002938	0.000482	327.497149	538.583042	-684187.562
117620	0.008667	0.008495	0.003036	0.000494	270.894714	536.392862	-684236.538
117640	0.007858	0.008313	0.003124	0.000468	306.264197	559.076753	-684255.293
117660	0.007731	0.008920	0.003173	0.000470	271.296395	529.269274	-684261.611
117680	0.007669	0.009553	0.002992	0.000493	249.300488	544.535130	-684345.754
117700	0.007853	0.010038	0.002898	0.000516	249.469126	576.219019	-684435.835
117720	0.007821	0.009678	0.002903	0.000496	221.541410	655.134814	-684253.810
117740	0.007830	0.009020	0.002916	0.000483	256.440619	648.742881	-684369.566
117760	0.008050	0.009138	0.002926	0.000485	227.155409	579.531766	-684388.810
117780	0.007932	0.008906	0.003024	0.000482	219.203474	643.077765	-684243.609
117800	0.007322	0.009079	0.003107	0.000488	233.521889	607.272975	-684226.170
117820	0.007810	0.009189	0.002979	0.000511	227.713242	567.240328	-684291.754
117840	0.007176	0.008895	0.002991	0.000490	229.786178	633.363822	-684209.021
117860	0.007789	0.008983	0.002936	0.000527	235.375853	604.489570	-684223.485
117880	0.007978	0.009208	0.002892	0.000540	237.886003	619.977223	-684434.233
117900	0.007501	0.009284	0.002838	0.000531	238.903849	658.562298	-684340.132
117920	0.007401	0.009598	0.002940	0.000522	241.047177	744.095208	-684242.364
117940	0.007419	0.008957	0.003055	0.000516	248.297490	727.540986	-684355.775
117960	0.006975	0.008703	0.002951	0.000490	270.155884	787.403514	-684220.200
117980	0.007605	0.008947	0.003026	0.000494	280.131518	720.105915	-684247.948
118000	0.007454	0.009225	0.002974	0.000504	259.655251	684.127161	-684249.167
118020	0.007261	0.008763	0.003059	0.000497	281.728378	704.033706	-684232.461
118040	0.006822	0.008636	0.003002	0.000483	295.954893	718.005524	-684193.905
118060	0.007081	0.009180	0.003053	0.000490	303.873440	742.401579	-684326.867
118080	0.007461	0.008829	0.002996	0.000489	336.559790	724.428543	-684373.153
118100	0.008328	0.009536	0.002989	0.000495	334.081418	676.502125	-684287.877
118120	0.007671	0.009259	0.002871	0.000490	308.317398	739.295755	-684235.590
118140	0.007098	0.009137	0.003037	0.000480	287.791655	750.010395	-684264.862
118160	0.007420	0.009389	0.003046	0.000485	281.351778	762.065460	-684409.991
118180	0.007093	0.009517	0.002978	0.000476	267.862146	807.260166	-684270.862
118200	0.007321	0.009888	0.003011	0.000486	261.613769	745.454169	-684445.803
118220	0.007302	0.009833	0.002971	0.000479	236.195577	770.740871	-684347.987
118240	0.007382	0.009555	0.002994	0.000470	244.155073	711.229217	-684431.005
118260	0.007813	0.009453	0.003098	0.000465	252.348531	667.899708	-684279.762
118280	0.007470	0.009664	0.002988	0.000481	225.100535	697.883875	-684250.678
118300	0.007315	0.009637	0.003004	0.000481	240.091331	648.778994	-684285.076
118320	0.007964	0.009986	0.002943	0.000486	240.746476	669.427776	-684316.810
118340	0.007499	0.010037	0.003083	0.000493	219.444306	618.343182	-684154.883
118360	0.007072	0.009672	0.003030	0.000468	212.587270	645.634719	-684278.775
118380	0.007155	0.009808	0.002992	0.000485	231.015841	621.778620	-684160.677
118400	0.007794	0.009197	0.003025	0.000464	263.267509	706.844383	-684206.638
118420	0.007867	0.009410	0.003146	0.000471	270.486970	709.685343	-684271.853
118440	0.007884	0.010123	0.003138	0.000462	293.930625	747.991195	-684105.494
118460	0.007523	0.009784	0.003102	0.000449	276.658567	778.634680	-684335.287
118480	0.007295	0.010222	0.003130	0.000452	251.457534	871.431898	-684231.842
118500	0.007082	0.010051	0.003244	0.000448	233.911002	827.586259	-684263.182
118520	0.006846	0.010106	0.003143	0.000451	203.946705	710.461131	-684263.377
118540	0.007403	0.010515	0.003083	0.000470	178.759012	691.530515	-684232.841
118560	0.006882	0.010910	0.002992	0.000452	156.634940	753.045585	-684437.385
118580	0.007201	0.011309	0.003169	0.000469	166.417088	791.057181	-684331.051
118600	0.007376	0.010941	0.003043	0.000465	175.356315	785.287686	-684542.685
118620	0.006849	0.009737	0.003013	0.000449	197.728506	767.346227	-684355.405
118640	0.006556	0.009926	0.003062	0.000452	181.821880	811.528204	-684254.817
118660	0.006932	0.010316	0.002965	0.000462	202.164789	813.726368	-684345.246
118680	0.007642	0.010136	0.003043	0.000469	177.542070	736.189163	-684261.496
118700	0.007906	0.009517	0.002974	0.000465	187.915357	796.662952	-684345.251
118720	0.007576	0.009910	0.003007	0.000476	169.768391	757.355743	-684243.809
118740	0.007664	0.009882	0.003084	0.000481	170.178446	677.793882	-684392.651
118760	0.007323	0.009168	0.003065	0.000472	153.675093	679.196457	-684181.868
118780	0.007953	0.009451	0.002991	0.000493	170.368006	699.370657	-684315.786
118800	0.007514	0.009714	0.003043	0.000490	156.684991	641.950316	-684401.713
118820	0.007595	0.009104	0.003072	0.000476	173.131234	699.510016	-684303.795
118840	0.007674	0.009446	0.002990	0.000501	158.564215	616.276346	-684348.876
118860	0.007704	0.009387	0.003086	0.000514	167.797852	652.199073	-684175.118
118880	0.007754	0.008907	0.002819	0.000493	172.408678	710.081261	-684245.304
118900	0.007313	0.009535	0.002925	0.000483	214.955269	694.538242	-684322.479
118920	0.007722	0.009667	0.002901	0.000498	199.109556	701.579002	-684367.238
118940	0.007851	0.009732	0.003073	0.000477	218.102546	707.121120	-684452.212
118960	0.008081	0.009610	0.003045	0.000490	197.043259	658.077942	-684281.381
118980	0.007751	0.009964	0.003013	0.000476	228.386083	699.904425	-684488.539
119000	0.008020	0.009747	0.003049	0.000476	214.544486	700.530410	-684365.311
119020	0.007782	0.008871	0.003169	0.000465	266.837210	669.309286	-684265.023
119040	0.008386	0.010169	0.003067	0.000488	236.978226	603.665088	-684363.985
119060	0.007572	0.010380	0.002949	0.000476	215.623836	660.133607	-684429.091
119080	0.007391	0.009441	0.003011	0.000472	212.091547	689.195542	-684310.131
119100	0.007739	0.009653	0.003165	0.000462	215.573346	705.556518	-684333.483
119120	0.007689	0.009330	0.003183	0.000484	215.739043	641.763249	-684138.402
119140	0.008110	0.009864	0.003124	0.000502	242.454538	721.352536	-684332.358
119160	0.007716	0.009472	0.002991	0.000474	237.398703	739.457418	-684364.459
119180	0.007743	0.009225	0.003003	0.000480	208.185464	659.805415	-684190.291
119200	0.008045	0.009436	0.003122	0.000497	214.978604	683.642900	-684283.898
119220	0.007856	0.009474	0.002924	0.000491	249.550296	676.272399	-684336.158
119240	0.007300	0.009215	0.002941	0.000496	229.609974	653.635484	-684467.517
119260	0.007096	0.008946	0.002984	0.000497	266.139325	704.538498	-684318.640
119280	0.007523	0.008829	0.003013	0.000498	306.218570	734.008603	-684224.266
119300	0.007514	0.008071	0.003073	0.000484	324.189163	710.153861	-684179.131
119320	0.007503	0.008471	0.002964	0.000475	325.881331	764.862495	-684109.485
119340	0.007668	0.008424	0.003021	0.000493	311.533164	670.224884	-684255.389
119360	0.007535	0.008647	0.003013	0.000486	319.254994	663.201560	-684348.441
119380	0.007493	0.008556	0.002914	0.000471	348.206389	646.010264	-684318.475
119400	0.007660	0.009034	0.003036	0.000502	350.414940	564.359184	-684199.350
119420	0.007840	0.008895	0.002997	0.000485	347.078935	570.405811	-684201.170
119440	0.007984	0.008206	0.002974	0.000502	348.486944	535.776876	-684435.763
119460	0.008275	0.008439	0.002950	0.000507	379.546149	506.414416	-684288.465
119480	0.008534	0.008302	0.002910	0.000501	425.604815	475.033675	-684434.385
119500	0.008800	0.008200	0.002959	0.000497	423.011833	506.974269	-684371.625
119520	0.008526	0.008451	0.002948	0.000516	391.784590	463.736783	-684305.098
119540	0.008006	0.008684	0.002833	0.000507	372.789118	500.268083	-684375.487
119560	0.007809	0.008555	0.002973	0.000500	401.448588	496.537207	-684277.145
119580	0.007849	0.008495	0.002998	0.000498	403.589042	526.227790	-684299.429
119600	0.008046	0.008234	0.003006	0.000488	395.308139	540.153779	-684243.537
119620	0.007850	0.007952	0.002994	0.000516	397.945744	513.772602	-684149.902
119640	0.007828	0.008252	0.003037	0.000527	380.487388	533.222738	-684314.860
119660	0.007848	0.008026	0.002994	0.000501	400.851593	505.853098	-684414.397
119680	0.008517	0.008632	0.003001	0.000503	440.651226	550.537513	-684316.056
119700	0.007902	0.008212	0.003073	0.000499	442.345119	592.477761	-684212.883
119720	0.007584	0.007881	0.002904	0.000496	419.434143	633.103961	-684241.725
119740	0.007553	0.007974	0.003061	0.000515	413.517255	628.841444	-684257.837
119760	0.007579	0.008183	0.002966	0.000507	396.140331	598.628560	-684259.015
119780	0.007784	0.008579	0.003044	0.000519	413.523487	636.462331	-684262.652
119800	0.008130	0.008471	0.003025	0.000492	449.993682	649.713895	-684209.473
119820	0.007614	0.008609	0.002863	0.000493	385.213975	635.021788	-684259.445
119840	0.007722	0.008670	0.003023	0.000497	420.663205	548.412721	-684219.483
119860	0.007027	0.008869	0.002999	0.000484	407.782280	620.642570	-684205.966
119880	0.007474	0.009071	0.003101	0.000493	420.677756	580.698516	-684316.353
119900	0.008006	0.009007	0.002930	0.000492	446.809652	545.353454	-684283.243
119920	0.008914	0.008267	0.002999	0.000503	401.760860	548.482175	-684310.984
119940	0.008687	0.008338	0.003077	0.000496	430.753144	524.399467	-684346.935
119960	0.009208	0.008889	0.002920	0.000504	416.311616	544.832265	-684275.492
119980	0.008426	0.008525	0.002957	0.000497	411.657460	530.093756	-684364.658
120000	0.007845	0.008827	0.003025	0.000487	405.053641	565.609778	-684348.038
120020	0.008043	0.009332	0.002863	0.000492	383.520598	580.655408	-684416.148
120040	0.007709	0.008933	0.002957	0.000484	393.404168	618.872726	-684222.383
120060	0.007998	0.009028	0.002958	0.000485	367.114372	533.525415	-684243.992
120080	0.007390	0.009221	0.002937	0.000489	374.157188	571.506715	-684345.991
120100	0.007363	0.008758	0.002918	0.000482	447.878764	571.342167	-684313.437
120120	0.007853	0.008424	0.003178	0.000481	384.982647	585.923775	-684215.141
120140	0.007725	0.008535	0.003057	0.000476	420.892833	559.571896	-684309.256
120160	0.007940	0.008415	0.002917	0.000502	426.432806	555.120390	-684308.589
120180	0.008368	0.008642	0.003155	0.000488	389.428737	554.078149	-684167.589
120200	0.007801	0.008487	0.003000	0.000480	413.994746	585.409694	-684225.459
120220	0.008088	0.008432	0.002885	0.000487	402.940117	553.882047	-684284.116
120240	0.007984	0.008775	0.003056	0.000501	404.456251	572.209576	-684272.896
120260	0.007569	0.008338	0.003033	0.000473	398.459383	603.888877	-684267.906
120280	0.007655	0.008660	0.003020	0.000492	410.011708	515.322807	-684215.642
120300	0.007786	0.008847	0.003157	0.000494	422.567856	593.932386	-684399.921
120320	0.007707	0.008172	0.003107	0.000489	417.311929	673.806158	-684294.204
120340	0.007793	0.009338	0.002908	0.000497	438.513811	562.254589	-684343.625
120360	0.008186	0.008214	0.003089	0.000488	458.194877	573.667403	-684278.649
120380	0.007978	0.008335	0.003044	0.000497	415.021091	581.507786	-684277.746
120400	0.007813	0.008513	0.002998	0.000497	446.528542	611.613310	-684458.981
120420	0.008340	0.008546	0.003056	0.000510	413.653033	577.213709	-684241.123
120440	0.007863	0.007909	0.003060	0.000504	389.640478	602.783071	-684254.616
120460	0.007858	0.008355	0.002994	0.000508	378.676788	625.523509	-684315.187
120480	0.007478	0.008743	0.003021	0.000503	394.789957	599.307226	-684216.895
